-- phpMyAdmin SQL Dump
-- version 3.4.11.1
-- http://www.phpmyadmin.net
--
-- Host: localhost
-- Generation Time: Jan 16, 2014 at 10:28 AM
-- Server version: 5.5.30
-- PHP Version: 5.2.17

SET SQL_MODE="NO_AUTO_VALUE_ON_ZERO";
SET time_zone = "+00:00";


/*!40101 SET @OLD_CHARACTER_SET_CLIENT=@@CHARACTER_SET_CLIENT */;
/*!40101 SET @OLD_CHARACTER_SET_RESULTS=@@CHARACTER_SET_RESULTS */;
/*!40101 SET @OLD_COLLATION_CONNECTION=@@COLLATION_CONNECTION */;
/*!40101 SET NAMES utf8 */;

--
-- Database: `inoideas_erp`
--

-- --------------------------------------------------------

--
-- Table structure for table `address`
--

CREATE TABLE IF NOT EXISTS `address` (
  `address_id` int(10) unsigned NOT NULL AUTO_INCREMENT,
  `type` varchar(20) DEFAULT 'both',
  `address_name` varchar(50) DEFAULT NULL,
  `description` varchar(200) DEFAULT NULL,
  `phone` varchar(50) DEFAULT NULL,
  `email` varchar(100) DEFAULT NULL,
  `website` varchar(200) DEFAULT NULL,
  `address` text,
  `country` varchar(40) DEFAULT NULL,
  `postal_code` varchar(20) DEFAULT NULL,
  `efid` int(12) DEFAULT NULL,
  `status` varchar(20) DEFAULT NULL,
  `rev_enabled` varchar(20) DEFAULT NULL,
  `rev_number` int(10) DEFAULT NULL,
  `created_by` varchar(40) NOT NULL DEFAULT '',
  `creation_date` varchar(50) DEFAULT NULL,
  `last_update_by` varchar(40) NOT NULL DEFAULT '',
  `last_update_date` varchar(50) DEFAULT NULL,
  PRIMARY KEY (`address_id`),
  UNIQUE KEY `name` (`address_name`),
  UNIQUE KEY `address` (`address_name`),
  UNIQUE KEY `address_name` (`address_name`)
) ENGINE=MyISAM  DEFAULT CHARSET=latin1 AUTO_INCREMENT=89 ;

--
-- Dumping data for table `address`
--

INSERT INTO `address` (`address_id`, `type`, `address_name`, `description`, `phone`, `email`, `website`, `address`, `country`, `postal_code`, `efid`, `status`, `rev_enabled`, `rev_number`, `created_by`, `creation_date`, `last_update_by`, `last_update_date`) VALUES
(79, 'INTERNATIONAL', 'TEST11', 'Desc1111a', '2102021', 'test@gmail.com', 'google.com', 'LD13/54,\r\nTretil Blvd\r\nAskfLong\r\n', 'india', '24324', 0, 'enabled', '', 0, 'inoerp', '2013-09-27 05:13:30', 'inoerp', '2013-09-27 05:13:30'),
(80, 'INTERNATIONAL', 'inoERP_ENTERPRISE1', 'Address of inoerp Enterprise & Legal org', '', '', '', '14A, Delgoiee Road\r\nPurabolaa, Mahaleji Road Mumbai', 'India', '232111', 1, 'enabled', 'enabled', 1, 'inoerp', '2013-09-27 07:31:04', 'inoerp', '2013-09-27 07:31:04'),
(81, 'INTERNATIONAL', 'ORG_ADDRESS', 'Address for org', NULL, NULL, NULL, 'inoideas Pvt Ltd\r\n26262A, Archad road\r\nSvahah, NA', 'India', '213154', 1, 'enabled', 'enabled', 1, 'inoerp', '', 'inoerp', '15-06-13 19:10:52'),
(82, 'INTERNATIONAL', 'vcvc43', 'b vjbjv hjjjbj', '23213213', '', '', 'fgdhc\r\n789798\r\nvhjhjjbk', 'india', '98797897', 0, '', '', 0, 'inoerp', '', 'inoerp', '15-06-13 19:41:45'),
(83, 'INTERNATIONAL', 'TEST20', 'TEST20Desc', '617-1919-191991', 'nishsisi@haaa.com', 'http://www.asdjsakdsa-asdjdskl.com', '81A, gimmanbi road\r\n867d- wqljnjsa \r\nlsad sanms', 'USA', '8679808', 1, 'inactive', 'enabled', 1, 'inoerp', '2013-10-01 04:37:39', 'inoerp', '2013-10-01 04:37:39'),
(84, 'INTERNATIONAL', 'TEST901', 'TEST901', '232133', '', '', 'TEST901', '', '2321', 0, '', 'enabled', 2, 'inoerp', '2013-09-27 10:43:33', 'inoerp', '2013-09-27 10:43:33'),
(85, 'INTERNATIONAL', 'TEST902', 'TEST902', NULL, NULL, NULL, NULL, NULL, NULL, 1, NULL, NULL, NULL, 'inoerp', '2013-09-28 02:51:01', 'inoerp', '2013-09-28 02:51:01'),
(86, 'INTERNATIONAL', 'TEST903', 'TEST903', NULL, NULL, NULL, NULL, NULL, NULL, 1, 'active', 'enabled', NULL, 'inoerp', '2013-09-28 03:22:16', 'inoerp', '2013-09-28 03:22:16'),
(87, 'INTERNATIONAL', 'TEST904', 'TEST904', NULL, NULL, NULL, NULL, NULL, NULL, NULL, NULL, NULL, NULL, 'inoerp', '2013-09-28 03:24:21', 'inoerp', '2013-09-28 03:24:21'),
(88, 'INTERNATIONAL', 'BO_PUNE', 'Pune BU Address', '91-022-8272 2828', 'inopune@ino.com', 'http://www.inopune.com', 'V-101, Sector-14\r\nHinjewadi, Pune\r\nIndia', 'India', '82828', NULL, 'active', 'enabled', NULL, 'inoerp', '2013-10-15 05:55:03', 'inoerp', '2013-10-15 05:55:03');

-- --------------------------------------------------------

--
-- Stand-in structure for view `all_po_v`
--
CREATE TABLE IF NOT EXISTS `all_po_v` (
`po_header_id` int(12)
,`bu_org_id` int(12)
,`po_type` varchar(50)
,`po_number` varchar(50)
,`supplier_id` int(12)
,`supplier_site_id` int(12)
,`buyer` varchar(256)
,`currency` varchar(256)
,`header_amount` decimal(20,5)
,`po_status` varchar(50)
,`payment_term_id` int(12)
,`supplier_name` varchar(60)
,`supplier_number` int(12)
,`supplier_site_name` varchar(60)
,`supplier_site_number` int(12)
,`payment_term` varchar(50)
,`payment_term_description` varchar(256)
,`po_line_id` int(12)
,`line_type` varchar(50)
,`line_number` int(12)
,`item_id` int(12)
,`item_description` varchar(256)
,`line_description` varchar(256)
,`line_quantity` decimal(20,5)
,`unit_price` decimal(20,5)
,`line_price` decimal(20,5)
,`uom_id` int(12)
,`item_number` varchar(50)
,`item_status` varchar(50)
,`po_detail_id` int(12)
,`shipment_number` int(12)
,`ship_to_id` varchar(50)
,`sub_inventory_id` int(12)
,`locator_id` int(12)
,`requestor` varchar(256)
,`quantity` decimal(20,5)
,`need_by_date` date
,`promise_date` date
,`po_received_quantity` int(12)
,`po_accepted_quantity` int(12)
,`po_delivered_quantity` int(12)
,`po_invoiced_quantity` int(12)
,`po_paid_quantity` int(12)
,`ship_to_org` varchar(50)
);
-- --------------------------------------------------------

--
-- Stand-in structure for view `all_receipt_v`
--
CREATE TABLE IF NOT EXISTS `all_receipt_v` (
`receipt_number` varchar(50)
,`carrier` varchar(256)
,`vechile_number` varchar(256)
,`receipt_line_id` int(12) unsigned
,`receipt_header_id` int(12) unsigned
,`subinventory_id` int(12)
,`locator_id` int(12)
,`received_quantity` int(12)
,`receving_account_id` int(12)
,`accrual_account_id` int(12)
,`country_of_origin` int(12)
,`lot_number` varchar(256)
,`serial_number` varchar(256)
,`po_header_id` int(12)
,`bu_org_id` int(12)
,`po_type` varchar(50)
,`po_number` varchar(50)
,`supplier_id` int(12)
,`supplier_site_id` int(12)
,`buyer` varchar(256)
,`currency` varchar(256)
,`header_amount` decimal(20,5)
,`po_status` varchar(50)
,`payment_term_id` int(12)
,`supplier_name` varchar(60)
,`supplier_number` int(12)
,`supplier_site_name` varchar(60)
,`supplier_site_number` int(12)
,`payment_term` varchar(50)
,`payment_term_description` varchar(256)
,`po_line_id` int(12)
,`line_type` varchar(50)
,`line_number` int(12)
,`item_id` int(12)
,`item_description` varchar(256)
,`line_description` varchar(256)
,`line_quantity` decimal(20,5)
,`unit_price` decimal(20,5)
,`line_price` decimal(20,5)
,`uom_id` int(12)
,`item_number` varchar(50)
,`item_status` varchar(50)
,`po_detail_id` int(12)
,`shipment_number` int(12)
,`ship_to_id` varchar(50)
,`sub_inventory_id` int(12)
,`requestor` varchar(256)
,`quantity` decimal(20,5)
,`need_by_date` date
,`promise_date` date
,`po_received_quantity` int(12)
,`po_accepted_quantity` int(12)
,`po_delivered_quantity` int(12)
,`po_invoiced_quantity` int(12)
,`po_paid_quantity` int(12)
,`ship_to_org` varchar(50)
);
-- --------------------------------------------------------

--
-- Table structure for table `ap_payment_terms`
--

CREATE TABLE IF NOT EXISTS `ap_payment_terms` (
  `term_id` int(12) NOT NULL AUTO_INCREMENT,
  `term_name` varchar(12) DEFAULT NULL,
  `term_description` varchar(50) NOT NULL,
  `end_date` date NOT NULL,
  PRIMARY KEY (`term_id`),
  UNIQUE KEY `term_name` (`term_name`)
) ENGINE=MyISAM  DEFAULT CHARSET=latin1 AUTO_INCREMENT=4 ;

--
-- Dumping data for table `ap_payment_terms`
--

INSERT INTO `ap_payment_terms` (`term_id`, `term_name`, `term_description`, `end_date`) VALUES
(1, 'NET 30', 'Payment in 30 dates', '0000-00-00'),
(2, 'NET 45', 'Payment in 45 days', '0000-00-00'),
(3, 'Immediate', 'Payment due Immediately', '0000-00-00');

-- --------------------------------------------------------

--
-- Table structure for table `block`
--

CREATE TABLE IF NOT EXISTS `block` (
  `block_id` int(12) unsigned NOT NULL AUTO_INCREMENT,
  `reference_table` varchar(50) DEFAULT NULL,
  `name` varchar(50) DEFAULT NULL,
  `enabled_cb` tinyint(1) DEFAULT NULL,
  `visibility_option` int(2) DEFAULT NULL,
  `visibility` text,
  `title` varchar(256) NOT NULL,
  `show_title_cb` tinyint(1) DEFAULT '1',
  `rev_enabled_cb` float DEFAULT '1',
  `rev_number` int(12) DEFAULT NULL,
  `position` varchar(50) DEFAULT NULL,
  `weight` int(12) DEFAULT NULL,
  `created_by` varchar(40) NOT NULL DEFAULT '',
  `creation_date` timestamp NULL DEFAULT NULL,
  `last_update_by` varchar(40) NOT NULL DEFAULT '',
  `last_update_date` timestamp NULL DEFAULT NULL,
  PRIMARY KEY (`block_id`),
  UNIQUE KEY `reference_table` (`reference_table`,`name`)
) ENGINE=MyISAM  DEFAULT CHARSET=latin1 AUTO_INCREMENT=48 ;

--
-- Dumping data for table `block`
--

INSERT INTO `block` (`block_id`, `reference_table`, `name`, `enabled_cb`, `visibility_option`, `visibility`, `title`, `show_title_cb`, `rev_enabled_cb`, `rev_number`, `position`, `weight`, `created_by`, `creation_date`, `last_update_by`, `last_update_date`) VALUES
(15, 'block_content', '', 0, 1, 'ZXh0ZW5zaW9ucw==', 'content_top title', 1, 0, 0, 'content_top', 4, 'inoerp', '0000-00-00 00:00:00', 'inoerp', '0000-00-00 00:00:00'),
(43, 'block_content', 'content_right01', 1, 1, 'YmxvY2s=', 'content_right  title', 1, 0, 0, 'content_right_right', 10, 'inoerp', '2013-08-23 09:16:01', 'inoerp', '2013-08-23 09:16:01'),
(44, 'path', 'allpaths', 1, 0, '', 'All Paths', 1, 0, 0, 'header_top', 3, 'inoerp', '2013-08-23 14:09:06', 'inoerp', '2013-08-23 14:09:06'),
(41, 'block_content', 'content_bottom1', 1, 1, 'ZXh0ZW5zaW9ucw==', 'content_bottom  title', 1, 0, 0, 'content_bottom', 0, 'inoerp', '2013-08-29 07:50:05', 'inoerp', '2013-08-29 07:50:05'),
(45, 'block_content', 'extension1', 1, 2, 'eA==', 'Latest Posts', 1, 0, 0, 'content_bottom', 3, 'inoerp', '2013-08-29 07:51:09', 'inoerp', '2013-08-29 07:51:09'),
(47, 'block_content', 'New Forum Posts', 1, 2, 'dW9t', 'New Forum Posts', 1, 0, 0, 'content_left', 0, 'inoerp', '2013-10-03 12:10:15', 'inoerp', '2013-10-03 12:10:15');

-- --------------------------------------------------------

--
-- Table structure for table `block_content`
--

CREATE TABLE IF NOT EXISTS `block_content` (
  `block_id` int(12) NOT NULL,
  `info` varchar(256) DEFAULT NULL,
  `content` text NOT NULL,
  `created_by` varchar(40) NOT NULL DEFAULT '',
  `creation_date` varchar(50) DEFAULT NULL,
  `last_update_by` varchar(40) NOT NULL DEFAULT '',
  `last_update_date` varchar(50) DEFAULT NULL,
  PRIMARY KEY (`block_id`)
) ENGINE=MyISAM DEFAULT CHARSET=latin1;

--
-- Dumping data for table `block_content`
--

INSERT INTO `block_content` (`block_id`, `info`, `content`, `created_by`, `creation_date`, `last_update_by`, `last_update_date`) VALUES
(15, 'content_top info', 'Y29udGVudHMuLi5jb250ZW50X3RvcCBjb250ZW50cy4uLmNvbnRlbnRfdG9wIGNvbnRlbnRzLi4uDQoNCmNvbnRlbnRfdG9wDQoNCmNvbnRlbnRzLi4uY29udGVudF90b3AgY29udGVudHMuLi5jb250ZW50X3RvcCBjb250ZW50cy4uLg==', 'inoerp', '22-08-2013 12:35:41', 'inoerp', '22-08-2013 12:35:41'),
(41, 'content_bottom1', 'Q29uZXRlbnQgQm90dG9tIDxici8+DQpDQ29uZXRlbnQgQm90dG9tIDxici8+DQpDb25ldGVudCBCb3R0b20gPGJyLz5Db25ldGVudCBCb3R0b20gPGJyLz5Db25ldGVudCBCb3R0b20gPGJyLz4NCkNvbmV0ZW50IEJvdHRvbSA8YnIvPg0KQ29uZXRlbnQgQm90dG9tIDxici8+DQpDb25ldGVudCBCb3R0b20gPGJyLz4=', 'inoerp', '29-08-2013 03:50:05', 'inoerp', '29-08-2013 03:50:05'),
(43, 'content_right', 'Y29udGVudF9yaWdodCBjb250ZW50cy4uLmNvbnRlbnRfcmlnaHQgY29udGVudHMuLi5jb250ZW50X3JpZ2h0IA0KDQo8YnIvPjwvYnI+DQoNCmNvbnRlbnRzLi4uY29udGVudF9yaWdodCBjb250ZW50cy4uLmNvbnRlbnRfcmlnaHQgY29udGVudHMuLi4NCg==', 'inoerp', '23-08-2013 05:16:01', 'inoerp', '23-08-2013 05:16:01'),
(45, 'extension', 'PD9waHAgDQpnbG9iYWwgJGRiOw0KJHNxbD0iU0VMRUNUICogZnJvbSBwYWdlIG9yZGVyIGJ5IGNyZWF0aW9uX2RhdGUgZGVzYyBMSU1JVCAwLCAxMCI7DQokcmVzdWx0ID0gJGRiLT5yZXN1bHRfYXJyYXkoJHNxbCk7DQoNCmVjaG8gJzx1bCBjbGFzcz0icGFnZV9saXN0Ij4nOw0KZm9yZWFjaCgkcmVzdWx0IGFzICRyZWNvcmRzKXsNCiRkYXRhID0gJzxsaT4nOw0KJGRhdGEgLj0gJzxhIGhyZWY9Iic7DQokZGF0YSAuPSBIT01FX1VSTDsNCiRkYXRhIC49ICdleHRlbnNpb25zL3BhZ2UvcGFnZXMucGhwP3BhZ2VfaWQ9JzsNCiRkYXRhIC49ICRyZWNvcmRzWydwYWdlX2lkJ107DQokZGF0YSAuPSAnIj4nOw0KJGRhdGEgLj0gJHJlY29yZHNbJ3N1YmplY3QnXS4nLScuJHJlY29yZHNbJ2xhc3RfdXBkYXRlX2RhdGUnXTsNCiRkYXRhIC49ICc8L2E+PC9saT4nOw0KZWNobyAkZGF0YSA7DQp9DQplY2hvICc8L3VsPic7ICA=', 'inoerp', '29-08-2013 03:51:09', 'inoerp', '29-08-2013 03:51:09'),
(47, 'New Forum Posts', 'PD9waHAgDQpnbG9iYWwgJGRiOw0KJHNxbD0iU0VMRUNUIGNvbnRlbnQuY29udGVudF9pZCBhcyBjb250ZW50X2lkLCBjb250ZW50LnN1YmplY3QgYXMgc3ViamVjdCBmcm9tIGNvbnRlbnQsIGNfZm9ydW0gIHdoZXJlIGNfZm9ydW0uY29udGVudF9pZD1jb250ZW50LmNvbnRlbnRfaWQgb3JkZXIgYnkgY29udGVudC5jcmVhdGlvbl9kYXRlIGRlc2MgTElNSVQgMCwgMjAiOw0KJHJlc3VsdCA9ICRkYi0+cmVzdWx0X2FycmF5KCRzcWwpOw0KDQplY2hvICc8dWwgY2xhc3M9ImZvcnVtX2xpc3QiPic7DQpmb3JlYWNoKCRyZXN1bHQgYXMgJHJlY29yZHMpew0KJGRhdGEgPSAnPGxpPic7DQokZGF0YSAuPSAnPGEgaHJlZj0iJzsNCiRkYXRhIC49IEhPTUVfVVJMOw0KJGRhdGEgLj0gJ2V4dGVuc2lvbnMvY29udGVudC9jb250ZW50cy5waHA/Y29udGVudF9pZD0nOw0KJGRhdGEgLj0gJHJlY29yZHNbJ2NvbnRlbnRfaWQnXTsNCiRkYXRhIC49ICcmY29udGVudF90eXBlPWZvcnVtJzsNCiRkYXRhIC49ICciPic7DQokZGF0YSAuPSAkcmVjb3Jkc1snc3ViamVjdCddOw0KJGRhdGEgLj0gJzwvYT48L2xpPic7DQplY2hvICRkYXRhIDsNCn0NCmVjaG8gJzwvdWw+Jzsg', 'inoerp', '03-10-2013 08:10:15', 'inoerp', '03-10-2013 08:10:15');

-- --------------------------------------------------------

--
-- Table structure for table `bom_cost_type`
--

CREATE TABLE IF NOT EXISTS `bom_cost_type` (
  `bom_cost_type_id` int(12) NOT NULL AUTO_INCREMENT,
  `cost_type` varchar(50) NOT NULL,
  `description` varchar(256) NOT NULL,
  `org_id` int(12) NOT NULL,
  `status` varchar(50) DEFAULT NULL,
  `multi_org_cb` tinyint(1) DEFAULT NULL,
  `default_cost_type` int(12) DEFAULT NULL,
  `ef_id` int(12) DEFAULT NULL,
  `created_by` varchar(256) DEFAULT NULL,
  `creation_date` date DEFAULT NULL,
  `last_update_by` varchar(256) DEFAULT NULL,
  `last_update_date` date DEFAULT NULL,
  PRIMARY KEY (`bom_cost_type_id`),
  UNIQUE KEY `cost_type` (`cost_type`,`org_id`)
) ENGINE=MyISAM  DEFAULT CHARSET=latin1 AUTO_INCREMENT=5 ;

--
-- Dumping data for table `bom_cost_type`
--

INSERT INTO `bom_cost_type` (`bom_cost_type_id`, `cost_type`, `description`, `org_id`, `status`, `multi_org_cb`, `default_cost_type`, `ef_id`, `created_by`, `creation_date`, `last_update_by`, `last_update_date`) VALUES
(1, 'Frozen', 'Frozen Cost Type', 6, 'active', 1, 0, NULL, 'inoerp', '2013-12-16', 'inoerp', '2013-12-16'),
(2, 'Pending', 'Pending 02', 6, 'active', 1, 0, NULL, 'inoerp', '2013-12-16', 'inoerp', '2013-12-16'),
(3, 'Global', 'Global1', 6, 'active', 1, 1, NULL, 'inoerp', '2013-12-16', 'inoerp', '2013-12-16'),
(4, 'Future', 'Future', 6, 'active', 1, 1, NULL, 'inoerp', '2013-12-16', 'inoerp', '2013-12-16');

-- --------------------------------------------------------

--
-- Table structure for table `bom_department`
--

CREATE TABLE IF NOT EXISTS `bom_department` (
  `bom_department_id` int(12) unsigned NOT NULL AUTO_INCREMENT,
  `department` varchar(50) NOT NULL,
  `description` varchar(256) NOT NULL,
  `org_id` int(12) NOT NULL,
  `status` enum('active','inactive') DEFAULT NULL,
  `location_id` int(11) DEFAULT NULL,
  `department_type` varchar(50) DEFAULT NULL,
  `default_basis` varchar(50) DEFAULT NULL,
  `absorption_ac_id` int(12) DEFAULT NULL,
  `resource_assignment_id` int(12) DEFAULT NULL,
  `ef_id` int(12) DEFAULT NULL,
  `created_by` varchar(256) DEFAULT NULL,
  `creation_date` date DEFAULT NULL,
  `last_update_by` varchar(256) DEFAULT NULL,
  `last_update_date` date DEFAULT NULL,
  PRIMARY KEY (`bom_department_id`),
  UNIQUE KEY `overhead` (`department`,`org_id`)
) ENGINE=MyISAM  DEFAULT CHARSET=latin1 AUTO_INCREMENT=3 ;

--
-- Dumping data for table `bom_department`
--

INSERT INTO `bom_department` (`bom_department_id`, `department`, `description`, `org_id`, `status`, `location_id`, `department_type`, `default_basis`, `absorption_ac_id`, `resource_assignment_id`, `ef_id`, `created_by`, `creation_date`, `last_update_by`, `last_update_date`) VALUES
(1, 'Assembly01', 'Main Assembly Area', 6, 'active', NULL, '361', NULL, NULL, NULL, NULL, 'inoerp', '2013-12-19', 'inoerp', '2013-12-19'),
(2, 'CleanRoom01', 'Clean Room 01', 6, 'active', NULL, '357', NULL, NULL, NULL, NULL, 'inoerp', '2013-12-19', 'inoerp', '2013-12-19');

-- --------------------------------------------------------

--
-- Table structure for table `bom_department_resource_assignment`
--

CREATE TABLE IF NOT EXISTS `bom_department_resource_assignment` (
  `bom_department_resource_assignment_id` int(12) NOT NULL AUTO_INCREMENT,
  `bom_department_id` int(12) NOT NULL,
  `cost_type_id` int(12) NOT NULL,
  `resource_id` int(12) NOT NULL,
  `created_by` varchar(256) DEFAULT NULL,
  `creation_date` date DEFAULT NULL,
  `last_update_by` varchar(256) DEFAULT NULL,
  `last_update_date` date DEFAULT NULL,
  `no_of_units` int(12) DEFAULT NULL,
  `efficiency` int(12) DEFAULT NULL,
  `utilization` int(12) DEFAULT NULL,
  PRIMARY KEY (`bom_department_resource_assignment_id`)
) ENGINE=MyISAM  DEFAULT CHARSET=latin1 AUTO_INCREMENT=5 ;

--
-- Dumping data for table `bom_department_resource_assignment`
--

INSERT INTO `bom_department_resource_assignment` (`bom_department_resource_assignment_id`, `bom_department_id`, `cost_type_id`, `resource_id`, `created_by`, `creation_date`, `last_update_by`, `last_update_date`, `no_of_units`, `efficiency`, `utilization`) VALUES
(1, 1, 1, 1, 'inoerp', '2013-12-19', 'inoerp', '2013-12-19', 5, 100, 95),
(2, 1, 1, 3, 'inoerp', '2013-12-19', 'inoerp', '2013-12-19', 2, 90, 90),
(3, 2, 1, 1, 'inoerp', '2013-12-19', 'inoerp', '2013-12-19', 5, NULL, NULL),
(4, 2, 2, 3, 'inoerp', '2013-12-19', 'inoerp', '2013-12-19', 2, NULL, NULL);

-- --------------------------------------------------------

--
-- Table structure for table `bom_header`
--

CREATE TABLE IF NOT EXISTS `bom_header` (
  `bom_header_id` int(12) NOT NULL AUTO_INCREMENT,
  `item_id` int(12) NOT NULL,
  `alternate_bom` varchar(50) DEFAULT NULL,
  `org_id` int(12) NOT NULL,
  `bom_revision` varchar(12) DEFAULT NULL,
  `effective_date` date DEFAULT NULL,
  `common_bom_item_id` int(12) DEFAULT NULL,
  `ef_id` int(12) DEFAULT NULL,
  `created_by` varchar(256) NOT NULL,
  `creation_date` datetime NOT NULL,
  `last_update_by` varchar(256) NOT NULL,
  `last_update_date` datetime NOT NULL,
  PRIMARY KEY (`bom_header_id`),
  UNIQUE KEY `item_id` (`item_id`,`org_id`),
  UNIQUE KEY `item_id_2` (`item_id`,`alternate_bom`)
) ENGINE=MyISAM  DEFAULT CHARSET=latin1 AUTO_INCREMENT=25 ;

--
-- Dumping data for table `bom_header`
--

INSERT INTO `bom_header` (`bom_header_id`, `item_id`, `alternate_bom`, `org_id`, `bom_revision`, `effective_date`, `common_bom_item_id`, `ef_id`, `created_by`, `creation_date`, `last_update_by`, `last_update_date`) VALUES
(9, 10033, NULL, 6, '00', '2013-11-01', NULL, NULL, 'inoerp', '2013-12-11 18:50:26', 'inoerp', '2013-12-11 18:50:26'),
(11, 10030, NULL, 6, '00', '1970-01-01', NULL, NULL, 'inoerp', '2013-12-07 18:44:43', 'inoerp', '2013-12-07 18:44:43'),
(12, 10037, NULL, 6, '00', '2013-12-09', NULL, NULL, 'inoerp', '2013-12-10 14:36:14', 'inoerp', '2013-12-10 14:36:14'),
(13, 10034, NULL, 6, '00', '2013-12-09', NULL, NULL, 'inoerp', '2013-12-09 01:51:29', 'inoerp', '2013-12-09 01:51:29'),
(14, 10045, NULL, 6, '00', '2013-12-15', NULL, NULL, 'inoerp', '2013-12-10 14:50:48', 'inoerp', '2013-12-10 14:50:48'),
(15, 10041, NULL, 6, '00', '2013-12-16', NULL, NULL, 'inoerp', '2013-12-11 06:34:20', 'inoerp', '2013-12-11 06:34:20'),
(16, 10047, NULL, 6, '00', '2013-12-09', NULL, NULL, 'inoerp', '2014-01-04 12:15:39', 'inoerp', '2014-01-04 12:15:39'),
(17, 10049, '', 6, '00', '2013-12-15', 0, 0, 'inoerp', '2014-01-04 12:13:10', 'inoerp', '2014-01-04 12:13:10'),
(18, 10043, '', 6, '00', '2013-12-03', 0, 0, 'inoerp', '2014-01-05 05:11:52', 'inoerp', '2014-01-05 05:11:52'),
(19, 10059, NULL, 6, '00', '2014-01-15', NULL, NULL, 'inoerp', '2014-01-02 08:12:44', 'inoerp', '2014-01-02 08:12:44'),
(20, 10053, NULL, 6, '00', '2014-01-29', NULL, NULL, 'inoerp', '2014-01-02 08:16:08', 'inoerp', '2014-01-02 08:16:08'),
(21, 10057, NULL, 6, '00', '2014-01-22', NULL, NULL, 'inoerp', '2014-01-02 08:18:15', 'inoerp', '2014-01-02 08:18:15'),
(22, 10063, NULL, 6, '00', '2014-01-14', NULL, NULL, 'inoerp', '2014-01-04 12:28:56', 'inoerp', '2014-01-04 12:28:56'),
(23, 10065, NULL, 6, '00', '2014-01-17', NULL, NULL, 'inoerp', '2014-01-05 07:29:53', 'inoerp', '2014-01-05 07:29:53'),
(24, 10035, NULL, 6, '00', '2014-01-10', NULL, NULL, 'inoerp', '2014-01-13 12:41:52', 'inoerp', '2014-01-13 12:41:52');

-- --------------------------------------------------------

--
-- Table structure for table `bom_line`
--

CREATE TABLE IF NOT EXISTS `bom_line` (
  `bom_line_id` int(12) NOT NULL AUTO_INCREMENT,
  `bom_header_id` int(12) unsigned NOT NULL,
  `bom_sequence` int(10) unsigned NOT NULL,
  `routing_sequence` int(12) DEFAULT NULL,
  `component_item_id` int(12) NOT NULL,
  `usage_basis` varchar(50) DEFAULT NULL,
  `usage_quantity` int(12) NOT NULL,
  `auto_request_material_cb` tinyint(1) DEFAULT NULL,
  `effective_start_date` date DEFAULT NULL,
  `effective_end_date` date DEFAULT NULL,
  `eco_number` varchar(50) DEFAULT NULL,
  `eco_implemented_cb` tinyint(1) DEFAULT NULL,
  `planning_percentage` decimal(6,2) DEFAULT NULL,
  `yield` decimal(6,6) DEFAULT NULL,
  `include_in_cost_rollup_cb` tinyint(1) DEFAULT NULL,
  `wip_supply_type` varchar(20) DEFAULT NULL,
  `supply_sub_inventory` int(12) DEFAULT NULL,
  `supply_locator` int(12) DEFAULT NULL,
  `ef_id` int(12) DEFAULT NULL,
  `created_by` varchar(256) NOT NULL,
  `creation_date` datetime NOT NULL,
  `last_update_by` varchar(256) NOT NULL,
  `last_update_date` datetime NOT NULL,
  PRIMARY KEY (`bom_line_id`),
  UNIQUE KEY `bom_header_id` (`bom_header_id`,`bom_sequence`),
  UNIQUE KEY `bom_header_id_2` (`bom_header_id`,`routing_sequence`,`component_item_id`)
) ENGINE=MyISAM  DEFAULT CHARSET=latin1 AUTO_INCREMENT=22 ;

--
-- Dumping data for table `bom_line`
--

INSERT INTO `bom_line` (`bom_line_id`, `bom_header_id`, `bom_sequence`, `routing_sequence`, `component_item_id`, `usage_basis`, `usage_quantity`, `auto_request_material_cb`, `effective_start_date`, `effective_end_date`, `eco_number`, `eco_implemented_cb`, `planning_percentage`, `yield`, `include_in_cost_rollup_cb`, `wip_supply_type`, `supply_sub_inventory`, `supply_locator`, `ef_id`, `created_by`, `creation_date`, `last_update_by`, `last_update_date`) VALUES
(1, 9, 10, 1, 10030, 'Item', 1, NULL, '2013-12-13', '1970-01-01', NULL, NULL, NULL, 0.999999, NULL, 'Operation Pull', NULL, NULL, NULL, 'inoerp', '2013-12-11 18:50:28', 'inoerp', '2013-12-11 18:50:28'),
(2, 11, 10, 1, 10033, NULL, 1, NULL, '1970-01-01', '1970-01-01', NULL, NULL, NULL, NULL, NULL, 'Push', NULL, NULL, NULL, 'inoerp', '2013-12-07 18:44:46', 'inoerp', '2013-12-07 18:44:46'),
(4, 11, 20, 1, 10030, NULL, 1, NULL, '2013-12-26', '2013-12-26', NULL, NULL, NULL, NULL, NULL, 'Pull', NULL, NULL, NULL, 'inoerp', '2013-12-07 08:09:07', 'inoerp', '2013-12-07 08:09:07'),
(5, 12, 10, 1, 10045, NULL, 1, NULL, '2013-12-09', '0000-00-00', NULL, NULL, NULL, NULL, NULL, NULL, NULL, NULL, NULL, 'inoerp', '2013-12-10 14:36:16', 'inoerp', '2013-12-10 14:36:16'),
(6, 12, 20, 1, 10043, NULL, 1, NULL, '2013-12-09', '0000-00-00', NULL, NULL, NULL, NULL, NULL, NULL, NULL, NULL, NULL, 'inoerp', '2013-12-10 14:36:17', 'inoerp', '2013-12-10 14:36:17'),
(7, 13, 10, 1, 10037, NULL, 1, NULL, '2013-12-09', '1970-01-01', NULL, NULL, NULL, NULL, NULL, NULL, NULL, NULL, NULL, 'inoerp', '2013-12-09 01:51:31', 'inoerp', '2013-12-09 01:51:31'),
(9, 13, 20, 1, 10039, NULL, 1, NULL, '2013-12-09', NULL, NULL, NULL, NULL, NULL, NULL, NULL, NULL, NULL, NULL, 'inoerp', '2013-12-09 01:51:31', 'inoerp', '2013-12-09 01:51:31'),
(10, 14, 10, 1, 10041, NULL, 1, NULL, '2013-12-24', '0000-00-00', NULL, NULL, NULL, NULL, NULL, NULL, NULL, NULL, NULL, 'inoerp', '2013-12-10 14:50:44', 'inoerp', '2013-12-10 14:50:44'),
(11, 15, 10, 1, 10047, NULL, 1, NULL, '2013-12-09', '1970-01-01', NULL, NULL, NULL, NULL, NULL, NULL, NULL, NULL, NULL, 'inoerp', '2013-12-11 06:34:22', 'inoerp', '2013-12-11 06:34:22'),
(12, 16, 10, 1, 10049, 'ITEM', 1, NULL, '2013-12-10', '0000-00-00', NULL, NULL, NULL, NULL, NULL, 'PUSH', NULL, NULL, NULL, 'inoerp', '2014-01-04 12:15:40', 'inoerp', '2014-01-04 12:15:40'),
(13, 17, 10, 1, 10051, 'ITEM', 1, 0, '2013-12-19', '0000-00-00', '', 0, 0.00, 0.000000, 0, 'PUSH', 0, 0, 0, 'inoerp', '2014-01-04 12:13:11', 'inoerp', '2014-01-04 12:13:11'),
(14, 18, 20, 2, 10059, 'ITEM', 1, 0, '2013-12-23', '0000-00-00', 'NULL', 0, 0.00, 0.000000, 0, 'ASSEMBLY_PULL', 3, 13, 0, 'inoerp', '2014-01-05 05:11:53', 'inoerp', '2014-01-05 05:11:53'),
(15, 18, 10, 1, 10057, 'ITEM', 1, 0, '2013-12-23', '0000-00-00', '', 0, 0.00, 0.000000, 0, 'PUSH', 2, 6, 0, 'inoerp', '2014-01-05 05:11:52', 'inoerp', '2014-01-05 05:11:52'),
(16, 21, 10, 1, 10055, NULL, 1, NULL, '0000-00-00', '0000-00-00', NULL, NULL, NULL, NULL, NULL, 'Assembly Pull', NULL, NULL, NULL, 'inoerp', '2014-01-02 08:18:15', 'inoerp', '2014-01-02 08:18:15'),
(17, 22, 10, 6, 10045, 'ITEM', 2, NULL, '2014-01-01', NULL, NULL, NULL, NULL, NULL, 1, 'PUSH', NULL, NULL, NULL, 'inoerp', '2014-01-04 12:28:57', 'inoerp', '2014-01-04 12:28:57'),
(18, 24, 20, 8, 10039, 'ITEM', 1, NULL, NULL, NULL, NULL, NULL, NULL, NULL, NULL, 'ASSEMBLY_PULL', 3, 9, NULL, 'inoerp', '2014-01-13 12:41:52', 'inoerp', '2014-01-13 12:41:52'),
(19, 24, 40, 7, 10043, 'ITEM', 1, NULL, NULL, NULL, NULL, NULL, NULL, NULL, NULL, 'OPERATION_PULL', 2, 5, NULL, 'inoerp', '2014-01-13 12:41:52', 'inoerp', '2014-01-13 12:41:52'),
(20, 24, 10, 9, 10037, 'ITEM', 1, NULL, NULL, NULL, NULL, NULL, NULL, NULL, NULL, 'PUSH', 2, 5, NULL, 'inoerp', '2014-01-13 12:41:52', 'inoerp', '2014-01-13 12:41:52'),
(21, 24, 30, 7, 10059, 'ITEM', 2, NULL, NULL, NULL, NULL, NULL, NULL, NULL, NULL, 'OPERATION_PULL', 2, 5, NULL, 'inoerp', '2014-01-13 12:41:52', 'inoerp', '2014-01-13 12:41:52');

-- --------------------------------------------------------

--
-- Table structure for table `bom_material_element`
--

CREATE TABLE IF NOT EXISTS `bom_material_element` (
  `bom_material_element_id` int(12) NOT NULL AUTO_INCREMENT,
  `material_element` varchar(50) NOT NULL,
  `description` varchar(256) NOT NULL,
  `org_id` int(12) NOT NULL,
  `status` varchar(50) DEFAULT NULL,
  `default_basis` int(50) DEFAULT NULL,
  `ef_id` int(12) DEFAULT NULL,
  `created_by` varchar(256) DEFAULT NULL,
  `creation_date` date DEFAULT NULL,
  `last_update_by` varchar(256) DEFAULT NULL,
  `last_update_date` date DEFAULT NULL,
  PRIMARY KEY (`bom_material_element_id`),
  UNIQUE KEY `cost_type` (`material_element`,`org_id`)
) ENGINE=MyISAM  DEFAULT CHARSET=latin1 AUTO_INCREMENT=3 ;

--
-- Dumping data for table `bom_material_element`
--

INSERT INTO `bom_material_element` (`bom_material_element_id`, `material_element`, `description`, `org_id`, `status`, `default_basis`, `ef_id`, `created_by`, `creation_date`, `last_update_by`, `last_update_date`) VALUES
(1, 'Material', 'Material Element', 6, 'active', 351, NULL, 'inoerp', '2013-12-17', 'inoerp', '2013-12-17'),
(2, 'Global_MAT', 'Global Material Element', 6, 'active', 350, NULL, 'inoerp', '2013-12-17', 'inoerp', '2013-12-17');

-- --------------------------------------------------------

--
-- Table structure for table `bom_overhead`
--

CREATE TABLE IF NOT EXISTS `bom_overhead` (
  `bom_overhead_id` int(12) unsigned NOT NULL AUTO_INCREMENT,
  `overhead` varchar(50) NOT NULL,
  `description` varchar(256) NOT NULL,
  `org_id` int(12) NOT NULL,
  `status` enum('active','inactive') DEFAULT NULL,
  `overhead_type` varchar(50) NOT NULL,
  `default_basis` varchar(50) DEFAULT NULL,
  `absorption_ac_id` int(12) NOT NULL,
  `resource_assignment_id` int(12) DEFAULT NULL,
  `rate_assignment_id` int(12) DEFAULT NULL,
  `ef_id` int(12) DEFAULT NULL,
  `created_by` varchar(256) DEFAULT NULL,
  `creation_date` date DEFAULT NULL,
  `last_update_by` varchar(256) DEFAULT NULL,
  `last_update_date` date DEFAULT NULL,
  PRIMARY KEY (`bom_overhead_id`),
  UNIQUE KEY `overhead` (`overhead`,`org_id`)
) ENGINE=MyISAM  DEFAULT CHARSET=latin1 AUTO_INCREMENT=4 ;

--
-- Dumping data for table `bom_overhead`
--

INSERT INTO `bom_overhead` (`bom_overhead_id`, `overhead`, `description`, `org_id`, `status`, `overhead_type`, `default_basis`, `absorption_ac_id`, `resource_assignment_id`, `rate_assignment_id`, `ef_id`, `created_by`, `creation_date`, `last_update_by`, `last_update_date`) VALUES
(1, 'MTL_OH', 'Material Over Head', 6, 'active', '356', '353', 25, NULL, NULL, NULL, 'inoerp', '2014-01-03', 'inoerp', '2014-01-03'),
(2, 'MFG_PRODA_OH01', 'Mfg Overhead for Product A', 6, NULL, '355', '354', 22, NULL, NULL, NULL, 'inoerp', '2013-12-22', 'inoerp', '2013-12-22'),
(3, 'MI_RESOH02', 'Resource OH 02', 6, 'active', '355', '351', 21, NULL, NULL, NULL, 'inoerp', '2013-12-20', 'inoerp', '2013-12-20');

-- --------------------------------------------------------

--
-- Table structure for table `bom_overhead_rate_assignment`
--

CREATE TABLE IF NOT EXISTS `bom_overhead_rate_assignment` (
  `bom_overhead_rate_assignment_id` int(12) NOT NULL AUTO_INCREMENT,
  `bom_overhead_id` int(12) NOT NULL,
  `department_id` int(12) NOT NULL,
  `default_basis` int(12) NOT NULL,
  `rate` int(12) NOT NULL,
  `created_by` varchar(256) DEFAULT NULL,
  `creation_date` date DEFAULT NULL,
  `last_update_by` varchar(256) DEFAULT NULL,
  `last_update_date` date DEFAULT NULL,
  PRIMARY KEY (`bom_overhead_rate_assignment_id`)
) ENGINE=MyISAM  DEFAULT CHARSET=latin1 AUTO_INCREMENT=3 ;

--
-- Dumping data for table `bom_overhead_rate_assignment`
--

INSERT INTO `bom_overhead_rate_assignment` (`bom_overhead_rate_assignment_id`, `bom_overhead_id`, `department_id`, `default_basis`, `rate`, `created_by`, `creation_date`, `last_update_by`, `last_update_date`) VALUES
(1, 1, 4, 354, 6, 'inoerp', '2014-01-03', 'inoerp', '2014-01-03'),
(2, 1, 2, 354, 22, 'inoerp', '2014-01-03', 'inoerp', '2014-01-03');

-- --------------------------------------------------------

--
-- Table structure for table `bom_overhead_resource_assignment`
--

CREATE TABLE IF NOT EXISTS `bom_overhead_resource_assignment` (
  `bom_overhead_resource_assignment_id` int(12) NOT NULL AUTO_INCREMENT,
  `bom_overhead_id` int(12) NOT NULL,
  `cost_type_id` int(12) NOT NULL,
  `resource_id` int(12) NOT NULL,
  `created_by` varchar(256) DEFAULT NULL,
  `creation_date` date DEFAULT NULL,
  `last_update_by` varchar(256) DEFAULT NULL,
  `last_update_date` date DEFAULT NULL,
  PRIMARY KEY (`bom_overhead_resource_assignment_id`)
) ENGINE=MyISAM  DEFAULT CHARSET=latin1 AUTO_INCREMENT=4 ;

--
-- Dumping data for table `bom_overhead_resource_assignment`
--

INSERT INTO `bom_overhead_resource_assignment` (`bom_overhead_resource_assignment_id`, `bom_overhead_id`, `cost_type_id`, `resource_id`, `created_by`, `creation_date`, `last_update_by`, `last_update_date`) VALUES
(1, 2, 2, 1, 'inoerp', '2013-12-22', 'inoerp', '2013-12-22'),
(2, 2, 1, 1, 'inoerp', '2013-12-22', 'inoerp', '2013-12-22'),
(3, 1, 1, 1, 'inoerp', '2014-01-03', 'inoerp', '2014-01-03');

-- --------------------------------------------------------

--
-- Table structure for table `bom_resource`
--

CREATE TABLE IF NOT EXISTS `bom_resource` (
  `bom_resource_id` int(12) NOT NULL AUTO_INCREMENT,
  `resource` varchar(50) NOT NULL,
  `description` varchar(256) DEFAULT NULL,
  `org_id` int(12) DEFAULT NULL,
  `status` varchar(12) DEFAULT NULL,
  `resource_type` varchar(12) DEFAULT NULL,
  `charge_type` varchar(12) DEFAULT NULL,
  `uom` int(12) DEFAULT NULL,
  `basis` varchar(50) DEFAULT NULL,
  `osp_cb` tinyint(1) DEFAULT NULL,
  `osp_item_id` int(12) DEFAULT NULL,
  `costed_cb` tinyint(1) DEFAULT NULL,
  `standard_rate_cb` tinyint(1) DEFAULT NULL,
  `absorption_ac_id` int(12) DEFAULT NULL,
  `variance_ac_id` int(12) DEFAULT NULL,
  `overheads` varchar(50) DEFAULT NULL,
  `rate_reference_id` int(12) DEFAULT NULL,
  `ef_id` int(12) DEFAULT NULL,
  `created_by` varchar(256) NOT NULL,
  `creation_date` datetime NOT NULL,
  `last_update_by` varchar(256) NOT NULL,
  `last_update_date` datetime NOT NULL,
  PRIMARY KEY (`bom_resource_id`),
  UNIQUE KEY `item_id` (`resource`,`org_id`),
  UNIQUE KEY `item_id_2` (`resource`,`description`)
) ENGINE=MyISAM  DEFAULT CHARSET=latin1 AUTO_INCREMENT=4 ;

--
-- Dumping data for table `bom_resource`
--

INSERT INTO `bom_resource` (`bom_resource_id`, `resource`, `description`, `org_id`, `status`, `resource_type`, `charge_type`, `uom`, `basis`, `osp_cb`, `osp_item_id`, `costed_cb`, `standard_rate_cb`, `absorption_ac_id`, `variance_ac_id`, `overheads`, `rate_reference_id`, `ef_id`, `created_by`, `creation_date`, `last_update_by`, `last_update_date`) VALUES
(1, 'MI_MFG01', 'MI Manufacturing 01', 6, 'active', 'Person', 'WIP Move', 26, NULL, 0, NULL, 1, 1, 24, 24, NULL, NULL, NULL, 'inoerp', '2013-12-16 22:07:18', 'inoerp', '2013-12-16 22:07:18'),
(2, 'MI_MFG02', 'MI Manufacturing 02', 6, 'active', 'Person', 'WIP Move', 29, NULL, NULL, NULL, 1, 1, 21, 23, NULL, NULL, NULL, 'inoerp', '2013-12-16 02:45:22', 'inoerp', '2013-12-16 02:45:22'),
(3, 'MI_MACHINE01', 'MI Machine 01', 6, 'active', 'Machine', 'WIP Move', 26, NULL, NULL, NULL, 1, 1, 29, 25, NULL, NULL, NULL, 'inoerp', '2013-12-19 06:58:47', 'inoerp', '2013-12-19 06:58:47');

-- --------------------------------------------------------

--
-- Table structure for table `bom_routing_detail`
--

CREATE TABLE IF NOT EXISTS `bom_routing_detail` (
  `bom_routing_detail_id` int(12) NOT NULL AUTO_INCREMENT,
  `bom_routing_line_id` int(12) DEFAULT NULL,
  `bom_routing_header_id` int(12) DEFAULT NULL,
  `resource_sequence` int(12) DEFAULT NULL,
  `charge_basis` varchar(50) DEFAULT NULL,
  `resource_id` int(12) DEFAULT NULL,
  `usage` int(12) DEFAULT NULL,
  `schedule` varchar(50) DEFAULT NULL,
  `assigned_units` int(12) DEFAULT NULL,
  `twenty_four_hr_cb` tinyint(1) DEFAULT NULL,
  `charge_type` varchar(50) DEFAULT NULL,
  `standard_rate_cb` tinyint(1) DEFAULT NULL,
  `created_by` varchar(256) NOT NULL,
  `creation_date` datetime NOT NULL,
  `last_update_by` varchar(256) NOT NULL,
  `last_update_date` datetime NOT NULL,
  PRIMARY KEY (`bom_routing_detail_id`)
) ENGINE=MyISAM  DEFAULT CHARSET=latin1 AUTO_INCREMENT=13 ;

--
-- Dumping data for table `bom_routing_detail`
--

INSERT INTO `bom_routing_detail` (`bom_routing_detail_id`, `bom_routing_line_id`, `bom_routing_header_id`, `resource_sequence`, `charge_basis`, `resource_id`, `usage`, `schedule`, `assigned_units`, `twenty_four_hr_cb`, `charge_type`, `standard_rate_cb`, `created_by`, `creation_date`, `last_update_by`, `last_update_date`) VALUES
(1, 1, 1, 10, 'ITEM', 1, 1, 'YES', 1, 1, 'WIP_MOVE', 1, 'inoerp', '2014-01-04 12:06:24', 'inoerp', '2014-01-04 12:06:24'),
(2, 1, 1, 20, 'ITEM', 2, 1, 'YES', 1, 1, 'WIP_MOVE', 1, 'inoerp', '2014-01-04 12:06:24', 'inoerp', '2014-01-04 12:06:24'),
(3, 2, 1, 10, 'ITEM', 3, 1, 'NO', 1, 1, 'WIP_MOVE', 1, 'inoerp', '2014-01-04 12:06:25', 'inoerp', '2014-01-04 12:06:25'),
(4, 3, 1, 15, 'ITEM', 1, 1, 'YES', 1, 1, 'WIP_MOVE', 1, 'inoerp', '2014-01-04 12:06:25', 'inoerp', '2014-01-04 12:06:25'),
(5, 3, 1, 25, 'ITEM', 2, 1, 'YES', 1, 1, 'WIP_MOVE', 1, 'inoerp', '2014-01-04 12:06:25', 'inoerp', '2014-01-04 12:06:25'),
(6, 4, 2, 10, '351', 1, 1, '362', 1, 1, 'WIP Move', 1, 'inoerp', '2013-12-30 07:34:30', 'inoerp', '2013-12-30 07:34:30'),
(7, 5, 3, 10, 'ITEM', 1, 2, 'YES', 1, 1, 'WIP_MOVE', 1, 'inoerp', '2014-01-03 14:10:53', 'inoerp', '2014-01-03 14:10:53'),
(8, 6, 4, 10, 'ITEM', 1, 5, 'YES', 2, 1, 'WIP_MOVE', 1, 'inoerp', '2014-01-04 12:27:57', 'inoerp', '2014-01-04 12:27:57'),
(9, 9, 5, 10, 'ITEM', 1, 2, 'YES', NULL, 1, 'WIP_MOVE', 1, 'inoerp', '2014-01-13 12:38:39', 'inoerp', '2014-01-13 12:38:39'),
(10, 9, 5, 20, 'ITEM', 3, 1, 'YES', NULL, 1, 'MANUAL', 1, 'inoerp', '2014-01-13 12:38:39', 'inoerp', '2014-01-13 12:38:39'),
(11, 7, 5, 10, 'ITEM', 1, 2, 'YES', 1, 1, 'WIP_MOVE', 1, 'inoerp', '2014-01-13 12:38:38', 'inoerp', '2014-01-13 12:38:38'),
(12, 8, 5, 10, 'ITEM', 1, 1, 'YES', 2, 1, 'WIP_MOVE', 1, 'inoerp', '2014-01-13 12:38:39', 'inoerp', '2014-01-13 12:38:39');

-- --------------------------------------------------------

--
-- Table structure for table `bom_routing_header`
--

CREATE TABLE IF NOT EXISTS `bom_routing_header` (
  `bom_routing_header_id` int(12) NOT NULL AUTO_INCREMENT,
  `item_id` int(12) NOT NULL,
  `alternate_routing` varchar(50) DEFAULT NULL,
  `org_id` int(12) NOT NULL,
  `routing_revision` varchar(10) DEFAULT NULL,
  `effective_date` date DEFAULT NULL,
  `common_routing_item_id` int(12) DEFAULT NULL,
  `description` int(12) DEFAULT NULL,
  `completion_subinventory` int(12) DEFAULT NULL,
  `completion_locator` int(12) DEFAULT NULL,
  `ef_id` int(12) DEFAULT NULL,
  `created_by` varchar(256) NOT NULL,
  `creation_date` datetime NOT NULL,
  `last_update_by` varchar(256) NOT NULL,
  `last_update_date` datetime NOT NULL,
  PRIMARY KEY (`bom_routing_header_id`),
  UNIQUE KEY `item_id` (`item_id`,`org_id`),
  UNIQUE KEY `item_id_2` (`item_id`,`alternate_routing`)
) ENGINE=MyISAM  DEFAULT CHARSET=latin1 AUTO_INCREMENT=6 ;

--
-- Dumping data for table `bom_routing_header`
--

INSERT INTO `bom_routing_header` (`bom_routing_header_id`, `item_id`, `alternate_routing`, `org_id`, `routing_revision`, `effective_date`, `common_routing_item_id`, `description`, `completion_subinventory`, `completion_locator`, `ef_id`, `created_by`, `creation_date`, `last_update_by`, `last_update_date`) VALUES
(1, 10043, '', 6, '00', '2013-12-12', 0, 0, 0, 0, 0, 'inoerp', '2014-01-04 12:06:22', 'inoerp', '2014-01-04 12:06:22'),
(2, 10041, NULL, 6, NULL, '2013-12-09', NULL, NULL, NULL, NULL, NULL, 'inoerp', '2013-12-30 07:34:28', 'inoerp', '2013-12-30 07:34:28'),
(3, 10061, NULL, 6, NULL, '2014-01-15', NULL, NULL, NULL, NULL, NULL, 'inoerp', '2014-01-03 14:10:50', 'inoerp', '2014-01-03 14:10:50'),
(4, 10063, NULL, 6, NULL, '2014-01-01', NULL, NULL, NULL, NULL, NULL, 'inoerp', '2014-01-04 12:27:55', 'inoerp', '2014-01-04 12:27:55'),
(5, 10035, NULL, 6, NULL, '2014-01-10', NULL, NULL, NULL, NULL, NULL, 'inoerp', '2014-01-13 12:38:38', 'inoerp', '2014-01-13 12:38:38');

-- --------------------------------------------------------

--
-- Table structure for table `bom_routing_line`
--

CREATE TABLE IF NOT EXISTS `bom_routing_line` (
  `bom_routing_line_id` int(12) NOT NULL AUTO_INCREMENT,
  `bom_routing_header_id` int(12) NOT NULL,
  `routing_sequence` int(12) NOT NULL,
  `standard_operation_id` int(12) DEFAULT NULL,
  `department_id` int(12) NOT NULL,
  `description` varchar(256) DEFAULT NULL,
  `lead_time_percentage` int(12) DEFAULT NULL,
  `count_point_cb` tinyint(1) DEFAULT NULL,
  `auto_charge_cb` tinyint(1) DEFAULT NULL,
  `effective_start_date` date DEFAULT NULL,
  `effective_end_date` date DEFAULT NULL,
  `eco_number` varchar(50) DEFAULT NULL,
  `eco_implemented_cb` tinyint(1) DEFAULT NULL,
  `backflush_cb` tinyint(1) DEFAULT NULL,
  `yield` decimal(6,6) DEFAULT NULL,
  `include_in_rollup_cb` tinyint(1) DEFAULT NULL,
  `minimum_transfer_quantity` int(12) DEFAULT NULL,
  `referenced_cb` tinyint(1) DEFAULT NULL,
  `cumm_yield` tinyint(1) DEFAULT NULL,
  `ef_id` int(12) DEFAULT NULL,
  `created_by` varchar(256) NOT NULL,
  `creation_date` datetime NOT NULL,
  `last_update_by` varchar(256) NOT NULL,
  `last_update_date` datetime NOT NULL,
  PRIMARY KEY (`bom_routing_line_id`),
  UNIQUE KEY `bom_header_id` (`bom_routing_header_id`,`routing_sequence`),
  UNIQUE KEY `bom_header_id_2` (`bom_routing_header_id`,`department_id`,`description`)
) ENGINE=MyISAM  DEFAULT CHARSET=latin1 AUTO_INCREMENT=10 ;

--
-- Dumping data for table `bom_routing_line`
--

INSERT INTO `bom_routing_line` (`bom_routing_line_id`, `bom_routing_header_id`, `routing_sequence`, `standard_operation_id`, `department_id`, `description`, `lead_time_percentage`, `count_point_cb`, `auto_charge_cb`, `effective_start_date`, `effective_end_date`, `eco_number`, `eco_implemented_cb`, `backflush_cb`, `yield`, `include_in_rollup_cb`, `minimum_transfer_quantity`, `referenced_cb`, `cumm_yield`, `ef_id`, `created_by`, `creation_date`, `last_update_by`, `last_update_date`) VALUES
(1, 1, 10, 0, 1, '10 Manuall Assmbly', 0, 1, 1, '2013-12-17', '0000-00-00', 'ECO001', 1, 1, 0.000000, 1, 0, 0, 0, 0, 'inoerp', '2014-01-04 12:06:24', 'inoerp', '2014-01-04 12:06:24'),
(2, 1, 20, 0, 2, 'Cleaning', 0, 1, 1, '2013-12-24', '0000-00-00', 'ECO001', 1, 1, 0.000000, 1, 0, 0, 0, 0, 'inoerp', '2014-01-04 12:06:25', 'inoerp', '2014-01-04 12:06:25'),
(3, 1, 30, 0, 1, '20 Second Assembly', 0, 1, 1, '2013-12-24', '0000-00-00', 'NULL', 1, 1, 0.000000, 1, 10, 0, 0, 0, 'inoerp', '2014-01-04 12:06:25', 'inoerp', '2014-01-04 12:06:25'),
(4, 2, 10, NULL, 1, NULL, NULL, 1, 1, '2013-12-17', '0000-00-00', NULL, NULL, 1, NULL, 1, NULL, NULL, NULL, NULL, 'inoerp', '2013-12-30 07:34:30', 'inoerp', '2013-12-30 07:34:30'),
(5, 3, 10, NULL, 1, NULL, NULL, 1, 1, '2014-01-16', '1970-01-01', 'EC01', 1, 1, 0.999999, 1, NULL, 0, NULL, NULL, 'inoerp', '2014-01-03 14:10:53', 'inoerp', '2014-01-03 14:10:53'),
(6, 4, 10, NULL, 1, 'First Step', NULL, 1, 1, '2014-01-01', NULL, NULL, NULL, 1, NULL, 1, NULL, 0, NULL, NULL, 'inoerp', '2014-01-04 12:27:57', 'inoerp', '2014-01-04 12:27:57'),
(7, 5, 30, NULL, 2, NULL, NULL, 1, 1, NULL, NULL, NULL, 1, 1, NULL, 1, NULL, 0, NULL, NULL, 'inoerp', '2014-01-13 12:38:38', 'inoerp', '2014-01-13 12:38:38'),
(8, 5, 20, NULL, 1, NULL, NULL, 1, 1, NULL, NULL, NULL, 1, 1, NULL, 1, NULL, 0, NULL, NULL, 'inoerp', '2014-01-13 12:38:39', 'inoerp', '2014-01-13 12:38:39'),
(9, 5, 10, NULL, 2, NULL, NULL, 1, 1, NULL, NULL, NULL, 1, 1, NULL, 1, NULL, 0, NULL, NULL, 'inoerp', '2014-01-13 12:38:39', 'inoerp', '2014-01-13 12:38:39');

-- --------------------------------------------------------

--
-- Table structure for table `bom_standard_operation`
--

CREATE TABLE IF NOT EXISTS `bom_standard_operation` (
  `bom_standard_operation_id` int(12) NOT NULL AUTO_INCREMENT,
  `standard_operation` varchar(50) NOT NULL,
  `org_id` int(12) NOT NULL,
  `department_id` int(12) NOT NULL,
  `description` varchar(256) NOT NULL,
  `count_point_cb` tinyint(1) DEFAULT NULL,
  `auto_charge_cb` tinyint(1) DEFAULT NULL,
  `backflush_cb` tinyint(1) DEFAULT NULL,
  `status` enum('active','inactive') DEFAULT NULL,
  `ef_id` int(12) DEFAULT NULL,
  `created_by` varchar(256) DEFAULT NULL,
  `creation_date` date DEFAULT NULL,
  `last_update_by` varchar(256) DEFAULT NULL,
  `last_update_date` date DEFAULT NULL,
  PRIMARY KEY (`bom_standard_operation_id`)
) ENGINE=MyISAM  DEFAULT CHARSET=latin1 AUTO_INCREMENT=3 ;

--
-- Dumping data for table `bom_standard_operation`
--

INSERT INTO `bom_standard_operation` (`bom_standard_operation_id`, `standard_operation`, `org_id`, `department_id`, `description`, `count_point_cb`, `auto_charge_cb`, `backflush_cb`, `status`, `ef_id`, `created_by`, `creation_date`, `last_update_by`, `last_update_date`) VALUES
(1, '1HOASBA', 6, 1, '1 hour', 1, 1, 0, 'active', NULL, 'inoerp', '2013-12-23', 'inoerp', '2013-12-23'),
(2, '10MCLEANA', 6, 2, 'Cleaing at claenroom A', 1, 1, 0, 'active', NULL, 'inoerp', '2013-12-24', 'inoerp', '2013-12-24');

-- --------------------------------------------------------

--
-- Table structure for table `bom_standard_operation_resource_assignment`
--

CREATE TABLE IF NOT EXISTS `bom_standard_operation_resource_assignment` (
  `bom_standard_operation_resource_assignment_id` int(12) NOT NULL AUTO_INCREMENT,
  `resource_sequence` int(12) DEFAULT NULL,
  `bom_standard_operation_id` int(12) DEFAULT NULL,
  `charge_basis` int(12) NOT NULL,
  `resource_id` int(12) NOT NULL,
  `created_by` varchar(256) DEFAULT NULL,
  `creation_date` date DEFAULT NULL,
  `last_update_by` varchar(256) DEFAULT NULL,
  `last_update_date` date DEFAULT NULL,
  `usage` int(12) DEFAULT NULL,
  `schedule` varchar(50) NOT NULL,
  `assigned_units` int(12) NOT NULL,
  `twenty_four_hr_cb` tinyint(1) NOT NULL,
  `standard_rate_cb` tinyint(1) DEFAULT NULL,
  `charge_type` varchar(50) DEFAULT NULL,
  PRIMARY KEY (`bom_standard_operation_resource_assignment_id`)
) ENGINE=MyISAM  DEFAULT CHARSET=latin1 AUTO_INCREMENT=6 ;

--
-- Dumping data for table `bom_standard_operation_resource_assignment`
--

INSERT INTO `bom_standard_operation_resource_assignment` (`bom_standard_operation_resource_assignment_id`, `resource_sequence`, `bom_standard_operation_id`, `charge_basis`, `resource_id`, `created_by`, `creation_date`, `last_update_by`, `last_update_date`, `usage`, `schedule`, `assigned_units`, `twenty_four_hr_cb`, `standard_rate_cb`, `charge_type`) VALUES
(1, 10, 1, 351, 1, 'inoerp', '2013-12-23', 'inoerp', '2013-12-23', 1, '362', 1, 1, 3, 'WIP Move'),
(2, 30, 1, 351, 1, 'inoerp', '2013-12-23', 'inoerp', '2013-12-23', 6, '365', 2, 1, 6, 'Manual'),
(3, 20, 1, 351, 2, 'inoerp', '2013-12-23', 'inoerp', '2013-12-23', 2, '362', 2, 1, 5, 'WIP Move'),
(4, 10, 2, 351, 1, 'inoerp', '2013-12-24', 'inoerp', '2013-12-24', 2, '362', 1, 1, 33, 'WIP Move'),
(5, 30, 2, 351, 3, 'inoerp', '2013-12-24', 'inoerp', '2013-12-24', 1, '365', 1, 1, 2, 'WIP Move');

-- --------------------------------------------------------

--
-- Table structure for table `business`
--

CREATE TABLE IF NOT EXISTS `business` (
  `business_id` int(12) NOT NULL AUTO_INCREMENT,
  `org_id` int(12) NOT NULL,
  `business_org_type` varchar(50) DEFAULT NULL,
  `manager` varchar(50) DEFAULT NULL,
  `ef_id` int(12) DEFAULT NULL,
  `rev_enabled` enum('enabled','disabled') DEFAULT NULL,
  `rev_number` int(12) DEFAULT NULL,
  `status` enum('active','inactive') DEFAULT NULL,
  `created_by` varchar(50) DEFAULT NULL,
  `creation_date` varchar(50) DEFAULT NULL,
  `last_update_by` varchar(50) NOT NULL,
  `last_update_date` varchar(50) NOT NULL,
  PRIMARY KEY (`business_id`),
  UNIQUE KEY `org_id` (`org_id`)
) ENGINE=InnoDB  DEFAULT CHARSET=latin1 AUTO_INCREMENT=3 ;

--
-- Dumping data for table `business`
--

INSERT INTO `business` (`business_id`, `org_id`, `business_org_type`, `manager`, `ef_id`, `rev_enabled`, `rev_number`, `status`, `created_by`, `creation_date`, `last_update_by`, `last_update_date`) VALUES
(1, 5, 'Global', 'HE Tehlian', 0, 'enabled', 1, 'active', 'inoerp', '2013-10-18 08:46:14', 'inoerp', '2013-10-18 08:46:14'),
(2, 8, 'Mfg Plant', 'SK Bandial', NULL, 'enabled', NULL, 'active', 'inoerp', '2013-10-15 05:56:48', 'inoerp', '2013-10-15 05:56:48');

-- --------------------------------------------------------

--
-- Table structure for table `category`
--

CREATE TABLE IF NOT EXISTS `category` (
  `category_id` int(12) NOT NULL AUTO_INCREMENT,
  `major_category_id` int(12) DEFAULT NULL,
  `parent_id` int(12) DEFAULT NULL,
  `category` varchar(50) NOT NULL DEFAULT 'none',
  `description` varchar(512) DEFAULT NULL,
  `primary_cb` float DEFAULT '0',
  `created_by` varchar(100) DEFAULT NULL,
  `creation_date` timestamp NULL DEFAULT NULL,
  `last_update_by` varchar(100) DEFAULT NULL,
  `last_update_date` timestamp NULL DEFAULT NULL,
  PRIMARY KEY (`category_id`),
  UNIQUE KEY `parent_id` (`parent_id`,`category`)
) ENGINE=MyISAM  DEFAULT CHARSET=latin1 AUTO_INCREMENT=33 ;

--
-- Dumping data for table `category`
--

INSERT INTO `category` (`category_id`, `major_category_id`, `parent_id`, `category`, `description`, `primary_cb`, `created_by`, `creation_date`, `last_update_by`, `last_update_date`) VALUES
(1, NULL, NULL, 'Forum', 'Forum - A list of topics for discussion', 1, 'inoerp', '2013-08-24 04:00:00', 'inoerp', '2013-08-24 04:00:00'),
(2, 1, 1, 'Support', 'Ask the community', 1, 'inoerp', '2013-08-24 04:00:00', 'inoerp', '2013-08-24 04:00:00'),
(3, 1, 2, 'Installing inoERP', 'Installing inoERP', NULL, 'inoerp', '2013-08-24 04:00:00', 'inoerp', '2013-08-24 04:00:00'),
(4, 1, 2, 'Upgrading inoERP', 'Upgrading inoERP', NULL, 'inoerp', '2013-08-24 04:00:00', 'inoerp', '2013-08-24 04:00:00'),
(5, 1, 1, 'General', 'News and announcement and other general community discussions', 1, 'inoerp', '2013-08-24 04:00:00', 'inoerp', '2013-08-24 04:00:00'),
(6, 1, 5, 'News and announcements', 'For news and announcements to the Drupal community at large.', NULL, 'inoerp', '2013-08-24 04:00:00', 'inoerp', '2013-08-24 04:00:00'),
(7, 1, 5, 'General discussion', 'For less technical discussions about the Inoerp project', NULL, 'inoerp', '2013-08-24 04:00:00', 'inoerp', '2013-08-24 04:00:00'),
(8, NULL, NULL, 'Issue', 'Issue List', 1, 'inoerp', '2013-08-24 04:00:00', 'inoerp', '2013-08-24 04:00:00'),
(9, 8, 8, 'Extension', 'Extensions', 1, 'inoerp', '2013-08-24 04:00:00', 'inoerp', '2013-08-24 04:00:00'),
(10, 8, 9, 'Content Types', 'Content Types', NULL, 'inoerp', '2013-08-24 04:00:00', 'inoerp', '2013-08-24 04:00:00'),
(11, 0, 9, 'Content_Extension', 'Contents', 0, 'inoerp', '2013-08-29 08:03:11', 'inoerp', '2013-08-29 08:03:11'),
(12, 0, 8, 'Modules', 'Modules', 1, 'inoerp', '2013-08-29 05:58:50', 'inoerp', '2013-08-29 05:58:50'),
(13, 8, 12, 'Inventory', 'Inventory', NULL, 'inoerp', '2013-08-24 04:00:00', 'inoerp', '2013-08-24 04:00:00'),
(14, 8, 12, 'System', 'Systems', NULL, 'inoerp', '2013-08-24 04:00:00', 'inoerp', '2013-08-24 04:00:00'),
(15, NULL, NULL, 'Module', 'All Modules', 1, 'inoerp', '2013-08-24 04:00:00', 'inoerp', '2013-08-24 04:00:00'),
(16, 15, 15, 'Finance', 'Finance Modules', 1, 'inoerp', '2013-08-24 04:00:00', 'inoerp', '2013-08-24 04:00:00'),
(17, 15, 15, 'SCM', 'Supply Chain Management', 1, 'inoerp', '2013-08-24 04:00:00', 'inoerp', '2013-08-24 04:00:00'),
(18, 15, 3, 'inoCMS', 'Only the CMS', NULL, 'inoerp', '2013-08-26 04:00:00', 'inoerp', '2013-08-26 04:00:00'),
(19, 15, 12, 'Purchasing', 'Purchasing', NULL, 'inoerp', '2013-08-26 04:00:00', 'inoerp', '2013-08-26 04:00:00'),
(20, 15, 12, 'Payables', 'Payables - Finance - AP', NULL, 'inoerp', '2013-08-26 04:00:00', 'inoerp', '2013-08-26 04:00:00'),
(21, NULL, NULL, 'Content', 'All contents', 1, 'inoerp', '2013-08-27 04:00:00', 'inoerp', '2013-08-27 04:00:00'),
(28, NULL, 21, 'normal', 'normal contents', NULL, 'inoerp', '2013-08-29 08:01:34', 'inoerp', '2013-08-29 08:01:34'),
(24, 21, 21, 'Static', 'Static pages', NULL, 'inoerp', '2013-08-27 21:17:13', 'inoerp', '2013-08-27 21:17:13'),
(26, 21, 24, 'Static2', 'Static pages', NULL, 'inoerp', '2013-08-27 21:25:31', 'inoerp', '2013-08-27 21:25:31'),
(27, 21, 26, 'Static3', 'Static pages', NULL, 'inoerp', '2013-08-27 21:26:16', 'inoerp', '2013-08-27 21:26:16'),
(29, NULL, 2, 'Snippets', 'PHP & MySQL Snippets', NULL, 'inoerp', '2013-09-17 21:02:38', 'inoerp', '2013-09-17 21:02:38'),
(30, NULL, NULL, 'Documentation', 'All the documentations', 1, 'inoerp', '2013-10-30 01:26:21', 'inoerp', '2013-10-30 01:26:21'),
(31, NULL, 30, 'User Guides', 'Official User Guides', NULL, 'inoerp', '2013-10-30 01:27:28', 'inoerp', '2013-10-30 01:27:28'),
(32, NULL, 30, 'Snippets', 'SQL & PHP Snippets', NULL, 'inoerp', '2013-10-30 01:28:19', 'inoerp', '2013-10-30 01:28:19');

-- --------------------------------------------------------

--
-- Table structure for table `category_reference`
--

CREATE TABLE IF NOT EXISTS `category_reference` (
  `category_reference_id` int(12) NOT NULL AUTO_INCREMENT,
  `major_category_id` int(12) DEFAULT NULL,
  `category_id` int(12) NOT NULL,
  `reference_type` varchar(50) DEFAULT NULL,
  `reference_table` varchar(50) NOT NULL,
  `reference_id` int(12) NOT NULL,
  PRIMARY KEY (`category_reference_id`),
  UNIQUE KEY `category_id` (`category_id`,`reference_type`,`reference_table`,`reference_id`)
) ENGINE=MyISAM  DEFAULT CHARSET=latin1 AUTO_INCREMENT=66 ;

--
-- Dumping data for table `category_reference`
--

INSERT INTO `category_reference` (`category_reference_id`, `major_category_id`, `category_id`, `reference_type`, `reference_table`, `reference_id`) VALUES
(7, NULL, 15, '1', 'content_type', 30),
(8, NULL, 1, '1', 'content_type', 32),
(6, NULL, 8, '1', 'content_type', 30),
(9, NULL, 1, '1', 'content_type', 33),
(10, NULL, 8, '1', 'content_type', 27),
(11, NULL, 7, '2', 'content', 90),
(12, NULL, 7, '2', 'content', 91),
(13, NULL, 6, '2', 'content', 91),
(14, NULL, 21, '1', 'content_type', 34),
(15, NULL, 21, '1', 'content_type', 35),
(16, NULL, 7, '2', 'content', 92),
(17, NULL, 1, '2', 'content', 94),
(18, NULL, 6, '2', 'content', 95),
(19, NULL, 7, '2', 'content', 96),
(20, NULL, 18, '2', 'content', 96),
(21, NULL, 6, '2', 'content', 97),
(22, NULL, 18, '2', 'content', 97),
(23, NULL, 4, '2', 'content', 97),
(24, NULL, 2, '2', 'content', 97),
(25, NULL, 18, '2', 'content', 98),
(26, NULL, 7, '2', 'content', 98),
(27, NULL, 4, '2', 'content', 98),
(28, 1, 6, '2', 'content', 98),
(29, 1, 18, '2', 'content', 99),
(36, 1, 1, '1', 'content_type', 36),
(35, 15, 15, '1', 'content_type', 36),
(37, 1, 18, '2', 'content', 100),
(38, 8, 20, '2', 'content', 100),
(40, 8, 8, '1', 'content_type', 36),
(41, 1, 6, '2', 'content', 101),
(42, 8, 10, '2', 'content', 101),
(43, 1, 1, '2', 'content', 102),
(44, 15, 15, '2', 'content', 102),
(45, 8, 8, '2', 'content', 102),
(46, 1, 5, '2', 'content', 103),
(47, 15, 17, '2', 'content', 103),
(48, 8, 11, '2', 'content', 103),
(49, 1, 7, '2', 'content', 104),
(50, 15, 16, '2', 'content', 104),
(51, 8, 10, '2', 'content', 104),
(52, 1, 7, '2', 'content', 105),
(53, 15, 17, '2', 'content', 105),
(54, 8, 20, '2', 'content', 105),
(55, 1, 6, '2', 'content', 106),
(56, 1, 6, '2', 'content', 107),
(57, 1, 4, '2', 'content', 108),
(58, 1, 7, '2', 'content', 109),
(59, 1, 6, '2', 'content', 110),
(60, 1, 1, '2', 'content', 111),
(61, 1, 1, '2', 'content', 112),
(62, 1, 6, '2', 'content', 113),
(63, 1, 2, '2', 'content', 114),
(64, 1, 6, '2', 'content', 115),
(65, 1, 29, '2', 'content', 116);

-- --------------------------------------------------------

--
-- Table structure for table `coa`
--

CREATE TABLE IF NOT EXISTS `coa` (
  `coa_id` int(12) NOT NULL AUTO_INCREMENT,
  `structure` varchar(200) NOT NULL,
  `name` varchar(200) NOT NULL,
  `description` varchar(200) DEFAULT NULL,
  `balancing` varchar(100) NOT NULL,
  `cost_center` varchar(100) NOT NULL,
  `natural_account` varchar(100) NOT NULL,
  `inter_company` varchar(100) NOT NULL,
  `segment1` varchar(100) NOT NULL DEFAULT 'NU',
  `segment2` varchar(100) NOT NULL DEFAULT 'NU',
  `segment3` varchar(100) NOT NULL DEFAULT 'NU',
  `segment4` varchar(100) NOT NULL DEFAULT 'NU',
  `coa_sequence` varchar(250) NOT NULL,
  `ef_id` int(12) DEFAULT NULL,
  `status` varchar(50) DEFAULT NULL,
  `rev_enabled` varchar(50) DEFAULT NULL,
  `rev_number` int(12) DEFAULT NULL,
  `created_by` varchar(50) DEFAULT NULL,
  `creation_date` varchar(50) DEFAULT NULL,
  `last_update_by` varchar(50) NOT NULL,
  `last_update_date` varchar(50) NOT NULL,
  PRIMARY KEY (`coa_id`),
  UNIQUE KEY `value` (`name`)
) ENGINE=InnoDB  DEFAULT CHARSET=latin1 AUTO_INCREMENT=8 ;

--
-- Dumping data for table `coa`
--

INSERT INTO `coa` (`coa_id`, `structure`, `name`, `description`, `balancing`, `cost_center`, `natural_account`, `inter_company`, `segment1`, `segment2`, `segment3`, `segment4`, `coa_sequence`, `ef_id`, `status`, `rev_enabled`, `rev_number`, `created_by`, `creation_date`, `last_update_by`, `last_update_date`) VALUES
(1, '82', 'ino_corp_coa', 'ino_corp_coa1', 'LEGAL_UNIT', 'COST_CENTER', 'ACCOUNT', 'INTERCOMPANY', '', '', '', '', 'LEGAL_UNIT-COST_CENTER-ACCOUNT-INTERCOMPANY----', 2, 'enabled', 'disabled', 1, 'inoerp', '19-06-2013 10:17:49', 'inoerp', '19-06-13 17:21:35'),
(2, '82', 'ino_erp_coa1', 'ino ERP COA', 'LEGAL_UNIT', 'COST_CENTER', 'ACCOUNT', 'INTERCOMPANY', '', '', '', '', 'LEGAL_UNIT-LEGAL_UNIT-LEGAL_UNIT-LEGAL_UNIT-LEGAL_UNIT-LEGAL_UNIT-LEGAL_UNIT-LEGAL_UNIT', 1, 'enabled', 'enabled', 1, 'inoerp', '19-06-2013 11:32:36', 'inoerp', '28-06-13 05:14:00'),
(3, '80', 'ino_enterprise_01', 'COA of ino enterprise', 'SEGMENT1', 'SEGMENT2', 'SEGMENT3', 'SEGMENT4', 'SEGMENT5', 'SEGMENT6', 'SEGMENT7', 'SEGMENT8', '', 1, 'enabled', 'enabled', 1, 'inoerp', '19-06-2013 14:02:07', 'inoerp', '19-06-2013 14:02:07'),
(4, '82', 'TEST01', 'Ino Corp Final COA', 'LEGAL_UNIT', 'COST_CENTER', 'ACCOUNT', 'INTERCOMPANY', 'BUSINESS_UNIT', 'PRODUCT_CODE', 'NU', 'NU', 'LEGAL_UNIT-BUSINESS_UNIT-COST_CENTER-ACCOUNT-PRODUCT_CODE-INTERCOMPANY-NU-NU', 1, 'enabled', 'enabled', 0, 'inoerp', '19-06-2013 14:15:01', 'inoerp', '26-06-13 15:53:14'),
(5, '82', 'TEST02', 'TEST02 Desc', 'LEGAL_UNIT', 'BUSINESS_UNIT', 'ACCOUNT', 'INTERCOMPANY', 'BUSINESS_UNIT', 'PRODUCT_CODE', 'NU', 'NU', 'LEGAL_UNIT-BUSINESS_UNIT-ACCOUNT-INTERCOMPANY-PRODUCT_CODE-LEGAL_UNIT-LEGAL_UNIT-LEGAL_UNIT', 0, '', '', 0, 'inoerp', '19-06-2013 17:30:57', 'inoerp', '22-06-13 16:32:40'),
(6, '82', 'TEST03', 'TEST03', 'LEGAL_UNIT', 'COST_CENTER', 'ACCOUNT', 'INTERCOMPANY', 'BUSINESS_UNIT', 'PRODUCT_CODE', 'NU', 'NU', 'LEGAL_UNIT-BUSINESS_UNIT-COST_CENTER-ACCOUNT-PRODUCT_CODE-INTERCOMPANY-NU-NU', 0, '', '', 0, 'inoerp', '19-06-2013 17:32:32', 'inoerp', '19-06-13 17:33:10'),
(7, '82', 'INO_CROP_01', 'Ino corp COA 01', 'LEGAL_UNIT', 'COST_CENTER', 'ACCOUNT', 'INTERCOMPANY', 'BUSINESS_UNIT', 'PRODUCT_CODE', 'NU', 'NU', 'LEGAL_UNIT-BUSINESS_UNIT-COST_CENTER-ACCOUNT-PRODUCT_CODE-INTERCOMPANY-NU-NU', 0, 'enabled', 'enabled', 0, 'inoerp', '28-06-2013 05:15:45', 'inoerp', '28-06-13 05:16:35');

-- --------------------------------------------------------

--
-- Table structure for table `coa_combination`
--

CREATE TABLE IF NOT EXISTS `coa_combination` (
  `coa_combination_id` int(12) NOT NULL AUTO_INCREMENT,
  `coa_id` int(12) NOT NULL,
  `balancing` varchar(50) NOT NULL,
  `cost_center` varchar(50) NOT NULL,
  `natural_account` varchar(50) NOT NULL,
  `inter_company` varchar(50) NOT NULL,
  `segment1` varchar(50) DEFAULT NULL,
  `segment2` varchar(50) DEFAULT NULL,
  `segment3` varchar(50) DEFAULT NULL,
  `segment4` varchar(50) DEFAULT NULL,
  `combination` varchar(256) NOT NULL,
  `description` varchar(200) DEFAULT NULL,
  `ef_id` int(12) DEFAULT NULL,
  `status` varchar(50) DEFAULT NULL,
  `rev_enabled` varchar(50) DEFAULT NULL,
  `rev_number` int(12) DEFAULT NULL,
  `effective_start_date` varchar(200) DEFAULT NULL,
  `effective_end_date` varchar(200) DEFAULT NULL,
  `created_by` varchar(50) DEFAULT NULL,
  `creation_date` varchar(50) DEFAULT NULL,
  `last_update_by` varchar(50) NOT NULL,
  `last_update_date` varchar(50) NOT NULL,
  PRIMARY KEY (`coa_combination_id`),
  UNIQUE KEY `combination` (`combination`),
  KEY `coa_id` (`coa_id`),
  KEY `balancing` (`balancing`),
  KEY `cost_center` (`cost_center`),
  KEY `natural_account` (`natural_account`),
  KEY `inter_company` (`inter_company`),
  KEY `segment1` (`segment1`),
  KEY `segment2` (`segment2`),
  KEY `segment3` (`segment3`),
  KEY `segment4` (`segment4`)
) ENGINE=InnoDB  DEFAULT CHARSET=latin1 AUTO_INCREMENT=31 ;

--
-- Dumping data for table `coa_combination`
--

INSERT INTO `coa_combination` (`coa_combination_id`, `coa_id`, `balancing`, `cost_center`, `natural_account`, `inter_company`, `segment1`, `segment2`, `segment3`, `segment4`, `combination`, `description`, `ef_id`, `status`, `rev_enabled`, `rev_number`, `effective_start_date`, `effective_end_date`, `created_by`, `creation_date`, `last_update_by`, `last_update_date`) VALUES
(1, 1, '123', '22', '232', '22', '', '', '', '', '', '', 0, '', '', 0, '', '', 'inoerp', '27-06-2013 12:32:30', 'inoerp', '27-06-2013 12:32:30'),
(2, 4, '1000', '1212', '1222', '2311', '', '', '', '', '1000-1212-1222-2311', 'TEST02', 0, 'enabled', '', 0, '', '', 'inoerp', '28-06-2013 01:58:56', 'inoerp', '28-06-13 02:02:58'),
(3, 4, '1000', '1212', '1222', '2312', '', '', '', '', '1000-1212-1222-2312', 'TEST03', 0, 'enabled', '', 0, '', '', 'inoerp', '28-06-2013 02:02:58', 'inoerp', '28-06-2013 02:02:58'),
(4, 1, '121', '342', '121', '12', '', '', '', '', '121-342-121-12', 'TEST01', 0, 'enabled', '', 0, '', '', 'inoerp', '28-06-2013 03:23:01', 'inoerp', '28-06-2013 03:23:01'),
(5, 6, '100', '111', '123', '23', '', '', '', '', '100-111-123-23', 'TEST01', 0, 'enabled', '', 0, '', '', 'inoerp', '28-06-2013 03:28:56', 'inoerp', '28-06-2013 03:28:56'),
(6, 6, '100', '111', '123', '24', '', '', '', '', '100-111-123-24', 'TEST02', 0, '', '', 0, '', '', 'inoerp', '28-06-2013 03:28:56', 'inoerp', '28-06-2013 03:28:56'),
(20, 7, '001', '0000', '10100', '001', '100', '001', '', '', '001-100-0000-10100-001-001', 'ACCOUNT1', 0, 'enabled', '', 0, '', '', 'inoerp', '29-06-2013 08:34:11', 'inoerp', '25-07-13 06:13:17'),
(21, 7, '001', '0000', '13100', '001', '100', '001', '', '', '001-100-0000-13100-001-001', 'ACCOUNT2', 0, 'enabled', '', 0, '', '', 'inoerp', '29-06-2013 08:39:25', 'inoerp', '25-07-13 06:13:17'),
(22, 7, '001', '0000', '17000', '001', '100', '001', '', '', '001-100-0000-17000-001-001', 'ACCOUNT3', 0, 'enabled', '', 0, '', '', 'inoerp', '29-06-2013 08:39:25', 'inoerp', '25-07-13 06:13:17'),
(23, 7, '001', '0000', '21000', '001', '100', '001', '', '', '001-100-0000-21000-001-001', 'ACCOUNT4', 0, 'enabled', '', 0, '', '', 'inoerp', '29-06-2013 08:39:25', 'inoerp', '25-07-13 06:13:17'),
(24, 7, '001', '0000', '51000', '001', '100', '001', '', '', '001-100-0000-51000-001-001', 'ACCOUNT5', 0, 'enabled', '', 0, '', '', 'inoerp', '29-06-2013 08:39:25', 'inoerp', '25-07-13 06:13:17'),
(25, 7, '001', '0000', '40100', '001', '100', '001', '', '', '001-100-0000-40100-001-001', 'ACCOUNT6', 0, 'enabled', '', 0, '', '', 'inoerp', '29-06-2013 08:39:25', 'inoerp', '25-07-13 06:13:17'),
(26, 7, '001', '3300', '29500', '001', '100', '001', '', '', '001-100-3300-29500-001-001', 'ACCOUNT7', 0, 'enabled', '', 0, '', '', 'inoerp', '29-06-2013 08:39:25', 'inoerp', '25-07-13 06:13:17'),
(27, 7, '001', '3300', '28100', '001', '100', '001', '', '', '001-100-3300-28100-001-001', 'ACCOUNT8', 0, 'enabled', '', 0, '', '', 'inoerp', '29-06-2013 08:39:25', 'inoerp', '25-07-13 06:13:17'),
(28, 7, '001', '3300', '31010', '001', '100', '001', '', '', '001-100-3300-31010-001-001', 'ACCOUNT9', 0, 'enabled', '', 0, '', '', 'inoerp', '29-06-2013 08:39:25', 'inoerp', '25-07-13 06:13:17'),
(29, 7, '001', '3300', '9100', '001', '100', '001', '', '', '001-100-3300-9100-001-001', 'ACCOUNT10', 0, 'enabled', '', 0, '', '', 'inoerp', '29-06-2013 08:39:25', 'inoerp', '25-07-13 06:13:17'),
(30, 7, '100', '0000', '10100', '001', '100', '001', '', '', '100-100-0000-10100-001-001', 'ACCOUNT1', 0, 'enabled', '', 0, '', '', 'inoerp', '25-07-2013 06:13:18', 'inoerp', '25-07-2013 06:13:18');

-- --------------------------------------------------------

--
-- Table structure for table `coa_segment_values`
--

CREATE TABLE IF NOT EXISTS `coa_segment_values` (
  `coa_segment_values_id` int(12) unsigned NOT NULL AUTO_INCREMENT,
  `coa_id` int(12) NOT NULL,
  `coa_segments` varchar(50) NOT NULL,
  `account_type` varchar(50) DEFAULT NULL,
  `segment_code` varchar(50) NOT NULL,
  `description` varchar(255) DEFAULT NULL,
  `efid` int(12) DEFAULT NULL,
  `status` varchar(50) DEFAULT 'disabled',
  `rev_enabled` varchar(50) DEFAULT 'disabled',
  `rev_number` int(10) DEFAULT NULL,
  `effective_start_date` varchar(50) DEFAULT NULL,
  `effective_end_date` varchar(50) DEFAULT NULL,
  `created_by` varchar(40) NOT NULL DEFAULT '',
  `creation_date` varchar(50) DEFAULT NULL,
  `last_update_by` varchar(40) NOT NULL DEFAULT '',
  `last_update_date` varchar(50) DEFAULT NULL,
  PRIMARY KEY (`coa_segment_values_id`),
  KEY `coa_id` (`coa_id`),
  KEY `coa_segments` (`coa_segments`),
  KEY `coa_segment_values_id` (`coa_segment_values_id`)
) ENGINE=InnoDB  DEFAULT CHARSET=latin1 AUTO_INCREMENT=90 ;

--
-- Dumping data for table `coa_segment_values`
--

INSERT INTO `coa_segment_values` (`coa_segment_values_id`, `coa_id`, `coa_segments`, `account_type`, `segment_code`, `description`, `efid`, `status`, `rev_enabled`, `rev_number`, `effective_start_date`, `effective_end_date`, `created_by`, `creation_date`, `last_update_by`, `last_update_date`) VALUES
(1, 3, '', 'SEGMENT1', '002', 'India', NULL, '', '', 0, NULL, NULL, 'inoerp', '23-06-2013 04:17:21', 'inoerp', '23-06-2013 04:17:21'),
(4, 1, 'LEGAL_UNIT', '', '010', 'India', NULL, 'enabled', '', 0, NULL, NULL, 'inoerp', '23-06-2013 05:18:33', 'inoerp', '25-06-13 11:02:56'),
(5, 1, 'LEGAL_UNIT', '', '011', 'US', NULL, 'enabled', '', 0, NULL, NULL, 'inoerp', '23-06-2013 05:18:33', 'inoerp', '25-06-13 11:02:56'),
(10, 1, 'ACCOUNT', 'A', '10000', 'Cash in Bank', NULL, 'enabled', '', 0, NULL, NULL, 'inoerp', '23-06-2013 17:13:56', 'inoerp', '27-06-13 12:01:53'),
(11, 1, 'ACCOUNT', 'A', '10100', 'Receviables', NULL, 'enabled', '', 0, NULL, NULL, 'inoerp', '23-06-2013 17:13:56', 'inoerp', '27-06-13 12:01:53'),
(12, 1, 'ACCOUNT', 'A', '10600', 'Petty Cash', NULL, 'enabled', '', 0, NULL, NULL, 'inoerp', '23-06-2013 17:17:14', 'inoerp', '27-06-13 12:01:53'),
(13, 1, 'ACCOUNT', 'A', '10800', 'Inventory', NULL, 'enabled', '', 0, NULL, NULL, 'inoerp', '23-06-2013 17:17:53', 'inoerp', '27-06-13 12:01:53'),
(14, 1, 'ACCOUNT', 'A', '10400', 'Supplies', NULL, 'enabled', '', 0, NULL, NULL, 'inoerp', '23-06-2013 17:36:49', 'inoerp', '27-06-13 12:01:53'),
(15, 1, 'ACCOUNT', 'L', '20100', 'Notes Payable - Credit Line #1', NULL, 'enabled', '', 0, NULL, NULL, 'inoerp', '23-06-2013 17:49:59', 'inoerp', '27-06-13 12:01:53'),
(16, 1, 'ACCOUNT', 'L', '20200', 'Notes Payable - Credit Line #2', NULL, 'enabled', '', 0, NULL, NULL, 'inoerp', '23-06-2013 17:49:59', 'inoerp', '27-06-13 12:01:53'),
(24, 1, 'LEGAL_UNIT', '', '016', 'France', NULL, 'enabled', '', 0, NULL, NULL, 'inoerp', '24-06-2013 15:02:21', 'inoerp', '25-06-13 11:02:56'),
(25, 1, 'ACCOUNT', 'L', '20300', 'Liab1', NULL, 'enabled', '', 0, NULL, NULL, 'inoerp', '25-06-2013 08:25:38', 'inoerp', '27-06-13 12:01:53'),
(27, 1, 'ACCOUNT', 'A', '10400', 'asset', NULL, 'enabled', '', 0, NULL, NULL, 'inoerp', '25-06-2013 08:26:36', 'inoerp', '27-06-13 12:01:53'),
(30, 1, 'LEGAL_UNIT', '', '020', 'Global', NULL, 'enabled', '', 0, NULL, NULL, 'inoerp', '25-06-2013 08:35:45', 'inoerp', '25-06-13 11:02:56'),
(42, 1, 'ACCOUNT', 'A', 'TEST01', 'TEST01', NULL, 'enabled', '', 0, NULL, NULL, 'inoerp', '25-06-2013 10:25:38', 'inoerp', '27-06-13 12:01:53'),
(43, 1, 'ACCOUNT', 'L', 'TEST02', 'TEST02', NULL, 'disabled', '', 0, NULL, NULL, 'inoerp', '25-06-2013 10:33:25', 'inoerp', '27-06-13 12:01:53'),
(47, 1, 'ACCOUNT', 'C', 'TEST06', 'TEST06', NULL, 'enabled', '', 0, NULL, NULL, 'inoerp', '25-06-2013 10:43:42', 'inoerp', '27-06-13 12:01:53'),
(50, 1, 'ACCOUNT', 'X', 'TEST12', 'TEST12', NULL, 'enabled', '', 0, NULL, NULL, 'inoerp', '25-06-2013 10:54:42', 'inoerp', '27-06-13 12:01:53'),
(51, 1, 'ACCOUNT', 'C', 'TEST20', 'TEST20', NULL, 'enabled', '', 0, NULL, NULL, 'inoerp', '25-06-2013 11:02:24', 'inoerp', '27-06-13 12:01:53'),
(52, 1, 'LEGAL_UNIT', '', '021', 'Ghana', NULL, 'enabled', '', 0, NULL, NULL, 'inoerp', '25-06-2013 11:02:56', 'inoerp', '25-06-2013 11:02:56'),
(53, 1, 'INTERCOMPANY', '', '0001', 'First', NULL, 'enabled', '', 0, NULL, NULL, 'inoerp', '25-06-2013 11:03:55', 'inoerp', '25-06-13 11:05:06'),
(54, 1, 'INTERCOMPANY', '', '0002', 'Second', NULL, 'enabled', '', 0, NULL, NULL, 'inoerp', '25-06-2013 11:05:06', 'inoerp', '25-06-2013 11:05:06'),
(55, 1, 'INTERCOMPANY', '', '0003', 'Third', NULL, 'enabled', '', 0, NULL, NULL, 'inoerp', '25-06-2013 11:05:06', 'inoerp', '25-06-2013 11:05:06'),
(56, 1, 'BUSINESS_UNIT', '', '0001', 'IT Solution', NULL, 'enabled', '', 0, NULL, NULL, 'inoerp', '25-06-2013 11:05:49', 'inoerp', '25-06-2013 11:05:49'),
(57, 1, 'ACCOUNT', 'A', 'TEST02', 'TEST02', NULL, 'enabled', '', 0, NULL, NULL, 'inoerp', '26-06-2013 07:29:02', 'inoerp', '27-06-13 12:01:53'),
(58, 1, 'ACCOUNT', 'C', 'TEST99', 'TEST02', NULL, 'enabled', '', 0, NULL, NULL, 'inoerp', '27-06-2013 12:01:32', 'inoerp', '27-06-13 12:01:53'),
(59, 7, 'LEGAL_UNIT', '', '001', 'US Corp.', NULL, 'enabled', '', 0, NULL, NULL, 'inoerp', '28-06-2013 05:17:52', 'inoerp', '28-06-13 13:28:29'),
(60, 7, 'LEGAL_UNIT', '', '002', 'UK Corp.', NULL, 'enabled', '', 0, NULL, NULL, 'inoerp', '28-06-2013 05:17:52', 'inoerp', '28-06-13 13:28:29'),
(61, 7, 'LEGAL_UNIT', '', '003', 'India', NULL, 'enabled', '', 0, NULL, NULL, 'inoerp', '28-06-2013 05:17:52', 'inoerp', '28-06-13 13:28:29'),
(62, 7, 'BUSINESS_UNIT', '', '001', 'Enginee', NULL, 'enabled', '', 0, NULL, NULL, 'inoerp', '28-06-2013 05:18:45', 'inoerp', '29-06-13 08:05:57'),
(63, 7, 'BUSINESS_UNIT', '', '002', 'IT Consulting', NULL, 'enabled', '', 0, NULL, NULL, 'inoerp', '28-06-2013 05:18:45', 'inoerp', '29-06-13 08:05:57'),
(64, 7, 'BUSINESS_UNIT', '', '003', 'Repair', NULL, 'enabled', '', 0, NULL, NULL, 'inoerp', '28-06-2013 05:18:45', 'inoerp', '29-06-13 08:05:57'),
(65, 7, 'COST_CENTER', '', '0001', 'HR', NULL, 'enabled', '', 0, NULL, NULL, 'inoerp', '28-06-2013 05:19:55', 'inoerp', '29-06-13 08:20:30'),
(66, 7, 'COST_CENTER', '', '0002', 'IT', NULL, 'enabled', '', 0, NULL, NULL, 'inoerp', '28-06-2013 05:19:55', 'inoerp', '29-06-13 08:20:30'),
(67, 7, 'COST_CENTER', '', '0003', 'Production', NULL, 'enabled', '', 0, NULL, NULL, 'inoerp', '28-06-2013 05:19:55', 'inoerp', '29-06-13 08:20:30'),
(68, 7, 'COST_CENTER', '', '0004', 'Others', NULL, 'enabled', '', 0, NULL, NULL, 'inoerp', '28-06-2013 05:19:55', 'inoerp', '29-06-13 08:20:30'),
(69, 7, 'ACCOUNT', 'A', '10100', 'Cash - Regular Checking', NULL, 'enabled', '', 0, NULL, NULL, 'inoerp', '28-06-2013 05:21:50', 'inoerp', '29-06-13 08:13:02'),
(71, 7, 'PRODUCT_CODE', '', '001', 'BIOS01', NULL, 'enabled', '', 0, NULL, NULL, 'inoerp', '28-06-2013 05:22:27', 'inoerp', '28-06-2013 05:22:27'),
(72, 7, 'PRODUCT_CODE', '', '002', 'BIOS02', NULL, '', '', 0, NULL, NULL, 'inoerp', '28-06-2013 05:22:27', 'inoerp', '28-06-2013 05:22:27'),
(73, 7, 'INTERCOMPANY', '', '001', 'US Corp.', NULL, 'enabled', '', 0, NULL, NULL, 'inoerp', '28-06-2013 05:23:01', 'inoerp', '28-06-2013 05:23:01'),
(74, 7, 'LEGAL_UNIT', '', '100', 'US Corp1.', NULL, 'enabled', '', 0, NULL, NULL, 'inoerp', '28-06-2013 09:43:22', 'inoerp', '28-06-13 13:28:29'),
(75, 7, 'LEGAL_UNIT', '', '200', 'India 2', NULL, 'enabled', '', 0, NULL, NULL, 'inoerp', '28-06-2013 09:43:22', 'inoerp', '28-06-13 13:28:29'),
(76, 7, 'COST_CENTER', '', '200', 'HR1', NULL, 'enabled', '', 0, NULL, NULL, 'inoerp', '28-06-2013 11:55:12', 'inoerp', '29-06-13 08:20:30'),
(77, 7, 'BUSINESS_UNIT', '', '100', 'Corporate', NULL, 'enabled', '', 0, NULL, NULL, 'inoerp', '28-06-2013 11:59:56', 'inoerp', '29-06-13 08:05:57'),
(78, 7, 'BUSINESS_UNIT', '', '110', 'Enginee1', NULL, 'enabled', '', 0, NULL, NULL, 'inoerp', '28-06-2013 13:29:13', 'inoerp', '29-06-13 08:05:57'),
(79, 7, 'COST_CENTER', '', '0000', 'Default', NULL, 'enabled', '', 0, NULL, NULL, 'inoerp', '29-06-2013 08:06:47', 'inoerp', '29-06-13 08:20:30'),
(80, 7, 'ACCOUNT', 'A', '13100', 'Inventory', NULL, 'enabled', '', 0, NULL, NULL, 'inoerp', '29-06-2013 08:13:02', 'inoerp', '29-06-2013 08:13:02'),
(81, 7, 'ACCOUNT', 'A', '17000', 'Fixed Asset', NULL, 'enabled', '', 0, NULL, NULL, 'inoerp', '29-06-2013 08:13:02', 'inoerp', '29-06-2013 08:13:02'),
(82, 7, 'ACCOUNT', 'L', '21000', 'Accounts-Payable', NULL, 'enabled', '', 0, NULL, NULL, 'inoerp', '29-06-2013 08:13:02', 'inoerp', '29-06-2013 08:13:02'),
(83, 7, 'ACCOUNT', 'E', '29500', 'Owners Equity', NULL, 'enabled', '', 0, NULL, NULL, 'inoerp', '29-06-2013 08:13:02', 'inoerp', '29-06-2013 08:13:02'),
(84, 7, 'ACCOUNT', 'E', '28100', 'Retained Earning', NULL, 'enabled', '', 0, NULL, NULL, 'inoerp', '29-06-2013 08:13:02', 'inoerp', '29-06-2013 08:13:02'),
(85, 7, 'ACCOUNT', 'I', '31010', 'Sales', NULL, 'enabled', '', 0, NULL, NULL, 'inoerp', '29-06-2013 08:13:02', 'inoerp', '29-06-2013 08:13:02'),
(86, 7, 'ACCOUNT', 'A', '51000', 'COGS', NULL, 'enabled', '', 0, NULL, NULL, 'inoerp', '29-06-2013 08:13:02', 'inoerp', '29-06-2013 08:13:02'),
(87, 7, 'ACCOUNT', 'A', '40100', 'Marketing Exp', NULL, 'enabled', '', 0, NULL, NULL, 'inoerp', '29-06-2013 08:13:02', 'inoerp', '29-06-2013 08:13:02'),
(88, 7, 'ACCOUNT', 'X', '9100', 'Gain Loss', NULL, 'enabled', '', 0, NULL, NULL, 'inoerp', '29-06-2013 08:13:02', 'inoerp', '29-06-2013 08:13:02'),
(89, 7, 'COST_CENTER', '', '3300', 'Default', NULL, 'enabled', '', 0, NULL, NULL, 'inoerp', '29-06-2013 08:20:30', 'inoerp', '29-06-2013 08:20:30');

-- --------------------------------------------------------

--
-- Table structure for table `comment`
--

CREATE TABLE IF NOT EXISTS `comment` (
  `comment_id` int(12) NOT NULL AUTO_INCREMENT,
  `reference_table` varchar(50) NOT NULL,
  `reference_id` int(12) NOT NULL,
  `subject` varchar(256) DEFAULT NULL,
  `comment` text NOT NULL,
  `terms` varchar(256) DEFAULT NULL,
  `published_cb` tinyint(1) DEFAULT NULL,
  `weightage` int(12) DEFAULT NULL,
  `comment_by` varchar(256) DEFAULT NULL,
  `created_by` varchar(50) DEFAULT NULL,
  `creation_date` varchar(50) DEFAULT NULL,
  `last_update_by` varchar(50) NOT NULL,
  `last_update_date` varchar(50) NOT NULL,
  PRIMARY KEY (`comment_id`),
  FULLTEXT KEY `content` (`comment`),
  FULLTEXT KEY `subject` (`subject`)
) ENGINE=MyISAM  DEFAULT CHARSET=latin1 AUTO_INCREMENT=101 ;

--
-- Dumping data for table `comment`
--

INSERT INTO `comment` (`comment_id`, `reference_table`, `reference_id`, `subject`, `comment`, `terms`, `published_cb`, `weightage`, `comment_by`, `created_by`, `creation_date`, `last_update_by`, `last_update_date`) VALUES
(1, 'page', 20, 'mnvbn', '\r\n', NULL, NULL, NULL, NULL, 'inoerp', '04-08-2013 10:41:14', 'inoerp', '04-08-2013 10:41:14'),
(2, 'page', 3, NULL, '\r\nhroughout the purchasing process you are able to:\r\n Route transactions according to your approval structure. Approval authorization limits are defined by amount, charge account, item category, and location. For documents that require your approval, you can review and approve transactions on-line. Also, you can see the full transaction detail and review the action history before you approve a transaction.', NULL, NULL, NULL, NULL, 'inoerp', '04-08-2013 12:00:53', 'inoerp', '04-08-2013 12:00:53'),
(3, 'page', 4, 'test', 'hroughout the purchasing process you are able to:\r\n Route transactions according to your approval structure. Approval authorization limits are defined by amount, charge account, item category, and location. For documents that require your approval, you can review and approve transactions on-line. Also, you can see the full transaction detail and review the action history before you approve a transaction.\r\n', NULL, NULL, 0, NULL, 'inoerp', '04-08-2013 12:48:21', 'inoerp', '04-08-2013 12:48:21'),
(5, 'page', 3, NULL, '\r\n', NULL, NULL, NULL, NULL, 'inoerp', '04-08-2013 14:08:02', 'inoerp', '04-08-2013 14:08:02'),
(6, 'page', 3, NULL, '\r\n', NULL, NULL, NULL, NULL, 'inoerp', '04-08-2013 14:09:04', 'inoerp', '04-08-2013 14:09:04'),
(7, '<br />\n<b>Notice</b>:  Undefined variable: referen', 0, 'asdas', '<ul class="line">\n<li class="comment">7 is changed</li>\n<li class="comment">hroughout the purchasing process you are able to:  Route transactions according to your approval structure. Approval authorization limits are defined by amount, charge account, item category, and location. For documents that require your approval, you can review and approve transactions on-line. Also, you can see the full transaction detail and review the action history before you approve a transaction.</li>\n<li class="comment">hroughout the purchasing process you are able to:  Route transactions according to your approval structure. Approval authorization limits are defined by amount, charge account, item category, and location. For documents that require your approval, you can review and approve transactions on-line. Also, you can see the full transaction detail and review the action history before you approve a transaction.</li>\n<li class="comment">hroughout the purchasing process you are able to:  Route transactions according to your approval structure. Approval authorization limits are defined by amount, charge account, item category, and location. For documents that require your approval, you can review and approve transactions on-line. Also, you can see the full transaction detail and review the action history before you approve a transaction.</li>\n</ul>', '', 0, 0, '', 'inoerp', '09-08-2013 06:41:06', 'inoerp', '09-08-2013 06:41:06'),
(8, 'page', 3, NULL, '\r\n', NULL, NULL, NULL, NULL, 'inoerp', '04-08-2013 14:11:38', 'inoerp', '04-08-2013 14:11:38'),
(9, 'page', 3, NULL, '\r\n', NULL, NULL, NULL, NULL, 'inoerp', '04-08-2013 14:15:44', 'inoerp', '04-08-2013 14:15:44'),
(10, 'page', 3, NULL, '\r\n', NULL, NULL, NULL, NULL, 'inoerp', '04-08-2013 14:16:02', 'inoerp', '04-08-2013 14:16:02'),
(11, 'page', 3, NULL, '<ol>\r\n<li>TEST01&nbsp;&nbsp; TEST01&nbsp; TEST01&nbsp;&nbsp;&nbsp; TEST01&nbsp;&nbsp; </li>\r\n<li>TEST01&nbsp;&nbsp; TEST01&nbsp; TEST01&nbsp;&nbsp;&nbsp; TEST01&nbsp;&nbsp;</li>\r\n<li>TEST01&nbsp;&nbsp; TEST01&nbsp; TEST01&nbsp;&nbsp;&nbsp; TEST01&nbsp;&nbsp;</li>\r\n</ol>', NULL, NULL, NULL, NULL, 'inoerp', '04-08-2013 14:16:08', 'inoerp', '04-08-2013 14:16:08'),
(12, 'page', 3, NULL, '\r\n         \r\n', NULL, NULL, NULL, NULL, 'inoerp', '04-08-2013 14:17:31', 'inoerp', '04-08-2013 14:17:31'),
(13, 'page', 3, NULL, '<ol>\r\n<li>TEST01&nbsp;&nbsp; TEST01&nbsp; TEST01&nbsp;&nbsp;&nbsp; TEST01&nbsp;&nbsp;</li>\r\n<li>TEST01&nbsp;&nbsp; TEST01&nbsp; TEST01&nbsp;&nbsp;&nbsp; TEST01&nbsp;&nbsp;</li>\r\n<li>TEST01&nbsp;&nbsp; TEST01&nbsp; TEST01&nbsp;&nbsp;&nbsp; TEST01</li>\r\n<li>TEST01&nbsp;&nbsp; TEST01&nbsp; TEST01&nbsp;&nbsp;&nbsp; TEST01&nbsp;&nbsp;</li>\r\n<li>TEST01&nbsp;&nbsp; TEST01&nbsp; TEST01&nbsp;&nbsp;&nbsp; TEST01&nbsp;&nbsp;</li>\r\n<li>TEST01&nbsp;&nbsp; TEST01&nbsp; TEST01&nbsp;&nbsp;&nbsp; TEST01</li>\r\n<li>TEST01&nbsp;&nbsp; TEST01&nbsp; TEST01&nbsp;&nbsp;&nbsp; TEST01&nbsp;&nbsp;</li>\r\n<li>TEST01&nbsp;&nbsp; TEST01&nbsp; TEST01&nbsp;&nbsp;&nbsp; TEST01&nbsp;&nbsp;</li>\r\n<li>TEST01&nbsp;&nbsp; TEST01&nbsp; TEST01&nbsp;&nbsp;&nbsp; TEST01</li>\r\n<li>TEST01&nbsp;&nbsp; TEST01&nbsp; TEST01&nbsp;&nbsp;&nbsp; TEST01&nbsp;&nbsp;</li>\r\n<li>TEST01&nbsp;&nbsp; TEST01&nbsp; TEST01&nbsp;&nbsp;&nbsp; TEST01&nbsp;&nbsp;</li>\r\n<li>TEST01&nbsp;&nbsp; TEST01&nbsp; TEST01&nbsp;&nbsp;&nbsp; TEST01</li>\r\n<li></li>\r\n</ol>', NULL, NULL, NULL, NULL, 'inoerp', '04-08-2013 14:17:45', 'inoerp', '04-08-2013 14:17:45'),
(14, 'page', 3, NULL, '\r\n         \r\n', NULL, NULL, NULL, NULL, 'inoerp', '04-08-2013 14:23:25', 'inoerp', '04-08-2013 14:23:25'),
(15, 'page', 3, NULL, '<p>zfds</p>\r\n<p>sdfds</p>\r\n<p>sdfds</p>', NULL, NULL, NULL, NULL, 'inoerp', '04-08-2013 14:23:34', 'inoerp', '04-08-2013 14:23:34'),
(37, '<br />\n<b>Notice</b>:  Undefined variable: referen', 0, '', 'Complex is updated', '', 0, 0, '', 'inoerp', '09-08-2013 06:53:50', 'inoerp', '09-08-2013 06:53:50'),
(18, '<br />\r\n<b>Notice</b>:  Undefined variable: refere', 0, NULL, '<p>comment</p>', NULL, NULL, NULL, NULL, 'inoerp', '04-08-2013 14:27:52', 'inoerp', '04-08-2013 14:27:52'),
(97, 'content', 89, '', 'Second comment\n\nupdated', '', 0, 0, '', 'inoerp', '25-08-2013 18:16:43', 'inoerp', '25-08-2013 18:16:43'),
(36, '<br />\n<b>Notice</b>:  Undefined variable: referen', 0, '', '<p>I don''t code for IE5.5 on Mac and neither should you. SImilarly, IE6 and IE7 are dead. XP is almost 15 years old and when it dies IE 8 will die with it.</p>\n<p>---------------------------------------</p>\n<p>its updated</p>', '', 0, 0, '', 'inoerp', '09-08-2013 10:42:35', 'inoerp', '09-08-2013 10:42:35'),
(98, 'content', 103, '', 'why not\n\nwhy not\n\n \n\nwhy not\n\nwhy not\n\nwhy not', '', 0, 0, '', 'inoerp', '29-08-2013 03:03:40', 'inoerp', '29-08-2013 03:03:40'),
(23, 'page', 54, NULL, '\r\n', NULL, NULL, NULL, NULL, 'inoerp', '04-08-2013 14:49:54', 'inoerp', '04-08-2013 14:49:54'),
(24, 'page', 54, NULL, '<p>approve a transaction.hroughout the purchasing process you are able to:  Route transactions according to your approval structure. Approval authorization limits are defined by amount, charge account, item category, and location. For documents that require your approval, you can review and approve transactions on-line. Also, you can see the full transaction detail and review the ac</p>', NULL, NULL, NULL, NULL, 'inoerp', '04-08-2013 14:50:00', 'inoerp', '04-08-2013 14:50:00'),
(25, 'page', 54, NULL, '\r\n', NULL, NULL, NULL, NULL, 'inoerp', '04-08-2013 14:52:45', 'inoerp', '04-08-2013 14:52:45'),
(26, 'page', 54, NULL, '\r\n', NULL, NULL, NULL, NULL, 'inoerp', '04-08-2013 14:57:45', 'inoerp', '04-08-2013 14:57:45'),
(27, 'page', 54, NULL, '\r\n', NULL, NULL, NULL, NULL, 'inoerp', '04-08-2013 14:59:53', 'inoerp', '04-08-2013 14:59:53'),
(28, 'page', 54, NULL, '\r\n', NULL, NULL, NULL, NULL, 'inoerp', '04-08-2013 15:01:04', 'inoerp', '04-08-2013 15:01:04'),
(29, 'page', 5, NULL, '\r\n', NULL, NULL, NULL, NULL, 'inoerp', '04-08-2013 15:07:21', 'inoerp', '04-08-2013 15:07:21'),
(30, 'page', 5, NULL, '\r\n', NULL, NULL, NULL, NULL, 'inoerp', '04-08-2013 15:17:31', 'inoerp', '04-08-2013 15:17:31'),
(31, 'page', 5, NULL, '\r\n', NULL, NULL, NULL, NULL, 'inoerp', '04-08-2013 15:19:36', 'inoerp', '04-08-2013 15:19:36'),
(32, 'page', 6, NULL, '<p>Purchasing uses Account Generator to enter the distribution automatically whenever possible.<br />&bull; Provide<strong><span class="\\&quot;\\\\&quot;\\\\\\\\&quot;\\\\\\\\\\\\\\\\&quot;Apple-converted-space\\\\\\\\\\\\\\\\&quot;\\\\\\\\&quot;\\\\&quot;\\&quot;">&nbsp;</span>attachments as notes</strong><span class="\\&quot;\\\\&quot;\\\\\\\\&quot;\\\\\\\\\\\\\\\\&quot;Apple-converted-space\\\\\\\\\\\\\\\\&quot;\\\\\\\\&quot;\\\\&quot;\\&quot;">&nbsp;</span>on transaction headers and lines.</p>', NULL, NULL, NULL, NULL, 'inoerp', '04-08-2013 15:21:52', 'inoerp', '04-08-2013 15:21:52'),
(80, 'page', 1, NULL, '<p>background: #e4f5fc; /* Old browsers */<br />background: -moz-linear-gradient(-45deg,&nbsp; #e4f5fc 0%, #2ab0ed 0%, #9fd8ef 22%, #bfe8f9 77%, #2ab0ed 100%); /* FF3.6+ */<br />background: -webkit-gradient(linear, left top, right bottom, color-stop(0%,#e4f5fc), color-stop(0%,#2ab0ed), color-stop(22%,#9fd8ef), color-stop(77%,#bfe8f9), color-stop(100%,#2ab0ed)); /* Chrome,Safari4+ */<br />background: -webkit-linear-gradient(-45deg,&nbsp; #e4f5fc 0%,#2ab0ed 0%,#9fd8ef 22%,#bfe8f9 77%,#2ab0ed 100%); /* Chrome10+,Safari5.1+ */<br />background: -o-linear-gradient(-45deg,&nbsp; #e4f5fc 0%,#2ab0ed 0%,#9fd8ef 22%,#bfe8f9 77%,#2ab0ed 100%); /* Opera 11.10+ */<br />background: -ms-linear-gradient(-45deg,&nbsp; #e4f5fc 0%,#2ab0ed 0%,#9fd8ef 22%,#bfe8f9 77%,#2ab0ed 100%); /* IE10+ */<br />background: linear-gradient(135deg,&nbsp; #e4f5fc 0%,#2ab0ed 0%,#9fd8ef 22%,#bfe8f9 77%,#2ab0ed 100%); /* W3C */<br />filter: progid:DXImageTransform.Microsoft.gradient( startColorstr=''#e4f5fc'', endColorstr=''#2ab0ed'',GradientType=1 ); /* IE6-9 fallback on horizontal gradient */</p>', NULL, NULL, NULL, NULL, 'inoerp', '09-08-2013 06:15:04', 'inoerp', '09-08-2013 06:15:04'),
(39, 'page', 1, NULL, '<p>days creating comple</p>', NULL, NULL, NULL, NULL, 'inoerp', '06-08-2013 02:15:56', 'inoerp', '06-08-2013 02:15:56'),
(40, 'page', 1, NULL, '<p style="box-sizing: border-box; margin: 0px; padding: 0px; border: 0px; font-weight: normal; font-style: normal; font-size: 15px; line-height: 21px; font-family: ''Helvetica Neue'', arial, sans-serif; color: #42474a; font-variant: normal; letter-spacing: normal; orphans: auto; text-align: left; text-indent: 0px; text-transform: none; white-space: normal; widows: auto; word-spacing: 0px; -webkit-text-stroke-width: 0px;">I don''t code for IE5.5 on Mac and neither should you. SImilarly, IE6 and IE7 are dead. XP is almost 15 years old and when it dies IE 8 will die with it. News flash: Win8 is right around the corner and IE10 . . . well . . . you''ll seeeeeeee.</p>', NULL, NULL, NULL, NULL, 'inoerp', '06-08-2013 02:34:53', 'inoerp', '06-08-2013 02:34:53'),
(41, 'page', 1, 'sdfdsf', '<h2>[color=#99cc00]updated by inoideas[/color]</h2>\ndsfdsf india', '', 0, 0, '', 'inoerp', '09-08-2013 13:14:15', 'inoerp', '09-08-2013 13:14:15'),
(42, 'page', 1, NULL, '<p><a href="../../files/0_1375788895_New_Text_Document33.txt">0_1375788895_New_Text_Document33.txt</a></p>\r\n<p><a href="../../files/0_1375788895_New_Text_Document33.txt">0_1375788895_New_Text_Document33.txt</a></p>', NULL, NULL, NULL, NULL, 'inoerp', '06-08-2013 11:35:12', 'inoerp', '06-08-2013 11:35:12'),
(34, 'page', 1, NULL, '<p style="box-sizing: border-box; margin: 0px 0px 15px; padding: 0px; border: 0px; font-weight: normal; font-style: normal; font-size: 15px; line-height: 21px; font-family: ''Helvetica Neue'', arial, sans-serif; color: #42474a; font-variant: normal; letter-spacing: normal; orphans: auto; text-align: left; text-indent: 0px; text-transform: none; white-space: normal; widows: auto; word-spacing: 0px; -webkit-text-stroke-width: 0px;">Yes, they are. Quite a lot of them, in fact. Indeed, the majority.</p>\r\n<p style="box-sizing: border-box; margin: 0px 0px 15px; padding: 0px; border: 0px; font-weight: normal; font-style: normal; font-size: 15px; line-height: 21px; font-family: ''Helvetica Neue'', arial, sans-serif; color: #42474a; font-variant: normal; letter-spacing: normal; orphans: auto; text-align: left; text-indent: 0px; text-transform: none; white-space: normal; widows: auto; word-spacing: 0px; -webkit-text-stroke-width: 0px;">Anyone else remember when Netscrape cost $120 a copy? I do. And then someone came along and gave us a browser for free, just as the WWW launched, quickly capturing over 90% of the market. And everyone designed for IE and all was right with the world. But the bitch hadn''t died, she bore a bastard son who grew up to lead a small gang of hooligans, cheered on by a simpering mob of web "designers" who decried all things proprietary but today&nbsp;think -o- -moz- and -webkit- are somehow part of a standard. They spend their days creating complex gobs of proprietary-based kiddie code. None of which, by the way, works with older versions of ANY browser, so cool out on the hating (anyone who''s still writing M$ in their copy is a punk hater, pure and simple).</p>\r\n<p style="box-sizing: border-box; margin: 0px; padding: 0px; border: 0px; font-weight: normal; font-style: normal; font-size: 15px; line-height: 21px; font-family: ''Helvetica Neue'', arial, sans-serif; color: #42474a; font-variant: normal; letter-spacing: normal; orphans: auto; text-align: left; text-indent: 0px; text-transform: none; white-space: normal; widows: auto; word-spacing: 0px; -webkit-text-stroke-width: 0px;">I don''t code for IE5.5 on Mac and neither should you. SImilarly, IE6 and IE7 are dead. XP is almost 15 years old and when it dies IE 8 will die with it. News flash: Win8 is right around the corner and IE10 . . . well . . . you''ll seeeeeeee.</p>', NULL, NULL, NULL, NULL, 'inoerp', '05-08-2013 10:55:09', 'inoerp', '05-08-2013 10:55:09'),
(43, 'page', 1, NULL, '<p>ac and neither should you. SImilarly, IE6 and IE7 are dead. XP is almost 15 years old and when it dies IE 8 will die with it. News flash: Win8 is right around the corner and IE10 . . . well . . . you''ll seeeeeeee.</p>', NULL, NULL, NULL, NULL, 'inoerp', '06-08-2013 14:24:11', 'inoerp', '06-08-2013 14:24:11'),
(44, 'page', 1, '', 'you''ll seeeeeeee.\n\n-------\n\nokey updated.', '', 0, 0, '', 'inoerp', '11-08-2013 15:24:08', 'inoerp', '11-08-2013 15:24:08'),
(45, '<br />\n<b>Notice</b>:  Undefined variable: referen', 0, '', '<p>okey</p>  is updated', '', 0, 0, '', 'inoerp', '09-08-2013 06:55:36', 'inoerp', '09-08-2013 06:55:36'),
(96, 'content', 89, NULL, 'sdfds', NULL, NULL, NULL, NULL, 'inoerp', '25-08-2013 18:16:12', 'inoerp', '25-08-2013 18:16:12'),
(95, 'content', 67, NULL, 'test now', NULL, NULL, NULL, NULL, 'inoerp', '23-08-2013 08:12:22', 'inoerp', '23-08-2013 08:12:22'),
(94, 'page', 56, NULL, 'WHats going on', NULL, NULL, NULL, NULL, 'inoerp', '23-08-2013 08:04:41', 'inoerp', '23-08-2013 08:04:41'),
(50, 'page', 58, NULL, '<p>safd</p>', NULL, NULL, NULL, NULL, 'inoerp', '07-08-2013 03:43:15', 'inoerp', '07-08-2013 03:43:15'),
(51, 'page', 58, NULL, '<p>zscsadas</p>', NULL, NULL, NULL, NULL, 'inoerp', '07-08-2013 04:12:52', 'inoerp', '07-08-2013 04:12:52'),
(54, 'page', 56, NULL, '<p>sadfsafas</p>', NULL, NULL, NULL, NULL, 'inoerp', '07-08-2013 04:19:25', 'inoerp', '07-08-2013 04:19:25'),
(55, 'page', 56, '', 'asda\n\nNow changed to\n\nbadada', '', 0, 0, '', 'inoerp', '23-08-2013 08:08:58', 'inoerp', '23-08-2013 08:08:58'),
(56, 'page', 56, '', 'sdfdsfds', '', 0, 0, '', 'inoerp', '25-09-2013 14:57:50', 'inoerp', '25-09-2013 14:57:50'),
(93, 'page', 56, NULL, 'test01', NULL, NULL, NULL, NULL, 'inoerp', '23-08-2013 08:04:09', 'inoerp', '23-08-2013 08:04:09'),
(58, 'page', 56, NULL, '<p>asdsa</p>', NULL, NULL, NULL, NULL, 'inoerp', '07-08-2013 04:22:05', 'inoerp', '07-08-2013 04:22:05'),
(59, 'page', 56, NULL, '<p>asdsa</p>', NULL, NULL, NULL, NULL, 'inoerp', '07-08-2013 04:22:08', 'inoerp', '07-08-2013 04:22:08'),
(60, 'page', 56, NULL, '<p>asdsada</p>', NULL, NULL, NULL, NULL, 'inoerp', '07-08-2013 04:22:10', 'inoerp', '07-08-2013 04:22:10'),
(61, 'page', 56, NULL, '<p>asfasf</p>', NULL, NULL, NULL, NULL, 'inoerp', '07-08-2013 04:28:34', 'inoerp', '07-08-2013 04:28:34'),
(62, 'page', 56, 'wqewqe', '<p>Desert file attachment for testing</p>', NULL, NULL, NULL, NULL, 'inoerp', '07-08-2013 04:29:17', 'inoerp', '07-08-2013 04:29:17'),
(63, 'page', 59, NULL, '<p>dasfsdfd</p>', NULL, NULL, NULL, NULL, 'inoerp', '07-08-2013 04:33:13', 'inoerp', '07-08-2013 04:33:13'),
(64, 'page', 59, NULL, '<p>gfdgfdg</p>', NULL, NULL, NULL, NULL, 'inoerp', '07-08-2013 04:34:02', 'inoerp', '07-08-2013 04:34:02'),
(65, 'page', 59, NULL, '<p>asfdsafdsfds</p>', NULL, NULL, NULL, NULL, 'inoerp', '07-08-2013 04:35:07', 'inoerp', '07-08-2013 04:35:07'),
(66, 'page', 58, NULL, '<p>The file attachment</p>', NULL, NULL, NULL, NULL, 'inoerp', '07-08-2013 04:54:47', 'inoerp', '07-08-2013 04:54:47'),
(67, 'page', 3, NULL, '<p>dfvdsfdsf</p>', NULL, NULL, NULL, NULL, 'inoerp', '07-08-2013 08:54:00', 'inoerp', '07-08-2013 08:54:00'),
(68, 'page', 49, NULL, '<p><span style="color: #000000; font-family: arial, verdana, helvetica, sans-serif; font-size: 13px; font-style: normal; font-variant: normal; font-weight: normal; letter-spacing: normal; line-height: normal; orphans: auto; text-align: left; text-indent: 0px; text-transform: none; white-space: normal; widows: auto; word-spacing: 0px; -webkit-text-stroke-width: 0px; display: inline !important; float: none;">a go. 9 out of 10 times he would have kept that ball out. We all know he can do better than he''s shown in the past two innings. Hopefully they keep him in the squad."</span></p>', NULL, NULL, NULL, NULL, 'inoerp', '07-08-2013 09:38:33', 'inoerp', '07-08-2013 09:38:33'),
(69, 'page', 49, NULL, '<p>agaian again</p>', NULL, NULL, NULL, NULL, 'inoerp', '07-08-2013 09:38:47', 'inoerp', '07-08-2013 09:38:47'),
(70, 'page', 49, NULL, '<p>sdfgdsfsd</p>', NULL, NULL, NULL, NULL, 'inoerp', '07-08-2013 10:17:54', 'inoerp', '07-08-2013 10:17:54'),
(71, 'page', 49, NULL, '<p>dfdsf</p>', NULL, NULL, NULL, NULL, 'inoerp', '07-08-2013 10:19:50', 'inoerp', '07-08-2013 10:19:50'),
(72, 'page', 60, NULL, '<div id="contentId">\n<p><span style="color: #000000; font-family: Arial, ''Liberation Sans'', ''DejaVu Sans'', sans-serif; font-size: 13px; font-style: normal; font-variant: normal; font-weight: normal; letter-spacing: normal; line-height: 19px; orphans: auto; text-align: left; text-indent: 0px; text-transform: none; white-space: normal; widows: auto; word-spacing: 0px; -webkit-text-stroke-width: 0px; background-color: #eeeeee; display: inline !important; float: none;">It''s difficult to tell what is being asked here. This question is ambiguous, vague, incomplete, overly broad, or rhetorical and cannot be reasonably answered in its current form. For help clarifying this question so that it can be reopened,<span class="Apple-converted-space">&nbsp;</span></span><a style="margin: 0px; padding: 0px; border: 0px; font-size: 13px; vertical-align: baseline; background-color: #eeeeee; color: #4a6b82; text-decoration: none; cursor: pointer; font-family: Arial, ''Liberation Sans'', ''DejaVu Sans'', sans-serif; font-style: normal; font-variant: normal; font-weight: normal; letter-spacing: normal; line-height: 19px; orphans: auto; text-align: left; text-indent: 0px; text-transform: none; white-space: normal; widows: auto; word-spacing: 0px; -webkit-text-stroke-width: 0px; background-position: initial initial; background-repeat: initial initial;" href="http://stackoverflow.com/help/reopen-questions">visit the help center</a><span style="color: #000000; font-family: Arial, ''Liberation Sans'', ''DejaVu Sans'', sans-serif; font-size: 13px; font-style: normal; font-variant: normal; font-weight: normal; letter-spacing: normal; line-height: 19px; orphans: auto; text-align: left; text-indent: 0px; text-transform: none; white-space: normal; widows: auto; word-spacing: 0px; -webkit-text-stroke-width: 0px; background-color: #eeeeee; display: inline !important; float: none;">.</span></p>\n</div>', NULL, NULL, NULL, NULL, 'inoerp', '07-08-2013 11:46:06', 'inoerp', '07-08-2013 11:46:06'),
(73, 'page', 60, NULL, '<p><span style="color: #000000; font-family: Arial, ''Liberation Sans'', ''DejaVu Sans'', sans-serif; font-size: 13px; font-style: normal; font-variant: normal; font-weight: normal; letter-spacing: normal; line-height: 19px; orphans: auto; text-align: left; text-indent: 0px; text-transform: none; white-space: normal; widows: auto; word-spacing: 0px; -webkit-text-stroke-width: 0px; background-color: #eeeeee; display: inline !important; float: none;">asked here. This question is ambiguous, vague, incomplete, overly broad, or rhetorical and cannot be reasonably answered in its current form. For help clarifying th</span></p>', NULL, NULL, NULL, NULL, 'inoerp', '07-08-2013 11:46:33', 'inoerp', '07-08-2013 11:46:33'),
(74, 'page', 60, NULL, '<p><span style="color: #000000; font-family: Arial, ''Liberation Sans'', ''DejaVu Sans'', sans-serif; font-size: 13px; font-style: normal; font-variant: normal; font-weight: normal; letter-spacing: normal; line-height: 19px; orphans: auto; text-align: left; text-indent: 0px; text-transform: none; white-space: normal; widows: auto; word-spacing: 0px; -webkit-text-stroke-width: 0px; background-color: #eeeeee; display: inline !important; float: none;">asked here. T<em><strong>his question is ambiguou</strong></em>s, vague, incomplete, overly broad, or rhetorical and cannot be reasonably answered in its current form. For help clarifying th</span></p>', NULL, NULL, NULL, NULL, 'inoerp', '07-08-2013 11:46:55', 'inoerp', '07-08-2013 11:46:55'),
(75, 'page', 60, NULL, '<p><span style="color: #000000; font-family: Arial, ''Liberation Sans'', ''DejaVu Sans'', sans-serif; font-size: 13px; font-style: normal; font-variant: normal; font-weight: normal; letter-spacing: normal; line-height: 19px; orphans: auto; text-align: left; text-indent: 0px; text-transform: none; white-space: normal; widows: auto; word-spacing: 0px; -webkit-text-stroke-width: 0px; background-color: #eeeeee; display: inline !important; float: none;">asked here. This question is ambiguous, vague, incomplete, overly broad, or rhetorical and cannot be reasonably answered in its current form. For help clarifying th</span></p>', NULL, NULL, NULL, NULL, 'inoerp', '07-08-2013 11:47:01', 'inoerp', '07-08-2013 11:47:01'),
(76, '<br />\n<b>Notice</b>:  Undefined variable: referen', 0, '', '<p>test</p> is updated', '', 0, 0, '', 'inoerp', '09-08-2013 06:54:27', 'inoerp', '09-08-2013 06:54:27'),
(79, 'page', 1, NULL, '<p>background: #e4f5fc; /* Old browsers */<br />background: -moz-linear-gradient(-45deg,&nbsp; #e4f5fc 0%, #2ab0ed 0%, #9fd8ef 22%, #bfe8f9 77%, #2ab0ed 100%); /* FF3.6+ */<br />background: -webkit-gradient(linear, left top, right bottom, color-stop(0%,#e4f5fc), color-stop(0%,#2ab0ed), color-stop(22%,#9fd8ef), color-stop(77%,#bfe8f9), color-stop(100%,#2ab0ed)); /* Chrome,Safari4+ */<br />background: -webkit-linear-gradient(-45deg,&nbsp; #e4f5fc 0%,#2ab0ed 0%,#9fd8ef 22%,#bfe8f9 77%,#2ab0ed 100%); /* Chrome10+,Safari5.1+ */<br />background: -o-linear-gradient(-45deg,&nbsp; #e4f5fc 0%,#2ab0ed 0%,#9fd8ef 22%,#bfe8f9 77%,#2ab0ed 100%); /* Opera 11.10+ */<br />background: -ms-linear-gradient(-45deg,&nbsp; #e4f5fc 0%,#2ab0ed 0%,#9fd8ef 22%,#bfe8f9 77%,#2ab0ed 100%); /* IE10+ */<br />background: linear-gradient(135deg,&nbsp; #e4f5fc 0%,#2ab0ed 0%,#9fd8ef 22%,#bfe8f9 77%,#2ab0ed 100%); /* W3C */<br />filter: progid:DXImageTransform.Microsoft.gradient( startColorstr=''#e4f5fc'', endColorstr=''#2ab0ed'',GradientType=1 ); /* IE6-9 fallback on horizontal gradient */</p>', NULL, NULL, NULL, NULL, 'inoerp', '08-08-2013 14:56:21', 'inoerp', '08-08-2013 14:56:21'),
(82, 'page', 61, NULL, '<p style="color: #000000; font-family: Arial, Helvetica, sans-serif; font-size: 12px; font-style: normal; font-variant: normal; font-weight: normal; letter-spacing: normal; line-height: 18px; orphans: auto; text-align: start; text-indent: 0px; text-transform: none; white-space: normal; widows: auto; word-spacing: 0px; -webkit-text-stroke-width: 0px; background-color: #ffffff;"><span style="color: #993300;"><strong>LPN Management:</strong></span>Warehouse Management enables operators to track the contents of any container in receiving, WIP, inventory, shipping, and in-transit.</p>\n<p style="color: #000000; font-family: Arial, Helvetica, sans-serif; font-size: 12px; font-style: normal; font-variant: normal; font-weight: normal; letter-spacing: normal; line-height: 18px; orphans: auto; text-align: start; text-indent: 0px; text-transform: none; white-space: normal; widows: auto; word-spacing: 0px; -webkit-text-stroke-width: 0px; background-color: #ffffff;">In Oracle Warehouse Management, a license plate number (LPN) is any object that holds items. Although LPNs are associated with containers, they do not need to represent a physical entity, such as a box. Thus, you can define an LPN as a collection of items. Oracle Warehouse Management enables you to track, transact, and nest LPNs.</p>\n<p style="color: #000000; font-family: Arial, Helvetica, sans-serif; font-size: 12px; font-style: normal; font-variant: normal; font-weight: normal; letter-spacing: normal; line-height: 18px; orphans: auto; text-align: start; text-indent: 0px; text-transform: none; white-space: normal; widows: auto; word-spacing: 0px; -webkit-text-stroke-width: 0px; background-color: #ffffff;"><span style="color: #993300;"><strong>Advanced Lot and Serial Control:</strong></span><span class="Apple-converted-space">&nbsp;</span>Warehouse Management enables operators to split, merge, and rename lots.</p>', NULL, NULL, NULL, NULL, 'inoerp', '09-08-2013 10:47:48', 'inoerp', '09-08-2013 10:47:48'),
(83, 'page', 61, '', '<p style="color: #000000; font-family: Arial, Helvetica, sans-serif; font-size: 12px; font-style: normal; font-variant: normal; font-weight: normal; letter-spacing: normal; line-height: 18px; orphans: auto; text-align: start; text-indent: 0px; text-transform: none; white-space: normal; widows: auto; word-spacing: 0px; -webkit-text-stroke-width: 0px; background-color: #ffffff;"><em><span style="color: #993300;"><strong>LPN Management:</strong></span>Warehouse Management enables operators to track the contents of any container in receiving, WIP, inventory, shipping, and in-transit.</em></p>\n<p style="color: #000000; font-family: Arial, Helvetica, sans-serif; font-size: 12px; font-style: normal; font-variant: normal; font-weight: normal; letter-spacing: normal; line-height: 18px; orphans: auto; text-align: start; text-indent: 0px; text-transform: none; white-space: normal; widows: auto; word-spacing: 0px; -webkit-text-stroke-width: 0px; background-color: #ffffff;"><em>In Oracle Warehouse Management, a license plate number (LPN) is any object that holds items. Although LPNs are associated with containers, they do not need to represent a physical entity, such as a box. Thus, you can define an LPN as a collection of items. Oracle Warehouse Management enables you to track, transact, and nest LPNs.</em></p>\n<p style="color: #000000; font-family: Arial, Helvetica, sans-serif; font-size: 12px; font-style: normal; font-variant: normal; font-weight: normal; letter-spacing: normal; line-height: 18px; orphans: auto; text-align: start; text-indent: 0px; text-transform: none; white-space: normal; widows: auto; word-spacing: 0px; -webkit-text-stroke-width: 0px; background-color: #ffffff;"><em><span style="color: #993300;"><strong>Advanced Lot and Serial Control:</strong></span><span class="Apple-converted-space">&nbsp;</span>Warehouse Management enables operators to split, merge, and rename lots.</em></p>', '', 0, 0, '', 'inoerp', '09-08-2013 12:19:35', 'inoerp', '09-08-2013 12:19:35'),
(84, '<br />\n<b>Notice</b>:  Undefined variable: referen', 0, '', '<p>test </p>\n<p>------------</p>\n<p>updated</p>', '', 0, 0, '', 'inoerp', '09-08-2013 11:12:37', 'inoerp', '09-08-2013 11:12:37'),
(86, '<br />\n<b>Notice</b>:  Undefined variable: referen', 0, '', '<p>test03</p>', '', 0, 0, '', 'inoerp', '09-08-2013 10:53:14', 'inoerp', '09-08-2013 10:53:14'),
(87, 'page', 61, '', '<p>&nbsp;</p>\n<p style="color: #000000; font-family: Arial, Helvetica, sans-serif; font-size: 12px; font-style: normal; font-variant: normal; font-weight: normal; letter-spacing: normal; line-height: 18px; orphans: auto; text-align: start; text-indent: 0px; text-transform: none; white-space: normal; widows: auto; word-spacing: 0px; -webkit-text-stroke-width: 0px; background-color: #ffffff;">In Oracle Warehouse Management, a license plate number (LPN) is any object that holds items. Although LPNs are associated with containers, they do not need to represent a physical entity, such as a box. Thus, you can define an LPN as a collection of items. Oracle Warehouse Management enables you to track, transact, and nest LPNs.</p>\n<p style="color: #000000; font-family: Arial, Helvetica, sans-serif; font-size: 12px; font-style: normal; font-variant: normal; font-weight: normal; letter-spacing: normal; line-height: 18px; orphans: auto; text-align: start; text-indent: 0px; text-transform: none; white-space: normal; widows: auto; word-spacing: 0px; -webkit-text-stroke-width: 0px; background-color: #ffffff;">--------------------</p>\n<p style="color: #000000; font-family: Arial, Helvetica, sans-serif; font-size: 12px; font-style: normal; font-variant: normal; font-weight: normal; letter-spacing: normal; line-height: 18px; orphans: auto; text-align: start; text-indent: 0px; text-transform: none; white-space: normal; widows: auto; word-spacing: 0px; -webkit-text-stroke-width: 0px; background-color: #ffffff;">updated</p>', '', 0, 0, '', 'inoerp', '09-08-2013 11:40:04', 'inoerp', '09-08-2013 11:40:04'),
(88, 'page', 61, '', '<p>test again</p>\n<p>updated</p>', '', 0, 0, '', 'inoerp', '09-08-2013 12:28:09', 'inoerp', '09-08-2013 12:28:09'),
(89, 'page', 1, NULL, '[color=#ff6600]okey[/color]', NULL, NULL, NULL, NULL, 'inoerp', '09-08-2013 13:15:35', 'inoerp', '09-08-2013 13:15:35'),
(90, 'page', 1, NULL, '<span style="background-color: #0000ff;">[color=#ffff00]dcsad[/color]</span>', NULL, NULL, NULL, NULL, 'inoerp', '09-08-2013 13:17:11', 'inoerp', '09-08-2013 13:17:11'),
(91, 'content', 1, NULL, 'test comment', NULL, NULL, NULL, NULL, 'inoerp', '13-08-2013 03:07:11', 'inoerp', '13-08-2013 03:07:11'),
(92, 'content', 2, NULL, 'test02', NULL, NULL, NULL, NULL, 'inoerp', '13-08-2013 03:07:40', 'inoerp', '13-08-2013 03:07:40'),
(100, 'content', 109, NULL, 'TEST', NULL, NULL, NULL, NULL, 'inoerp', '16-10-2013 05:53:55', 'inoerp', '16-10-2013 05:53:55');

-- --------------------------------------------------------

--
-- Table structure for table `content`
--

CREATE TABLE IF NOT EXISTS `content` (
  `content_id` int(12) NOT NULL AUTO_INCREMENT,
  `content_type_id` int(12) NOT NULL,
  `parent_id` int(12) DEFAULT NULL,
  `subject` varchar(256) DEFAULT NULL,
  `content` text,
  `terms` varchar(256) DEFAULT NULL,
  `published_cb` tinyint(1) DEFAULT NULL,
  `weightage` int(12) DEFAULT NULL,
  `rev_enabled_cb` tinyint(1) DEFAULT NULL,
  `rev_number` varchar(256) DEFAULT NULL,
  `created_by` varchar(50) DEFAULT NULL,
  `creation_date` timestamp NULL DEFAULT NULL,
  `last_update_by` varchar(50) NOT NULL,
  `last_update_date` timestamp NULL DEFAULT NULL,
  PRIMARY KEY (`content_id`),
  FULLTEXT KEY `content` (`content`),
  FULLTEXT KEY `subject` (`subject`)
) ENGINE=MyISAM  DEFAULT CHARSET=latin1 AUTO_INCREMENT=117 ;

--
-- Dumping data for table `content`
--

INSERT INTO `content` (`content_id`, `content_type_id`, `parent_id`, `subject`, `content`, `terms`, `published_cb`, `weightage`, `rev_enabled_cb`, `rev_number`, `created_by`, `creation_date`, `last_update_by`, `last_update_date`) VALUES
(1, 1, 0, 'test02', '<p>As reported by TOI on July 29, Hyderabad will remain the common capital of the splintered states for 10 years &mdash; a balancing act that recognizes Telangana\\''sclaim on the city but seeks to soften the blow to the opponents who were also concerned about the investments of coastal Andhra businesses in the capital. The Centre will help AP build a new capi</p>\r\n<p>As reported by TOI on July 29, Hyderabad will remain the common capital of the splintered states for 10 years &mdash; a balancing act that recognizes Telangana\\''sclaim on the city but seeks to soften the blow to the opponents who were also concerned about the investments of coastal Andhra businesses in the capital. The Centre will help AP build a new capi</p>\r\n<p>As reported by TOI on July 29, Hyderabad will remain the common capital of the splintered states for 10 years &mdash; a balancing act that recognizes Telangana\\''sclaim on the city but seeks to soften the blow to the opponents who were also concerned about the investments of coastal Andhra businesses in the capital. The Centre will help AP build a new capi</p>', '', 0, 1, 0, '1', 'inoerp', '0000-00-00 00:00:00', 'inoerp', '0000-00-00 00:00:00'),
(55, 1, NULL, 'asdas', '<p>asdsa</p>', NULL, NULL, NULL, NULL, NULL, 'inoerp', '0000-00-00 00:00:00', 'inoerp', '0000-00-00 00:00:00'),
(56, 1, 0, 'parqatest', '<p>para1<br /><br />para2<br /><br />para3</p>', '', 0, 0, 0, '', 'inoerp', '0000-00-00 00:00:00', 'inoerp', '0000-00-00 00:00:00'),
(57, 1, NULL, 'Para test again', '<p>Para test again with details</p>\r\n<p>para 1 details goes here @all the &amp;@#^ daetails</p>\r\n<p>para 2 details goes here @all the &amp;@#^ daetails</p>\r\n<p>para 3 details goes here @all the &amp;@#^ daetails</p>', NULL, NULL, NULL, NULL, NULL, 'inoerp', '0000-00-00 00:00:00', 'inoerp', '0000-00-00 00:00:00'),
(58, 1, 0, 'asfdsaf', '<p>asfasf</p>', '', 0, 0, 0, '', 'inoerp', '0000-00-00 00:00:00', 'inoerp', '0000-00-00 00:00:00'),
(59, 1, 0, 'asdasd', '<p>asdfsad</p>', '', 0, 0, 0, '', 'inoerp', '0000-00-00 00:00:00', 'inoerp', '0000-00-00 00:00:00'),
(60, 1, NULL, 'tell what is being asked here.', '<p><span style="color: #000000; font-family: Arial, ''Liberation Sans'', ''DejaVu Sans'', sans-serif; font-size: 13px; font-style: normal; font-variant: normal; font-weight: normal; letter-spacing: normal; line-height: 19px; orphans: auto; text-align: left; text-indent: 0px; text-transform: none; white-space: normal; widows: auto; word-spacing: 0px; -webkit-text-stroke-width: 0px; background-color: #eeeeee; display: inline !important; float: none;">It''s difficult to tell what is being asked here. This question is ambiguous, vague, incomplete, overly broad, or rhetorical and cannot be reasonably answered in its current form. For help clarifying this question so that it can be reopened,<span class="Apple-converted-space">&nbsp;</span></span><a style="margin: 0px; padding: 0px; border: 0px; font-size: 13px; vertical-align: baseline; background-color: #eeeeee; color: #4a6b82; text-decoration: none; cursor: pointer; font-family: Arial, ''Liberation Sans'', ''DejaVu Sans'', sans-serif; font-style: normal; font-variant: normal; font-weight: normal; letter-spacing: normal; line-height: 19px; orphans: auto; text-align: left; text-indent: 0px; text-transform: none; white-space: normal; widows: auto; word-spacing: 0px; -webkit-text-stroke-width: 0px; background-position: initial initial; background-repeat: initial initial;" href="http://stackoverflow.com/help/reopen-questions">visit the help center</a><span style="color: #000000; font-family: Arial, ''Liberation Sans'', ''DejaVu Sans'', sans-serif; font-size: 13px; font-style: normal; font-variant: normal; font-weight: normal; letter-spacing: normal; line-height: 19px; orphans: auto; text-align: left; text-indent: 0px; text-transform: none; white-space: normal; widows: auto; word-spacing: 0px; -webkit-text-stroke-width: 0px; background-color: #eeeeee; display: inline !important; float: none;">.</span></p>', NULL, NULL, NULL, NULL, NULL, 'inoerp', '0000-00-00 00:00:00', 'inoerp', '0000-00-00 00:00:00'),
(2, 1, 0, 'test02', '<p style="color: #000000; font-family: Arial, Helvetica, sans-serif; font-size: 12px; font-style: normal; font-variant: normal; font-weight: normal; letter-spacing: normal; line-height: 18px; orphans: auto; text-align: start; text-indent: 0px; text-transform: none; white-space: normal; widows: auto; word-spacing: 0px; -webkit-text-stroke-width: 0px; background-color: #ffffff;">Throughout the purchasing process you are able to:<br />&bull;<span class="Apple-converted-space">&nbsp;</span><strong>Route transactions according to your approval structure</strong>. Approval authorization limits are defined by amount, charge account, item category, and location. For documents that require your approval, you can review and approve transactions on-line. Also, you can see the full transaction detail and review the action history before you approve a transaction.</p>\r\n<div style="color: #000000; font-family: Arial, Helvetica, sans-serif; font-size: 12px; font-style: normal; font-variant: normal; font-weight: normal; letter-spacing: normal; line-height: 18px; orphans: auto; text-align: start; text-indent: 0px; text-transform: none; white-space: normal; widows: auto; word-spacing: 0px; -webkit-text-stroke-width: 0px; background-color: #ffffff;">&bull;<strong><span class="Apple-converted-space">&nbsp;</span>View Approval Status</strong>. Purchasing automatically displays the approval status of your transaction and informs you whether it is Approved, Cancelled, In Process, Incomplete,Pre-Approved, Rejected, or Returned. You know where your transaction is within this flow at all times.</div>\r\n<p style="color: #000000; font-family: Arial, Helvetica, sans-serif; font-size: 12px; font-style: normal; font-variant: normal; font-weight: normal; letter-spacing: normal; line-height: 18px; orphans: auto; text-align: start; text-indent: 0px; text-transform: none; white-space: normal; widows: auto; word-spacing: 0px; -webkit-text-stroke-width: 0px; background-color: #ffffff;">&bull; Automatically<span class="Apple-converted-space">&nbsp;</span><strong>generate distribution accounts</strong>. Purchasing uses Account Generator to enter the distribution automatically whenever possible.<br />&bull; Provide<strong><span class="Apple-converted-space">&nbsp;</span>attachments as notes</strong><span class="Apple-converted-space">&nbsp;</span>on transaction headers and lines.</p>', '', 0, 0, 0, '', 'inoerp', '0000-00-00 00:00:00', 'inoerp', '0000-00-00 00:00:00'),
(3, 1, 0, 'test02', '<p>Throughout the purchasing process you are able to:<br />&bull;<span class="\\&quot;Apple-converted-space\\&quot;">&nbsp;</span><strong>Route transactions according to your approval structure</strong>. Approval authorization limits are defined by amount, charge account, item category, and location. For documents that require your approval, you can review and approve transactions on-line. Also, you can see the full transaction detail and review the action history before you approve a transaction.</p>\r\n<p>&nbsp;</p>\r\n<div>&bull;<strong><span class="\\&quot;Apple-converted-space\\&quot;">&nbsp;</span>View Approval Status</strong>. Purchasing automatically displays the approval status of your transaction and informs you whether it is Approved, Cancelled, In Process, Incomplete,Pre-Approved, Rejected, or Returned. You know where your transaction is within this flow at all times.</div>\r\n<p>&bull; Automatically<span class="\\&quot;Apple-converted-space\\&quot;">&nbsp;</span><strong>generate distribution accounts</strong>. Purchasing uses Account Generator to enter the distribution automatically whenever possible.<br />&bull; Provide<strong><span class="\\&quot;Apple-converted-space\\&quot;">&nbsp;</span>attachments as notes</strong><span class="\\&quot;Apple-converted-space\\&quot;">&nbsp;</span>on transaction headers and lines.</p>', '', 0, 0, 0, '', 'inoerp', '0000-00-00 00:00:00', 'inoerp', '0000-00-00 00:00:00'),
(4, 1, 1, 'test02', '<p>Throughout the purchasing process you are able to:<br />&bull;<span class="\\&quot;\\\\&quot;Apple-converted-space\\\\&quot;\\&quot;">&nbsp;</span><strong>Route transactions according to your approval structure</strong>. Approval authorization limits are defined by amount, charge account, item category, and location. For documents that require your approval, you can review and approve transactions on-line. Also, you can see the full transaction detail and review the action history before you approve a transaction.</p>\r\n<p>&bull;<strong><span class="\\&quot;\\\\&quot;Apple-converted-space\\\\&quot;\\&quot;">&nbsp;</span>View Approval Status</strong>. Purchasing automatically displays the approval status of your transaction and informs you whether it is Approved, Cancelled, In Process, Incomplete,Pre-Approved, Rejected, or Returned. You know where your transaction is within this flow at all times.</p>\r\n<p>&bull; Automatically<span class="\\&quot;\\\\&quot;Apple-converted-space\\\\&quot;\\&quot;">&nbsp;</span><strong>generate distribution accounts</strong>. Purchasing uses Account Generator to enter the distribution automatically whenever possible.<br />&bull; Provide<strong><span class="\\&quot;\\\\&quot;Apple-converted-space\\\\&quot;\\&quot;">&nbsp;</span>attachments as notes</strong><span class="\\&quot;\\\\&quot;Apple-converted-space\\\\&quot;\\&quot;">&nbsp;</span>on transaction headers and lines.</p>', '', 0, 0, 0, '', 'inoerp', '0000-00-00 00:00:00', 'inoerp', '0000-00-00 00:00:00'),
(5, 1, NULL, 'test02', '<p>Throughout the purchasing process you are able to:<br />&bull;<span class="\\&quot;\\\\&quot;\\\\\\\\&quot;Apple-converted-space\\\\\\\\&quot;\\\\&quot;\\&quot;">&nbsp;</span><strong>Route transactions according to your approval structure</strong>. Approval authorization limits are defined by amount, charge account, item category, and location. For documents that require your approval, you can review and approve transactions on-line. Also, you can see the full transaction detail and review the action history before you approve a transaction.</p>\r\n<p>\\r\\n</p>\r\n<p>&bull;<strong><span class="\\&quot;\\\\&quot;\\\\\\\\&quot;Apple-converted-space\\\\\\\\&quot;\\\\&quot;\\&quot;">&nbsp;</span>View Approval Status</strong>. Purchasing automatically displays the approval status of your transaction and informs you whether it is Approved, Cancelled, In Process, Incomplete,Pre-Approved, Rejected, or Returned. You know where your transaction is within this flow at all times.</p>\r\n<p>\\r\\n</p>\r\n<p>&bull; Automatically<span class="\\&quot;\\\\&quot;\\\\\\\\&quot;Apple-converted-space\\\\\\\\&quot;\\\\&quot;\\&quot;">&nbsp;</span><strong>generate distribution accounts</strong>. Purchasing uses Account Generator to enter the distribution automatically whenever possible.<br />&bull; Provide<strong><span class="\\&quot;\\\\&quot;\\\\\\\\&quot;Apple-converted-space\\\\\\\\&quot;\\\\&quot;\\&quot;">&nbsp;</span>attachments as notes</strong><span class="\\&quot;\\\\&quot;\\\\\\\\&quot;Apple-converted-space\\\\\\\\&quot;\\\\&quot;\\&quot;">&nbsp;</span>on transaction headers and lines.</p>', NULL, 1, NULL, 1, NULL, 'inoerp', '0000-00-00 00:00:00', 'inoerp', '0000-00-00 00:00:00'),
(6, 1, NULL, 'test02', '<p>Throughout the purchasing process you are able to:<br />&bull;<span class="\\&quot;\\\\&quot;\\\\\\\\&quot;\\\\\\\\\\\\\\\\&quot;Apple-converted-space\\\\\\\\\\\\\\\\&quot;\\\\\\\\&quot;\\\\&quot;\\&quot;">&nbsp;</span><strong>Route transactions according to your approval structure</strong>. Approval authorization limits are defined by amount, charge account, item category, and location. For documents that require your approval, you can review and approve transactions on-line. Also, you can see the full transaction detail and review the action history before you approve a transaction.</p>\r\n<p><strong>View Approval Status</strong>. Purchasing automatically displays the approval status of your transaction and informs you whether it is Approved, Cancelled, In Process, Incomplete,Pre-Approved, Rejected, or Returned. You know where your transaction is within this flow at all times.</p>\r\n<p>&bull; Automatically<span class="\\&quot;\\\\&quot;\\\\\\\\&quot;\\\\\\\\\\\\\\\\&quot;Apple-converted-space\\\\\\\\\\\\\\\\&quot;\\\\\\\\&quot;\\\\&quot;\\&quot;">&nbsp;</span><strong>generate distribution accounts</strong>. Purchasing uses Account Generator to enter the distribution automatically whenever possible.<br />&bull; Provide<strong><span class="\\&quot;\\\\&quot;\\\\\\\\&quot;\\\\\\\\\\\\\\\\&quot;Apple-converted-space\\\\\\\\\\\\\\\\&quot;\\\\\\\\&quot;\\\\&quot;\\&quot;">&nbsp;</span>attachments as notes</strong><span class="\\&quot;\\\\&quot;\\\\\\\\&quot;\\\\\\\\\\\\\\\\&quot;Apple-converted-space\\\\\\\\\\\\\\\\&quot;\\\\\\\\&quot;\\\\&quot;\\&quot;">&nbsp;</span>on transaction headers and lines.</p>', NULL, 1, NULL, 1, NULL, 'inoerp', '0000-00-00 00:00:00', 'inoerp', '0000-00-00 00:00:00'),
(7, 1, NULL, 'test02', '<p>Throughout the purchasing process you are able to:<br />&bull;<span class="\\&quot;\\\\&quot;\\\\\\\\&quot;\\\\\\\\\\\\\\\\&quot;\\\\\\\\\\\\\\\\\\\\\\\\\\\\\\\\&quot;Apple-converted-space\\\\\\\\\\\\\\\\\\\\\\\\\\\\\\\\&quot;\\\\\\\\\\\\\\\\&quot;\\\\\\\\&quot;\\\\&quot;\\&quot;">&nbsp;</span><strong>Route transactions according to your approval structure</strong>. Approval authorization limits are defined by amount, charge account, item category, and location. For documents that require your approval, you can review and approve transactions on-line. Also, you can see the full transaction detail and review the action history before you approve a transaction.<strong>iew Approval Status</strong>. Purchasing automatically displays the approval status of your transaction and informs you whether it is Approved, Cancelled, In Process, Incomplete,Pre-Approved, Rejected, or Returned. You know where your transaction is within this flow at all times.&bull; Automatically<span class="\\&quot;\\\\&quot;\\\\\\\\&quot;\\\\\\\\\\\\\\\\&quot;\\\\\\\\\\\\\\\\\\\\\\\\\\\\\\\\&quot;Apple-converted-space\\\\\\\\\\\\\\\\\\\\\\\\\\\\\\\\&quot;\\\\\\\\\\\\\\\\&quot;\\\\\\\\&quot;\\\\&quot;\\&quot;">&nbsp;</span><strong>generate distribution accounts</strong>. Purchasing uses Account Generator to enter the distribution automatically whenever possible.<br />&bull; Provide<strong><span class="\\&quot;\\\\&quot;\\\\\\\\&quot;\\\\\\\\\\\\\\\\&quot;\\\\\\\\\\\\\\\\\\\\\\\\\\\\\\\\&quot;Apple-converted-space\\\\\\\\\\\\\\\\\\\\\\\\\\\\\\\\&quot;\\\\\\\\\\\\\\\\&quot;\\\\\\\\&quot;\\\\&quot;\\&quot;">&nbsp;</span>attachments as notes</strong><span class="\\&quot;\\\\&quot;\\\\\\\\&quot;\\\\\\\\\\\\\\\\&quot;\\\\\\\\\\\\\\\\\\\\\\\\\\\\\\\\&quot;Apple-converted-space\\\\\\\\\\\\\\\\\\\\\\\\\\\\\\\\&quot;\\\\\\\\\\\\\\\\&quot;\\\\\\\\&quot;\\\\&quot;\\&quot;">&nbsp;</span>on transaction headers and lines.</p>', NULL, 1, NULL, 1, NULL, 'inoerp', '0000-00-00 00:00:00', 'inoerp', '0000-00-00 00:00:00'),
(8, 1, NULL, 'test02', '<p>Throughout the purchasing process you are able to:<br />&bull;<span class="\\&quot;\\\\&quot;\\\\\\\\&quot;\\\\\\\\\\\\\\\\&quot;\\\\\\\\\\\\\\\\\\\\\\\\\\\\\\\\&quot;\\\\\\\\\\\\\\\\\\\\\\\\\\\\\\\\\\\\\\\\\\\\\\\\\\\\\\\\\\\\\\\\&quot;Apple-converted-space\\\\\\\\\\\\\\\\\\\\\\\\\\\\\\\\\\\\\\\\\\\\\\\\\\\\\\\\\\\\\\\\&quot;\\\\\\\\\\\\\\\\\\\\\\\\\\\\\\\\&quot;\\\\\\\\\\\\\\\\&quot;\\\\\\\\&quot;\\\\&quot;\\&quot;">&nbsp;</span><strong>Route transactions according to your approval structure</strong>. Approval authorization limits are defined by amount, charge account, item category, and location. For documents that require your approval, you can review and approve transactions on-line. Also, you can see the full transaction detail and review the action history before you approve a transaction.<strong>iew Approval Status</strong>. Purchasing automatically displays the approval status of your transaction and informs you whether it is Approved, Cancelled, In Process, Incomplete,Pre-Approved, Rejected, or Returned. You know where your transaction is within this flow at all times.</p>\r\n<p>&bull; Automatically<span class="\\&quot;\\\\&quot;\\\\\\\\&quot;\\\\\\\\\\\\\\\\&quot;\\\\\\\\\\\\\\\\\\\\\\\\\\\\\\\\&quot;\\\\\\\\\\\\\\\\\\\\\\\\\\\\\\\\\\\\\\\\\\\\\\\\\\\\\\\\\\\\\\\\&quot;Apple-converted-space\\\\\\\\\\\\\\\\\\\\\\\\\\\\\\\\\\\\\\\\\\\\\\\\\\\\\\\\\\\\\\\\&quot;\\\\\\\\\\\\\\\\\\\\\\\\\\\\\\\\&quot;\\\\\\\\\\\\\\\\&quot;\\\\\\\\&quot;\\\\&quot;\\&quot;">&nbsp;</span><strong>generate distribution accounts</strong>. Purchasing uses Account Generator to enter the distribution automatically whenever possible.<br />&bull; Provide<strong><span class="\\&quot;\\\\&quot;\\\\\\\\&quot;\\\\\\\\\\\\\\\\&quot;\\\\\\\\\\\\\\\\\\\\\\\\\\\\\\\\&quot;\\\\\\\\\\\\\\\\\\\\\\\\\\\\\\\\\\\\\\\\\\\\\\\\\\\\\\\\\\\\\\\\&quot;Apple-converted-space\\\\\\\\\\\\\\\\\\\\\\\\\\\\\\\\\\\\\\\\\\\\\\\\\\\\\\\\\\\\\\\\&quot;\\\\\\\\\\\\\\\\\\\\\\\\\\\\\\\\&quot;\\\\\\\\\\\\\\\\&quot;\\\\\\\\&quot;\\\\&quot;\\&quot;">&nbsp;</span>attachments as notes</strong><span class="\\&quot;\\\\&quot;\\\\\\\\&quot;\\\\\\\\\\\\\\\\&quot;\\\\\\\\\\\\\\\\\\\\\\\\\\\\\\\\&quot;\\\\\\\\\\\\\\\\\\\\\\\\\\\\\\\\\\\\\\\\\\\\\\\\\\\\\\\\\\\\\\\\&quot;Apple-converted-space\\\\\\\\\\\\\\\\\\\\\\\\\\\\\\\\\\\\\\\\\\\\\\\\\\\\\\\\\\\\\\\\&quot;\\\\\\\\\\\\\\\\\\\\\\\\\\\\\\\\&quot;\\\\\\\\\\\\\\\\&quot;\\\\\\\\&quot;\\\\&quot;\\&quot;">&nbsp;</span>on transaction headers and lines.</p>', NULL, 1, NULL, 1, NULL, 'inoerp', '0000-00-00 00:00:00', 'inoerp', '0000-00-00 00:00:00'),
(9, 1, NULL, 'test02', '<p>Throughout the purchasing process you are able to:<br />&bull;<span class="\\&quot;\\\\&quot;\\\\\\\\&quot;\\\\\\\\\\\\\\\\&quot;\\\\\\\\\\\\\\\\\\\\\\\\\\\\\\\\&quot;\\\\\\\\\\\\\\\\\\\\\\\\\\\\\\\\\\\\\\\\\\\\\\\\\\\\\\\\\\\\\\\\&quot;\\\\\\\\\\\\\\\\\\\\\\\\\\\\\\\\\\\\\\\\\\\\\\\\\\\\\\\\\\\\\\\\\\\\\\\\\\\\\\\\\\\\\\\\\\\\\\\\\\\\\\\\\\\\\\\\\\\\\\\\\\\\\\\\&quot;Apple-converted-space\\\\\\\\\\\\\\\\\\\\\\\\\\\\\\\\\\\\\\\\\\\\\\\\\\\\\\\\\\\\\\\\\\\\\\\\\\\\\\\\\\\\\\\\\\\\\\\\\\\\\\\\\\\\\\\\\\\\\\\\\\\\\\\\&quot;\\\\\\\\\\\\\\\\\\\\\\\\\\\\\\\\\\\\\\\\\\\\\\\\\\\\\\\\\\\\\\\\&quot;\\\\\\\\\\\\\\\\\\\\\\\\\\\\\\\\&quot;\\\\\\\\\\\\\\\\&quot;\\\\\\\\&quot;\\\\&quot;\\&quot;">&nbsp;</span><strong>Route transactions according to your approval structure</strong>. Approval authorization limits are defined by amount, charge account, item category, and location. For documents that require your approval, you can review and approve transactions on-line. Also, you can see the full transaction detail and review the action history before you approve a transaction.<strong>iew Approval Status</strong>. Purchasing automatically displays the approval status of your transaction and informs you whether it is Approved, Cancelled, In Process, Incomplete,Pre-Approved, Rejected, or Returned. You know where your transaction is within this flow at all times.&bull; Automatically<span class="\\&quot;\\\\&quot;\\\\\\\\&quot;\\\\\\\\\\\\\\\\&quot;\\\\\\\\\\\\\\\\\\\\\\\\\\\\\\\\&quot;\\\\\\\\\\\\\\\\\\\\\\\\\\\\\\\\\\\\\\\\\\\\\\\\\\\\\\\\\\\\\\\\&quot;\\\\\\\\\\\\\\\\\\\\\\\\\\\\\\\\\\\\\\\\\\\\\\\\\\\\\\\\\\\\\\\\\\\\\\\\\\\\\\\\\\\\\\\\\\\\\\\\\\\\\\\\\\\\\\\\\\\\\\\\\\\\\\\\&quot;Apple-converted-space\\\\\\\\\\\\\\\\\\\\\\\\\\\\\\\\\\\\\\\\\\\\\\\\\\\\\\\\\\\\\\\\\\\\\\\\\\\\\\\\\\\\\\\\\\\\\\\\\\\\\\\\\\\\\\\\\\\\\\\\\\\\\\\\&quot;\\\\\\\\\\\\\\\\\\\\\\\\\\\\\\\\\\\\\\\\\\\\\\\\\\\\\\\\\\\\\\\\&quot;\\\\\\\\\\\\\\\\\\\\\\\\\\\\\\\\&quot;\\\\\\\\\\\\\\\\&quot;\\\\\\\\&quot;\\\\&quot;\\&quot;">&nbsp;</span><strong>generate distribution accounts</strong>. Purchasing uses Account Generator to enter the distribution automatically whenever possible.<br />&bull; Provide<strong><span class="\\&quot;\\\\&quot;\\\\\\\\&quot;\\\\\\\\\\\\\\\\&quot;\\\\\\\\\\\\\\\\\\\\\\\\\\\\\\\\&quot;\\\\\\\\\\\\\\\\\\\\\\\\\\\\\\\\\\\\\\\\\\\\\\\\\\\\\\\\\\\\\\\\&quot;\\\\\\\\\\\\\\\\\\\\\\\\\\\\\\\\\\\\\\\\\\\\\\\\\\\\\\\\\\\\\\\\\\\\\\\\\\\\\\\\\\\\\\\\\\\\\\\\\\\\\\\\\\\\\\\\\\\\\\\\\\\\\\\\&quot;Apple-converted-space\\\\\\\\\\\\\\\\\\\\\\\\\\\\\\\\\\\\\\\\\\\\\\\\\\\\\\\\\\\\\\\\\\\\\\\\\\\\\\\\\\\\\\\\\\\\\\\\\\\\\\\\\\\\\\\\\\\\\\\\\\\\\\\\&quot;\\\\\\\\\\\\\\\\\\\\\\\\\\\\\\\\\\\\\\\\\\\\\\\\\\\\\\\\\\\\\\\\&quot;\\\\\\\\\\\\\\\\\\\\\\\\\\\\\\\\&quot;\\\\\\\\\\\\\\\\&quot;\\\\\\\\&quot;\\\\&quot;\\&quot;">&nbsp;</span>attachments as notes</strong><span class="\\&quot;\\\\&quot;\\\\\\\\&quot;\\\\\\\\\\\\\\\\&quot;\\\\\\\\\\\\\\\\\\\\\\\\\\\\\\\\&quot;\\\\\\\\\\\\\\\\\\\\\\\\\\\\\\\\\\\\\\\\\\\\\\\\\\\\\\\\\\\\\\\\&quot;\\\\\\\\\\\\\\\\\\\\\\\\\\\\\\\\\\\\\\\\\\\\\\\\\\\\\\\\\\\\\\\\\\\\\\\\\\\\\\\\\\\\\\\\\\\\\\\\\\\\\\\\\\\\\\\\\\\\\\\\\\\\\\\\&quot;Apple-converted-space\\\\\\\\\\\\\\\\\\\\\\\\\\\\\\\\\\\\\\\\\\\\\\\\\\\\\\\\\\\\\\\\\\\\\\\\\\\\\\\\\\\\\\\\\\\\\\\\\\\\\\\\\\\\\\\\\\\\\\\\\\\\\\\\&quot;\\\\\\\\\\\\\\\\\\\\\\\\\\\\\\\\\\\\\\\\\\\\\\\\\\\\\\\\\\\\\\\\&quot;\\\\\\\\\\\\\\\\\\\\\\\\\\\\\\\\&quot;\\\\\\\\\\\\\\\\&quot;\\\\\\\\&quot;\\\\&quot;\\&quot;">&nbsp;</span>on transaction headers and lines.</p>', NULL, 1, NULL, 1, NULL, 'inoerp', '0000-00-00 00:00:00', 'inoerp', '0000-00-00 00:00:00'),
(10, 1, 0, 'test02', '<p>Throughout the purchasing process you are able to: &bull;<span class="\\&quot;\\\\&quot;\\\\\\\\&quot;\\\\\\\\\\\\\\\\&quot;\\\\\\\\\\\\\\\\\\\\\\\\\\\\\\\\&quot;\\\\\\\\\\\\\\\\\\\\\\\\\\\\\\\\\\\\\\\\\\\\\\\\\\\\\\\\\\\\\\\\&quot;\\\\\\\\\\\\\\\\\\\\\\\\\\\\\\\\\\\\\\\\\\\\\\\\\\\\\\\\\\\\\\\\\\\\\\\\\\\\\\\\\\\\\\\\\\\\\\\\\\\\\\\\\\\\\\\\\\\\\\\\\\\\\\\\&quot;\\\\\\\\\\\\\\\\\\\\\\\\\\\\\\\\\\\\\\\\\\\\\\\\\\\\\\\\\\\\\\\\\\\\\\\\\\\\\\\\\\\\\\\\\\\\\\\\\\\\\\\\\\\\\\\\\\\\\\\\\\\\\\\\\\\\\\\\\\\\\\\\\\\\\\\\\\\\\\\\\\\\\\\\\\\\\\\\\\\\\\\\\\\\\\\\\\\\\\\\\\\\\\\\\\\\\\\\\\\\\\\\\\\\\\\\\\\\\\\\\\\\\\\\\\\\\\\\&quot;\\\\\\\\\\\\\\\\\\\\\\\\\\\\\\\\\\\\\\\\\\\\\\\\\\\\\\\\\\\\\\\\\\\\\\\\\\\\\\\\\\\\\\\\\\\\\\\\\\\\\\\\\\\\\\\\\\\\\\\\\\\\\\\\\\\\\\\\\\\\\\\\\\\\\\\\\\\\\\\\\\\\\\\\\\\\\\\\\\\\\\\\\\\\\\\\\\\\\\\\\\\\\\\\\\\\\\\\\\\\\\\\\\\\\\\\\\\\\\\\\\\\\\\\\\\\\\\\\\\\\\\\\\\\\\\\\\\\\\\\\\\\\\\\\\\\\\\\\\\\\\\\\\\\\\\\\\\\\\\\\\\\\\\\\\\\\\\\\\\\\\\\\\\\\\\\\\\\\\\\\\\\\\\\\\\\\\\\\\\\\\\\\\\\\\\\\\\\\\\\\\\\\\\\\\\\\\\\\\\\\\\\\\\\\\\\\\\\\\\\\\\\\\\\\\\\\\\\\\\\\\\\\\\\\\\\\\\\\\\\\\\\\\\\\\\\\\\\\\\\\\\\\\\\\\\\&quot;Apple-converted-space\\\\\\\\\\\\\\\\\\\\\\\\\\\\\\\\\\\\\\\\\\\\\\\\\\\\\\\\\\\\\\\\\\\\\\\\\\\\\\\\\\\\\\\\\\\\\\\\\\\\\\\\\\\\\\\\\\\\\\\\\\\\\\\\\\\\\\\\\\\\\\\\\\\\\\\\\\\\\\\\\\\\\\\\\\\\\\\\\\\\\\\\\\\\\\\\\\\\\\\\\\\\\\\\\\\\\\\\\\\\\\\\\\\\\\\\\\\\\\\\\\\\\\\\\\\\\\\\\\\\\\\\\\\\\\\\\\\\\\\\\\\\\\\\\\\\\\\\\\\\\\\\\\\\\\\\\\\\\\\\\\\\\\\\\\\\\\\\\\\\\\\\\\\\\\\\\\\\\\\\\\\\\\\\\\\\\\\\\\\\\\\\\\\\\\\\\\\\\\\\\\\\\\\\\\\\\\\\\\\\\\\\\\\\\\\\\\\\\\\\\\\\\\\\\\\\\\\\\\\\\\\\\\\\\\\\\\\\\\\\\\\\\\\\\\\\\\\\\\\\\\\\\\\\\\\\&quot;\\\\\\\\\\\\\\\\\\\\\\\\\\\\\\\\\\\\\\\\\\\\\\\\\\\\\\\\\\\\\\\\\\\\\\\\\\\\\\\\\\\\\\\\\\\\\\\\\\\\\\\\\\\\\\\\\\\\\\\\\\\\\\\\\\\\\\\\\\\\\\\\\\\\\\\\\\\\\\\\\\\\\\\\\\\\\\\\\\\\\\\\\\\\\\\\\\\\\\\\\\\\\\\\\\\\\\\\\\\\\\\\\\\\\\\\\\\\\\\\\\\\\\\\\\\\\\\\&quot;\\\\\\\\\\\\\\\\\\\\\\\\\\\\\\\\\\\\\\\\\\\\\\\\\\\\\\\\\\\\\\\\\\\\\\\\\\\\\\\\\\\\\\\\\\\\\\\\\\\\\\\\\\\\\\\\\\\\\\\\\\\\\\\\&quot;\\\\\\\\\\\\\\\\\\\\\\\\\\\\\\\\\\\\\\\\\\\\\\\\\\\\\\\\\\\\\\\\&quot;\\\\\\\\\\\\\\\\\\\\\\\\\\\\\\\\&quot;\\\\\\\\\\\\\\\\&quot;\\\\\\\\&quot;\\\\&quot;\\&quot;">&nbsp;</span><strong>Route transactions according to your approval structure</strong>. Approval authorization limits are defined by amount, charge account, item category, and location. For documents that require your approval, you can review and approve transactions on-line. Also, you can see the full transaction detail and review the action history before you approve a transaction.<strong>iew Approval Status</strong>. Purchasing automatically displays the approval status of your transaction and informs you whether it is Approved, Cancelled, In Process, Incomplete,Pre-Approved, Rejected, or Returned. You know where your transaction is within this flow at all times.&bull; Automatically<span class="\\&quot;\\\\&quot;\\\\\\\\&quot;\\\\\\\\\\\\\\\\&quot;\\\\\\\\\\\\\\\\\\\\\\\\\\\\\\\\&quot;\\\\\\\\\\\\\\\\\\\\\\\\\\\\\\\\\\\\\\\\\\\\\\\\\\\\\\\\\\\\\\\\&quot;\\\\\\\\\\\\\\\\\\\\\\\\\\\\\\\\\\\\\\\\\\\\\\\\\\\\\\\\\\\\\\\\\\\\\\\\\\\\\\\\\\\\\\\\\\\\\\\\\\\\\\\\\\\\\\\\\\\\\\\\\\\\\\\\&quot;\\\\\\\\\\\\\\\\\\\\\\\\\\\\\\\\\\\\\\\\\\\\\\\\\\\\\\\\\\\\\\\\\\\\\\\\\\\\\\\\\\\\\\\\\\\\\\\\\\\\\\\\\\\\\\\\\\\\\\\\\\\\\\\\\\\\\\\\\\\\\\\\\\\\\\\\\\\\\\\\\\\\\\\\\\\\\\\\\\\\\\\\\\\\\\\\\\\\\\\\\\\\\\\\\\\\\\\\\\\\\\\\\\\\\\\\\\\\\\\\\\\\\\\\\\\\\\\\&quot;\\\\\\\\\\\\\\\\\\\\\\\\\\\\\\\\\\\\\\\\\\\\\\\\\\\\\\\\\\\\\\\\\\\\\\\\\\\\\\\\\\\\\\\\\\\\\\\\\\\\\\\\\\\\\\\\\\\\\\\\\\\\\\\\\\\\\\\\\\\\\\\\\\\\\\\\\\\\\\\\\\\\\\\\\\\\\\\\\\\\\\\\\\\\\\\\\\\\\\\\\\\\\\\\\\\\\\\\\\\\\\\\\\\\\\\\\\\\\\\\\\\\\\\\\\\\\\\\\\\\\\\\\\\\\\\\\\\\\\\\\\\\\\\\\\\\\\\\\\\\\\\\\\\\\\\\\\\\\\\\\\\\\\\\\\\\\\\\\\\\\\\\\\\\\\\\\\\\\\\\\\\\\\\\\\\\\\\\\\\\\\\\\\\\\\\\\\\\\\\\\\\\\\\\\\\\\\\\\\\\\\\\\\\\\\\\\\\\\\\\\\\\\\\\\\\\\\\\\\\\\\\\\\\\\\\\\\\\\\\\\\\\\\\\\\\\\\\\\\\\\\\\\\\\\\\\&quot;Apple-converted-space\\\\\\\\\\\\\\\\\\\\\\\\\\\\\\\\\\\\\\\\\\\\\\\\\\\\\\\\\\\\\\\\\\\\\\\\\\\\\\\\\\\\\\\\\\\\\\\\\\\\\\\\\\\\\\\\\\\\\\\\\\\\\\\\\\\\\\\\\\\\\\\\\\\\\\\\\\\\\\\\\\\\\\\\\\\\\\\\\\\\\\\\\\\\\\\\\\\\\\\\\\\\\\\\\\\\\\\\\\\\\\\\\\\\\\\\\\\\\\\\\\\\\\\\\\\\\\\\\\\\\\\\\\\\\\\\\\\\\\\\\\\\\\\\\\\\\\\\\\\\\\\\\\\\\\\\\\\\\\\\\\\\\\\\\\\\\\\\\\\\\\\\\\\\\\\\\\\\\\\\\\\\\\\\\\\\\\\\\\\\\\\\\\\\\\\\\\\\\\\\\\\\\\\\\\\\\\\\\\\\\\\\\\\\\\\\\\\\\\\\\\\\\\\\\\\\\\\\\\\\\\\\\\\\\\\\\\\\\\\\\\\\\\\\\\\\\\\\\\\\\\\\\\\\\\\\&quot;\\\\\\\\\\\\\\\\\\\\\\\\\\\\\\\\\\\\\\\\\\\\\\\\\\\\\\\\\\\\\\\\\\\\\\\\\\\\\\\\\\\\\\\\\\\\\\\\\\\\\\\\\\\\\\\\\\\\\\\\\\\\\\\\\\\\\\\\\\\\\\\\\\\\\\\\\\\\\\\\\\\\\\\\\\\\\\\\\\\\\\\\\\\\\\\\\\\\\\\\\\\\\\\\\\\\\\\\\\\\\\\\\\\\\\\\\\\\\\\\\\\\\\\\\\\\\\\\&quot;\\\\\\\\\\\\\\\\\\\\\\\\\\\\\\\\\\\\\\\\\\\\\\\\\\\\\\\\\\\\\\\\\\\\\\\\\\\\\\\\\\\\\\\\\\\\\\\\\\\\\\\\\\\\\\\\\\\\\\\\\\\\\\\\&quot;\\\\\\\\\\\\\\\\\\\\\\\\\\\\\\\\\\\\\\\\\\\\\\\\\\\\\\\\\\\\\\\\&quot;\\\\\\\\\\\\\\\\\\\\\\\\\\\\\\\\&quot;\\\\\\\\\\\\\\\\&quot;\\\\\\\\&quot;\\\\&quot;\\&quot;">&nbsp;</span><strong>generate distribution accounts</strong>. Purchasing uses Account Generator to enter the distribution automatically whenever possible.<br />&bull; Provide<strong><span class="\\&quot;\\\\&quot;\\\\\\\\&quot;\\\\\\\\\\\\\\\\&quot;\\\\\\\\\\\\\\\\\\\\\\\\\\\\\\\\&quot;\\\\\\\\\\\\\\\\\\\\\\\\\\\\\\\\\\\\\\\\\\\\\\\\\\\\\\\\\\\\\\\\&quot;\\\\\\\\\\\\\\\\\\\\\\\\\\\\\\\\\\\\\\\\\\\\\\\\\\\\\\\\\\\\\\\\\\\\\\\\\\\\\\\\\\\\\\\\\\\\\\\\\\\\\\\\\\\\\\\\\\\\\\\\\\\\\\\\&quot;\\\\\\\\\\\\\\\\\\\\\\\\\\\\\\\\\\\\\\\\\\\\\\\\\\\\\\\\\\\\\\\\\\\\\\\\\\\\\\\\\\\\\\\\\\\\\\\\\\\\\\\\\\\\\\\\\\\\\\\\\\\\\\\\\\\\\\\\\\\\\\\\\\\\\\\\\\\\\\\\\\\\\\\\\\\\\\\\\\\\\\\\\\\\\\\\\\\\\\\\\\\\\\\\\\\\\\\\\\\\\\\\\\\\\\\\\\\\\\\\\\\\\\\\\\\\\\\\&quot;\\\\\\\\\\\\\\\\\\\\\\\\\\\\\\\\\\\\\\\\\\\\\\\\\\\\\\\\\\\\\\\\\\\\\\\\\\\\\\\\\\\\\\\\\\\\\\\\\\\\\\\\\\\\\\\\\\\\\\\\\\\\\\\\\\\\\\\\\\\\\\\\\\\\\\\\\\\\\\\\\\\\\\\\\\\\\\\\\\\\\\\\\\\\\\\\\\\\\\\\\\\\\\\\\\\\\\\\\\\\\\\\\\\\\\\\\\\\\\\\\\\\\\\\\\\\\\\\\\\\\\\\\\\\\\\\\\\\\\\\\\\\\\\\\\\\\\\\\\\\\\\\\\\\\\\\\\\\\\\\\\\\\\\\\\\\\\\\\\\\\\\\\\\\\\\\\\\\\\\\\\\\\\\\\\\\\\\\\\\\\\\\\\\\\\\\\\\\\\\\\\\\\\\\\\\\\\\\\\\\\\\\\\\\\\\\\\\\\\\\\\\\\\\\\\\\\\\\\\\\\\\\\\\\\\\\\\\\\\\\\\\\\\\\\\\\\\\\\\\\\\\\\\\\\\\\&quot;Apple-converted-space\\\\\\\\\\\\\\\\\\\\\\\\\\\\\\\\\\\\\\\\\\\\\\\\\\\\\\\\\\\\\\\\\\\\\\\\\\\\\\\\\\\\\\\\\\\\\\\\\\\\\\\\\\\\\\\\\\\\\\\\\\\\\\\\\\\\\\\\\\\\\\\\\\\\\\\\\\\\\\\\\\\\\\\\\\\\\\\\\\\\\\\\\\\\\\\\\\\\\\\\\\\\\\\\\\\\\\\\\\\\\\\\\\\\\\\\\\\\\\\\\\\\\\\\\\\\\\\\\\\\\\\\\\\\\\\\\\\\\\\\\\\\\\\\\\\\\\\\\\\\\\\\\\\\\\\\\\\\\\\\\\\\\\\\\\\\\\\\\\\\\\\\\\\\\\\\\\\\\\\\\\\\\\\\\\\\\\\\\\\\\\\\\\\\\\\\\\\\\\\\\\\\\\\\\\\\\\\\\\\\\\\\\\\\\\\\\\\\\\\\\\\\\\\\\\\\\\\\\\\\\\\\\\\\\\\\\\\\\\\\\\\\\\\\\\\\\\\\\\\\\\\\\\\\\\\\&quot;\\\\\\\\\\\\\\\\\\\\\\\\\\\\\\\\\\\\\\\\\\\\\\\\\\\\\\\\\\\\\\\\\\\\\\\\\\\\\\\\\\\\\\\\\\\\\\\\\\\\\\\\\\\\\\\\\\\\\\\\\\\\\\\\\\\\\\\\\\\\\\\\\\\\\\\\\\\\\\\\\\\\\\\\\\\\\\\\\\\\\\\\\\\\\\\\\\\\\\\\\\\\\\\\\\\\\\\\\\\\\\\\\\\\\\\\\\\\\\\\\\\\\\\\\\\\\\\\&quot;\\\\\\\\\\\\\\\\\\\\\\\\\\\\\\\\\\\\\\\\\\\\\\\\\\\\\\\\\\\\\\\\\\\\\\\\\\\\\\\\\\\\\\\\\\\\\\\\\\\\\\\\\\\\\\\\\\\\\\\\\\\\\\\\&quot;\\\\\\\\\\\\\\\\\\\\\\\\\\\\\\\\\\\\\\\\\\\\\\\\\\\\\\\\\\\\\\\\&quot;\\\\\\\\\\\\\\\\\\\\\\\\\\\\\\\\&quot;\\\\\\\\\\\\\\\\&quot;\\\\\\\\&quot;\\\\&quot;\\&quot;">&nbsp;</span>attachments as notes</strong><span class="\\&quot;\\\\&quot;\\\\\\\\&quot;\\\\\\\\\\\\\\\\&quot;\\\\\\\\\\\\\\\\\\\\\\\\\\\\\\\\&quot;\\\\\\\\\\\\\\\\\\\\\\\\\\\\\\\\\\\\\\\\\\\\\\\\\\\\\\\\\\\\\\\\&quot;\\\\\\\\\\\\\\\\\\\\\\\\\\\\\\\\\\\\\\\\\\\\\\\\\\\\\\\\\\\\\\\\\\\\\\\\\\\\\\\\\\\\\\\\\\\\\\\\\\\\\\\\\\\\\\\\\\\\\\\\\\\\\\\\&quot;\\\\\\\\\\\\\\\\\\\\\\\\\\\\\\\\\\\\\\\\\\\\\\\\\\\\\\\\\\\\\\\\\\\\\\\\\\\\\\\\\\\\\\\\\\\\\\\\\\\\\\\\\\\\\\\\\\\\\\\\\\\\\\\\\\\\\\\\\\\\\\\\\\\\\\\\\\\\\\\\\\\\\\\\\\\\\\\\\\\\\\\\\\\\\\\\\\\\\\\\\\\\\\\\\\\\\\\\\\\\\\\\\\\\\\\\\\\\\\\\\\\\\\\\\\\\\\\\&quot;\\\\\\\\\\\\\\\\\\\\\\\\\\\\\\\\\\\\\\\\\\\\\\\\\\\\\\\\\\\\\\\\\\\\\\\\\\\\\\\\\\\\\\\\\\\\\\\\\\\\\\\\\\\\\\\\\\\\\\\\\\\\\\\\\\\\\\\\\\\\\\\\\\\\\\\\\\\\\\\\\\\\\\\\\\\\\\\\\\\\\\\\\\\\\\\\\\\\\\\\\\\\\\\\\\\\\\\\\\\\\\\\\\\\\\\\\\\\\\\\\\\\\\\\\\\\\\\\\\\\\\\\\\\\\\\\\\\\\\\\\\\\\\\\\\\\\\\\\\\\\\\\\\\\\\\\\\\\\\\\\\\\\\\\\\\\\\\\\\\\\\\\\\\\\\\\\\\\\\\\\\\\\\\\\\\\\\\\\\\\\\\\\\\\\\\\\\\\\\\\\\\\\\\\\\\\\\\\\\\\\\\\\\\\\\\\\\\\\\\\\\\\\\\\\\\\\\\\\\\\\\\\\\\\\\\\\\\\\\\\\\\\\\\\\\\\\\\\\\\\\\\\\\\\\\\\&quot;Apple-converted-space\\\\\\\\\\\\\\\\\\\\\\\\\\\\\\\\\\\\\\\\\\\\\\\\\\\\\\\\\\\\\\\\\\\\\\\\\\\\\\\\\\\\\\\\\\\\\\\\\\\\\\\\\\\\\\\\\\\\\\\\\\\\\\\\\\\\\\\\\\\\\\\\\\\\\\\\\\\\\\\\\\\\\\\\\\\\\\\\\\\\\\\\\\\\\\\\\\\\\\\\\\\\\\\\\\\\\\\\\\\\\\\\\\\\\\\\\\\\\\\\\\\\\\\\\\\\\\\\\\\\\\\\\\\\\\\\\\\\\\\\\\\\\\\\\\\\\\\\\\\\\\\\\\\\\\\\\\\\\\\\\\\\\\\\\\\\\\\\\\\\\\\\\\\\\\\\\\\\\\\\\\\\\\\\\\\\\\\\\\\\\\\\\\\\\\\\\\\\\\\\\\\\\\\\\\\\\\\\\\\\\\\\\\\\\\\\\\\\\\\\\\\\\\\\\\\\\\\\\\\\\\\\\\\\\\\\\\\\\\\\\\\\\\\\\\\\\\\\\\\\\\\\\\\\\\\\&quot;\\\\\\\\\\\\\\\\\\\\\\\\\\\\\\\\\\\\\\\\\\\\\\\\\\\\\\\\\\\\\\\\\\\\\\\\\\\\\\\\\\\\\\\\\\\\\\\\\\\\\\\\\\\\\\\\\\\\\\\\\\\\\\\\\\\\\\\\\\\\\\\\\\\\\\\\\\\\\\\\\\\\\\\\\\\\\\\\\\\\\\\\\\\\\\\\\\\\\\\\\\\\\\\\\\\\\\\\\\\\\\\\\\\\\\\\\\\\\\\\\\\\\\\\\\\\\\\\&quot;\\\\\\\\\\\\\\\\\\\\\\\\\\\\\\\\\\\\\\\\\\\\\\\\\\\\\\\\\\\\\\\\\\\\\\\\\\\\\\\\\\\\\\\\\\\\\\\\\\\\\\\\\\\\\\\\\\\\\\\\\\\\\\\\&quot;\\\\\\\\\\\\\\\\\\\\\\\\\\\\\\\\\\\\\\\\\\\\\\\\\\\\\\\\\\\\\\\\&quot;\\\\\\\\\\\\\\\\\\\\\\\\\\\\\\\\&quot;\\\\\\\\\\\\\\\\&quot;\\\\\\\\&quot;\\\\&quot;\\&quot;">&nbsp;</span>on transaction headers and lines.</p>', '', 0, 0, 0, '', 'inoerp', '0000-00-00 00:00:00', 'inoerp', '0000-00-00 00:00:00'),
(11, 1, NULL, 'test02', '<p>Throughout the purchasing process you are able to:<br /><br />&bull;<span class="\\&quot;\\\\&quot;\\\\\\\\&quot;\\\\\\\\\\\\\\\\&quot;\\\\\\\\\\\\\\\\\\\\\\\\\\\\\\\\&quot;\\\\\\\\\\\\\\\\\\\\\\\\\\\\\\\\\\\\\\\\\\\\\\\\\\\\\\\\\\\\\\\\&quot;\\\\\\\\\\\\\\\\\\\\\\\\\\\\\\\\\\\\\\\\\\\\\\\\\\\\\\\\\\\\\\\\\\\\\\\\\\\\\\\\\\\\\\\\\\\\\\\\\\\\\\\\\\\\\\\\\\\\\\\\\\\\\\\\&quot;\\\\\\\\\\\\\\\\\\\\\\\\\\\\\\\\\\\\\\\\\\\\\\\\\\\\\\\\\\\\\\\\\\\\\\\\\\\\\\\\\\\\\\\\\\\\\\\\\\\\\\\\\\\\\\\\\\\\\\\\\\\\\\\\\\\\\\\\\\\\\\\\\\\\\\\\\\\\\\\\\\\\\\\\\\\\\\\\\\\\\\\\\\\\\\\\\\\\\\\\\\\\\\\\\\\\\\\\\\\\\\\\\\\\\\\\\\\\\\\\\\\\\\\\\\\\\\\\&quot;\\\\\\\\\\\\\\\\\\\\\\\\\\\\\\\\\\\\\\\\\\\\\\\\\\\\\\\\\\\\\\\\\\\\\\\\\\\\\\\\\\\\\\\\\\\\\\\\\\\\\\\\\\\\\\\\\\\\\\\\\\\\\\\\\\\\\\\\\\\\\\\\\\\\\\\\\\\\\\\\\\\\\\\\\\\\\\\\\\\\\\\\\\\\\\\\\\\\\\\\\\\\\\\\\\\\\\\\\\\\\\\\\\\\\\\\\\\\\\\\\\\\\\\\\\\\\\\\\\\\\\\\\\\\\\\\\\\\\\\\\\\\\\\\\\\\\\\\\\\\\\\\\\\\\\\\\\\\\\\\\\\\\\\\\\\\\\\\\\\\\\\\\\\\\\\\\\\\\\\\\\\\\\\\\\\\\\\\\\\\\\\\\\\\\\\\\\\\\\\\\\\\\\\\\\\\\\\\\\\\\\\\\\\\\\\\\\\\\\\\\\\\\\\\\\\\\\\\\\\\\\\\\\\\\\\\\\\\\\\\\\\\\\\\\\\\\\\\\\\\\\\\\\\\\\\\&quot;Apple-converted-space\\\\\\\\\\\\\\\\\\\\\\\\\\\\\\\\\\\\\\\\\\\\\\\\\\\\\\\\\\\\\\\\\\\\\\\\\\\\\\\\\\\\\\\\\\\\\\\\\\\\\\\\\\\\\\\\\\\\\\\\\\\\\\\\\\\\\\\\\\\\\\\\\\\\\\\\\\\\\\\\\\\\\\\\\\\\\\\\\\\\\\\\\\\\\\\\\\\\\\\\\\\\\\\\\\\\\\\\\\\\\\\\\\\\\\\\\\\\\\\\\\\\\\\\\\\\\\\\\\\\\\\\\\\\\\\\\\\\\\\\\\\\\\\\\\\\\\\\\\\\\\\\\\\\\\\\\\\\\\\\\\\\\\\\\\\\\\\\\\\\\\\\\\\\\\\\\\\\\\\\\\\\\\\\\\\\\\\\\\\\\\\\\\\\\\\\\\\\\\\\\\\\\\\\\\\\\\\\\\\\\\\\\\\\\\\\\\\\\\\\\\\\\\\\\\\\\\\\\\\\\\\\\\\\\\\\\\\\\\\\\\\\\\\\\\\\\\\\\\\\\\\\\\\\\\\\&quot;\\\\\\\\\\\\\\\\\\\\\\\\\\\\\\\\\\\\\\\\\\\\\\\\\\\\\\\\\\\\\\\\\\\\\\\\\\\\\\\\\\\\\\\\\\\\\\\\\\\\\\\\\\\\\\\\\\\\\\\\\\\\\\\\\\\\\\\\\\\\\\\\\\\\\\\\\\\\\\\\\\\\\\\\\\\\\\\\\\\\\\\\\\\\\\\\\\\\\\\\\\\\\\\\\\\\\\\\\\\\\\\\\\\\\\\\\\\\\\\\\\\\\\\\\\\\\\\\&quot;\\\\\\\\\\\\\\\\\\\\\\\\\\\\\\\\\\\\\\\\\\\\\\\\\\\\\\\\\\\\\\\\\\\\\\\\\\\\\\\\\\\\\\\\\\\\\\\\\\\\\\\\\\\\\\\\\\\\\\\\\\\\\\\\&quot;\\\\\\\\\\\\\\\\\\\\\\\\\\\\\\\\\\\\\\\\\\\\\\\\\\\\\\\\\\\\\\\\&quot;\\\\\\\\\\\\\\\\\\\\\\\\\\\\\\\\&quot;\\\\\\\\\\\\\\\\&quot;\\\\\\\\&quot;\\\\&quot;\\&quot;">&nbsp;</span><strong>Route transactions according to your approval structure</strong>. Approval authorization limits are defined by amount, charge account, item category, and location. For documents that require your approval, you can review and approve transactions on-line. Also, you can see the full transaction detail and review the action history before you approve a transaction.<strong>iew Approval Status</strong>. Purchasing automatically displays the approval status of your transaction and informs you whether it is Approved, Cancelled, In Process, Incomplete,Pre-Approved, Rejected, or Returned. You know where your transaction is within this flow at all times.&bull; Automatically<span class="\\&quot;\\\\&quot;\\\\\\\\&quot;\\\\\\\\\\\\\\\\&quot;\\\\\\\\\\\\\\\\\\\\\\\\\\\\\\\\&quot;\\\\\\\\\\\\\\\\\\\\\\\\\\\\\\\\\\\\\\\\\\\\\\\\\\\\\\\\\\\\\\\\&quot;\\\\\\\\\\\\\\\\\\\\\\\\\\\\\\\\\\\\\\\\\\\\\\\\\\\\\\\\\\\\\\\\\\\\\\\\\\\\\\\\\\\\\\\\\\\\\\\\\\\\\\\\\\\\\\\\\\\\\\\\\\\\\\\\&quot;\\\\\\\\\\\\\\\\\\\\\\\\\\\\\\\\\\\\\\\\\\\\\\\\\\\\\\\\\\\\\\\\\\\\\\\\\\\\\\\\\\\\\\\\\\\\\\\\\\\\\\\\\\\\\\\\\\\\\\\\\\\\\\\\\\\\\\\\\\\\\\\\\\\\\\\\\\\\\\\\\\\\\\\\\\\\\\\\\\\\\\\\\\\\\\\\\\\\\\\\\\\\\\\\\\\\\\\\\\\\\\\\\\\\\\\\\\\\\\\\\\\\\\\\\\\\\\\\&quot;\\\\\\\\\\\\\\\\\\\\\\\\\\\\\\\\\\\\\\\\\\\\\\\\\\\\\\\\\\\\\\\\\\\\\\\\\\\\\\\\\\\\\\\\\\\\\\\\\\\\\\\\\\\\\\\\\\\\\\\\\\\\\\\\\\\\\\\\\\\\\\\\\\\\\\\\\\\\\\\\\\\\\\\\\\\\\\\\\\\\\\\\\\\\\\\\\\\\\\\\\\\\\\\\\\\\\\\\\\\\\\\\\\\\\\\\\\\\\\\\\\\\\\\\\\\\\\\\\\\\\\\\\\\\\\\\\\\\\\\\\\\\\\\\\\\\\\\\\\\\\\\\\\\\\\\\\\\\\\\\\\\\\\\\\\\\\\\\\\\\\\\\\\\\\\\\\\\\\\\\\\\\\\\\\\\\\\\\\\\\\\\\\\\\\\\\\\\\\\\\\\\\\\\\\\\\\\\\\\\\\\\\\\\\\\\\\\\\\\\\\\\\\\\\\\\\\\\\\\\\\\\\\\\\\\\\\\\\\\\\\\\\\\\\\\\\\\\\\\\\\\\\\\\\\\\\&quot;Apple-converted-space\\\\\\\\\\\\\\\\\\\\\\\\\\\\\\\\\\\\\\\\\\\\\\\\\\\\\\\\\\\\\\\\\\\\\\\\\\\\\\\\\\\\\\\\\\\\\\\\\\\\\\\\\\\\\\\\\\\\\\\\\\\\\\\\\\\\\\\\\\\\\\\\\\\\\\\\\\\\\\\\\\\\\\\\\\\\\\\\\\\\\\\\\\\\\\\\\\\\\\\\\\\\\\\\\\\\\\\\\\\\\\\\\\\\\\\\\\\\\\\\\\\\\\\\\\\\\\\\\\\\\\\\\\\\\\\\\\\\\\\\\\\\\\\\\\\\\\\\\\\\\\\\\\\\\\\\\\\\\\\\\\\\\\\\\\\\\\\\\\\\\\\\\\\\\\\\\\\\\\\\\\\\\\\\\\\\\\\\\\\\\\\\\\\\\\\\\\\\\\\\\\\\\\\\\\\\\\\\\\\\\\\\\\\\\\\\\\\\\\\\\\\\\\\\\\\\\\\\\\\\\\\\\\\\\\\\\\\\\\\\\\\\\\\\\\\\\\\\\\\\\\\\\\\\\\\\&quot;\\\\\\\\\\\\\\\\\\\\\\\\\\\\\\\\\\\\\\\\\\\\\\\\\\\\\\\\\\\\\\\\\\\\\\\\\\\\\\\\\\\\\\\\\\\\\\\\\\\\\\\\\\\\\\\\\\\\\\\\\\\\\\\\\\\\\\\\\\\\\\\\\\\\\\\\\\\\\\\\\\\\\\\\\\\\\\\\\\\\\\\\\\\\\\\\\\\\\\\\\\\\\\\\\\\\\\\\\\\\\\\\\\\\\\\\\\\\\\\\\\\\\\\\\\\\\\\\&quot;\\\\\\\\\\\\\\\\\\\\\\\\\\\\\\\\\\\\\\\\\\\\\\\\\\\\\\\\\\\\\\\\\\\\\\\\\\\\\\\\\\\\\\\\\\\\\\\\\\\\\\\\\\\\\\\\\\\\\\\\\\\\\\\\&quot;\\\\\\\\\\\\\\\\\\\\\\\\\\\\\\\\\\\\\\\\\\\\\\\\\\\\\\\\\\\\\\\\&quot;\\\\\\\\\\\\\\\\\\\\\\\\\\\\\\\\&quot;\\\\\\\\\\\\\\\\&quot;\\\\\\\\&quot;\\\\&quot;\\&quot;">&nbsp;</span><strong>generate distribution accounts</strong>. Purchasing uses Account Generator to enter the distribution automatically whenever possible.<br />&bull; Provide<strong><span class="\\&quot;\\\\&quot;\\\\\\\\&quot;\\\\\\\\\\\\\\\\&quot;\\\\\\\\\\\\\\\\\\\\\\\\\\\\\\\\&quot;\\\\\\\\\\\\\\\\\\\\\\\\\\\\\\\\\\\\\\\\\\\\\\\\\\\\\\\\\\\\\\\\&quot;\\\\\\\\\\\\\\\\\\\\\\\\\\\\\\\\\\\\\\\\\\\\\\\\\\\\\\\\\\\\\\\\\\\\\\\\\\\\\\\\\\\\\\\\\\\\\\\\\\\\\\\\\\\\\\\\\\\\\\\\\\\\\\\\&quot;\\\\\\\\\\\\\\\\\\\\\\\\\\\\\\\\\\\\\\\\\\\\\\\\\\\\\\\\\\\\\\\\\\\\\\\\\\\\\\\\\\\\\\\\\\\\\\\\\\\\\\\\\\\\\\\\\\\\\\\\\\\\\\\\\\\\\\\\\\\\\\\\\\\\\\\\\\\\\\\\\\\\\\\\\\\\\\\\\\\\\\\\\\\\\\\\\\\\\\\\\\\\\\\\\\\\\\\\\\\\\\\\\\\\\\\\\\\\\\\\\\\\\\\\\\\\\\\\&quot;\\\\\\\\\\\\\\\\\\\\\\\\\\\\\\\\\\\\\\\\\\\\\\\\\\\\\\\\\\\\\\\\\\\\\\\\\\\\\\\\\\\\\\\\\\\\\\\\\\\\\\\\\\\\\\\\\\\\\\\\\\\\\\\\\\\\\\\\\\\\\\\\\\\\\\\\\\\\\\\\\\\\\\\\\\\\\\\\\\\\\\\\\\\\\\\\\\\\\\\\\\\\\\\\\\\\\\\\\\\\\\\\\\\\\\\\\\\\\\\\\\\\\\\\\\\\\\\\\\\\\\\\\\\\\\\\\\\\\\\\\\\\\\\\\\\\\\\\\\\\\\\\\\\\\\\\\\\\\\\\\\\\\\\\\\\\\\\\\\\\\\\\\\\\\\\\\\\\\\\\\\\\\\\\\\\\\\\\\\\\\\\\\\\\\\\\\\\\\\\\\\\\\\\\\\\\\\\\\\\\\\\\\\\\\\\\\\\\\\\\\\\\\\\\\\\\\\\\\\\\\\\\\\\\\\\\\\\\\\\\\\\\\\\\\\\\\\\\\\\\\\\\\\\\\\\\&quot;Apple-converted-space\\\\\\\\\\\\\\\\\\\\\\\\\\\\\\\\\\\\\\\\\\\\\\\\\\\\\\\\\\\\\\\\\\\\\\\\\\\\\\\\\\\\\\\\\\\\\\\\\\\\\\\\\\\\\\\\\\\\\\\\\\\\\\\\\\\\\\\\\\\\\\\\\\\\\\\\\\\\\\\\\\\\\\\\\\\\\\\\\\\\\\\\\\\\\\\\\\\\\\\\\\\\\\\\\\\\\\\\\\\\\\\\\\\\\\\\\\\\\\\\\\\\\\\\\\\\\\\\\\\\\\\\\\\\\\\\\\\\\\\\\\\\\\\\\\\\\\\\\\\\\\\\\\\\\\\\\\\\\\\\\\\\\\\\\\\\\\\\\\\\\\\\\\\\\\\\\\\\\\\\\\\\\\\\\\\\\\\\\\\\\\\\\\\\\\\\\\\\\\\\\\\\\\\\\\\\\\\\\\\\\\\\\\\\\\\\\\\\\\\\\\\\\\\\\\\\\\\\\\\\\\\\\\\\\\\\\\\\\\\\\\\\\\\\\\\\\\\\\\\\\\\\\\\\\\\\&quot;\\\\\\\\\\\\\\\\\\\\\\\\\\\\\\\\\\\\\\\\\\\\\\\\\\\\\\\\\\\\\\\\\\\\\\\\\\\\\\\\\\\\\\\\\\\\\\\\\\\\\\\\\\\\\\\\\\\\\\\\\\\\\\\\\\\\\\\\\\\\\\\\\\\\\\\\\\\\\\\\\\\\\\\\\\\\\\\\\\\\\\\\\\\\\\\\\\\\\\\\\\\\\\\\\\\\\\\\\\\\\\\\\\\\\\\\\\\\\\\\\\\\\\\\\\\\\\\\&quot;\\\\\\\\\\\\\\\\\\\\\\\\\\\\\\\\\\\\\\\\\\\\\\\\\\\\\\\\\\\\\\\\\\\\\\\\\\\\\\\\\\\\\\\\\\\\\\\\\\\\\\\\\\\\\\\\\\\\\\\\\\\\\\\\&quot;\\\\\\\\\\\\\\\\\\\\\\\\\\\\\\\\\\\\\\\\\\\\\\\\\\\\\\\\\\\\\\\\&quot;\\\\\\\\\\\\\\\\\\\\\\\\\\\\\\\\&quot;\\\\\\\\\\\\\\\\&quot;\\\\\\\\&quot;\\\\&quot;\\&quot;">&nbsp;</span>attachments as notes</strong><span class="\\&quot;\\\\&quot;\\\\\\\\&quot;\\\\\\\\\\\\\\\\&quot;\\\\\\\\\\\\\\\\\\\\\\\\\\\\\\\\&quot;\\\\\\\\\\\\\\\\\\\\\\\\\\\\\\\\\\\\\\\\\\\\\\\\\\\\\\\\\\\\\\\\&quot;\\\\\\\\\\\\\\\\\\\\\\\\\\\\\\\\\\\\\\\\\\\\\\\\\\\\\\\\\\\\\\\\\\\\\\\\\\\\\\\\\\\\\\\\\\\\\\\\\\\\\\\\\\\\\\\\\\\\\\\\\\\\\\\\&quot;\\\\\\\\\\\\\\\\\\\\\\\\\\\\\\\\\\\\\\\\\\\\\\\\\\\\\\\\\\\\\\\\\\\\\\\\\\\\\\\\\\\\\\\\\\\\\\\\\\\\\\\\\\\\\\\\\\\\\\\\\\\\\\\\\\\\\\\\\\\\\\\\\\\\\\\\\\\\\\\\\\\\\\\\\\\\\\\\\\\\\\\\\\\\\\\\\\\\\\\\\\\\\\\\\\\\\\\\\\\\\\\\\\\\\\\\\\\\\\\\\\\\\\\\\\\\\\\\&quot;\\\\\\\\\\\\\\\\\\\\\\\\\\\\\\\\\\\\\\\\\\\\\\\\\\\\\\\\\\\\\\\\\\\\\\\\\\\\\\\\\\\\\\\\\\\\\\\\\\\\\\\\\\\\\\\\\\\\\\\\\\\\\\\\\\\\\\\\\\\\\\\\\\\\\\\\\\\\\\\\\\\\\\\\\\\\\\\\\\\\\\\\\\\\\\\\\\\\\\\\\\\\\\\\\\\\\\\\\\\\\\\\\\\\\\\\\\\\\\\\\\\\\\\\\\\\\\\\\\\\\\\\\\\\\\\\\\\\\\\\\\\\\\\\\\\\\\\\\\\\\\\\\\\\\\\\\\\\\\\\\\\\\\\\\\\\\\\\\\\\\\\\\\\\\\\\\\\\\\\\\\\\\\\\\\\\\\\\\\\\\\\\\\\\\\\\\\\\\\\\\\\\\\\\\\\\\\\\\\\\\\\\\\\\\\\\\\\\\\\\\\\\\\\\\\\\\\\\\\\\\\\\\\\\\\\\\\\\\\\\\\\\\\\\\\\\\\\\\\\\\\\\\\\\\\\\&quot;Apple-converted-space\\\\\\\\\\\\\\\\\\\\\\\\\\\\\\\\\\\\\\\\\\\\\\\\\\\\\\\\\\\\\\\\\\\\\\\\\\\\\\\\\\\\\\\\\\\\\\\\\\\\\\\\\\\\\\\\\\\\\\\\\\\\\\\\\\\\\\\\\\\\\\\\\\\\\\\\\\\\\\\\\\\\\\\\\\\\\\\\\\\\\\\\\\\\\\\\\\\\\\\\\\\\\\\\\\\\\\\\\\\\\\\\\\\\\\\\\\\\\\\\\\\\\\\\\\\\\\\\\\\\\\\\\\\\\\\\\\\\\\\\\\\\\\\\\\\\\\\\\\\\\\\\\\\\\\\\\\\\\\\\\\\\\\\\\\\\\\\\\\\\\\\\\\\\\\\\\\\\\\\\\\\\\\\\\\\\\\\\\\\\\\\\\\\\\\\\\\\\\\\\\\\\\\\\\\\\\\\\\\\\\\\\\\\\\\\\\\\\\\\\\\\\\\\\\\\\\\\\\\\\\\\\\\\\\\\\\\\\\\\\\\\\\\\\\\\\\\\\\\\\\\\\\\\\\\\\&quot;\\\\\\\\\\\\\\\\\\\\\\\\\\\\\\\\\\\\\\\\\\\\\\\\\\\\\\\\\\\\\\\\\\\\\\\\\\\\\\\\\\\\\\\\\\\\\\\\\\\\\\\\\\\\\\\\\\\\\\\\\\\\\\\\\\\\\\\\\\\\\\\\\\\\\\\\\\\\\\\\\\\\\\\\\\\\\\\\\\\\\\\\\\\\\\\\\\\\\\\\\\\\\\\\\\\\\\\\\\\\\\\\\\\\\\\\\\\\\\\\\\\\\\\\\\\\\\\\&quot;\\\\\\\\\\\\\\\\\\\\\\\\\\\\\\\\\\\\\\\\\\\\\\\\\\\\\\\\\\\\\\\\\\\\\\\\\\\\\\\\\\\\\\\\\\\\\\\\\\\\\\\\\\\\\\\\\\\\\\\\\\\\\\\\&quot;\\\\\\\\\\\\\\\\\\\\\\\\\\\\\\\\\\\\\\\\\\\\\\\\\\\\\\\\\\\\\\\\&quot;\\\\\\\\\\\\\\\\\\\\\\\\\\\\\\\\&quot;\\\\\\\\\\\\\\\\&quot;\\\\\\\\&quot;\\\\&quot;\\&quot;">&nbsp;</span>on transaction headers and lines.</p>', NULL, 1, NULL, 1, NULL, 'inoerp', '0000-00-00 00:00:00', 'inoerp', '0000-00-00 00:00:00');
INSERT INTO `content` (`content_id`, `content_type_id`, `parent_id`, `subject`, `content`, `terms`, `published_cb`, `weightage`, `rev_enabled_cb`, `rev_number`, `created_by`, `creation_date`, `last_update_by`, `last_update_date`) VALUES
(12, 1, NULL, 'test02', '<p>Throughout the purchasing process you are able to:<br /><br />&bull;<span class="\\&quot;\\\\&quot;\\\\\\\\&quot;\\\\\\\\\\\\\\\\&quot;\\\\\\\\\\\\\\\\\\\\\\\\\\\\\\\\&quot;\\\\\\\\\\\\\\\\\\\\\\\\\\\\\\\\\\\\\\\\\\\\\\\\\\\\\\\\\\\\\\\\&quot;\\\\\\\\\\\\\\\\\\\\\\\\\\\\\\\\\\\\\\\\\\\\\\\\\\\\\\\\\\\\\\\\\\\\\\\\\\\\\\\\\\\\\\\\\\\\\\\\\\\\\\\\\\\\\\\\\\\\\\\\\\\\\\\\&quot;\\\\\\\\\\\\\\\\\\\\\\\\\\\\\\\\\\\\\\\\\\\\\\\\\\\\\\\\\\\\\\\\\\\\\\\\\\\\\\\\\\\\\\\\\\\\\\\\\\\\\\\\\\\\\\\\\\\\\\\\\\\\\\\\\\\\\\\\\\\\\\\\\\\\\\\\\\\\\\\\\\\\\\\\\\\\\\\\\\\\\\\\\\\\\\\\\\\\\\\\\\\\\\\\\\\\\\\\\\\\\\\\\\\\\\\\\\\\\\\\\\\\\\\\\\\\\\\\&quot;\\\\\\\\\\\\\\\\\\\\\\\\\\\\\\\\\\\\\\\\\\\\\\\\\\\\\\\\\\\\\\\\\\\\\\\\\\\\\\\\\\\\\\\\\\\\\\\\\\\\\\\\\\\\\\\\\\\\\\\\\\\\\\\\\\\\\\\\\\\\\\\\\\\\\\\\\\\\\\\\\\\\\\\\\\\\\\\\\\\\\\\\\\\\\\\\\\\\\\\\\\\\\\\\\\\\\\\\\\\\\\\\\\\\\\\\\\\\\\\\\\\\\\\\\\\\\\\\\\\\\\\\\\\\\\\\\\\\\\\\\\\\\\\\\\\\\\\\\\\\\\\\\\\\\\\\\\\\\\\\\\\\\\\\\\\\\\\\\\\\\\\\\\\\\\\\\\\\\\\\\\\\\\\\\\\\\\\\\\\\\\\\\\\\\\\\\\\\\\\\\\\\\\\\\\\\\\\\\\\\\\\\\\\\\\\\\\\\\\\\\\\\\\\\\\\\\\\\\\\\\\\\\\\\\\\\\\\\\\\\\\\\\\\\\\\\\\\\\\\\\\\\\\\\\\\\&quot;\\\\\\\\\\\\\\\\\\\\\\\\\\\\\\\\\\\\\\\\\\\\\\\\\\\\\\\\\\\\\\\\\\\\\\\\\\\\\\\\\\\\\\\\\\\\\\\\\\\\\\\\\\\\\\\\\\\\\\\\\\\\\\\\\\\\\\\\\\\\\\\\\\\\\\\\\\\\\\\\\\\\\\\\\\\\\\\\\\\\\\\\\\\\\\\\\\\\\\\\\\\\\\\\\\\\\\\\\\\\\\\\\\\\\\\\\\\\\\\\\\\\\\\\\\\\\\\\\\\\\\\\\\\\\\\\\\\\\\\\\\\\\\\\\\\\\\\\\\\\\\\\\\\\\\\\\\\\\\\\\\\\\\\\\\\\\\\\\\\\\\\\\\\\\\\\\\\\\\\\\\\\\\\\\\\\\\\\\\\\\\\\\\\\\\\\\\\\\\\\\\\\\\\\\\\\\\\\\\\\\\\\\\\\\\\\\\\\\\\\\\\\\\\\\\\\\\\\\\\\\\\\\\\\\\\\\\\\\\\\\\\\\\\\\\\\\\\\\\\\\\\\\\\\\\\\\\\\\\\\\\\\\\\\\\\\\\\\\\\\\\\\\\\\\\\\\\\\\\\\\\\\\\\\\\\\\\\\\\\\\\\\\\\\\\\\\\\\\\\\\\\\\\\\\\\\\\\\\\\\\\\\\\\\\\\\\\\\\\\\\\\\\\\\\\\\\\\\\\\\\\\\\\\\\\\\\\\\\\\\\\\\\\\\\\\\\\\\\\\\\\\\\\\\\\\\\\\\\\\\\\\\\\\\\\\\\\\\\\\\\\\\\\\\\\\\\\\\\\\\\\\\\\\\\\\\\\\\\\\\\\\\\\\\\\\\\\\\\\\\\\\\\\\\\\\\\\\\\\\\\\\\\\\\\\\\\\\\\\\\\\\\\\\\\\\\\\\\\\\\\\\\\\\\\\\\\\\\\\\\\\\\\\\\\\\\\\\\\\\\\\\\\\\\\\\\\\\\\\\\\\\\\\\\\\\\\\\\\\\\\\\\\\\\\\\\\\\\\\\\\\\\\\\\\\\\\\\\\\\\\\\\\\\\\\\\\\\\\\\\\\\\\\\\\\\\\\\\\\\\\\\\&quot;Apple-converted-space\\\\\\\\\\\\\\\\\\\\\\\\\\\\\\\\\\\\\\\\\\\\\\\\\\\\\\\\\\\\\\\\\\\\\\\\\\\\\\\\\\\\\\\\\\\\\\\\\\\\\\\\\\\\\\\\\\\\\\\\\\\\\\\\\\\\\\\\\\\\\\\\\\\\\\\\\\\\\\\\\\\\\\\\\\\\\\\\\\\\\\\\\\\\\\\\\\\\\\\\\\\\\\\\\\\\\\\\\\\\\\\\\\\\\\\\\\\\\\\\\\\\\\\\\\\\\\\\\\\\\\\\\\\\\\\\\\\\\\\\\\\\\\\\\\\\\\\\\\\\\\\\\\\\\\\\\\\\\\\\\\\\\\\\\\\\\\\\\\\\\\\\\\\\\\\\\\\\\\\\\\\\\\\\\\\\\\\\\\\\\\\\\\\\\\\\\\\\\\\\\\\\\\\\\\\\\\\\\\\\\\\\\\\\\\\\\\\\\\\\\\\\\\\\\\\\\\\\\\\\\\\\\\\\\\\\\\\\\\\\\\\\\\\\\\\\\\\\\\\\\\\\\\\\\\\\\\\\\\\\\\\\\\\\\\\\\\\\\\\\\\\\\\\\\\\\\\\\\\\\\\\\\\\\\\\\\\\\\\\\\\\\\\\\\\\\\\\\\\\\\\\\\\\\\\\\\\\\\\\\\\\\\\\\\\\\\\\\\\\\\\\\\\\\\\\\\\\\\\\\\\\\\\\\\\\\\\\\\\\\\\\\\\\\\\\\\\\\\\\\\\\\\\\\\\\\\\\\\\\\\\\\\\\\\\\\\\\\\\\\\\\\\\\\\\\\\\\\\\\\\\\\\\\\\\\\\\\\\\\\\\\\\\\\\\\\\\\\\\\\\\\\\\\\\\\\\\\\\\\\\\\\\\\\\\\\\\\\\\\\\\\\\\\\\\\\\\\\\\\\\\\\\\\\\\\\\\\\\\\\\\\\\\\\\\\\\\\\\\\\\\\\\\\\\\\\\\\\\\\\\\\\\\\\\\\\\\\\\\\\\\\\\\\\\\\\\\\\\\\\\\\\\\\\\\\\\\\\\\\\\\\\\\\\\\\\\\\\\\\\\\\\\\\\\\\\\\\\\\\\\\\\&quot;\\\\\\\\\\\\\\\\\\\\\\\\\\\\\\\\\\\\\\\\\\\\\\\\\\\\\\\\\\\\\\\\\\\\\\\\\\\\\\\\\\\\\\\\\\\\\\\\\\\\\\\\\\\\\\\\\\\\\\\\\\\\\\\\\\\\\\\\\\\\\\\\\\\\\\\\\\\\\\\\\\\\\\\\\\\\\\\\\\\\\\\\\\\\\\\\\\\\\\\\\\\\\\\\\\\\\\\\\\\\\\\\\\\\\\\\\\\\\\\\\\\\\\\\\\\\\\\\\\\\\\\\\\\\\\\\\\\\\\\\\\\\\\\\\\\\\\\\\\\\\\\\\\\\\\\\\\\\\\\\\\\\\\\\\\\\\\\\\\\\\\\\\\\\\\\\\\\\\\\\\\\\\\\\\\\\\\\\\\\\\\\\\\\\\\\\\\\\\\\\\\\\\\\\\\\\\\\\\\\\\\\\\\\\\\\\\\\\\\\\\\\\\\\\\\\\\\\\\\\\\\\\\\\\\\\\\\\\\\\\\\\\\\\\\\\\\\\\\\\\\\\\\\\\\\\\&quot;\\\\\\\\\\\\\\\\\\\\\\\\\\\\\\\\\\\\\\\\\\\\\\\\\\\\\\\\\\\\\\\\\\\\\\\\\\\\\\\\\\\\\\\\\\\\\\\\\\\\\\\\\\\\\\\\\\\\\\\\\\\\\\\\\\\\\\\\\\\\\\\\\\\\\\\\\\\\\\\\\\\\\\\\\\\\\\\\\\\\\\\\\\\\\\\\\\\\\\\\\\\\\\\\\\\\\\\\\\\\\\\\\\\\\\\\\\\\\\\\\\\\\\\\\\\\\\\\&quot;\\\\\\\\\\\\\\\\\\\\\\\\\\\\\\\\\\\\\\\\\\\\\\\\\\\\\\\\\\\\\\\\\\\\\\\\\\\\\\\\\\\\\\\\\\\\\\\\\\\\\\\\\\\\\\\\\\\\\\\\\\\\\\\\&quot;\\\\\\\\\\\\\\\\\\\\\\\\\\\\\\\\\\\\\\\\\\\\\\\\\\\\\\\\\\\\\\\\&quot;\\\\\\\\\\\\\\\\\\\\\\\\\\\\\\\\&quot;\\\\\\\\\\\\\\\\&quot;\\\\\\\\&quot;\\\\&quot;\\&quot;">&nbsp;</span><strong>Route transactions according to your approval structure</strong>. Approval authorization limits are defined by amount, charge account, item category, and location. For documents that require your approval, you can review and approve transactions on-line. Also, you can see the full transaction detail and review the action history before you approve a transaction.<strong>ie <br /><br />Approval Status</strong>. Purchasing automatically displays the approval status of your transaction and informs you whether it is Approved, Cancelled, In Process, Incomplete,Pre-Approved, Rejected, or Returned. You know where your transaction is within this flow at all times.&bull; Automatically<span class="\\&quot;\\\\&quot;\\\\\\\\&quot;\\\\\\\\\\\\\\\\&quot;\\\\\\\\\\\\\\\\\\\\\\\\\\\\\\\\&quot;\\\\\\\\\\\\\\\\\\\\\\\\\\\\\\\\\\\\\\\\\\\\\\\\\\\\\\\\\\\\\\\\&quot;\\\\\\\\\\\\\\\\\\\\\\\\\\\\\\\\\\\\\\\\\\\\\\\\\\\\\\\\\\\\\\\\\\\\\\\\\\\\\\\\\\\\\\\\\\\\\\\\\\\\\\\\\\\\\\\\\\\\\\\\\\\\\\\\&quot;\\\\\\\\\\\\\\\\\\\\\\\\\\\\\\\\\\\\\\\\\\\\\\\\\\\\\\\\\\\\\\\\\\\\\\\\\\\\\\\\\\\\\\\\\\\\\\\\\\\\\\\\\\\\\\\\\\\\\\\\\\\\\\\\\\\\\\\\\\\\\\\\\\\\\\\\\\\\\\\\\\\\\\\\\\\\\\\\\\\\\\\\\\\\\\\\\\\\\\\\\\\\\\\\\\\\\\\\\\\\\\\\\\\\\\\\\\\\\\\\\\\\\\\\\\\\\\\\&quot;\\\\\\\\\\\\\\\\\\\\\\\\\\\\\\\\\\\\\\\\\\\\\\\\\\\\\\\\\\\\\\\\\\\\\\\\\\\\\\\\\\\\\\\\\\\\\\\\\\\\\\\\\\\\\\\\\\\\\\\\\\\\\\\\\\\\\\\\\\\\\\\\\\\\\\\\\\\\\\\\\\\\\\\\\\\\\\\\\\\\\\\\\\\\\\\\\\\\\\\\\\\\\\\\\\\\\\\\\\\\\\\\\\\\\\\\\\\\\\\\\\\\\\\\\\\\\\\\\\\\\\\\\\\\\\\\\\\\\\\\\\\\\\\\\\\\\\\\\\\\\\\\\\\\\\\\\\\\\\\\\\\\\\\\\\\\\\\\\\\\\\\\\\\\\\\\\\\\\\\\\\\\\\\\\\\\\\\\\\\\\\\\\\\\\\\\\\\\\\\\\\\\\\\\\\\\\\\\\\\\\\\\\\\\\\\\\\\\\\\\\\\\\\\\\\\\\\\\\\\\\\\\\\\\\\\\\\\\\\\\\\\\\\\\\\\\\\\\\\\\\\\\\\\\\\\\&quot;\\\\\\\\\\\\\\\\\\\\\\\\\\\\\\\\\\\\\\\\\\\\\\\\\\\\\\\\\\\\\\\\\\\\\\\\\\\\\\\\\\\\\\\\\\\\\\\\\\\\\\\\\\\\\\\\\\\\\\\\\\\\\\\\\\\\\\\\\\\\\\\\\\\\\\\\\\\\\\\\\\\\\\\\\\\\\\\\\\\\\\\\\\\\\\\\\\\\\\\\\\\\\\\\\\\\\\\\\\\\\\\\\\\\\\\\\\\\\\\\\\\\\\\\\\\\\\\\\\\\\\\\\\\\\\\\\\\\\\\\\\\\\\\\\\\\\\\\\\\\\\\\\\\\\\\\\\\\\\\\\\\\\\\\\\\\\\\\\\\\\\\\\\\\\\\\\\\\\\\\\\\\\\\\\\\\\\\\\\\\\\\\\\\\\\\\\\\\\\\\\\\\\\\\\\\\\\\\\\\\\\\\\\\\\\\\\\\\\\\\\\\\\\\\\\\\\\\\\\\\\\\\\\\\\\\\\\\\\\\\\\\\\\\\\\\\\\\\\\\\\\\\\\\\\\\\\\\\\\\\\\\\\\\\\\\\\\\\\\\\\\\\\\\\\\\\\\\\\\\\\\\\\\\\\\\\\\\\\\\\\\\\\\\\\\\\\\\\\\\\\\\\\\\\\\\\\\\\\\\\\\\\\\\\\\\\\\\\\\\\\\\\\\\\\\\\\\\\\\\\\\\\\\\\\\\\\\\\\\\\\\\\\\\\\\\\\\\\\\\\\\\\\\\\\\\\\\\\\\\\\\\\\\\\\\\\\\\\\\\\\\\\\\\\\\\\\\\\\\\\\\\\\\\\\\\\\\\\\\\\\\\\\\\\\\\\\\\\\\\\\\\\\\\\\\\\\\\\\\\\\\\\\\\\\\\\\\\\\\\\\\\\\\\\\\\\\\\\\\\\\\\\\\\\\\\\\\\\\\\\\\\\\\\\\\\\\\\\\\\\\\\\\\\\\\\\\\\\\\\\\\\\\\\\\\\\\\\\\\\\\\\\\\\\\\\\\\\\\\\\\\\\\\\\\\\\\\\\\\\\\\\\\\\\\\\\\\\\\\\\\\\\\\\\\\\\\\\\\\\\\\\\&quot;Apple-converted-space\\\\\\\\\\\\\\\\\\\\\\\\\\\\\\\\\\\\\\\\\\\\\\\\\\\\\\\\\\\\\\\\\\\\\\\\\\\\\\\\\\\\\\\\\\\\\\\\\\\\\\\\\\\\\\\\\\\\\\\\\\\\\\\\\\\\\\\\\\\\\\\\\\\\\\\\\\\\\\\\\\\\\\\\\\\\\\\\\\\\\\\\\\\\\\\\\\\\\\\\\\\\\\\\\\\\\\\\\\\\\\\\\\\\\\\\\\\\\\\\\\\\\\\\\\\\\\\\\\\\\\\\\\\\\\\\\\\\\\\\\\\\\\\\\\\\\\\\\\\\\\\\\\\\\\\\\\\\\\\\\\\\\\\\\\\\\\\\\\\\\\\\\\\\\\\\\\\\\\\\\\\\\\\\\\\\\\\\\\\\\\\\\\\\\\\\\\\\\\\\\\\\\\\\\\\\\\\\\\\\\\\\\\\\\\\\\\\\\\\\\\\\\\\\\\\\\\\\\\\\\\\\\\\\\\\\\\\\\\\\\\\\\\\\\\\\\\\\\\\\\\\\\\\\\\\\\\\\\\\\\\\\\\\\\\\\\\\\\\\\\\\\\\\\\\\\\\\\\\\\\\\\\\\\\\\\\\\\\\\\\\\\\\\\\\\\\\\\\\\\\\\\\\\\\\\\\\\\\\\\\\\\\\\\\\\\\\\\\\\\\\\\\\\\\\\\\\\\\\\\\\\\\\\\\\\\\\\\\\\\\\\\\\\\\\\\\\\\\\\\\\\\\\\\\\\\\\\\\\\\\\\\\\\\\\\\\\\\\\\\\\\\\\\\\\\\\\\\\\\\\\\\\\\\\\\\\\\\\\\\\\\\\\\\\\\\\\\\\\\\\\\\\\\\\\\\\\\\\\\\\\\\\\\\\\\\\\\\\\\\\\\\\\\\\\\\\\\\\\\\\\\\\\\\\\\\\\\\\\\\\\\\\\\\\\\\\\\\\\\\\\\\\\\\\\\\\\\\\\\\\\\\\\\\\\\\\\\\\\\\\\\\\\\\\\\\\\\\\\\\\\\\\\\\\\\\\\\\\\\\\\\\\\\\\\\\\\\\\\\\\\\\\\\\\\\\\\\\\\\\\\\\&quot;\\\\\\\\\\\\\\\\\\\\\\\\\\\\\\\\\\\\\\\\\\\\\\\\\\\\\\\\\\\\\\\\\\\\\\\\\\\\\\\\\\\\\\\\\\\\\\\\\\\\\\\\\\\\\\\\\\\\\\\\\\\\\\\\\\\\\\\\\\\\\\\\\\\\\\\\\\\\\\\\\\\\\\\\\\\\\\\\\\\\\\\\\\\\\\\\\\\\\\\\\\\\\\\\\\\\\\\\\\\\\\\\\\\\\\\\\\\\\\\\\\\\\\\\\\\\\\\\\\\\\\\\\\\\\\\\\\\\\\\\\\\\\\\\\\\\\\\\\\\\\\\\\\\\\\\\\\\\\\\\\\\\\\\\\\\\\\\\\\\\\\\\\\\\\\\\\\\\\\\\\\\\\\\\\\\\\\\\\\\\\\\\\\\\\\\\\\\\\\\\\\\\\\\\\\\\\\\\\\\\\\\\\\\\\\\\\\\\\\\\\\\\\\\\\\\\\\\\\\\\\\\\\\\\\\\\\\\\\\\\\\\\\\\\\\\\\\\\\\\\\\\\\\\\\\\\&quot;\\\\\\\\\\\\\\\\\\\\\\\\\\\\\\\\\\\\\\\\\\\\\\\\\\\\\\\\\\\\\\\\\\\\\\\\\\\\\\\\\\\\\\\\\\\\\\\\\\\\\\\\\\\\\\\\\\\\\\\\\\\\\\\\\\\\\\\\\\\\\\\\\\\\\\\\\\\\\\\\\\\\\\\\\\\\\\\\\\\\\\\\\\\\\\\\\\\\\\\\\\\\\\\\\\\\\\\\\\\\\\\\\\\\\\\\\\\\\\\\\\\\\\\\\\\\\\\\&quot;\\\\\\\\\\\\\\\\\\\\\\\\\\\\\\\\\\\\\\\\\\\\\\\\\\\\\\\\\\\\\\\\\\\\\\\\\\\\\\\\\\\\\\\\\\\\\\\\\\\\\\\\\\\\\\\\\\\\\\\\\\\\\\\\&quot;\\\\\\\\\\\\\\\\\\\\\\\\\\\\\\\\\\\\\\\\\\\\\\\\\\\\\\\\\\\\\\\\&quot;\\\\\\\\\\\\\\\\\\\\\\\\\\\\\\\\&quot;\\\\\\\\\\\\\\\\&quot;\\\\\\\\&quot;\\\\&quot;\\&quot;">&nbsp;</span><strong>generate distribution accounts</strong>. Purchasing uses Account Generator to enter the distribution automatically whenever possible.<br />&bull; Provide<strong><span class="\\&quot;\\\\&quot;\\\\\\\\&quot;\\\\\\\\\\\\\\\\&quot;\\\\\\\\\\\\\\\\\\\\\\\\\\\\\\\\&quot;\\\\\\\\\\\\\\\\\\\\\\\\\\\\\\\\\\\\\\\\\\\\\\\\\\\\\\\\\\\\\\\\&quot;\\\\\\\\\\\\\\\\\\\\\\\\\\\\\\\\\\\\\\\\\\\\\\\\\\\\\\\\\\\\\\\\\\\\\\\\\\\\\\\\\\\\\\\\\\\\\\\\\\\\\\\\\\\\\\\\\\\\\\\\\\\\\\\\&quot;\\\\\\\\\\\\\\\\\\\\\\\\\\\\\\\\\\\\\\\\\\\\\\\\\\\\\\\\\\\\\\\\\\\\\\\\\\\\\\\\\\\\\\\\\\\\\\\\\\\\\\\\\\\\\\\\\\\\\\\\\\\\\\\\\\\\\\\\\\\\\\\\\\\\\\\\\\\\\\\\\\\\\\\\\\\\\\\\\\\\\\\\\\\\\\\\\\\\\\\\\\\\\\\\\\\\\\\\\\\\\\\\\\\\\\\\\\\\\\\\\\\\\\\\\\\\\\\\&quot;\\\\\\\\\\\\\\\\\\\\\\\\\\\\\\\\\\\\\\\\\\\\\\\\\\\\\\\\\\\\\\\\\\\\\\\\\\\\\\\\\\\\\\\\\\\\\\\\\\\\\\\\\\\\\\\\\\\\\\\\\\\\\\\\\\\\\\\\\\\\\\\\\\\\\\\\\\\\\\\\\\\\\\\\\\\\\\\\\\\\\\\\\\\\\\\\\\\\\\\\\\\\\\\\\\\\\\\\\\\\\\\\\\\\\\\\\\\\\\\\\\\\\\\\\\\\\\\\\\\\\\\\\\\\\\\\\\\\\\\\\\\\\\\\\\\\\\\\\\\\\\\\\\\\\\\\\\\\\\\\\\\\\\\\\\\\\\\\\\\\\\\\\\\\\\\\\\\\\\\\\\\\\\\\\\\\\\\\\\\\\\\\\\\\\\\\\\\\\\\\\\\\\\\\\\\\\\\\\\\\\\\\\\\\\\\\\\\\\\\\\\\\\\\\\\\\\\\\\\\\\\\\\\\\\\\\\\\\\\\\\\\\\\\\\\\\\\\\\\\\\\\\\\\\\\\\&quot;\\\\\\\\\\\\\\\\\\\\\\\\\\\\\\\\\\\\\\\\\\\\\\\\\\\\\\\\\\\\\\\\\\\\\\\\\\\\\\\\\\\\\\\\\\\\\\\\\\\\\\\\\\\\\\\\\\\\\\\\\\\\\\\\\\\\\\\\\\\\\\\\\\\\\\\\\\\\\\\\\\\\\\\\\\\\\\\\\\\\\\\\\\\\\\\\\\\\\\\\\\\\\\\\\\\\\\\\\\\\\\\\\\\\\\\\\\\\\\\\\\\\\\\\\\\\\\\\\\\\\\\\\\\\\\\\\\\\\\\\\\\\\\\\\\\\\\\\\\\\\\\\\\\\\\\\\\\\\\\\\\\\\\\\\\\\\\\\\\\\\\\\\\\\\\\\\\\\\\\\\\\\\\\\\\\\\\\\\\\\\\\\\\\\\\\\\\\\\\\\\\\\\\\\\\\\\\\\\\\\\\\\\\\\\\\\\\\\\\\\\\\\\\\\\\\\\\\\\\\\\\\\\\\\\\\\\\\\\\\\\\\\\\\\\\\\\\\\\\\\\\\\\\\\\\\\\\\\\\\\\\\\\\\\\\\\\\\\\\\\\\\\\\\\\\\\\\\\\\\\\\\\\\\\\\\\\\\\\\\\\\\\\\\\\\\\\\\\\\\\\\\\\\\\\\\\\\\\\\\\\\\\\\\\\\\\\\\\\\\\\\\\\\\\\\\\\\\\\\\\\\\\\\\\\\\\\\\\\\\\\\\\\\\\\\\\\\\\\\\\\\\\\\\\\\\\\\\\\\\\\\\\\\\\\\\\\\\\\\\\\\\\\\\\\\\\\\\\\\\\\\\\\\\\\\\\\\\\\\\\\\\\\\\\\\\\\\\\\\\\\\\\\\\\\\\\\\\\\\\\\\\\\\\\\\\\\\\\\\\\\\\\\\\\\\\\\\\\\\\\\\\\\\\\\\\\\\\\\\\\\\\\\\\\\\\\\\\\\\\\\\\\\\\\\\\\\\\\\\\\\\\\\\\\\\\\\\\\\\\\\\\\\\\\\\\\\\\\\\\\\\\\\\\\\\\\\\\\\\\\\\\\\\\\\\\\\\\\\\\\\\\\\\\\\\\\\\\\\\\\\\\\&quot;Apple-converted-space\\\\\\\\\\\\\\\\\\\\\\\\\\\\\\\\\\\\\\\\\\\\\\\\\\\\\\\\\\\\\\\\\\\\\\\\\\\\\\\\\\\\\\\\\\\\\\\\\\\\\\\\\\\\\\\\\\\\\\\\\\\\\\\\\\\\\\\\\\\\\\\\\\\\\\\\\\\\\\\\\\\\\\\\\\\\\\\\\\\\\\\\\\\\\\\\\\\\\\\\\\\\\\\\\\\\\\\\\\\\\\\\\\\\\\\\\\\\\\\\\\\\\\\\\\\\\\\\\\\\\\\\\\\\\\\\\\\\\\\\\\\\\\\\\\\\\\\\\\\\\\\\\\\\\\\\\\\\\\\\\\\\\\\\\\\\\\\\\\\\\\\\\\\\\\\\\\\\\\\\\\\\\\\\\\\\\\\\\\\\\\\\\\\\\\\\\\\\\\\\\\\\\\\\\\\\\\\\\\\\\\\\\\\\\\\\\\\\\\\\\\\\\\\\\\\\\\\\\\\\\\\\\\\\\\\\\\\\\\\\\\\\\\\\\\\\\\\\\\\\\\\\\\\\\\\\\\\\\\\\\\\\\\\\\\\\\\\\\\\\\\\\\\\\\\\\\\\\\\\\\\\\\\\\\\\\\\\\\\\\\\\\\\\\\\\\\\\\\\\\\\\\\\\\\\\\\\\\\\\\\\\\\\\\\\\\\\\\\\\\\\\\\\\\\\\\\\\\\\\\\\\\\\\\\\\\\\\\\\\\\\\\\\\\\\\\\\\\\\\\\\\\\\\\\\\\\\\\\\\\\\\\\\\\\\\\\\\\\\\\\\\\\\\\\\\\\\\\\\\\\\\\\\\\\\\\\\\\\\\\\\\\\\\\\\\\\\\\\\\\\\\\\\\\\\\\\\\\\\\\\\\\\\\\\\\\\\\\\\\\\\\\\\\\\\\\\\\\\\\\\\\\\\\\\\\\\\\\\\\\\\\\\\\\\\\\\\\\\\\\\\\\\\\\\\\\\\\\\\\\\\\\\\\\\\\\\\\\\\\\\\\\\\\\\\\\\\\\\\\\\\\\\\\\\\\\\\\\\\\\\\\\\\\\\\\\\\\\\\\\\\\\\\\\\\\\\\\\\\\\\\\\&quot;\\\\\\\\\\\\\\\\\\\\\\\\\\\\\\\\\\\\\\\\\\\\\\\\\\\\\\\\\\\\\\\\\\\\\\\\\\\\\\\\\\\\\\\\\\\\\\\\\\\\\\\\\\\\\\\\\\\\\\\\\\\\\\\\\\\\\\\\\\\\\\\\\\\\\\\\\\\\\\\\\\\\\\\\\\\\\\\\\\\\\\\\\\\\\\\\\\\\\\\\\\\\\\\\\\\\\\\\\\\\\\\\\\\\\\\\\\\\\\\\\\\\\\\\\\\\\\\\\\\\\\\\\\\\\\\\\\\\\\\\\\\\\\\\\\\\\\\\\\\\\\\\\\\\\\\\\\\\\\\\\\\\\\\\\\\\\\\\\\\\\\\\\\\\\\\\\\\\\\\\\\\\\\\\\\\\\\\\\\\\\\\\\\\\\\\\\\\\\\\\\\\\\\\\\\\\\\\\\\\\\\\\\\\\\\\\\\\\\\\\\\\\\\\\\\\\\\\\\\\\\\\\\\\\\\\\\\\\\\\\\\\\\\\\\\\\\\\\\\\\\\\\\\\\\\\\&quot;\\\\\\\\\\\\\\\\\\\\\\\\\\\\\\\\\\\\\\\\\\\\\\\\\\\\\\\\\\\\\\\\\\\\\\\\\\\\\\\\\\\\\\\\\\\\\\\\\\\\\\\\\\\\\\\\\\\\\\\\\\\\\\\\\\\\\\\\\\\\\\\\\\\\\\\\\\\\\\\\\\\\\\\\\\\\\\\\\\\\\\\\\\\\\\\\\\\\\\\\\\\\\\\\\\\\\\\\\\\\\\\\\\\\\\\\\\\\\\\\\\\\\\\\\\\\\\\\&quot;\\\\\\\\\\\\\\\\\\\\\\\\\\\\\\\\\\\\\\\\\\\\\\\\\\\\\\\\\\\\\\\\\\\\\\\\\\\\\\\\\\\\\\\\\\\\\\\\\\\\\\\\\\\\\\\\\\\\\\\\\\\\\\\\&quot;\\\\\\\\\\\\\\\\\\\\\\\\\\\\\\\\\\\\\\\\\\\\\\\\\\\\\\\\\\\\\\\\&quot;\\\\\\\\\\\\\\\\\\\\\\\\\\\\\\\\&quot;\\\\\\\\\\\\\\\\&quot;\\\\\\\\&quot;\\\\&quot;\\&quot;">&nbsp;</span>attachments as notes</strong><span class="\\&quot;\\\\&quot;\\\\\\\\&quot;\\\\\\\\\\\\\\\\&quot;\\\\\\\\\\\\\\\\\\\\\\\\\\\\\\\\&quot;\\\\\\\\\\\\\\\\\\\\\\\\\\\\\\\\\\\\\\\\\\\\\\\\\\\\\\\\\\\\\\\\&quot;\\\\\\\\\\\\\\\\\\\\\\\\\\\\\\\\\\\\\\\\\\\\\\\\\\\\\\\\\\\\\\\\\\\\\\\\\\\\\\\\\\\\\\\\\\\\\\\\\\\\\\\\\\\\\\\\\\\\\\\\\\\\\\\\&quot;\\\\\\\\\\\\\\\\\\\\\\\\\\\\\\\\\\\\\\\\\\\\\\\\\\\\\\\\\\\\\\\\\\\\\\\\\\\\\\\\\\\\\\\\\\\\\\\\\\\\\\\\\\\\\\\\\\\\\\\\\\\\\\\\\\\\\\\\\\\\\\\\\\\\\\\\\\\\\\\\\\\\\\\\\\\\\\\\\\\\\\\\\\\\\\\\\\\\\\\\\\\\\\\\\\\\\\\\\\\\\\\\\\\\\\\\\\\\\\\\\\\\\\\\\\\\\\\\&quot;\\\\\\\\\\\\\\\\\\\\\\\\\\\\\\\\\\\\\\\\\\\\\\\\\\\\\\\\\\\\\\\\\\\\\\\\\\\\\\\\\\\\\\\\\\\\\\\\\\\\\\\\\\\\\\\\\\\\\\\\\\\\\\\\\\\\\\\\\\\\\\\\\\\\\\\\\\\\\\\\\\\\\\\\\\\\\\\\\\\\\\\\\\\\\\\\\\\\\\\\\\\\\\\\\\\\\\\\\\\\\\\\\\\\\\\\\\\\\\\\\\\\\\\\\\\\\\\\\\\\\\\\\\\\\\\\\\\\\\\\\\\\\\\\\\\\\\\\\\\\\\\\\\\\\\\\\\\\\\\\\\\\\\\\\\\\\\\\\\\\\\\\\\\\\\\\\\\\\\\\\\\\\\\\\\\\\\\\\\\\\\\\\\\\\\\\\\\\\\\\\\\\\\\\\\\\\\\\\\\\\\\\\\\\\\\\\\\\\\\\\\\\\\\\\\\\\\\\\\\\\\\\\\\\\\\\\\\\\\\\\\\\\\\\\\\\\\\\\\\\\\\\\\\\\\\\&quot;\\\\\\\\\\\\\\\\\\\\\\\\\\\\\\\\\\\\\\\\\\\\\\\\\\\\\\\\\\\\\\\\\\\\\\\\\\\\\\\\\\\\\\\\\\\\\\\\\\\\\\\\\\\\\\\\\\\\\\\\\\\\\\\\\\\\\\\\\\\\\\\\\\\\\\\\\\\\\\\\\\\\\\\\\\\\\\\\\\\\\\\\\\\\\\\\\\\\\\\\\\\\\\\\\\\\\\\\\\\\\\\\\\\\\\\\\\\\\\\\\\\\\\\\\\\\\\\\\\\\\\\\\\\\\\\\\\\\\\\\\\\\\\\\\\\\\\\\\\\\\\\\\\\\\\\\\\\\\\\\\\\\\\\\\\\\\\\\\\\\\\\\\\\\\\\\\\\\\\\\\\\\\\\\\\\\\\\\\\\\\\\\\\\\\\\\\\\\\\\\\\\\\\\\\\\\\\\\\\\\\\\\\\\\\\\\\\\\\\\\\\\\\\\\\\\\\\\\\\\\\\\\\\\\\\\\\\\\\\\\\\\\\\\\\\\\\\\\\\\\\\\\\\\\\\\\\\\\\\\\\\\\\\\\\\\\\\\\\\\\\\\\\\\\\\\\\\\\\\\\\\\\\\\\\\\\\\\\\\\\\\\\\\\\\\\\\\\\\\\\\\\\\\\\\\\\\\\\\\\\\\\\\\\\\\\\\\\\\\\\\\\\\\\\\\\\\\\\\\\\\\\\\\\\\\\\\\\\\\\\\\\\\\\\\\\\\\\\\\\\\\\\\\\\\\\\\\\\\\\\\\\\\\\\\\\\\\\\\\\\\\\\\\\\\\\\\\\\\\\\\\\\\\\\\\\\\\\\\\\\\\\\\\\\\\\\\\\\\\\\\\\\\\\\\\\\\\\\\\\\\\\\\\\\\\\\\\\\\\\\\\\\\\\\\\\\\\\\\\\\\\\\\\\\\\\\\\\\\\\\\\\\\\\\\\\\\\\\\\\\\\\\\\\\\\\\\\\\\\\\\\\\\\\\\\\\\\\\\\\\\\\\\\\\\\\\\\\\\\\\\\\\\\\\\\\\\\\\\\\\\\\\\\\\\\\\\\\\\\\\\\\\\\\\\\\\\\\\\\\\\\\\&quot;Apple-converted-space\\\\\\\\\\\\\\\\\\\\\\\\\\\\\\\\\\\\\\\\\\\\\\\\\\\\\\\\\\\\\\\\\\\\\\\\\\\\\\\\\\\\\\\\\\\\\\\\\\\\\\\\\\\\\\\\\\\\\\\\\\\\\\\\\\\\\\\\\\\\\\\\\\\\\\\\\\\\\\\\\\\\\\\\\\\\\\\\\\\\\\\\\\\\\\\\\\\\\\\\\\\\\\\\\\\\\\\\\\\\\\\\\\\\\\\\\\\\\\\\\\\\\\\\\\\\\\\\\\\\\\\\\\\\\\\\\\\\\\\\\\\\\\\\\\\\\\\\\\\\\\\\\\\\\\\\\\\\\\\\\\\\\\\\\\\\\\\\\\\\\\\\\\\\\\\\\\\\\\\\\\\\\\\\\\\\\\\\\\\\\\\\\\\\\\\\\\\\\\\\\\\\\\\\\\\\\\\\\\\\\\\\\\\\\\\\\\\\\\\\\\\\\\\\\\\\\\\\\\\\\\\\\\\\\\\\\\\\\\\\\\\\\\\\\\\\\\\\\\\\\\\\\\\\\\\\\\\\\\\\\\\\\\\\\\\\\\\\\\\\\\\\\\\\\\\\\\\\\\\\\\\\\\\\\\\\\\\\\\\\\\\\\\\\\\\\\\\\\\\\\\\\\\\\\\\\\\\\\\\\\\\\\\\\\\\\\\\\\\\\\\\\\\\\\\\\\\\\\\\\\\\\\\\\\\\\\\\\\\\\\\\\\\\\\\\\\\\\\\\\\\\\\\\\\\\\\\\\\\\\\\\\\\\\\\\\\\\\\\\\\\\\\\\\\\\\\\\\\\\\\\\\\\\\\\\\\\\\\\\\\\\\\\\\\\\\\\\\\\\\\\\\\\\\\\\\\\\\\\\\\\\\\\\\\\\\\\\\\\\\\\\\\\\\\\\\\\\\\\\\\\\\\\\\\\\\\\\\\\\\\\\\\\\\\\\\\\\\\\\\\\\\\\\\\\\\\\\\\\\\\\\\\\\\\\\\\\\\\\\\\\\\\\\\\\\\\\\\\\\\\\\\\\\\\\\\\\\\\\\\\\\\\\\\\\\\\\\\\\\\\\\\\\\\\\\\\\\\\\\\\\\\&quot;\\\\\\\\\\\\\\\\\\\\\\\\\\\\\\\\\\\\\\\\\\\\\\\\\\\\\\\\\\\\\\\\\\\\\\\\\\\\\\\\\\\\\\\\\\\\\\\\\\\\\\\\\\\\\\\\\\\\\\\\\\\\\\\\\\\\\\\\\\\\\\\\\\\\\\\\\\\\\\\\\\\\\\\\\\\\\\\\\\\\\\\\\\\\\\\\\\\\\\\\\\\\\\\\\\\\\\\\\\\\\\\\\\\\\\\\\\\\\\\\\\\\\\\\\\\\\\\\\\\\\\\\\\\\\\\\\\\\\\\\\\\\\\\\\\\\\\\\\\\\\\\\\\\\\\\\\\\\\\\\\\\\\\\\\\\\\\\\\\\\\\\\\\\\\\\\\\\\\\\\\\\\\\\\\\\\\\\\\\\\\\\\\\\\\\\\\\\\\\\\\\\\\\\\\\\\\\\\\\\\\\\\\\\\\\\\\\\\\\\\\\\\\\\\\\\\\\\\\\\\\\\\\\\\\\\\\\\\\\\\\\\\\\\\\\\\\\\\\\\\\\\\\\\\\\\\&quot;\\\\\\\\\\\\\\\\\\\\\\\\\\\\\\\\\\\\\\\\\\\\\\\\\\\\\\\\\\\\\\\\\\\\\\\\\\\\\\\\\\\\\\\\\\\\\\\\\\\\\\\\\\\\\\\\\\\\\\\\\\\\\\\\\\\\\\\\\\\\\\\\\\\\\\\\\\\\\\\\\\\\\\\\\\\\\\\\\\\\\\\\\\\\\\\\\\\\\\\\\\\\\\\\\\\\\\\\\\\\\\\\\\\\\\\\\\\\\\\\\\\\\\\\\\\\\\\\&quot;\\\\\\\\\\\\\\\\\\\\\\\\\\\\\\\\\\\\\\\\\\\\\\\\\\\\\\\\\\\\\\\\\\\\\\\\\\\\\\\\\\\\\\\\\\\\\\\\\\\\\\\\\\\\\\\\\\\\\\\\\\\\\\\\&quot;\\\\\\\\\\\\\\\\\\\\\\\\\\\\\\\\\\\\\\\\\\\\\\\\\\\\\\\\\\\\\\\\&quot;\\\\\\\\\\\\\\\\\\\\\\\\\\\\\\\\&quot;\\\\\\\\\\\\\\\\&quot;\\\\\\\\&quot;\\\\&quot;\\&quot;">&nbsp;</span>on transaction headers and lines.</p>', NULL, 1, NULL, 1, NULL, 'inoerp', '0000-00-00 00:00:00', 'inoerp', '0000-00-00 00:00:00'),
(13, 1, NULL, 'test01', '<p>NEW DELHI:<span class="Apple-converted-space">&nbsp;</span><span class="cm_word" style="margin: 0px; padding: 0px 3px 0px 0px; border-top-width: 0px; border-right-width: 0px; border-bottom-width: 1px !important; border-left-width: 0px; border-bottom-style: solid !important; border-bottom-color: #0000ff !important; outline: 0px; font-size: 15px; cursor: pointer; color: #0000ff !important; text-decoration: underline !important; background-position: 0px 50%; background-repeat: initial initial;">The Congress leadership</span><span class="Apple-converted-space">&nbsp;</span>bit the Telangana bullet on Tuesday. It decided to bifurcate Andhra Pradesh to create<span class="Apple-converted-space">&nbsp;</span><span class="cm_word" style="margin: 0px; padding: 0px 3px 0px 0px; border-top-width: 0px; border-right-width: 0px; border-bottom-width: 1px !important; border-left-width: 0px; border-bottom-style: solid !important; border-bottom-color: #0000ff !important; outline: 0px; font-size: 15px; cursor: pointer; color: #0000ff !important; text-decoration: underline !important; background-position: 0px 50%; background-repeat: initial initial;">a separate state of Telangana</span><span class="Apple-converted-space">&nbsp;</span>&mdash; a move that will be a loss to the politically muscular state but will be a gain for the Congress as it''s expected to revive the party''s fortunes in the state ahead of the 2014<span class="cm_word" style="margin: 0px; padding: 0px 3px 0px 0px; border-top-width: 0px; border-right-width: 0px; border-bottom-width: 1px !important; border-left-width: 0px; border-bottom-style: solid !important; border-bottom-color: #0000ff !important; outline: 0px; font-size: 15px; cursor: pointer; color: #0000ff !important; text-decoration: underline !important; background-position: 0px 50%; background-repeat: initial initial;">Lok Sabha election</span>.<br style="margin: 0px; padding: 0px;" /><br style="margin: 0px; padding: 0px;" />As reported by TOI on July 29, Hyderabad will remain the common capital of the splintered states for 10 years &mdash; a balancing act that recognizes Telangana''s claim on the city but seeks to soften the blow to the opponents who were also concerned about the investments of coastal Andhra businesses in the capital. The Centre will help AP build a new capi</p>', NULL, NULL, 1, NULL, '1', 'inoerp', '0000-00-00 00:00:00', 'inoerp', '0000-00-00 00:00:00'),
(14, 1, NULL, 'test01', '<p>NEW DELHI:<span class="Apple-converted-space">&nbsp;</span><span class="cm_word" style="margin: 0px; padding: 0px 3px 0px 0px; border-top-width: 0px; border-right-width: 0px; border-bottom-width: 1px !important; border-left-width: 0px; border-bottom-style: solid !important; border-bottom-color: #0000ff !important; outline: 0px; font-size: 15px; cursor: pointer; color: #0000ff !important; text-decoration: underline !important; background-position: 0px 50%; background-repeat: initial initial;">The Congress leadership</span><span class="Apple-converted-space">&nbsp;</span>bit the Telangana bullet on Tuesday. It decided to bifurcate Andhra Pradesh to create<span class="Apple-converted-space">&nbsp;</span><span class="cm_word" style="margin: 0px; padding: 0px 3px 0px 0px; border-top-width: 0px; border-right-width: 0px; border-bottom-width: 1px !important; border-left-width: 0px; border-bottom-style: solid !important; border-bottom-color: #0000ff !important; outline: 0px; font-size: 15px; cursor: pointer; color: #0000ff !important; text-decoration: underline !important; background-position: 0px 50%; background-repeat: initial initial;">a separate state of Telangana</span><span class="Apple-converted-space">&nbsp;</span>&mdash; a move that will be a loss to the politically muscular state but will be a gain for the Congress as it''s expected to revive the party''s fortunes in the state ahead of the 2014<span class="cm_word" style="margin: 0px; padding: 0px 3px 0px 0px; border-top-width: 0px; border-right-width: 0px; border-bottom-width: 1px !important; border-left-width: 0px; border-bottom-style: solid !important; border-bottom-color: #0000ff !important; outline: 0px; font-size: 15px; cursor: pointer; color: #0000ff !important; text-decoration: underline !important; background-position: 0px 50%; background-repeat: initial initial;">Lok Sabha election</span>.<br style="margin: 0px; padding: 0px;" /><br style="margin: 0px; padding: 0px;" />As reported by TOI on July 29, Hyderabad will remain the common capital of the splintered states for 10 years &mdash; a balancing act that recognizes Telangana''s claim on the city but seeks to soften the blow to the opponents who were also concerned about the investments of coastal Andhra businesses in the capital. The Centre will help AP build a new capi</p>', NULL, NULL, 1, NULL, '1', 'inoerp', '0000-00-00 00:00:00', 'inoerp', '0000-00-00 00:00:00'),
(15, 1, NULL, 'test01', '<p>NEW DELHI:<span class="Apple-converted-space">&nbsp;</span><span class="cm_word" style="margin: 0px; padding: 0px 3px 0px 0px; border-top-width: 0px; border-right-width: 0px; border-bottom-width: 1px !important; border-left-width: 0px; border-bottom-style: solid !important; border-bottom-color: #0000ff !important; outline: 0px; font-size: 15px; cursor: pointer; color: #0000ff !important; text-decoration: underline !important; background-position: 0px 50%; background-repeat: initial initial;">The Congress leadership</span><span class="Apple-converted-space">&nbsp;</span>bit the Telangana bullet on Tuesday. It decided to bifurcate Andhra Pradesh to create<span class="Apple-converted-space">&nbsp;</span><span class="cm_word" style="margin: 0px; padding: 0px 3px 0px 0px; border-top-width: 0px; border-right-width: 0px; border-bottom-width: 1px !important; border-left-width: 0px; border-bottom-style: solid !important; border-bottom-color: #0000ff !important; outline: 0px; font-size: 15px; cursor: pointer; color: #0000ff !important; text-decoration: underline !important; background-position: 0px 50%; background-repeat: initial initial;">a separate state of Telangana</span><span class="Apple-converted-space">&nbsp;</span>&mdash; a move that will be a loss to the politically muscular state but will be a gain for the Congress as it''s expected to revive the party''s fortunes in the state ahead of the 2014<span class="cm_word" style="margin: 0px; padding: 0px 3px 0px 0px; border-top-width: 0px; border-right-width: 0px; border-bottom-width: 1px !important; border-left-width: 0px; border-bottom-style: solid !important; border-bottom-color: #0000ff !important; outline: 0px; font-size: 15px; cursor: pointer; color: #0000ff !important; text-decoration: underline !important; background-position: 0px 50%; background-repeat: initial initial;">Lok Sabha election</span>.<br style="margin: 0px; padding: 0px;" /><br style="margin: 0px; padding: 0px;" />As reported by TOI on July 29, Hyderabad will remain the common capital of the splintered states for 10 years &mdash; a balancing act that recognizes Telangana''s claim on the city but seeks to soften the blow to the opponents who were also concerned about the investments of coastal Andhra businesses in the capital. The Centre will help AP build a new capi</p>', NULL, NULL, 1, NULL, '1', 'inoerp', '0000-00-00 00:00:00', 'inoerp', '0000-00-00 00:00:00'),
(16, 1, NULL, 'page14', '<p>NEW DELHI:<span class="\\&quot;Apple-converted-space\\&quot;">&nbsp;</span><span class="\\&quot;cm_word\\&quot;">The Congress leadership</span><span class="\\&quot;Apple-converted-space\\&quot;">&nbsp;</span>bit the Telangana bullet on Tuesday. It decided to bifurcate Andhra Pradesh to create<span class="\\&quot;Apple-converted-space\\&quot;">&nbsp;</span><span class="\\&quot;cm_word\\&quot;">a separate state of Telangana</span><span class="\\&quot;Apple-converted-space\\&quot;">&nbsp;</span>&mdash; a move that will be a loss to the politically muscular state but will be a gain for the Congress as it\\''s expected to revive the party\\''s fortunes in the state ahead of the 2014<span class="\\&quot;cm_word\\&quot;">Lok Sabha election</span>.<br /><br />As reported by TOI on July 29, Hyderabad will remain the common capital of the splintered states for 10 years &mdash; a balancing act that recognizes Telangana\\''s claim on the city but seeks to soften the blow to the opponents who were also concerned about the investments of coastal Andhra businesses in the capital. The Centre will help AP build a new capi</p>', NULL, NULL, 1, NULL, '1', 'inoerp', '0000-00-00 00:00:00', 'inoerp', '0000-00-00 00:00:00'),
(17, 1, NULL, 'page16', '<p>NEW DELHI:<span class="\\&quot;Apple-converted-space\\&quot;">&nbsp;</span><span class="\\&quot;cm_word\\&quot;">The Congress leadership</span><span class="\\&quot;Apple-converted-space\\&quot;">&nbsp;</span>bit the Telangana bullet on Tuesday. It decided to bifurcate Andhra Pradesh to create<span class="\\&quot;Apple-converted-space\\&quot;">&nbsp;</span><span class="\\&quot;cm_word\\&quot;">a separate state of Telangana</span><span class="\\&quot;Apple-converted-space\\&quot;">&nbsp;</span>&mdash; a move that will be a loss to the politically muscular state but will be a gain for the Congress as it\\''s expected to revive the party\\''s fortunes in the state ahead of the 2014<span class="\\&quot;cm_word\\&quot;">Lok Sabha election</span>.<br /><br />As reported by TOI on July 29, Hyderabad will remain the common capital of the splintered states for 10 years &mdash; a balancing act that recognizes Telangana\\''s claim on the city but seeks to soften the blow to the opponents who were also concerned about the investments of coastal Andhra businesses in the capital. The Centre will help AP build a new capi</p>', NULL, NULL, 1, NULL, '1', 'inoerp', '0000-00-00 00:00:00', 'inoerp', '0000-00-00 00:00:00'),
(18, 1, NULL, 'page16a', '<p>NEW DELHI:<span class="\\&quot;\\\\&quot;Apple-converted-space\\\\&quot;\\&quot;">&nbsp;</span><span class="\\&quot;\\\\&quot;cm_word\\\\&quot;\\&quot;">The Congress leadership</span><span class="\\&quot;\\\\&quot;Apple-converted-space\\\\&quot;\\&quot;">&nbsp;</span>bit the Telangana bullet on Tuesday. It decided to bifurcate Andhra Pradesh to create<span class="\\&quot;\\\\&quot;Apple-converted-space\\\\&quot;\\&quot;">&nbsp;</span><span class="\\&quot;\\\\&quot;cm_word\\\\&quot;\\&quot;">a separate state of Telangana</span><span class="\\&quot;\\\\&quot;Apple-converted-space\\\\&quot;\\&quot;">&nbsp;</span>&mdash; a move that will be a loss to the politically muscular state but will be a gain for the Congress as it\\\\\\''s expected to revive the party\\\\\\''s fortunes in the state ahead of the 2014<span class="\\&quot;\\\\&quot;cm_word\\\\&quot;\\&quot;">Lok Sabha election</span>.<br /><br />As reported by TOI on July 29, Hyderabad will remain the common capital of the splintered states for 10 years &mdash; a balancing act that recognizes Telangana\\\\\\''s claim on the city but seeks to soften the blow to the opponents who were also concerned about the investments of coastal Andhra businesses in the capital. The Centre will help AP build a new capi</p>', NULL, NULL, 1, NULL, '1', 'inoerp', '0000-00-00 00:00:00', 'inoerp', '0000-00-00 00:00:00'),
(19, 1, NULL, 'page16b', '<p>NEW DELHI:<span class="\\&quot;\\\\&quot;\\\\\\\\&quot;Apple-converted-space\\\\\\\\&quot;\\\\&quot;\\&quot;">&nbsp;</span><span class="\\&quot;\\\\&quot;\\\\\\\\&quot;cm_word\\\\\\\\&quot;\\\\&quot;\\&quot;">The Congress leadership</span><span class="\\&quot;\\\\&quot;\\\\\\\\&quot;Apple-converted-space\\\\\\\\&quot;\\\\&quot;\\&quot;">&nbsp;</span>bit the Telangana bullet on Tuesday. It decided to bifurcate Andhra Pradesh to create<span class="\\&quot;\\\\&quot;\\\\\\\\&quot;Apple-converted-space\\\\\\\\&quot;\\\\&quot;\\&quot;">&nbsp;</span><span class="\\&quot;\\\\&quot;\\\\\\\\&quot;cm_word\\\\\\\\&quot;\\\\&quot;\\&quot;">a separate state of Telangana</span><span class="\\&quot;\\\\&quot;\\\\\\\\&quot;Apple-converted-space\\\\\\\\&quot;\\\\&quot;\\&quot;">&nbsp;</span>&mdash; a move that will be a loss to the politically muscular state but will be a gain for the Congress as it\\\\\\\\\\\\\\''s expected to revive the party\\\\\\\\\\\\\\''s fortunes in the state ahead of the 2014<span class="\\&quot;\\\\&quot;\\\\\\\\&quot;cm_word\\\\\\\\&quot;\\\\&quot;\\&quot;">Lok Sabha election</span>.<br /><br />As reported by TOI on July 29, Hyderabad will remain the common capital of the splintered states for 10 years &mdash; a balancing act that recognizes Telangana\\\\\\\\\\\\\\''s claim on the city but seeks to soften the blow to the opponents who were also concerned about the investments of coastal Andhra businesses in the capital. The Centre will help AP build a new capi</p>', NULL, NULL, 1, NULL, '1', 'inoerp', '0000-00-00 00:00:00', 'inoerp', '0000-00-00 00:00:00'),
(20, 1, NULL, 'page19', '<p>NEW DELHI:<span class="\\&quot;\\\\&quot;\\\\\\\\&quot;Apple-converted-space\\\\\\\\&quot;\\\\&quot;\\&quot;">&nbsp;</span><span class="\\&quot;\\\\&quot;\\\\\\\\&quot;cm_word\\\\\\\\&quot;\\\\&quot;\\&quot;">The Congress leadership</span><span class="\\&quot;\\\\&quot;\\\\\\\\&quot;Apple-converted-space\\\\\\\\&quot;\\\\&quot;\\&quot;">&nbsp;</span>bit the Telangana bullet on Tuesday. It decided to bifurcate Andhra Pradesh to create<span class="\\&quot;\\\\&quot;\\\\\\\\&quot;Apple-converted-space\\\\\\\\&quot;\\\\&quot;\\&quot;">&nbsp;</span><span class="\\&quot;\\\\&quot;\\\\\\\\&quot;cm_word\\\\\\\\&quot;\\\\&quot;\\&quot;">a separate state of Telangana</span><span class="\\&quot;\\\\&quot;\\\\\\\\&quot;Apple-converted-space\\\\\\\\&quot;\\\\&quot;\\&quot;">&nbsp;</span>&mdash; a move that will be a loss to the politically muscular state but will be a gain for the Congress as it\\\\\\\\\\\\\\''s expected to revive the party\\\\\\\\\\\\\\''s fortunes in the state ahead of the 2014<span class="\\&quot;\\\\&quot;\\\\\\\\&quot;cm_word\\\\\\\\&quot;\\\\&quot;\\&quot;">Lok Sabha election</span>.<br /><br />As reported by TOI on July 29, Hyderabad will remain the common capital of the splintered states for 10 years &mdash; a balancing act that recognizes Telangana\\\\\\\\\\\\\\''s claim on the city but seeks to soften the blow to the opponents who were also concerned about the investments of coastal Andhra businesses in the capital. The Centre will help AP build a new capi</p>', NULL, NULL, 1, NULL, '1', 'inoerp', '0000-00-00 00:00:00', 'inoerp', '0000-00-00 00:00:00'),
(21, 1, NULL, 'page20', '<p>NEW DELHI:<span class="\\&quot;\\\\&quot;\\\\\\\\&quot;\\\\\\\\\\\\\\\\&quot;Apple-converted-space\\\\\\\\\\\\\\\\&quot;\\\\\\\\&quot;\\\\&quot;\\&quot;">&nbsp;</span><span class="\\&quot;\\\\&quot;\\\\\\\\&quot;\\\\\\\\\\\\\\\\&quot;cm_word\\\\\\\\\\\\\\\\&quot;\\\\\\\\&quot;\\\\&quot;\\&quot;">The Congress leadership</span><span class="\\&quot;\\\\&quot;\\\\\\\\&quot;\\\\\\\\\\\\\\\\&quot;Apple-converted-space\\\\\\\\\\\\\\\\&quot;\\\\\\\\&quot;\\\\&quot;\\&quot;">&nbsp;</span>bit the Telangana bullet on Tuesday. It decided to bifurcate Andhra Pradesh to create<span class="\\&quot;\\\\&quot;\\\\\\\\&quot;\\\\\\\\\\\\\\\\&quot;Apple-converted-space\\\\\\\\\\\\\\\\&quot;\\\\\\\\&quot;\\\\&quot;\\&quot;">&nbsp;</span><span class="\\&quot;\\\\&quot;\\\\\\\\&quot;\\\\\\\\\\\\\\\\&quot;cm_word\\\\\\\\\\\\\\\\&quot;\\\\\\\\&quot;\\\\&quot;\\&quot;">a separate state of Telangana</span><span class="\\&quot;\\\\&quot;\\\\\\\\&quot;\\\\\\\\\\\\\\\\&quot;Apple-converted-space\\\\\\\\\\\\\\\\&quot;\\\\\\\\&quot;\\\\&quot;\\&quot;">&nbsp;</span>&mdash; a move that will be a loss to the politically muscular state but will be a gain for the Congress as it\\\\\\\\\\\\\\\\\\\\\\\\\\\\\\''s expected to revive the party\\\\\\\\\\\\\\\\\\\\\\\\\\\\\\''s fortunes in the state ahead of the 2014<span class="\\&quot;\\\\&quot;\\\\\\\\&quot;\\\\\\\\\\\\\\\\&quot;cm_word\\\\\\\\\\\\\\\\&quot;\\\\\\\\&quot;\\\\&quot;\\&quot;">Lok Sabha election</span>.<br /><br />As reported by TOI on July 29, Hyderabad will remain the common capital of the splintered states for 10 years &mdash; a balancing act that recognizes Telangana\\\\\\\\\\\\\\\\\\\\\\\\\\\\\\''s claim on the city but seeks to soften the blow to the opponents who were also concerned about the investments of coastal Andhra businesses in the capital. The Centre will help AP build a new capi</p>', NULL, NULL, 1, NULL, '1', 'inoerp', '0000-00-00 00:00:00', 'inoerp', '0000-00-00 00:00:00');
INSERT INTO `content` (`content_id`, `content_type_id`, `parent_id`, `subject`, `content`, `terms`, `published_cb`, `weightage`, `rev_enabled_cb`, `rev_number`, `created_by`, `creation_date`, `last_update_by`, `last_update_date`) VALUES
(22, 1, 0, 'page22d', '<p>NEW DELHI:<span class="\\&quot;\\\\&quot;\\\\\\\\&quot;\\\\\\\\\\\\\\\\&quot;\\\\\\\\\\\\\\\\\\\\\\\\\\\\\\\\&quot;\\\\\\\\\\\\\\\\\\\\\\\\\\\\\\\\\\\\\\\\\\\\\\\\\\\\\\\\\\\\\\\\&quot;\\\\\\\\\\\\\\\\\\\\\\\\\\\\\\\\\\\\\\\\\\\\\\\\\\\\\\\\\\\\\\\\\\\\\\\\\\\\\\\\\\\\\\\\\\\\\\\\\\\\\\\\\\\\\\\\\\\\\\\\\\\\\\\\&quot;\\\\\\\\\\\\\\\\\\\\\\\\\\\\\\\\\\\\\\\\\\\\\\\\\\\\\\\\\\\\\\\\\\\\\\\\\\\\\\\\\\\\\\\\\\\\\\\\\\\\\\\\\\\\\\\\\\\\\\\\\\\\\\\\\\\\\\\\\\\\\\\\\\\\\\\\\\\\\\\\\\\\\\\\\\\\\\\\\\\\\\\\\\\\\\\\\\\\\\\\\\\\\\\\\\\\\\\\\\\\\\\\\\\\\\\\\\\\\\\\\\\\\\\\\\\\\\\\&quot;\\\\\\\\\\\\\\\\\\\\\\\\\\\\\\\\\\\\\\\\\\\\\\\\\\\\\\\\\\\\\\\\\\\\\\\\\\\\\\\\\\\\\\\\\\\\\\\\\\\\\\\\\\\\\\\\\\\\\\\\\\\\\\\\\\\\\\\\\\\\\\\\\\\\\\\\\\\\\\\\\\\\\\\\\\\\\\\\\\\\\\\\\\\\\\\\\\\\\\\\\\\\\\\\\\\\\\\\\\\\\\\\\\\\\\\\\\\\\\\\\\\\\\\\\\\\\\\\\\\\\\\\\\\\\\\\\\\\\\\\\\\\\\\\\\\\\\\\\\\\\\\\\\\\\\\\\\\\\\\\\\\\\\\\\\\\\\\\\\\\\\\\\\\\\\\\\\\\\\\\\\\\\\\\\\\\\\\\\\\\\\\\\\\\\\\\\\\\\\\\\\\\\\\\\\\\\\\\\\\\\\\\\\\\\\\\\\\\\\\\\\\\\\\\\\\\\\\\\\\\\\\\\\\\\\\\\\\\\\\\\\\\\\\\\\\\\\\\\\\\\\\\\\\\\\\\&quot;Apple-converted-space\\\\\\\\\\\\\\\\\\\\\\\\\\\\\\\\\\\\\\\\\\\\\\\\\\\\\\\\\\\\\\\\\\\\\\\\\\\\\\\\\\\\\\\\\\\\\\\\\\\\\\\\\\\\\\\\\\\\\\\\\\\\\\\\\\\\\\\\\\\\\\\\\\\\\\\\\\\\\\\\\\\\\\\\\\\\\\\\\\\\\\\\\\\\\\\\\\\\\\\\\\\\\\\\\\\\\\\\\\\\\\\\\\\\\\\\\\\\\\\\\\\\\\\\\\\\\\\\\\\\\\\\\\\\\\\\\\\\\\\\\\\\\\\\\\\\\\\\\\\\\\\\\\\\\\\\\\\\\\\\\\\\\\\\\\\\\\\\\\\\\\\\\\\\\\\\\\\\\\\\\\\\\\\\\\\\\\\\\\\\\\\\\\\\\\\\\\\\\\\\\\\\\\\\\\\\\\\\\\\\\\\\\\\\\\\\\\\\\\\\\\\\\\\\\\\\\\\\\\\\\\\\\\\\\\\\\\\\\\\\\\\\\\\\\\\\\\\\\\\\\\\\\\\\\\\\&quot;\\\\\\\\\\\\\\\\\\\\\\\\\\\\\\\\\\\\\\\\\\\\\\\\\\\\\\\\\\\\\\\\\\\\\\\\\\\\\\\\\\\\\\\\\\\\\\\\\\\\\\\\\\\\\\\\\\\\\\\\\\\\\\\\\\\\\\\\\\\\\\\\\\\\\\\\\\\\\\\\\\\\\\\\\\\\\\\\\\\\\\\\\\\\\\\\\\\\\\\\\\\\\\\\\\\\\\\\\\\\\\\\\\\\\\\\\\\\\\\\\\\\\\\\\\\\\\\\&quot;\\\\\\\\\\\\\\\\\\\\\\\\\\\\\\\\\\\\\\\\\\\\\\\\\\\\\\\\\\\\\\\\\\\\\\\\\\\\\\\\\\\\\\\\\\\\\\\\\\\\\\\\\\\\\\\\\\\\\\\\\\\\\\\\&quot;\\\\\\\\\\\\\\\\\\\\\\\\\\\\\\\\\\\\\\\\\\\\\\\\\\\\\\\\\\\\\\\\&quot;\\\\\\\\\\\\\\\\\\\\\\\\\\\\\\\\&quot;\\\\\\\\\\\\\\\\&quot;\\\\\\\\&quot;\\\\&quot;\\&quot;">&nbsp;</span><span class="\\&quot;\\\\&quot;\\\\\\\\&quot;\\\\\\\\\\\\\\\\&quot;\\\\\\\\\\\\\\\\\\\\\\\\\\\\\\\\&quot;\\\\\\\\\\\\\\\\\\\\\\\\\\\\\\\\\\\\\\\\\\\\\\\\\\\\\\\\\\\\\\\\&quot;\\\\\\\\\\\\\\\\\\\\\\\\\\\\\\\\\\\\\\\\\\\\\\\\\\\\\\\\\\\\\\\\\\\\\\\\\\\\\\\\\\\\\\\\\\\\\\\\\\\\\\\\\\\\\\\\\\\\\\\\\\\\\\\\&quot;\\\\\\\\\\\\\\\\\\\\\\\\\\\\\\\\\\\\\\\\\\\\\\\\\\\\\\\\\\\\\\\\\\\\\\\\\\\\\\\\\\\\\\\\\\\\\\\\\\\\\\\\\\\\\\\\\\\\\\\\\\\\\\\\\\\\\\\\\\\\\\\\\\\\\\\\\\\\\\\\\\\\\\\\\\\\\\\\\\\\\\\\\\\\\\\\\\\\\\\\\\\\\\\\\\\\\\\\\\\\\\\\\\\\\\\\\\\\\\\\\\\\\\\\\\\\\\\\&quot;\\\\\\\\\\\\\\\\\\\\\\\\\\\\\\\\\\\\\\\\\\\\\\\\\\\\\\\\\\\\\\\\\\\\\\\\\\\\\\\\\\\\\\\\\\\\\\\\\\\\\\\\\\\\\\\\\\\\\\\\\\\\\\\\\\\\\\\\\\\\\\\\\\\\\\\\\\\\\\\\\\\\\\\\\\\\\\\\\\\\\\\\\\\\\\\\\\\\\\\\\\\\\\\\\\\\\\\\\\\\\\\\\\\\\\\\\\\\\\\\\\\\\\\\\\\\\\\\\\\\\\\\\\\\\\\\\\\\\\\\\\\\\\\\\\\\\\\\\\\\\\\\\\\\\\\\\\\\\\\\\\\\\\\\\\\\\\\\\\\\\\\\\\\\\\\\\\\\\\\\\\\\\\\\\\\\\\\\\\\\\\\\\\\\\\\\\\\\\\\\\\\\\\\\\\\\\\\\\\\\\\\\\\\\\\\\\\\\\\\\\\\\\\\\\\\\\\\\\\\\\\\\\\\\\\\\\\\\\\\\\\\\\\\\\\\\\\\\\\\\\\\\\\\\\\\\&quot;cm_word\\\\\\\\\\\\\\\\\\\\\\\\\\\\\\\\\\\\\\\\\\\\\\\\\\\\\\\\\\\\\\\\\\\\\\\\\\\\\\\\\\\\\\\\\\\\\\\\\\\\\\\\\\\\\\\\\\\\\\\\\\\\\\\\\\\\\\\\\\\\\\\\\\\\\\\\\\\\\\\\\\\\\\\\\\\\\\\\\\\\\\\\\\\\\\\\\\\\\\\\\\\\\\\\\\\\\\\\\\\\\\\\\\\\\\\\\\\\\\\\\\\\\\\\\\\\\\\\\\\\\\\\\\\\\\\\\\\\\\\\\\\\\\\\\\\\\\\\\\\\\\\\\\\\\\\\\\\\\\\\\\\\\\\\\\\\\\\\\\\\\\\\\\\\\\\\\\\\\\\\\\\\\\\\\\\\\\\\\\\\\\\\\\\\\\\\\\\\\\\\\\\\\\\\\\\\\\\\\\\\\\\\\\\\\\\\\\\\\\\\\\\\\\\\\\\\\\\\\\\\\\\\\\\\\\\\\\\\\\\\\\\\\\\\\\\\\\\\\\\\\\\\\\\\\\\\&quot;\\\\\\\\\\\\\\\\\\\\\\\\\\\\\\\\\\\\\\\\\\\\\\\\\\\\\\\\\\\\\\\\\\\\\\\\\\\\\\\\\\\\\\\\\\\\\\\\\\\\\\\\\\\\\\\\\\\\\\\\\\\\\\\\\\\\\\\\\\\\\\\\\\\\\\\\\\\\\\\\\\\\\\\\\\\\\\\\\\\\\\\\\\\\\\\\\\\\\\\\\\\\\\\\\\\\\\\\\\\\\\\\\\\\\\\\\\\\\\\\\\\\\\\\\\\\\\\\&quot;\\\\\\\\\\\\\\\\\\\\\\\\\\\\\\\\\\\\\\\\\\\\\\\\\\\\\\\\\\\\\\\\\\\\\\\\\\\\\\\\\\\\\\\\\\\\\\\\\\\\\\\\\\\\\\\\\\\\\\\\\\\\\\\\&quot;\\\\\\\\\\\\\\\\\\\\\\\\\\\\\\\\\\\\\\\\\\\\\\\\\\\\\\\\\\\\\\\\&quot;\\\\\\\\\\\\\\\\\\\\\\\\\\\\\\\\&quot;\\\\\\\\\\\\\\\\&quot;\\\\\\\\&quot;\\\\&quot;\\&quot;">The Congress leadership</span><span class="\\&quot;\\\\&quot;\\\\\\\\&quot;\\\\\\\\\\\\\\\\&quot;\\\\\\\\\\\\\\\\\\\\\\\\\\\\\\\\&quot;\\\\\\\\\\\\\\\\\\\\\\\\\\\\\\\\\\\\\\\\\\\\\\\\\\\\\\\\\\\\\\\\&quot;\\\\\\\\\\\\\\\\\\\\\\\\\\\\\\\\\\\\\\\\\\\\\\\\\\\\\\\\\\\\\\\\\\\\\\\\\\\\\\\\\\\\\\\\\\\\\\\\\\\\\\\\\\\\\\\\\\\\\\\\\\\\\\\\&quot;\\\\\\\\\\\\\\\\\\\\\\\\\\\\\\\\\\\\\\\\\\\\\\\\\\\\\\\\\\\\\\\\\\\\\\\\\\\\\\\\\\\\\\\\\\\\\\\\\\\\\\\\\\\\\\\\\\\\\\\\\\\\\\\\\\\\\\\\\\\\\\\\\\\\\\\\\\\\\\\\\\\\\\\\\\\\\\\\\\\\\\\\\\\\\\\\\\\\\\\\\\\\\\\\\\\\\\\\\\\\\\\\\\\\\\\\\\\\\\\\\\\\\\\\\\\\\\\\&quot;\\\\\\\\\\\\\\\\\\\\\\\\\\\\\\\\\\\\\\\\\\\\\\\\\\\\\\\\\\\\\\\\\\\\\\\\\\\\\\\\\\\\\\\\\\\\\\\\\\\\\\\\\\\\\\\\\\\\\\\\\\\\\\\\\\\\\\\\\\\\\\\\\\\\\\\\\\\\\\\\\\\\\\\\\\\\\\\\\\\\\\\\\\\\\\\\\\\\\\\\\\\\\\\\\\\\\\\\\\\\\\\\\\\\\\\\\\\\\\\\\\\\\\\\\\\\\\\\\\\\\\\\\\\\\\\\\\\\\\\\\\\\\\\\\\\\\\\\\\\\\\\\\\\\\\\\\\\\\\\\\\\\\\\\\\\\\\\\\\\\\\\\\\\\\\\\\\\\\\\\\\\\\\\\\\\\\\\\\\\\\\\\\\\\\\\\\\\\\\\\\\\\\\\\\\\\\\\\\\\\\\\\\\\\\\\\\\\\\\\\\\\\\\\\\\\\\\\\\\\\\\\\\\\\\\\\\\\\\\\\\\\\\\\\\\\\\\\\\\\\\\\\\\\\\\\\&quot;Apple-converted-space\\\\\\\\\\\\\\\\\\\\\\\\\\\\\\\\\\\\\\\\\\\\\\\\\\\\\\\\\\\\\\\\\\\\\\\\\\\\\\\\\\\\\\\\\\\\\\\\\\\\\\\\\\\\\\\\\\\\\\\\\\\\\\\\\\\\\\\\\\\\\\\\\\\\\\\\\\\\\\\\\\\\\\\\\\\\\\\\\\\\\\\\\\\\\\\\\\\\\\\\\\\\\\\\\\\\\\\\\\\\\\\\\\\\\\\\\\\\\\\\\\\\\\\\\\\\\\\\\\\\\\\\\\\\\\\\\\\\\\\\\\\\\\\\\\\\\\\\\\\\\\\\\\\\\\\\\\\\\\\\\\\\\\\\\\\\\\\\\\\\\\\\\\\\\\\\\\\\\\\\\\\\\\\\\\\\\\\\\\\\\\\\\\\\\\\\\\\\\\\\\\\\\\\\\\\\\\\\\\\\\\\\\\\\\\\\\\\\\\\\\\\\\\\\\\\\\\\\\\\\\\\\\\\\\\\\\\\\\\\\\\\\\\\\\\\\\\\\\\\\\\\\\\\\\\\\&quot;\\\\\\\\\\\\\\\\\\\\\\\\\\\\\\\\\\\\\\\\\\\\\\\\\\\\\\\\\\\\\\\\\\\\\\\\\\\\\\\\\\\\\\\\\\\\\\\\\\\\\\\\\\\\\\\\\\\\\\\\\\\\\\\\\\\\\\\\\\\\\\\\\\\\\\\\\\\\\\\\\\\\\\\\\\\\\\\\\\\\\\\\\\\\\\\\\\\\\\\\\\\\\\\\\\\\\\\\\\\\\\\\\\\\\\\\\\\\\\\\\\\\\\\\\\\\\\\\&quot;\\\\\\\\\\\\\\\\\\\\\\\\\\\\\\\\\\\\\\\\\\\\\\\\\\\\\\\\\\\\\\\\\\\\\\\\\\\\\\\\\\\\\\\\\\\\\\\\\\\\\\\\\\\\\\\\\\\\\\\\\\\\\\\\&quot;\\\\\\\\\\\\\\\\\\\\\\\\\\\\\\\\\\\\\\\\\\\\\\\\\\\\\\\\\\\\\\\\&quot;\\\\\\\\\\\\\\\\\\\\\\\\\\\\\\\\&quot;\\\\\\\\\\\\\\\\&quot;\\\\\\\\&quot;\\\\&quot;\\&quot;">&nbsp;</span>bit the Telangana bullet on Tuesday. It decided to bifurcate Andhra Pradesh to create<span class="\\&quot;\\\\&quot;\\\\\\\\&quot;\\\\\\\\\\\\\\\\&quot;\\\\\\\\\\\\\\\\\\\\\\\\\\\\\\\\&quot;\\\\\\\\\\\\\\\\\\\\\\\\\\\\\\\\\\\\\\\\\\\\\\\\\\\\\\\\\\\\\\\\&quot;\\\\\\\\\\\\\\\\\\\\\\\\\\\\\\\\\\\\\\\\\\\\\\\\\\\\\\\\\\\\\\\\\\\\\\\\\\\\\\\\\\\\\\\\\\\\\\\\\\\\\\\\\\\\\\\\\\\\\\\\\\\\\\\\&quot;\\\\\\\\\\\\\\\\\\\\\\\\\\\\\\\\\\\\\\\\\\\\\\\\\\\\\\\\\\\\\\\\\\\\\\\\\\\\\\\\\\\\\\\\\\\\\\\\\\\\\\\\\\\\\\\\\\\\\\\\\\\\\\\\\\\\\\\\\\\\\\\\\\\\\\\\\\\\\\\\\\\\\\\\\\\\\\\\\\\\\\\\\\\\\\\\\\\\\\\\\\\\\\\\\\\\\\\\\\\\\\\\\\\\\\\\\\\\\\\\\\\\\\\\\\\\\\\\&quot;\\\\\\\\\\\\\\\\\\\\\\\\\\\\\\\\\\\\\\\\\\\\\\\\\\\\\\\\\\\\\\\\\\\\\\\\\\\\\\\\\\\\\\\\\\\\\\\\\\\\\\\\\\\\\\\\\\\\\\\\\\\\\\\\\\\\\\\\\\\\\\\\\\\\\\\\\\\\\\\\\\\\\\\\\\\\\\\\\\\\\\\\\\\\\\\\\\\\\\\\\\\\\\\\\\\\\\\\\\\\\\\\\\\\\\\\\\\\\\\\\\\\\\\\\\\\\\\\\\\\\\\\\\\\\\\\\\\\\\\\\\\\\\\\\\\\\\\\\\\\\\\\\\\\\\\\\\\\\\\\\\\\\\\\\\\\\\\\\\\\\\\\\\\\\\\\\\\\\\\\\\\\\\\\\\\\\\\\\\\\\\\\\\\\\\\\\\\\\\\\\\\\\\\\\\\\\\\\\\\\\\\\\\\\\\\\\\\\\\\\\\\\\\\\\\\\\\\\\\\\\\\\\\\\\\\\\\\\\\\\\\\\\\\\\\\\\\\\\\\\\\\\\\\\\\\\&quot;Apple-converted-space\\\\\\\\\\\\\\\\\\\\\\\\\\\\\\\\\\\\\\\\\\\\\\\\\\\\\\\\\\\\\\\\\\\\\\\\\\\\\\\\\\\\\\\\\\\\\\\\\\\\\\\\\\\\\\\\\\\\\\\\\\\\\\\\\\\\\\\\\\\\\\\\\\\\\\\\\\\\\\\\\\\\\\\\\\\\\\\\\\\\\\\\\\\\\\\\\\\\\\\\\\\\\\\\\\\\\\\\\\\\\\\\\\\\\\\\\\\\\\\\\\\\\\\\\\\\\\\\\\\\\\\\\\\\\\\\\\\\\\\\\\\\\\\\\\\\\\\\\\\\\\\\\\\\\\\\\\\\\\\\\\\\\\\\\\\\\\\\\\\\\\\\\\\\\\\\\\\\\\\\\\\\\\\\\\\\\\\\\\\\\\\\\\\\\\\\\\\\\\\\\\\\\\\\\\\\\\\\\\\\\\\\\\\\\\\\\\\\\\\\\\\\\\\\\\\\\\\\\\\\\\\\\\\\\\\\\\\\\\\\\\\\\\\\\\\\\\\\\\\\\\\\\\\\\\\\&quot;\\\\\\\\\\\\\\\\\\\\\\\\\\\\\\\\\\\\\\\\\\\\\\\\\\\\\\\\\\\\\\\\\\\\\\\\\\\\\\\\\\\\\\\\\\\\\\\\\\\\\\\\\\\\\\\\\\\\\\\\\\\\\\\\\\\\\\\\\\\\\\\\\\\\\\\\\\\\\\\\\\\\\\\\\\\\\\\\\\\\\\\\\\\\\\\\\\\\\\\\\\\\\\\\\\\\\\\\\\\\\\\\\\\\\\\\\\\\\\\\\\\\\\\\\\\\\\\\&quot;\\\\\\\\\\\\\\\\\\\\\\\\\\\\\\\\\\\\\\\\\\\\\\\\\\\\\\\\\\\\\\\\\\\\\\\\\\\\\\\\\\\\\\\\\\\\\\\\\\\\\\\\\\\\\\\\\\\\\\\\\\\\\\\\&quot;\\\\\\\\\\\\\\\\\\\\\\\\\\\\\\\\\\\\\\\\\\\\\\\\\\\\\\\\\\\\\\\\&quot;\\\\\\\\\\\\\\\\\\\\\\\\\\\\\\\\&quot;\\\\\\\\\\\\\\\\&quot;\\\\\\\\&quot;\\\\&quot;\\&quot;">&nbsp;</span><span class="\\&quot;\\\\&quot;\\\\\\\\&quot;\\\\\\\\\\\\\\\\&quot;\\\\\\\\\\\\\\\\\\\\\\\\\\\\\\\\&quot;\\\\\\\\\\\\\\\\\\\\\\\\\\\\\\\\\\\\\\\\\\\\\\\\\\\\\\\\\\\\\\\\&quot;\\\\\\\\\\\\\\\\\\\\\\\\\\\\\\\\\\\\\\\\\\\\\\\\\\\\\\\\\\\\\\\\\\\\\\\\\\\\\\\\\\\\\\\\\\\\\\\\\\\\\\\\\\\\\\\\\\\\\\\\\\\\\\\\&quot;\\\\\\\\\\\\\\\\\\\\\\\\\\\\\\\\\\\\\\\\\\\\\\\\\\\\\\\\\\\\\\\\\\\\\\\\\\\\\\\\\\\\\\\\\\\\\\\\\\\\\\\\\\\\\\\\\\\\\\\\\\\\\\\\\\\\\\\\\\\\\\\\\\\\\\\\\\\\\\\\\\\\\\\\\\\\\\\\\\\\\\\\\\\\\\\\\\\\\\\\\\\\\\\\\\\\\\\\\\\\\\\\\\\\\\\\\\\\\\\\\\\\\\\\\\\\\\\\&quot;\\\\\\\\\\\\\\\\\\\\\\\\\\\\\\\\\\\\\\\\\\\\\\\\\\\\\\\\\\\\\\\\\\\\\\\\\\\\\\\\\\\\\\\\\\\\\\\\\\\\\\\\\\\\\\\\\\\\\\\\\\\\\\\\\\\\\\\\\\\\\\\\\\\\\\\\\\\\\\\\\\\\\\\\\\\\\\\\\\\\\\\\\\\\\\\\\\\\\\\\\\\\\\\\\\\\\\\\\\\\\\\\\\\\\\\\\\\\\\\\\\\\\\\\\\\\\\\\\\\\\\\\\\\\\\\\\\\\\\\\\\\\\\\\\\\\\\\\\\\\\\\\\\\\\\\\\\\\\\\\\\\\\\\\\\\\\\\\\\\\\\\\\\\\\\\\\\\\\\\\\\\\\\\\\\\\\\\\\\\\\\\\\\\\\\\\\\\\\\\\\\\\\\\\\\\\\\\\\\\\\\\\\\\\\\\\\\\\\\\\\\\\\\\\\\\\\\\\\\\\\\\\\\\\\\\\\\\\\\\\\\\\\\\\\\\\\\\\\\\\\\\\\\\\\\\\&quot;cm_word\\\\\\\\\\\\\\\\\\\\\\\\\\\\\\\\\\\\\\\\\\\\\\\\\\\\\\\\\\\\\\\\\\\\\\\\\\\\\\\\\\\\\\\\\\\\\\\\\\\\\\\\\\\\\\\\\\\\\\\\\\\\\\\\\\\\\\\\\\\\\\\\\\\\\\\\\\\\\\\\\\\\\\\\\\\\\\\\\\\\\\\\\\\\\\\\\\\\\\\\\\\\\\\\\\\\\\\\\\\\\\\\\\\\\\\\\\\\\\\\\\\\\\\\\\\\\\\\\\\\\\\\\\\\\\\\\\\\\\\\\\\\\\\\\\\\\\\\\\\\\\\\\\\\\\\\\\\\\\\\\\\\\\\\\\\\\\\\\\\\\\\\\\\\\\\\\\\\\\\\\\\\\\\\\\\\\\\\\\\\\\\\\\\\\\\\\\\\\\\\\\\\\\\\\\\\\\\\\\\\\\\\\\\\\\\\\\\\\\\\\\\\\\\\\\\\\\\\\\\\\\\\\\\\\\\\\\\\\\\\\\\\\\\\\\\\\\\\\\\\\\\\\\\\\\\\&quot;\\\\\\\\\\\\\\\\\\\\\\\\\\\\\\\\\\\\\\\\\\\\\\\\\\\\\\\\\\\\\\\\\\\\\\\\\\\\\\\\\\\\\\\\\\\\\\\\\\\\\\\\\\\\\\\\\\\\\\\\\\\\\\\\\\\\\\\\\\\\\\\\\\\\\\\\\\\\\\\\\\\\\\\\\\\\\\\\\\\\\\\\\\\\\\\\\\\\\\\\\\\\\\\\\\\\\\\\\\\\\\\\\\\\\\\\\\\\\\\\\\\\\\\\\\\\\\\\&quot;\\\\\\\\\\\\\\\\\\\\\\\\\\\\\\\\\\\\\\\\\\\\\\\\\\\\\\\\\\\\\\\\\\\\\\\\\\\\\\\\\\\\\\\\\\\\\\\\\\\\\\\\\\\\\\\\\\\\\\\\\\\\\\\\&quot;\\\\\\\\\\\\\\\\\\\\\\\\\\\\\\\\\\\\\\\\\\\\\\\\\\\\\\\\\\\\\\\\&quot;\\\\\\\\\\\\\\\\\\\\\\\\\\\\\\\\&quot;\\\\\\\\\\\\\\\\&quot;\\\\\\\\&quot;\\\\&quot;\\&quot;">a separate state of Telangana</span><span class="\\&quot;\\\\&quot;\\\\\\\\&quot;\\\\\\\\\\\\\\\\&quot;\\\\\\\\\\\\\\\\\\\\\\\\\\\\\\\\&quot;\\\\\\\\\\\\\\\\\\\\\\\\\\\\\\\\\\\\\\\\\\\\\\\\\\\\\\\\\\\\\\\\&quot;\\\\\\\\\\\\\\\\\\\\\\\\\\\\\\\\\\\\\\\\\\\\\\\\\\\\\\\\\\\\\\\\\\\\\\\\\\\\\\\\\\\\\\\\\\\\\\\\\\\\\\\\\\\\\\\\\\\\\\\\\\\\\\\\&quot;\\\\\\\\\\\\\\\\\\\\\\\\\\\\\\\\\\\\\\\\\\\\\\\\\\\\\\\\\\\\\\\\\\\\\\\\\\\\\\\\\\\\\\\\\\\\\\\\\\\\\\\\\\\\\\\\\\\\\\\\\\\\\\\\\\\\\\\\\\\\\\\\\\\\\\\\\\\\\\\\\\\\\\\\\\\\\\\\\\\\\\\\\\\\\\\\\\\\\\\\\\\\\\\\\\\\\\\\\\\\\\\\\\\\\\\\\\\\\\\\\\\\\\\\\\\\\\\\&quot;\\\\\\\\\\\\\\\\\\\\\\\\\\\\\\\\\\\\\\\\\\\\\\\\\\\\\\\\\\\\\\\\\\\\\\\\\\\\\\\\\\\\\\\\\\\\\\\\\\\\\\\\\\\\\\\\\\\\\\\\\\\\\\\\\\\\\\\\\\\\\\\\\\\\\\\\\\\\\\\\\\\\\\\\\\\\\\\\\\\\\\\\\\\\\\\\\\\\\\\\\\\\\\\\\\\\\\\\\\\\\\\\\\\\\\\\\\\\\\\\\\\\\\\\\\\\\\\\\\\\\\\\\\\\\\\\\\\\\\\\\\\\\\\\\\\\\\\\\\\\\\\\\\\\\\\\\\\\\\\\\\\\\\\\\\\\\\\\\\\\\\\\\\\\\\\\\\\\\\\\\\\\\\\\\\\\\\\\\\\\\\\\\\\\\\\\\\\\\\\\\\\\\\\\\\\\\\\\\\\\\\\\\\\\\\\\\\\\\\\\\\\\\\\\\\\\\\\\\\\\\\\\\\\\\\\\\\\\\\\\\\\\\\\\\\\\\\\\\\\\\\\\\\\\\\\\&quot;Apple-converted-space\\\\\\\\\\\\\\\\\\\\\\\\\\\\\\\\\\\\\\\\\\\\\\\\\\\\\\\\\\\\\\\\\\\\\\\\\\\\\\\\\\\\\\\\\\\\\\\\\\\\\\\\\\\\\\\\\\\\\\\\\\\\\\\\\\\\\\\\\\\\\\\\\\\\\\\\\\\\\\\\\\\\\\\\\\\\\\\\\\\\\\\\\\\\\\\\\\\\\\\\\\\\\\\\\\\\\\\\\\\\\\\\\\\\\\\\\\\\\\\\\\\\\\\\\\\\\\\\\\\\\\\\\\\\\\\\\\\\\\\\\\\\\\\\\\\\\\\\\\\\\\\\\\\\\\\\\\\\\\\\\\\\\\\\\\\\\\\\\\\\\\\\\\\\\\\\\\\\\\\\\\\\\\\\\\\\\\\\\\\\\\\\\\\\\\\\\\\\\\\\\\\\\\\\\\\\\\\\\\\\\\\\\\\\\\\\\\\\\\\\\\\\\\\\\\\\\\\\\\\\\\\\\\\\\\\\\\\\\\\\\\\\\\\\\\\\\\\\\\\\\\\\\\\\\\\\&quot;\\\\\\\\\\\\\\\\\\\\\\\\\\\\\\\\\\\\\\\\\\\\\\\\\\\\\\\\\\\\\\\\\\\\\\\\\\\\\\\\\\\\\\\\\\\\\\\\\\\\\\\\\\\\\\\\\\\\\\\\\\\\\\\\\\\\\\\\\\\\\\\\\\\\\\\\\\\\\\\\\\\\\\\\\\\\\\\\\\\\\\\\\\\\\\\\\\\\\\\\\\\\\\\\\\\\\\\\\\\\\\\\\\\\\\\\\\\\\\\\\\\\\\\\\\\\\\\\&quot;\\\\\\\\\\\\\\\\\\\\\\\\\\\\\\\\\\\\\\\\\\\\\\\\\\\\\\\\\\\\\\\\\\\\\\\\\\\\\\\\\\\\\\\\\\\\\\\\\\\\\\\\\\\\\\\\\\\\\\\\\\\\\\\\&quot;\\\\\\\\\\\\\\\\\\\\\\\\\\\\\\\\\\\\\\\\\\\\\\\\\\\\\\\\\\\\\\\\&quot;\\\\\\\\\\\\\\\\\\\\\\\\\\\\\\\\&quot;\\\\\\\\\\\\\\\\&quot;\\\\\\\\&quot;\\\\&quot;\\&quot;">&nbsp;</span>&mdash; a move that will be a loss to the politically muscular state but will be a gain for the Congress as expected to revive the party ahead of the 2014<span class="\\&quot;\\\\&quot;\\\\\\\\&quot;\\\\\\\\\\\\\\\\&quot;\\\\\\\\\\\\\\\\\\\\\\\\\\\\\\\\&quot;\\\\\\\\\\\\\\\\\\\\\\\\\\\\\\\\\\\\\\\\\\\\\\\\\\\\\\\\\\\\\\\\&quot;\\\\\\\\\\\\\\\\\\\\\\\\\\\\\\\\\\\\\\\\\\\\\\\\\\\\\\\\\\\\\\\\\\\\\\\\\\\\\\\\\\\\\\\\\\\\\\\\\\\\\\\\\\\\\\\\\\\\\\\\\\\\\\\\&quot;\\\\\\\\\\\\\\\\\\\\\\\\\\\\\\\\\\\\\\\\\\\\\\\\\\\\\\\\\\\\\\\\\\\\\\\\\\\\\\\\\\\\\\\\\\\\\\\\\\\\\\\\\\\\\\\\\\\\\\\\\\\\\\\\\\\\\\\\\\\\\\\\\\\\\\\\\\\\\\\\\\\\\\\\\\\\\\\\\\\\\\\\\\\\\\\\\\\\\\\\\\\\\\\\\\\\\\\\\\\\\\\\\\\\\\\\\\\\\\\\\\\\\\\\\\\\\\\\&quot;\\\\\\\\\\\\\\\\\\\\\\\\\\\\\\\\\\\\\\\\\\\\\\\\\\\\\\\\\\\\\\\\\\\\\\\\\\\\\\\\\\\\\\\\\\\\\\\\\\\\\\\\\\\\\\\\\\\\\\\\\\\\\\\\\\\\\\\\\\\\\\\\\\\\\\\\\\\\\\\\\\\\\\\\\\\\\\\\\\\\\\\\\\\\\\\\\\\\\\\\\\\\\\\\\\\\\\\\\\\\\\\\\\\\\\\\\\\\\\\\\\\\\\\\\\\\\\\\\\\\\\\\\\\\\\\\\\\\\\\\\\\\\\\\\\\\\\\\\\\\\\\\\\\\\\\\\\\\\\\\\\\\\\\\\\\\\\\\\\\\\\\\\\\\\\\\\\\\\\\\\\\\\\\\\\\\\\\\\\\\\\\\\\\\\\\\\\\\\\\\\\\\\\\\\\\\\\\\\\\\\\\\\\\\\\\\\\\\\\\\\\\\\\\\\\\\\\\\\\\\\\\\\\\\\\\\\\\\\\\\\\\\\\\\\\\\\\\\\\\\\\\\\\\\\\\\&quot;cm_word\\\\\\\\\\\\\\\\\\\\\\\\\\\\\\\\\\\\\\\\\\\\\\\\\\\\\\\\\\\\\\\\\\\\\\\\\\\\\\\\\\\\\\\\\\\\\\\\\\\\\\\\\\\\\\\\\\\\\\\\\\\\\\\\\\\\\\\\\\\\\\\\\\\\\\\\\\\\\\\\\\\\\\\\\\\\\\\\\\\\\\\\\\\\\\\\\\\\\\\\\\\\\\\\\\\\\\\\\\\\\\\\\\\\\\\\\\\\\\\\\\\\\\\\\\\\\\\\\\\\\\\\\\\\\\\\\\\\\\\\\\\\\\\\\\\\\\\\\\\\\\\\\\\\\\\\\\\\\\\\\\\\\\\\\\\\\\\\\\\\\\\\\\\\\\\\\\\\\\\\\\\\\\\\\\\\\\\\\\\\\\\\\\\\\\\\\\\\\\\\\\\\\\\\\\\\\\\\\\\\\\\\\\\\\\\\\\\\\\\\\\\\\\\\\\\\\\\\\\\\\\\\\\\\\\\\\\\\\\\\\\\\\\\\\\\\\\\\\\\\\\\\\\\\\\\\&quot;\\\\\\\\\\\\\\\\\\\\\\\\\\\\\\\\\\\\\\\\\\\\\\\\\\\\\\\\\\\\\\\\\\\\\\\\\\\\\\\\\\\\\\\\\\\\\\\\\\\\\\\\\\\\\\\\\\\\\\\\\\\\\\\\\\\\\\\\\\\\\\\\\\\\\\\\\\\\\\\\\\\\\\\\\\\\\\\\\\\\\\\\\\\\\\\\\\\\\\\\\\\\\\\\\\\\\\\\\\\\\\\\\\\\\\\\\\\\\\\\\\\\\\\\\\\\\\\\&quot;\\\\\\\\\\\\\\\\\\\\\\\\\\\\\\\\\\\\\\\\\\\\\\\\\\\\\\\\\\\\\\\\\\\\\\\\\\\\\\\\\\\\\\\\\\\\\\\\\\\\\\\\\\\\\\\\\\\\\\\\\\\\\\\\&quot;\\\\\\\\\\\\\\\\\\\\\\\\\\\\\\\\\\\\\\\\\\\\\\\\\\\\\\\\\\\\\\\\&quot;\\\\\\\\\\\\\\\\\\\\\\\\\\\\\\\\&quot;\\\\\\\\\\\\\\\\&quot;\\\\\\\\&quot;\\\\&quot;\\&quot;">Lok Sabha election</span>.<br /><br />As reported by TOI on July 29, Hyderabad will remain the common capital of the splintered states for 10 years &mdash; a balancing act that recognizes claim on the city but seeks to soften the blow to the opponents who were also concerned about the investments of coastal Andhra businesses in the capital. The Centre will help AP build a new capi</p>', '', 0, 1, 0, '1', 'inoerp', '0000-00-00 00:00:00', 'inoerp', '0000-00-00 00:00:00'),
(23, 1, 0, 'test', '<p>test01</p>\r\n<p>jk;lj;</p>\r\n<p>kj;l</p>\r\n<p>lk;j;</p>\r\n<p>kkk</p>', '', 0, 1, 0, '1', 'inoerp', '0000-00-00 00:00:00', 'inoerp', '0000-00-00 00:00:00'),
(24, 1, NULL, 'test01', '<ol style="margin: 0px 0px 1em 30px; padding: 0px; border: 0px; font-size: 14px; vertical-align: baseline; background-color: #ffffff; list-style: decimal; color: #000000; font-family: Arial, ''Liberation Sans'', ''DejaVu Sans'', sans-serif; font-style: normal; font-variant: normal; font-weight: normal; letter-spacing: normal; line-height: 18px; orphans: auto; text-align: left; text-indent: 0px; text-transform: none; white-space: normal; widows: auto; word-spacing: 0px; -webkit-text-stroke-width: 0px; background-position: initial initial; background-repeat: initial initial;">\r\n<li style="margin: 0px; padding: 0px; border: 0px; font-size: 14px; vertical-align: baseline; background-color: transparent; word-wrap: break-word; background-position: initial initial; background-repeat: initial initial;">I''m using a WordPress site.</li>\r\n<li style="margin: 0px; padding: 0px; border: 0px; font-size: 14px; vertical-align: baseline; background-color: transparent; word-wrap: break-word; background-position: initial initial; background-repeat: initial initial;">I''m including this script in the header.</li>\r\n</ol>\r\n<p style="margin: 0px 0px 1em; padding: 0px; border: 0px; font-size: 14px; vertical-align: baseline; background-color: #ffffff; clear: both; word-wrap: break-word; color: #000000; font-family: Arial, ''Liberation Sans'', ''DejaVu Sans'', sans-serif; font-style: normal; font-variant: normal; font-weight: normal; letter-spacing: normal; line-height: 18px; orphans: auto; text-align: left; text-indent: 0px; text-transform: none; white-space: normal; widows: auto; word-spacing: 0px; -webkit-text-stroke-width: 0px; background-position: initial initial; background-repeat: initial initial;">When the script loads, I get this error:</p>\r\n<pre class="default prettyprint prettyprinted" style="margin: 0px 0px 10px; padding: 5px; border: 0px; font-size: 14px; vertical-align: baseline; background-color: #eeeeee; font-family: Consolas, Menlo, Monaco, ''Lucida Console'', ''Liberation Mono'', ''DejaVu Sans Mono'', ''Bitstream Vera Sans Mono'', ''Courier New'', monospace, serif; overflow: auto; width: auto; max-height: 600px; color: #000000; font-style: normal; font-variant: normal; font-weight: normal; letter-spacing: normal; line-height: 18px; orphans: auto; text-align: left; text-indent: 0px; text-transform: none; widows: auto; word-spacing: 0px; -webkit-text-stroke-width: 0px; background-position: initial initial; background-repeat: initial initial;"><code style="margin: 0px; padding: 0px; border: 0px; font-size: 14px; vertical-align: baseline; background-color: #eeeeee; font-family: Consolas, Menlo, Monaco, ''Lucida Console'', ''Liberation Mono'', ''DejaVu Sans Mono'', ''Bitstream Vera Sans Mono'', ''Courier New'', monospace, serif; background-position: initial initial; background-repeat: initial initial;"><span class="typ" style="margin: 0px; padding: 0px; border: 0px; font-size: 14px; vertical-align: baseline; background-color: transparent; color: #2b91af; background-position: initial initial; background-repeat: initial initial;">TypeError</span><span class="pun" style="margin: 0px; padding: 0px; border: 0px; font-size: 14px; vertical-align: baseline; background-color: transparent; color: #000000; background-position: initial initial; background-repeat: initial initial;">:</span><span class="str" style="margin: 0px; padding: 0px; border: 0px; font-size: 14px; vertical-align: baseline; background-color: transparent; color: #800000; background-position: initial initial; background-repeat: initial initial;">''undefined''</span><span class="kwd" style="margin: 0px; padding: 0px; border: 0px; font-size: 14px; vertical-align: baseline; background-color: transparent; color: #00008b; background-position: initial initial; background-repeat: initial initial;">is</span><span class="kwd" style="margin: 0px; padding: 0px; border: 0px; font-size: 14px; vertical-align: baseline; background-color: transparent; color: #00008b; background-position: initial initial; background-repeat: initial initial;">not</span><span class="pln" style="margin: 0px; padding: 0px; border: 0px; font-size: 14px; vertical-align: baseline; background-color: transparent; color: #000000; background-position: initial initial; background-repeat: initial initial;"> a </span><span class="kwd" style="margin: 0px; padding: 0px; border: 0px; font-size: 14px; vertical-align: baseline; background-color: transparent; color: #00008b; background-position: initial initial; background-repeat: initial initial;">function</span><span class="pun" style="margin: 0px; padding: 0px; border: 0px; font-size: 14px; vertical-align: baseline; background-color: transparent; color: #000000; background-position: initial initial; background-repeat: initial initial;">(</span><span class="pln" style="margin: 0px; padding: 0px; border: 0px; font-size: 14px; vertical-align: baseline; background-color: transparent; color: #000000; background-position: initial initial; background-repeat: initial initial;">evaluating </span><span class="str" style="margin: 0px; padding: 0px; border: 0px; font-size: 14px; vertical-align: baseline; background-color: transparent; color: #800000; background-position: initial initial; background-repeat: initial initial;">''$(document)''</span><span class="pun" style="margin: 0px; padding: 0px; border: 0px; font-size: 14px; vertical-align: baseline; background-color: transparent; color: #000000; background-position: initial initial; background-repeat: initial initial;">)</span></code></pre>\r\n<p style="margin: 0px 0px 1em; padding: 0px; border: 0px; font-size: 14px; vertical-align: baseline; background-color: #ffffff; clear: both; word-wrap: break-word; color: #000000; font-family: Arial, ''Liberation Sans'', ''DejaVu Sans'', sans-serif; font-style: normal; font-variant: normal; font-weight: normal; letter-spacing: normal; line-height: 18px; orphans: auto; text-align: left; text-indent: 0px; text-transform: none; white-space: normal; widows: auto; word-spacing: 0px; -webkit-text-stroke-width: 0px; background-position: initial initial; background-repeat: initial initial;">I have no idea what is causing it or what it even means.</p>\r\n<p style="margin: 0px 0px 1em; padding: 0px; border: 0px; font-size: 14px; vertical-align: baseline; background-color: #ffffff; clear: both; word-wrap: break-word; color: #000000; font-family: Arial, ''Liberation Sans'', ''DejaVu Sans'', sans-serif; font-style: normal; font-variant: normal; font-weight: normal; letter-spacing: normal; line-height: 18px; orphans: auto; text-align: left; text-indent: 0px; text-transform: none; white-space: normal; widows: auto; word-spacing: 0px; -webkit-text-stroke-width: 0px; background-position: initial initial; background-repeat: initial initial;">In firebug, I get this:<span class="Apple-converted-space">&nbsp;</span><code style="margin: 0px; padding: 1px 5px; border: 0px; font-size: 14px; vertical-align: baseline; background-color: #eeeeee; font-family: Consolas, Menlo, Monaco, ''Lucida Console'', ''Liberation Mono'', ''DejaVu Sans Mono'', ''Bitstream Vera Sans Mono'', ''Courier New'', monospace, serif; background-position: initial initial; background-repeat: initial initial;">$ is not a function</code></p>', NULL, 1, 1, 1, NULL, 'inoerp', '0000-00-00 00:00:00', 'inoerp', '0000-00-00 00:00:00'),
(25, 1, NULL, 'test', '<p>test02</p>', NULL, 1, 1, 1, '1', 'inoerp', '0000-00-00 00:00:00', 'inoerp', '0000-00-00 00:00:00'),
(26, 1, NULL, 'test01', '<ol style="margin: 0px 0px 1em 30px; padding: 0px; border: 0px; font-size: 14px; vertical-align: baseline; background-color: #ffffff; list-style: decimal; color: #000000; font-family: Arial, ''Liberation Sans'', ''DejaVu Sans'', sans-serif; font-style: normal; font-variant: normal; font-weight: normal; letter-spacing: normal; line-height: 18px; orphans: auto; text-align: left; text-indent: 0px; text-transform: none; white-space: normal; widows: auto; word-spacing: 0px; -webkit-text-stroke-width: 0px; background-position: initial initial; background-repeat: initial initial;">\r\n<li style="margin: 0px; padding: 0px; border: 0px; font-size: 14px; vertical-align: baseline; background-color: transparent; word-wrap: break-word; background-position: initial initial; background-repeat: initial initial;">I''m using a WordPress site.</li>\r\n<li style="margin: 0px; padding: 0px; border: 0px; font-size: 14px; vertical-align: baseline; background-color: transparent; word-wrap: break-word; background-position: initial initial; background-repeat: initial initial;">I''m including this script in the header.</li>\r\n</ol>\r\n<p style="margin: 0px 0px 1em; padding: 0px; border: 0px; font-size: 14px; vertical-align: baseline; background-color: #ffffff; clear: both; word-wrap: break-word; color: #000000; font-family: Arial, ''Liberation Sans'', ''DejaVu Sans'', sans-serif; font-style: normal; font-variant: normal; font-weight: normal; letter-spacing: normal; line-height: 18px; orphans: auto; text-align: left; text-indent: 0px; text-transform: none; white-space: normal; widows: auto; word-spacing: 0px; -webkit-text-stroke-width: 0px; background-position: initial initial; background-repeat: initial initial;">When the script loads, I get this error:</p>', NULL, 1, 1, 1, '1', 'inoerp', '0000-00-00 00:00:00', 'inoerp', '0000-00-00 00:00:00'),
(27, 1, NULL, '1', '<p>aaa</p>', NULL, 1, 1, 1, NULL, 'inoerp', '0000-00-00 00:00:00', 'inoerp', '0000-00-00 00:00:00'),
(28, 1, NULL, 'werewrw', '<p>erwerw</p>', NULL, 1, 1, 1, NULL, 'inoerp', '0000-00-00 00:00:00', 'inoerp', '0000-00-00 00:00:00'),
(29, 1, NULL, 'fdf', '<p style="color: #000000; font-family: Arial, Helvetica, sans-serif; font-size: 12px; font-style: normal; font-variant: normal; font-weight: normal; letter-spacing: normal; line-height: 18px; orphans: auto; text-align: start; text-indent: 0px; text-transform: none; white-space: normal; widows: auto; word-spacing: 0px; -webkit-text-stroke-width: 0px; background-color: #ffffff;">By default, every form in Oracle Forms has the capability to query existing data in a table, modify existing data and add new data (records) to the table. A form is built up using one or more data blocks that correspond to tables in the database. Fields within the data block correspond to columns in the database table. A data block is similar to a DataWindow object in PowerBuilder. In the following figure, a typical form is shown.</p>\r\n<p style="color: #000000; font-family: Arial, Helvetica, sans-serif; font-size: 12px; font-style: normal; font-variant: normal; font-weight: normal; letter-spacing: normal; line-height: 18px; orphans: auto; text-align: start; text-indent: 0px; text-transform: none; white-space: normal; widows: auto; word-spacing: 0px; -webkit-text-stroke-width: 0px; background-color: #ffffff;"><span style="color: #800000;"><strong>Oracle Developer9i</strong></span><span class="Apple-converted-space">&nbsp;</span>provides various Graphical User Interface (GUI) tools to create functional applications from database definitions, without writing any code. You can use these tools to create, manage, and deploy integrated applications.</p>', NULL, NULL, NULL, NULL, NULL, 'inoerp', '0000-00-00 00:00:00', 'inoerp', '0000-00-00 00:00:00'),
(30, 1, NULL, 'qwerwqer', '\r\n', NULL, 1, NULL, NULL, NULL, 'inoerp', '0000-00-00 00:00:00', 'inoerp', '0000-00-00 00:00:00'),
(31, 1, NULL, 'werewr', '<p style="color: #000000; font-family: Arial, Helvetica, sans-serif; font-size: 12px; font-style: normal; font-variant: normal; font-weight: normal; letter-spacing: normal; line-height: 18px; orphans: auto; text-align: start; text-indent: 0px; text-transform: none; white-space: normal; widows: auto; word-spacing: 0px; -webkit-text-stroke-width: 0px; background-color: #ffffff;">A typical database schema contains dozens of tables, each with several columns of various data types. We develop applications (forms, reports, menus, etc.) to make the job of manipulating data in those tables easier for users. In Oracle Forms, a form (or data entry form) acts like a window into the database schema. An individual focuses the attention of the user to one or a few of the tables at a time. In addition, a form can give prompts so the user knows what kind of input is expected and how data is to be entered and manipulated.</p>\r\n<p>&nbsp;</p>', NULL, NULL, NULL, NULL, NULL, 'inoerp', '0000-00-00 00:00:00', 'inoerp', '0000-00-00 00:00:00'),
(32, 1, NULL, 'sfds', '<p style="color: #000000; font-family: Arial, Helvetica, sans-serif; font-size: 12px; font-style: normal; font-variant: normal; font-weight: normal; letter-spacing: normal; line-height: 18px; orphans: auto; text-align: start; text-indent: 0px; text-transform: none; white-space: normal; widows: auto; word-spacing: 0px; -webkit-text-stroke-width: 0px; background-color: #ffffff;">A typical database schema contains dozens of tables, each with several columns of various data types. We develop applications (forms, reports, menus, etc.) to make the job of manipulating data in those tables easier for users. In Oracle Forms, a form (or data entry form) acts like a window into the database schema. An individual focuses the attention of the user to one or a few of the tables at a time. In addition, a form can give prompts so the user knows what kind of input is expected and how data is to be entered and manipulated.</p>\r\n<p>&nbsp;</p>', NULL, NULL, NULL, NULL, NULL, 'inoerp', '0000-00-00 00:00:00', 'inoerp', '0000-00-00 00:00:00'),
(33, 1, NULL, 'sfds', '<p style="color: #000000; font-family: Arial, Helvetica, sans-serif; font-size: 12px; font-style: normal; font-variant: normal; font-weight: normal; letter-spacing: normal; line-height: 18px; orphans: auto; text-align: start; text-indent: 0px; text-transform: none; white-space: normal; widows: auto; word-spacing: 0px; -webkit-text-stroke-width: 0px; background-color: #ffffff;">A typical database schema contains dozens of tables, each with several columns of various data types. We develop applications (forms, reports, menus, etc.) to make the job of manipulating data in those tables easier for users. In Oracle Forms, a form (or data entry form) acts like a window into the database schema. An individual focuses the attention of the user to one or a few of the tables at a time. In addition, a form can give prompts so the user knows what kind of input is expected and how data is to be entered and manipulated.</p>\r\n<p>&nbsp;</p>', NULL, NULL, NULL, NULL, NULL, 'inoerp', '0000-00-00 00:00:00', 'inoerp', '0000-00-00 00:00:00'),
(34, 1, NULL, 'sfds', '<p style="color: #000000; font-family: Arial, Helvetica, sans-serif; font-size: 12px; font-style: normal; font-variant: normal; font-weight: normal; letter-spacing: normal; line-height: 18px; orphans: auto; text-align: start; text-indent: 0px; text-transform: none; white-space: normal; widows: auto; word-spacing: 0px; -webkit-text-stroke-width: 0px; background-color: #ffffff;">A typical database schema contains dozens of tables, each with several columns of various data types. We develop applications (forms, reports, menus, etc.) to make the job of manipulating data in those tables easier for users. In Oracle Forms, a form (or data entry form) acts like a window into the database schema. An individual focuses the attention of the user to one or a few of the tables at a time. In addition, a form can give prompts so the user knows what kind of input is expected and how data is to be entered and manipulated.</p>\r\n<p>&nbsp;</p>', NULL, NULL, NULL, NULL, NULL, 'inoerp', '0000-00-00 00:00:00', 'inoerp', '0000-00-00 00:00:00'),
(35, 1, NULL, 'sfds', '<p style="color: #000000; font-family: Arial, Helvetica, sans-serif; font-size: 12px; font-style: normal; font-variant: normal; font-weight: normal; letter-spacing: normal; line-height: 18px; orphans: auto; text-align: start; text-indent: 0px; text-transform: none; white-space: normal; widows: auto; word-spacing: 0px; -webkit-text-stroke-width: 0px; background-color: #ffffff;">A typical database schema contains dozens of tables, each with several columns of various data types. We develop applications (forms, reports, menus, etc.) to make the job of manipulating data in those tables easier for users. In Oracle Forms, a form (or data entry form) acts like a window into the database schema. An individual focuses the attention of the user to one or a few of the tables at a time. In addition, a form can give prompts so the user knows what kind of input is expected and how data is to be entered and manipulated.</p>\r\n<p>&nbsp;</p>', NULL, NULL, NULL, NULL, NULL, 'inoerp', '0000-00-00 00:00:00', 'inoerp', '0000-00-00 00:00:00'),
(36, 1, NULL, 'sdsa', '<p>file_id_valuesfile_id_valuesfile_id_valuesfile_id_values</p>', NULL, 1, NULL, NULL, NULL, 'inoerp', '0000-00-00 00:00:00', 'inoerp', '0000-00-00 00:00:00'),
(37, 1, NULL, 'safsafas', '<p style="margin: 0px 0px 1em; padding: 0px; border: 0px; font-size: 14px; vertical-align: baseline; background-color: #ffffff; clear: both; word-wrap: break-word; color: #000000; font-family: Arial, ''Liberation Sans'', ''DejaVu Sans'', sans-serif; font-style: normal; font-variant: normal; font-weight: normal; letter-spacing: normal; line-height: 18px; orphans: auto; text-align: left; text-indent: 0px; text-transform: none; white-space: normal; widows: auto; word-spacing: 0px; -webkit-text-stroke-width: 0px; background-position: initial initial; background-repeat: initial initial;">I reproduced this in Firefox 3.6.12 in Linux and 3.6.3 in MacOS. And, I have only Firebug extension installed so it should NOT be due to Firefox extension.</p>\r\n<p>&nbsp;</p>', NULL, NULL, NULL, NULL, NULL, 'inoerp', '0000-00-00 00:00:00', 'inoerp', '0000-00-00 00:00:00'),
(38, 1, NULL, 'safsafas', '<p style="margin: 0px 0px 1em; padding: 0px; border: 0px; font-size: 14px; vertical-align: baseline; background-color: #ffffff; clear: both; word-wrap: break-word; color: #000000; font-family: Arial, ''Liberation Sans'', ''DejaVu Sans'', sans-serif; font-style: normal; font-variant: normal; font-weight: normal; letter-spacing: normal; line-height: 18px; orphans: auto; text-align: left; text-indent: 0px; text-transform: none; white-space: normal; widows: auto; word-spacing: 0px; -webkit-text-stroke-width: 0px; background-position: initial initial; background-repeat: initial initial;">I reproduced this in Firefox 3.6.12 in Linux and 3.6.3 in MacOS. And, I have only Firebug extension installed so it should NOT be due to Firefox extension.</p>\r\n<p>&nbsp;</p>', NULL, NULL, NULL, NULL, NULL, 'inoerp', '0000-00-00 00:00:00', 'inoerp', '0000-00-00 00:00:00'),
(39, 1, NULL, 'safsafas', '<p style="margin: 0px 0px 1em; padding: 0px; border: 0px; font-size: 14px; vertical-align: baseline; background-color: #ffffff; clear: both; word-wrap: break-word; color: #000000; font-family: Arial, ''Liberation Sans'', ''DejaVu Sans'', sans-serif; font-style: normal; font-variant: normal; font-weight: normal; letter-spacing: normal; line-height: 18px; orphans: auto; text-align: left; text-indent: 0px; text-transform: none; white-space: normal; widows: auto; word-spacing: 0px; -webkit-text-stroke-width: 0px; background-position: initial initial; background-repeat: initial initial;">I reproduced this in Firefox 3.6.12 in Linux and 3.6.3 in MacOS. And, I have only Firebug extension installed so it should NOT be due to Firefox extension.</p>\r\n<p>&nbsp;</p>', NULL, NULL, NULL, NULL, NULL, 'inoerp', '0000-00-00 00:00:00', 'inoerp', '0000-00-00 00:00:00'),
(40, 1, NULL, 'safsafas', '<p style="margin: 0px 0px 1em; padding: 0px; border: 0px; font-size: 14px; vertical-align: baseline; background-color: #ffffff; clear: both; word-wrap: break-word; color: #000000; font-family: Arial, ''Liberation Sans'', ''DejaVu Sans'', sans-serif; font-style: normal; font-variant: normal; font-weight: normal; letter-spacing: normal; line-height: 18px; orphans: auto; text-align: left; text-indent: 0px; text-transform: none; white-space: normal; widows: auto; word-spacing: 0px; -webkit-text-stroke-width: 0px; background-position: initial initial; background-repeat: initial initial;">I reproduced this in Firefox 3.6.12 in Linux and 3.6.3 in MacOS. And, I have only Firebug extension installed so it should NOT be due to Firefox extension.</p>\r\n<p>&nbsp;</p>', NULL, NULL, NULL, NULL, NULL, 'inoerp', '0000-00-00 00:00:00', 'inoerp', '0000-00-00 00:00:00'),
(41, 1, NULL, 'safsafas', '<p style="margin: 0px 0px 1em; padding: 0px; border: 0px; font-size: 14px; vertical-align: baseline; background-color: #ffffff; clear: both; word-wrap: break-word; color: #000000; font-family: Arial, ''Liberation Sans'', ''DejaVu Sans'', sans-serif; font-style: normal; font-variant: normal; font-weight: normal; letter-spacing: normal; line-height: 18px; orphans: auto; text-align: left; text-indent: 0px; text-transform: none; white-space: normal; widows: auto; word-spacing: 0px; -webkit-text-stroke-width: 0px; background-position: initial initial; background-repeat: initial initial;">I reproduced this in Firefox 3.6.12 in Linux and 3.6.3 in MacOS. And, I have only Firebug extension installed so it should NOT be due to Firefox extension.</p>\r\n<p>&nbsp;</p>', NULL, NULL, NULL, NULL, NULL, 'inoerp', '0000-00-00 00:00:00', 'inoerp', '0000-00-00 00:00:00'),
(42, 1, NULL, 'safsafas', '<p style="margin: 0px 0px 1em; padding: 0px; border: 0px; font-size: 14px; vertical-align: baseline; background-color: #ffffff; clear: both; word-wrap: break-word; color: #000000; font-family: Arial, ''Liberation Sans'', ''DejaVu Sans'', sans-serif; font-style: normal; font-variant: normal; font-weight: normal; letter-spacing: normal; line-height: 18px; orphans: auto; text-align: left; text-indent: 0px; text-transform: none; white-space: normal; widows: auto; word-spacing: 0px; -webkit-text-stroke-width: 0px; background-position: initial initial; background-repeat: initial initial;">I reproduced this in Firefox 3.6.12 in Linux and 3.6.3 in MacOS. And, I have only Firebug extension installed so it should NOT be due to Firefox extension.</p>\r\n<p>&nbsp;</p>', NULL, NULL, NULL, NULL, NULL, 'inoerp', '0000-00-00 00:00:00', 'inoerp', '0000-00-00 00:00:00'),
(43, 1, NULL, 'safsafas', '<p style="margin: 0px 0px 1em; padding: 0px; border: 0px; font-size: 14px; vertical-align: baseline; background-color: #ffffff; clear: both; word-wrap: break-word; color: #000000; font-family: Arial, ''Liberation Sans'', ''DejaVu Sans'', sans-serif; font-style: normal; font-variant: normal; font-weight: normal; letter-spacing: normal; line-height: 18px; orphans: auto; text-align: left; text-indent: 0px; text-transform: none; white-space: normal; widows: auto; word-spacing: 0px; -webkit-text-stroke-width: 0px; background-position: initial initial; background-repeat: initial initial;">I reproduced this in Firefox 3.6.12 in Linux and 3.6.3 in MacOS. And, I have only Firebug extension installed so it should NOT be due to Firefox extension.</p>\r\n<p>&nbsp;</p>', NULL, NULL, NULL, NULL, NULL, 'inoerp', '0000-00-00 00:00:00', 'inoerp', '0000-00-00 00:00:00'),
(44, 1, NULL, 'ewrewrw', '<table class="commsTable" style="width: 630px; padding: 0px; margin: 10px 0px; border: 1px solid #6699cc; border-collapse: collapse; color: #000000; font-family: tahoma, geneva, arial, verdana, helvetica, sans-serif; font-size: 12px; font-style: normal; font-variant: normal; font-weight: normal; letter-spacing: normal; line-height: normal; orphans: auto; text-align: start; text-indent: 0px; text-transform: none; white-space: normal; widows: auto; word-spacing: 0px; -webkit-text-stroke-width: 0px;">\r\n<tbody>\r\n<tr style="text-align: left; vertical-align: top;">\r\n<td style="padding: 1px 5px; font-family: arial, verdana, helvetica, sans-serif; font-size: 13px; font-weight: normal; text-decoration: none;" colspan="2">\r\n<p class="commsText" style="color: #000000; font-family: arial, verdana, helvetica, sans-serif; font-size: 13px; font-weight: normal; text-decoration: none; margin: 0px; padding: 2px 0px;">House_of_stone: "Both these two have an opportunity to get big scores now with 25 overs to go, Chigumbura is in good form while Williams if he doesn''t go cheaply can get some good runs, we need to show some back bone."</p>\r\n</td>\r\n</tr>\r\n<tr style="text-align: left; vertical-align: top;">\r\n<td style="padding: 1px 5px; font-family: arial, verdana, helvetica, sans-serif; font-size: 13px; font-weight: normal; text-decoration: none;" align="right" width="30">&nbsp;</td>\r\n</tr>\r\n</tbody>\r\n</table>\r\n<p>&nbsp;</p>', NULL, NULL, NULL, NULL, NULL, 'inoerp', '0000-00-00 00:00:00', 'inoerp', '0000-00-00 00:00:00'),
(45, 1, 0, 'TEST01', '<p><strong style="color: #000000; font-family: arial, verdana, helvetica, sans-serif; font-size: 13px; font-style: normal; font-variant: normal; letter-spacing: normal; line-height: normal; orphans: auto; text-align: left; text-indent: 0px; text-transform: none; white-space: normal; widows: auto; word-spacing: 0px; -webkit-text-stroke-width: 0px;">11.55 am</strong><span style="color: #000000; font-family: arial, verdana, helvetica, sans-serif; font-size: 13px; font-style: normal; font-variant: normal; font-weight: normal; letter-spacing: normal; line-height: normal; orphans: auto; text-align: left; text-indent: 0px; text-transform: none; white-space: normal; widows: auto; word-spacing: 0px; -webkit-text-stroke-width: 0px; display: inline !important; float: none;"><span class="Apple-converted-space">&nbsp;</span>Zimbabwe have been shot out in 39.5 overs, another woeful batting performance and another total that is unlikely to stretch this Indian batting line-up.</span></p>', '', 0, 0, 0, '', 'inoerp', '0000-00-00 00:00:00', 'inoerp', '0000-00-00 00:00:00'),
(46, 1, 0, 'test01', '<p><strong style="color: #000000; font-family: arial, verdana, helvetica, sans-serif; font-size: 13px; font-style: normal; font-variant: normal; letter-spacing: normal; line-height: normal; orphans: auto; text-align: left; text-indent: 0px; text-transform: none; white-space: normal; widows: auto; word-spacing: 0px; -webkit-text-stroke-width: 0px;">11.55 am</strong><span style="color: #000000; font-family: arial, verdana, helvetica, sans-serif; font-size: 13px; font-style: normal; font-variant: normal; font-weight: normal; letter-spacing: normal; line-height: normal; orphans: auto; text-align: left; text-indent: 0px; text-transform: none; white-space: normal; widows: auto; word-spacing: 0px; -webkit-text-stroke-width: 0px; display: inline !important; float: none;"><span class="Apple-converted-space">&nbsp;</span>Zimbabwe have been shot out in 39.5 overs, another woeful batting performance and another total that is unlikely to stretch this Indian batting line-up.</span></p>', '', 0, 0, 0, '', 'inoerp', '0000-00-00 00:00:00', 'inoerp', '0000-00-00 00:00:00'),
(47, 1, NULL, 'qwerwqer', '<p><span style="color: #000000; font-family: arial, verdana, helvetica, sans-serif; font-size: 13px; font-style: normal; font-variant: normal; font-weight: normal; letter-spacing: normal; line-height: normal; orphans: auto; text-align: left; text-indent: 0px; text-transform: none; white-space: normal; widows: auto; word-spacing: 0px; -webkit-text-stroke-width: 0px; display: inline !important; float: none;">Zimbabwe have been shot out in 39.5 overs, another woeful batting performance and another total that is unlikely to stretch this Indian batting line-up.</span></p>', NULL, NULL, NULL, NULL, NULL, 'inoerp', '0000-00-00 00:00:00', 'inoerp', '0000-00-00 00:00:00'),
(48, 1, NULL, 'test', '<p><span style="color: #000000; font-family: arial, verdana, helvetica, sans-serif; font-size: 13px; font-style: normal; font-variant: normal; font-weight: normal; letter-spacing: normal; line-height: normal; orphans: auto; text-align: left; text-indent: 0px; text-transform: none; white-space: normal; widows: auto; word-spacing: 0px; -webkit-text-stroke-width: 0px; display: inline !important; float: none;">Zimbabwe have been shot out in 39.5 overs, another woeful batting performance and another total that is unlikely to stretch this Indian batting line-up.</span></p>', NULL, NULL, NULL, NULL, NULL, 'inoerp', '0000-00-00 00:00:00', 'inoerp', '0000-00-00 00:00:00'),
(49, 1, NULL, 'utry', '<p><span style="color: #000000; font-family: arial, verdana, helvetica, sans-serif; font-size: 13px; font-style: normal; font-variant: normal; font-weight: normal; letter-spacing: normal; line-height: normal; orphans: auto; text-align: left; text-indent: 0px; text-transform: none; white-space: normal; widows: auto; word-spacing: 0px; -webkit-text-stroke-width: 0px; display: inline !important; float: none;">"Sad to see Pujara go. 9 out of 10 times he would have kept that ball out. We all know he can do better than he''s shown in the past two innings. Hopefully they keep him in the squad."</span></p>', NULL, NULL, NULL, NULL, NULL, 'inoerp', '0000-00-00 00:00:00', 'inoerp', '0000-00-00 00:00:00'),
(50, 1, NULL, '$records', '<p>$records</p>', NULL, NULL, NULL, NULL, NULL, 'inoerp', '0000-00-00 00:00:00', 'inoerp', '0000-00-00 00:00:00'),
(51, 1, NULL, 'asdas', '<p class="commsText" style="color: #000000; font-family: arial, verdana, helvetica, sans-serif; font-size: 13px; font-weight: normal; text-decoration: none; margin: 0px; padding: 2px 0px; font-style: normal; font-variant: normal; letter-spacing: normal; line-height: normal; orphans: auto; text-align: left; text-indent: 0px; text-transform: none; white-space: normal; widows: auto; word-spacing: 0px; -webkit-text-stroke-width: 0px;"><strong>12.35 pm</strong><span class="Apple-converted-space">&nbsp;</span>The players have gone off the field for lunch with India in a strong position to chase down Zimbabwe''s 163 in quick time. They have sped to 43 in six overs but are lucky to still have Dhawan batting. He was dropped in the final over before the break.</p>\r\n<p>&nbsp;</p>', NULL, NULL, NULL, NULL, NULL, 'inoerp', '0000-00-00 00:00:00', 'inoerp', '0000-00-00 00:00:00'),
(52, 1, NULL, 'test01', '<p><span style="color: #000000; font-family: Arial, ''Liberation Sans'', ''DejaVu Sans'', sans-serif; font-size: 14px; font-style: normal; font-variant: normal; font-weight: normal; letter-spacing: normal; line-height: 18px; orphans: auto; text-align: left; text-indent: 0px; text-transform: none; white-space: normal; widows: auto; word-spacing: 0px; -webkit-text-stroke-width: 0px; background-color: #ffffff; display: inline !important; float: none;">If you are dealing with extra spaces within a string consider a preg_replace of multiple whitespaces " "* with a single whitespace</span></p>', NULL, NULL, NULL, NULL, NULL, 'inoerp', '0000-00-00 00:00:00', 'inoerp', '0000-00-00 00:00:00'),
(53, 1, 0, 'test', '<p><span style="color: #000000; font-family: Consolas, Menlo, Monaco, ''Lucida Console'', ''Liberation Mono'', ''DejaVu Sans Mono'', ''Bitstream Vera Sans Mono'', ''Courier New'', monospace, serif; font-size: 14px; font-style: normal; font-variant: normal; font-weight: normal; letter-spacing: normal; line-height: 18px; orphans: auto; text-align: left; text-indent: 0px; text-transform: none; white-space: normal; widows: auto; word-spacing: 0px; -webkit-text-stroke-width: 0px; background-color: #eeeeee; display: inline !important; float: none;">application/pdf</span></p>', '', 0, 0, 0, '', 'inoerp', '0000-00-00 00:00:00', 'inoerp', '0000-00-00 00:00:00');
INSERT INTO `content` (`content_id`, `content_type_id`, `parent_id`, `subject`, `content`, `terms`, `published_cb`, `weightage`, `rev_enabled_cb`, `rev_number`, `created_by`, `creation_date`, `last_update_by`, `last_update_date`) VALUES
(54, 1, NULL, NULL, '<ul class="line">\r\n<li class="comment">hroughout the purchasing process you are able to:  Route transactions according to your approval structure. Approval authorization limits are defined by amount, charge account, item category, and location. For documents that require your approval, you can review and approve transactions on-line. Also, you can see the full transaction detail and review the action history before you approve a transaction.</li>\r\n</ul>\r\n<ul class="header">\r\n<li class="subject"></li>\r\n<li class="comment_by"></li>\r\n<li class="created_by">inoerp</li>\r\n</ul>\r\n<ul class="line">\r\n<li class="comment"></li>\r\n</ul>\r\n<ul class="header">\r\n<li class="subject"></li>\r\n<li class="comment_by"></li>\r\n<li class="created_by">inoerp</li>\r\n</ul>\r\n<ul class="line">\r\n<li class="comment"></li>\r\n</ul>\r\n<ul class="header">\r\n<li class="subject">asdas</li>\r\n<li class="comment_by"></li>\r\n<li class="created_by">inoerp</li>\r\n</ul>\r\n<ul class="line">\r\n<li class="comment">\r\n<ul class="line">\r\n<li class="comment">hroughout the purchasing process you are able to:  Route transactions according to your approval structure. Approval authorization limits are defined by amount, charge account, item category, and location. For documents that require your approval, you can review and approve transactions on-line. Also, you can see the full transaction detail and review the action history before you approve a transaction.</li>\r\n<li class="comment">hroughout the purchasing process you are able to:  Route transactions according to your approval structure. Approval authorization limits are defined by amount, charge account, item category, and location. For documents that require your approval, you can review and approve transactions on-line. Also, you can see the full transaction detail and review the action history before you approve a transaction.</li>\r\n<li class="comment">hroughout the purchasing process you are able to:  Route transactions according to your approval structure. Approval authorization limits are defined by amount, charge account, item category, and location. For documents that require your approval, you can review and approve transactions on-line. Also, you can see the full transaction detail and review the action history before you approve a transaction.</li>\r\n</ul>\r\n</li>\r\n</ul>', NULL, NULL, NULL, NULL, NULL, 'inoerp', '0000-00-00 00:00:00', 'inoerp', '0000-00-00 00:00:00'),
(61, 1, NULL, 'WMS', '<div style="color: #000000; font-family: Arial, Helvetica, sans-serif; font-size: 12px; font-style: normal; font-variant: normal; font-weight: normal; letter-spacing: normal; line-height: 18px; orphans: auto; text-align: start; text-indent: 0px; text-transform: none; white-space: normal; widows: auto; word-spacing: 0px; -webkit-text-stroke-width: 0px; background-color: #ffffff;"><span style="font-size: 24pt; color: #4e84c4;"><strong>Warehouse Activities</strong></span></div>\r\n<p><strong style="color: #000000; font-family: Arial, Helvetica, sans-serif; font-size: 12px; font-style: normal; font-variant: normal; letter-spacing: normal; line-height: 18px; orphans: auto; text-align: start; text-indent: 0px; text-transform: none; white-space: normal; widows: auto; word-spacing: 0px; -webkit-text-stroke-width: 0px; background-color: #ffffff;"><br />Receiving:</strong><span style="color: #000000; font-family: Arial, Helvetica, sans-serif; font-size: 12px; font-style: normal; font-variant: normal; font-weight: normal; letter-spacing: normal; line-height: 18px; orphans: auto; text-align: start; text-indent: 0px; text-transform: none; white-space: normal; widows: auto; word-spacing: 0px; -webkit-text-stroke-width: 0px; background-color: #ffffff; display: inline !important; float: none;"><span class="Apple-converted-space">&nbsp;</span>Receive Materials and finished goods</span><br style="color: #000000; font-family: Arial, Helvetica, sans-serif; font-size: 12px; font-style: normal; font-variant: normal; font-weight: normal; letter-spacing: normal; line-height: 18px; orphans: auto; text-align: start; text-indent: 0px; text-transform: none; white-space: normal; widows: auto; word-spacing: 0px; -webkit-text-stroke-width: 0px; background-color: #ffffff;" /><strong style="color: #000000; font-family: Arial, Helvetica, sans-serif; font-size: 12px; font-style: normal; font-variant: normal; letter-spacing: normal; line-height: 18px; orphans: auto; text-align: start; text-indent: 0px; text-transform: none; white-space: normal; widows: auto; word-spacing: 0px; -webkit-text-stroke-width: 0px; background-color: #ffffff;">Put away:</strong><span style="color: #000000; font-family: Arial, Helvetica, sans-serif; font-size: 12px; font-style: normal; font-variant: normal; font-weight: normal; letter-spacing: normal; line-height: 18px; orphans: auto; text-align: start; text-indent: 0px; text-transform: none; white-space: normal; widows: auto; word-spacing: 0px; -webkit-text-stroke-width: 0px; background-color: #ffffff; display: inline !important; float: none;"><span class="Apple-converted-space">&nbsp;</span>Put away materials and finished goods you receive</span><br style="color: #000000; font-family: Arial, Helvetica, sans-serif; font-size: 12px; font-style: normal; font-variant: normal; font-weight: normal; letter-spacing: normal; line-height: 18px; orphans: auto; text-align: start; text-indent: 0px; text-transform: none; white-space: normal; widows: auto; word-spacing: 0px; -webkit-text-stroke-width: 0px; background-color: #ffffff;" /><strong style="color: #000000; font-family: Arial, Helvetica, sans-serif; font-size: 12px; font-style: normal; font-variant: normal; letter-spacing: normal; line-height: 18px; orphans: auto; text-align: start; text-indent: 0px; text-transform: none; white-space: normal; widows: auto; word-spacing: 0px; -webkit-text-stroke-width: 0px; background-color: #ffffff;">Storage:</strong><span style="color: #000000; font-family: Arial, Helvetica, sans-serif; font-size: 12px; font-style: normal; font-variant: normal; font-weight: normal; letter-spacing: normal; line-height: 18px; orphans: auto; text-align: start; text-indent: 0px; text-transform: none; white-space: normal; widows: auto; word-spacing: 0px; -webkit-text-stroke-width: 0px; background-color: #ffffff; display: inline !important; float: none;"><span class="Apple-converted-space">&nbsp;</span>Store Items within the warehouse</span><br style="color: #000000; font-family: Arial, Helvetica, sans-serif; font-size: 12px; font-style: normal; font-variant: normal; font-weight: normal; letter-spacing: normal; line-height: 18px; orphans: auto; text-align: start; text-indent: 0px; text-transform: none; white-space: normal; widows: auto; word-spacing: 0px; -webkit-text-stroke-width: 0px; background-color: #ffffff;" /><strong style="color: #000000; font-family: Arial, Helvetica, sans-serif; font-size: 12px; font-style: normal; font-variant: normal; letter-spacing: normal; line-height: 18px; orphans: auto; text-align: start; text-indent: 0px; text-transform: none; white-space: normal; widows: auto; word-spacing: 0px; -webkit-text-stroke-width: 0px; background-color: #ffffff;">Picking:</strong><span style="color: #000000; font-family: Arial, Helvetica, sans-serif; font-size: 12px; font-style: normal; font-variant: normal; font-weight: normal; letter-spacing: normal; line-height: 18px; orphans: auto; text-align: start; text-indent: 0px; text-transform: none; white-space: normal; widows: auto; word-spacing: 0px; -webkit-text-stroke-width: 0px; background-color: #ffffff; display: inline !important; float: none;"><span class="Apple-converted-space">&nbsp;</span>Pick orders for manufacturing and shipping</span><br style="color: #000000; font-family: Arial, Helvetica, sans-serif; font-size: 12px; font-style: normal; font-variant: normal; font-weight: normal; letter-spacing: normal; line-height: 18px; orphans: auto; text-align: start; text-indent: 0px; text-transform: none; white-space: normal; widows: auto; word-spacing: 0px; -webkit-text-stroke-width: 0px; background-color: #ffffff;" /><strong style="color: #000000; font-family: Arial, Helvetica, sans-serif; font-size: 12px; font-style: normal; font-variant: normal; letter-spacing: normal; line-height: 18px; orphans: auto; text-align: start; text-indent: 0px; text-transform: none; white-space: normal; widows: auto; word-spacing: 0px; -webkit-text-stroke-width: 0px; background-color: #ffffff;">Packing:</strong><span style="color: #000000; font-family: Arial, Helvetica, sans-serif; font-size: 12px; font-style: normal; font-variant: normal; font-weight: normal; letter-spacing: normal; line-height: 18px; orphans: auto; text-align: start; text-indent: 0px; text-transform: none; white-space: normal; widows: auto; word-spacing: 0px; -webkit-text-stroke-width: 0px; background-color: #ffffff; display: inline !important; float: none;"><span class="Apple-converted-space">&nbsp;</span>Pack orders for shipping</span><br style="color: #000000; font-family: Arial, Helvetica, sans-serif; font-size: 12px; font-style: normal; font-variant: normal; font-weight: normal; letter-spacing: normal; line-height: 18px; orphans: auto; text-align: start; text-indent: 0px; text-transform: none; white-space: normal; widows: auto; word-spacing: 0px; -webkit-text-stroke-width: 0px; background-color: #ffffff;" /><strong style="color: #000000; font-family: Arial, Helvetica, sans-serif; font-size: 12px; font-style: normal; font-variant: normal; letter-spacing: normal; line-height: 18px; orphans: auto; text-align: start; text-indent: 0px; text-transform: none; white-space: normal; widows: auto; word-spacing: 0px; -webkit-text-stroke-width: 0px; background-color: #ffffff;">Shipping:</strong><span style="color: #000000; font-family: Arial, Helvetica, sans-serif; font-size: 12px; font-style: normal; font-variant: normal; font-weight: normal; letter-spacing: normal; line-height: 18px; orphans: auto; text-align: start; text-indent: 0px; text-transform: none; white-space: normal; widows: auto; word-spacing: 0px; -webkit-text-stroke-width: 0px; background-color: #ffffff; display: inline !important; float: none;"><span class="Apple-converted-space">&nbsp;</span>Ship order to customers<span class="Apple-converted-space">&nbsp;</span></span><br style="color: #000000; font-family: Arial, Helvetica, sans-serif; font-size: 12px; font-style: normal; font-variant: normal; font-weight: normal; letter-spacing: normal; line-height: 18px; orphans: auto; text-align: start; text-indent: 0px; text-transform: none; white-space: normal; widows: auto; word-spacing: 0px; -webkit-text-stroke-width: 0px; background-color: #ffffff;" /><strong style="color: #000000; font-family: Arial, Helvetica, sans-serif; font-size: 12px; font-style: normal; font-variant: normal; letter-spacing: normal; line-height: 18px; orphans: auto; text-align: start; text-indent: 0px; text-transform: none; white-space: normal; widows: auto; word-spacing: 0px; -webkit-text-stroke-width: 0px; background-color: #ffffff;">Value Added Services</strong><span style="color: #000000; font-family: Arial, Helvetica, sans-serif; font-size: 12px; font-style: normal; font-variant: normal; font-weight: normal; letter-spacing: normal; line-height: 18px; orphans: auto; text-align: start; text-indent: 0px; text-transform: none; white-space: normal; widows: auto; word-spacing: 0px; -webkit-text-stroke-width: 0px; background-color: #ffffff; display: inline !important; float: none;">: Printing</span><span style="font-family: Arial, Helvetica, sans-serif; font-style: normal; font-variant: normal; font-weight: normal; letter-spacing: normal; orphans: auto; text-align: start; text-indent: 0px; text-transform: none; white-space: normal; widows: auto; word-spacing: 0px; -webkit-text-stroke-width: 0px; background-color: #ffffff; font-size: 24pt; color: #4e84c4;"><strong><br />Comparison of the modules</strong></span><br style="color: #000000; font-family: Arial, Helvetica, sans-serif; font-size: 12px; font-style: normal; font-variant: normal; font-weight: normal; letter-spacing: normal; line-height: 18px; orphans: auto; text-align: start; text-indent: 0px; text-transform: none; white-space: normal; widows: auto; word-spacing: 0px; -webkit-text-stroke-width: 0px; background-color: #ffffff;" /><br style="color: #000000; font-family: Arial, Helvetica, sans-serif; font-size: 12px; font-style: normal; font-variant: normal; font-weight: normal; letter-spacing: normal; line-height: 18px; orphans: auto; text-align: start; text-indent: 0px; text-transform: none; white-space: normal; widows: auto; word-spacing: 0px; -webkit-text-stroke-width: 0px; background-color: #ffffff;" /><span style="color: #000000; font-family: Arial, Helvetica, sans-serif; font-size: 12px; font-style: normal; font-variant: normal; font-weight: normal; letter-spacing: normal; line-height: 18px; orphans: auto; text-align: start; text-indent: 0px; text-transform: none; white-space: normal; widows: auto; word-spacing: 0px; -webkit-text-stroke-width: 0px; background-color: #ffffff; display: inline !important; float: none;">In comparison to Inventory, WMS provides the following advantages<span class="Apple-converted-space">&nbsp;</span></span><br style="color: #000000; font-family: Arial, Helvetica, sans-serif; font-size: 12px; font-style: normal; font-variant: normal; font-weight: normal; letter-spacing: normal; line-height: 18px; orphans: auto; text-align: start; text-indent: 0px; text-transform: none; white-space: normal; widows: auto; word-spacing: 0px; -webkit-text-stroke-width: 0px; background-color: #ffffff;" /><span style="color: #000000; font-family: Arial, Helvetica, sans-serif; font-size: 12px; font-style: normal; font-variant: normal; font-weight: normal; letter-spacing: normal; line-height: 18px; orphans: auto; text-align: start; text-indent: 0px; text-transform: none; white-space: normal; widows: auto; word-spacing: 0px; -webkit-text-stroke-width: 0px; background-color: #ffffff; display: inline !important; float: none;">1.1 Rules - Operation Plan, Putaway, Cost Group, Task Type,&nbsp; Picking and Label Printing</span><br style="color: #000000; font-family: Arial, Helvetica, sans-serif; font-size: 12px; font-style: normal; font-variant: normal; font-weight: normal; letter-spacing: normal; line-height: 18px; orphans: auto; text-align: start; text-indent: 0px; text-transform: none; white-space: normal; widows: auto; word-spacing: 0px; -webkit-text-stroke-width: 0px; background-color: #ffffff;" /><span style="color: #000000; font-family: Arial, Helvetica, sans-serif; font-size: 12px; font-style: normal; font-variant: normal; font-weight: normal; letter-spacing: normal; line-height: 18px; orphans: auto; text-align: start; text-indent: 0px; text-transform: none; white-space: normal; widows: auto; word-spacing: 0px; -webkit-text-stroke-width: 0px; background-color: #ffffff; display: inline !important; float: none;">1.2 Material Management-LPNs<span class="Apple-converted-space">&nbsp;</span></span><br style="color: #000000; font-family: Arial, Helvetica, sans-serif; font-size: 12px; font-style: normal; font-variant: normal; font-weight: normal; letter-spacing: normal; line-height: 18px; orphans: auto; text-align: start; text-indent: 0px; text-transform: none; white-space: normal; widows: auto; word-spacing: 0px; -webkit-text-stroke-width: 0px; background-color: #ffffff;" /><span style="color: #000000; font-family: Arial, Helvetica, sans-serif; font-size: 12px; font-style: normal; font-variant: normal; font-weight: normal; letter-spacing: normal; line-height: 18px; orphans: auto; text-align: start; text-indent: 0px; text-transform: none; white-space: normal; widows: auto; word-spacing: 0px; -webkit-text-stroke-width: 0px; background-color: #ffffff; display: inline !important; float: none;">1.3 Task Management<span class="Apple-converted-space">&nbsp;</span></span><br style="color: #000000; font-family: Arial, Helvetica, sans-serif; font-size: 12px; font-style: normal; font-variant: normal; font-weight: normal; letter-spacing: normal; line-height: 18px; orphans: auto; text-align: start; text-indent: 0px; text-transform: none; white-space: normal; widows: auto; word-spacing: 0px; -webkit-text-stroke-width: 0px; background-color: #ffffff;" /><span style="color: #000000; font-family: Arial, Helvetica, sans-serif; font-size: 12px; font-style: normal; font-variant: normal; font-weight: normal; letter-spacing: normal; line-height: 18px; orphans: auto; text-align: start; text-indent: 0px; text-transform: none; white-space: normal; widows: auto; word-spacing: 0px; -webkit-text-stroke-width: 0px; background-color: #ffffff; display: inline !important; float: none;">1.4 Labor Management</span><br style="color: #000000; font-family: Arial, Helvetica, sans-serif; font-size: 12px; font-style: normal; font-variant: normal; font-weight: normal; letter-spacing: normal; line-height: 18px; orphans: auto; text-align: start; text-indent: 0px; text-transform: none; white-space: normal; widows: auto; word-spacing: 0px; -webkit-text-stroke-width: 0px; background-color: #ffffff;" /><br style="color: #000000; font-family: Arial, Helvetica, sans-serif; font-size: 12px; font-style: normal; font-variant: normal; font-weight: normal; letter-spacing: normal; line-height: 18px; orphans: auto; text-align: start; text-indent: 0px; text-transform: none; white-space: normal; widows: auto; word-spacing: 0px; -webkit-text-stroke-width: 0px; background-color: #ffffff;" /><span style="color: #000000; font-family: Arial, Helvetica, sans-serif; font-size: 12px; font-style: normal; font-variant: normal; font-weight: normal; letter-spacing: normal; line-height: 18px; orphans: auto; text-align: start; text-indent: 0px; text-transform: none; white-space: normal; widows: auto; word-spacing: 0px; -webkit-text-stroke-width: 0px; background-color: #ffffff; display: inline !important; float: none;">2.1 In bound logic</span><br style="color: #000000; font-family: Arial, Helvetica, sans-serif; font-size: 12px; font-style: normal; font-variant: normal; font-weight: normal; letter-spacing: normal; line-height: 18px; orphans: auto; text-align: start; text-indent: 0px; text-transform: none; white-space: normal; widows: auto; word-spacing: 0px; -webkit-text-stroke-width: 0px; background-color: #ffffff;" /><span style="color: #000000; font-family: Arial, Helvetica, sans-serif; font-size: 12px; font-style: normal; font-variant: normal; font-weight: normal; letter-spacing: normal; line-height: 18px; orphans: auto; text-align: start; text-indent: 0px; text-transform: none; white-space: normal; widows: auto; word-spacing: 0px; -webkit-text-stroke-width: 0px; background-color: #ffffff; display: inline !important; float: none;">2.2 Out bound Logic</span><br style="color: #000000; font-family: Arial, Helvetica, sans-serif; font-size: 12px; font-style: normal; font-variant: normal; font-weight: normal; letter-spacing: normal; line-height: 18px; orphans: auto; text-align: start; text-indent: 0px; text-transform: none; white-space: normal; widows: auto; word-spacing: 0px; -webkit-text-stroke-width: 0px; background-color: #ffffff;" /><span style="color: #000000; font-family: Arial, Helvetica, sans-serif; font-size: 12px; font-style: normal; font-variant: normal; font-weight: normal; letter-spacing: normal; line-height: 18px; orphans: auto; text-align: start; text-indent: 0px; text-transform: none; white-space: normal; widows: auto; word-spacing: 0px; -webkit-text-stroke-width: 0px; background-color: #ffffff; display: inline !important; float: none;">2.3 Cross docking</span><br style="color: #000000; font-family: Arial, Helvetica, sans-serif; font-size: 12px; font-style: normal; font-variant: normal; font-weight: normal; letter-spacing: normal; line-height: 18px; orphans: auto; text-align: start; text-indent: 0px; text-transform: none; white-space: normal; widows: auto; word-spacing: 0px; -webkit-text-stroke-width: 0px; background-color: #ffffff;" /><span style="color: #000000; font-family: Arial, Helvetica, sans-serif; font-size: 12px; font-style: normal; font-variant: normal; font-weight: normal; letter-spacing: normal; line-height: 18px; orphans: auto; text-align: start; text-indent: 0px; text-transform: none; white-space: normal; widows: auto; word-spacing: 0px; -webkit-text-stroke-width: 0px; background-color: #ffffff; display: inline !important; float: none;">2.4 Cartonization, Consolidation, and Packing</span><br style="color: #000000; font-family: Arial, Helvetica, sans-serif; font-size: 12px; font-style: normal; font-variant: normal; font-weight: normal; letter-spacing: normal; line-height: 18px; orphans: auto; text-align: start; text-indent: 0px; text-transform: none; white-space: normal; widows: auto; word-spacing: 0px; -webkit-text-stroke-width: 0px; background-color: #ffffff;" /><span style="color: #000000; font-family: Arial, Helvetica, sans-serif; font-size: 12px; font-style: normal; font-variant: normal; font-weight: normal; letter-spacing: normal; line-height: 18px; orphans: auto; text-align: start; text-indent: 0px; text-transform: none; white-space: normal; widows: auto; word-spacing: 0px; -webkit-text-stroke-width: 0px; background-color: #ffffff; display: inline !important; float: none;">2.5 Shipping</span><br style="color: #000000; font-family: Arial, Helvetica, sans-serif; font-size: 12px; font-style: normal; font-variant: normal; font-weight: normal; letter-spacing: normal; line-height: 18px; orphans: auto; text-align: start; text-indent: 0px; text-transform: none; white-space: normal; widows: auto; word-spacing: 0px; -webkit-text-stroke-width: 0px; background-color: #ffffff;" /><br style="color: #000000; font-family: Arial, Helvetica, sans-serif; font-size: 12px; font-style: normal; font-variant: normal; font-weight: normal; letter-spacing: normal; line-height: 18px; orphans: auto; text-align: start; text-indent: 0px; text-transform: none; white-space: normal; widows: auto; word-spacing: 0px; -webkit-text-stroke-width: 0px; background-color: #ffffff;" /><span style="color: #000000; font-family: Arial, Helvetica, sans-serif; font-size: 12px; font-style: normal; font-variant: normal; font-weight: normal; letter-spacing: normal; line-height: 18px; orphans: auto; text-align: start; text-indent: 0px; text-transform: none; white-space: normal; widows: auto; word-spacing: 0px; -webkit-text-stroke-width: 0px; background-color: #ffffff; display: inline !important; float: none;">3.1. Cost Group</span><br style="color: #000000; font-family: Arial, Helvetica, sans-serif; font-size: 12px; font-style: normal; font-variant: normal; font-weight: normal; letter-spacing: normal; line-height: 18px; orphans: auto; text-align: start; text-indent: 0px; text-transform: none; white-space: normal; widows: auto; word-spacing: 0px; -webkit-text-stroke-width: 0px; background-color: #ffffff;" /><span style="color: #000000; font-family: Arial, Helvetica, sans-serif; font-size: 12px; font-style: normal; font-variant: normal; font-weight: normal; letter-spacing: normal; line-height: 18px; orphans: auto; text-align: start; text-indent: 0px; text-transform: none; white-space: normal; widows: auto; word-spacing: 0px; -webkit-text-stroke-width: 0px; background-color: #ffffff; display: inline !important; float: none;">3.2 Label Printing &amp; RFID</span></p>', NULL, NULL, NULL, NULL, NULL, 'inoerp', '0000-00-00 00:00:00', 'inoerp', '0000-00-00 00:00:00'),
(62, 0, NULL, 'test', '<p>test</p>', NULL, NULL, NULL, NULL, NULL, 'inoerp', '0000-00-00 00:00:00', 'inoerp', '0000-00-00 00:00:00'),
(63, 0, NULL, 'test', '<p>test</p>', NULL, NULL, NULL, NULL, NULL, 'inoerp', '0000-00-00 00:00:00', 'inoerp', '0000-00-00 00:00:00'),
(64, 0, NULL, 'test', '<p>test</p>', NULL, NULL, NULL, NULL, NULL, 'inoerp', '0000-00-00 00:00:00', 'inoerp', '0000-00-00 00:00:00'),
(65, 27, NULL, 'ABC Corp', '<p>ABC Corp details</p>', NULL, NULL, NULL, NULL, NULL, 'inoerp', '0000-00-00 00:00:00', 'inoerp', '0000-00-00 00:00:00'),
(66, 27, NULL, 'test02', '<p>As reported by TOI on July 29, Hyderabad will remain the common capital of the splintered states for 10 years &mdash; a balancing act that recognizes Telangana\\''sclaim on the city but seeks to soften the blow to the opponents who were also concerned about the investments of coastal Andhra businesses in the capital. The Centre will help AP build a new capi</p>\r\n<p>As reported by TOI on July 29, Hyderabad will remain the common capital of the splintered states for 10 years &mdash; a balancing act that recognizes Telangana\\''sclaim on the city but seeks to soften the blow to the opponents who were also concerned about the investments of coastal Andhra businesses in the capital. The Centre will help AP build a new capi</p>\r\n<p>As reported by TOI on July 29, Hyderabad will remain the common capital of the splintered states for 10 years &mdash; a balancing act that recognizes Telangana\\''sclaim on the city but seeks to soften the blow to the opponents who were also concerned about the investments of coastal Andhra businesses in the capital. The Centre will help AP build a new capi</p>', NULL, NULL, 1, NULL, '1', 'inoerp', '0000-00-00 00:00:00', 'inoerp', '0000-00-00 00:00:00'),
(67, 27, NULL, 'Ino ideas', '<p>Details of Inoideas</p>', NULL, NULL, NULL, NULL, NULL, 'inoerp', '0000-00-00 00:00:00', 'inoerp', '0000-00-00 00:00:00'),
(68, 27, 0, 'Suject Ino ideas', '<p>Details of Inoideas</p>\r\n<p>Details of Inoideas</p>\r\n<p>Details of Inoideas</p>\r\n<p>Details of Inoideas</p>', '', 0, 0, 0, '', 'inoerp', '0000-00-00 00:00:00', 'inoerp', '0000-00-00 00:00:00'),
(69, 27, NULL, 'ABC Corp details', '<p>ABC Corp details has 4</p>\r\n<ol>\r\n<li>ABC Corp details1</li>\r\n<li>ABC Corp details2</li>\r\n<li>ABC Corp details3</li>\r\n<li>ABC Corp details4</li>\r\n</ol>', NULL, NULL, NULL, NULL, NULL, 'inoerp', '0000-00-00 00:00:00', 'inoerp', '0000-00-00 00:00:00'),
(70, 27, 0, 'abcl', '<p><span style="color: #3f3f3f; font-family: georgia; font-size: 15px; font-style: normal; font-variant: normal; font-weight: normal; letter-spacing: normal; line-height: 20px; orphans: auto; text-align: left; text-indent: 0px; text-transform: none; white-space: normal; widows: auto; word-spacing: 0px; -webkit-text-stroke-width: 0px; background-color: #ffffff; display: inline !important; float: none;">True, social media and technology was used in the 2009 Lok Sabha polls, too. But in the last two years, there has been a marked increase in uptake of digital tools by political figures and parties. It started with various "official" Twitter handles and Facebook pages trickling in and reached a crescendo with the<span class="Apple-converted-space">&nbsp;</span></span><a style="margin: 0px; padding: 0px; border: 0px; outline: 0px; font-size: 15px; background-color: #ffffff; color: #024d99; text-decoration: none; font-family: georgia; font-style: normal; font-variant: normal; font-weight: normal; letter-spacing: normal; line-height: 20px; orphans: auto; text-align: left; text-indent: 0px; text-transform: none; white-space: normal; widows: auto; word-spacing: 0px; -webkit-text-stroke-width: 0px; background-position: initial initial; background-repeat: initial initial;" href="http://timesofindia.indiatimes.com/topic/%22#Feku%22-vs-%22#Pappu%22-mudslinging-on-Twitter">"#Feku" vs "#Pappu" mudslinging on Twitter</a><span style="color: #3f3f3f; font-family: georgia; font-size: 15px; font-style: normal; font-variant: normal; font-weight: normal; letter-spacing: normal; line-height: 20px; orphans: auto; text-align: left; text-indent: 0px; text-transform: none; white-space: normal; widows: auto; word-spacing: 0px; -webkit-text-stroke-width: 0px; background-color: #ffffff; display: inline !important; float: none;">.<span class="Apple-converted-space">&nbsp;</span></span><br style="margin: 0px; padding: 0px; color: #3f3f3f; font-family: georgia; font-size: 15px; font-style: normal; font-variant: normal; font-weight: normal; letter-spacing: normal; line-height: 20px; orphans: auto; text-align: left; text-indent: 0px; text-transform: none; white-space: normal; widows: auto; word-spacing: 0px; -webkit-text-stroke-width: 0px; background-color: #ffffff;" /><br style="margin: 0px; padding: 0px; color: #3f3f3f; font-family: georgia; font-size: 15px; font-style: normal; font-variant: normal; font-weight: normal; letter-spacing: normal; line-height: 20px; orphans: auto; text-align: left; text-indent: 0px; text-transform: none; white-space: normal; widows: auto; word-spacing: 0px; -webkit-text-stroke-width: 0px; background-color: #ffffff;" /><span style="color: #3f3f3f; font-family: georgia; font-size: 15px; font-style: normal; font-variant: normal; font-weight: normal; letter-spacing: normal; line-height: 20px; orphans: auto; text-align: left; text-indent: 0px; text-transform: none; white-space: normal; widows: auto; word-spacing: 0px; -webkit-text-stroke-width: 0px; background-color: #ffffff; display: inline !important; float: none;">Then there has been a spate of Google Hangouts, which saw policymakers and politicians reach out to the electorate via videoconference. In April, a study by the IRIS Knowledge Foundation and the Internet and Mobile Association of India (IMAI) even said that social media is likely to impact 160 Lok Sabha seats. With a captive audience, it''s now time to take cybercampaigning to the next level.<span class="Apple-converted-space"> <br /></span></span></p>', '', 0, 0, 0, '', 'inoerp', '0000-00-00 00:00:00', 'inoerp', '0000-00-00 00:00:00'),
(71, 27, NULL, 'Subject', '<p>Content Content Content Content</p>\r\n<p>Content Content Content Content</p>\r\n<p>Content Content Content Content</p>\r\n<p>Content Content Content Content</p>', NULL, NULL, NULL, NULL, NULL, 'inoerp', '0000-00-00 00:00:00', 'inoerp', '0000-00-00 00:00:00'),
(72, 27, NULL, 'Home Loan', '<p><span style="color: #3f3f3f; font-family: georgia; font-size: 15px; font-style: normal; font-variant: normal; font-weight: normal; letter-spacing: normal; line-height: 20px; orphans: auto; text-align: left; text-indent: 0px; text-transform: none; white-space: normal; widows: auto; word-spacing: 0px; -webkit-text-stroke-width: 0px; background-color: #ffffff; display: inline !important; float: none;">MUMBAI:<span class="Apple-converted-space">&nbsp;</span></span><a style="margin: 0px; padding: 0px; color: #336797; text-decoration: none; font-size: 15px; font-family: georgia; line-height: 20px; font-style: normal; font-variant: normal; font-weight: normal; letter-spacing: normal; orphans: auto; text-align: left; text-indent: 0px; text-transform: none; white-space: normal; widows: auto; word-spacing: 0px; -webkit-text-stroke-width: 0px; background-color: #ffffff;" href="http://timesofindia.indiatimes.com/topic/Home-Loan">Home loan</a><span style="color: #3f3f3f; font-family: georgia; font-size: 15px; font-style: normal; font-variant: normal; font-weight: normal; letter-spacing: normal; line-height: 20px; orphans: auto; text-align: left; text-indent: 0px; text-transform: none; white-space: normal; widows: auto; word-spacing: 0px; -webkit-text-stroke-width: 0px; background-color: #ffffff; display: inline !important; float: none;"><span class="Apple-converted-space">&nbsp;</span>customers on floating rate plans should prepare themselves for higher equated monthly installments (EMIs) as there are signs that the rate of interest in the</span><a style="margin: 0px; padding: 0px; color: #336797; text-decoration: none; font-size: 15px; font-family: georgia; line-height: 20px; font-style: normal; font-variant: normal; font-weight: normal; letter-spacing: normal; orphans: auto; text-align: left; text-indent: 0px; text-transform: none; white-space: normal; widows: auto; word-spacing: 0px; -webkit-text-stroke-width: 0px; background-color: #ffffff;" href="http://timesofindia.indiatimes.com/topic/Economy">economy</a><span style="color: #3f3f3f; font-family: georgia; font-size: 15px; font-style: normal; font-variant: normal; font-weight: normal; letter-spacing: normal; line-height: 20px; orphans: auto; text-align: left; text-indent: 0px; text-transform: none; white-space: normal; widows: auto; word-spacing: 0px; -webkit-text-stroke-width: 0px; background-color: #ffffff; display: inline !important; float: none;"><span class="Apple-converted-space">&nbsp;</span>in general may rise again. Along with home loan customers, buyers of cars, consumer durables and also other large and small corporate borrowers would end up paying higher rates going forward, economists and analysts said.<span class="Apple-converted-space">&nbsp;</span></span><br style="margin: 0px; padding: 0px; color: #3f3f3f; font-family: georgia; font-size: 15px; font-style: normal; font-variant: normal; font-weight: normal; letter-spacing: normal; line-height: 20px; orphans: auto; text-align: left; text-indent: 0px; text-transform: none; white-space: normal; widows: auto; word-spacing: 0px; -webkit-text-stroke-width: 0px; background-color: #ffffff;" /><br style="margin: 0px; padding: 0px; color: #3f3f3f; font-family: georgia; font-size: 15px; font-style: normal; font-variant: normal; font-weight: normal; letter-spacing: normal; line-height: 20px; orphans: auto; text-align: left; text-indent: 0px; text-transform: none; white-space: normal; widows: auto; word-spacing: 0px; -webkit-text-stroke-width: 0px; background-color: #ffffff;" /><br style="margin: 0px; padding: 0px; color: #3f3f3f; font-family: georgia; font-size: 15px; font-style: normal; font-variant: normal; font-weight: normal; letter-spacing: normal; line-height: 20px; orphans: auto; text-align: left; text-indent: 0px; text-transform: none; white-space: normal; widows: auto; word-spacing: 0px; -webkit-text-stroke-width: 0px; background-color: #ffffff;" /></p>', NULL, NULL, NULL, NULL, NULL, 'inoerp', '0000-00-00 00:00:00', 'inoerp', '0000-00-00 00:00:00'),
(73, 27, NULL, 'ABC Corp', NULL, NULL, NULL, NULL, NULL, NULL, 'inoerp', '2013-08-24 10:05:40', 'inoerp', '2013-08-24 10:05:40'),
(74, 27, 0, 'Sachin Customer', '', '', 0, 0, 0, '', 'inoerp', '2013-08-25 21:13:57', 'inoerp', '2013-08-25 21:13:57'),
(75, 27, 0, 'Dada customer', '', '', 0, 0, 0, '', 'inoerp', '2013-08-25 21:43:17', 'inoerp', '2013-08-25 21:43:17'),
(76, 27, NULL, 'Dada customer', NULL, NULL, NULL, NULL, NULL, NULL, 'inoerp', '2013-08-25 21:30:40', 'inoerp', '2013-08-25 21:30:40'),
(77, 27, NULL, 'Dada customer', NULL, NULL, NULL, NULL, NULL, NULL, 'inoerp', '2013-08-25 21:32:49', 'inoerp', '2013-08-25 21:32:49'),
(78, 27, NULL, 'Dada customer', NULL, NULL, NULL, NULL, NULL, NULL, 'inoerp', '2013-08-25 21:33:13', 'inoerp', '2013-08-25 21:33:13'),
(79, 27, NULL, 'Dada customer', NULL, NULL, NULL, NULL, NULL, NULL, 'inoerp', '2013-08-25 21:41:28', 'inoerp', '2013-08-25 21:41:28'),
(80, 27, NULL, 'Amitab', NULL, NULL, NULL, NULL, NULL, NULL, 'inoerp', '2013-08-25 21:45:59', 'inoerp', '2013-08-25 21:45:59'),
(81, 27, NULL, 'Lataji', NULL, NULL, NULL, NULL, NULL, NULL, 'inoerp', '2013-08-25 21:49:03', 'inoerp', '2013-08-25 21:49:03'),
(82, 27, NULL, 'Lataji', NULL, NULL, NULL, NULL, NULL, NULL, 'inoerp', '2013-08-25 21:51:26', 'inoerp', '2013-08-25 21:51:26'),
(83, 27, NULL, 'Asha', NULL, NULL, NULL, NULL, NULL, NULL, 'inoerp', '2013-08-25 21:51:49', 'inoerp', '2013-08-25 21:51:49'),
(84, 27, NULL, 'Asha', NULL, NULL, NULL, NULL, NULL, NULL, 'inoerp', '2013-08-25 22:00:16', 'inoerp', '2013-08-25 22:00:16'),
(85, 27, NULL, 'erwrew', NULL, NULL, NULL, NULL, NULL, NULL, 'inoerp', '2013-08-25 22:00:35', 'inoerp', '2013-08-25 22:00:35'),
(86, 27, NULL, 'erwrew', NULL, NULL, NULL, NULL, NULL, NULL, 'inoerp', '2013-08-25 22:02:35', 'inoerp', '2013-08-25 22:02:35'),
(87, 27, NULL, 'erwrew', NULL, NULL, NULL, NULL, NULL, NULL, 'inoerp', '2013-08-25 22:03:55', 'inoerp', '2013-08-25 22:03:55'),
(88, 27, NULL, 'erwrew', NULL, NULL, NULL, NULL, NULL, NULL, 'inoerp', '2013-08-25 22:08:08', 'inoerp', '2013-08-25 22:08:08'),
(89, 27, 0, 'Abhisek', '', '', 0, 0, 0, '', 'inoerp', '2013-08-25 22:15:49', 'inoerp', '2013-08-25 22:15:49'),
(90, 33, 0, 'Differnt Account structure', '', '', 0, 0, 0, '', 'inoerp', '2013-08-27 07:18:05', 'inoerp', '2013-08-27 07:18:05'),
(91, 33, 0, 'New Organization', '', '', 0, 0, 0, '', 'inoerp', '2013-08-29 07:59:50', 'inoerp', '2013-08-29 07:59:50'),
(92, 33, NULL, 'ftest01', NULL, NULL, NULL, NULL, NULL, NULL, 'inoerp', '2013-08-28 05:40:13', 'inoerp', '2013-08-28 05:40:13'),
(93, 33, NULL, 'ftest02', NULL, NULL, NULL, NULL, NULL, NULL, 'inoerp', '2013-08-28 06:03:08', 'inoerp', '2013-08-28 06:03:08'),
(94, 33, NULL, 'ftest02', NULL, NULL, NULL, NULL, NULL, NULL, 'inoerp', '2013-08-28 06:03:39', 'inoerp', '2013-08-28 06:03:39'),
(95, 33, NULL, 'ftest03', NULL, NULL, NULL, NULL, NULL, NULL, 'inoerp', '2013-08-28 06:31:58', 'inoerp', '2013-08-28 06:31:58'),
(96, 33, 0, 'ftest04', '', '', 0, 0, 0, '', 'inoerp', '2013-08-28 06:36:45', 'inoerp', '2013-08-28 06:36:45'),
(97, 33, 0, 'ftest05', '', '', 0, 0, 0, '', 'inoerp', '2013-08-29 08:15:49', 'inoerp', '2013-08-29 08:15:49'),
(98, 33, 0, 'ftest06', '', '', 0, 0, 0, '', 'inoerp', '2013-08-28 09:51:19', 'inoerp', '2013-08-28 09:51:19'),
(99, 33, 0, 'ftest07', '', '', 0, 0, 0, '', 'inoerp', '2013-08-28 10:02:23', 'inoerp', '2013-08-28 10:02:23'),
(100, 36, 0, 'fttest11', 'fttest11\r\nfttest11 fttest11 fttest11 fttest11\r\n\r\nfttest11 fttest11 fttest11 fttest11\r\n\r\nfttest11 fttest11 fttest11 fttest11\r\n\r\nttest11 fttest11 fttest11 fttest11', '', 0, 0, 0, '', 'inoerp', '2013-08-28 20:16:19', 'inoerp', '2013-08-28 20:16:19'),
(101, 36, NULL, 'test01', 'test01test01test01test01test01\r\n\r\ntest01test01test01test01', NULL, NULL, NULL, NULL, NULL, 'inoerp', '2013-08-29 05:57:23', 'inoerp', '2013-08-29 05:57:23'),
(102, 36, NULL, 'test01', 'test01test01test01test01test01test01', NULL, NULL, NULL, NULL, NULL, 'inoerp', '2013-08-29 06:00:02', 'inoerp', '2013-08-29 06:00:02'),
(103, 36, NULL, 'test01 test01', 'test01 test01 test01 test01test01 test01', NULL, NULL, NULL, NULL, NULL, 'inoerp', '2013-08-29 06:00:44', 'inoerp', '2013-08-29 06:00:44'),
(104, 36, 103, 'test01 test01', 'test01 test01test01 test01test01 test01test01 test01test01 test01\r\n\r\n \r\n\r\ntest01 test01test01 test01test01 test01test01 test01test01 test01', NULL, NULL, NULL, NULL, NULL, 'inoerp', '2013-08-29 06:19:04', 'inoerp', '2013-08-29 06:19:04'),
(105, 36, 103, 'testing again', 'testing again\r\n\r\ntesting again\r\n\r\ntesting again\r\n\r\ntesting again\r\n\r\ntesting again', NULL, NULL, NULL, NULL, NULL, 'inoerp', '2013-08-29 06:58:55', 'inoerp', '2013-08-29 06:58:55'),
(106, 33, 0, 'Subect 01', '', '', 0, 0, 0, '', 'inoerp', '2013-08-29 08:18:06', 'inoerp', '2013-08-29 08:18:06'),
(107, 33, 0, 'Rupee rallies on oil window, jumps to', '', '', 0, 0, 0, '', 'inoerp', '2013-08-29 08:23:13', 'inoerp', '2013-08-29 08:23:13'),
(108, 33, NULL, 'The partially convertible', NULL, NULL, NULL, NULL, NULL, NULL, 'inoerp', '2013-08-29 08:24:06', 'inoerp', '2013-08-29 08:24:06'),
(109, 33, NULL, 'child of 107', NULL, NULL, NULL, NULL, NULL, NULL, 'inoerp', '2013-08-29 08:34:44', 'inoerp', '2013-08-29 08:34:44'),
(110, 33, NULL, 'parent_id=109', NULL, NULL, NULL, NULL, NULL, NULL, 'inoerp', '2013-08-29 08:40:57', 'inoerp', '2013-08-29 08:40:57'),
(111, 33, NULL, 'parent_id=110', NULL, NULL, NULL, NULL, NULL, NULL, 'inoerp', '2013-08-29 08:52:33', 'inoerp', '2013-08-29 08:52:33'),
(112, 33, NULL, 'parent_id] => 111', NULL, NULL, NULL, NULL, NULL, NULL, 'inoerp', '2013-08-29 08:56:11', 'inoerp', '2013-08-29 08:56:11'),
(113, 33, NULL, 'test for pid112', NULL, NULL, NULL, NULL, NULL, NULL, 'inoerp', '2013-08-29 08:59:24', 'inoerp', '2013-08-29 08:59:24'),
(114, 33, 113, 'pi113', NULL, NULL, NULL, NULL, NULL, NULL, 'inoerp', '2013-08-29 09:09:04', 'inoerp', '2013-08-29 09:09:04'),
(115, 33, 113, 'pi113 02', NULL, NULL, NULL, NULL, NULL, NULL, 'inoerp', '2013-08-29 09:09:40', 'inoerp', '2013-08-29 09:09:40'),
(116, 33, 0, 'list of chillds w/o parent', '', '', 0, 0, 0, '', 'inoerp', '2013-09-17 21:04:00', 'inoerp', '2013-09-17 21:04:00');

-- --------------------------------------------------------

--
-- Table structure for table `content_type`
--

CREATE TABLE IF NOT EXISTS `content_type` (
  `content_type_id` int(12) NOT NULL AUTO_INCREMENT,
  `allow_file_cb` tinyint(1) DEFAULT NULL,
  `content_type` varchar(25) NOT NULL,
  `description` varchar(256) DEFAULT NULL,
  `has_subject_cb` tinyint(1) DEFAULT '1',
  `subject_label` varchar(25) DEFAULT NULL,
  `has_content_cb` tinyint(1) DEFAULT '1',
  `content_label` varchar(25) DEFAULT NULL,
  `rev_enabled_cb` tinyint(1) DEFAULT NULL,
  `rev_number` varchar(256) DEFAULT NULL,
  `created_by` varchar(50) DEFAULT NULL,
  `creation_date` timestamp NULL DEFAULT NULL,
  `last_update_by` varchar(50) NOT NULL,
  `last_update_date` timestamp NULL DEFAULT NULL,
  PRIMARY KEY (`content_type_id`),
  UNIQUE KEY `content_type` (`content_type`),
  FULLTEXT KEY `content` (`content_label`),
  FULLTEXT KEY `subject` (`subject_label`)
) ENGINE=MyISAM  DEFAULT CHARSET=latin1 AUTO_INCREMENT=38 ;

--
-- Dumping data for table `content_type`
--

INSERT INTO `content_type` (`content_type_id`, `allow_file_cb`, `content_type`, `description`, `has_subject_cb`, `subject_label`, `has_content_cb`, `content_label`, `rev_enabled_cb`, `rev_number`, `created_by`, `creation_date`, `last_update_by`, `last_update_date`) VALUES
(1, NULL, 'page', 'Page', 1, 'subject', 1, 'Content', 0, '', 'inoerp', '0000-00-00 00:00:00', 'inoerp', '0000-00-00 00:00:00'),
(25, 0, 'test', 'test', 0, '', 0, '', 0, '', 'inoerp', '2013-09-10 11:17:04', 'inoerp', '2013-09-10 11:17:04'),
(27, 1, 'customer', 'Customer', 1, 'name', 0, '', 0, '', 'inoerp', '2013-08-27 06:17:04', 'inoerp', '2013-08-27 06:17:04'),
(29, 0, 'supplier', 'Supplier Details', 0, 'Name', 0, '', 0, '', 'inoerp', '2013-08-24 15:14:05', 'inoerp', '2013-08-24 15:14:05'),
(30, 0, 'supplier_contact', 'Supplier Contacts', 1, 'name', 0, '', 0, '', 'inoerp', '2013-08-25 14:18:58', 'inoerp', '2013-08-25 14:18:58'),
(32, 0, 'plain_text', 'plain_text', 1, 'subject', 0, '', 0, '', 'inoerp', '2013-08-28 10:20:17', 'inoerp', '2013-08-28 10:20:17'),
(33, 0, 'forum', 'Forum - A list of topics for discussion', 1, 'Subject', 0, '', 0, '', 'inoerp', '2013-08-25 18:11:30', 'inoerp', '2013-08-25 18:11:30'),
(35, NULL, 'content', 'All contents', 1, 'Subject', NULL, NULL, NULL, NULL, 'inoerp', '2013-08-27 13:24:36', 'inoerp', '2013-08-27 13:24:36'),
(36, 0, 'test_forum', 'test forum', 1, 'Subject', 0, '', 0, '', 'inoerp', '2013-08-29 05:56:59', 'inoerp', '2013-08-29 05:56:59'),
(37, 1, 'documentation', 'Documentation', 1, 'Subject', NULL, NULL, NULL, NULL, 'inoerp', '2013-10-30 01:19:15', 'inoerp', '2013-10-30 01:19:15');

-- --------------------------------------------------------

--
-- Table structure for table `content_type_reference`
--

CREATE TABLE IF NOT EXISTS `content_type_reference` (
  `content_type_id` int(12) NOT NULL,
  `field_name` varchar(25) NOT NULL,
  `field_label` varchar(256) DEFAULT NULL,
  `field_position` int(12) DEFAULT NULL,
  `created_by` varchar(50) DEFAULT NULL,
  `creation_date` varchar(50) DEFAULT NULL,
  `last_update_by` varchar(50) NOT NULL,
  `last_update_date` varchar(50) NOT NULL,
  UNIQUE KEY `content_type_id` (`content_type_id`,`field_name`)
) ENGINE=MyISAM DEFAULT CHARSET=latin1;

-- --------------------------------------------------------

--
-- Table structure for table `c_content`
--

CREATE TABLE IF NOT EXISTS `c_content` (
  `content_id` int(12) NOT NULL,
  `content` text,
  PRIMARY KEY (`content_id`)
) ENGINE=MyISAM DEFAULT CHARSET=latin1;

-- --------------------------------------------------------

--
-- Table structure for table `c_customer`
--

CREATE TABLE IF NOT EXISTS `c_customer` (
  `content_id` int(12) NOT NULL,
  `number` int(10) DEFAULT NULL,
  `aaaa` varchar(5) DEFAULT NULL,
  `textarea` text,
  `bool2` tinyint(1) DEFAULT NULL,
  `list6` enum('good','bad','better','best') DEFAULT NULL,
  `date` date DEFAULT NULL,
  PRIMARY KEY (`content_id`)
) ENGINE=MyISAM DEFAULT CHARSET=latin1;

--
-- Dumping data for table `c_customer`
--

INSERT INTO `c_customer` (`content_id`, `number`, `aaaa`, `textarea`, `bool2`, `list6`, `date`) VALUES
(64, 1, NULL, NULL, NULL, NULL, NULL),
(65, 213, NULL, NULL, NULL, NULL, NULL),
(66, 0, NULL, NULL, NULL, NULL, NULL),
(67, 324324, NULL, NULL, NULL, NULL, NULL),
(68, 111111, NULL, NULL, NULL, NULL, NULL),
(70, 2147483647, '', '', 0, 'good', '0000-00-00'),
(71, 21321321, 'sdsad', '<p>textarea textarea textarea textarea</p>\r\n<p>textarea textarea textarea textarea</p>\r\n<p>textarea textarea textarea textarea</p>\r\n<p>textarea textarea textarea textarea</p>', NULL, NULL, NULL),
(72, 1111, 'dasds', '<p><span style="color: #3f3f3f; font-family: georgia; font-size: 15px; font-style: normal; font-variant: normal; font-weight: normal; letter-spacing: normal; line-height: 20px; orphans: auto; text-align: left; text-indent: 0px; text-transform: none; white-space: normal; widows: auto; word-spacing: 0px; -webkit-text-stroke-width: 0px; background-color: #ffffff; display: inline !important; float: none;">The signs of a possible higher rate are getting clearer by the day. On Wednesday, the 5.79% rate of inflation for July, measured by the wholesale price index (WPI), was the fastest seen in the last five months and also higher than RBI''s comfort level of 5.5%.</span></p>', NULL, 'good', NULL),
(73, 0, 'ABC C', 'ABC Corp ABC Corp\r\n\r\nABC Corp\r\n\r\nABC Corp\r\n\r\nABC CorpABC CorpABC CorpABC Corp\r\n\r\nABC Corp', NULL, 'good', NULL),
(74, NULL, NULL, NULL, NULL, NULL, NULL),
(75, 232, 'sssad', 'changed', 0, '', '0000-00-00'),
(88, 2342, NULL, 'sdfdsfsf', NULL, NULL, NULL),
(89, 2323, '', 'getting changed', 0, '', '0000-00-00');

-- --------------------------------------------------------

--
-- Table structure for table `c_forum`
--

CREATE TABLE IF NOT EXISTS `c_forum` (
  `content_id` int(12) NOT NULL,
  `Content` text,
  PRIMARY KEY (`content_id`)
) ENGINE=MyISAM DEFAULT CHARSET=latin1;

--
-- Dumping data for table `c_forum`
--

INSERT INTO `c_forum` (`content_id`, `Content`) VALUES
(90, 'Hi,\r\n\r\nPlease let me know if its possible to create differnt account strcuctures for differnt organizations'),
(91, 'what are the basic setups to create a new organization'),
(92, 'content of ftest01'),
(94, 'ftest02 ftest01ftest01ftest01ftest01'),
(95, 'ftest03ftest03ftest03ftest03'),
(96, 'ftest04ftest04ftest04ftest04'),
(97, 'ftest05ftest05ftest05ftest05ftest05'),
(98, 'ftest06ftest06ftest06ftest06ftest06ftest06'),
(99, 'ftest07ftest07ftest07ftest07ftest07\r\n\r\nftest07ftest07ftest07ftest07ftest07'),
(106, '[color=#3f3f3f; font-family: georgia; font-size: 15.555556297302246px; font-style: normal; font-variant: normal; font-weight: normal; letter-spacing: normal; line-height: 20px; orphans: auto; text-align: left; text-indent: 0px; text-transform: none; white-space: normal; widows: auto; word-spacing: 0px; -webkit-text-stroke-width: 0px; background-color: #ffffff; display: inline !important; float: none]CHENNAI:<span class="Apple-converted-space"> [/color]</span><span class="cm_word" style="margin: 0px; padding: 0px 3px 0px 0px; border-top-width: 0px; border-right-width: 0px; border-bottom-width: 1px !important; border-left-width: 0px; border-bottom-style: solid !important; border-bottom-color: #0000ff !important; outline: 0px; font-size: 15.555556297302246px; background-color: #ffffff; cursor: pointer; color: #0000ff !important; font-family: georgia; font-style: normal; font-variant: normal; font-weight: normal; letter-spacing: normal; line-height: 20px; orphans: auto; text-align: left; text-indent: 0px; text-transform: none; white-space: normal; widows: auto; word-spacing: 0px; -webkit-text-stroke-width: 0px; text-decoration: underline !important; background-position: 0px 50%; background-repeat: initial initial;">India''s wait</span>[color=#3f3f3f; font-family: georgia; font-size: 15.555556297302246px; font-style: normal; font-variant: normal; font-weight: normal; letter-spacing: normal; line-height: 20px; orphans: auto; text-align: left; text-indent: 0px; text-transform: none; white-space: normal; widows: auto; word-spacing: 0px; -webkit-text-stroke-width: 0px; background-color: #ffffff; display: inline !important; float: none]<span class="Apple-converted-space"> [/color]for a successful flight of a GSLV rocket fitted with an<span class="Apple-converted-space"> </span></span>[url=http://timesofindia.indiatimes.com/topic/Indigenous-(musician)]indigenous[/url][color=#3f3f3f; font-family: georgia; font-size: 15.555556297302246px; font-style: normal; font-variant: normal; font-weight: normal; letter-spacing: normal; line-height: 20px; orphans: auto; text-align: left; text-indent: 0px; text-transform: none; white-space: normal; widows: auto; word-spacing: 0px; -webkit-text-stroke-width: 0px; background-color: #ffffff; display: inline !important; float: none]cryogenic engine will prolong till mid December.[/color]<span class="cm_word" style="margin: 0px; padding: 0px 3px 0px 0px; border-top-width: 0px; border-right-width: 0px; border-bottom-width: 1px !important; border-left-width: 0px; border-bottom-style: solid !important; border-bottom-color: #0000ff !important; outline: 0px; font-size: 15.555556297302246px; background-color: #ffffff; cursor: pointer; color: #0000ff !important; font-family: georgia; font-style: normal; font-variant: normal; font-weight: normal; letter-spacing: normal; line-height: 20px; orphans: auto; text-align: left; text-indent: 0px; text-transform: none; white-space: normal; widows: auto; word-spacing: 0px; -webkit-text-stroke-width: 0px; text-decoration: underline !important; background-position: 0px 50%; background-repeat: initial initial;">Indian Space Research Organisation</span>[color=#3f3f3f; font-family: georgia; font-size: 15.555556297302246px; font-style: normal; font-variant: normal; font-weight: normal; letter-spacing: normal; line-height: 20px; orphans: auto; text-align: left; text-indent: 0px; text-transform: none; white-space: normal; widows: auto; word-spacing: 0px; -webkit-text-stroke-width: 0px; background-color: #ffffff; display: inline !important; float: none]<span class="Apple-converted-space"> [/color](Isro)</span><span class="cm_word" style="margin: 0px; padding: 0px 3px 0px 0px; border-top-width: 0px; border-right-width: 0px; border-bottom-width: 1px !important; border-left-width: 0px; border-bottom-style: solid !important; border-bottom-color: #0000ff !important; outline: 0px; font-size: 15.555556297302246px; background-color: #ffffff; cursor: pointer; color: #0000ff !important; font-family: georgia; font-style: normal; font-variant: normal; font-weight: normal; letter-spacing: normal; line-height: 20px; orphans: auto; text-align: left; text-indent: 0px; text-transform: none; white-space: normal; widows: auto; word-spacing: 0px; -webkit-text-stroke-width: 0px; text-decoration: underline !important; background-position: 0px 50%; background-repeat: initial initial;">chairman K Radhakrishnan</span>[color=#3f3f3f; font-family: georgia; font-size: 15.555556297302246px; font-style: normal; font-variant: normal; font-weight: normal; letter-spacing: normal; line-height: 20px; orphans: auto; text-align: left; text-indent: 0px; text-transform: none; white-space: normal; widows: auto; word-spacing: 0px; -webkit-text-stroke-width: 0px; background-color: #ffffff; display: inline !important; float: none]<span class="Apple-converted-space"> [/color]told TOI on Wednesday that GSLV-D5, whose launch on August 19 as aborted because of a leak in<span class="Apple-converted-space"> </span></span><span class="cm_word" style="margin: 0px; padding: 0px 3px 0px 0px; border-top-width: 0px; border-right-width: 0px; border-bottom-width: 1px !important; border-left-width: 0px; border-bottom-style: solid !important; border-bottom-color: #0000ff !important; outline: 0px; font-size: 15.555556297302246px; background-color: #ffffff; cursor: pointer; color: #0000ff !important; font-family: georgia; font-style: normal; font-variant: normal; font-weight: normal; letter-spacing: normal; line-height: 20px; orphans: auto; text-align: left; text-indent: 0px; text-transform: none; white-space: normal; widows: auto; word-spacing: 0px; -webkit-text-stroke-width: 0px; text-decoration: underline !important; background-position: 0px 50%; background-repeat: initial initial;">the liquid fuel tank</span>[color=#3f3f3f; font-family: georgia; font-size: 15.555556297302246px; font-style: normal; font-variant: normal; font-weight: normal; letter-spacing: normal; line-height: 20px; orphans: auto; text-align: left; text-indent: 0px; text-transform: none; white-space: normal; widows: auto; word-spacing: 0px; -webkit-text-stroke-width: 0px; background-color: #ffffff; display: inline !important; float: none], had to be disassembled and studied closely before the next launch which is likely to be more than four months later.[/color]<br style="margin: 0px; padding: 0px; color: #3f3f3f; font-family: georgia; font-size: 15.555556297302246px; font-style: normal; font-variant: normal; font-weight: normal; letter-spacing: normal; line-height: 20px; orphans: auto; text-align: left; text-indent: 0px; text-transform: none; white-space: normal; widows: auto; word-spacing: 0px; -webkit-text-stroke-width: 0px; background-color: #ffffff;" /><br style="margin: 0px; padding: 0px; color: #3f3f3f; font-family: georgia; font-size: 15.555556297302246px; font-style: normal; font-variant: normal; font-weight: normal; letter-spacing: normal; line-height: 20px; orphans: auto; text-align: left; text-indent: 0px; text-transform: none; white-space: normal; widows: auto; word-spacing: 0px; -webkit-text-stroke-width: 0px; background-color: #ffffff;" />[color=#3f3f3f; font-family: georgia; font-size: 15.555556297302246px; font-style: normal; font-variant: normal; font-weight: normal; letter-spacing: normal; line-height: 20px; orphans: auto; text-align: left; text-indent: 0px; text-transform: none; white-space: normal; widows: auto; word-spacing: 0px; -webkit-text-stroke-width: 0px; background-color: #ffffff; display: inline !important; float: none]"We had a detailed review on Monday and decided to change the second stage of the rocket which has some damage," Radhakrishnan said. "The four strap-ons, the tank and<span class="Apple-converted-space"> [/color]</span><span class="cm_word" style="margin: 0px; padding: 0px 3px 0px 0px; border-top-width: 0px; border-right-width: 0px; border-bottom-width: 1px !important; border-left-width: 0px; border-bottom-style: solid !important; border-bottom-color: #0000ff !important; outline: 0px; font-size: 15.555556297302246px; background-color: #ffffff; cursor: pointer; color: #0000ff !important; font-family: georgia; font-style: normal; font-variant: normal; font-weight: normal; letter-spacing: normal; line-height: 20px; orphans: auto; text-align: left; text-indent: 0px; text-transform: none; white-space: normal; widows: auto; word-spacing: 0px; -webkit-text-stroke-width: 0px; text-decoration: underline !important; background-position: 0px 50%; background-repeat: initial initial;">the fuel components</span>[color=#3f3f3f; font-family: georgia; font-size: 15.555556297302246px; font-style: normal; font-variant: normal; font-weight: normal; letter-spacing: normal; line-height: 20px; orphans: auto; text-align: left; text-indent: 0px; text-transform: none; white-space: normal; widows: auto; word-spacing: 0px; -webkit-text-stroke-width: 0px; background-color: #ffffff; display: inline !important; float: none]<span class="Apple-converted-space"> [/color]have to be changed." While the liquid propellant tank will be shifted to the Isro centre in Mahendragiri in<span class="Apple-converted-space"> </span></span>[url=http://timesofindia.indiatimes.com/topic/Tamil-Nadu]Tamil Nadu[/url][color=#3f3f3f; font-family: georgia; font-size: 15.555556297302246px; font-style: normal; font-variant: normal; font-weight: normal; letter-spacing: normal; line-height: 20px; orphans: auto; text-align: left; text-indent: 0px; text-transform: none; white-space: normal; widows: auto; word-spacing: 0px; -webkit-text-stroke-width: 0px; background-color: #ffffff; display: inline !important; float: none], where another second stage of the rocket will be prepared, the indigenous cryogenic engine, the GSAT-14<span class="Apple-converted-space"> [/color]</span>[url=http://timesofindia.indiatimes.com/topic/Satellite]satellite[/url][color=#3f3f3f; font-family: georgia; font-size: 15.555556297302246px; font-style: normal; font-variant: normal; font-weight: normal; letter-spacing: normal; line-height: 20px; orphans: auto; text-align: left; text-indent: 0px; text-transform: none; white-space: normal; widows: auto; word-spacing: 0px; -webkit-text-stroke-width: 0px; background-color: #ffffff; display: inline !important; float: none]<span class="Apple-converted-space"> [/color]and the heat shield components will remain at the Sriharikota spaceport.</span><br style="margin: 0px; padding: 0px; color: #3f3f3f; font-family: georgia; font-size: 15.555556297302246px; font-style: normal; font-variant: normal; font-weight: normal; letter-spacing: normal; line-height: 20px; orphans: auto; text-align: left; text-indent: 0px; text-transform: none; white-space: normal; widows: auto; word-spacing: 0px; -webkit-text-stroke-width: 0px; background-color: #ffffff;" /><br style="margin: 0px; padding: 0px; color: #3f3f3f; font-family: georgia; font-size: 15.555556297302246px; font-style: normal; font-variant: normal; font-weight: normal; letter-spacing: normal; line-height: 20px; orphans: auto; text-align: left; text-indent: 0px; text-transform: none; white-space: normal; widows: auto; word-spacing: 0px; -webkit-text-stroke-width: 0px; background-color: #ffffff;" />[color=#3f3f3f; font-family: georgia; font-size: 15.555556297302246px; font-style: normal; font-variant: normal; font-weight: normal; letter-spacing: normal; line-height: 20px; orphans: auto; text-align: left; text-indent: 0px; text-transform: none; white-space: normal; widows: auto; word-spacing: 0px; -webkit-text-stroke-width: 0px; background-color: #ffffff; display: inline !important; float: none]Isro scientists said they didn''t want to leave anything to chance with the next GSLV launch which is prestigious because its puts to test the indigenous cryogenic engine capabilities. India is left with just one of the seven Russian cryogenic engines it had bought, and needs to develop its own cryogenic engines to propel bigger rockets with up to 5,000 tonnes of payload.[/color]<br style="margin: 0px; padding: 0px; color: #3f3f3f; font-family: georgia; font-size: 15.555556297302246px; font-style: normal; font-variant: normal; font-weight: normal; letter-spacing: normal; line-height: 20px; orphans: auto; text-align: left; text-indent: 0px; text-transform: none; white-space: normal; widows: auto; word-spacing: 0px; -webkit-text-stroke-width: 0px; background-color: #ffffff;" /><br style="margin: 0px; padding: 0px; color: #3f3f3f; font-family: georgia; font-size: 15.555556297302246px; font-style: normal; font-variant: normal; font-weight: normal; letter-spacing: normal; line-height: 20px; orphans: auto; text-align: left; text-indent: 0px; text-transform: none; white-space: normal; widows: auto; word-spacing: 0px; -webkit-text-stroke-width: 0px; background-color: #ffffff;" />[color=#3f3f3f; font-family: georgia; font-size: 15.555556297302246px; font-style: normal; font-variant: normal; font-weight: normal; letter-spacing: normal; line-height: 20px; orphans: auto; text-align: left; text-indent: 0px; text-transform: none; white-space: normal; widows: auto; word-spacing: 0px; -webkit-text-stroke-width: 0px; background-color: #ffffff; display: inline !important; float: none]While Isro has perfected its PSLV rockets, which have had a string of 23 successes, the nation''s prestigious missions including the manned space mission rest on GSLVs. Isro''s first attempt with an indigenous cryogenic engine in April 2010 has been a failure. The second one, slated for August 19, 2013, had to be called off a couple of hours before the scheduled lift-off after one of the cameras at the launch pad detected a fuel leak in the second stage of the rocket.[/color]'),
(107, 'Rupee rallies on oil window, jumps to 67.20 per dollar\r\n\r\nEarlier on Wednesday, the currency had collapsed to a lifetime low of 68.85 against the dollar and closed at 68.80, registering its biggest single-day loss of 256 paise, as global oil prices jumped, deepening concerns about the current account deficit and capital outflows.\r\n\r\n\r\nTNN|Aug 29, 2013, 09.29AM IST\r\n\r\nNEW DELHI: Therupeeon Thursday regained the 66 level on RBI''s move to provide dollars to oil companies.\r\n\r\nThe rupee opened 130 paise stronger at 67.20 perdollarand moved higher in early morning trade.\r\n\r\nTheSensexandNiftyalso opened in green in early morning trade on Thursday. The Sensex was trading at 18,152.23, up 156 points at 9.50am.'),
(108, '[color=#3f3f3f; font-family: georgia; font-size: 15.555556297302246px; font-style: normal; font-variant: normal; font-weight: normal; letter-spacing: normal; line-height: 20px; orphans: auto; text-align: left; text-indent: 0px; text-transform: none; white-space: normal; widows: auto; word-spacing: 0px; -webkit-text-stroke-width: 0px; background-color: #ffffff; display: inline !important; float: none]The partially convertible rupee was trading at 66.90/91 per dollar at 9:10am (0340 GMT), 2.8 per cent stronger than its close of 68.80/81 on Wednesday, when it hit a record low of 68.85.<span class="Apple-converted-space"> [/color]</span><br style="margin: 0px; padding: 0px; color: #3f3f3f; font-family: georgia; font-size: 15.555556297302246px; font-style: normal; font-variant: normal; font-weight: normal; letter-spacing: normal; line-height: 20px; orphans: auto; text-align: left; text-indent: 0px; text-transform: none; white-space: normal; widows: auto; word-spacing: 0px; -webkit-text-stroke-width: 0px; background-color: #ffffff;" /><br style="margin: 0px; padding: 0px; color: #3f3f3f; font-family: georgia; font-size: 15.555556297302246px; font-style: normal; font-variant: normal; font-weight: normal; letter-spacing: normal; line-height: 20px; orphans: auto; text-align: left; text-indent: 0px; text-transform: none; white-space: normal; widows: auto; word-spacing: 0px; -webkit-text-stroke-width: 0px; background-color: #ffffff;" />[color=#3f3f3f; font-family: georgia; font-size: 15.555556297302246px; font-style: normal; font-variant: normal; font-weight: normal; letter-spacing: normal; line-height: 20px; orphans: auto; text-align: left; text-indent: 0px; text-transform: none; white-space: normal; widows: auto; word-spacing: 0px; -webkit-text-stroke-width: 0px; background-color: #ffffff; display: inline !important; float: none]The benchmark 10-year bond yield also gained tracking the rupee, with the yield falling as much as 21 basis points to 8.75 per cent.<span class="Apple-converted-space"> [/color]</span><br style="margin: 0px; padding: 0px; color: #3f3f3f; font-family: georgia; font-size: 15.555556297302246px; font-style: normal; font-variant: normal; font-weight: normal; letter-spacing: normal; line-height: 20px; orphans: auto; text-align: left; text-indent: 0px; text-transform: none; white-space: normal; widows: auto; word-spacing: 0px; -webkit-text-stroke-width: 0px; background-color: #ffffff;" /><br style="margin: 0px; padding: 0px; color: #3f3f3f; font-family: georgia; font-size: 15.555556297302246px; font-style: normal; font-variant: normal; font-weight: normal; letter-spacing: normal; line-height: 20px; orphans: auto; text-align: left; text-indent: 0px; text-transform: none; white-space: normal; widows: auto; word-spacing: 0px; -webkit-text-stroke-width: 0px; background-color: #ffffff;" />[color=#3f3f3f; font-family: georgia; font-size: 15.555556297302246px; font-style: normal; font-variant: normal; font-weight: normal; letter-spacing: normal; line-height: 20px; orphans: auto; text-align: left; text-indent: 0px; text-transform: none; white-space: normal; widows: auto; word-spacing: 0px; -webkit-text-stroke-width: 0px; background-color: #ffffff; display: inline !important; float: none]Earlier on Wednesday, the rupee fell by a record 264 paise against the dollar to close at 68.83 on Wednesday as the likelihood of a US-led strike against Syria increased, sending crude prices soaring. The Reserve Bank of India responded to the fall by announcing a move to provide dollars from its reserves to meet import needs of oil companies which account for nearly 40% of demand for dollars in a normal month.<span class="Apple-converted-space"> [/color]</span><br style="margin: 0px; padding: 0px; color: #3f3f3f; font-family: georgia; font-size: 15.555556297302246px; font-style: normal; font-variant: normal; font-weight: normal; letter-spacing: normal; line-height: 20px; orphans: auto; text-align: left; text-indent: 0px; text-transform: none; white-space: normal; widows: auto; word-spacing: 0px; -webkit-text-stroke-width: 0px; background-color: #ffffff;" /><br style="margin: 0px; padding: 0px; color: #3f3f3f; font-family: georgia; font-size: 15.555556297302246px; font-style: normal; font-variant: normal; font-weight: normal; letter-spacing: normal; line-height: 20px; orphans: auto; text-align: left; text-indent: 0px; text-transform: none; white-space: normal; widows: auto; word-spacing: 0px; -webkit-text-stroke-width: 0px; background-color: #ffffff;" />[color=#3f3f3f; font-family: georgia; font-size: 15.555556297302246px; font-style: normal; font-variant: normal; font-weight: normal; letter-spacing: normal; line-height: 20px; orphans: auto; text-align: left; text-indent: 0px; text-transform: none; white-space: normal; widows: auto; word-spacing: 0px; -webkit-text-stroke-width: 0px; background-color: #ffffff; display: inline !important; float: none]The free-fall of the rupee resulted in a surge in demand for gold, which saw its biggest-ever single day surge of Rs 2,500 to hit Rs 34,500 per 10 gram. The sensex, which at one point was down 533 points, recovered sharply to close 28 points higher at 17,996 after LIC stepped in to buy shares in a big way.<span class="Apple-converted-space"> [/color]</span><br style="margin: 0px; padding: 0px; color: #3f3f3f; font-family: georgia; font-size: 15.555556297302246px; font-style: normal; font-variant: normal; font-weight: normal; letter-spacing: normal; line-height: 20px; orphans: auto; text-align: left; text-indent: 0px; text-transform: none; white-space: normal; widows: auto; word-spacing: 0px; -webkit-text-stroke-width: 0px; background-color: #ffffff;" /><br style="margin: 0px; padding: 0px; color: #3f3f3f; font-family: georgia; font-size: 15.555556297302246px; font-style: normal; font-variant: normal; font-weight: normal; letter-spacing: normal; line-height: 20px; orphans: auto; text-align: left; text-indent: 0px; text-transform: none; white-space: normal; widows: auto; word-spacing: 0px; -webkit-text-stroke-width: 0px; background-color: #ffffff;" />[color=#3f3f3f; font-family: georgia; font-size: 15.555556297302246px; font-style: normal; font-variant: normal; font-weight: normal; letter-spacing: normal; line-height: 20px; orphans: auto; text-align: left; text-indent: 0px; text-transform: none; white-space: normal; widows: auto; word-spacing: 0px; -webkit-text-stroke-width: 0px; background-color: #ffffff; display: inline !important; float: none]The RBI''s move to sell dollars directly to public sector oil companies &mdash; IndianOil, HPCL and BPCL &mdash; has resulted in the rupee firming up in the offshore forward market. Dealers said that the RBI appears to have waited for the rupee to get into an oversold position before coming out with its measures.<span class="Apple-converted-space"> \r\n[/color]</span>'),
(109, 'child of 107child of 107child of 107child of 107child of 107child of 107'),
(110, 'parent_id=109 parent_id=109 parent_id=109'),
(111, 'parent_id=110parent_id=110parent_id=110parent_id=110'),
(112, 'parent_id] => 111'),
(113, 'test for pid112test for pid112test for pid112test for pid112'),
(114, 'pi113pi113pi113'),
(115, 'pi113 02pi113 02pi113 02pi113 02'),
(116, 'get the list of chillds w/o parent\r\n\r\nSELECT `option_line_id`,`option_line_code`,`value_l`,`description`\r\n\r\nfrom option_line left join option_header on option_line.option_header_id = option_header.option_header_id\r\n\r\nwhere option_header.option_header_id IS NULL');

-- --------------------------------------------------------

--
-- Table structure for table `c_plain_text`
--

CREATE TABLE IF NOT EXISTS `c_plain_text` (
  `content_id` int(12) NOT NULL,
  `content2` text,
  PRIMARY KEY (`content_id`)
) ENGINE=MyISAM DEFAULT CHARSET=latin1;

-- --------------------------------------------------------

--
-- Table structure for table `c_supplier`
--

CREATE TABLE IF NOT EXISTS `c_supplier` (
  `content_id` int(12) NOT NULL,
  `number` int(12) DEFAULT NULL,
  `simple_text` text,
  PRIMARY KEY (`content_id`)
) ENGINE=MyISAM DEFAULT CHARSET=latin1;

-- --------------------------------------------------------

--
-- Table structure for table `c_supplier_contact`
--

CREATE TABLE IF NOT EXISTS `c_supplier_contact` (
  `content_id` int(12) NOT NULL,
  `number` int(12) DEFAULT NULL,
  `textarea` text,
  `simple_text` text,
  PRIMARY KEY (`content_id`)
) ENGINE=MyISAM DEFAULT CHARSET=latin1;

-- --------------------------------------------------------

--
-- Table structure for table `c_test`
--

CREATE TABLE IF NOT EXISTS `c_test` (
  `field_content_id` int(12) NOT NULL,
  `field_test` varchar(10) DEFAULT NULL,
  `field_field_content_id` int(12) DEFAULT NULL,
  PRIMARY KEY (`field_content_id`)
) ENGINE=MyISAM DEFAULT CHARSET=latin1;

-- --------------------------------------------------------

--
-- Table structure for table `c_test_forum`
--

CREATE TABLE IF NOT EXISTS `c_test_forum` (
  `content_id` int(12) NOT NULL,
  `content` text,
  PRIMARY KEY (`content_id`)
) ENGINE=MyISAM DEFAULT CHARSET=latin1;

--
-- Dumping data for table `c_test_forum`
--

INSERT INTO `c_test_forum` (`content_id`, `content`) VALUES
(100, 'fttest11\r\nfttest11 fttest11 fttest11 fttest11\r\n\r\nfttest11 fttest11 fttest11 fttest11\r\n\r\nfttest11 fttest11 fttest11 fttest11\r\n\r\nttest11 fttest11 fttest11 fttest11'),
(101, 'test01test01test01test01test01\r\n\r\ntest01test01test01test01'),
(102, 'test01test01test01test01test01test01'),
(103, 'test01 test01 test01 test01test01 test01'),
(104, 'test01 test01test01 test01test01 test01test01 test01test01 test01\r\n\r\n \r\n\r\ntest01 test01test01 test01test01 test01test01 test01test01 test01'),
(105, 'testing again\r\n\r\ntesting again\r\n\r\ntesting again\r\n\r\ntesting again\r\n\r\ntesting again');

-- --------------------------------------------------------

--
-- Table structure for table `enterprise`
--

CREATE TABLE IF NOT EXISTS `enterprise` (
  `enterprise_id` int(12) unsigned NOT NULL AUTO_INCREMENT,
  `org_id` int(10) unsigned NOT NULL,
  `designation_option_header_id` int(12) DEFAULT NULL,
  `type_option_header_id` int(12) DEFAULT NULL,
  `efid` int(12) DEFAULT NULL,
  `status` enum('active','inactive') DEFAULT NULL,
  `rev_enabled` enum('enabled','disabled') DEFAULT NULL,
  `rev_number` int(2) DEFAULT NULL,
  `created_by` varchar(50) DEFAULT NULL,
  `creation_date` varchar(50) DEFAULT NULL,
  `last_update_by` varchar(50) DEFAULT NULL,
  `last_update_date` varchar(50) DEFAULT NULL,
  PRIMARY KEY (`enterprise_id`),
  UNIQUE KEY `org_id` (`org_id`)
) ENGINE=MyISAM  DEFAULT CHARSET=latin1 AUTO_INCREMENT=42 ;

--
-- Dumping data for table `enterprise`
--

INSERT INTO `enterprise` (`enterprise_id`, `org_id`, `designation_option_header_id`, `type_option_header_id`, `efid`, `status`, `rev_enabled`, `rev_number`, `created_by`, `creation_date`, `last_update_by`, `last_update_date`) VALUES
(41, 2, NULL, NULL, 1, 'active', 'enabled', 1, 'inoerp', '2013-09-28 03:46:27', 'inoerp', '2013-09-28 03:46:27'),
(40, 1, NULL, NULL, 1, 'active', 'enabled', 1, 'inoerp', '2013-09-28 03:44:47', 'inoerp', '2013-09-28 03:44:47');

-- --------------------------------------------------------

--
-- Table structure for table `file`
--

CREATE TABLE IF NOT EXISTS `file` (
  `file_id` int(12) unsigned NOT NULL AUTO_INCREMENT,
  `file_path` varchar(256) NOT NULL,
  `file_name` varchar(50) NOT NULL,
  `file_size` varchar(50) NOT NULL,
  `file_type` varchar(50) NOT NULL,
  `description` varchar(200) DEFAULT NULL,
  `created_by` varchar(40) NOT NULL DEFAULT '',
  `creation_date` varchar(50) DEFAULT NULL,
  `last_update_by` varchar(40) NOT NULL DEFAULT '',
  `last_update_date` varchar(50) DEFAULT NULL,
  PRIMARY KEY (`file_id`)
) ENGINE=MyISAM  DEFAULT CHARSET=latin1 AUTO_INCREMENT=296 ;

--
-- Dumping data for table `file`
--

INSERT INTO `file` (`file_id`, `file_path`, `file_name`, `file_size`, `file_type`, `description`, `created_by`, `creation_date`, `last_update_by`, `last_update_date`) VALUES
(1, '', '0_1375343710_Chrysanthemum.jpg', '879394', 'image/jpeg', NULL, 'inoerp', '01-08-2013 07:55:10', 'inoerp', '01-08-2013 07:55:10'),
(2, '', '0_1375343751_Chrysanthemum.jpg', '879394', 'image/jpeg', NULL, 'inoerp', '01-08-2013 07:55:51', 'inoerp', '01-08-2013 07:55:51'),
(3, '', '0_1375343892_Chrysanthemum.jpg', '879394', 'image/jpeg', NULL, 'inoerp', '01-08-2013 07:58:12', 'inoerp', '01-08-2013 07:58:12'),
(4, '', '1_1375343892_Koala.jpg', '780831', 'image/jpeg', NULL, 'inoerp', '01-08-2013 07:58:12', 'inoerp', '01-08-2013 07:58:12'),
(5, '', '0_1375343923_Chrysanthemum.jpg', '879394', 'image/jpeg', NULL, 'inoerp', '01-08-2013 07:58:43', 'inoerp', '01-08-2013 07:58:43'),
(6, '', '1_1375343923_Koala.jpg', '780831', 'image/jpeg', NULL, 'inoerp', '01-08-2013 07:58:43', 'inoerp', '01-08-2013 07:58:43'),
(7, '', '0_1375343983_Chrysanthemum.jpg', '879394', 'image/jpeg', NULL, 'inoerp', '01-08-2013 07:59:43', 'inoerp', '01-08-2013 07:59:43'),
(8, '', '1_1375343983_Koala.jpg', '780831', 'image/jpeg', NULL, 'inoerp', '01-08-2013 07:59:43', 'inoerp', '01-08-2013 07:59:43'),
(9, '', '0_1375344032_Desert.jpg', '845941', 'image/jpeg', NULL, 'inoerp', '01-08-2013 08:00:32', 'inoerp', '01-08-2013 08:00:32'),
(10, '', '0_1375344081_Koala.jpg', '780831', 'image/jpeg', NULL, 'inoerp', '01-08-2013 08:01:21', 'inoerp', '01-08-2013 08:01:21'),
(11, '', '0_1375354686_Chrysanthemum.jpg', '879394', 'image/jpeg', NULL, 'inoerp', '01-08-2013 10:58:06', 'inoerp', '01-08-2013 10:58:06'),
(12, '', '0_1375354735_Chrysanthemum.jpg', '879394', 'image/jpeg', NULL, 'inoerp', '01-08-2013 10:58:55', 'inoerp', '01-08-2013 10:58:55'),
(13, '', '1_1375354735_Desert.jpg', '845941', 'image/jpeg', NULL, 'inoerp', '01-08-2013 10:58:55', 'inoerp', '01-08-2013 10:58:55'),
(14, '', '2_1375354735_Hydrangeas.jpg', '595284', 'image/jpeg', NULL, 'inoerp', '01-08-2013 10:58:55', 'inoerp', '01-08-2013 10:58:55'),
(15, '', '0_1375354991_Lighthouse.jpg', '561276', 'image/jpeg', NULL, 'inoerp', '01-08-2013 11:03:11', 'inoerp', '01-08-2013 11:03:11'),
(16, '', '0_1375355173_Desert.jpg', '845941', 'image/jpeg', NULL, 'inoerp', '01-08-2013 11:06:13', 'inoerp', '01-08-2013 11:06:13'),
(17, '', '0_1375355968_Chrysanthemum.jpg', '879394', 'image/jpeg', NULL, 'inoerp', '01-08-2013 11:19:28', 'inoerp', '01-08-2013 11:19:28'),
(18, '', '1_1375363497_Onhand - View quantity onhand details', '21386', 'application/pdf', NULL, 'inoerp', '01-08-2013 13:24:57', 'inoerp', '01-08-2013 13:24:57'),
(19, '', '0_1375363530_New Text Document.txt', '5', 'text/plain', NULL, 'inoerp', '01-08-2013 13:25:30', 'inoerp', '01-08-2013 13:25:30'),
(20, '', '0_1375363634_Push_Item_Transactions.pptx', '63470', 'application/vnd.openxmlformats-officedocument.pres', NULL, 'inoerp', '01-08-2013 13:27:14', 'inoerp', '01-08-2013 13:27:14'),
(21, '', '0_1375363665_Onhand - View quantity onhand details', '21386', 'application/pdf', NULL, 'inoerp', '01-08-2013 13:27:45', 'inoerp', '01-08-2013 13:27:45'),
(22, '', '0_1375364253_onhand.pdf.pdf', '21386', 'application/pdf', NULL, 'inoerp', '01-08-2013 13:37:33', 'inoerp', '01-08-2013 13:37:33'),
(23, '', '0_1375365980_Desert.jpg', '845941', 'image/jpeg', NULL, 'inoerp', '01-08-2013 14:06:20', 'inoerp', '01-08-2013 14:06:20'),
(24, '', '0_1375366642_Lighthouse.jpg', '561276', 'image/jpeg', NULL, 'inoerp', '01-08-2013 14:17:22', 'inoerp', '01-08-2013 14:17:22'),
(25, '', '0_1375369010_Chrysanthemum.jpg', '879394', 'image/jpeg', NULL, 'inoerp', '01-08-2013 14:56:50', 'inoerp', '01-08-2013 14:56:50'),
(26, '', '0_1375369539_Chrysanthemum.jpg', '879394', 'image/jpeg', NULL, 'inoerp', '01-08-2013 15:05:39', 'inoerp', '01-08-2013 15:05:39'),
(27, '', '0_1375369816_Desert.jpg', '845941', 'image/jpeg', NULL, 'inoerp', '01-08-2013 15:10:16', 'inoerp', '01-08-2013 15:10:16'),
(28, '', '0_1375370031_Desert.jpg', '845941', 'image/jpeg', NULL, 'inoerp', '01-08-2013 15:13:51', 'inoerp', '01-08-2013 15:13:51'),
(29, '', '0_1375406070_Desert.jpg', '845941', 'image/jpeg', NULL, 'inoerp', '02-08-2013 01:14:30', 'inoerp', '02-08-2013 01:14:30'),
(30, '', '0_1375406126_Chrysanthemum.jpg', '879394', 'image/jpeg', NULL, 'inoerp', '02-08-2013 01:15:26', 'inoerp', '02-08-2013 01:15:26'),
(31, '', '1_1375406126_Desert.jpg', '845941', 'image/jpeg', NULL, 'inoerp', '02-08-2013 01:15:26', 'inoerp', '02-08-2013 01:15:26'),
(32, '', '2_1375406126_Hydrangeas.jpg', '595284', 'image/jpeg', NULL, 'inoerp', '02-08-2013 01:15:26', 'inoerp', '02-08-2013 01:15:26'),
(33, '', '3_1375406126_Jellyfish.jpg', '775702', 'image/jpeg', NULL, 'inoerp', '02-08-2013 01:15:26', 'inoerp', '02-08-2013 01:15:26'),
(34, '', '4_1375406126_Koala.jpg', '780831', 'image/jpeg', NULL, 'inoerp', '02-08-2013 01:15:26', 'inoerp', '02-08-2013 01:15:26'),
(35, '', '5_1375406126_Lighthouse.jpg', '561276', 'image/jpeg', NULL, 'inoerp', '02-08-2013 01:15:26', 'inoerp', '02-08-2013 01:15:26'),
(36, '', '6_1375406126_Penguins.jpg', '777835', 'image/jpeg', NULL, 'inoerp', '02-08-2013 01:15:26', 'inoerp', '02-08-2013 01:15:26'),
(37, '', '7_1375406126_Tulips.jpg', '620888', 'image/jpeg', NULL, 'inoerp', '02-08-2013 01:15:26', 'inoerp', '02-08-2013 01:15:26'),
(38, '', '0_1375406186_Chrysanthemum.jpg', '879394', 'image/jpeg', NULL, 'inoerp', '02-08-2013 01:16:26', 'inoerp', '02-08-2013 01:16:26'),
(39, '', '0_1375407652_Desert.jpg', '845941', 'image/jpeg', NULL, 'inoerp', '02-08-2013 01:40:52', 'inoerp', '02-08-2013 01:40:52'),
(40, '', '0_1375407670_Desert.jpg', '845941', 'image/jpeg', NULL, 'inoerp', '02-08-2013 01:41:10', 'inoerp', '02-08-2013 01:41:10'),
(41, '', '0_1375407909_Chrysanthemum.jpg', '879394', 'image/jpeg', NULL, 'inoerp', '02-08-2013 01:45:09', 'inoerp', '02-08-2013 01:45:09'),
(42, '', '0_1375418768_Chrysanthemum.jpg', '879394', 'image/jpeg', NULL, 'inoerp', '02-08-2013 04:46:08', 'inoerp', '02-08-2013 04:46:08'),
(43, '', '0_1375418869_Desert.jpg', '845941', 'image/jpeg', NULL, 'inoerp', '02-08-2013 04:47:49', 'inoerp', '02-08-2013 04:47:49'),
(44, '', '0_1375418880_Hydrangeas.jpg', '595284', 'image/jpeg', NULL, 'inoerp', '02-08-2013 04:48:00', 'inoerp', '02-08-2013 04:48:00'),
(45, '', '0_1375418934_Penguins.jpg', '777835', 'image/jpeg', NULL, 'inoerp', '02-08-2013 04:48:54', 'inoerp', '02-08-2013 04:48:54'),
(46, '', '0_1375418957_Lighthouse.jpg', '561276', 'image/jpeg', NULL, 'inoerp', '02-08-2013 04:49:17', 'inoerp', '02-08-2013 04:49:17'),
(47, '', '1_1375418957_Penguins.jpg', '777835', 'image/jpeg', NULL, 'inoerp', '02-08-2013 04:49:17', 'inoerp', '02-08-2013 04:49:17'),
(48, '', '2_1375418957_Tulips.jpg', '620888', 'image/jpeg', NULL, 'inoerp', '02-08-2013 04:49:17', 'inoerp', '02-08-2013 04:49:17'),
(49, '', '0_1375418985_Jellyfish.jpg', '775702', 'image/jpeg', NULL, 'inoerp', '02-08-2013 04:49:45', 'inoerp', '02-08-2013 04:49:45'),
(50, '', '0_1375419698_Desert.jpg', '845941', 'image/jpeg', NULL, 'inoerp', '02-08-2013 05:01:38', 'inoerp', '02-08-2013 05:01:38'),
(51, '', '0_1375419708_Jellyfish.jpg', '775702', 'image/jpeg', NULL, 'inoerp', '02-08-2013 05:01:48', 'inoerp', '02-08-2013 05:01:48'),
(52, '', '0_1375419765_Desert.jpg', '845941', 'image/jpeg', NULL, 'inoerp', '02-08-2013 05:02:45', 'inoerp', '02-08-2013 05:02:45'),
(53, '', '0_1375419774_Lighthouse.jpg', '561276', 'image/jpeg', NULL, 'inoerp', '02-08-2013 05:02:54', 'inoerp', '02-08-2013 05:02:54'),
(54, '', '0_1375419918_Chrysanthemum.jpg', '879394', 'image/jpeg', NULL, 'inoerp', '02-08-2013 05:05:18', 'inoerp', '02-08-2013 05:05:18'),
(55, '', '0_1375419932_Tulips.jpg', '620888', 'image/jpeg', NULL, 'inoerp', '02-08-2013 05:05:32', 'inoerp', '02-08-2013 05:05:32'),
(56, '', '0_1375419967_Desert.jpg', '845941', 'image/jpeg', NULL, 'inoerp', '02-08-2013 05:06:07', 'inoerp', '02-08-2013 05:06:07'),
(57, '', '0_1375419986_Koala.jpg', '780831', 'image/jpeg', NULL, 'inoerp', '02-08-2013 05:06:26', 'inoerp', '02-08-2013 05:06:26'),
(58, '', '0_1375420024_Penguins.jpg', '777835', 'image/jpeg', NULL, 'inoerp', '02-08-2013 05:07:04', 'inoerp', '02-08-2013 05:07:04'),
(59, '', '0_1375420045_Lighthouse.jpg', '561276', 'image/jpeg', NULL, 'inoerp', '02-08-2013 05:07:25', 'inoerp', '02-08-2013 05:07:25'),
(60, '', '0_1375420062_Penguins.jpg', '777835', 'image/jpeg', NULL, 'inoerp', '02-08-2013 05:07:42', 'inoerp', '02-08-2013 05:07:42'),
(61, '', '0_1375420161_Chrysanthemum.jpg', '879394', 'image/jpeg', NULL, 'inoerp', '02-08-2013 05:09:21', 'inoerp', '02-08-2013 05:09:21'),
(62, '', '0_1375420182_Koala.jpg', '780831', 'image/jpeg', NULL, 'inoerp', '02-08-2013 05:09:42', 'inoerp', '02-08-2013 05:09:42'),
(63, '', '0_1375422863_Desert.jpg', '845941', 'image/jpeg', NULL, 'inoerp', '02-08-2013 05:54:23', 'inoerp', '02-08-2013 05:54:23'),
(64, '', '0_1375423003_Chrysanthemum.jpg', '879394', 'image/jpeg', NULL, 'inoerp', '02-08-2013 05:56:43', 'inoerp', '02-08-2013 05:56:43'),
(65, '', '0_1375423031_Lighthouse.jpg', '561276', 'image/jpeg', NULL, 'inoerp', '02-08-2013 05:57:11', 'inoerp', '02-08-2013 05:57:11'),
(66, '', '0_1375423265_Desert.jpg', '845941', 'image/jpeg', NULL, 'inoerp', '02-08-2013 06:01:06', 'inoerp', '02-08-2013 06:01:06'),
(67, '', '0_1375423374_Desert.jpg', '845941', 'image/jpeg', NULL, 'inoerp', '02-08-2013 06:02:54', 'inoerp', '02-08-2013 06:02:54'),
(68, '', '0_1375423398_Koala.jpg', '780831', 'image/jpeg', NULL, 'inoerp', '02-08-2013 06:03:18', 'inoerp', '02-08-2013 06:03:18'),
(69, '', '0_1375423531_Chrysanthemum.jpg', '879394', 'image/jpeg', NULL, 'inoerp', '02-08-2013 06:05:31', 'inoerp', '02-08-2013 06:05:31'),
(70, '', '0_1375423554_Penguins.jpg', '777835', 'image/jpeg', NULL, 'inoerp', '02-08-2013 06:05:54', 'inoerp', '02-08-2013 06:05:54'),
(71, '', '0_1375425234_Desert.jpg', '845941', 'image/jpeg', NULL, 'inoerp', '02-08-2013 06:33:54', 'inoerp', '02-08-2013 06:33:54'),
(72, '', '0_1375425251_Koala.jpg', '780831', 'image/jpeg', NULL, 'inoerp', '02-08-2013 06:34:11', 'inoerp', '02-08-2013 06:34:11'),
(73, '', '0_1375426373_Chrysanthemum.jpg', '879394', 'image/jpeg', NULL, 'inoerp', '02-08-2013 06:52:53', 'inoerp', '02-08-2013 06:52:53'),
(74, '', '0_1375426402_Koala.jpg', '780831', 'image/jpeg', NULL, 'inoerp', '02-08-2013 06:53:22', 'inoerp', '02-08-2013 06:53:22'),
(75, '', '0_1375426484_Chrysanthemum.jpg', '879394', 'image/jpeg', NULL, 'inoerp', '02-08-2013 06:54:44', 'inoerp', '02-08-2013 06:54:44'),
(76, '', '0_1375426771_Desert.jpg', '845941', 'image/jpeg', NULL, 'inoerp', '02-08-2013 06:59:32', 'inoerp', '02-08-2013 06:59:32'),
(77, '', '0_1375426786_Hydrangeas.jpg', '595284', 'image/jpeg', NULL, 'inoerp', '02-08-2013 06:59:46', 'inoerp', '02-08-2013 06:59:46'),
(78, '', '0_1375426861_Lighthouse.jpg', '561276', 'image/jpeg', NULL, 'inoerp', '02-08-2013 07:01:01', 'inoerp', '02-08-2013 07:01:01'),
(79, '', '0_1375426966_Chrysanthemum.jpg', '879394', 'image/jpeg', NULL, 'inoerp', '02-08-2013 07:02:46', 'inoerp', '02-08-2013 07:02:46'),
(80, '', '0_1375427041_Koala.jpg', '780831', 'image/jpeg', NULL, 'inoerp', '02-08-2013 07:04:02', 'inoerp', '02-08-2013 07:04:02'),
(81, '', '0_1375428210_Lighthouse.jpg', '561276', 'image/jpeg', NULL, 'inoerp', '02-08-2013 07:23:30', 'inoerp', '02-08-2013 07:23:30'),
(82, '', '1_1375428210_Penguins.jpg', '777835', 'image/jpeg', NULL, 'inoerp', '02-08-2013 07:23:30', 'inoerp', '02-08-2013 07:23:30'),
(83, '', '2_1375428210_Tulips.jpg', '620888', 'image/jpeg', NULL, 'inoerp', '02-08-2013 07:23:30', 'inoerp', '02-08-2013 07:23:30'),
(84, '', '0_1375428805_Chrysanthemum.jpg', '879394', 'image/jpeg', NULL, 'inoerp', '02-08-2013 07:33:25', 'inoerp', '02-08-2013 07:33:25'),
(85, '', '0_1375429397_Lighthouse.jpg', '561276', 'image/jpeg', NULL, 'inoerp', '02-08-2013 07:43:17', 'inoerp', '02-08-2013 07:43:17'),
(86, '', '0_1375429425_Koala.jpg', '780831', 'image/jpeg', NULL, 'inoerp', '02-08-2013 07:43:45', 'inoerp', '02-08-2013 07:43:45'),
(87, '', '0_1375429685_Desert.jpg', '845941', 'image/jpeg', NULL, 'inoerp', '02-08-2013 07:48:05', 'inoerp', '02-08-2013 07:48:05'),
(88, '', '0_1375429739_Chrysanthemum.jpg', '879394', 'image/jpeg', NULL, 'inoerp', '02-08-2013 07:48:59', 'inoerp', '02-08-2013 07:48:59'),
(89, '', '0_1375429922_Desert.jpg', '845941', 'image/jpeg', NULL, 'inoerp', '02-08-2013 07:52:02', 'inoerp', '02-08-2013 07:52:02'),
(90, '', '0_1375429944_Hydrangeas.jpg', '595284', 'image/jpeg', NULL, 'inoerp', '02-08-2013 07:52:24', 'inoerp', '02-08-2013 07:52:24'),
(91, '', '0_1375430178_Lighthouse.jpg', '561276', 'image/jpeg', NULL, 'inoerp', '02-08-2013 07:56:18', 'inoerp', '02-08-2013 07:56:18'),
(92, '', '0_1375430792_Chrysanthemum.jpg', '879394', 'image/jpeg', NULL, 'inoerp', '02-08-2013 08:06:32', 'inoerp', '02-08-2013 08:06:32'),
(93, '', '0_1375430898_Desert.jpg', '845941', 'image/jpeg', NULL, 'inoerp', '02-08-2013 08:08:18', 'inoerp', '02-08-2013 08:08:18'),
(94, '', '0_1375430975_Hydrangeas.jpg', '595284', 'image/jpeg', NULL, 'inoerp', '02-08-2013 08:09:35', 'inoerp', '02-08-2013 08:09:35'),
(95, '', '0_1375430990_Lighthouse.jpg', '561276', 'image/jpeg', NULL, 'inoerp', '02-08-2013 08:09:50', 'inoerp', '02-08-2013 08:09:50'),
(96, '', '0_1375431025_Jellyfish.jpg', '775702', 'image/jpeg', NULL, 'inoerp', '02-08-2013 08:10:25', 'inoerp', '02-08-2013 08:10:25'),
(97, '', '0_1375433316_Chrysanthemum.jpg', '879394', 'image/jpeg', NULL, 'inoerp', '02-08-2013 08:48:36', 'inoerp', '02-08-2013 08:48:36'),
(98, '', '0_1375433331_Lighthouse.jpg', '561276', 'image/jpeg', NULL, 'inoerp', '02-08-2013 08:48:51', 'inoerp', '02-08-2013 08:48:51'),
(99, '', '0_1375433466_Jellyfish.jpg', '775702', 'image/jpeg', NULL, 'inoerp', '02-08-2013 08:51:06', 'inoerp', '02-08-2013 08:51:06'),
(100, '', '0_1375433525_Chrysanthemum.jpg', '879394', 'image/jpeg', NULL, 'inoerp', '02-08-2013 08:52:05', 'inoerp', '02-08-2013 08:52:05'),
(101, '', '0_1375433885_Desert.jpg', '845941', 'image/jpeg', NULL, 'inoerp', '02-08-2013 08:58:05', 'inoerp', '02-08-2013 08:58:05'),
(102, '', '0_1375433927_Chrysanthemum.jpg', '879394', 'image/jpeg', NULL, 'inoerp', '02-08-2013 08:58:47', 'inoerp', '02-08-2013 08:58:47'),
(103, '', '0_1375433946_Lighthouse.jpg', '561276', 'image/jpeg', NULL, 'inoerp', '02-08-2013 08:59:06', 'inoerp', '02-08-2013 08:59:06'),
(104, '', '0_1375434394_Lighthouse.jpg', '561276', 'image/jpeg', NULL, 'inoerp', '02-08-2013 09:06:34', 'inoerp', '02-08-2013 09:06:34'),
(105, '', '0_1375434518_Hydrangeas.jpg', '595284', 'image/jpeg', NULL, 'inoerp', '02-08-2013 09:08:38', 'inoerp', '02-08-2013 09:08:38'),
(106, '', '0_1375434878_Chrysanthemum.jpg', '879394', 'image/jpeg', NULL, 'inoerp', '02-08-2013 09:14:38', 'inoerp', '02-08-2013 09:14:38'),
(107, '', '0_1375434962_Penguins.jpg', '777835', 'image/jpeg', NULL, 'inoerp', '02-08-2013 09:16:02', 'inoerp', '02-08-2013 09:16:02'),
(108, '', '0_1375435004_Penguins.jpg', '777835', 'image/jpeg', NULL, 'inoerp', '02-08-2013 09:16:44', 'inoerp', '02-08-2013 09:16:44'),
(109, '', '0_1375435857_Chrysanthemum.jpg', '879394', 'image/jpeg', NULL, 'inoerp', '02-08-2013 09:30:57', 'inoerp', '02-08-2013 09:30:57'),
(110, '', '0_1375436075_Chrysanthemum.jpg', '879394', 'image/jpeg', NULL, 'inoerp', '02-08-2013 09:34:35', 'inoerp', '02-08-2013 09:34:35'),
(111, '', '0_1375436850_Penguins.jpg', '777835', 'image/jpeg', NULL, 'inoerp', '02-08-2013 09:47:35', 'inoerp', '02-08-2013 09:47:35'),
(112, '', '0_1375437642_Desert.jpg', '845941', 'image/jpeg', NULL, 'inoerp', '02-08-2013 10:00:43', 'inoerp', '02-08-2013 10:00:43'),
(113, '', '0_1375438017_Penguins.jpg', '777835', 'image/jpeg', NULL, 'inoerp', '02-08-2013 10:06:57', 'inoerp', '02-08-2013 10:06:57'),
(114, '', '0_1375438548_Koala.jpg', '780831', 'image/jpeg', NULL, 'inoerp', '02-08-2013 10:15:48', 'inoerp', '02-08-2013 10:15:48'),
(115, '', '0_1375441123_Desert.jpg', '845941', 'image/jpeg', NULL, 'inoerp', '02-08-2013 10:58:43', 'inoerp', '02-08-2013 10:58:43'),
(116, '', '0_1375441144_Tulips.jpg', '620888', 'image/jpeg', NULL, 'inoerp', '02-08-2013 10:59:04', 'inoerp', '02-08-2013 10:59:04'),
(117, '', '0_1375441495_Tulips.jpg', '620888', 'image/jpeg', NULL, 'inoerp', '02-08-2013 11:04:55', 'inoerp', '02-08-2013 11:04:55'),
(118, '', '0_1375442703_Lighthouse.jpg', '561276', 'image/jpeg', NULL, 'inoerp', '02-08-2013 11:25:03', 'inoerp', '02-08-2013 11:25:03'),
(119, '', '0_1375442744_Chrysanthemum.jpg', '879394', 'image/jpeg', NULL, 'inoerp', '02-08-2013 11:25:45', 'inoerp', '02-08-2013 11:25:45'),
(120, '', '1_1375442745_Koala.jpg', '780831', 'image/jpeg', NULL, 'inoerp', '02-08-2013 11:25:45', 'inoerp', '02-08-2013 11:25:45'),
(121, '', '0_1375442924_dsfffffffffffffffffffffffffffffffffff', '879394', 'image/jpeg', NULL, 'inoerp', '02-08-2013 11:28:44', 'inoerp', '02-08-2013 11:28:44'),
(122, '', '0_1375443998_Desert.jpg', '845941', 'image/jpeg', NULL, 'inoerp', '02-08-2013 11:46:38', 'inoerp', '02-08-2013 11:46:38'),
(123, '', '1_1375443998_dsfffffffffffffffffffffffffffffffffff', '879394', 'image/jpeg', NULL, 'inoerp', '02-08-2013 11:46:38', 'inoerp', '02-08-2013 11:46:38'),
(124, '', '2_1375443998_Hydrangeas.jpg', '595284', 'image/jpeg', NULL, 'inoerp', '02-08-2013 11:46:38', 'inoerp', '02-08-2013 11:46:38'),
(125, '', '3_1375443999_Jellyfish.jpg', '775702', 'image/jpeg', NULL, 'inoerp', '02-08-2013 11:46:39', 'inoerp', '02-08-2013 11:46:39'),
(126, '', '4_1375443999_Koala.jpg', '780831', 'image/jpeg', NULL, 'inoerp', '02-08-2013 11:46:39', 'inoerp', '02-08-2013 11:46:39'),
(127, '', '5_1375443999_Lighthouse.jpg', '561276', 'image/jpeg', NULL, 'inoerp', '02-08-2013 11:46:39', 'inoerp', '02-08-2013 11:46:39'),
(128, '', '6_1375443999_Penguins.jpg', '777835', 'image/jpeg', NULL, 'inoerp', '02-08-2013 11:46:39', 'inoerp', '02-08-2013 11:46:39'),
(129, '', '0_1375444207_Desert.jpg', '845941', 'image/jpeg', NULL, 'inoerp', '02-08-2013 11:50:08', 'inoerp', '02-08-2013 11:50:08'),
(130, '', '0_1375444272_Desert.jpg', '845941', 'image/jpeg', NULL, 'inoerp', '02-08-2013 11:51:23', 'inoerp', '02-08-2013 11:51:23'),
(131, '', '1_1375444286_Koala.jpg', '780831', 'image/jpeg', NULL, 'inoerp', '02-08-2013 11:51:26', 'inoerp', '02-08-2013 11:51:26'),
(132, '', '0_1375444347_Desert.jpg', '845941', 'image/jpeg', NULL, 'inoerp', '02-08-2013 11:52:27', 'inoerp', '02-08-2013 11:52:27'),
(133, '', '1_1375444347_dsfffffffffffffffffffffffffffffffffff', '879394', 'image/jpeg', NULL, 'inoerp', '02-08-2013 11:52:27', 'inoerp', '02-08-2013 11:52:27'),
(134, '', '2_1375444347_Hydrangeas.jpg', '595284', 'image/jpeg', NULL, 'inoerp', '02-08-2013 11:52:27', 'inoerp', '02-08-2013 11:52:27'),
(135, '', '3_1375444347_Jellyfish.jpg', '775702', 'image/jpeg', NULL, 'inoerp', '02-08-2013 11:52:27', 'inoerp', '02-08-2013 11:52:27'),
(136, '', '4_1375444347_Koala.jpg', '780831', 'image/jpeg', NULL, 'inoerp', '02-08-2013 11:52:27', 'inoerp', '02-08-2013 11:52:27'),
(137, '', '5_1375444347_Lighthouse.jpg', '561276', 'image/jpeg', NULL, 'inoerp', '02-08-2013 11:52:27', 'inoerp', '02-08-2013 11:52:27'),
(138, '', '6_1375444347_Penguins.jpg', '777835', 'image/jpeg', NULL, 'inoerp', '02-08-2013 11:52:27', 'inoerp', '02-08-2013 11:52:27'),
(139, '', '7_1375444347_Tulips.jpg', '620888', 'image/jpeg', NULL, 'inoerp', '02-08-2013 11:52:27', 'inoerp', '02-08-2013 11:52:27'),
(140, '', '0_1375449564_Desert.jpg', '845941', 'image/jpeg', NULL, 'inoerp', '02-08-2013 13:19:24', 'inoerp', '02-08-2013 13:19:24'),
(141, '', '0_1375453437_Desert.jpg', '845941', 'image/jpeg', NULL, 'inoerp', '02-08-2013 14:23:57', 'inoerp', '02-08-2013 14:23:57'),
(142, '', '0_1375453475_Lighthouse.jpg', '561276', 'image/jpeg', NULL, 'inoerp', '02-08-2013 14:24:35', 'inoerp', '02-08-2013 14:24:35'),
(143, '', '1_1375453475_Penguins.jpg', '777835', 'image/jpeg', NULL, 'inoerp', '02-08-2013 14:24:35', 'inoerp', '02-08-2013 14:24:35'),
(144, '', '0_1375456342_Koala.jpg', '780831', 'image/jpeg', NULL, 'inoerp', '02-08-2013 15:12:22', 'inoerp', '02-08-2013 15:12:22'),
(145, '', '0_1375456439_Koala.jpg', '780831', 'image/jpeg', NULL, 'inoerp', '02-08-2013 15:13:59', 'inoerp', '02-08-2013 15:13:59'),
(146, '', '1_1375456439_Lighthouse.jpg', '561276', 'image/jpeg', NULL, 'inoerp', '02-08-2013 15:13:59', 'inoerp', '02-08-2013 15:13:59'),
(147, '', '0_1375457096_Desert.jpg', '845941', 'image/jpeg', NULL, 'inoerp', '02-08-2013 15:24:56', 'inoerp', '02-08-2013 15:24:56'),
(148, '', '0_1375458008_Koala.jpg', '780831', 'image/jpeg', NULL, 'inoerp', '02-08-2013 15:40:08', 'inoerp', '02-08-2013 15:40:08'),
(149, '', '0_1375458259_Desert.jpg', '845941', 'image/jpeg', NULL, 'inoerp', '02-08-2013 15:44:19', 'inoerp', '02-08-2013 15:44:19'),
(150, '', '0_1375504680_Desert.jpg', '845941', 'image/jpeg', NULL, 'inoerp', '03-08-2013 04:38:00', 'inoerp', '03-08-2013 04:38:00'),
(151, '', '0_1375504828_Koala.jpg', '780831', 'image/jpeg', NULL, 'inoerp', '03-08-2013 04:40:28', 'inoerp', '03-08-2013 04:40:28'),
(152, '', '0_1375505081_Lighthouse.jpg', '561276', 'image/jpeg', NULL, 'inoerp', '03-08-2013 04:44:41', 'inoerp', '03-08-2013 04:44:41'),
(153, '', '0_1375505190_Desert.jpg', '845941', 'image/jpeg', NULL, 'inoerp', '03-08-2013 04:46:30', 'inoerp', '03-08-2013 04:46:30'),
(154, '', '0_1375505316_Lighthouse.jpg', '561276', 'image/jpeg', NULL, 'inoerp', '03-08-2013 04:48:36', 'inoerp', '03-08-2013 04:48:36'),
(155, '', '0_1375505481_Desert.jpg', '845941', 'image/jpeg', NULL, 'inoerp', '03-08-2013 04:51:21', 'inoerp', '03-08-2013 04:51:21'),
(156, '', '0_1375505577_Hydrangeas.jpg', '595284', 'image/jpeg', NULL, 'inoerp', '03-08-2013 04:52:57', 'inoerp', '03-08-2013 04:52:57'),
(157, '', '0_1375510277_Koala.jpg', '780831', 'image/jpeg', NULL, 'inoerp', '03-08-2013 06:11:17', 'inoerp', '03-08-2013 06:11:17'),
(158, '', '0_1375511228_Koala.jpg', '780831', 'image/jpeg', NULL, 'inoerp', '03-08-2013 06:27:08', 'inoerp', '03-08-2013 06:27:08'),
(159, '', '0_1375511800_Koala.jpg', '780831', 'image/jpeg', NULL, 'inoerp', '03-08-2013 06:36:40', 'inoerp', '03-08-2013 06:36:40'),
(160, '', '0_1375512400_Koala.jpg', '780831', 'image/jpeg', NULL, 'inoerp', '03-08-2013 06:46:40', 'inoerp', '03-08-2013 06:46:40'),
(161, '', '0_1375512682_Desert.jpg', '845941', 'image/jpeg', NULL, 'inoerp', '03-08-2013 06:51:22', 'inoerp', '03-08-2013 06:51:22'),
(162, '', '0_1375516074_Desert.jpg', '845941', 'image/jpeg', NULL, 'inoerp', '03-08-2013 07:47:54', 'inoerp', '03-08-2013 07:47:54'),
(163, '', '0_1375516768_Desert.jpg', '845941', 'image/jpeg', NULL, 'inoerp', '03-08-2013 07:59:28', 'inoerp', '03-08-2013 07:59:28'),
(164, '', '0_1375517049_Koala.jpg', '780831', 'image/jpeg', NULL, 'inoerp', '03-08-2013 08:04:09', 'inoerp', '03-08-2013 08:04:09'),
(165, '', '0_1375517082_Koala.jpg', '780831', 'image/jpeg', NULL, 'inoerp', '03-08-2013 08:04:42', 'inoerp', '03-08-2013 08:04:42'),
(166, '', '0_1375517128_Desert.jpg', '845941', 'image/jpeg', NULL, 'inoerp', '03-08-2013 08:05:28', 'inoerp', '03-08-2013 08:05:28'),
(167, '/home/inoideas/public_html/inoerp/files/', '0_1375521297_Koala.jpg', '780831', 'image/jpeg', NULL, 'inoerp', '03-08-2013 09:14:57', 'inoerp', '03-08-2013 09:14:57'),
(168, '/home/inoideas/public_html/inoerp/files/', '0_1375524432_Desert.jpg', '845941', 'image/jpeg', NULL, 'inoerp', '03-08-2013 10:07:12', 'inoerp', '03-08-2013 10:07:12'),
(169, '/home/inoideas/public_html/inoerp/files/', '0_1375524506_Lighthouse.jpg', '561276', 'image/jpeg', NULL, 'inoerp', '03-08-2013 10:08:26', 'inoerp', '03-08-2013 10:08:26'),
(170, '/home/inoideas/public_html/inoerp/files/', '0_1375524555_Penguins.jpg', '777835', 'image/jpeg', NULL, 'inoerp', '03-08-2013 10:09:15', 'inoerp', '03-08-2013 10:09:15'),
(171, '/home/inoideas/public_html/inoerp/files/', '0_1375524663_Desert.jpg', '845941', 'image/jpeg', NULL, 'inoerp', '03-08-2013 10:11:03', 'inoerp', '03-08-2013 10:11:03'),
(172, '/home/inoideas/public_html/inoerp/files/', '0_1375524734_Lighthouse.jpg', '561276', 'image/jpeg', NULL, 'inoerp', '03-08-2013 10:12:14', 'inoerp', '03-08-2013 10:12:14'),
(173, 'files/', '0_1375524817_Desert.jpg', '845941', 'image/jpeg', NULL, 'inoerp', '03-08-2013 10:13:37', 'inoerp', '03-08-2013 10:13:37'),
(174, 'files/', '0_1375524870_Hydrangeas.jpg', '595284', 'image/jpeg', NULL, 'inoerp', '03-08-2013 10:14:30', 'inoerp', '03-08-2013 10:14:30'),
(175, 'files/', '0_1375524984_Koala.jpg', '780831', 'image/jpeg', NULL, 'inoerp', '03-08-2013 10:16:25', 'inoerp', '03-08-2013 10:16:25'),
(176, 'files/', '0_1375525897_New Text Document.txt', '5', 'text/plain', NULL, 'inoerp', '03-08-2013 10:31:37', 'inoerp', '03-08-2013 10:31:37'),
(177, 'files/', '0_1375526465_New Text Document.txt', '5', 'text/plain', NULL, 'inoerp', '03-08-2013 10:41:05', 'inoerp', '03-08-2013 10:41:05'),
(178, 'files/', '0_1375527048_New_Text_Document33.txt', '5', 'text/plain', NULL, 'inoerp', '03-08-2013 10:50:48', 'inoerp', '03-08-2013 10:50:48'),
(179, 'files/', '0_1375527586_Asfrsdf.pdf', '81953', 'application/pdf', NULL, 'inoerp', '03-08-2013 10:59:46', 'inoerp', '03-08-2013 10:59:46'),
(180, 'files/', '0_1375527667_New_Text_Document33.txt', '5', 'text/plain', NULL, 'inoerp', '03-08-2013 11:01:07', 'inoerp', '03-08-2013 11:01:07'),
(181, 'files/', '0_1375528786_Jellyfish.jpg', '775702', 'image/jpeg', NULL, 'inoerp', '03-08-2013 11:19:46', 'inoerp', '03-08-2013 11:19:46'),
(182, 'files/', '0_1375529057_Desert.jpg', '845941', 'image/jpeg', NULL, 'inoerp', '03-08-2013 11:24:18', 'inoerp', '03-08-2013 11:24:18'),
(183, 'files/', '0_1375529172_Desert.jpg', '845941', 'image/jpeg', NULL, 'inoerp', '03-08-2013 11:26:12', 'inoerp', '03-08-2013 11:26:12'),
(184, 'files/', '0_1375529357_Tulips.jpg', '620888', 'image/jpeg', NULL, 'inoerp', '03-08-2013 11:29:17', 'inoerp', '03-08-2013 11:29:17'),
(185, 'files/', '0_1375530748_Desert.jpg', '845941', 'image/jpeg', NULL, 'inoerp', '03-08-2013 11:52:28', 'inoerp', '03-08-2013 11:52:28'),
(186, 'files/', '0_1375530776_New_Text_Document33.txt', '5', 'text/plain', NULL, 'inoerp', '03-08-2013 11:52:56', 'inoerp', '03-08-2013 11:52:56'),
(187, 'files/', '1_1375530776_onhand.pdf', '21386', 'application/pdf', NULL, 'inoerp', '03-08-2013 11:52:56', 'inoerp', '03-08-2013 11:52:56'),
(188, 'files/', '0_1375547590_Book1.xlsx', '8762', 'application/vnd.openxmlformats-officedocument.spre', NULL, 'inoerp', '03-08-2013 16:33:10', 'inoerp', '03-08-2013 16:33:10'),
(189, 'files/', '0_1375588147_Desert.jpg', '845941', 'image/jpeg', NULL, 'inoerp', '04-08-2013 03:49:07', 'inoerp', '04-08-2013 03:49:07'),
(190, 'files/', '0_1375589403_Desert.jpg', '845941', 'image/jpeg', NULL, 'inoerp', '04-08-2013 04:10:03', 'inoerp', '04-08-2013 04:10:03'),
(191, 'files/', '0_1375589420_New_Text_Document33.txt', '5', 'text/plain', NULL, 'inoerp', '04-08-2013 04:10:20', 'inoerp', '04-08-2013 04:10:20'),
(192, 'files/', '0_1375589524_New_Text_Document33.txt', '5', 'text/plain', NULL, 'inoerp', '04-08-2013 04:12:04', 'inoerp', '04-08-2013 04:12:04'),
(193, 'files/', '0_1375590018_New_Text_Document33.txt', '5', 'text/plain', NULL, 'inoerp', '04-08-2013 04:20:18', 'inoerp', '04-08-2013 04:20:18'),
(194, 'files/', '0_1375590419_New_Text_Document33.txt', '5', 'text/plain', NULL, 'inoerp', '04-08-2013 04:26:59', 'inoerp', '04-08-2013 04:26:59'),
(195, 'files/', '0_1375590718_New_Text_Document33.txt', '5', 'text/plain', NULL, 'inoerp', '04-08-2013 04:31:58', 'inoerp', '04-08-2013 04:31:58'),
(196, 'files/', '0_1375590845_New_Text_Document33.txt', '5', 'text/plain', NULL, 'inoerp', '04-08-2013 04:34:05', 'inoerp', '04-08-2013 04:34:05'),
(197, 'files/', '0_1375609228_New_Text_Document33.txt', '5', 'text/plain', NULL, 'inoerp', '04-08-2013 09:40:28', 'inoerp', '04-08-2013 09:40:28'),
(198, 'files/', '0_1375765722_New_Text_Document33.txt', '5', 'text/plain', NULL, 'inoerp', '06-08-2013 05:08:42', 'inoerp', '06-08-2013 05:08:42'),
(199, 'files/', '0_1375765983_New_Text_Document33.txt', '5', 'text/plain', NULL, 'inoerp', '06-08-2013 05:13:03', 'inoerp', '06-08-2013 05:13:03'),
(200, 'files/', '0_1375766832_New_Text_Document33.txt', '5', 'text/plain', NULL, 'inoerp', '06-08-2013 05:27:12', 'inoerp', '06-08-2013 05:27:12'),
(201, 'files/', '0_1375766890_onhand.pdf', '21386', 'application/pdf', NULL, 'inoerp', '06-08-2013 05:28:10', 'inoerp', '06-08-2013 05:28:10'),
(202, 'files/', '0_1375788895_New_Text_Document33.txt', '5', 'text/plain', NULL, 'inoerp', '06-08-2013 11:34:55', 'inoerp', '06-08-2013 11:34:55'),
(203, 'files/', '0_1375797599_onhand.pdf', '21386', 'application/pdf', NULL, 'inoerp', '06-08-2013 13:59:59', 'inoerp', '06-08-2013 13:59:59'),
(204, 'files/', '0_1375799036_New_Text_Document33.txt', '5', 'text/plain', NULL, 'inoerp', '06-08-2013 14:23:56', 'inoerp', '06-08-2013 14:23:56'),
(205, 'files/', '0_1375799219_old.txt', '5', 'text/plain', NULL, 'inoerp', '06-08-2013 14:26:59', 'inoerp', '06-08-2013 14:26:59'),
(206, 'files/', '0_1375799654_old.txt', '5', 'text/plain', NULL, 'inoerp', '06-08-2013 14:34:14', 'inoerp', '06-08-2013 14:34:14'),
(207, 'files/', '0_1375799773_old.txt', '5', 'text/plain', NULL, 'inoerp', '06-08-2013 14:36:13', 'inoerp', '06-08-2013 14:36:13'),
(208, 'files/', '0_1375799878_old.txt', '5', 'text/plain', NULL, 'inoerp', '06-08-2013 14:37:58', 'inoerp', '06-08-2013 14:37:58'),
(209, 'files/', '0_1375799970_old.txt', '5', 'text/plain', NULL, 'inoerp', '06-08-2013 14:39:30', 'inoerp', '06-08-2013 14:39:30'),
(210, 'files/', '0_1375800251_old.txt', '5', 'text/plain', NULL, 'inoerp', '06-08-2013 14:44:11', 'inoerp', '06-08-2013 14:44:11'),
(211, 'files/', '0_1375835166_old.txt', '5', 'text/plain', NULL, 'inoerp', '07-08-2013 00:26:06', 'inoerp', '07-08-2013 00:26:06'),
(212, 'files/', '0_1375837299_onhand.pdf', '21386', 'application/pdf', NULL, 'inoerp', '07-08-2013 01:01:39', 'inoerp', '07-08-2013 01:01:39'),
(213, 'files/', '0_1375837882_onhand.pdf', '21386', 'application/pdf', NULL, 'inoerp', '07-08-2013 01:11:22', 'inoerp', '07-08-2013 01:11:22'),
(214, 'files/', '0_1375838021_onhand.pdf', '21386', 'application/pdf', NULL, 'inoerp', '07-08-2013 01:13:41', 'inoerp', '07-08-2013 01:13:41'),
(215, 'files/', '0_1375839322_onhand.pdf', '21386', 'application/pdf', NULL, 'inoerp', '07-08-2013 01:35:22', 'inoerp', '07-08-2013 01:35:22'),
(216, 'files/', '0_1375839564_Asfrsdf.pdf', '81953', 'application/pdf', NULL, 'inoerp', '07-08-2013 01:39:24', 'inoerp', '07-08-2013 01:39:24'),
(217, 'files/', '0_1375839614_Asfrsdf.pdf', '81953', 'application/pdf', NULL, 'inoerp', '07-08-2013 01:40:14', 'inoerp', '07-08-2013 01:40:14'),
(218, 'files/', '0_1375839730_Asfrsdf.pdf', '81953', 'application/pdf', NULL, 'inoerp', '07-08-2013 01:42:10', 'inoerp', '07-08-2013 01:42:10'),
(219, 'files/', '0_1375839866_Asfrsdf.pdf', '81953', 'application/pdf', NULL, 'inoerp', '07-08-2013 01:44:26', 'inoerp', '07-08-2013 01:44:26'),
(220, 'files/', '0_1375839962_Asfrsdf.pdf', '81953', 'application/pdf', NULL, 'inoerp', '07-08-2013 01:46:02', 'inoerp', '07-08-2013 01:46:02'),
(221, 'files/', '0_1375842787_old.txt', '5', 'text/plain', NULL, 'inoerp', '07-08-2013 02:33:07', 'inoerp', '07-08-2013 02:33:07'),
(222, 'files/', '0_1375843184_old.txt', '5', 'text/plain', NULL, 'inoerp', '07-08-2013 02:39:44', 'inoerp', '07-08-2013 02:39:44'),
(223, 'files/', '0_1375843224_Desert.jpg', '845941', 'image/jpeg', NULL, 'inoerp', '07-08-2013 02:40:24', 'inoerp', '07-08-2013 02:40:24'),
(224, 'files/', '0_1375843783_Jellyfish.jpg', '775702', 'image/jpeg', NULL, 'inoerp', '07-08-2013 02:49:43', 'inoerp', '07-08-2013 02:49:43'),
(225, 'files/', '0_1375844253_Desert.jpg', '845941', 'image/jpeg', NULL, 'inoerp', '07-08-2013 02:57:33', 'inoerp', '07-08-2013 02:57:33'),
(226, 'files/', '0_1375844380_Desert.jpg', '845941', 'image/jpeg', NULL, 'inoerp', '07-08-2013 02:59:40', 'inoerp', '07-08-2013 02:59:40'),
(227, 'files/', '0_1375844618_Hydrangeas.jpg', '595284', 'image/jpeg', NULL, 'inoerp', '07-08-2013 03:03:38', 'inoerp', '07-08-2013 03:03:38'),
(228, 'files/', '0_1375844983_Desert.jpg', '845941', 'image/jpeg', NULL, 'inoerp', '07-08-2013 03:09:43', 'inoerp', '07-08-2013 03:09:43'),
(229, 'files/', '0_1375845004_Jellyfish.jpg', '775702', 'image/jpeg', NULL, 'inoerp', '07-08-2013 03:10:04', 'inoerp', '07-08-2013 03:10:04'),
(230, 'files/', '0_1375845359_Desert.jpg', '845941', 'image/jpeg', NULL, 'inoerp', '07-08-2013 03:15:59', 'inoerp', '07-08-2013 03:15:59'),
(231, 'files/', '0_1375845594_Desert.jpg', '845941', 'image/jpeg', NULL, 'inoerp', '07-08-2013 03:19:54', 'inoerp', '07-08-2013 03:19:54'),
(232, 'files/', '0_1375845835_Desert.jpg', '845941', 'image/jpeg', NULL, 'inoerp', '07-08-2013 03:23:55', 'inoerp', '07-08-2013 03:23:55'),
(233, 'files/', '0_1375846019_Desert.jpg', '845941', 'image/jpeg', NULL, 'inoerp', '07-08-2013 03:26:59', 'inoerp', '07-08-2013 03:26:59'),
(234, 'files/', '0_1375846104_Asfrsdf.pdf', '81953', 'application/pdf', NULL, 'inoerp', '07-08-2013 03:28:24', 'inoerp', '07-08-2013 03:28:24'),
(235, 'files/', '0_1375846988_old.txt', '5', 'text/plain', NULL, 'inoerp', '07-08-2013 03:43:08', 'inoerp', '07-08-2013 03:43:08'),
(236, 'files/', '0_1375847025_onhand.pdf', '21386', 'application/pdf', NULL, 'inoerp', '07-08-2013 03:43:45', 'inoerp', '07-08-2013 03:43:45'),
(237, 'files/', '0_1375849629_CNW2.png', '116566', 'image/png', NULL, 'inoerp', '07-08-2013 04:27:09', 'inoerp', '07-08-2013 04:27:09'),
(238, 'files/', '0_1375849653_Hydrangeas.jpg', '595284', 'image/jpeg', NULL, 'inoerp', '07-08-2013 04:27:33', 'inoerp', '07-08-2013 04:27:33'),
(239, 'files/', '0_1375849751_Desert.jpg', '845941', 'image/jpeg', NULL, 'inoerp', '07-08-2013 04:29:11', 'inoerp', '07-08-2013 04:29:11'),
(240, 'files/', '0_1375849910_Desert.jpg', '845941', 'image/jpeg', NULL, 'inoerp', '07-08-2013 04:31:50', 'inoerp', '07-08-2013 04:31:50'),
(241, 'files/', '0_1375849918_Jellyfish.jpg', '775702', 'image/jpeg', NULL, 'inoerp', '07-08-2013 04:31:58', 'inoerp', '07-08-2013 04:31:58'),
(242, 'files/', '0_1375850021_Desert.jpg', '845941', 'image/jpeg', NULL, 'inoerp', '07-08-2013 04:33:41', 'inoerp', '07-08-2013 04:33:41'),
(243, 'files/', '0_1375850091_Penguins.jpg', '777835', 'image/jpeg', NULL, 'inoerp', '07-08-2013 04:34:51', 'inoerp', '07-08-2013 04:34:51'),
(244, 'files/', '0_1375850302_Koala.jpg', '780831', 'image/jpeg', NULL, 'inoerp', '07-08-2013 04:38:22', 'inoerp', '07-08-2013 04:38:22'),
(245, 'files/', '0_1375850780_old.txt', '5', 'text/plain', NULL, 'inoerp', '07-08-2013 04:46:20', 'inoerp', '07-08-2013 04:46:20'),
(246, 'files/', '0_1375850788_old.txt', '5', 'text/plain', NULL, 'inoerp', '07-08-2013 04:46:28', 'inoerp', '07-08-2013 04:46:28'),
(247, 'files/', '0_1375851246_Presentation1.pptx', '350617', 'application/vnd.openxmlformats-officedocument.pres', NULL, 'inoerp', '07-08-2013 04:54:06', 'inoerp', '07-08-2013 04:54:06'),
(248, 'files/', '0_1375864144_CNW2.png', '116566', 'image/png', NULL, 'inoerp', '07-08-2013 08:29:04', 'inoerp', '07-08-2013 08:29:04'),
(249, 'files/', '0_1375870787_CNW2.png', '116566', 'image/png', NULL, 'inoerp', '07-08-2013 10:19:47', 'inoerp', '07-08-2013 10:19:47'),
(250, 'files/', '0_1375875871_CNW2.png', '116566', 'image/png', NULL, 'inoerp', '07-08-2013 11:44:31', 'inoerp', '07-08-2013 11:44:31'),
(251, 'files/', '0_1375972278_CNW.png', '652081', 'image/png', NULL, 'inoerp', '08-08-2013 14:31:18', 'inoerp', '08-08-2013 14:31:18'),
(252, 'files/', '0_1376053940_CNW2.png', '116566', 'image/png', NULL, 'inoerp', '09-08-2013 13:12:31', 'inoerp', '09-08-2013 13:12:31'),
(253, 'files/', '0_1376322955_CNW2.png', '116566', 'image/png', NULL, 'inoerp', '12-08-2013 15:55:55', 'inoerp', '12-08-2013 15:55:55'),
(254, 'files/', '0_1376563831_CNW2.png', '116566', 'image/png', NULL, 'inoerp', '15-08-2013 10:50:31', 'inoerp', '15-08-2013 10:50:31'),
(255, 'files/', '0_1377244126_old.txt', '5', 'text/plain', NULL, 'inoerp', '23-08-2013 07:48:46', 'inoerp', '23-08-2013 07:48:46'),
(256, 'files/', '0_1377244698_old.txt', '5', 'text/plain', NULL, 'inoerp', '23-08-2013 07:58:18', 'inoerp', '23-08-2013 07:58:18'),
(257, 'files/', '0_1377245079_old.txt', '5', 'text/plain', NULL, 'inoerp', '23-08-2013 08:04:39', 'inoerp', '23-08-2013 08:04:39'),
(258, 'files/', '0_1377245485_old.txt', '5', 'text/plain', NULL, 'inoerp', '23-08-2013 08:11:25', 'inoerp', '23-08-2013 08:11:25'),
(259, 'files/', '0_1377245536_old.txt', '5', 'text/plain', NULL, 'inoerp', '23-08-2013 08:12:16', 'inoerp', '23-08-2013 08:12:16'),
(260, 'files/', '0_1377323568_old.txt', '5', 'text/plain', NULL, 'inoerp', '24-08-2013 05:52:48', 'inoerp', '24-08-2013 05:52:48'),
(261, 'files/', '0_1379433502_images3.jpg', '17965', 'image/jpeg', NULL, 'inoerp', '17-09-2013 15:58:22', 'inoerp', '17-09-2013 15:58:22'),
(262, 'files/', '0_1380121066_images1.jpg', '9362', 'image/jpeg', NULL, 'inoerp', '25-09-2013 14:57:46', 'inoerp', '25-09-2013 14:57:46'),
(263, 'files/', '0_1381902824_test.txt', '17', 'text/plain', NULL, 'inoerp', '16-10-2013 05:53:44', 'inoerp', '16-10-2013 05:53:44'),
(264, 'files/', '0_1381903225_test.txt', '17', 'text/plain', NULL, 'inoerp', '16-10-2013 06:00:25', 'inoerp', '16-10-2013 06:00:25'),
(265, 'files/', '0_1381903894_test.txt', '17', 'text/plain', NULL, 'inoerp', '16-10-2013 06:11:34', 'inoerp', '16-10-2013 06:11:34'),
(266, 'files/', '0_1381904094_test.txt', '17', 'text/plain', NULL, 'inoerp', '16-10-2013 06:14:54', 'inoerp', '16-10-2013 06:14:54'),
(267, 'files/', '0_1381904256_test.txt', '17', 'text/plain', NULL, 'inoerp', '16-10-2013 06:17:36', 'inoerp', '16-10-2013 06:17:36'),
(268, 'files/', '0_1381905586_test.txt', '17', 'text/plain', NULL, 'inoerp', '16-10-2013 06:39:46', 'inoerp', '16-10-2013 06:39:46'),
(269, 'files/', '0_1381906205_test.txt', '17', 'text/plain', NULL, 'inoerp', '16-10-2013 06:50:05', 'inoerp', '16-10-2013 06:50:05'),
(270, 'files/', '0_1381906223_test.txt', '17', 'text/plain', NULL, 'inoerp', '16-10-2013 06:50:23', 'inoerp', '16-10-2013 06:50:23'),
(271, 'files/', '0_1381906246_test.txt', '17', 'text/plain', NULL, 'inoerp', '16-10-2013 06:50:46', 'inoerp', '16-10-2013 06:50:46'),
(272, 'files/', '0_1381906312_test.txt', '17', 'text/plain', NULL, 'inoerp', '16-10-2013 06:51:52', 'inoerp', '16-10-2013 06:51:52'),
(273, 'files/', '0_1381906413_test.txt', '17', 'text/plain', NULL, 'inoerp', '16-10-2013 06:53:33', 'inoerp', '16-10-2013 06:53:33'),
(274, 'files/', '0_1381906545_test.txt', '17', 'text/plain', NULL, 'inoerp', '16-10-2013 06:55:45', 'inoerp', '16-10-2013 06:55:45'),
(275, 'files/', '0_1381906707_test.txt', '17', 'text/plain', NULL, 'inoerp', '16-10-2013 06:58:27', 'inoerp', '16-10-2013 06:58:27'),
(276, 'files/', '0_1381906848_test.txt', '17', 'text/plain', NULL, 'inoerp', '16-10-2013 07:00:48', 'inoerp', '16-10-2013 07:00:48'),
(277, 'files/', '0_1381906982_test.txt', '17', 'text/plain', NULL, 'inoerp', '16-10-2013 07:03:02', 'inoerp', '16-10-2013 07:03:02'),
(278, 'files/', '0_1381907057_test.txt', '17', 'text/plain', NULL, 'inoerp', '16-10-2013 07:04:17', 'inoerp', '16-10-2013 07:04:17'),
(279, 'files/', '0_1381907102_test.txt', '17', 'text/plain', NULL, 'inoerp', '16-10-2013 07:05:02', 'inoerp', '16-10-2013 07:05:02'),
(280, 'files/', '0_1381907216_test.txt', '17', 'text/plain', NULL, 'inoerp', '16-10-2013 07:06:56', 'inoerp', '16-10-2013 07:06:56'),
(281, 'files/', '0_1381907354_test.txt', '17', 'text/plain', NULL, 'inoerp', '16-10-2013 07:09:14', 'inoerp', '16-10-2013 07:09:14'),
(282, 'files/', '0_1381907536_test.txt', '17', 'text/plain', NULL, 'inoerp', '16-10-2013 07:12:16', 'inoerp', '16-10-2013 07:12:16'),
(283, 'files/', '0_1381907654_test.txt', '17', 'text/plain', NULL, 'inoerp', '16-10-2013 07:14:14', 'inoerp', '16-10-2013 07:14:14'),
(284, 'files/', '0_1381907800_test.txt', '17', 'text/plain', NULL, 'inoerp', '16-10-2013 07:16:40', 'inoerp', '16-10-2013 07:16:40'),
(285, 'files/', '0_1381909412_test.txt', '17', 'text/plain', NULL, 'inoerp', '16-10-2013 07:43:32', 'inoerp', '16-10-2013 07:43:32'),
(286, 'files/', '0_1381909443_test.txt', '17', 'text/plain', NULL, 'inoerp', '16-10-2013 07:44:03', 'inoerp', '16-10-2013 07:44:03'),
(287, 'files/', '0_1381909779_test.txt', '17', 'text/plain', NULL, 'inoerp', '16-10-2013 07:49:39', 'inoerp', '16-10-2013 07:49:39'),
(288, 'files/', '0_1381909834_test.txt', '17', 'text/plain', NULL, 'inoerp', '16-10-2013 07:50:34', 'inoerp', '16-10-2013 07:50:34'),
(289, 'files/', '0_1381941305_test.txt', '17', 'text/plain', NULL, 'inoerp', '16-10-2013 16:35:05', 'inoerp', '16-10-2013 16:35:05'),
(290, 'files/', '0_1381985923_test.txt', '17', 'text/plain', NULL, 'inoerp', '17-10-2013 04:58:43', 'inoerp', '17-10-2013 04:58:43'),
(291, 'files/', '0_1381986016_test.txt', '17', 'text/plain', NULL, 'inoerp', '17-10-2013 05:00:16', 'inoerp', '17-10-2013 05:00:16'),
(292, 'files/', '0_1382006780_test.txt', '17', 'text/plain', NULL, 'inoerp', '17-10-2013 10:46:20', 'inoerp', '17-10-2013 10:46:20'),
(293, 'files/', '0_1382165541_images1.jpg', '9362', 'image/jpeg', NULL, 'inoerp', '19-10-2013 06:52:21', 'inoerp', '19-10-2013 06:52:21'),
(294, 'files/', '0_1382165552_images1.jpg', '9362', 'image/jpeg', NULL, 'inoerp', '19-10-2013 06:52:32', 'inoerp', '19-10-2013 06:52:32'),
(295, 'files/', '0_1383002677_New_Text_Document.txt', '27', 'text/plain', NULL, 'inoerp', '28-10-2013 23:24:37', 'inoerp', '28-10-2013 23:24:37');

-- --------------------------------------------------------

--
-- Table structure for table `file_reference`
--

CREATE TABLE IF NOT EXISTS `file_reference` (
  `file_reference_id` int(12) unsigned NOT NULL AUTO_INCREMENT,
  `file_id` int(12) NOT NULL,
  `reference_table` varchar(50) NOT NULL,
  `reference_id` int(12) NOT NULL,
  PRIMARY KEY (`file_reference_id`)
) ENGINE=MyISAM  DEFAULT CHARSET=latin1 AUTO_INCREMENT=57 ;

--
-- Dumping data for table `file_reference`
--

INSERT INTO `file_reference` (`file_reference_id`, `file_id`, `reference_table`, `reference_id`) VALUES
(1, 166, 'page', 43),
(2, 167, 'page', 44),
(3, 168, 'page', 45),
(4, 169, 'page', 45),
(5, 170, 'page', 46),
(6, 171, 'page', 46),
(7, 172, 'page', 47),
(8, 174, 'page', 48),
(9, 175, 'page', 49),
(10, 176, 'page', 50),
(11, 177, 'page', 51),
(12, 178, 'page', 52),
(13, 179, 'page', 53),
(14, 180, 'page', 53),
(15, 184, 'page', 53),
(16, 185, 'page', 2),
(17, 186, 'page', 2),
(18, 187, 'page', 2),
(19, 200, 'page', 1),
(20, 210, 'comment', 46),
(21, 211, 'page', 1),
(22, 212, 'page', 57),
(23, 219, 'page', 58),
(24, 222, 'page', 58),
(25, 235, 'comment', 50),
(26, 238, 'comment', 61),
(27, 239, 'comment', 62),
(28, 240, 'page', 59),
(29, 241, 'page', 59),
(30, 242, 'comment', 64),
(31, 243, 'comment', 65),
(32, 246, 'page', 58),
(33, 247, 'comment', 66),
(34, 249, 'comment', 71),
(35, 250, 'page', 60),
(36, 251, 'page', 1),
(37, 252, 'comment', 41),
(38, 254, 'content', 72),
(39, 256, 'page', 64),
(40, 257, 'comment', 94),
(41, 259, 'comment', 95),
(42, 261, 'page', 67),
(43, 262, 'comment', 56),
(44, 263, 'comment', 100),
(45, 267, 'supplier', 5),
(46, 268, 'supplier', 5),
(47, 283, 'supplier', 2),
(48, 284, 'supplier', 2),
(49, 285, 'supplier_site', 3),
(50, 286, 'supplier_site', 3),
(51, 288, 'supplier', 8),
(52, 289, 'supplier_bu', 2),
(53, 290, 'supplier_site', 23),
(54, 291, 'supplier_bu', 4),
(55, 292, 'supplier_bu', 1),
(56, 295, 'po_header', 2);

-- --------------------------------------------------------

--
-- Table structure for table `form`
--

CREATE TABLE IF NOT EXISTS `form` (
  `form_id` int(12) NOT NULL,
  `form` varchar(50) NOT NULL,
  `description` varchar(256) DEFAULT NULL,
  `submit_button` text,
  `action_link` varchar(256) DEFAULT NULL,
  `created_by` varchar(50) DEFAULT NULL,
  `creation_date` varchar(50) DEFAULT NULL,
  `last_update_by` varchar(50) NOT NULL,
  `last_update_date` varchar(50) NOT NULL,
  PRIMARY KEY (`form_id`)
) ENGINE=MyISAM DEFAULT CHARSET=latin1;

-- --------------------------------------------------------

--
-- Table structure for table `inventory`
--

CREATE TABLE IF NOT EXISTS `inventory` (
  `inventory_id` int(12) NOT NULL AUTO_INCREMENT,
  `org_id` int(12) NOT NULL,
  `type` varchar(25) NOT NULL,
  `code` varchar(25) NOT NULL,
  `item_master_cb` tinyint(1) DEFAULT NULL,
  `master_org` varchar(256) DEFAULT NULL,
  `calendar` varchar(25) DEFAULT NULL,
  `locator_control` varchar(50) DEFAULT NULL,
  `allow_negative_balance_cb` tinyint(1) DEFAULT NULL,
  `costing_org` varchar(25) NOT NULL,
  `costing_method` varchar(25) NOT NULL,
  `transfer_to_gl_cb` tinyint(1) DEFAULT NULL,
  `default_cost_group` varchar(25) DEFAULT NULL,
  `material_ac_id` int(12) NOT NULL,
  `material_oh_ac_id` int(12) DEFAULT NULL,
  `overhead_ac_id` int(12) DEFAULT NULL,
  `resource_ac_id` int(12) DEFAULT NULL,
  `expense_ac_id` int(12) DEFAULT NULL,
  `lot_uniqueness` varchar(50) DEFAULT NULL,
  `lot_generation` varchar(50) DEFAULT NULL,
  `lot_prefix` varchar(50) DEFAULT NULL,
  `lot_starting_number` varchar(50) DEFAULT NULL,
  `serial_uniqueness` varchar(50) DEFAULT NULL,
  `serial_generation` varchar(50) DEFAULT NULL,
  `serial_prefix` varchar(50) DEFAULT NULL,
  `serial_starting_number` varchar(50) DEFAULT NULL,
  `atp` varchar(50) DEFAULT NULL,
  `picking_rule` varchar(50) DEFAULT NULL,
  `sourcing_rule` varchar(50) DEFAULT NULL,
  `inter_org_ppv_ac_id` int(12) DEFAULT NULL,
  `inter_org_receivable_ac_id` int(12) DEFAULT NULL,
  `inter_org_payable_ac_id` int(12) DEFAULT NULL,
  `inter_org_intransit_ac_id` int(12) DEFAULT NULL,
  `inv_ap_accrual_ac_id` int(12) NOT NULL,
  `inv_ap_exp_accrual_ac_id` int(12) DEFAULT NULL,
  `inv_ppv_ac_id` int(12) DEFAULT NULL,
  `inv_ipv_ac_id` int(12) DEFAULT NULL,
  `sales_ac_id` int(12) NOT NULL,
  `cogs_ac_id` int(12) NOT NULL,
  `deferred_cogs_ac_id` int(12) DEFAULT NULL,
  `ef_id` int(12) DEFAULT NULL,
  `item_rev_enabled_cb` tinyint(1) DEFAULT NULL,
  `rev_start_number` varchar(25) DEFAULT NULL,
  `status` enum('enabled','disabled') DEFAULT NULL,
  `rev_enabled` enum('enabled','disabled') DEFAULT NULL,
  `rev_number` int(12) DEFAULT NULL,
  `created_by` varchar(50) DEFAULT NULL,
  `creation_date` varchar(50) DEFAULT NULL,
  `last_update_by` varchar(50) NOT NULL,
  `last_update_date` varchar(50) NOT NULL,
  PRIMARY KEY (`inventory_id`)
) ENGINE=InnoDB  DEFAULT CHARSET=latin1 AUTO_INCREMENT=3 ;

--
-- Dumping data for table `inventory`
--

INSERT INTO `inventory` (`inventory_id`, `org_id`, `type`, `code`, `item_master_cb`, `master_org`, `calendar`, `locator_control`, `allow_negative_balance_cb`, `costing_org`, `costing_method`, `transfer_to_gl_cb`, `default_cost_group`, `material_ac_id`, `material_oh_ac_id`, `overhead_ac_id`, `resource_ac_id`, `expense_ac_id`, `lot_uniqueness`, `lot_generation`, `lot_prefix`, `lot_starting_number`, `serial_uniqueness`, `serial_generation`, `serial_prefix`, `serial_starting_number`, `atp`, `picking_rule`, `sourcing_rule`, `inter_org_ppv_ac_id`, `inter_org_receivable_ac_id`, `inter_org_payable_ac_id`, `inter_org_intransit_ac_id`, `inv_ap_accrual_ac_id`, `inv_ap_exp_accrual_ac_id`, `inv_ppv_ac_id`, `inv_ipv_ac_id`, `sales_ac_id`, `cogs_ac_id`, `deferred_cogs_ac_id`, `ef_id`, `item_rev_enabled_cb`, `rev_start_number`, `status`, `rev_enabled`, `rev_number`, `created_by`, `creation_date`, `last_update_by`, `last_update_date`) VALUES
(1, 7, 'MASTER', 'MAS', 1, 'MAS', '										 										 			', '', 0, 'MAS', 'Standard', 0, '', 20, 0, 0, 0, 0, '', '', '										 										 										 										 						', '										 										 										 										 						', '', '', '										 										 										 										 						', '										 										 										 										 						', '', '', '', 0, 0, 0, 0, 21, 0, 0, 0, 22, 23, 24, 0, 1, '', '', 'enabled', 0, 'inoerp', '2013-09-28 17:08:02', 'inoerp', '2013-09-28 17:08:02'),
(2, 6, 'MFG', 'MUM', 0, 'MAS', '										 										 			', '', 1, 'INO_IO01', 'Standard', 0, '', 20, 0, 0, 0, 0, '', '', '										 										 										 										 						', '										 										 										 										 						', '', '', '										 										 										 										 						', '										 										 										 										 						', '', '', '', 0, 0, 0, 0, 21, 23, 27, 0, 22, 23, 24, 0, 0, '', '', 'disabled', 0, 'inoerp', '2013-10-18 08:16:44', 'inoerp', '2013-10-18 08:16:44');

-- --------------------------------------------------------

--
-- Table structure for table `inv_transaction`
--

CREATE TABLE IF NOT EXISTS `inv_transaction` (
  `inv_transaction_id` int(12) NOT NULL AUTO_INCREMENT,
  `transaction_type_id` int(12) NOT NULL,
  `org_id` int(12) NOT NULL,
  `receipt_line_id` int(12) DEFAULT NULL,
  `item_number` varchar(256) NOT NULL,
  `item_id` int(12) DEFAULT NULL,
  `uom_id` int(12) DEFAULT NULL,
  `lot_number` int(12) DEFAULT NULL,
  `serial_number` int(12) DEFAULT NULL,
  `logical_transaction_cb` tinyint(1) DEFAULT NULL,
  `document_type` varchar(25) DEFAULT NULL,
  `document_number` varchar(25) DEFAULT NULL,
  `document_id` int(12) DEFAULT NULL,
  `wip_wo_bom_id` int(12) DEFAULT NULL,
  `po_header_id` int(12) DEFAULT NULL,
  `po_line_id` int(12) DEFAULT NULL,
  `po_detail_id` int(12) DEFAULT NULL,
  `reason` varchar(25) DEFAULT NULL,
  `reference` varchar(256) DEFAULT NULL,
  `description` varchar(256) DEFAULT NULL,
  `from_org_id` int(12) DEFAULT NULL,
  `from_subinventory_id` int(12) DEFAULT NULL,
  `from_locator_id` int(12) DEFAULT NULL,
  `quantity` double DEFAULT NULL,
  `from_account_id` int(12) DEFAULT NULL,
  `to_org_id` int(12) DEFAULT NULL,
  `to_subinventory_id` int(12) DEFAULT NULL,
  `to_locator_id` int(12) DEFAULT NULL,
  `to_account_id` int(12) DEFAULT NULL,
  `unit_cost` int(12) DEFAULT NULL,
  `costed_amount` double DEFAULT NULL,
  `transfer_to_gl_cb` tinyint(1) DEFAULT NULL,
  `ef_id` int(12) DEFAULT NULL,
  `transaction_rev_enabled_cb` tinyint(1) DEFAULT NULL,
  `rev_start_number` varchar(25) DEFAULT NULL,
  `created_by` varchar(50) DEFAULT NULL,
  `creation_date` varchar(50) DEFAULT NULL,
  `last_update_by` varchar(50) NOT NULL,
  `last_update_date` varchar(50) NOT NULL,
  PRIMARY KEY (`inv_transaction_id`),
  KEY `transaction_type_id` (`transaction_type_id`)
) ENGINE=MyISAM  DEFAULT CHARSET=latin1 AUTO_INCREMENT=173 ;

--
-- Dumping data for table `inv_transaction`
--

INSERT INTO `inv_transaction` (`inv_transaction_id`, `transaction_type_id`, `org_id`, `receipt_line_id`, `item_number`, `item_id`, `uom_id`, `lot_number`, `serial_number`, `logical_transaction_cb`, `document_type`, `document_number`, `document_id`, `wip_wo_bom_id`, `po_header_id`, `po_line_id`, `po_detail_id`, `reason`, `reference`, `description`, `from_org_id`, `from_subinventory_id`, `from_locator_id`, `quantity`, `from_account_id`, `to_org_id`, `to_subinventory_id`, `to_locator_id`, `to_account_id`, `unit_cost`, `costed_amount`, `transfer_to_gl_cb`, `ef_id`, `transaction_rev_enabled_cb`, `rev_start_number`, `created_by`, `creation_date`, `last_update_by`, `last_update_date`) VALUES
(1, 2, 34, NULL, 'BUY_01', 4, NULL, NULL, NULL, NULL, NULL, NULL, NULL, NULL, NULL, NULL, NULL, NULL, NULL, NULL, NULL, NULL, NULL, 1, NULL, NULL, 2, 7, NULL, NULL, NULL, NULL, NULL, NULL, NULL, 'inoerp', '27-07-2013 08:14:16', 'inoerp', '27-07-2013 08:14:16'),
(2, 2, 34, NULL, 'BUY_01', 4, NULL, NULL, NULL, NULL, NULL, NULL, NULL, NULL, NULL, NULL, NULL, NULL, NULL, NULL, NULL, NULL, NULL, 2, NULL, NULL, 2, 7, NULL, NULL, NULL, NULL, NULL, NULL, NULL, 'inoerp', '27-07-2013 13:35:16', 'inoerp', '27-07-2013 13:35:16'),
(3, 2, 34, NULL, 'BUY_01', 4, NULL, NULL, NULL, NULL, NULL, NULL, NULL, NULL, NULL, NULL, NULL, NULL, NULL, NULL, NULL, NULL, NULL, 2, NULL, NULL, 2, 7, NULL, NULL, NULL, NULL, NULL, NULL, NULL, 'inoerp', '27-07-2013 13:39:52', 'inoerp', '27-07-2013 13:39:52'),
(4, 2, 34, NULL, 'BUY_01', 4, NULL, NULL, NULL, NULL, NULL, NULL, NULL, NULL, NULL, NULL, NULL, NULL, NULL, NULL, NULL, NULL, NULL, 2, NULL, NULL, 2, 7, NULL, NULL, NULL, NULL, NULL, NULL, NULL, 'inoerp', '27-07-2013 13:45:38', 'inoerp', '27-07-2013 13:45:38'),
(5, 2, 34, NULL, 'BUY_01', 4, NULL, NULL, NULL, NULL, 'REF001', NULL, NULL, NULL, NULL, NULL, NULL, NULL, NULL, NULL, NULL, NULL, NULL, 2, NULL, NULL, 2, 7, NULL, NULL, NULL, NULL, NULL, NULL, NULL, 'inoerp', '27-07-2013 15:28:14', 'inoerp', '27-07-2013 15:28:14'),
(6, 2, 34, NULL, 'BUY_01', 4, NULL, NULL, NULL, NULL, 'REF001', NULL, NULL, NULL, NULL, NULL, NULL, NULL, NULL, NULL, NULL, NULL, NULL, 2, NULL, NULL, 2, 7, NULL, NULL, NULL, NULL, NULL, NULL, NULL, 'inoerp', '27-07-2013 15:30:51', 'inoerp', '27-07-2013 15:30:51'),
(7, 2, 34, NULL, 'BUY_01', 4, NULL, NULL, NULL, NULL, NULL, NULL, NULL, NULL, NULL, NULL, NULL, NULL, 'REF001', NULL, NULL, NULL, NULL, 5, NULL, NULL, 2, 7, NULL, NULL, NULL, NULL, NULL, NULL, NULL, 'inoerp', '27-07-2013 15:58:43', 'inoerp', '27-07-2013 15:58:43'),
(8, 2, 34, NULL, 'BUY_01', 4, NULL, NULL, NULL, NULL, NULL, NULL, NULL, NULL, NULL, NULL, NULL, 'REF001', NULL, NULL, NULL, NULL, NULL, 2, NULL, NULL, 2, 7, NULL, NULL, NULL, NULL, NULL, NULL, NULL, 'inoerp', '27-07-2013 16:11:32', 'inoerp', '27-07-2013 16:11:32'),
(9, 2, 34, NULL, 'FG_010', 10005, NULL, NULL, NULL, NULL, NULL, NULL, NULL, NULL, NULL, NULL, NULL, NULL, NULL, NULL, NULL, NULL, NULL, 10, NULL, NULL, 2, 7, NULL, NULL, NULL, NULL, NULL, NULL, NULL, 'inoerp', '27-07-2013 16:19:58', 'inoerp', '27-07-2013 16:19:58'),
(10, 2, 34, NULL, 'BUY_01', 4, NULL, NULL, NULL, NULL, NULL, NULL, NULL, NULL, NULL, NULL, NULL, NULL, NULL, NULL, NULL, NULL, NULL, 10, NULL, NULL, 3, 9, NULL, NULL, NULL, NULL, NULL, NULL, NULL, 'inoerp', '29-07-2013 13:37:07', 'inoerp', '29-07-2013 13:37:07'),
(11, 2, 34, NULL, 'BUY_01', 4, NULL, NULL, NULL, NULL, NULL, NULL, NULL, NULL, NULL, NULL, NULL, NULL, NULL, NULL, NULL, NULL, NULL, 5, NULL, NULL, 3, 9, NULL, NULL, NULL, NULL, NULL, NULL, NULL, 'inoerp', '29-07-2013 13:40:08', 'inoerp', '29-07-2013 13:40:08'),
(12, 2, 34, NULL, 'BUY_01', 4, NULL, NULL, NULL, NULL, NULL, NULL, NULL, NULL, NULL, NULL, NULL, NULL, NULL, NULL, NULL, NULL, NULL, 5, NULL, NULL, 3, 9, NULL, NULL, NULL, NULL, NULL, NULL, NULL, 'inoerp', '29-07-2013 13:42:01', 'inoerp', '29-07-2013 13:42:01'),
(13, 2, 34, NULL, 'BUY_01', 4, NULL, NULL, NULL, NULL, NULL, NULL, NULL, NULL, NULL, NULL, NULL, NULL, NULL, NULL, NULL, NULL, NULL, 5, NULL, NULL, 3, 9, NULL, NULL, NULL, NULL, NULL, NULL, NULL, 'inoerp', '29-07-2013 13:45:08', 'inoerp', '29-07-2013 13:45:08'),
(14, 2, 34, NULL, 'BUY_01', 4, NULL, NULL, NULL, NULL, NULL, NULL, NULL, NULL, NULL, NULL, NULL, NULL, NULL, NULL, NULL, NULL, NULL, 7, NULL, NULL, 3, 9, NULL, NULL, NULL, NULL, NULL, NULL, NULL, 'inoerp', '29-07-2013 15:40:54', 'inoerp', '29-07-2013 15:40:54'),
(15, 2, 34, NULL, 'BUY_01', 4, NULL, NULL, NULL, NULL, NULL, NULL, NULL, NULL, NULL, NULL, NULL, NULL, NULL, NULL, NULL, NULL, NULL, 8, NULL, NULL, 3, 9, NULL, NULL, NULL, NULL, NULL, NULL, NULL, 'inoerp', '29-07-2013 15:43:24', 'inoerp', '29-07-2013 15:43:24'),
(16, 2, 34, NULL, 'BUY_01', 4, NULL, NULL, NULL, NULL, NULL, NULL, NULL, NULL, NULL, NULL, NULL, NULL, NULL, NULL, NULL, NULL, NULL, 9, NULL, NULL, 3, 9, NULL, NULL, NULL, NULL, NULL, NULL, NULL, 'inoerp', '29-07-2013 15:57:52', 'inoerp', '29-07-2013 15:57:52'),
(17, 2, 34, NULL, 'FG_010', 10005, NULL, NULL, NULL, NULL, NULL, NULL, NULL, NULL, NULL, NULL, NULL, NULL, NULL, NULL, NULL, NULL, NULL, 18, NULL, NULL, 2, 7, NULL, NULL, NULL, NULL, NULL, NULL, NULL, 'inoerp', '29-07-2013 16:01:13', 'inoerp', '29-07-2013 16:01:13'),
(18, 2, 34, NULL, 'FG_010', 10005, NULL, NULL, NULL, NULL, NULL, NULL, NULL, NULL, NULL, NULL, NULL, NULL, NULL, NULL, NULL, NULL, NULL, 50, NULL, NULL, 2, 7, NULL, NULL, NULL, NULL, NULL, NULL, NULL, 'inoerp', '29-07-2013 16:02:11', 'inoerp', '29-07-2013 16:02:11'),
(19, 2, 34, NULL, 'FG_010', 10005, NULL, NULL, NULL, NULL, NULL, NULL, NULL, NULL, NULL, NULL, NULL, NULL, NULL, NULL, NULL, NULL, NULL, 8, NULL, NULL, 2, 4, NULL, NULL, NULL, NULL, NULL, NULL, NULL, 'inoerp', '29-07-2013 16:03:48', 'inoerp', '29-07-2013 16:03:48'),
(20, 1, 34, NULL, 'FG_001', 3, NULL, NULL, NULL, NULL, NULL, NULL, NULL, NULL, NULL, NULL, NULL, NULL, NULL, NULL, NULL, 2, 7, 8, NULL, NULL, NULL, NULL, NULL, NULL, NULL, NULL, NULL, NULL, NULL, 'inoerp', '29-07-2013 16:05:20', 'inoerp', '29-07-2013 16:05:20'),
(21, 1, 34, NULL, 'FG_010', 10005, NULL, NULL, NULL, NULL, NULL, NULL, NULL, NULL, NULL, NULL, NULL, NULL, NULL, NULL, NULL, 2, 7, 8, NULL, NULL, NULL, NULL, NULL, NULL, NULL, NULL, NULL, NULL, NULL, 'inoerp', '29-07-2013 16:14:07', 'inoerp', '29-07-2013 16:14:07'),
(22, 1, 34, NULL, 'FG_010', 10005, NULL, NULL, NULL, NULL, NULL, NULL, NULL, NULL, NULL, NULL, NULL, NULL, NULL, NULL, NULL, 2, 7, 8, NULL, NULL, NULL, NULL, NULL, NULL, NULL, NULL, NULL, NULL, NULL, 'inoerp', '29-07-2013 16:20:22', 'inoerp', '29-07-2013 16:20:22'),
(23, 1, 34, NULL, 'FG_010', 10005, NULL, NULL, NULL, NULL, NULL, NULL, NULL, NULL, NULL, NULL, NULL, NULL, NULL, NULL, NULL, 2, 7, 20, NULL, NULL, NULL, NULL, NULL, NULL, NULL, NULL, NULL, NULL, NULL, 'inoerp', '29-07-2013 16:22:56', 'inoerp', '29-07-2013 16:22:56'),
(24, 3, 34, NULL, 'FG_010', 10005, NULL, NULL, NULL, NULL, NULL, NULL, NULL, NULL, NULL, NULL, NULL, NULL, NULL, NULL, NULL, 2, 7, 7, NULL, NULL, 2, 4, NULL, NULL, NULL, NULL, NULL, NULL, NULL, 'inoerp', '29-07-2013 16:30:43', 'inoerp', '29-07-2013 16:30:43'),
(25, 2, 34, NULL, 'MI_BUY01', 10024, NULL, NULL, NULL, NULL, NULL, NULL, NULL, NULL, NULL, NULL, NULL, NULL, NULL, NULL, NULL, NULL, NULL, 100, NULL, NULL, 5, NULL, NULL, NULL, NULL, NULL, NULL, NULL, NULL, 'inoerp', '29-07-2013 17:04:46', 'inoerp', '29-07-2013 17:04:46'),
(26, 2, 34, NULL, 'BUY004', 10022, NULL, NULL, NULL, NULL, NULL, NULL, NULL, NULL, NULL, NULL, NULL, NULL, NULL, NULL, NULL, NULL, NULL, 100, NULL, NULL, 4, NULL, NULL, NULL, NULL, NULL, NULL, NULL, NULL, 'inoerp', '30-07-2013 05:08:55', 'inoerp', '30-07-2013 05:08:55'),
(27, 2, 35, NULL, 'MI_BUY01', 10025, NULL, NULL, NULL, NULL, NULL, NULL, NULL, NULL, NULL, NULL, NULL, NULL, NULL, NULL, NULL, NULL, NULL, 300, NULL, NULL, 2, 4, NULL, NULL, NULL, NULL, NULL, NULL, NULL, 'inoerp', '30-07-2013 05:10:37', 'inoerp', '30-07-2013 05:10:37'),
(28, 2, 35, NULL, 'SA_001', 10011, NULL, NULL, NULL, NULL, NULL, NULL, NULL, NULL, NULL, NULL, NULL, NULL, NULL, NULL, NULL, NULL, NULL, 200, NULL, NULL, 16, NULL, NULL, NULL, NULL, NULL, NULL, NULL, NULL, 'inoerp', '30-07-2013 05:12:15', 'inoerp', '30-07-2013 05:12:15'),
(29, 2, 34, NULL, 'MI_BUY01', 10024, NULL, NULL, NULL, NULL, NULL, NULL, NULL, NULL, NULL, NULL, NULL, NULL, NULL, NULL, NULL, NULL, NULL, 100, NULL, NULL, 3, 11, NULL, NULL, NULL, NULL, NULL, NULL, NULL, 'inoerp', '30-07-2013 10:21:00', 'inoerp', '30-07-2013 10:21:00'),
(30, 2, 34, NULL, 'MAKE_001', 10000, NULL, NULL, NULL, NULL, NULL, NULL, NULL, NULL, NULL, NULL, NULL, NULL, NULL, NULL, NULL, NULL, NULL, 200, NULL, NULL, 15, NULL, NULL, NULL, NULL, NULL, NULL, NULL, NULL, 'inoerp', '30-07-2013 10:23:13', 'inoerp', '30-07-2013 10:23:13'),
(31, 2, 34, NULL, 'FG_001', 3, NULL, NULL, NULL, NULL, NULL, NULL, NULL, NULL, NULL, NULL, NULL, NULL, NULL, NULL, NULL, NULL, NULL, 1000, NULL, NULL, 3, 9, NULL, NULL, NULL, NULL, NULL, NULL, NULL, 'inoerp', '30-07-2013 10:26:41', 'inoerp', '30-07-2013 10:26:41'),
(32, 2, 34, NULL, 'FG_010', 10005, NULL, NULL, NULL, NULL, NULL, NULL, NULL, NULL, NULL, NULL, NULL, NULL, NULL, NULL, NULL, NULL, NULL, 1000, NULL, NULL, 2, 4, NULL, NULL, NULL, NULL, NULL, NULL, NULL, 'inoerp', '30-07-2013 10:27:31', 'inoerp', '30-07-2013 10:27:31'),
(33, 2, 34, NULL, 'SA_001', 10013, NULL, NULL, NULL, NULL, NULL, NULL, NULL, NULL, NULL, NULL, NULL, NULL, NULL, NULL, NULL, NULL, NULL, 3000, NULL, NULL, 2, 4, NULL, NULL, NULL, NULL, NULL, NULL, NULL, 'inoerp', '30-07-2013 10:29:08', 'inoerp', '30-07-2013 10:29:08'),
(34, 2, 34, NULL, 'MAKE_001', 10000, NULL, NULL, NULL, NULL, NULL, NULL, NULL, NULL, NULL, NULL, NULL, NULL, NULL, NULL, NULL, NULL, NULL, 100, NULL, NULL, 2, 4, NULL, NULL, NULL, NULL, NULL, NULL, NULL, 'inoerp', '30-07-2013 10:39:31', 'inoerp', '30-07-2013 10:39:31'),
(35, 2, 34, NULL, 'MAKE_001', 10000, NULL, NULL, NULL, NULL, NULL, NULL, NULL, NULL, NULL, NULL, NULL, NULL, NULL, NULL, NULL, NULL, NULL, 100, NULL, NULL, 2, 4, NULL, NULL, NULL, NULL, NULL, NULL, NULL, 'inoerp', '30-07-2013 10:41:16', 'inoerp', '30-07-2013 10:41:16'),
(36, 2, 34, NULL, 'FG_001', 3, NULL, NULL, NULL, NULL, NULL, NULL, NULL, NULL, NULL, NULL, NULL, NULL, NULL, NULL, NULL, NULL, NULL, 1000, NULL, NULL, 2, 4, NULL, NULL, NULL, NULL, NULL, NULL, NULL, 'inoerp', '30-07-2013 10:43:02', 'inoerp', '30-07-2013 10:43:02'),
(37, 2, 34, NULL, 'SA_001', 10013, NULL, NULL, NULL, NULL, NULL, NULL, NULL, NULL, NULL, NULL, NULL, NULL, NULL, NULL, NULL, NULL, NULL, 1000, NULL, NULL, 2, 4, NULL, NULL, NULL, NULL, NULL, NULL, NULL, 'inoerp', '30-07-2013 10:46:13', 'inoerp', '30-07-2013 10:46:13'),
(38, 2, 34, NULL, 'SA_001', 10013, NULL, NULL, NULL, NULL, NULL, NULL, NULL, NULL, NULL, NULL, NULL, NULL, NULL, NULL, NULL, NULL, NULL, 1000, NULL, NULL, 2, 7, NULL, NULL, NULL, NULL, NULL, NULL, NULL, 'inoerp', '30-07-2013 10:46:13', 'inoerp', '30-07-2013 10:46:13'),
(39, 2, 34, NULL, 'BUY004', 10022, NULL, NULL, NULL, NULL, NULL, NULL, NULL, NULL, NULL, NULL, NULL, NULL, NULL, NULL, NULL, NULL, NULL, 1000, NULL, NULL, 2, 4, NULL, NULL, NULL, NULL, NULL, NULL, NULL, 'inoerp', '04-08-2013 12:12:19', 'inoerp', '04-08-2013 12:12:19'),
(40, 2, 6, NULL, 'TEST03', 10030, 27, NULL, NULL, NULL, NULL, NULL, NULL, NULL, NULL, NULL, NULL, NULL, NULL, NULL, NULL, NULL, NULL, 4, NULL, NULL, 3, 9, NULL, NULL, NULL, NULL, NULL, NULL, NULL, 'inoerp', '2013-10-09 03:26:54', 'inoerp', '2013-10-09 03:26:54'),
(41, 1, 6, NULL, 'TEST03', 10030, 27, NULL, NULL, NULL, NULL, NULL, NULL, NULL, NULL, NULL, NULL, NULL, NULL, NULL, NULL, 3, 9, 3, NULL, NULL, NULL, NULL, NULL, NULL, NULL, NULL, NULL, NULL, NULL, 'inoerp', '2013-10-09 03:32:17', 'inoerp', '2013-10-09 03:32:17'),
(42, 1, 6, NULL, 'TEST03', 10030, 27, NULL, NULL, NULL, NULL, NULL, NULL, NULL, NULL, NULL, NULL, NULL, NULL, NULL, NULL, 3, 9, 6, NULL, NULL, NULL, NULL, NULL, NULL, NULL, NULL, NULL, NULL, NULL, 'inoerp', '2013-10-09 03:34:34', 'inoerp', '2013-10-09 03:34:34'),
(43, 2, 6, NULL, 'TEST03', 10030, 27, NULL, NULL, NULL, NULL, NULL, NULL, NULL, NULL, NULL, NULL, NULL, NULL, NULL, NULL, NULL, NULL, 3, NULL, NULL, 3, 9, NULL, NULL, NULL, NULL, NULL, NULL, NULL, 'inoerp', '2013-10-09 03:44:13', 'inoerp', '2013-10-09 03:44:13'),
(44, 2, 6, NULL, 'TEST03', 10030, 27, NULL, NULL, NULL, NULL, NULL, NULL, NULL, NULL, NULL, NULL, NULL, NULL, NULL, NULL, NULL, NULL, 10, NULL, NULL, 3, 9, NULL, NULL, NULL, NULL, NULL, NULL, NULL, 'inoerp', '2013-10-09 10:15:52', 'inoerp', '2013-10-09 10:15:52'),
(45, 2, 6, NULL, 'TEST03', 10030, 27, NULL, NULL, NULL, NULL, NULL, NULL, NULL, NULL, NULL, NULL, NULL, NULL, NULL, NULL, NULL, NULL, 5, NULL, NULL, 2, 7, NULL, NULL, NULL, 1, NULL, NULL, NULL, 'inoerp', '2013-10-09 15:24:17', 'inoerp', '2013-10-09 15:24:17'),
(46, 2, 6, NULL, 'TEST03', 10030, 27, 0, NULL, NULL, NULL, NULL, NULL, NULL, NULL, NULL, NULL, NULL, NULL, NULL, NULL, NULL, NULL, 10, NULL, NULL, 3, 9, NULL, NULL, NULL, 1, NULL, NULL, NULL, 'inoerp', '2013-10-10 07:55:25', 'inoerp', '2013-10-10 07:55:25'),
(47, 2, 6, NULL, 'TEST03', 10030, 27, NULL, NULL, NULL, NULL, NULL, NULL, NULL, NULL, NULL, NULL, NULL, NULL, NULL, NULL, NULL, NULL, 11, NULL, NULL, 1, NULL, NULL, NULL, NULL, NULL, NULL, NULL, NULL, 'inoerp', '2013-10-10 08:10:18', 'inoerp', '2013-10-10 08:10:18'),
(48, 2, 6, NULL, 'TEST03', 10030, 27, NULL, NULL, NULL, NULL, NULL, NULL, NULL, NULL, NULL, NULL, NULL, NULL, NULL, NULL, NULL, NULL, 11, NULL, NULL, 1, NULL, NULL, NULL, NULL, NULL, NULL, NULL, NULL, 'inoerp', '2013-10-10 08:11:38', 'inoerp', '2013-10-10 08:11:38'),
(49, 2, 6, NULL, 'TEST03', 10030, 27, NULL, NULL, NULL, NULL, NULL, NULL, NULL, NULL, NULL, NULL, NULL, NULL, NULL, NULL, NULL, NULL, 11, NULL, NULL, 1, NULL, NULL, NULL, NULL, NULL, NULL, NULL, NULL, 'inoerp', '2013-10-10 08:12:58', 'inoerp', '2013-10-10 08:12:58'),
(50, 2, 6, NULL, 'TEST03', 10030, 27, NULL, NULL, NULL, NULL, NULL, NULL, NULL, NULL, NULL, NULL, NULL, NULL, NULL, NULL, NULL, NULL, 11, NULL, NULL, 1, NULL, NULL, NULL, NULL, NULL, NULL, NULL, NULL, 'inoerp', '2013-10-10 08:13:11', 'inoerp', '2013-10-10 08:13:11'),
(51, 2, 6, NULL, 'TEST03', 10030, 27, NULL, NULL, NULL, NULL, NULL, NULL, NULL, NULL, NULL, NULL, NULL, NULL, NULL, NULL, NULL, NULL, 11, NULL, NULL, 1, NULL, NULL, NULL, NULL, NULL, NULL, NULL, NULL, 'inoerp', '2013-10-10 08:15:02', 'inoerp', '2013-10-10 08:15:02'),
(52, 2, 6, NULL, 'TEST03', 10030, 27, NULL, NULL, NULL, NULL, NULL, NULL, NULL, NULL, NULL, NULL, NULL, NULL, NULL, NULL, NULL, NULL, 11, NULL, NULL, 1, NULL, NULL, NULL, NULL, NULL, NULL, NULL, NULL, 'inoerp', '2013-10-10 10:01:22', 'inoerp', '2013-10-10 10:01:22'),
(53, 2, 6, NULL, 'TEST03', 10030, 27, NULL, NULL, NULL, NULL, NULL, NULL, NULL, NULL, NULL, NULL, NULL, NULL, NULL, NULL, NULL, NULL, 11, NULL, NULL, 3, 9, NULL, NULL, NULL, NULL, NULL, NULL, NULL, 'inoerp', '2013-10-10 10:08:22', 'inoerp', '2013-10-10 10:08:22'),
(54, 2, 6, NULL, 'TEST03', 10030, 27, NULL, NULL, NULL, NULL, NULL, NULL, NULL, NULL, NULL, NULL, NULL, NULL, NULL, NULL, NULL, NULL, 100, NULL, NULL, 3, 11, NULL, NULL, NULL, NULL, NULL, NULL, NULL, 'inoerp', '2013-10-10 10:46:47', 'inoerp', '2013-10-10 10:46:47'),
(55, 2, 6, NULL, 'TEST03', 10030, 27, NULL, NULL, NULL, NULL, NULL, NULL, NULL, NULL, NULL, NULL, NULL, NULL, NULL, NULL, NULL, NULL, 23, 23, NULL, 3, 9, NULL, NULL, NULL, 1, NULL, NULL, NULL, 'inoerp', '2013-10-10 10:51:33', 'inoerp', '2013-10-10 10:51:33'),
(56, 2, 6, NULL, 'TEST03', 10030, 27, NULL, NULL, NULL, NULL, NULL, NULL, NULL, NULL, NULL, NULL, NULL, NULL, NULL, NULL, NULL, NULL, 5, 24, NULL, 3, 9, NULL, NULL, NULL, NULL, NULL, NULL, NULL, 'inoerp', '2013-10-10 15:53:42', 'inoerp', '2013-10-10 15:53:42'),
(57, 2, 6, NULL, 'TEST03', 10030, 27, NULL, NULL, NULL, NULL, NULL, NULL, NULL, NULL, NULL, NULL, NULL, NULL, NULL, NULL, NULL, NULL, 10, 21, NULL, 3, 9, NULL, 100, NULL, NULL, NULL, NULL, NULL, 'inoerp', '2013-10-10 16:08:30', 'inoerp', '2013-10-10 16:08:30'),
(58, 2, 6, NULL, 'BUY_101', 10029, 27, NULL, NULL, NULL, NULL, NULL, NULL, NULL, NULL, NULL, NULL, NULL, NULL, NULL, NULL, NULL, NULL, 10, NULL, NULL, 3, 9, NULL, NULL, NULL, NULL, NULL, NULL, NULL, 'inoerp', '2013-10-10 17:41:16', 'inoerp', '2013-10-10 17:41:16'),
(59, 2, 6, NULL, 'BUY_101', 10029, 27, NULL, NULL, NULL, NULL, NULL, NULL, NULL, NULL, NULL, NULL, NULL, NULL, NULL, NULL, NULL, NULL, 10, NULL, NULL, 3, 9, NULL, NULL, NULL, NULL, NULL, NULL, NULL, 'inoerp', '2013-10-10 17:43:17', 'inoerp', '2013-10-10 17:43:17'),
(60, 2, 6, NULL, 'TEST03', 10030, 27, NULL, NULL, NULL, NULL, NULL, NULL, NULL, NULL, NULL, NULL, NULL, NULL, NULL, NULL, NULL, NULL, 5, 22, NULL, 3, 9, NULL, NULL, NULL, NULL, NULL, NULL, NULL, 'inoerp', '2013-10-10 17:48:30', 'inoerp', '2013-10-10 17:48:30'),
(61, 2, 6, NULL, 'TEST03', 10030, 27, NULL, NULL, NULL, NULL, NULL, NULL, NULL, NULL, NULL, NULL, NULL, NULL, NULL, NULL, NULL, NULL, 5, 22, NULL, 3, 9, NULL, NULL, NULL, NULL, NULL, NULL, NULL, 'inoerp', '2013-10-10 17:49:00', 'inoerp', '2013-10-10 17:49:00'),
(62, 2, 6, NULL, 'TEST03', 10030, 27, NULL, NULL, NULL, NULL, NULL, NULL, NULL, NULL, NULL, NULL, NULL, NULL, NULL, NULL, NULL, NULL, 5, 22, NULL, 3, 9, NULL, NULL, NULL, NULL, NULL, NULL, NULL, 'inoerp', '2013-10-10 17:49:23', 'inoerp', '2013-10-10 17:49:23'),
(63, 2, 6, NULL, 'TEST03', 10030, 27, NULL, NULL, NULL, NULL, NULL, NULL, NULL, NULL, NULL, NULL, NULL, NULL, NULL, NULL, NULL, NULL, 5, 22, NULL, 3, 9, NULL, NULL, NULL, NULL, NULL, NULL, NULL, 'inoerp', '2013-10-11 04:18:50', 'inoerp', '2013-10-11 04:18:50'),
(64, 2, 6, NULL, 'TEST03', 10030, 27, NULL, NULL, NULL, NULL, NULL, NULL, NULL, NULL, NULL, NULL, NULL, NULL, NULL, NULL, NULL, NULL, 5, 22, NULL, 3, 9, NULL, NULL, NULL, NULL, NULL, NULL, NULL, 'inoerp', '2013-10-11 04:21:41', 'inoerp', '2013-10-11 04:21:41'),
(65, 2, 6, NULL, 'TEST03', 10030, 27, NULL, NULL, NULL, NULL, NULL, NULL, NULL, NULL, NULL, NULL, NULL, NULL, NULL, NULL, NULL, NULL, 5, 22, NULL, 3, 9, NULL, NULL, NULL, NULL, NULL, NULL, NULL, 'inoerp', '2013-10-11 04:34:20', 'inoerp', '2013-10-11 04:34:20'),
(66, 2, 6, NULL, 'TEST03', 10030, 27, NULL, NULL, NULL, NULL, NULL, NULL, NULL, NULL, NULL, NULL, NULL, NULL, NULL, NULL, NULL, NULL, 5, 22, NULL, 3, 9, NULL, NULL, NULL, NULL, NULL, NULL, NULL, 'inoerp', '2013-10-11 04:57:25', 'inoerp', '2013-10-11 04:57:25'),
(67, 2, 6, NULL, 'TEST03', 10030, 27, NULL, NULL, NULL, NULL, NULL, NULL, NULL, NULL, NULL, NULL, NULL, NULL, NULL, NULL, NULL, NULL, 12, 22, NULL, 3, 9, NULL, NULL, NULL, NULL, NULL, NULL, NULL, 'inoerp', '2013-10-11 04:58:50', 'inoerp', '2013-10-11 04:58:50'),
(68, 2, 6, NULL, 'TEST03', 10030, 27, NULL, NULL, NULL, NULL, NULL, NULL, NULL, NULL, NULL, NULL, NULL, NULL, NULL, NULL, NULL, NULL, 12, 22, NULL, 3, 9, NULL, NULL, NULL, NULL, NULL, NULL, NULL, 'inoerp', '2013-10-11 05:02:51', 'inoerp', '2013-10-11 05:02:51'),
(69, 2, 6, NULL, 'TEST03', 10030, 27, NULL, NULL, NULL, NULL, NULL, NULL, NULL, NULL, NULL, NULL, NULL, NULL, NULL, NULL, NULL, NULL, 12, 22, NULL, 3, 9, NULL, NULL, NULL, NULL, NULL, NULL, NULL, 'inoerp', '2013-10-11 05:02:59', 'inoerp', '2013-10-11 05:02:59'),
(70, 2, 6, NULL, 'TEST03', 10030, 27, NULL, NULL, NULL, NULL, NULL, NULL, NULL, NULL, NULL, NULL, NULL, NULL, NULL, NULL, NULL, NULL, 12, 22, NULL, 3, 9, NULL, NULL, NULL, NULL, NULL, NULL, NULL, 'inoerp', '2013-10-11 05:04:11', 'inoerp', '2013-10-11 05:04:11'),
(71, 2, 6, NULL, 'TEST03', 10030, 27, NULL, NULL, NULL, NULL, NULL, NULL, NULL, NULL, NULL, NULL, NULL, NULL, NULL, NULL, NULL, NULL, 12, 22, NULL, 3, 9, NULL, NULL, NULL, NULL, NULL, NULL, NULL, 'inoerp', '2013-10-11 05:09:42', 'inoerp', '2013-10-11 05:09:42'),
(72, 2, 6, NULL, 'TEST03', 10030, 27, NULL, NULL, NULL, NULL, NULL, NULL, NULL, NULL, NULL, NULL, NULL, NULL, NULL, NULL, NULL, NULL, 12, 22, NULL, 3, 9, NULL, NULL, NULL, NULL, NULL, NULL, NULL, 'inoerp', '2013-10-11 05:11:41', 'inoerp', '2013-10-11 05:11:41'),
(73, 2, 6, NULL, 'TEST03', 10030, 27, NULL, NULL, NULL, NULL, NULL, NULL, NULL, NULL, NULL, NULL, NULL, NULL, NULL, NULL, NULL, NULL, 12, 22, NULL, 3, 9, NULL, NULL, NULL, NULL, NULL, NULL, NULL, 'inoerp', '2013-10-11 05:12:30', 'inoerp', '2013-10-11 05:12:30'),
(74, 2, 6, NULL, 'TEST03', 10030, 27, NULL, NULL, NULL, NULL, NULL, NULL, NULL, NULL, NULL, NULL, NULL, NULL, NULL, NULL, NULL, NULL, 12, 22, NULL, 3, 9, NULL, NULL, NULL, NULL, NULL, NULL, NULL, 'inoerp', '2013-10-11 05:14:48', 'inoerp', '2013-10-11 05:14:48'),
(75, 2, 6, NULL, 'TEST03', 10030, 27, NULL, NULL, NULL, NULL, NULL, NULL, NULL, NULL, NULL, NULL, NULL, NULL, NULL, NULL, NULL, NULL, 12, 22, NULL, 3, 9, NULL, NULL, NULL, NULL, NULL, NULL, NULL, 'inoerp', '2013-10-11 05:31:10', 'inoerp', '2013-10-11 05:31:10'),
(76, 2, 6, NULL, 'TEST03', 10030, 27, NULL, NULL, NULL, NULL, NULL, NULL, NULL, NULL, NULL, NULL, NULL, NULL, NULL, NULL, NULL, NULL, 12, 22, NULL, 3, 9, NULL, NULL, NULL, NULL, NULL, NULL, NULL, 'inoerp', '2013-10-11 05:31:38', 'inoerp', '2013-10-11 05:31:38'),
(77, 2, 6, NULL, 'TEST03', 10030, 27, NULL, NULL, NULL, NULL, NULL, NULL, NULL, NULL, NULL, NULL, NULL, NULL, NULL, NULL, NULL, NULL, 1, 20, NULL, 3, 9, NULL, NULL, NULL, NULL, NULL, NULL, NULL, 'inoerp', '2013-10-11 05:38:19', 'inoerp', '2013-10-11 05:38:19'),
(78, 2, 6, NULL, 'TEST03', 10030, 27, NULL, NULL, NULL, NULL, NULL, NULL, NULL, NULL, NULL, NULL, NULL, NULL, NULL, NULL, NULL, NULL, 1, 20, NULL, 3, 9, NULL, NULL, NULL, NULL, NULL, NULL, NULL, 'inoerp', '2013-10-11 05:39:21', 'inoerp', '2013-10-11 05:39:21'),
(79, 2, 6, NULL, 'TEST03', 10030, 27, NULL, NULL, NULL, NULL, NULL, NULL, NULL, NULL, NULL, NULL, NULL, NULL, NULL, NULL, NULL, NULL, 1, 20, NULL, 3, 9, NULL, NULL, NULL, NULL, NULL, NULL, NULL, 'inoerp', '2013-10-11 05:40:18', 'inoerp', '2013-10-11 05:40:18'),
(80, 2, 6, NULL, 'TEST03', 10030, 27, NULL, NULL, NULL, NULL, NULL, NULL, NULL, NULL, NULL, NULL, NULL, NULL, NULL, NULL, NULL, NULL, 1, 20, NULL, 3, 9, NULL, NULL, NULL, NULL, NULL, NULL, NULL, 'inoerp', '2013-10-11 05:40:59', 'inoerp', '2013-10-11 05:40:59'),
(81, 2, 6, NULL, 'BUY_101', 10029, 27, NULL, NULL, NULL, NULL, NULL, NULL, NULL, NULL, NULL, NULL, NULL, NULL, NULL, NULL, NULL, NULL, 2, 22, NULL, 3, 9, NULL, NULL, NULL, NULL, NULL, NULL, NULL, 'inoerp', '2013-10-11 05:40:59', 'inoerp', '2013-10-11 05:40:59'),
(82, 2, 6, NULL, 'buy_03', 10031, 27, NULL, NULL, NULL, NULL, NULL, NULL, NULL, NULL, NULL, NULL, NULL, NULL, NULL, NULL, NULL, NULL, 3, 23, NULL, 3, 9, NULL, NULL, NULL, NULL, NULL, NULL, NULL, 'inoerp', '2013-10-11 05:40:59', 'inoerp', '2013-10-11 05:40:59'),
(83, 2, 6, NULL, 'TEST03', 10030, 27, NULL, NULL, NULL, NULL, NULL, NULL, NULL, NULL, NULL, NULL, NULL, NULL, NULL, NULL, NULL, NULL, 1, 20, NULL, 3, 9, NULL, NULL, NULL, NULL, NULL, NULL, NULL, 'inoerp', '2013-10-11 06:42:41', 'inoerp', '2013-10-11 06:42:41'),
(84, 2, 6, NULL, 'BUY_101', 10029, 27, NULL, NULL, NULL, NULL, NULL, NULL, NULL, NULL, NULL, NULL, NULL, NULL, NULL, NULL, NULL, NULL, 2, 22, NULL, 3, 9, NULL, NULL, NULL, NULL, NULL, NULL, NULL, 'inoerp', '2013-10-11 06:42:41', 'inoerp', '2013-10-11 06:42:41'),
(85, 2, 6, NULL, 'buy_03', 10031, 27, NULL, NULL, NULL, NULL, NULL, NULL, NULL, NULL, NULL, NULL, NULL, NULL, NULL, NULL, NULL, NULL, 3, 23, NULL, 3, 9, NULL, NULL, NULL, NULL, NULL, NULL, NULL, 'inoerp', '2013-10-11 06:42:41', 'inoerp', '2013-10-11 06:42:41'),
(86, 2, 6, NULL, 'TEST03', 10030, 27, NULL, NULL, NULL, NULL, NULL, NULL, NULL, NULL, NULL, NULL, NULL, NULL, NULL, NULL, NULL, NULL, 1, 20, NULL, 3, 9, NULL, NULL, NULL, NULL, NULL, NULL, NULL, 'inoerp', '2013-10-11 06:44:52', 'inoerp', '2013-10-11 06:44:52'),
(87, 2, 6, NULL, 'BUY_101', 10029, 27, NULL, NULL, NULL, NULL, NULL, NULL, NULL, NULL, NULL, NULL, NULL, NULL, NULL, NULL, NULL, NULL, 2, 22, NULL, 3, 9, NULL, NULL, NULL, NULL, NULL, NULL, NULL, 'inoerp', '2013-10-11 06:44:52', 'inoerp', '2013-10-11 06:44:52'),
(88, 2, 6, NULL, 'buy_03', 10031, 27, NULL, NULL, NULL, NULL, NULL, NULL, NULL, NULL, NULL, NULL, NULL, NULL, NULL, NULL, NULL, NULL, 3, 23, NULL, 3, 9, NULL, NULL, NULL, NULL, NULL, NULL, NULL, 'inoerp', '2013-10-11 06:44:52', 'inoerp', '2013-10-11 06:44:52'),
(89, 2, 6, NULL, 'TEST03', 10030, 27, NULL, NULL, NULL, NULL, NULL, NULL, NULL, NULL, NULL, NULL, NULL, NULL, NULL, NULL, NULL, NULL, 1, 20, NULL, 3, 9, NULL, NULL, NULL, NULL, NULL, NULL, NULL, 'inoerp', '2013-10-11 06:45:21', 'inoerp', '2013-10-11 06:45:21'),
(90, 2, 6, NULL, 'BUY_101', 10029, 27, NULL, NULL, NULL, NULL, NULL, NULL, NULL, NULL, NULL, NULL, NULL, NULL, NULL, NULL, NULL, NULL, 2, 22, NULL, 3, 9, NULL, NULL, NULL, NULL, NULL, NULL, NULL, 'inoerp', '2013-10-11 06:45:21', 'inoerp', '2013-10-11 06:45:21'),
(91, 2, 6, NULL, 'buy_03', 10031, 27, NULL, NULL, NULL, NULL, NULL, NULL, NULL, NULL, NULL, NULL, NULL, NULL, NULL, NULL, NULL, NULL, 3, 23, NULL, 3, 9, NULL, NULL, NULL, NULL, NULL, NULL, NULL, 'inoerp', '2013-10-11 06:45:21', 'inoerp', '2013-10-11 06:45:21'),
(92, 2, 6, NULL, 'TEST03', 10030, 27, NULL, NULL, NULL, NULL, NULL, NULL, NULL, NULL, NULL, NULL, NULL, NULL, NULL, NULL, NULL, NULL, 1, 20, NULL, 3, 9, NULL, NULL, NULL, NULL, NULL, NULL, NULL, 'inoerp', '2013-10-11 06:45:47', 'inoerp', '2013-10-11 06:45:47'),
(93, 2, 6, NULL, 'BUY_101', 10029, 27, NULL, NULL, NULL, NULL, NULL, NULL, NULL, NULL, NULL, NULL, NULL, NULL, NULL, NULL, NULL, NULL, 2, 22, NULL, 3, 9, NULL, NULL, NULL, NULL, NULL, NULL, NULL, 'inoerp', '2013-10-11 06:45:47', 'inoerp', '2013-10-11 06:45:47'),
(94, 2, 6, NULL, 'buy_03', 10031, 27, NULL, NULL, NULL, NULL, NULL, NULL, NULL, NULL, NULL, NULL, NULL, NULL, NULL, NULL, NULL, NULL, 3, 23, NULL, 3, 9, NULL, NULL, NULL, NULL, NULL, NULL, NULL, 'inoerp', '2013-10-11 06:45:47', 'inoerp', '2013-10-11 06:45:47'),
(95, 2, 6, NULL, 'buy_03', 10031, 27, NULL, NULL, NULL, NULL, NULL, NULL, NULL, NULL, NULL, NULL, NULL, NULL, NULL, NULL, NULL, NULL, 5, NULL, NULL, 2, 5, NULL, NULL, NULL, NULL, NULL, NULL, NULL, 'inoerp', '2013-10-11 10:51:41', 'inoerp', '2013-10-11 10:51:41'),
(96, 2, 6, NULL, 'TEST03', 10030, 27, NULL, NULL, NULL, NULL, NULL, NULL, NULL, NULL, NULL, NULL, NULL, NULL, NULL, NULL, NULL, NULL, 10, NULL, NULL, 2, 7, NULL, NULL, NULL, NULL, NULL, NULL, NULL, 'inoerp', '2013-10-11 10:51:53', 'inoerp', '2013-10-11 10:51:53'),
(97, 2, 6, NULL, 'BUY_101', 10029, 27, NULL, NULL, NULL, NULL, NULL, NULL, NULL, NULL, NULL, NULL, NULL, NULL, NULL, NULL, NULL, NULL, 15, NULL, NULL, 2, 6, NULL, NULL, NULL, NULL, NULL, NULL, NULL, 'inoerp', '2013-10-11 10:51:53', 'inoerp', '2013-10-11 10:51:53'),
(98, 2, 6, NULL, 'TEST03', 10030, 27, NULL, NULL, NULL, NULL, NULL, NULL, NULL, NULL, NULL, NULL, NULL, NULL, NULL, NULL, NULL, NULL, 500, NULL, NULL, 3, 9, NULL, NULL, NULL, NULL, NULL, NULL, NULL, 'inoerp', '2013-10-11 19:32:38', 'inoerp', '2013-10-11 19:32:38'),
(99, 2, 6, NULL, 'TEST03', 10030, 27, NULL, NULL, NULL, NULL, NULL, NULL, NULL, NULL, NULL, NULL, NULL, NULL, NULL, NULL, NULL, NULL, 7, NULL, NULL, 2, 5, NULL, NULL, NULL, NULL, NULL, NULL, NULL, 'inoerp', '2013-10-11 19:32:39', 'inoerp', '2013-10-11 19:32:39'),
(100, 2, 6, NULL, 'TEST03', 10030, 27, NULL, NULL, NULL, NULL, NULL, NULL, NULL, NULL, NULL, NULL, NULL, NULL, NULL, NULL, NULL, NULL, 5, NULL, NULL, 3, 9, NULL, NULL, NULL, NULL, NULL, NULL, NULL, 'inoerp', '2013-10-11 19:40:41', 'inoerp', '2013-10-11 19:40:41'),
(101, 2, 6, NULL, 'TEST03', 10030, 27, NULL, NULL, NULL, NULL, NULL, NULL, NULL, NULL, NULL, NULL, NULL, NULL, NULL, NULL, NULL, NULL, 5, NULL, NULL, 3, 9, NULL, NULL, NULL, NULL, NULL, NULL, NULL, 'inoerp', '2013-10-11 20:29:41', 'inoerp', '2013-10-11 20:29:41'),
(102, 2, 6, NULL, 'TEST03', 10030, 27, NULL, NULL, NULL, NULL, NULL, NULL, NULL, NULL, NULL, NULL, NULL, NULL, NULL, NULL, NULL, NULL, 5, 20, NULL, 2, 5, NULL, NULL, NULL, NULL, NULL, NULL, NULL, 'inoerp', '2013-10-12 05:56:20', 'inoerp', '2013-10-12 05:56:20'),
(103, 3, 6, NULL, 'TEST03', 10030, 27, NULL, NULL, NULL, NULL, NULL, NULL, NULL, NULL, NULL, NULL, NULL, NULL, NULL, NULL, 2, 5, 5, NULL, NULL, 3, 9, NULL, NULL, NULL, NULL, NULL, NULL, NULL, 'inoerp', '2013-10-14 17:20:00', 'inoerp', '2013-10-14 17:20:00'),
(104, 3, 6, NULL, 'BUY_101', 10029, 27, NULL, NULL, NULL, NULL, NULL, NULL, NULL, NULL, NULL, NULL, NULL, NULL, NULL, NULL, 5, NULL, 10, NULL, NULL, 2, 5, NULL, NULL, NULL, NULL, NULL, NULL, NULL, 'inoerp', '2013-10-14 17:20:00', 'inoerp', '2013-10-14 17:20:00'),
(105, 2, 6, NULL, 'buy_03', 10031, 27, NULL, NULL, NULL, NULL, NULL, NULL, NULL, NULL, NULL, NULL, NULL, NULL, NULL, NULL, NULL, NULL, 10, 21, NULL, 2, 5, NULL, NULL, NULL, NULL, NULL, NULL, NULL, 'inoerp', '2013-10-18 08:05:30', 'inoerp', '2013-10-18 08:05:30'),
(106, 2, 6, NULL, 'TEST03', 10030, 27, NULL, NULL, NULL, NULL, NULL, NULL, NULL, NULL, NULL, NULL, NULL, 'REF-001', NULL, NULL, NULL, NULL, 10, 22, NULL, 3, 9, NULL, NULL, NULL, NULL, NULL, NULL, NULL, 'inoerp', '2013-10-19 06:54:58', 'inoerp', '2013-10-19 06:54:58'),
(107, 1, 6, NULL, 'TEST03', 10030, 27, NULL, NULL, NULL, NULL, NULL, NULL, NULL, NULL, NULL, NULL, NULL, NULL, NULL, NULL, 2, 5, 770, NULL, NULL, NULL, NULL, 24, NULL, NULL, NULL, NULL, NULL, NULL, 'inoerp', '2013-11-12 14:22:15', 'inoerp', '2013-11-12 14:22:15'),
(108, 6, 6, NULL, 'MI_PCMPS01', 10057, 27, NULL, NULL, NULL, NULL, NULL, NULL, NULL, NULL, NULL, NULL, NULL, NULL, NULL, NULL, 2, 6, 1, NULL, NULL, NULL, NULL, NULL, NULL, NULL, NULL, NULL, NULL, NULL, 'inoerp', '2014-01-08 16:51:08', 'inoerp', '2014-01-08 16:51:08'),
(109, 2, 6, NULL, 'MI_PCMPS01', 10057, 27, NULL, NULL, NULL, NULL, NULL, NULL, NULL, NULL, NULL, NULL, NULL, NULL, NULL, NULL, NULL, NULL, 5000, 24, NULL, 2, 6, NULL, NULL, NULL, NULL, NULL, NULL, NULL, 'inoerp', '2014-01-08 16:55:18', 'inoerp', '2014-01-08 16:55:18'),
(110, 6, 6, NULL, 'MI_PCMPS01', 10057, 27, NULL, NULL, NULL, NULL, NULL, NULL, NULL, NULL, NULL, NULL, NULL, NULL, NULL, NULL, 2, 6, 1, NULL, NULL, NULL, NULL, NULL, NULL, NULL, NULL, NULL, NULL, NULL, 'inoerp', '2014-01-08 16:56:50', 'inoerp', '2014-01-08 16:56:50'),
(111, 6, 6, NULL, 'MI_L3TEST01', 10047, 27, NULL, NULL, NULL, NULL, NULL, NULL, NULL, NULL, NULL, NULL, NULL, NULL, NULL, NULL, 2, 6, 1, NULL, NULL, NULL, NULL, NULL, NULL, NULL, NULL, NULL, NULL, NULL, 'inoerp', '2014-01-09 03:58:17', 'inoerp', '2014-01-09 03:58:17'),
(112, 6, 6, NULL, 'MI_PCMPS01', 10057, 27, NULL, NULL, NULL, NULL, NULL, NULL, NULL, NULL, NULL, NULL, NULL, NULL, NULL, NULL, 2, 6, 1, NULL, NULL, NULL, NULL, NULL, NULL, NULL, NULL, NULL, NULL, NULL, 'inoerp', '2014-01-09 03:58:17', 'inoerp', '2014-01-09 03:58:17'),
(113, 6, 6, NULL, 'MI_L3TEST01', 10047, 27, NULL, NULL, NULL, 'Work Order', '6-27', 27, NULL, NULL, NULL, NULL, NULL, 'wip_wo_header_id', NULL, NULL, 2, 6, 1, NULL, NULL, NULL, NULL, NULL, NULL, NULL, NULL, NULL, NULL, NULL, 'inoerp', '2014-01-09 05:28:13', 'inoerp', '2014-01-09 05:28:13'),
(114, 6, 6, NULL, 'MI_PCMPS01', 10057, 27, NULL, NULL, NULL, 'Work Order', '6-27', 27, NULL, NULL, NULL, NULL, NULL, 'wip_wo_header_id', NULL, NULL, 2, 6, 1, NULL, NULL, NULL, NULL, NULL, NULL, NULL, NULL, NULL, NULL, NULL, 'inoerp', '2014-01-09 05:28:13', 'inoerp', '2014-01-09 05:28:13'),
(115, 6, 6, NULL, 'MI_L3TEST01', 10047, 27, NULL, NULL, NULL, 'Work Order', '6-27', 27, NULL, NULL, NULL, NULL, NULL, 'wip_wo_header_id', NULL, NULL, 2, 6, 2, NULL, NULL, NULL, NULL, NULL, NULL, NULL, NULL, NULL, NULL, NULL, 'inoerp', '2014-01-09 05:30:34', 'inoerp', '2014-01-09 05:30:34'),
(116, 6, 6, NULL, 'MI_PCMPS01', 10057, 27, NULL, NULL, NULL, 'Work Order', '6-27', 27, NULL, NULL, NULL, NULL, NULL, 'wip_wo_header_id', NULL, NULL, 2, 6, 2, NULL, NULL, NULL, NULL, NULL, NULL, NULL, NULL, NULL, NULL, NULL, 'inoerp', '2014-01-09 05:30:34', 'inoerp', '2014-01-09 05:30:34'),
(117, 6, 6, NULL, 'MI_PCMPS01', 10057, 27, NULL, NULL, NULL, 'Work Order', '6-28', 28, NULL, NULL, NULL, NULL, NULL, 'wip_wo_header_id', NULL, NULL, 2, 6, 10, NULL, NULL, NULL, NULL, NULL, NULL, NULL, NULL, NULL, NULL, NULL, 'inoerp', '2014-01-09 06:31:03', 'inoerp', '2014-01-09 06:31:03'),
(118, 6, 6, NULL, 'MI_PCMPS01', 10057, 27, NULL, NULL, NULL, 'Work Order', '6-28', 28, NULL, NULL, NULL, NULL, NULL, 'wip_wo_header_id', NULL, NULL, 2, 6, 4, NULL, NULL, NULL, NULL, NULL, NULL, NULL, NULL, NULL, NULL, NULL, 'inoerp', '2014-01-09 06:45:36', 'inoerp', '2014-01-09 06:45:36'),
(119, 6, 6, NULL, 'MI_PCMPS01', 10057, 27, NULL, NULL, NULL, 'Work Order', '6-28', 28, NULL, NULL, NULL, NULL, NULL, 'wip_wo_header_id', NULL, NULL, 2, 6, 5, NULL, NULL, NULL, NULL, NULL, NULL, NULL, NULL, NULL, NULL, NULL, 'inoerp', '2014-01-09 06:46:46', 'inoerp', '2014-01-09 06:46:46'),
(120, 6, 6, NULL, 'MI_PCMPS01', 10057, 27, NULL, NULL, NULL, 'Work Order', '6-28', 28, NULL, NULL, NULL, NULL, NULL, 'wip_wo_header_id', NULL, NULL, 2, 6, 1, NULL, NULL, NULL, NULL, NULL, NULL, NULL, NULL, NULL, NULL, NULL, 'inoerp', '2014-01-09 07:16:52', 'inoerp', '2014-01-09 07:16:52'),
(121, 7, 6, NULL, 'MI_PCMPS01', 10057, 27, NULL, NULL, NULL, 'Work Order', '6-28', 28, NULL, NULL, NULL, NULL, NULL, 'wip_wo_header_id', NULL, NULL, NULL, NULL, 1, NULL, NULL, 2, 6, NULL, NULL, NULL, NULL, NULL, NULL, NULL, 'inoerp', '2014-01-09 10:13:11', 'inoerp', '2014-01-09 10:13:11'),
(122, 7, 6, NULL, 'MI_PCMPS01', 10057, 27, NULL, NULL, NULL, 'Work Order', '6-28', 28, NULL, NULL, NULL, NULL, NULL, 'wip_wo_header_id', NULL, NULL, NULL, NULL, 1, NULL, NULL, 2, 6, NULL, NULL, NULL, NULL, NULL, NULL, NULL, 'inoerp', '2014-01-09 10:15:25', 'inoerp', '2014-01-09 10:15:25'),
(123, 6, 6, NULL, 'MI_PCMPS01', 10057, 27, NULL, NULL, NULL, 'Work Order', '6-28', 28, NULL, NULL, NULL, NULL, NULL, 'wip_wo_header_id', NULL, NULL, 2, 6, 10, NULL, NULL, NULL, NULL, NULL, NULL, NULL, NULL, NULL, NULL, NULL, 'inoerp', '2014-01-09 10:54:43', 'inoerp', '2014-01-09 10:54:43'),
(124, 6, 6, NULL, 'MI_PCPowerCable', 10059, 27, NULL, NULL, NULL, 'Work Order', '6-28', 28, NULL, NULL, NULL, NULL, NULL, 'wip_wo_header_id', NULL, NULL, 3, 13, 10, NULL, NULL, NULL, NULL, NULL, NULL, NULL, NULL, NULL, NULL, NULL, 'inoerp', '2014-01-09 10:54:43', 'inoerp', '2014-01-09 10:54:43'),
(125, 6, 6, NULL, 'MI_PCMPS01', 10057, 27, NULL, NULL, NULL, 'Work Order', '6-29', 29, NULL, NULL, NULL, NULL, NULL, 'wip_wo_header_id', NULL, NULL, 2, 6, 10, NULL, NULL, NULL, NULL, NULL, NULL, NULL, NULL, NULL, NULL, NULL, 'inoerp', '2014-01-09 14:32:34', 'inoerp', '2014-01-09 14:32:34'),
(126, 6, 6, NULL, 'MI_L3TEST01', 10047, 27, NULL, NULL, NULL, 'Work Order', '6-29', 29, NULL, NULL, NULL, NULL, NULL, 'wip_wo_header_id', NULL, NULL, 2, 6, 20, NULL, NULL, NULL, NULL, NULL, NULL, NULL, NULL, NULL, NULL, NULL, 'inoerp', '2014-01-09 14:32:34', 'inoerp', '2014-01-09 14:32:34'),
(127, 6, 6, NULL, 'MI_PCPowerCable', 10059, 27, NULL, NULL, NULL, 'Work Order', '6-29', 29, NULL, NULL, NULL, NULL, NULL, 'wip_wo_header_id', NULL, NULL, 3, 13, 10, NULL, NULL, NULL, NULL, NULL, NULL, NULL, NULL, NULL, NULL, NULL, 'inoerp', '2014-01-09 14:32:34', 'inoerp', '2014-01-09 14:32:34'),
(128, 6, 6, NULL, 'MI_PCMPS01', 10057, 27, NULL, NULL, NULL, 'Work Order', '6-29', 29, NULL, NULL, NULL, NULL, NULL, 'wip_wo_header_id', NULL, NULL, 2, 6, 15, NULL, NULL, NULL, NULL, NULL, NULL, NULL, NULL, NULL, NULL, NULL, 'inoerp', '2014-01-09 14:36:35', 'inoerp', '2014-01-09 14:36:35'),
(129, 6, 6, NULL, 'MI_L3TEST01', 10047, 27, NULL, NULL, NULL, 'Work Order', '6-29', 29, NULL, NULL, NULL, NULL, NULL, 'wip_wo_header_id', NULL, NULL, 2, 6, 30, NULL, NULL, NULL, NULL, NULL, NULL, NULL, NULL, NULL, NULL, NULL, 'inoerp', '2014-01-09 14:36:35', 'inoerp', '2014-01-09 14:36:35'),
(130, 6, 6, NULL, 'MI_PCMPS01', 10057, 27, NULL, NULL, NULL, 'Work Order', '6-29', 29, NULL, NULL, NULL, NULL, NULL, 'wip_wo_header_id', NULL, NULL, 2, 6, 30, NULL, NULL, NULL, NULL, NULL, NULL, NULL, NULL, NULL, NULL, NULL, 'inoerp', '2014-01-09 14:45:01', 'inoerp', '2014-01-09 14:45:01'),
(131, 6, 6, NULL, 'MI_L3TEST01', 10047, 27, NULL, NULL, NULL, 'Work Order', '6-29', 29, NULL, NULL, NULL, NULL, NULL, 'wip_wo_header_id', NULL, NULL, 2, 6, 60, NULL, NULL, NULL, NULL, NULL, NULL, NULL, NULL, NULL, NULL, NULL, 'inoerp', '2014-01-09 14:45:01', 'inoerp', '2014-01-09 14:45:01'),
(132, 6, 6, NULL, 'MI_PCMPS01', 10057, 27, NULL, NULL, NULL, 'Work Order', '6-29', 29, NULL, NULL, NULL, NULL, NULL, 'wip_wo_header_id', NULL, NULL, 2, 6, 5, NULL, NULL, NULL, NULL, NULL, NULL, NULL, NULL, NULL, NULL, NULL, 'inoerp', '2014-01-09 14:50:55', 'inoerp', '2014-01-09 14:50:55'),
(133, 6, 6, NULL, 'MI_L3TEST01', 10047, 27, NULL, NULL, NULL, 'Work Order', '6-29', 29, NULL, NULL, NULL, NULL, NULL, 'wip_wo_header_id', NULL, NULL, 2, 6, 10, NULL, NULL, NULL, NULL, NULL, NULL, NULL, NULL, NULL, NULL, NULL, 'inoerp', '2014-01-09 14:50:55', 'inoerp', '2014-01-09 14:50:55'),
(134, 6, 6, NULL, 'MI_L4ATEST01', 10049, 27, NULL, NULL, NULL, 'Work Order', '6-29', 29, NULL, NULL, NULL, NULL, NULL, 'wip_wo_header_id', NULL, NULL, 2, 6, 5, NULL, NULL, NULL, NULL, NULL, NULL, NULL, NULL, NULL, NULL, NULL, 'inoerp', '2014-01-09 14:50:55', 'inoerp', '2014-01-09 14:50:55'),
(135, 7, 6, NULL, 'MI_L4ATEST01', 10049, 27, NULL, NULL, NULL, 'Work Order', '6-29', 29, NULL, NULL, NULL, NULL, NULL, 'wip_wo_header_id', NULL, NULL, NULL, NULL, 15, NULL, NULL, 2, 6, NULL, NULL, NULL, NULL, NULL, NULL, NULL, 'inoerp', '2014-01-09 15:24:27', 'inoerp', '2014-01-09 15:24:27'),
(136, 7, 6, NULL, 'MI_L3TEST01', 10047, 27, NULL, NULL, NULL, 'Work Order', '6-29', 29, NULL, NULL, NULL, NULL, NULL, 'wip_wo_header_id', NULL, NULL, NULL, NULL, 30, NULL, NULL, 2, 6, NULL, NULL, NULL, NULL, NULL, NULL, NULL, 'inoerp', '2014-01-09 15:24:27', 'inoerp', '2014-01-09 15:24:27'),
(137, 7, 6, NULL, 'MI_L4ATEST01', 10049, 27, NULL, NULL, NULL, 'Work Order', '6-29', 29, NULL, NULL, NULL, NULL, NULL, 'wip_wo_header_id', NULL, NULL, NULL, NULL, 5, NULL, NULL, 2, 6, NULL, NULL, NULL, NULL, NULL, NULL, NULL, 'inoerp', '2014-01-09 15:32:03', 'inoerp', '2014-01-09 15:32:03'),
(138, 7, 6, NULL, 'MI_L3TEST01', 10047, 27, NULL, NULL, NULL, 'Work Order', '6-29', 29, NULL, NULL, NULL, NULL, NULL, 'wip_wo_header_id', NULL, NULL, NULL, NULL, 10, NULL, NULL, 2, 6, NULL, NULL, NULL, NULL, NULL, NULL, NULL, 'inoerp', '2014-01-09 15:32:03', 'inoerp', '2014-01-09 15:32:03'),
(139, 7, 6, NULL, 'MI_L4ATEST01', 10049, 27, NULL, NULL, NULL, 'Work Order', '6-29', 29, NULL, NULL, NULL, NULL, NULL, 'wip_wo_header_id', NULL, NULL, NULL, NULL, 5, NULL, NULL, 2, 6, NULL, NULL, NULL, NULL, NULL, NULL, NULL, 'inoerp', '2014-01-09 15:34:31', 'inoerp', '2014-01-09 15:34:31'),
(140, 7, 6, NULL, 'MI_L3TEST01', 10047, 27, NULL, NULL, NULL, 'Work Order', '6-29', 29, NULL, NULL, NULL, NULL, NULL, 'wip_wo_header_id', NULL, NULL, NULL, NULL, 10, NULL, NULL, 2, 6, NULL, NULL, NULL, NULL, NULL, NULL, NULL, 'inoerp', '2014-01-09 15:34:31', 'inoerp', '2014-01-09 15:34:31'),
(141, 7, 6, NULL, 'MI_L4ATEST01', 10049, 27, NULL, NULL, NULL, 'Work Order', '6-29', 29, NULL, NULL, NULL, NULL, NULL, 'wip_wo_header_id', NULL, NULL, NULL, NULL, 2, NULL, NULL, 2, 6, NULL, NULL, NULL, NULL, NULL, NULL, NULL, 'inoerp', '2014-01-09 15:38:02', 'inoerp', '2014-01-09 15:38:02'),
(142, 7, 6, NULL, 'MI_L3TEST01', 10047, 27, NULL, NULL, NULL, 'Work Order', '6-29', 29, NULL, NULL, NULL, NULL, NULL, 'wip_wo_header_id', NULL, NULL, NULL, NULL, 4, NULL, NULL, 2, 6, NULL, NULL, NULL, NULL, NULL, NULL, NULL, 'inoerp', '2014-01-09 15:38:02', 'inoerp', '2014-01-09 15:38:02'),
(143, 7, 6, NULL, 'MI_L4ATEST01', 10049, 27, NULL, NULL, NULL, 'Work Order', '6-29', 29, NULL, NULL, NULL, NULL, NULL, 'wip_wo_header_id', NULL, NULL, NULL, NULL, 2, NULL, NULL, 2, 6, NULL, NULL, NULL, NULL, NULL, NULL, NULL, 'inoerp', '2014-01-09 15:40:08', 'inoerp', '2014-01-09 15:40:08'),
(144, 7, 6, NULL, 'MI_L3TEST01', 10047, 27, NULL, NULL, NULL, 'Work Order', '6-29', 29, NULL, NULL, NULL, NULL, NULL, 'wip_wo_header_id', NULL, NULL, NULL, NULL, 4, NULL, NULL, 2, 6, NULL, NULL, NULL, NULL, NULL, NULL, NULL, 'inoerp', '2014-01-09 15:40:08', 'inoerp', '2014-01-09 15:40:08'),
(145, 7, 6, NULL, 'MI_L4ATEST01', 10049, 27, NULL, NULL, NULL, 'Work Order', '6-29', 29, NULL, NULL, NULL, NULL, NULL, 'wip_wo_header_id', NULL, NULL, NULL, NULL, 1, NULL, NULL, 2, 6, NULL, NULL, NULL, NULL, NULL, NULL, NULL, 'inoerp', '2014-01-09 15:42:09', 'inoerp', '2014-01-09 15:42:09'),
(146, 7, 6, NULL, 'MI_L3TEST01', 10047, 27, NULL, NULL, NULL, 'Work Order', '6-29', 29, NULL, NULL, NULL, NULL, NULL, 'wip_wo_header_id', NULL, NULL, NULL, NULL, 2, NULL, NULL, 2, 6, NULL, NULL, NULL, NULL, NULL, NULL, NULL, 'inoerp', '2014-01-09 15:42:09', 'inoerp', '2014-01-09 15:42:09'),
(147, 7, 6, NULL, 'MI_L4ATEST01', 10049, 27, NULL, NULL, NULL, 'Work Order', '6-29', 29, NULL, NULL, NULL, NULL, NULL, 'wip_wo_header_id', NULL, NULL, NULL, NULL, 1, NULL, NULL, 2, 6, NULL, NULL, NULL, NULL, NULL, NULL, NULL, 'inoerp', '2014-01-09 15:45:42', 'inoerp', '2014-01-09 15:45:42'),
(148, 7, 6, NULL, 'MI_L3TEST01', 10047, 27, NULL, NULL, NULL, 'Work Order', '6-29', 29, NULL, NULL, NULL, NULL, NULL, 'wip_wo_header_id', NULL, NULL, NULL, NULL, 2, NULL, NULL, 2, 6, NULL, NULL, NULL, NULL, NULL, NULL, NULL, 'inoerp', '2014-01-09 15:45:42', 'inoerp', '2014-01-09 15:45:42'),
(149, 7, 6, NULL, 'MI_PCMPS01', 10057, 27, NULL, NULL, NULL, 'Work Order', '6-29', 29, NULL, NULL, NULL, NULL, NULL, 'wip_wo_header_id', NULL, NULL, NULL, NULL, 1, NULL, NULL, 2, 6, NULL, NULL, NULL, NULL, NULL, NULL, NULL, 'inoerp', '2014-01-09 15:45:42', 'inoerp', '2014-01-09 15:45:42'),
(150, 6, 6, NULL, 'MI_CABINETA01', 10043, 27, NULL, NULL, NULL, 'Work Order', 'WO50', 30, NULL, NULL, NULL, NULL, NULL, 'wip_wo_header_id', NULL, NULL, 2, 5, 30, NULL, NULL, NULL, NULL, NULL, NULL, NULL, NULL, NULL, NULL, NULL, 'inoerp', '2014-01-14 04:22:31', 'inoerp', '2014-01-14 04:22:31'),
(151, 6, 6, NULL, 'MI_PCPowerCable', 10059, 27, NULL, NULL, NULL, 'Work Order', 'WO50', 30, NULL, NULL, NULL, NULL, NULL, 'wip_wo_header_id', NULL, NULL, 2, 5, 60, NULL, NULL, NULL, NULL, NULL, NULL, NULL, NULL, NULL, NULL, NULL, 'inoerp', '2014-01-14 04:22:31', 'inoerp', '2014-01-14 04:22:31'),
(152, 7, 6, NULL, 'MI_CABINETA01', 10043, 27, NULL, NULL, NULL, 'Work Order', 'WO50', 30, NULL, NULL, NULL, NULL, NULL, 'wip_wo_header_id', NULL, NULL, NULL, NULL, 12, NULL, NULL, 2, 5, NULL, NULL, NULL, NULL, NULL, NULL, NULL, 'inoerp', '2014-01-14 04:45:34', 'inoerp', '2014-01-14 04:45:34'),
(153, 7, 6, NULL, 'MI_PCPowerCable', 10059, 27, NULL, NULL, NULL, 'Work Order', 'WO50', 30, NULL, NULL, NULL, NULL, NULL, 'wip_wo_header_id', NULL, NULL, NULL, NULL, 24, NULL, NULL, 2, 5, NULL, NULL, NULL, NULL, NULL, NULL, NULL, 'inoerp', '2014-01-14 04:45:34', 'inoerp', '2014-01-14 04:45:34'),
(154, 6, 6, NULL, 'MI_CABINETA01', 10043, 27, NULL, NULL, NULL, 'Work Order', 'WO50', 30, NULL, NULL, NULL, NULL, NULL, 'wip_wo_header_id', NULL, NULL, 2, 5, 1, NULL, NULL, NULL, NULL, NULL, NULL, NULL, NULL, NULL, NULL, NULL, 'inoerp', '2014-01-14 07:29:21', 'inoerp', '2014-01-14 07:29:21'),
(155, 6, 6, NULL, 'MI_PCPowerCable', 10059, 27, NULL, NULL, NULL, 'Work Order', 'WO50', 30, NULL, NULL, NULL, NULL, NULL, 'wip_wo_header_id', NULL, NULL, 2, 5, 2, NULL, NULL, NULL, NULL, NULL, NULL, NULL, NULL, NULL, NULL, NULL, 'inoerp', '2014-01-14 07:29:21', 'inoerp', '2014-01-14 07:29:21'),
(156, 6, 6, NULL, 'MI_CPUA01', 10037, 27, NULL, NULL, NULL, 'Work Order', 'WO50', 30, NULL, NULL, NULL, NULL, NULL, 'wip_wo_header_id', NULL, NULL, 2, 5, 1, NULL, NULL, NULL, NULL, NULL, NULL, NULL, NULL, NULL, NULL, NULL, 'inoerp', '2014-01-15 09:06:34', 'inoerp', '2014-01-15 09:06:34'),
(157, 6, 6, NULL, 'MI_MONITORA01', 10039, 27, NULL, NULL, NULL, 'Work Order', 'WO50', 30, NULL, NULL, NULL, NULL, NULL, 'wip_wo_header_id', NULL, NULL, 3, 9, 1, NULL, NULL, NULL, NULL, NULL, NULL, NULL, NULL, NULL, NULL, NULL, 'inoerp', '2014-01-15 09:06:34', 'inoerp', '2014-01-15 09:06:34'),
(158, 6, 6, NULL, 'MI_CABINETA01', 10043, 27, NULL, NULL, NULL, 'Work Order', 'WO50', 30, 52, NULL, NULL, NULL, NULL, 'wip_wo_header_id', NULL, NULL, 2, 5, 3, NULL, NULL, NULL, NULL, NULL, NULL, NULL, NULL, NULL, NULL, NULL, 'inoerp', '2014-01-15 10:41:54', 'inoerp', '2014-01-15 10:41:54'),
(159, 6, 6, NULL, 'MI_CABINETA01', 10043, 27, NULL, NULL, NULL, 'Work Order', 'WO50', 30, 52, NULL, NULL, NULL, NULL, 'wip_wo_header_id', NULL, NULL, 2, 5, 3, NULL, NULL, NULL, NULL, NULL, NULL, NULL, NULL, NULL, NULL, NULL, 'inoerp', '2014-01-15 10:45:00', 'inoerp', '2014-01-15 10:45:00'),
(160, 6, 6, NULL, 'MI_CABINETA01', 10043, 27, NULL, NULL, NULL, 'Work Order', 'WO50', 30, 52, NULL, NULL, NULL, NULL, 'wip_wo_header_id', NULL, NULL, 2, 5, 3, NULL, NULL, NULL, NULL, NULL, NULL, NULL, NULL, NULL, NULL, NULL, 'inoerp', '2014-01-15 10:47:10', 'inoerp', '2014-01-15 10:47:10'),
(161, 11, 6, NULL, 'MI_DESKTOPA01', 10035, 27, NULL, NULL, NULL, 'Work Order', 'WO50', 30, NULL, NULL, NULL, NULL, NULL, 'wip_wo_header_id', NULL, NULL, NULL, NULL, 2, NULL, NULL, 2, 7, NULL, NULL, NULL, NULL, NULL, NULL, NULL, 'inoerp', '2014-01-16 11:16:40', 'inoerp', '2014-01-16 11:16:40'),
(162, 11, 6, NULL, 'MI_DESKTOPA01', 10035, 27, NULL, NULL, NULL, 'Work Order', 'WO50', 30, NULL, NULL, NULL, NULL, NULL, 'wip_wo_header_id', NULL, NULL, NULL, NULL, 5, NULL, NULL, 2, 7, NULL, NULL, NULL, NULL, NULL, NULL, NULL, 'inoerp', '2014-01-16 11:31:02', 'inoerp', '2014-01-16 11:31:02'),
(163, 11, 6, NULL, 'MI_DESKTOPA01', 10035, 27, NULL, NULL, NULL, 'Work Order', 'WO50', 30, NULL, NULL, NULL, NULL, NULL, 'wip_wo_header_id', NULL, NULL, NULL, NULL, 5, NULL, NULL, 2, 7, NULL, NULL, NULL, NULL, NULL, NULL, NULL, 'inoerp', '2014-01-16 11:31:02', 'inoerp', '2014-01-16 11:31:02'),
(164, 11, 6, NULL, 'MI_DESKTOPA01', 10035, 27, NULL, NULL, NULL, 'Work Order', 'WO50', 30, NULL, NULL, NULL, NULL, NULL, 'wip_wo_header_id', NULL, NULL, NULL, NULL, 5, NULL, NULL, 2, 7, NULL, NULL, NULL, NULL, NULL, NULL, NULL, 'inoerp', '2014-01-16 11:32:05', 'inoerp', '2014-01-16 11:32:05'),
(165, 11, 6, NULL, 'MI_DESKTOPA01', 10035, 27, NULL, NULL, NULL, 'Work Order', 'WO50', 30, NULL, NULL, NULL, NULL, NULL, 'wip_wo_header_id', NULL, NULL, NULL, NULL, 5, NULL, NULL, 2, 7, NULL, NULL, NULL, NULL, NULL, NULL, NULL, 'inoerp', '2014-01-16 11:32:05', 'inoerp', '2014-01-16 11:32:05'),
(166, 11, 6, NULL, 'MI_DESKTOPA01', 10035, 27, NULL, NULL, NULL, 'Work Order', 'WO50', 30, NULL, NULL, NULL, NULL, NULL, 'wip_wo_header_id', NULL, NULL, NULL, NULL, 5, NULL, NULL, 2, 7, NULL, NULL, NULL, NULL, NULL, NULL, NULL, 'inoerp', '2014-01-16 11:33:23', 'inoerp', '2014-01-16 11:33:23'),
(167, 11, 6, NULL, 'MI_DESKTOPA01', 10035, 27, NULL, NULL, NULL, 'Work Order', 'WO50', 30, NULL, NULL, NULL, NULL, NULL, 'wip_wo_header_id', NULL, NULL, NULL, NULL, 5, NULL, NULL, 2, 7, NULL, NULL, NULL, NULL, NULL, NULL, NULL, 'inoerp', '2014-01-16 11:33:23', 'inoerp', '2014-01-16 11:33:23'),
(168, 11, 6, NULL, 'MI_DESKTOPA01', 10035, 27, NULL, NULL, NULL, 'Work Order', 'WO50', 30, NULL, NULL, NULL, NULL, NULL, 'wip_wo_header_id', NULL, NULL, NULL, NULL, 5, NULL, NULL, 2, 7, NULL, NULL, NULL, NULL, NULL, NULL, NULL, 'inoerp', '2014-01-16 11:34:15', 'inoerp', '2014-01-16 11:34:15'),
(169, 11, 6, NULL, 'MI_DESKTOPA01', 10035, 27, NULL, NULL, NULL, 'Work Order', 'WO50', 30, NULL, NULL, NULL, NULL, NULL, 'wip_wo_header_id', NULL, NULL, NULL, NULL, 5, NULL, NULL, 2, 7, NULL, NULL, NULL, NULL, NULL, NULL, NULL, 'inoerp', '2014-01-16 11:34:15', 'inoerp', '2014-01-16 11:34:15'),
(170, 11, 6, NULL, 'MI_DESKTOPA01', 10035, 27, NULL, NULL, NULL, 'Work Order', 'WO50', 30, NULL, NULL, NULL, NULL, NULL, 'wip_wo_header_id', NULL, NULL, NULL, NULL, 5, NULL, NULL, 2, 7, NULL, NULL, NULL, NULL, NULL, NULL, NULL, 'inoerp', '2014-01-16 11:36:26', 'inoerp', '2014-01-16 11:36:26'),
(171, 11, 6, NULL, 'MI_DESKTOPA01', 10035, 27, NULL, NULL, NULL, 'Work Order', 'WO50', 30, NULL, NULL, NULL, NULL, NULL, 'wip_wo_header_id', NULL, NULL, NULL, NULL, 5, NULL, NULL, 2, 7, NULL, NULL, NULL, NULL, NULL, NULL, NULL, 'inoerp', '2014-01-16 11:36:59', 'inoerp', '2014-01-16 11:36:59'),
(172, 11, 6, NULL, 'MI_DESKTOPA01', 10035, 27, NULL, NULL, NULL, 'Work Order', 'WO50', 30, NULL, NULL, NULL, NULL, NULL, 'wip_wo_header_id', NULL, NULL, NULL, NULL, 5, NULL, NULL, 2, 7, NULL, NULL, NULL, NULL, NULL, NULL, NULL, 'inoerp', '2014-01-16 11:36:59', 'inoerp', '2014-01-16 11:36:59');

-- --------------------------------------------------------

--
-- Table structure for table `item`
--

CREATE TABLE IF NOT EXISTS `item` (
  `item_id` int(12) NOT NULL AUTO_INCREMENT,
  `org_id` int(12) NOT NULL,
  `item_number` varchar(50) NOT NULL,
  `item_description` varchar(256) DEFAULT NULL,
  `locator_control` varchar(50) DEFAULT NULL,
  `allow_negative_balance_cb` tinyint(1) DEFAULT NULL,
  `long_description` text,
  `uom_id` int(12) NOT NULL,
  `item_type` varchar(50) DEFAULT NULL,
  `item_status` varchar(50) NOT NULL,
  `inventory_item_cb` tinyint(1) DEFAULT NULL,
  `stockable_cb` tinyint(1) DEFAULT NULL,
  `transactable_cb` tinyint(1) DEFAULT NULL,
  `reservable_cb` tinyint(1) DEFAULT NULL,
  `cycle_count_enabled_cb` tinyint(1) DEFAULT NULL,
  `bom_enabled_cb` tinyint(1) DEFAULT NULL,
  `bom_type` varchar(50) DEFAULT NULL,
  `costing_enabled_cb` tinyint(1) DEFAULT NULL,
  `inventory_asset_cb` tinyint(1) DEFAULT NULL,
  `default_cost_group` varchar(50) DEFAULT NULL,
  `material_ac_id` varchar(256) DEFAULT NULL,
  `material_oh_ac_id` varchar(256) DEFAULT NULL,
  `overhead_ac_id` varchar(256) DEFAULT NULL,
  `resource_ac_id` varchar(256) DEFAULT NULL,
  `osp_ac_id` varchar(256) DEFAULT NULL,
  `expense_ac_id` varchar(256) DEFAULT NULL,
  `lot_uniqueness` varchar(50) DEFAULT NULL,
  `lot_generation` varchar(50) DEFAULT NULL,
  `lot_prefix` varchar(50) DEFAULT NULL,
  `lot_starting_number` varchar(50) DEFAULT NULL,
  `serial_uniqueness` varchar(50) DEFAULT NULL,
  `serial_generation` varchar(50) DEFAULT NULL,
  `serial_prefix` varchar(50) DEFAULT NULL,
  `serial_starting_number` varchar(50) DEFAULT NULL,
  `purchased_cb` tinyint(1) DEFAULT NULL,
  `use_asl_cb` tinyint(1) DEFAULT NULL,
  `invoice_matching` varchar(25) DEFAULT NULL,
  `default_buyer` varchar(50) DEFAULT NULL,
  `list_price` varchar(50) DEFAULT NULL,
  `un_number` varchar(256) DEFAULT NULL,
  `hazard_classs` varchar(256) DEFAULT NULL,
  `receipt_sub_inventory` varchar(50) DEFAULT NULL,
  `over_receipt_percentage` int(10) DEFAULT NULL,
  `over_receipt_action` varchar(50) DEFAULT NULL,
  `receipt_days_early` int(10) DEFAULT NULL,
  `receipt_days_late` int(10) DEFAULT NULL,
  `receipt_day_action` varchar(50) DEFAULT NULL,
  `receipt_routing` varchar(50) DEFAULT NULL,
  `weight_uom_id` int(12) DEFAULT NULL,
  `weight` int(12) DEFAULT NULL,
  `volume_uom_id` int(12) DEFAULT NULL,
  `volume` int(12) DEFAULT NULL,
  `dimension_uom_id` int(12) DEFAULT NULL,
  `length` int(12) DEFAULT NULL,
  `width` int(12) DEFAULT NULL,
  `height` int(12) DEFAULT NULL,
  `equipment_cb` tinyint(1) DEFAULT NULL,
  `electronic_format_cb` tinyint(1) DEFAULT NULL,
  `planning_method` varchar(50) DEFAULT NULL,
  `planner` varchar(50) DEFAULT NULL,
  `make_buy` varchar(50) DEFAULT NULL,
  `wip_supply_subinventory` int(12) DEFAULT NULL,
  `wip_supply_locator` int(12) DEFAULT NULL,
  `fix_order_quantity` int(12) DEFAULT NULL,
  `fix_days_supply` int(12) DEFAULT NULL,
  `fix_lot_multiplier` int(12) DEFAULT NULL,
  `minimum_order_quantity` int(12) DEFAULT NULL,
  `maximum_order_quantity` int(12) DEFAULT NULL,
  `forecast_method` varchar(50) DEFAULT NULL,
  `forecast_control` varchar(50) DEFAULT NULL,
  `demand_timefence` int(12) DEFAULT NULL,
  `planning_timefence` int(12) DEFAULT NULL,
  `release_timefence` int(12) DEFAULT NULL,
  `pre_processing_lt` int(12) DEFAULT NULL,
  `post_processing_lt` int(12) DEFAULT NULL,
  `processing_lt` int(12) DEFAULT NULL,
  `cumulative_mfg_lt` int(12) DEFAULT NULL,
  `cumulative_total_lt` int(12) DEFAULT NULL,
  `lt_lot_size` int(12) DEFAULT NULL,
  `build_in_wip_cb` tinyint(1) DEFAULT NULL,
  `wip_supply_type` varchar(50) DEFAULT NULL,
  `customer_ordered_cb` tinyint(1) DEFAULT NULL,
  `internal_ordered_cb` tinyint(1) DEFAULT NULL,
  `shippable_cb` tinyint(1) DEFAULT NULL,
  `returnable_cb` tinyint(1) DEFAULT NULL,
  `invoiceable_cb` tinyint(1) DEFAULT NULL,
  `ef1` varchar(256) DEFAULT NULL,
  `ef2` varchar(256) DEFAULT NULL,
  `atp` varchar(50) DEFAULT NULL,
  `picking_rule` varchar(50) DEFAULT NULL,
  `sourcing_rule` varchar(50) DEFAULT NULL,
  `sales_ac_id` varchar(256) DEFAULT NULL,
  `cogs_ac_id` varchar(256) DEFAULT NULL,
  `deffered_cogs_ac_id` varchar(256) DEFAULT NULL,
  `ap_tax` varchar(256) DEFAULT NULL,
  `sales_tax` varchar(256) DEFAULT NULL,
  `ap_payment_term` varchar(50) DEFAULT NULL,
  `ar_payment_term` varchar(50) DEFAULT NULL,
  `ef_id` int(12) DEFAULT NULL,
  `rev_enabled_cb` tinyint(1) DEFAULT NULL,
  `rev_number` int(12) DEFAULT NULL,
  `item_rev_enabled_cb` float DEFAULT NULL,
  `item_rev_number` int(12) DEFAULT NULL,
  `created_by` varchar(50) DEFAULT NULL,
  `creation_date` varchar(50) DEFAULT NULL,
  `last_update_by` varchar(50) NOT NULL,
  `last_update_date` varchar(50) NOT NULL,
  PRIMARY KEY (`item_id`),
  UNIQUE KEY `item_number_2` (`item_number`,`org_id`)
) ENGINE=MyISAM  DEFAULT CHARSET=latin1 AUTO_INCREMENT=10066 ;

--
-- Dumping data for table `item`
--

INSERT INTO `item` (`item_id`, `org_id`, `item_number`, `item_description`, `locator_control`, `allow_negative_balance_cb`, `long_description`, `uom_id`, `item_type`, `item_status`, `inventory_item_cb`, `stockable_cb`, `transactable_cb`, `reservable_cb`, `cycle_count_enabled_cb`, `bom_enabled_cb`, `bom_type`, `costing_enabled_cb`, `inventory_asset_cb`, `default_cost_group`, `material_ac_id`, `material_oh_ac_id`, `overhead_ac_id`, `resource_ac_id`, `osp_ac_id`, `expense_ac_id`, `lot_uniqueness`, `lot_generation`, `lot_prefix`, `lot_starting_number`, `serial_uniqueness`, `serial_generation`, `serial_prefix`, `serial_starting_number`, `purchased_cb`, `use_asl_cb`, `invoice_matching`, `default_buyer`, `list_price`, `un_number`, `hazard_classs`, `receipt_sub_inventory`, `over_receipt_percentage`, `over_receipt_action`, `receipt_days_early`, `receipt_days_late`, `receipt_day_action`, `receipt_routing`, `weight_uom_id`, `weight`, `volume_uom_id`, `volume`, `dimension_uom_id`, `length`, `width`, `height`, `equipment_cb`, `electronic_format_cb`, `planning_method`, `planner`, `make_buy`, `wip_supply_subinventory`, `wip_supply_locator`, `fix_order_quantity`, `fix_days_supply`, `fix_lot_multiplier`, `minimum_order_quantity`, `maximum_order_quantity`, `forecast_method`, `forecast_control`, `demand_timefence`, `planning_timefence`, `release_timefence`, `pre_processing_lt`, `post_processing_lt`, `processing_lt`, `cumulative_mfg_lt`, `cumulative_total_lt`, `lt_lot_size`, `build_in_wip_cb`, `wip_supply_type`, `customer_ordered_cb`, `internal_ordered_cb`, `shippable_cb`, `returnable_cb`, `invoiceable_cb`, `ef1`, `ef2`, `atp`, `picking_rule`, `sourcing_rule`, `sales_ac_id`, `cogs_ac_id`, `deffered_cogs_ac_id`, `ap_tax`, `sales_tax`, `ap_payment_term`, `ar_payment_term`, `ef_id`, `rev_enabled_cb`, `rev_number`, `item_rev_enabled_cb`, `item_rev_number`, `created_by`, `creation_date`, `last_update_by`, `last_update_date`) VALUES
(1, 7, 'TEST03', 'TEST03', '                                 ', 1, '', 27, 'PRODUCT', '277', 1, 1, 1, 1, 0, 1, '', 0, 0, '', '21', '', '', '', '', '', '', '', '                                 ', '                                 ', '', '', '                                 ', '                                 ', 1, 1, '', '', '', '', '', NULL, 0, NULL, 0, 0, '                                 ', '                                 ', 0, 0, 0, 0, 0, 0, 0, 0, 0, 0, '', '', 'Buy', NULL, NULL, 0, 0, 0, 0, 0, '', '', 0, 0, 0, 0, 0, 0, 0, 0, 0, 0, '', 1, 1, 1, 1, 0, '', '', '', '', '', '', '', '', '', '', '', '', 0, 1, 0, 0, 0, 'inoerp', '2013-10-08 10:39:27', 'inoerp', '2013-10-08 10:39:27'),
(2, 7, 'TEST04', 'TEST04', '                                                  ', 1, '', 27, 'PRODUCT', '277', 0, 0, 0, 0, 0, 0, '', 0, 0, '', '', '', '', '', NULL, '', '', '', '                                                  ', '                                                  ', '', '', '                                 ', '                                 ', 0, 0, '', '', '', '', '', NULL, 0, NULL, 0, 0, '                                                  ', '                                                  ', 0, 0, 0, 0, 0, 0, 0, 0, 0, 0, '', '', 'Make', NULL, NULL, 0, 0, 0, 0, 0, '', '', 0, 0, 0, 0, 0, 0, 0, 0, 0, 0, '', 0, 0, 0, 0, 0, '', '', '', '', '', '', '', '', '', '', '', '', 0, 1, 0, 0, NULL, 'inoerp', '2013-11-28 10:50:47', 'inoerp', '2013-11-28 10:50:47'),
(10033, 6, 'TEST04', 'TEST04', '                                                  ', 1, '', 27, 'PRODUCT', '277', 0, 0, 0, 0, 0, 0, '', 0, 0, '', '', '', '', '', NULL, '', '', '', '                                                  ', '                                                  ', '', '', '                                 ', '                                 ', 0, 0, '', '', '', '', '', NULL, 0, NULL, 0, 0, '                                                  ', '                                                  ', 0, 0, 0, 0, 0, 0, 0, 0, 0, 0, '', '', 'Make', NULL, NULL, 0, 0, 0, 0, 0, '', '', 0, 0, 0, 0, 0, 0, 0, 0, 0, 0, '', 0, 0, 0, 0, 0, '', '', '', '', '', '', '', '', '', '', '', '', 0, 1, 0, 0, NULL, 'inoerp', '2013-11-28 10:50:47', 'inoerp', '2013-11-28 10:50:47'),
(3, 7, 'FG_001', 'Finished Good 001', '                                                  ', 0, '', 26, 'PRODUCT', '277', 1, 1, 1, 0, 0, 0, '', 0, 0, '', '', '', '', '', '', '', '', '', '                                                  ', '                                                  ', '', '', '                                 ', '                                 ', 0, 0, '', '', '', '', '', NULL, 0, NULL, 0, 0, '                                                  ', '                                                  ', 27, 0, 0, 0, 0, 0, 0, 0, 0, 0, '', '', 'Make', NULL, NULL, 0, 0, 0, 0, 0, '', '', 0, 0, 0, 13, 0, 2, 0, 0, 0, 0, '', 0, 0, 0, 0, 0, '', '', '', '', '', '', '', '', '', '', '', '', 0, 1, 0, 1, 1, 'inoerp', '2013-11-15 17:49:45', 'inoerp', '2013-11-15 17:49:45'),
(4, 7, 'BUY_01', 'BUY_01', '                                                  ', 0, '', 0, '                                                  ', 'Active                                 ', 0, 0, 0, 0, 0, 0, '', 0, 0, '', '', '', '', '', NULL, '', '', '', '                                                  ', '                                                  ', '', '', '                                                  ', '                                                  ', 0, 0, '', '', '', '', '', NULL, 0, NULL, 0, 0, '                                                  ', '                                                  ', 0, 0, 0, 0, 0, 0, 0, 0, 0, 0, '', '', '', NULL, NULL, 0, 0, 0, 0, 0, '', '', 0, 0, 0, 111, 0, 0, 0, 0, 0, 0, '', 0, 0, 0, 0, 0, '', '', '', '', '', '', '', '', '', '', '', '', 0, 0, 0, NULL, NULL, 'inoerp', '08-07-2013 10:18:08', 'inoerp', '08-07-13 10:41:23'),
(5, 7, 'buy_03', 'buy_03', '                                 ', 0, '', 27, 'PRODUCT', '277', 1, 0, 1, 0, 0, 1, '', 0, 0, '', '', '', '', '', '', '', '', '', '                                 ', '                                 ', '', '', '                                 ', '                                 ', 0, 0, '', '', '', '', '', NULL, 0, NULL, 0, 0, '                                 ', '                                 ', 0, 0, 0, 0, 0, 0, 0, 0, 0, 0, '', '', 'Buy', NULL, NULL, 0, 0, 0, 0, 0, '', '', 0, 0, 0, 0, 0, 0, 0, 0, 0, 0, '', 0, 0, 0, 0, 0, '', '', '', '', '', '', '', '', '', '', '', '', 0, 1, 0, 0, 0, 'inoerp', '2013-10-06 09:31:10', 'inoerp', '2013-10-06 09:31:10'),
(6, 7, 'TEST004', 'DEsc TEST004', '', 0, '<p>Description</p>\\r\\n<p>Description</p>\\r\\n<p>Description</p>', 0, 'PRODUCT', 'Active', 0, 0, 0, 0, 0, 0, '', 0, 0, '', '', '', '', '', NULL, '', '', '', '', '', '', '', '                                 ', '                                 ', 0, 0, '', '', '', '', '', NULL, 0, NULL, 0, 0, '', '', 0, 0, 0, 0, 0, 0, 0, 0, 0, 0, '', '', 'buy', NULL, NULL, 0, 0, 0, 0, 0, '', '', 0, 0, 0, 3, 0, 10, 0, 0, 0, 0, '', 0, 0, 0, 0, 0, '', '', '', '', '', '', '', '', '', '', '', '', 0, 1, 0, NULL, NULL, 'inoerp', '08-07-2013 12:16:08', 'inoerp', '29-07-13 02:00:17'),
(7, 7, 'BUY_003', 'BUY_003', '                                                  ', 0, '', 0, 'BUY', 'Active', 0, 0, 0, 0, 0, 0, '', 0, 0, '', '', '', '', '', NULL, '', '', '', '                                                  ', '                                                  ', '', '', '                                                  ', '                                                  ', 0, 0, '', '', '', '', '', NULL, 0, NULL, 0, 0, '', '                                                  ', 0, 0, 0, 0, 0, 0, 0, 0, 0, 0, '', '', '', NULL, NULL, 0, 0, 0, 0, 0, '', '', 0, 0, 0, 5, 0, 10, 0, 0, 0, 0, '', 0, 0, 0, 0, 0, '', '', '', '', '', '', '', '', '', '', '', '', 0, 0, 0, NULL, NULL, 'inoerp', '08-07-2013 16:28:48', 'inoerp', '09-07-13 06:04:48'),
(8, 7, 'BUY004', 'Desc of BUY004', '                                                  ', 0, '', 0, 'Product', 'Active', 0, 0, 0, 0, 0, 0, '', 0, 0, '', '', '', '', '', NULL, '', '', '', '                                                  ', '                                                  ', '', '', '                                 ', '                                 ', 0, 0, '', '', '', '', '', NULL, 0, NULL, 0, 0, '', '                                                  ', 0, 0, 0, 0, 0, 0, 0, 0, 0, 0, '', '', '', NULL, NULL, 0, 0, 0, 0, 0, '', '', 0, 0, 0, 0, 0, 0, 0, 0, 0, 0, '', 0, 0, 0, 0, 0, '', '', '', '', '', '', '', '', '', '', '', '', 0, 1, 0, NULL, NULL, 'inoerp', '09-07-2013 04:32:37', 'inoerp', '09-07-13 04:46:05'),
(9, 7, 'MAKE_001', 'Desc of MAKE_001', '                                                  ', 0, '', 0, 'Product', 'Active', 0, 0, 0, 0, 0, 0, '', 0, 0, '', '', '', '', '', NULL, '', '', '', '                                                  ', '                                                  ', '', '', '                                 ', '                                 ', 0, 0, '', '', '', '', '', NULL, 0, NULL, 0, 0, '', '                                                  ', 0, 0, 0, 0, 0, 0, 0, 0, 0, 0, '', '', '', NULL, NULL, 0, 0, 0, 0, 0, '', '', 0, 0, 0, 1, 0, 0, 0, 0, 0, 0, '', 0, 0, 0, 0, 0, '', '', '', '', '', '', '', '', '', '', '', '', 0, 1, 0, NULL, NULL, 'inoerp', '09-07-2013 04:52:41', 'inoerp', '09-07-13 07:36:29'),
(10, 7, 'BUY_005', 'Desc of BUY_005', '                                                  ', 0, '', 27, 'EXPENSE', '277', 1, 1, 1, 1, 1, 1, '', 0, 0, '', '20', '', '', '', '', '', '', '', '                                                  ', '                                                  ', '', '', '                                 ', '                                 ', 1, 1, '', '', '', '', '', NULL, 0, NULL, 0, 0, '', '                                                  ', 27, 1, 27, 0, 0, 0, 0, 0, 0, 0, '', '', 'Buy', NULL, NULL, 0, 0, 0, 0, 0, '', '', 0, 0, 0, 2, 5, 10, 0, 0, 0, 0, '', 1, 1, 1, 1, 0, '', '', '', '', '', '', '', '', '', '', '', '', 0, 1, 0, 0, 0, 'inoerp', '2013-10-05 16:11:54', 'inoerp', '2013-10-05 16:11:54'),
(10026, 7, 'M', 'M', '', 0, '', 0, 'P', 'A', 0, 0, 0, 0, 0, 0, '', 0, 0, '', '', '', '', '', NULL, '', '', '', '', '', '', '', '', '', 0, 0, '', '', '', '', '', NULL, 0, NULL, 0, 0, '', '', 0, 0, 0, 0, 0, 0, 0, 0, 0, 0, '', '', 'b', NULL, NULL, 0, 0, 0, 0, 0, '', '', 0, 0, 0, 0, 0, 0, 0, 0, 0, 0, '', 0, 0, 0, 0, 0, '', '', '', '', '', '', '', '', '', '', '', '', 0, 0, 0, NULL, NULL, 'inoerp', '28-07-2013 13:51:41', 'inoerp', 'inoerp'),
(10028, 7, 'BUY_101', 'BUY 101 ', NULL, NULL, NULL, 27, 'PRODUCT', '277', 1, 1, 1, 1, NULL, NULL, NULL, NULL, NULL, NULL, '20', NULL, NULL, NULL, NULL, NULL, NULL, NULL, NULL, NULL, NULL, NULL, NULL, NULL, NULL, NULL, NULL, NULL, NULL, NULL, NULL, NULL, NULL, NULL, NULL, NULL, NULL, NULL, NULL, NULL, NULL, NULL, NULL, NULL, NULL, NULL, NULL, NULL, NULL, NULL, 'Buy', NULL, NULL, NULL, NULL, NULL, NULL, NULL, NULL, NULL, NULL, NULL, NULL, NULL, NULL, NULL, NULL, NULL, NULL, NULL, NULL, NULL, NULL, NULL, NULL, NULL, NULL, NULL, NULL, NULL, NULL, NULL, NULL, NULL, NULL, NULL, NULL, NULL, NULL, 1, NULL, NULL, NULL, 'inoerp', '2013-10-06 09:48:16', 'inoerp', '2013-10-06 09:48:16'),
(10029, 6, 'BUY_101', 'BUY 101 ', '', 0, '', 27, 'PRODUCT', '277', 1, 1, 1, 1, 0, 0, '', 0, 0, '', '', '', '', '', '', '', '', '', '', '', '', '', '', '', 0, 0, '', '', '', '', '', NULL, 0, NULL, 0, 0, '', '', 0, 0, 0, 0, 0, 0, 0, 0, 0, 0, '', '', 'Buy', NULL, NULL, 0, 0, 0, 0, 0, '', '', 0, 0, 0, 0, 0, 0, 0, 0, 0, 0, '', 1, 1, 1, 1, NULL, '', '', '', '', '', '', '', '', '', '', '', '', 0, 1, 0, 0, 0, 'inoerp', '2013-10-06 09:52:42', 'inoerp', '2013-10-06 09:52:42'),
(10030, 6, 'TEST03', 'TEST03', '                                 ', 1, '', 27, 'PRODUCT', '277', 1, 1, 1, 1, 0, 1, '', 0, 0, '', '21', '', '', '', '', '', '', '', '                                 ', '                                 ', '', '', '                                 ', '                                 ', 1, 1, '', '', '', '', '', NULL, 0, NULL, 0, 0, '                                 ', '                                 ', 0, 0, 0, 0, 0, 0, 0, 0, 0, 0, '', '', 'Buy', NULL, NULL, 0, 0, 0, 0, 0, '', '', 0, 0, 0, 0, 0, 0, 0, 0, 0, 0, '', 1, 1, 1, 1, 0, '', '', '', '', '', '', '', '', '', '', '', '', 0, 1, 0, 0, 0, 'inoerp', '2013-10-08 10:39:27', 'inoerp', '2013-10-08 10:39:27'),
(10031, 6, 'buy_03', 'buy_03', '                                 ', 0, '', 27, 'PRODUCT', '277', 1, 0, 1, 0, 0, 1, '', 0, 0, '', '', '', '', '', '', '', '', '', '                                 ', '                                 ', '', '', '                                 ', '                                 ', 0, 0, '', '', '', '', '', NULL, 0, NULL, 0, 0, '                                 ', '                                 ', 0, 0, 0, 0, 0, 0, 0, 0, 0, 0, '', '', 'Buy', NULL, NULL, 0, 0, 0, 0, 0, '', '', 0, 0, 0, 0, 0, 0, 0, 0, 0, 0, '', 0, 0, 0, 0, 0, '', '', '', '', '', '', '', '', '', '', '', '', 0, 1, 0, 0, 0, 'inoerp', '2013-10-06 09:31:10', 'inoerp', '2013-10-06 09:31:10'),
(10032, 6, 'FG_001', 'Finished Good 001', '                                                  ', 0, '', 27, 'PRODUCT', '277', 1, 1, 1, 0, 0, 0, '', 0, 0, '', '', '', '', '', '', '', '', '', '                                                  ', '                                                  ', '', '', '                                 ', '                                 ', 0, 0, '', '', '', '', '', NULL, 0, NULL, 0, 0, '                                                  ', '                                                  ', 27, 0, 27, 0, 27, 0, 0, 0, 0, 0, '', '', 'Make', NULL, NULL, 0, 0, 0, 0, 0, '', '', 0, 0, 0, 13, 0, 2, 0, 0, 0, 0, '', 0, 0, 0, 0, 0, '', '', '', '', '', '', '', '', '', '', '', '', 0, 1, 0, 0, 0, 'inoerp', '2013-11-15 17:50:41', 'inoerp', '2013-11-15 17:50:41'),
(10034, 7, 'MI_DESKTOPA01', 'Desktop 01 of Model A', NULL, NULL, 'Model : A\r\nSeq : 01\r\nItem : MI_DESKTOPA01\r\nPORG : USA_01', 27, 'PRODUCT', '277', 1, 1, 1, 1, 1, 1, NULL, NULL, NULL, NULL, '21', NULL, NULL, NULL, NULL, NULL, NULL, NULL, NULL, NULL, NULL, NULL, NULL, NULL, 1, NULL, NULL, NULL, NULL, NULL, NULL, NULL, NULL, NULL, NULL, NULL, NULL, NULL, NULL, NULL, NULL, NULL, NULL, NULL, NULL, NULL, NULL, NULL, NULL, NULL, 'Make', NULL, NULL, NULL, NULL, NULL, NULL, NULL, NULL, NULL, NULL, NULL, NULL, 2, 2, 6, NULL, NULL, NULL, 1, NULL, 1, 1, 1, 1, NULL, NULL, NULL, NULL, NULL, NULL, NULL, NULL, NULL, NULL, NULL, NULL, NULL, NULL, 1, NULL, NULL, NULL, 'inoerp', '2013-12-07 19:13:22', 'inoerp', '2013-12-07 19:13:22'),
(10035, 6, 'MI_DESKTOPA01', 'Desktop 01 of Model A', NULL, NULL, 'Model : A\r\nSeq : 01\r\nItem : MI_DESKTOPA01\r\nPORG : USA_01', 27, 'PRODUCT', '277', 1, 1, 1, 1, 1, 1, NULL, NULL, NULL, NULL, '21', NULL, NULL, NULL, NULL, NULL, NULL, NULL, NULL, NULL, NULL, NULL, NULL, NULL, 1, NULL, NULL, NULL, NULL, NULL, NULL, NULL, NULL, NULL, NULL, NULL, NULL, NULL, NULL, NULL, NULL, NULL, NULL, NULL, NULL, NULL, NULL, NULL, NULL, NULL, 'Make', NULL, NULL, NULL, NULL, NULL, NULL, NULL, NULL, NULL, NULL, NULL, NULL, 2, 2, 6, NULL, NULL, NULL, 1, NULL, 1, 1, 1, 1, NULL, NULL, NULL, NULL, NULL, NULL, NULL, NULL, NULL, NULL, NULL, NULL, NULL, NULL, 1, NULL, NULL, NULL, 'inoerp', '2013-12-07 19:13:22', 'inoerp', '2013-12-07 19:13:22'),
(10036, 7, 'MI_CPUA01', 'MI CPU A 01', NULL, NULL, NULL, 27, 'PRODUCT', '277', 1, 1, 1, 1, 1, 1, NULL, NULL, NULL, NULL, '22', NULL, NULL, NULL, NULL, NULL, NULL, NULL, NULL, NULL, NULL, NULL, NULL, NULL, 1, NULL, NULL, NULL, NULL, NULL, NULL, NULL, NULL, NULL, NULL, NULL, NULL, NULL, NULL, NULL, NULL, NULL, NULL, NULL, NULL, NULL, NULL, NULL, NULL, NULL, 'Make', NULL, NULL, NULL, NULL, NULL, NULL, NULL, NULL, NULL, NULL, NULL, NULL, 2, 5, 2, NULL, NULL, NULL, 1, NULL, 1, 1, 1, 1, NULL, NULL, NULL, NULL, NULL, NULL, NULL, NULL, NULL, NULL, NULL, NULL, NULL, NULL, NULL, NULL, NULL, NULL, 'inoerp', '2013-12-08 13:08:00', 'inoerp', '2013-12-08 13:08:00'),
(10037, 6, 'MI_CPUA01', 'MI CPU A 01', NULL, NULL, NULL, 27, 'PRODUCT', '277', 1, 1, 1, 1, 1, 1, NULL, NULL, NULL, NULL, '22', NULL, NULL, NULL, NULL, NULL, NULL, NULL, NULL, NULL, NULL, NULL, NULL, NULL, 1, NULL, NULL, NULL, NULL, NULL, NULL, NULL, NULL, NULL, NULL, NULL, NULL, NULL, NULL, NULL, NULL, NULL, NULL, NULL, NULL, NULL, NULL, NULL, NULL, NULL, 'Make', NULL, NULL, NULL, NULL, NULL, NULL, NULL, NULL, NULL, NULL, NULL, NULL, 2, 5, 2, NULL, NULL, NULL, 1, NULL, 1, 1, 1, 1, NULL, NULL, NULL, NULL, NULL, NULL, NULL, NULL, NULL, NULL, NULL, NULL, NULL, NULL, NULL, NULL, NULL, NULL, 'inoerp', '2013-12-08 13:08:00', 'inoerp', '2013-12-08 13:08:00'),
(10038, 7, 'MI_MONITORA01', 'MI Monitor A 01', NULL, NULL, NULL, 27, 'PRODUCT', '277', 1, 1, 1, 1, 1, 1, NULL, NULL, NULL, NULL, '22', NULL, NULL, NULL, NULL, NULL, NULL, NULL, NULL, NULL, NULL, NULL, NULL, NULL, 1, NULL, NULL, NULL, NULL, NULL, NULL, NULL, NULL, NULL, NULL, NULL, NULL, NULL, NULL, NULL, NULL, NULL, NULL, NULL, NULL, NULL, NULL, NULL, NULL, NULL, 'Make', NULL, NULL, NULL, NULL, NULL, NULL, NULL, NULL, NULL, NULL, NULL, NULL, 2, 5, 2, NULL, NULL, NULL, 1, NULL, 1, 1, 1, 1, NULL, NULL, NULL, NULL, NULL, NULL, NULL, NULL, NULL, NULL, NULL, NULL, NULL, NULL, NULL, NULL, NULL, NULL, 'inoerp', '2013-12-08 14:39:25', 'inoerp', '2013-12-08 14:39:25'),
(10039, 6, 'MI_MONITORA01', 'MI Monitor A 01', NULL, NULL, NULL, 27, 'PRODUCT', '277', 1, 1, 1, 1, 1, 1, NULL, NULL, NULL, NULL, '22', NULL, NULL, NULL, NULL, NULL, NULL, NULL, NULL, NULL, NULL, NULL, NULL, NULL, 1, NULL, NULL, NULL, NULL, NULL, NULL, NULL, NULL, NULL, NULL, NULL, NULL, NULL, NULL, NULL, NULL, NULL, NULL, NULL, NULL, NULL, NULL, NULL, NULL, NULL, 'Make', NULL, NULL, NULL, NULL, NULL, NULL, NULL, NULL, NULL, NULL, NULL, NULL, 2, 5, 2, NULL, NULL, NULL, 1, NULL, 1, 1, 1, 1, NULL, NULL, NULL, NULL, NULL, NULL, NULL, NULL, NULL, NULL, NULL, NULL, NULL, NULL, NULL, NULL, NULL, NULL, 'inoerp', '2013-12-08 14:39:25', 'inoerp', '2013-12-08 14:39:25'),
(10040, 7, 'MI_PROCESSORA01', 'MI Processsor 01A', NULL, NULL, NULL, 27, 'PRODUCT', '277', 1, 1, 1, 1, 1, 1, NULL, NULL, NULL, NULL, NULL, NULL, NULL, NULL, NULL, NULL, NULL, NULL, NULL, NULL, NULL, NULL, NULL, NULL, 1, NULL, NULL, NULL, NULL, NULL, NULL, NULL, NULL, NULL, NULL, NULL, NULL, NULL, NULL, NULL, NULL, NULL, NULL, NULL, NULL, NULL, NULL, NULL, NULL, NULL, 'Buy', NULL, NULL, NULL, NULL, NULL, NULL, NULL, NULL, NULL, NULL, NULL, NULL, 2, 5, 2, NULL, NULL, NULL, 1, NULL, 1, 1, 1, 1, NULL, NULL, NULL, NULL, NULL, NULL, NULL, NULL, NULL, NULL, NULL, NULL, NULL, NULL, NULL, NULL, NULL, NULL, 'inoerp', '2013-12-08 18:20:29', 'inoerp', '2013-12-08 18:20:29'),
(10041, 6, 'MI_PROCESSORA01', 'MI Processsor 01A', NULL, NULL, NULL, 27, 'PRODUCT', '277', 1, 1, 1, 1, 1, 1, NULL, NULL, NULL, NULL, NULL, NULL, NULL, NULL, NULL, NULL, NULL, NULL, NULL, NULL, NULL, NULL, NULL, NULL, 1, NULL, NULL, NULL, NULL, NULL, NULL, NULL, NULL, NULL, NULL, NULL, NULL, NULL, NULL, NULL, NULL, NULL, NULL, NULL, NULL, NULL, NULL, NULL, NULL, NULL, 'Buy', NULL, NULL, NULL, NULL, NULL, NULL, NULL, NULL, NULL, NULL, NULL, NULL, 2, 5, 2, NULL, NULL, NULL, 1, NULL, 1, 1, 1, 1, NULL, NULL, NULL, NULL, NULL, NULL, NULL, NULL, NULL, NULL, NULL, NULL, NULL, NULL, NULL, NULL, NULL, NULL, 'inoerp', '2013-12-08 18:20:29', 'inoerp', '2013-12-08 18:20:29'),
(10042, 7, 'MI_CABINETA01', 'MI Cabinet A 01', NULL, NULL, NULL, 27, 'PRODUCT', '277', 1, 1, 1, 1, 1, 1, NULL, NULL, NULL, NULL, NULL, NULL, NULL, NULL, NULL, NULL, NULL, NULL, NULL, NULL, NULL, NULL, NULL, NULL, 1, NULL, NULL, NULL, NULL, NULL, NULL, NULL, NULL, NULL, NULL, NULL, NULL, NULL, NULL, NULL, NULL, NULL, NULL, NULL, NULL, NULL, NULL, NULL, NULL, NULL, 'Buy', NULL, NULL, NULL, NULL, NULL, NULL, NULL, NULL, NULL, NULL, NULL, NULL, 2, 5, 2, NULL, NULL, NULL, 1, NULL, 1, 1, 1, 1, NULL, NULL, NULL, NULL, NULL, NULL, NULL, NULL, NULL, NULL, NULL, NULL, NULL, NULL, NULL, NULL, NULL, NULL, 'inoerp', '2013-12-08 18:48:46', 'inoerp', '2013-12-08 18:48:46'),
(10043, 6, 'MI_CABINETA01', 'MI Cabinet A 01', NULL, 0, NULL, 27, 'PRODUCT', '277', 1, 1, 1, 1, 1, 0, NULL, 0, 0, NULL, NULL, NULL, NULL, NULL, NULL, NULL, NULL, NULL, NULL, NULL, NULL, NULL, NULL, NULL, 1, 0, NULL, NULL, NULL, NULL, NULL, NULL, NULL, NULL, NULL, NULL, NULL, NULL, NULL, NULL, NULL, NULL, NULL, NULL, NULL, NULL, 0, 0, NULL, NULL, 'Buy', NULL, NULL, NULL, NULL, NULL, NULL, NULL, NULL, NULL, NULL, NULL, NULL, 2, 5, 2, NULL, NULL, NULL, 0, NULL, 1, 1, 1, 1, NULL, NULL, NULL, NULL, NULL, NULL, NULL, NULL, NULL, NULL, NULL, NULL, NULL, NULL, 0, NULL, 0, NULL, 'inoerp', '2013-12-09 01:11:37', 'inoerp', '2013-12-09 01:11:37'),
(10044, 7, 'MI_MBA01', 'MI Mother Board  A 01', NULL, NULL, NULL, 27, 'PRODUCT', '277', 1, 1, 1, 1, 1, 1, NULL, NULL, NULL, NULL, NULL, NULL, NULL, NULL, NULL, NULL, NULL, NULL, NULL, NULL, NULL, NULL, NULL, NULL, 1, NULL, NULL, NULL, NULL, NULL, NULL, NULL, NULL, NULL, NULL, NULL, NULL, NULL, NULL, NULL, NULL, NULL, NULL, NULL, NULL, NULL, NULL, NULL, NULL, NULL, 'Make', NULL, NULL, NULL, NULL, NULL, NULL, NULL, NULL, NULL, NULL, NULL, NULL, 2, 5, 2, NULL, NULL, NULL, 1, NULL, 1, 1, 1, 1, NULL, NULL, NULL, NULL, NULL, NULL, NULL, NULL, NULL, NULL, NULL, NULL, NULL, NULL, NULL, NULL, NULL, NULL, 'inoerp', '2013-12-10 14:29:47', 'inoerp', '2013-12-10 14:29:47'),
(10045, 6, 'MI_MBA01', 'MI Mother Board  A 01', NULL, NULL, NULL, 27, 'PRODUCT', '277', 1, 1, 1, 1, 1, 1, NULL, NULL, NULL, NULL, NULL, NULL, NULL, NULL, NULL, NULL, NULL, NULL, NULL, NULL, NULL, NULL, NULL, NULL, 1, NULL, NULL, NULL, NULL, NULL, NULL, NULL, NULL, NULL, NULL, NULL, NULL, NULL, NULL, NULL, NULL, NULL, NULL, NULL, NULL, NULL, NULL, NULL, NULL, NULL, 'Make', NULL, NULL, NULL, NULL, NULL, NULL, NULL, NULL, NULL, NULL, NULL, NULL, 2, 5, 2, NULL, NULL, NULL, 1, NULL, 1, 1, 1, 1, NULL, NULL, NULL, NULL, NULL, NULL, NULL, NULL, NULL, NULL, NULL, NULL, NULL, NULL, NULL, NULL, NULL, NULL, 'inoerp', '2013-12-10 14:29:47', 'inoerp', '2013-12-10 14:29:47'),
(10046, 7, 'MI_L3TEST01', 'MI Level 3 TEST 01', NULL, NULL, NULL, 27, 'PRODUCT', '277', 1, 1, 1, 1, 1, 1, NULL, NULL, NULL, NULL, NULL, NULL, NULL, NULL, NULL, NULL, NULL, NULL, NULL, NULL, NULL, NULL, NULL, NULL, 1, NULL, NULL, NULL, NULL, NULL, NULL, NULL, NULL, NULL, NULL, NULL, NULL, NULL, NULL, NULL, NULL, NULL, NULL, NULL, NULL, NULL, NULL, NULL, NULL, NULL, 'Make', NULL, NULL, NULL, NULL, NULL, NULL, NULL, NULL, NULL, NULL, NULL, NULL, 2, 5, 2, NULL, NULL, NULL, 1, NULL, 1, 1, 1, 1, NULL, NULL, NULL, NULL, NULL, NULL, NULL, NULL, NULL, NULL, NULL, NULL, NULL, NULL, NULL, NULL, NULL, NULL, 'inoerp', '2013-12-10 15:15:58', 'inoerp', '2013-12-10 15:15:58'),
(10047, 6, 'MI_L3TEST01', 'MI Level 3 TEST 01', NULL, NULL, NULL, 27, 'PRODUCT', '277', 1, 1, 1, 1, 1, 1, NULL, NULL, NULL, NULL, NULL, NULL, NULL, NULL, NULL, NULL, NULL, NULL, NULL, NULL, NULL, NULL, NULL, NULL, 1, NULL, NULL, NULL, NULL, NULL, NULL, NULL, NULL, NULL, NULL, NULL, NULL, NULL, NULL, NULL, NULL, NULL, NULL, NULL, NULL, NULL, NULL, NULL, NULL, NULL, 'Make', NULL, NULL, NULL, NULL, NULL, NULL, NULL, NULL, NULL, NULL, NULL, NULL, 2, 5, 2, NULL, NULL, NULL, 1, NULL, 1, 1, 1, 1, NULL, NULL, NULL, NULL, NULL, NULL, NULL, NULL, NULL, NULL, NULL, NULL, NULL, NULL, NULL, NULL, NULL, NULL, 'inoerp', '2013-12-10 15:15:58', 'inoerp', '2013-12-10 15:15:58'),
(10048, 7, 'MI_L4ATEST01', 'MI Level 4 A TEST01', NULL, NULL, NULL, 27, 'PRODUCT', '277', 1, 1, 1, 1, 1, 1, NULL, NULL, NULL, NULL, NULL, NULL, NULL, NULL, NULL, NULL, NULL, NULL, NULL, NULL, NULL, NULL, NULL, NULL, 1, NULL, NULL, NULL, NULL, NULL, NULL, NULL, NULL, NULL, NULL, NULL, NULL, NULL, NULL, NULL, NULL, NULL, NULL, NULL, NULL, NULL, NULL, NULL, NULL, NULL, 'Make', NULL, NULL, NULL, NULL, NULL, NULL, NULL, NULL, NULL, NULL, NULL, NULL, 2, 5, 2, NULL, NULL, NULL, 1, NULL, 1, 1, 1, 1, NULL, NULL, NULL, NULL, NULL, NULL, NULL, NULL, NULL, NULL, NULL, NULL, NULL, NULL, NULL, NULL, NULL, NULL, 'inoerp', '2013-12-10 15:22:13', 'inoerp', '2013-12-10 15:22:13'),
(10049, 6, 'MI_L4ATEST01', 'MI Level 4 A TEST01', NULL, NULL, NULL, 27, 'PRODUCT', '277', 1, 1, 1, 1, 1, 1, NULL, NULL, NULL, NULL, NULL, NULL, NULL, NULL, NULL, NULL, NULL, NULL, NULL, NULL, NULL, NULL, NULL, NULL, 1, NULL, NULL, NULL, NULL, NULL, NULL, NULL, NULL, NULL, NULL, NULL, NULL, NULL, NULL, NULL, NULL, NULL, NULL, NULL, NULL, NULL, NULL, NULL, NULL, NULL, 'Make', NULL, NULL, NULL, NULL, NULL, NULL, NULL, NULL, NULL, NULL, NULL, NULL, 2, 5, 2, NULL, NULL, NULL, 1, NULL, 1, 1, 1, 1, NULL, NULL, NULL, NULL, NULL, NULL, NULL, NULL, NULL, NULL, NULL, NULL, NULL, NULL, NULL, NULL, NULL, NULL, 'inoerp', '2013-12-10 15:22:13', 'inoerp', '2013-12-10 15:22:13'),
(10050, 7, 'MI_L5TEST01', 'MI Level 5 TEST01', NULL, NULL, NULL, 27, 'PRODUCT', '277', 1, 1, 1, 1, 1, 1, NULL, NULL, NULL, NULL, NULL, NULL, NULL, NULL, NULL, NULL, NULL, NULL, NULL, NULL, NULL, NULL, NULL, NULL, 1, NULL, NULL, NULL, NULL, NULL, NULL, NULL, NULL, NULL, NULL, NULL, NULL, NULL, NULL, NULL, NULL, NULL, NULL, NULL, NULL, NULL, NULL, NULL, NULL, NULL, 'Make', NULL, NULL, NULL, NULL, NULL, NULL, NULL, NULL, NULL, NULL, NULL, NULL, 2, 5, 2, NULL, NULL, NULL, 1, NULL, 1, 1, 1, 1, NULL, NULL, NULL, NULL, NULL, NULL, NULL, NULL, NULL, NULL, NULL, NULL, NULL, NULL, NULL, NULL, NULL, NULL, 'inoerp', '2013-12-10 15:23:32', 'inoerp', '2013-12-10 15:23:32'),
(10051, 6, 'MI_L5TEST01', 'MI Level 5 TEST01', NULL, NULL, NULL, 27, 'PRODUCT', '277', 1, 1, 1, 1, 1, 1, NULL, NULL, NULL, NULL, NULL, NULL, NULL, NULL, NULL, NULL, NULL, NULL, NULL, NULL, NULL, NULL, NULL, NULL, 1, NULL, NULL, NULL, NULL, NULL, NULL, NULL, NULL, NULL, NULL, NULL, NULL, NULL, NULL, NULL, NULL, NULL, NULL, NULL, NULL, NULL, NULL, NULL, NULL, NULL, 'Make', NULL, NULL, NULL, NULL, NULL, NULL, NULL, NULL, NULL, NULL, NULL, NULL, 2, 5, 2, NULL, NULL, NULL, 1, NULL, 1, 1, 1, 1, NULL, NULL, NULL, NULL, NULL, NULL, NULL, NULL, NULL, NULL, NULL, NULL, NULL, NULL, NULL, NULL, NULL, NULL, 'inoerp', '2013-12-10 15:23:32', 'inoerp', '2013-12-10 15:23:32'),
(10052, 7, 'MI_L6TEST01', 'MI Level 6', NULL, NULL, NULL, 27, 'PRODUCT', '277', 1, 1, 1, 1, 1, 1, NULL, NULL, NULL, NULL, NULL, NULL, NULL, NULL, NULL, NULL, NULL, NULL, NULL, NULL, NULL, NULL, NULL, NULL, 1, NULL, NULL, NULL, NULL, NULL, NULL, NULL, NULL, NULL, NULL, NULL, NULL, NULL, NULL, NULL, NULL, NULL, NULL, NULL, NULL, NULL, NULL, NULL, NULL, NULL, 'Make', NULL, NULL, NULL, NULL, NULL, NULL, NULL, NULL, NULL, NULL, NULL, NULL, 2, 5, 2, NULL, NULL, NULL, 1, NULL, 1, 1, 1, 1, NULL, NULL, NULL, NULL, NULL, NULL, NULL, NULL, NULL, NULL, NULL, NULL, NULL, NULL, NULL, NULL, NULL, NULL, 'inoerp', '2013-12-10 15:24:41', 'inoerp', '2013-12-10 15:24:41'),
(10053, 6, 'MI_L6TEST01', 'MI Level 6', NULL, NULL, NULL, 27, 'PRODUCT', '277', 1, 1, 1, 1, 1, 1, NULL, NULL, NULL, NULL, NULL, NULL, NULL, NULL, NULL, NULL, NULL, NULL, NULL, NULL, NULL, NULL, NULL, NULL, 1, NULL, NULL, NULL, NULL, NULL, NULL, NULL, NULL, NULL, NULL, NULL, NULL, NULL, NULL, NULL, NULL, NULL, NULL, NULL, NULL, NULL, NULL, NULL, NULL, NULL, 'Make', NULL, NULL, NULL, NULL, NULL, NULL, NULL, NULL, NULL, NULL, NULL, NULL, 2, 5, 2, NULL, NULL, NULL, 1, NULL, 1, 1, 1, 1, NULL, NULL, NULL, NULL, NULL, NULL, NULL, NULL, NULL, NULL, NULL, NULL, NULL, NULL, NULL, NULL, NULL, NULL, 'inoerp', '2013-12-10 15:24:41', 'inoerp', '2013-12-10 15:24:41'),
(10054, 7, 'MI_L7TEST01', 'MI Level 7 TEST 01', NULL, NULL, NULL, 27, 'PRODUCT', '277', 1, 1, 1, 1, 1, 1, NULL, NULL, NULL, NULL, NULL, NULL, NULL, NULL, NULL, NULL, NULL, NULL, NULL, NULL, NULL, NULL, NULL, NULL, 1, NULL, NULL, NULL, NULL, NULL, NULL, NULL, NULL, NULL, NULL, NULL, NULL, NULL, NULL, NULL, NULL, NULL, NULL, NULL, NULL, NULL, NULL, NULL, NULL, NULL, 'Make', NULL, NULL, NULL, NULL, NULL, NULL, NULL, NULL, NULL, NULL, NULL, NULL, 2, 5, 2, NULL, NULL, NULL, 1, NULL, 1, 1, 1, 1, NULL, NULL, NULL, NULL, NULL, NULL, NULL, NULL, NULL, NULL, NULL, NULL, NULL, NULL, NULL, NULL, NULL, NULL, 'inoerp', '2013-12-10 15:25:35', 'inoerp', '2013-12-10 15:25:35'),
(10055, 6, 'MI_L7TEST01', 'MI Level 7 TEST 01', NULL, NULL, NULL, 27, 'PRODUCT', '277', 1, 1, 1, 1, 1, 1, NULL, NULL, NULL, NULL, NULL, NULL, NULL, NULL, NULL, NULL, NULL, NULL, NULL, NULL, NULL, NULL, NULL, NULL, 1, NULL, NULL, NULL, NULL, NULL, NULL, NULL, NULL, NULL, NULL, NULL, NULL, NULL, NULL, NULL, NULL, NULL, NULL, NULL, NULL, NULL, NULL, NULL, NULL, NULL, 'Make', NULL, NULL, NULL, NULL, NULL, NULL, NULL, NULL, NULL, NULL, NULL, NULL, 2, 5, 2, NULL, NULL, NULL, 1, NULL, 1, 1, 1, 1, NULL, NULL, NULL, NULL, NULL, NULL, NULL, NULL, NULL, NULL, NULL, NULL, NULL, NULL, NULL, NULL, NULL, NULL, 'inoerp', '2013-12-10 15:25:35', 'inoerp', '2013-12-10 15:25:35'),
(10056, 7, 'MI_PCMPS01', 'MI PC MPS 01', NULL, NULL, NULL, 27, 'PRODUCT', '277', 1, 1, 1, 1, 1, 1, NULL, NULL, NULL, NULL, NULL, NULL, NULL, NULL, NULL, NULL, NULL, NULL, NULL, NULL, NULL, NULL, NULL, NULL, 1, NULL, NULL, NULL, NULL, NULL, NULL, NULL, NULL, NULL, NULL, NULL, NULL, NULL, NULL, NULL, NULL, NULL, NULL, NULL, NULL, NULL, NULL, NULL, NULL, NULL, 'Make', NULL, NULL, NULL, NULL, NULL, NULL, NULL, NULL, NULL, NULL, NULL, NULL, 2, 5, 2, NULL, NULL, NULL, 1, NULL, 1, 1, 1, 1, NULL, NULL, NULL, NULL, NULL, NULL, NULL, NULL, NULL, NULL, NULL, NULL, NULL, NULL, NULL, NULL, NULL, NULL, 'inoerp', '2013-12-11 15:14:28', 'inoerp', '2013-12-11 15:14:28'),
(10057, 6, 'MI_PCMPS01', 'MI PC MPS 01', NULL, NULL, NULL, 27, 'PRODUCT', '277', 1, 1, 1, 1, 1, 1, NULL, NULL, NULL, NULL, NULL, NULL, NULL, NULL, NULL, NULL, NULL, NULL, NULL, NULL, NULL, NULL, NULL, NULL, 1, NULL, NULL, NULL, NULL, NULL, NULL, NULL, NULL, NULL, NULL, NULL, NULL, NULL, NULL, NULL, NULL, NULL, NULL, NULL, NULL, NULL, NULL, NULL, NULL, NULL, 'Make', NULL, NULL, NULL, NULL, NULL, NULL, NULL, NULL, NULL, NULL, NULL, NULL, 2, 5, 2, NULL, NULL, NULL, 1, NULL, 1, 1, 1, 1, NULL, NULL, NULL, NULL, NULL, NULL, NULL, NULL, NULL, NULL, NULL, NULL, NULL, NULL, NULL, NULL, NULL, NULL, 'inoerp', '2013-12-11 15:14:28', 'inoerp', '2013-12-11 15:14:28'),
(10058, 7, 'MI_PCPowerCable', 'MI PC Power Cable', NULL, NULL, NULL, 27, 'PRODUCT', '277', 1, 1, 1, 1, 1, 1, NULL, NULL, NULL, NULL, NULL, NULL, NULL, NULL, NULL, NULL, NULL, NULL, NULL, NULL, NULL, NULL, NULL, NULL, 1, NULL, NULL, NULL, NULL, NULL, NULL, NULL, NULL, NULL, NULL, NULL, NULL, NULL, NULL, NULL, NULL, NULL, NULL, NULL, NULL, NULL, NULL, NULL, NULL, NULL, 'Make', NULL, NULL, NULL, NULL, NULL, NULL, NULL, NULL, NULL, NULL, NULL, NULL, 2, 5, 2, NULL, NULL, NULL, 1, NULL, 1, 1, 1, 1, NULL, NULL, NULL, NULL, NULL, NULL, NULL, NULL, NULL, NULL, NULL, NULL, NULL, NULL, NULL, NULL, NULL, NULL, 'inoerp', '2013-12-11 15:15:16', 'inoerp', '2013-12-11 15:15:16'),
(10059, 6, 'MI_PCPowerCable', 'MI PC Power Cable', NULL, NULL, NULL, 27, 'PRODUCT', '277', 1, 1, 1, 1, 1, 1, NULL, NULL, NULL, NULL, NULL, NULL, NULL, NULL, NULL, NULL, NULL, NULL, NULL, NULL, NULL, NULL, NULL, NULL, 1, NULL, NULL, NULL, NULL, NULL, NULL, NULL, NULL, NULL, NULL, NULL, NULL, NULL, NULL, NULL, NULL, NULL, NULL, NULL, NULL, NULL, NULL, NULL, NULL, NULL, 'Make', NULL, NULL, NULL, NULL, NULL, NULL, NULL, NULL, NULL, NULL, NULL, NULL, 2, 5, 2, NULL, NULL, NULL, 1, NULL, 1, 1, 1, 1, NULL, NULL, NULL, NULL, NULL, NULL, NULL, NULL, NULL, NULL, NULL, NULL, NULL, NULL, NULL, NULL, NULL, NULL, 'inoerp', '2013-12-11 15:15:16', 'inoerp', '2013-12-11 15:15:16'),
(10060, 7, 'MI_MOBILE01', 'MI Mobile 01', NULL, 1, NULL, 27, 'PRODUCT', '277', 1, 1, 1, 1, 1, 1, NULL, NULL, NULL, NULL, '20', NULL, NULL, NULL, NULL, NULL, NULL, NULL, NULL, NULL, NULL, NULL, NULL, NULL, 1, NULL, NULL, NULL, NULL, NULL, NULL, NULL, NULL, NULL, NULL, NULL, NULL, NULL, NULL, NULL, NULL, NULL, NULL, NULL, NULL, NULL, 1, 1, NULL, NULL, 'Make', NULL, NULL, NULL, NULL, NULL, NULL, NULL, NULL, NULL, NULL, NULL, NULL, NULL, NULL, NULL, NULL, NULL, NULL, 1, NULL, 1, 1, 1, 1, NULL, NULL, NULL, NULL, NULL, NULL, NULL, NULL, NULL, NULL, NULL, NULL, NULL, NULL, 1, NULL, 1, NULL, 'inoerp', '2014-01-03 03:22:07', 'inoerp', '2014-01-03 03:22:07'),
(10061, 6, 'MI_MOBILE01', 'MI Mobile 01', NULL, 1, NULL, 27, 'PRODUCT', '277', 1, 1, 1, 1, 1, 1, NULL, NULL, NULL, NULL, '20', NULL, NULL, NULL, NULL, NULL, NULL, NULL, NULL, NULL, NULL, NULL, NULL, NULL, 1, NULL, NULL, NULL, NULL, NULL, NULL, NULL, NULL, NULL, NULL, NULL, NULL, NULL, NULL, NULL, NULL, NULL, NULL, NULL, NULL, NULL, 1, 1, NULL, NULL, 'Make', NULL, NULL, NULL, NULL, NULL, NULL, NULL, NULL, NULL, NULL, NULL, NULL, NULL, NULL, NULL, NULL, NULL, NULL, 1, NULL, 1, 1, 1, 1, NULL, NULL, NULL, NULL, NULL, NULL, NULL, NULL, NULL, NULL, NULL, NULL, NULL, NULL, 1, NULL, 1, NULL, 'inoerp', '2014-01-03 03:22:07', 'inoerp', '2014-01-03 03:22:07'),
(10062, 7, 'MI_MOBILE02', 'MI MOBILE 02', NULL, 1, NULL, 27, 'PRODUCT', '277', 1, 1, 1, 1, 1, 1, NULL, NULL, NULL, NULL, '20', NULL, NULL, NULL, NULL, NULL, NULL, NULL, NULL, NULL, NULL, NULL, NULL, NULL, 1, NULL, NULL, NULL, NULL, NULL, NULL, NULL, NULL, NULL, NULL, NULL, NULL, NULL, NULL, NULL, NULL, NULL, NULL, NULL, NULL, NULL, 1, 1, NULL, NULL, 'Make', NULL, NULL, NULL, NULL, NULL, NULL, NULL, NULL, NULL, NULL, NULL, NULL, NULL, NULL, NULL, NULL, NULL, NULL, 1, NULL, 1, 1, 1, 1, NULL, NULL, NULL, NULL, NULL, NULL, NULL, NULL, NULL, NULL, NULL, NULL, NULL, NULL, 1, NULL, 1, NULL, 'inoerp', '2014-01-04 12:19:04', 'inoerp', '2014-01-04 12:19:04'),
(10063, 6, 'MI_MOBILE02', 'MI MOBILE 02', NULL, 1, NULL, 27, 'PRODUCT', '277', 1, 1, 1, 1, 1, 1, NULL, NULL, NULL, NULL, '20', NULL, NULL, NULL, NULL, NULL, NULL, NULL, NULL, NULL, NULL, NULL, NULL, NULL, 1, NULL, NULL, NULL, NULL, NULL, NULL, NULL, NULL, NULL, NULL, NULL, NULL, NULL, NULL, NULL, NULL, NULL, NULL, NULL, NULL, NULL, 1, 1, NULL, NULL, 'Make', NULL, NULL, NULL, NULL, NULL, NULL, NULL, NULL, NULL, NULL, NULL, NULL, NULL, NULL, NULL, NULL, NULL, NULL, 1, NULL, 1, 1, 1, 1, NULL, NULL, NULL, NULL, NULL, NULL, NULL, NULL, NULL, NULL, NULL, NULL, NULL, NULL, 1, NULL, 1, NULL, 'inoerp', '2014-01-04 12:19:04', 'inoerp', '2014-01-04 12:19:04'),
(10064, 7, 'MI_MOBILE03', 'MI Mobile 03', NULL, 1, NULL, 27, 'PRODUCT', '277', 1, 1, 1, 1, 1, 1, NULL, NULL, NULL, NULL, NULL, NULL, NULL, NULL, NULL, NULL, NULL, NULL, NULL, NULL, NULL, NULL, NULL, NULL, 1, NULL, NULL, NULL, NULL, NULL, NULL, NULL, NULL, NULL, NULL, NULL, NULL, NULL, NULL, NULL, NULL, NULL, NULL, NULL, NULL, NULL, NULL, NULL, NULL, NULL, 'Make', NULL, NULL, NULL, NULL, NULL, NULL, NULL, NULL, NULL, NULL, NULL, NULL, NULL, NULL, NULL, NULL, NULL, NULL, 1, NULL, 1, 1, 1, 1, NULL, NULL, NULL, NULL, NULL, NULL, NULL, NULL, NULL, NULL, NULL, NULL, NULL, NULL, 1, 0, NULL, NULL, 'inoerp', '2014-01-05 07:28:39', 'inoerp', '2014-01-05 07:28:39'),
(10065, 6, 'MI_MOBILE03', 'MI Mobile 03', NULL, 1, NULL, 27, 'PRODUCT', '277', 1, 1, 1, 1, 1, 1, NULL, 0, 0, NULL, NULL, NULL, NULL, NULL, NULL, NULL, NULL, NULL, NULL, NULL, NULL, NULL, NULL, NULL, 1, 0, NULL, NULL, NULL, NULL, NULL, NULL, NULL, NULL, NULL, NULL, NULL, NULL, NULL, NULL, NULL, NULL, NULL, NULL, NULL, NULL, 0, 0, NULL, NULL, 'Make', 2, 5, NULL, NULL, NULL, NULL, NULL, NULL, NULL, NULL, NULL, NULL, NULL, NULL, NULL, NULL, NULL, NULL, 1, 'PUSH', 1, 1, 1, 1, NULL, NULL, NULL, NULL, NULL, NULL, NULL, NULL, NULL, NULL, NULL, NULL, NULL, NULL, 1, 0, 0, NULL, 'inoerp', '2014-01-05 09:00:23', 'inoerp', '2014-01-05 09:00:23');

-- --------------------------------------------------------

--
-- Table structure for table `item_status`
--

CREATE TABLE IF NOT EXISTS `item_status` (
  `item_status_id` int(12) unsigned NOT NULL AUTO_INCREMENT,
  `code` varchar(25) NOT NULL,
  `active` tinyint(1) NOT NULL,
  `description` varchar(200) DEFAULT NULL,
  `inventory_item` tinyint(1) DEFAULT NULL,
  `transactable` tinyint(1) DEFAULT NULL,
  `reservable` tinyint(1) DEFAULT NULL,
  `costing_enabled` tinyint(1) DEFAULT NULL,
  `customer_ordered` tinyint(1) DEFAULT NULL,
  `purchased` tinyint(1) NOT NULL,
  `build_in_wip` tinyint(1) NOT NULL,
  `rev_enabled` varchar(20) DEFAULT NULL,
  `rev_number` int(10) DEFAULT NULL,
  `created_by` varchar(40) NOT NULL DEFAULT '',
  `creation_date` varchar(50) DEFAULT NULL,
  `last_update_by` varchar(40) NOT NULL DEFAULT '',
  `last_update_date` varchar(50) DEFAULT NULL,
  PRIMARY KEY (`item_status_id`),
  UNIQUE KEY `name` (`active`)
) ENGINE=MyISAM DEFAULT CHARSET=latin1 AUTO_INCREMENT=1 ;

-- --------------------------------------------------------

--
-- Table structure for table `ledger`
--

CREATE TABLE IF NOT EXISTS `ledger` (
  `ledger_id` int(12) NOT NULL AUTO_INCREMENT,
  `coa_id` int(12) NOT NULL,
  `calendar_id` int(12) NOT NULL,
  `currency_id` int(12) NOT NULL,
  `rev_enabled` tinyint(1) DEFAULT NULL,
  `rev_number` int(12) DEFAULT NULL,
  `created_by` varchar(50) DEFAULT NULL,
  `creation_date` varchar(50) DEFAULT NULL,
  `last_update_by` varchar(50) NOT NULL,
  `last_update_date` varchar(50) NOT NULL,
  PRIMARY KEY (`ledger_id`)
) ENGINE=MyISAM DEFAULT CHARSET=latin1 AUTO_INCREMENT=1 ;

-- --------------------------------------------------------

--
-- Table structure for table `legal`
--

CREATE TABLE IF NOT EXISTS `legal` (
  `legal_id` int(12) NOT NULL AUTO_INCREMENT,
  `org_id` int(11) NOT NULL,
  `legal_org_type` varchar(50) DEFAULT NULL,
  `registration_number` varchar(50) DEFAULT NULL,
  `place_of_registration` varchar(50) DEFAULT NULL,
  `country_of_registration` varchar(100) DEFAULT NULL,
  `identification_number` varchar(50) DEFAULT NULL,
  `ein_tin_tan` varchar(50) DEFAULT NULL,
  `ledger_id` int(12) DEFAULT NULL,
  `balancing_segments` varchar(256) DEFAULT NULL,
  `ef_id` int(12) DEFAULT NULL,
  `status` enum('active','inactive') DEFAULT NULL,
  `rev_enabled` varchar(50) DEFAULT NULL,
  `rev_number` int(12) DEFAULT NULL,
  `created_by` varchar(50) DEFAULT NULL,
  `creation_date` timestamp NULL DEFAULT NULL,
  `last_update_by` varchar(50) NOT NULL,
  `last_update_date` timestamp NULL DEFAULT NULL,
  PRIMARY KEY (`legal_id`)
) ENGINE=InnoDB  DEFAULT CHARSET=latin1 AUTO_INCREMENT=2 ;

--
-- Dumping data for table `legal`
--

INSERT INTO `legal` (`legal_id`, `org_id`, `legal_org_type`, `registration_number`, `place_of_registration`, `country_of_registration`, `identification_number`, `ein_tin_tan`, `ledger_id`, `balancing_segments`, `ef_id`, `status`, `rev_enabled`, `rev_number`, `created_by`, `creation_date`, `last_update_by`, `last_update_date`) VALUES
(1, 4, NULL, NULL, NULL, NULL, NULL, NULL, NULL, NULL, NULL, 'active', 'enabled', NULL, 'inoerp', '2013-09-30 06:26:37', 'inoerp', '2013-09-30 06:26:37');

-- --------------------------------------------------------

--
-- Table structure for table `locator`
--

CREATE TABLE IF NOT EXISTS `locator` (
  `locator_id` int(12) NOT NULL AUTO_INCREMENT,
  `subinventory_id` int(12) NOT NULL,
  `org_id` int(12) NOT NULL,
  `locator_structure` varchar(256) DEFAULT NULL,
  `locator` varchar(256) NOT NULL,
  `alias` varchar(25) DEFAULT NULL,
  `ef_id` int(12) DEFAULT NULL,
  `status` varchar(25) DEFAULT NULL,
  `rev_enabled_cb` tinyint(1) DEFAULT NULL,
  `rev_number` varchar(256) DEFAULT NULL,
  `created_by` varchar(50) DEFAULT NULL,
  `creation_date` varchar(50) DEFAULT NULL,
  `last_update_by` varchar(50) NOT NULL,
  `last_update_date` varchar(50) NOT NULL,
  PRIMARY KEY (`locator_id`)
) ENGINE=MyISAM  DEFAULT CHARSET=latin1 AUTO_INCREMENT=16 ;

--
-- Dumping data for table `locator`
--

INSERT INTO `locator` (`locator_id`, `subinventory_id`, `org_id`, `locator_structure`, `locator`, `alias`, `ef_id`, `status`, `rev_enabled_cb`, `rev_number`, `created_by`, `creation_date`, `last_update_by`, `last_update_date`) VALUES
(1, 1, 6, '', 'RAW-01.1.2.1.2', '1', 0, 'active', 0, '', 'inoerp', '2013-10-02 09:21:56', 'inoerp', '2013-10-02 09:21:56'),
(14, 1, 6, '', 'TEST1.1', '01', 0, 'active', 0, '', 'inoerp', '2013-10-02 09:22:43', 'inoerp', '2013-10-02 09:22:43'),
(5, 2, 6, '', 'RAW-01.1.1.1.4', 'TEST0', 0, 'active', 0, '', 'inoerp', '2013-10-02 09:21:56', 'inoerp', '2013-10-02 09:21:56'),
(6, 2, 6, '', 'RAW-01.1.1.1.9', 'test01', 0, 'active', 0, '', 'inoerp', '2013-10-18 08:00:19', 'inoerp', '2013-10-18 08:00:19'),
(7, 2, 6, '', 'RAW-02.1.1.1.1', 'Raw01First', 0, 'active', 0, '', 'inoerp', '2013-10-02 09:21:56', 'inoerp', '2013-10-02 09:21:56'),
(9, 3, 6, 'Subinventory-Row-Rack-Shelf-Bin', 'RAW-03.01.01.01.01', 'First-First', 0, 'active', 0, '', 'inoerp', '2013-10-02 09:11:43', 'inoerp', '2013-10-02 09:11:43'),
(10, 2, 6, 'Subinventory-Row-Rack-Shelf-Bin', 'RAW-03.01.01.01.01', 'First-First', 0, 'active', 0, '', 'inoerp', '2013-10-02 08:32:37', 'inoerp', '2013-10-02 08:32:37'),
(11, 3, 6, 'Subinventory-Row-Rack-Shelf-Bin', 'RAW-03.01.01.01.01', '', 0, '', 0, '', 'inoerp', '2013-10-02 08:32:37', 'inoerp', '2013-10-02 08:32:37'),
(12, 3, 6, 'Subinventory-Row-Rack-Shelf-Bin', 'RAW-03.01.01.01.02', 'First-Second', 0, '', 0, '', 'inoerp', '2013-10-02 08:32:37', 'inoerp', '2013-10-02 08:32:37'),
(13, 3, 6, 'Subinventory-Row-Rack-Shelf-Bin', 'RAW-03.01.01.01.02', 'First-Second', 0, '', 0, '', 'inoerp', '2013-10-02 08:32:37', 'inoerp', '2013-10-02 08:32:37'),
(15, 2, 6, NULL, 'RAW-02.1.1.1.2', NULL, NULL, 'active', NULL, NULL, 'inoerp', '2013-10-02 09:21:56', 'inoerp', '2013-10-02 09:21:56');

-- --------------------------------------------------------

--
-- Table structure for table `module`
--

CREATE TABLE IF NOT EXISTS `module` (
  `module_id` int(12) NOT NULL AUTO_INCREMENT,
  `number` int(12) NOT NULL,
  `name` varchar(50) NOT NULL,
  `description` varchar(200) DEFAULT NULL,
  `created_by` varchar(100) DEFAULT NULL,
  `creation_date` varchar(50) DEFAULT NULL,
  `last_update_by` varchar(100) DEFAULT NULL,
  `last_update_date` varchar(50) DEFAULT NULL,
  PRIMARY KEY (`module_id`),
  UNIQUE KEY `number` (`number`,`name`)
) ENGINE=MyISAM  DEFAULT CHARSET=latin1 AUTO_INCREMENT=15 ;

--
-- Dumping data for table `module`
--

INSERT INTO `module` (`module_id`, `number`, `name`, `description`, `created_by`, `creation_date`, `last_update_by`, `last_update_date`) VALUES
(1, 1, 'system', 'System', 'inoerp', '01-Jan-2013', 'inoerp', '01-Jan-2013'),
(2, 100, 'gl', 'General Ledger', NULL, NULL, 'inoerp', '18-06-13 01:54:41'),
(3, 101, 'ap', 'Accounts Payable', NULL, NULL, 'inoerp', '11-06-13 17:51:38'),
(4, 102, 'ar', 'Accounts Receviable', NULL, NULL, NULL, NULL),
(5, 103, 'fa', 'Fixed Asset', NULL, NULL, NULL, NULL),
(6, 200, 'inv', 'Inventory', NULL, NULL, NULL, NULL),
(7, 201, 'po', 'Purchasing', NULL, NULL, NULL, NULL),
(8, 202, 'om', 'Order Management', NULL, NULL, NULL, NULL),
(9, 203, 'bom', 'Bills of Material', NULL, NULL, NULL, NULL),
(10, 204, 'wip', 'Work In Process', NULL, NULL, 'inoerp', '25-11-13 09:44:27'),
(11, 205, 'fp', 'Forecast & Planning', NULL, NULL, 'inoerp', '11-06-13 17:57:20'),
(12, 104, 'cm', 'Cash Management', 'inoerp', '11-06-2013 17:57:47', 'inoerp', '11-06-2013 17:57:47'),
(13, 2, 'org', 'Organization', 'inoerp', '12-06-2013 04:15:21', 'inoerp', '12-06-2013 04:15:21'),
(14, 902, 'content', 'create update content', 'inoerp', '31-07-2013 03:13:24', 'inoerp', '12-08-13 09:17:01');

-- --------------------------------------------------------

--
-- Table structure for table `onhand`
--

CREATE TABLE IF NOT EXISTS `onhand` (
  `onhand_id` int(12) NOT NULL AUTO_INCREMENT,
  `item_id` int(12) NOT NULL,
  `org_id` int(12) NOT NULL,
  `subinventory_id` int(12) NOT NULL,
  `locator_id` int(12) DEFAULT NULL,
  `lot_id` int(12) DEFAULT NULL,
  `serial_id` int(12) DEFAULT NULL,
  `onhand` float NOT NULL,
  `reservable_onhand` float NOT NULL,
  `transactable_onhand` float NOT NULL,
  `lot_status` varchar(25) DEFAULT NULL,
  `serial_status` varchar(25) DEFAULT NULL,
  `uom_id` int(12) NOT NULL,
  `secondary_uom_id` int(12) DEFAULT NULL,
  `onhand_status` varchar(25) DEFAULT NULL,
  `ef_id` int(12) DEFAULT NULL,
  `created_by` varchar(50) DEFAULT NULL,
  `creation_date` varchar(50) DEFAULT NULL,
  `last_update_by` varchar(50) NOT NULL,
  `last_update_date` varchar(50) NOT NULL,
  PRIMARY KEY (`onhand_id`)
) ENGINE=MyISAM  DEFAULT CHARSET=latin1 AUTO_INCREMENT=42 ;

--
-- Dumping data for table `onhand`
--

INSERT INTO `onhand` (`onhand_id`, `item_id`, `org_id`, `subinventory_id`, `locator_id`, `lot_id`, `serial_id`, `onhand`, `reservable_onhand`, `transactable_onhand`, `lot_status`, `serial_status`, `uom_id`, `secondary_uom_id`, `onhand_status`, `ef_id`, `created_by`, `creation_date`, `last_update_by`, `last_update_date`) VALUES
(1, 0, 6, 0, 0, 0, 0, 0, 0, 0, 'lot_status', 'serial_status', 0, 0, 'onhand_status', 0, 'created_by', 'creation_date', 'last_update_by', 'last_update_date'),
(2, 4, 6, 2, 7, NULL, NULL, 2, 2, 2, NULL, NULL, 1, NULL, NULL, NULL, 'inoerp', '27-07-2013 16:11:32', 'inoerp', '27-07-2013 16:11:32'),
(3, 10005, 6, 2, 7, NULL, NULL, 40, 10, 10, NULL, NULL, 1, NULL, NULL, NULL, 'inoerp', '27-07-2013 16:19:58', 'inoerp', '27-07-2013 16:19:58'),
(4, 4, 6, 3, 9, NULL, NULL, 19, 10, 10, NULL, NULL, 0, NULL, NULL, NULL, 'inoerp', '29-07-2013 13:37:07', 'inoerp', '29-07-2013 13:37:07'),
(5, 10005, 6, 2, 4, NULL, NULL, 1006, 8, 8, NULL, NULL, 0, NULL, NULL, NULL, 'inoerp', '29-07-2013 16:03:48', 'inoerp', '29-07-2013 16:03:48'),
(6, 10024, 6, 5, NULL, NULL, NULL, 100, 100, 100, NULL, NULL, 1, NULL, NULL, NULL, 'inoerp', '29-07-2013 17:04:46', 'inoerp', '29-07-2013 17:04:46'),
(7, 10022, 6, 4, NULL, NULL, NULL, 100, 100, 100, NULL, NULL, 0, NULL, NULL, NULL, 'inoerp', '30-07-2013 05:08:55', 'inoerp', '30-07-2013 05:08:55'),
(8, 10025, 6, 2, 4, NULL, NULL, 300, 300, 300, NULL, NULL, 0, NULL, NULL, NULL, 'inoerp', '30-07-2013 05:10:37', 'inoerp', '30-07-2013 05:10:37'),
(9, 10011, 6, 16, NULL, NULL, NULL, 200, 200, 200, NULL, NULL, 0, NULL, NULL, NULL, 'inoerp', '30-07-2013 05:12:15', 'inoerp', '30-07-2013 05:12:15'),
(10, 10024, 6, 3, 11, NULL, NULL, 100, 100, 100, NULL, NULL, 0, NULL, NULL, NULL, 'inoerp', '30-07-2013 10:21:00', 'inoerp', '30-07-2013 10:21:00'),
(11, 10000, 6, 15, NULL, NULL, NULL, 200, 200, 200, NULL, NULL, 0, NULL, NULL, NULL, 'inoerp', '30-07-2013 10:23:13', 'inoerp', '30-07-2013 10:23:13'),
(12, 3, 6, 3, 9, NULL, NULL, 1000, 1000, 1000, NULL, NULL, 0, NULL, NULL, NULL, 'inoerp', '30-07-2013 10:26:41', 'inoerp', '30-07-2013 10:26:41'),
(13, 10013, 6, 2, 4, NULL, NULL, 4000, 3000, 3000, NULL, NULL, 0, NULL, NULL, NULL, 'inoerp', '30-07-2013 10:29:08', 'inoerp', '30-07-2013 10:29:08'),
(14, 10000, 6, 2, 4, NULL, NULL, 200, 100, 100, NULL, NULL, 0, NULL, NULL, NULL, 'inoerp', '30-07-2013 10:39:31', 'inoerp', '30-07-2013 10:39:31'),
(15, 3, 6, 2, 4, NULL, NULL, 1000, 1000, 1000, NULL, NULL, 0, NULL, NULL, NULL, 'inoerp', '30-07-2013 10:43:02', 'inoerp', '30-07-2013 10:43:02'),
(16, 10013, 6, 2, 7, NULL, NULL, 1000, 1000, 1000, NULL, NULL, 0, NULL, NULL, NULL, 'inoerp', '30-07-2013 10:46:13', 'inoerp', '30-07-2013 10:46:13'),
(17, 10022, 6, 2, 4, NULL, NULL, 1000, 1000, 1000, NULL, NULL, 0, NULL, NULL, NULL, 'inoerp', '04-08-2013 12:12:19', 'inoerp', '04-08-2013 12:12:19'),
(18, 10030, 6, 2, 5, NULL, NULL, -729, 10, 10, NULL, NULL, 27, NULL, NULL, NULL, 'inoerp', '09-10-2013 01:56:38', 'inoerp', '09-10-2013 01:56:38'),
(19, 10030, 6, 3, 9, NULL, NULL, 897, 67, 67, NULL, NULL, 27, NULL, NULL, NULL, 'inoerp', '09-10-2013 02:54:30', 'inoerp', '09-10-2013 02:54:30'),
(20, 10030, 6, 2, 7, NULL, NULL, 15, 5, 5, NULL, NULL, 27, NULL, NULL, NULL, 'inoerp', '09-10-2013 15:24:17', 'inoerp', '09-10-2013 15:24:17'),
(21, 10030, 6, 1, NULL, NULL, NULL, 66, 11, 11, NULL, NULL, 27, NULL, NULL, NULL, 'inoerp', '10-10-2013 08:10:18', 'inoerp', '10-10-2013 08:10:18'),
(22, 10030, 6, 3, 11, NULL, NULL, 100, 100, 100, NULL, NULL, 27, NULL, NULL, NULL, 'inoerp', '10-10-2013 10:46:47', 'inoerp', '10-10-2013 10:46:47'),
(23, 10029, 6, 3, 9, NULL, NULL, 30, 10, 10, NULL, NULL, 27, NULL, NULL, NULL, 'inoerp', '10-10-2013 17:41:16', 'inoerp', '10-10-2013 17:41:16'),
(24, 10031, 6, 3, 9, NULL, NULL, 15, 3, 3, NULL, NULL, 27, NULL, NULL, NULL, 'inoerp', '11-10-2013 05:40:59', 'inoerp', '11-10-2013 05:40:59'),
(25, 10031, 6, 2, 5, NULL, NULL, 15, 5, 5, NULL, NULL, 27, NULL, NULL, NULL, 'inoerp', '11-10-2013 10:51:41', 'inoerp', '11-10-2013 10:51:41'),
(26, 10029, 6, 2, 6, NULL, NULL, 15, 15, 15, NULL, NULL, 27, NULL, NULL, NULL, 'inoerp', '11-10-2013 10:51:53', 'inoerp', '11-10-2013 10:51:53'),
(27, 10029, 6, 2, 5, NULL, NULL, 10, 10, 10, NULL, NULL, 27, NULL, NULL, NULL, 'inoerp', '14-10-2013 17:20:00', 'inoerp', '14-10-2013 17:20:00'),
(28, 6, 6, 2, NULL, NULL, NULL, 29, 5, 5, NULL, NULL, 2, NULL, NULL, NULL, 'inoerp', '17-11-2013 12:54:27', 'inoerp', '17-11-2013 12:54:27'),
(29, 6, 6, 2, 5, NULL, NULL, 76, 5, 5, NULL, NULL, 2, NULL, NULL, NULL, 'inoerp', '19-11-2013 03:04:45', 'inoerp', '19-11-2013 03:04:45'),
(30, 6, 6, 3, 9, NULL, NULL, 94, 4, 4, NULL, NULL, 2, NULL, NULL, NULL, 'inoerp', '19-11-2013 03:27:30', 'inoerp', '19-11-2013 03:27:30'),
(31, 6, 6, 5, NULL, NULL, NULL, 45, 45, 45, NULL, NULL, 27, NULL, NULL, NULL, 'inoerp', '23-11-2013 12:01:33', 'inoerp', '23-11-2013 12:01:33'),
(32, 6, 6, 6, NULL, NULL, NULL, 45, 45, 45, NULL, NULL, 27, NULL, NULL, NULL, 'inoerp', '23-11-2013 12:01:34', 'inoerp', '23-11-2013 12:01:34'),
(33, 10057, 6, 2, 6, NULL, NULL, 4908, 5000, 5000, NULL, NULL, 27, NULL, NULL, NULL, 'inoerp', '08-01-2014 16:55:18', 'inoerp', '08-01-2014 16:55:18'),
(34, 10047, 6, 2, 6, NULL, NULL, -62, -1, -1, NULL, NULL, 27, NULL, NULL, NULL, 'inoerp', '09-01-2014 03:58:17', 'inoerp', '09-01-2014 03:58:17'),
(35, 10059, 6, 3, 13, NULL, NULL, -20, -10, -10, NULL, NULL, 27, NULL, NULL, NULL, 'inoerp', '09-01-2014 10:54:43', 'inoerp', '09-01-2014 10:54:43'),
(36, 10049, 6, 2, 6, NULL, NULL, 26, -5, -5, NULL, NULL, 27, NULL, NULL, NULL, 'inoerp', '09-01-2014 14:50:55', 'inoerp', '09-01-2014 14:50:55'),
(37, 10043, 6, 2, 5, NULL, NULL, -31, -30, -30, NULL, NULL, 27, NULL, NULL, NULL, 'inoerp', '14-01-2014 04:22:31', 'inoerp', '14-01-2014 04:22:31'),
(38, 10059, 6, 2, 5, NULL, NULL, -38, -60, -60, NULL, NULL, 27, NULL, NULL, NULL, 'inoerp', '14-01-2014 04:22:31', 'inoerp', '14-01-2014 04:22:31'),
(39, 10037, 6, 2, 5, NULL, NULL, -1, -1, -1, NULL, NULL, 27, NULL, NULL, NULL, 'inoerp', '15-01-2014 09:06:34', 'inoerp', '15-01-2014 09:06:34'),
(40, 10039, 6, 3, 9, NULL, NULL, -1, -1, -1, NULL, NULL, 27, NULL, NULL, NULL, 'inoerp', '15-01-2014 09:06:34', 'inoerp', '15-01-2014 09:06:34'),
(41, 10035, 6, 2, 7, NULL, NULL, 57, 2, 2, NULL, NULL, 27, NULL, NULL, NULL, 'inoerp', '16-01-2014 11:16:40', 'inoerp', '16-01-2014 11:16:40');

-- --------------------------------------------------------

--
-- Stand-in structure for view `onhand_v`
--
CREATE TABLE IF NOT EXISTS `onhand_v` (
`onhand_id` int(12)
,`item_number` varchar(50)
,`item_description` varchar(256)
,`org_name` varchar(50)
,`subinventory` varchar(25)
,`locator` varchar(256)
,`uom_id` int(12)
,`onhand` float
,`item_id` int(12)
,`org_id` int(12)
,`subinventory_id` int(12)
,`locator_id` int(12)
,`lot_id` int(12)
,`serial_id` int(12)
,`reservable_onhand` float
,`transactable_onhand` float
,`lot_status` varchar(25)
,`serial_status` varchar(25)
,`secondary_uom_id` int(12)
,`onhand_status` varchar(25)
,`ef_id` int(12)
,`created_by` varchar(50)
,`creation_date` varchar(50)
,`last_update_by` varchar(50)
,`last_update_date` varchar(50)
);
-- --------------------------------------------------------

--
-- Table structure for table `option_detail`
--

CREATE TABLE IF NOT EXISTS `option_detail` (
  `option_detail_id` int(12) unsigned NOT NULL AUTO_INCREMENT,
  `option_header_id` int(12) unsigned NOT NULL,
  `option_line_id` int(12) unsigned NOT NULL,
  `option_detail_value` varchar(256) NOT NULL,
  `description` varchar(255) DEFAULT NULL,
  `efid` int(12) DEFAULT NULL,
  `status` enum('active','inactive') DEFAULT NULL,
  `rev_enabled` enum('enabled','disabled') DEFAULT NULL,
  `rev_number` int(10) DEFAULT NULL,
  `effective_start_date` date DEFAULT NULL,
  `effective_end_date` date DEFAULT NULL,
  `created_by` varchar(100) NOT NULL,
  `creation_date` timestamp NULL DEFAULT NULL,
  `last_update_by` varchar(100) NOT NULL,
  `last_update_date` timestamp NULL DEFAULT NULL,
  PRIMARY KEY (`option_detail_id`),
  UNIQUE KEY `option_line_id` (`option_line_id`,`option_detail_value`),
  KEY `option_header_id` (`option_header_id`,`option_line_id`)
) ENGINE=InnoDB  DEFAULT CHARSET=latin1 AUTO_INCREMENT=34 ;

--
-- Dumping data for table `option_detail`
--

INSERT INTO `option_detail` (`option_detail_id`, `option_header_id`, `option_line_id`, `option_detail_value`, `description`, `efid`, `status`, `rev_enabled`, `rev_number`, `effective_start_date`, `effective_end_date`, `created_by`, `creation_date`, `last_update_by`, `last_update_date`) VALUES
(1, 117, 250, '002', 'TEST945 Descsdsds', 1, 'active', 'enabled', 1, '0000-00-00', '0000-00-00', 'inoerp', '0000-00-00 00:00:00', 'inoerp', '0000-00-00 00:00:00'),
(2, 117, 250, '0003', 'testhdfgdgdg', 1, 'active', 'enabled', NULL, '0000-00-00', '0000-00-00', 'inoerp', '2013-09-14 07:33:09', 'inoerp', '2013-09-14 07:33:09'),
(3, 117, 250, '0004', '43453543', 1, 'active', 'enabled', NULL, NULL, NULL, 'inoerp', '2013-09-14 07:33:54', 'inoerp', '2013-09-14 07:33:54'),
(4, 118, 0, 'TEST950A1A', 'TEST950A1A', 1, 'active', NULL, NULL, NULL, NULL, 'inoerp', '2013-09-17 11:31:17', 'inoerp', '2013-09-17 11:31:17'),
(5, 118, 254, 'TEST950A2', 'TEST950A1', 1, 'active', 'enabled', 0, '0000-00-00', '0000-00-00', 'inoerp', '2013-09-17 11:56:20', 'inoerp', '2013-09-17 11:56:20'),
(6, 118, 256, 'TEST950B1', 'TEST950B1', 1, 'active', 'enabled', 1, '0000-00-00', NULL, 'inoerp', '2013-09-17 11:42:58', 'inoerp', '2013-09-17 11:42:58'),
(7, 118, 257, 'TEST950C1', 'TEST950C12', 1, 'active', 'enabled', 1, '0000-00-00', NULL, 'inoerp', '2013-09-17 11:45:58', 'inoerp', '2013-09-17 11:45:58'),
(8, 118, 254, 'TEST950A2A', 'TEST950A2A', 1, 'active', 'enabled', 1, '0000-00-00', NULL, 'inoerp', '2013-09-17 13:23:47', 'inoerp', '2013-09-17 13:23:47'),
(11, 118, 254, 'TEST950A2B1', 'TEST950A2B1', 2, 'active', 'enabled', 2, '0000-00-00', NULL, 'inoerp', '2013-09-17 14:16:50', 'inoerp', '2013-09-17 14:16:50'),
(12, 118, 254, 'TEST950A2B2', 'TEST950A2B2', 2, 'active', 'enabled', 2, '0000-00-00', NULL, 'inoerp', '2013-09-17 14:16:50', 'inoerp', '2013-09-17 14:16:50'),
(13, 98, 2, 'TEST01A', 'TEST01A', 1, 'active', 'enabled', 1, '0000-00-00', '0000-00-00', 'inoerp', '2013-10-12 21:12:36', 'inoerp', '2013-10-12 21:12:36'),
(14, 98, 5, 'TEST01BCC', 'TEST01B', 1, 'active', 'enabled', 1, '0000-00-00', '0000-00-00', 'inoerp', '2013-10-12 21:12:36', 'inoerp', '2013-10-12 21:12:36'),
(15, 118, 259, 'TEST9509a11', 'TEST9509a11', NULL, 'active', 'enabled', 1, '0000-00-00', NULL, 'inoerp', '2013-09-18 11:56:22', 'inoerp', '2013-09-18 11:56:22'),
(16, 119, 264, 'Senior Buyer', 'Senior Buyer', 1, 'active', 'enabled', 1, '0000-00-00', '0000-00-00', 'inoerp', '2013-09-29 17:14:40', 'inoerp', '2013-09-29 17:14:40'),
(17, 119, 264, 'Buyer Trainee', 'Buyer Trainee', 1, 'active', 'enabled', 1, '0000-00-00', '0000-00-00', 'inoerp', '2013-09-29 17:14:40', 'inoerp', '2013-09-29 17:14:40'),
(19, 98, 2, 'TEST90502A', 'TEST90502A', 0, 'active', '', 0, '0000-00-00', '0000-00-00', 'inoerp', '2013-10-12 21:12:35', 'inoerp', '2013-10-12 21:12:35'),
(20, 98, 8, 'TEST90503A', 'TEST90503A', 0, 'active', 'enabled', 0, '0000-00-00', '0000-00-00', 'inoerp', '2013-10-12 21:12:36', 'inoerp', '2013-10-12 21:12:36'),
(21, 98, 258, 'TEST90503B', 'TEST90503B', NULL, 'active', 'enabled', NULL, NULL, NULL, 'inoerp', '2013-10-12 21:04:00', 'inoerp', '2013-10-12 21:04:00'),
(22, 98, 2, 'TEST90503BA', 'TEST90503BA', 0, '', '', 0, '0000-00-00', '0000-00-00', 'inoerp', '2013-10-12 21:12:35', 'inoerp', '2013-10-12 21:12:35'),
(23, 98, 288, 'TEST90509A', 'TEST90509A', NULL, 'active', 'enabled', NULL, NULL, NULL, 'inoerp', '2013-10-12 21:17:32', 'inoerp', '2013-10-12 21:17:32'),
(24, 98, 289, 'TEST90510A', 'TEST90510A', NULL, 'active', 'enabled', NULL, NULL, NULL, 'inoerp', '2013-10-12 21:19:44', 'inoerp', '2013-10-12 21:19:44'),
(25, 98, 290, 'TEST90511A', 'TEST90511A', NULL, 'active', 'enabled', NULL, NULL, NULL, 'inoerp', '2013-10-12 21:22:31', 'inoerp', '2013-10-12 21:22:31'),
(26, 98, 290, 'TEST90511b', 'TEST90511b', NULL, 'active', 'enabled', NULL, NULL, NULL, 'inoerp', '2013-10-12 21:37:55', 'inoerp', '2013-10-12 21:37:55'),
(27, 98, 290, 'TEST90511c', 'TEST90511c', NULL, 'active', 'enabled', NULL, NULL, NULL, 'inoerp', '2013-10-12 21:37:55', 'inoerp', '2013-10-12 21:37:55'),
(30, 98, 274, 'TEST90502A', 'TEST90502A', NULL, NULL, NULL, NULL, NULL, NULL, 'inoerp', '2013-10-12 22:19:55', 'inoerp', '2013-10-12 22:19:55'),
(32, 117, 311, 'TEST945F01', 'TEST945F01', NULL, NULL, NULL, NULL, NULL, NULL, 'inoerp', '2013-10-16 14:23:55', 'inoerp', '2013-10-16 14:23:55'),
(33, 117, 311, 'TEST945F02', 'TEST945F02', NULL, NULL, NULL, NULL, NULL, NULL, 'inoerp', '2013-10-16 14:23:55', 'inoerp', '2013-10-16 14:23:55');

-- --------------------------------------------------------

--
-- Table structure for table `option_header`
--

CREATE TABLE IF NOT EXISTS `option_header` (
  `option_header_id` int(12) unsigned NOT NULL AUTO_INCREMENT,
  `access_level` varchar(20) NOT NULL DEFAULT 'both',
  `option_type` varchar(50) NOT NULL,
  `description` varchar(200) DEFAULT NULL,
  `module` varchar(50) NOT NULL DEFAULT 'system',
  `efid` int(12) DEFAULT NULL,
  `status` enum('active','inactive') DEFAULT NULL,
  `rev_enabled` enum('enabled','disabled') DEFAULT NULL,
  `rev_number` int(10) DEFAULT NULL,
  `created_by` varchar(40) NOT NULL DEFAULT '',
  `creation_date` varchar(50) DEFAULT NULL,
  `last_update_by` varchar(40) NOT NULL DEFAULT '',
  `last_update_date` varchar(50) DEFAULT NULL,
  PRIMARY KEY (`option_header_id`),
  UNIQUE KEY `option_type` (`option_type`)
) ENGINE=InnoDB  DEFAULT CHARSET=latin1 AUTO_INCREMENT=146 ;

--
-- Dumping data for table `option_header`
--

INSERT INTO `option_header` (`option_header_id`, `access_level`, `option_type`, `description`, `module`, `efid`, `status`, `rev_enabled`, `rev_number`, `created_by`, `creation_date`, `last_update_by`, `last_update_date`) VALUES
(77, 'system', 'ORG_TYPE', 'Org Type', '1', 0, '', '', 1, 'inoerp', '10-06-2013 10:16:31', 'inoerp', '10-06-2013 10:16:31'),
(79, 'system', 'ADDRESS_TYPE', 'Address type', '13', 1, '', '', 1, 'inoerp', '15-06-2013 02:14:36', 'inoerp', '15-06-2013 02:14:36'),
(80, 'system', 'COA_STRUCTURE', 'Chart of account structure', '13', 1, 'active', 'enabled', 0, 'inoerp', '13-09-2013 07:02:45', 'inoerp', '13-09-2013 07:02:45'),
(81, 'system', 'TEST01', 'TEST01 Desc001', '1', 1, 'active', 'enabled', 1, 'inoerp', '2013-12-29 18:17:24', 'inoerp', '2013-12-29 18:17:24'),
(82, 'both', 'COA01', 'Chart of account 01', '2', 1, '', '', 1, 'inoerp', '19-06-2013 08:50:06', 'inoerp', '19-06-2013 08:50:06'),
(83, 'system', 'COA_ACCOUNT_TYPE', 'Chart of account type - Asset A, Liability L, Owners Equity E, Expense E, Income I', '2', 1, '', '', 1, 'inoerp', '20-06-2013 17:21:21', 'inoerp', '20-06-2013 17:21:21'),
(84, 'system', 'ITEM_TYPE', 'Item type used for Item master', '6', 0, '', '', 0, 'inoerp', '09-07-2013 08:14:49', 'inoerp', '09-07-2013 08:14:49'),
(85, 'system', 'UOM_CLASS', 'Unit of Measure Class', '6', 0, '', '', 0, 'inoerp', '11-07-2013 11:15:13', 'inoerp', '11-07-2013 11:15:13'),
(86, 'system', 'TRANSACTION_TYPE_CLASS', 'Transaction Type Class', '6', 1, '', '', 0, 'inoerp', '15-07-2013 16:18:34', 'inoerp', '15-07-2013 16:18:34'),
(87, 'system', 'INV_TRANSACTION_ACTION', 'Inventory Transaction Actions', '6', 0, '', '', 0, 'inoerp', '2013-11-11 07:40:45', 'inoerp', '2013-11-11 07:40:45'),
(88, 'system', 'SUBINVENTORY_TYPE', 'Subinventory Type', '6', 0, '', '', 1, 'inoerp', '17-07-2013 10:24:54', 'inoerp', '17-07-2013 10:24:54'),
(89, 'system', 'LOCATOR_CONTROL', 'Locator Control', '6', 0, 'active', 'enabled', 0, 'inoerp', '2013-09-17 15:40:14', 'inoerp', '2013-09-17 15:40:14'),
(90, 'both', 'LOCATOR_CONTROLS', 'Locator Controls', '6', 0, '', '', 0, 'inoerp', '19-07-2013 06:50:09', 'inoerp', '19-07-2013 06:50:09'),
(91, 'system', 'LOCATOR_STRUCTURE', 'Locator Structures', '6', 0, '', '', 0, 'inoerp', '19-07-2013 13:55:55', 'inoerp', '19-07-2013 13:55:55'),
(92, 'both', 'VIEW_DISPLAY_TYPE', 'View dsiplay type', '14', 0, '', '', 0, 'inoerp', '07-09-2013 11:42:20', 'inoerp', '07-09-2013 11:42:20'),
(98, 'both', 'TEST905', 'TEST905', '14', 1, 'active', 'disabled', 0, 'inoerp', '2013-10-12 18:19:53', 'inoerp', '2013-10-12 18:19:53'),
(117, 'both', 'TEST945', 'TEST945 Descsdsds', '3', 1, 'active', 'enabled', 1, 'inoerp', '2013-10-16 10:23:55', 'inoerp', '2013-10-16 10:23:55'),
(118, 'system', 'TEST950', 'TEST950A', '5', 4, 'active', 'enabled', 1, 'inoerp', '2013-12-29 18:18:48', 'inoerp', '2013-12-29 18:18:48'),
(119, 'both', 'USER_ROLES', 'User roles', '1', 1, 'active', 'enabled', 1, 'inoerp', '2013-09-29 13:15:07', 'inoerp', '2013-09-29 13:15:07'),
(120, 'both', 'INVENTORY_ORG_TYPE', 'Inventory Organization Type', '6', 0, 'active', 'enabled', 1, 'inoerp', '2013-09-28 14:40:38', 'inoerp', '2013-09-28 14:40:38'),
(121, 'both', 'COSTING_METHODS', 'Costing Methods', '6', 0, 'active', '', 0, 'inoerp', '2013-09-28 14:45:26', 'inoerp', '2013-09-28 14:45:26'),
(122, 'system', 'MANUFACTURING_ITEM_TYPE', 'Manufacuting Item Type', '6', 0, 'active', '', 0, 'inoerp', '2013-10-05 10:34:51', 'inoerp', '2013-10-05 10:34:51'),
(123, 'both', 'ITEM_STATUS', 'Item Status', '6', 0, 'active', 'enabled', 0, 'inoerp', '2013-10-05 11:18:49', 'inoerp', '2013-10-05 11:18:49'),
(124, 'both', 'SUPPLIER_TYPE', 'Supplier Type', '3', 2, 'active', 'enabled', 2, 'inoerp', '2013-10-12 16:32:50', 'inoerp', '2013-10-12 16:32:50'),
(125, 'both', 'COUNTRY', 'All countries', '1', 0, 'active', 'enabled', 0, 'inoerp', '2013-10-30 21:29:28', 'inoerp', '2013-10-30 21:29:28'),
(126, 'system', 'PO_RECEIPT_ROUTING', 'Purchasing Receipt Routing', '7', 0, 'active', 'enabled', 0, 'inoerp', '2013-10-14 09:08:10', 'inoerp', '2013-10-14 09:08:10'),
(127, 'system', 'AP_INVOICE_MATCH_LEVEL', 'AP Invoice Match Level', '3', 0, 'active', 'enabled', 0, 'inoerp', '2013-10-14 09:11:29', 'inoerp', '2013-10-14 09:11:29'),
(128, 'both', 'EXCEPTION_ACTION', 'Exception Action', '1', 0, 'active', 'enabled', 0, 'inoerp', '2013-10-14 09:13:08', 'inoerp', '2013-10-14 09:13:08'),
(129, 'system', 'SUPPLIER_SITE_TYPE', 'Supplier Site Type', '3', 0, 'active', 'enabled', 0, 'inoerp', '2013-10-16 08:51:25', 'inoerp', '2013-10-16 08:51:25'),
(130, 'system', 'AP_PAY_ON', 'Auto Create AP Invoice', '3', 0, 'active', 'enabled', 0, 'inoerp', '2013-10-17 07:16:15', 'inoerp', '2013-10-17 07:16:15'),
(131, 'system', 'PO_TYPE', 'Purchase Order Type', '7', 0, 'active', 'enabled', 0, 'inoerp', '2013-10-19 04:29:03', 'inoerp', '2013-10-19 04:29:03'),
(132, 'system', 'PO_STATUS', 'PO Status', '7', 0, 'active', 'enabled', 0, 'inoerp', '2013-11-05 08:20:45', 'inoerp', '2013-11-05 08:20:45'),
(133, 'system', 'PO_LINE_TYPE', 'PO Line Types', '7', 0, 'active', 'enabled', 0, 'inoerp', '2013-10-19 18:57:22', 'inoerp', '2013-10-19 18:57:22'),
(134, 'system', 'CURRENCY', 'Currency Codes', '2', 0, 'active', 'enabled', 0, 'inoerp', '2013-10-21 08:49:28', 'inoerp', '2013-10-21 08:49:28'),
(135, 'system', 'WIP_SUPPLY_TYPE', 'WIP Supply Types', '10', NULL, 'active', 'enabled', NULL, 'inoerp', '2014-01-03 13:53:18', 'inoerp', '2014-01-03 13:53:18'),
(136, 'system', 'RESOURCE_TYPE', 'BOM Resource Types', '9', NULL, 'active', NULL, NULL, 'inoerp', '2013-12-16 01:48:31', 'inoerp', '2013-12-16 01:48:31'),
(137, 'system', 'CHARGE_TYPE', 'Charge Type', '9', NULL, 'active', 'enabled', NULL, 'inoerp', '2014-01-03 14:06:19', 'inoerp', '2014-01-03 14:06:19'),
(138, 'system', 'BOM_CHARGE_BASIS', 'Material, Resource & OH Charge basis', '9', NULL, 'active', 'enabled', NULL, 'inoerp', '2014-01-03 13:57:47', 'inoerp', '2014-01-03 13:57:47'),
(139, 'system', 'BOM_OVERHEAD_TYPE', 'Overhead Type - Material or Resource', '9', NULL, 'active', 'enabled', NULL, 'inoerp', '2013-12-17 05:58:58', 'inoerp', '2013-12-17 05:58:58'),
(140, 'system', 'BOM_DEPARTMENT_TYPE', 'Bom Department Id', '9', NULL, 'active', 'enabled', NULL, 'inoerp', '2013-12-19 07:28:45', 'inoerp', '2013-12-19 07:28:45'),
(141, 'system', 'BOM_SCHEDULE_OPTION', 'Bom Schedule Options', '9', NULL, 'active', 'enabled', NULL, 'inoerp', '2014-01-03 14:02:30', 'inoerp', '2014-01-03 14:02:30'),
(142, 'system', 'WIP_WO_TYPE', 'WIP WO/JOB Type', '10', NULL, 'active', 'enabled', NULL, 'inoerp', '2014-01-03 13:55:08', 'inoerp', '2014-01-03 13:55:08'),
(143, 'system', 'WIP_WO_STATUS', 'Work Order Status', '10', NULL, 'active', 'enabled', NULL, 'inoerp', '2014-01-03 14:11:45', 'inoerp', '2014-01-03 14:11:45'),
(144, 'system', 'WIP_TRANSACTIONS', 'All WIP Transactions', '10', NULL, 'active', 'enabled', NULL, 'inoerp', '2014-01-11 07:52:16', 'inoerp', '2014-01-11 07:52:16'),
(145, 'system', 'WIP_MOVE_STEP', 'WIP Move Steps', '10', NULL, 'active', 'enabled', NULL, 'inoerp', '2014-01-07 09:18:30', 'inoerp', '2014-01-07 09:18:30');

-- --------------------------------------------------------

--
-- Table structure for table `option_line`
--

CREATE TABLE IF NOT EXISTS `option_line` (
  `option_line_id` int(12) unsigned NOT NULL AUTO_INCREMENT,
  `option_header_id` int(12) unsigned NOT NULL,
  `option_line_code` varchar(50) NOT NULL,
  `option_line_value` varchar(50) NOT NULL,
  `description` varchar(256) NOT NULL,
  `efid` int(12) DEFAULT NULL,
  `status` enum('active','inactive') DEFAULT NULL,
  `rev_enabled` enum('enabled','disabled') DEFAULT NULL,
  `rev_number` int(12) DEFAULT NULL,
  `effective_start_date` varchar(50) DEFAULT NULL,
  `effective_end_date` varchar(50) DEFAULT NULL,
  `created_by` varchar(256) DEFAULT NULL,
  `creation_date` varchar(256) DEFAULT NULL,
  `last_update_by` varchar(256) DEFAULT NULL,
  `last_update_date` varchar(256) DEFAULT NULL,
  PRIMARY KEY (`option_line_id`),
  KEY `option_header_id` (`option_header_id`)
) ENGINE=InnoDB  DEFAULT CHARSET=latin1 AUTO_INCREMENT=384 ;

--
-- Dumping data for table `option_line`
--

INSERT INTO `option_line` (`option_line_id`, `option_header_id`, `option_line_code`, `option_line_value`, `description`, `efid`, `status`, `rev_enabled`, `rev_number`, `effective_start_date`, `effective_end_date`, `created_by`, `creation_date`, `last_update_by`, `last_update_date`) VALUES
(71, 77, 'ENTERPRISE', 'ENTERPRISE', 'Enterprise Org', 0, '', '', 1, '2000-01-01', '', 'inoerp', '10-06-2013 10:23:48', 'inoerp', '10-06-2013 10:23:48'),
(72, 77, 'LEGAL_ORG', 'LEGAL_ORG', 'Legal Org', 0, '', '', 1, '2000-01-01', '', 'inoerp', '10-06-2013 10:23:48', 'inoerp', '10-06-2013 10:23:48'),
(73, 77, 'BUSINESS_ORG', 'BUSINESS_ORG', 'Business Org', 0, '', '', 1, '2000-01-01', '', 'inoerp', '10-06-2013 10:23:48', 'inoerp', '10-06-2013 10:23:48'),
(74, 77, 'INVENTORY_ORG', 'INVENTORY_ORG', 'Inventory Org', 0, '', '', 1, '2000-01-01', '', 'inoerp', '10-06-2013 10:23:48', 'inoerp', '10-06-2013 10:23:48'),
(75, 79, 'INTERNATIONAL', 'INTERNATIONAL', 'Standard International Format', 1, '', '', 0, '2000-01-01', '2000-01-01', 'inoerp', '15-06-2013 02:17:38', 'inoerp', '19-07-13 06:52:45'),
(76, 79, 'US_STYLE', 'US_STYLE', 'US Format', 1, '', '', 0, '2000-01-01', '2000-01-01', 'inoerp', '15-06-2013 02:17:38', 'inoerp', '19-07-13 06:52:45'),
(77, 80, 'SEGMENT1', 'Legal Org', 'Legal Organization', 1, 'active', 'enabled', 0, '01/01/2001', '', 'inoerp', '16-06-2013 13:05:23', 'inoerp', '13-09-13 07:02:46'),
(78, 80, 'SEGMENT2', 'Business Org', 'Business Organization', 1, 'active', 'enabled', 0, '01/01/2001', '', 'inoerp', '16-06-2013 13:05:23', 'inoerp', '13-09-13 07:02:46'),
(79, 80, 'SEGMENT3', 'Cost Center', 'Cost center', 1, 'active', 'enabled', 0, '01/01/2001', '', 'inoerp', '16-06-2013 13:05:23', 'inoerp', '13-09-13 07:02:45'),
(80, 80, 'SEGMENT4', 'Account', 'Natural account', 1, 'active', 'enabled', 0, '01/01/2001', '', 'inoerp', '16-06-2013 13:05:23', 'inoerp', '13-09-13 07:02:46'),
(81, 80, 'SEGMENT5', 'Product', 'Product', 1, 'active', 'enabled', 0, '01/01/2001', '', 'inoerp', '16-06-2013 13:05:23', 'inoerp', '13-09-13 07:02:46'),
(82, 80, 'SEGMENT6', 'Project', 'Project', 1, 'active', 'enabled', 0, '01/01/2001', '', 'inoerp', '16-06-2013 13:05:23', 'inoerp', '13-09-13 07:02:46'),
(83, 80, 'SEGMENT7', 'InterCompany', 'Inter-Company Segment', 1, 'active', 'enabled', 0, '01/01/2001', '', 'inoerp', '16-06-2013 13:05:23', 'inoerp', '13-09-13 07:02:47'),
(84, 80, 'SEGMENT8', 'TBU', 'Feature Use', 1, 'inactive', 'disabled', 0, '01/01/2001', '31/12/2020', 'inoerp', '16-06-2013 13:05:23', 'inoerp', '13-09-13 07:02:47'),
(85, 81, 'TEST01Vauel01', 'TEST01Val01', 'TEST01Val01 Desc', 1, '', 'enabled', 1, '2013-12-29', '2013-12-29', 'inoerp', '2013-12-29 18:02:53', 'inoerp', '29-12-13 18:17:27'),
(86, 81, 'TEST01Vauel02', 'TEST01Val02', 'TEST01Val02Desc', 1, '', 'enabled', 1, '2013-12-29', '2013-12-29', 'inoerp', '2013-12-29 18:02:53', 'inoerp', '29-12-13 18:17:27'),
(87, 82, 'LEGAL_UNIT', 'Legal Unit', 'Represents Legal Unit', 1, '', '', 0, '2000-01-01', '', 'inoerp', '19-06-2013 08:53:17', 'inoerp', '19-06-13 08:55:41'),
(88, 82, 'BUSINESS_UNIT', 'Business Unit', 'Represents Business Unit', 1, '', '', 0, '2000-01-01', '', 'inoerp', '19-06-2013 08:53:17', 'inoerp', '19-06-13 08:55:41'),
(89, 82, 'COST_CENTER', 'Cost center', 'Represents Cost Center', 1, '', '', 0, '2000-01-01', '', 'inoerp', '19-06-2013 08:53:17', 'inoerp', '19-06-13 08:55:41'),
(90, 82, 'PRODUCT_CODE', 'product code', 'Represents Product code', 1, '', '', 0, '2000-01-01', '', 'inoerp', '19-06-2013 08:53:17', 'inoerp', '19-06-13 08:55:41'),
(91, 82, 'INTERCOMPANY', 'Intercompany', 'Intercompany', 1, '', '', 0, '2000-01-01', '', 'inoerp', '19-06-2013 08:53:17', 'inoerp', '19-06-13 08:55:41'),
(92, 82, 'ACCOUNT', 'Natural account', 'Represents NA', 1, '', '', 0, '2000-01-01', '', 'inoerp', '19-06-2013 08:55:41', 'inoerp', '19-06-2013 08:55:41'),
(93, 83, 'A', 'Asset', 'Asset', 0, '', '', 0, '1950-01-01', '', 'inoerp', '20-06-2013 17:24:41', 'inoerp', '20-06-2013 17:24:41'),
(94, 83, 'L', 'Liability', 'Liability', 0, '', '', 0, '1950-01-01', '', 'inoerp', '20-06-2013 17:24:41', 'inoerp', '20-06-2013 17:24:41'),
(95, 83, 'E', 'Equity', 'Owners Equity', 0, '', '', 0, '1950-01-01', '', 'inoerp', '20-06-2013 17:24:41', 'inoerp', '20-06-2013 17:24:41'),
(96, 83, 'X', 'Expense', 'Expense', 0, '', '', 0, '1950-01-01', '', 'inoerp', '20-06-2013 17:24:41', 'inoerp', '20-06-2013 17:24:41'),
(97, 83, 'I', 'Income', 'Income', 0, '', '', 0, '1950-01-01', '', 'inoerp', '20-06-2013 17:24:41', 'inoerp', '20-06-2013 17:24:41'),
(98, 83, 'C', 'Contra', 'Contra', 0, '', '', 0, '1950-01-01', '', 'inoerp', '20-06-2013 17:24:41', 'inoerp', '20-06-2013 17:24:41'),
(99, 84, 'PRODUCT', 'PRODUCT', 'Standard Product', 0, '', '', 0, '', '', 'inoerp', '09-07-2013 08:21:19', 'inoerp', '09-07-2013 08:21:19'),
(100, 84, 'EXPENSE', 'EXPENSE', 'Expense Items', 0, '', '', 0, '', '', 'inoerp', '09-07-2013 08:21:19', 'inoerp', '09-07-2013 08:21:19'),
(101, 84, 'EXPENSE_QTY', 'EXPENSE_QTY', 'Expense Qty Tracked', 0, '', '', 0, '', '', 'inoerp', '09-07-2013 08:21:19', 'inoerp', '09-07-2013 08:21:19'),
(102, 84, 'NON_PRODUCT', 'NON_PRODUCT', 'Non product Items', 0, '', '', 0, '', '', 'inoerp', '09-07-2013 08:21:19', 'inoerp', '09-07-2013 08:21:19'),
(103, 84, 'MRO', 'MRO', 'MRO Items', 0, '', '', 0, '', '', 'inoerp', '09-07-2013 08:21:19', 'inoerp', '09-07-2013 08:21:19'),
(104, 84, 'FINISHED_GOOD', 'FINISHED_GOOD', 'Finished Good Items', 0, '', '', 0, '', '', 'inoerp', '09-07-2013 08:21:19', 'inoerp', '09-07-2013 08:21:19'),
(105, 84, 'SUB_ASSEMBLY', 'SUB_ASSEMBLY', 'Sub Assemblies', 0, '', '', 0, '', '', 'inoerp', '09-07-2013 08:21:19', 'inoerp', '09-07-2013 08:21:19'),
(106, 84, 'RAW', 'RAW', 'Raw Components', 0, '', '', 0, '', '', 'inoerp', '09-07-2013 08:21:19', 'inoerp', '09-07-2013 08:21:19'),
(107, 84, 'EQUIPMENT', 'EQUIPMENT', 'Equipments', 0, '', '', 0, '', '', 'inoerp', '09-07-2013 08:21:19', 'inoerp', '09-07-2013 08:21:19'),
(108, 84, 'SOFTWARE', 'SOFTWARE', 'Softwares', 0, '', '', 0, '', '', 'inoerp', '09-07-2013 08:21:19', 'inoerp', '09-07-2013 08:21:19'),
(109, 85, 'Area', 'Area', 'Area', 0, '', '', 0, '', '', 'inoerp', '11-07-2013 11:18:19', 'inoerp', '11-07-2013 11:18:19'),
(110, 85, 'Document', 'Document', 'Document', 0, '', '', 0, '', '', 'inoerp', '11-07-2013 11:18:19', 'inoerp', '11-07-2013 11:18:19'),
(111, 85, 'Length', 'Length', 'Length', 0, '', '', 0, '', '', 'inoerp', '11-07-2013 11:18:19', 'inoerp', '11-07-2013 11:18:19'),
(112, 85, 'Volume', 'Volume', 'Volume', 0, '', '', 0, '', '', 'inoerp', '11-07-2013 11:18:19', 'inoerp', '11-07-2013 11:18:19'),
(113, 85, 'Weight', 'Weight', 'Weight', 0, '', '', 0, '', '', 'inoerp', '11-07-2013 11:18:19', 'inoerp', '11-07-2013 11:18:19'),
(114, 85, 'Quantity', 'Quantity', 'Quantity', 0, '', '', 0, '', '', 'inoerp', '11-07-2013 11:18:19', 'inoerp', '11-07-2013 11:18:19'),
(115, 85, 'Period', 'Period', 'Period', 0, '', '', 0, '', '', 'inoerp', '11-07-2013 11:18:19', 'inoerp', '11-07-2013 11:18:19'),
(116, 85, 'Money', 'Money', 'Money', 0, '', '', 0, '', '', 'inoerp', '11-07-2013 11:18:19', 'inoerp', '11-07-2013 11:18:19'),
(117, 85, 'Time', 'Time', 'Time', 0, '', '', 0, '', '', 'inoerp', '11-07-2013 11:18:19', 'inoerp', '11-07-2013 11:18:19'),
(118, 86, 'INVENTORY', 'INVENTORY', 'Inventory Transactions', 1, '', '', 1, '', '', 'inoerp', '15-07-2013 16:22:53', 'inoerp', '15-07-2013 16:22:53'),
(119, 86, 'WIP', 'WIP', 'Work In Process', 1, '', '', 1, '', '', 'inoerp', '15-07-2013 16:22:53', 'inoerp', '15-07-2013 16:22:53'),
(120, 86, 'OM', 'OM', 'Order Management', 1, '', '', 1, '', '', 'inoerp', '15-07-2013 16:22:53', 'inoerp', '15-07-2013 16:22:53'),
(121, 86, 'PO', 'PO', 'Purchasing', 1, '', '', 1, '', '', 'inoerp', '15-07-2013 16:22:53', 'inoerp', '15-07-2013 16:22:53'),
(122, 86, 'MISC', 'MISC', 'Misc', 1, '', '', 1, '', '', 'inoerp', '15-07-2013 16:22:53', 'inoerp', '15-07-2013 16:22:53'),
(123, 87, '1', '1', 'Issue from stores', 0, '', '', 0, '', '', 'inoerp', '16-07-2013 06:38:31', 'inoerp', '16-07-2013 06:38:31'),
(124, 87, '10', '10', 'Logical Intercompany Receipt', 0, '', '', 0, '', '', 'inoerp', '16-07-2013 06:38:31', 'inoerp', '16-07-2013 06:38:31'),
(125, 87, '11', '11', 'Logical Delivery Adjustment', 0, '', '', 0, '', '', 'inoerp', '16-07-2013 06:38:31', 'inoerp', '16-07-2013 06:38:31'),
(126, 87, '12', '12', 'Intransit receipt', 0, '', '', 0, '', '', 'inoerp', '16-07-2013 06:38:31', 'inoerp', '16-07-2013 06:38:31'),
(127, 87, '13', '13', 'Logical Intercompany Receipt Return', 0, '', '', 0, '', '', 'inoerp', '16-07-2013 06:38:31', 'inoerp', '16-07-2013 06:38:31'),
(128, 87, '14', '14', 'Logical Intercompany Sales Return', 0, '', '', 0, '', '', 'inoerp', '16-07-2013 06:38:31', 'inoerp', '16-07-2013 06:38:31'),
(129, 87, '15', '15', 'Logical  Intransit Receipt', 0, '', '', 0, '', '', 'inoerp', '16-07-2013 06:38:31', 'inoerp', '16-07-2013 06:38:31'),
(130, 87, '17', '17', 'Logical Expense Requisition Receipt', 0, '', '', 0, '', '', 'inoerp', '16-07-2013 06:38:31', 'inoerp', '16-07-2013 06:38:31'),
(131, 87, '2', '2', 'Subinventory transfer', 0, '', '', 0, '', '', 'inoerp', '16-07-2013 06:38:31', 'inoerp', '16-07-2013 06:38:31'),
(132, 87, '21', '21', 'Intransit shipment', 0, '', '', 0, '', '', 'inoerp', '16-07-2013 06:38:31', 'inoerp', '16-07-2013 06:38:31'),
(133, 87, '22', '22', 'Logical  Intransit Shipment', 0, '', '', 0, '', '', 'inoerp', '16-07-2013 06:38:31', 'inoerp', '16-07-2013 06:38:31'),
(134, 87, '24', '24', 'Cost update', 0, '', '', 0, '', '', 'inoerp', '16-07-2013 06:38:31', 'inoerp', '16-07-2013 06:38:31'),
(135, 87, '25', '25', 'Retroactive Price Update', 0, '', '', 0, '', '', 'inoerp', '16-07-2013 06:38:31', 'inoerp', '16-07-2013 06:38:31'),
(136, 87, '26', '26', 'Logical Receipt', 0, '', '', 0, '', '', 'inoerp', '16-07-2013 06:38:31', 'inoerp', '16-07-2013 06:38:31'),
(137, 87, '27', '27', 'Receipt into stores', 0, '', '', 0, '', '', 'inoerp', '16-07-2013 06:38:31', 'inoerp', '16-07-2013 06:38:31'),
(138, 87, '28', '28', 'Staging transfer', 0, '', '', 0, '', '', 'inoerp', '16-07-2013 06:38:31', 'inoerp', '16-07-2013 06:38:31'),
(139, 87, '29', '29', 'Delivery adjustments', 0, '', '', 0, '', '', 'inoerp', '16-07-2013 06:38:31', 'inoerp', '16-07-2013 06:38:31'),
(140, 87, '3', '3', 'Direct organization transfer', 0, '', '', 0, '', '', 'inoerp', '16-07-2013 06:38:31', 'inoerp', '16-07-2013 06:38:31'),
(141, 87, '30', '30', 'WIP scrap transaction', 0, '', '', 0, '', '', 'inoerp', '16-07-2013 06:38:31', 'inoerp', '16-07-2013 06:38:31'),
(142, 87, '31', '31', 'Assembly completion', 0, '', '', 0, '', '', 'inoerp', '16-07-2013 06:38:31', 'inoerp', '16-07-2013 06:38:31'),
(143, 87, '32', '32', 'Assembly return', 0, '', '', 0, '', '', 'inoerp', '16-07-2013 06:38:31', 'inoerp', '16-07-2013 06:38:31'),
(144, 87, '33', '33', 'Negative component issue', 0, '', '', 0, '', '', 'inoerp', '16-07-2013 06:38:31', 'inoerp', '16-07-2013 06:38:31'),
(145, 87, '34', '34', 'Negative component return', 0, '', '', 0, '', '', 'inoerp', '16-07-2013 06:38:31', 'inoerp', '16-07-2013 06:38:31'),
(146, 87, '35', '35', 'Container transaction', 0, '', '', 0, '', '', 'inoerp', '16-07-2013 06:38:31', 'inoerp', '16-07-2013 06:38:31'),
(147, 87, '36', '36', 'COGS Recognition', 0, '', '', 0, '', '', 'inoerp', '16-07-2013 06:38:31', 'inoerp', '16-07-2013 06:38:31'),
(148, 87, '4', '4', 'Cycle count adjustment', 0, '', '', 0, '', '', 'inoerp', '16-07-2013 06:38:31', 'inoerp', '16-07-2013 06:38:31'),
(149, 87, '40', '40', 'Lot Split', 0, '', '', 0, '', '', 'inoerp', '16-07-2013 06:38:31', 'inoerp', '16-07-2013 06:38:31'),
(150, 87, '41', '41', 'Lot Merge', 0, '', '', 0, '', '', 'inoerp', '16-07-2013 06:38:31', 'inoerp', '16-07-2013 06:38:31'),
(151, 87, '42', '42', 'Lot Translate', 0, '', '', 0, '', '', 'inoerp', '16-07-2013 06:38:31', 'inoerp', '16-07-2013 06:38:31'),
(152, 87, '43', '43', 'Lot Update Quantity', 0, '', '', 0, '', '', 'inoerp', '16-07-2013 06:38:31', 'inoerp', '16-07-2013 06:38:31'),
(153, 87, '5', '5', 'Planning Transfer', 0, '', '', 0, '', '', 'inoerp', '16-07-2013 06:38:31', 'inoerp', '16-07-2013 06:38:31'),
(154, 87, '50', '50', 'Container Pack', 0, '', '', 0, '', '', 'inoerp', '16-07-2013 06:38:31', 'inoerp', '16-07-2013 06:38:31'),
(155, 87, '51', '51', 'Container Unpack', 0, '', '', 0, '', '', 'inoerp', '16-07-2013 06:38:31', 'inoerp', '16-07-2013 06:38:31'),
(156, 87, '52', '52', 'Container Split', 0, '', '', 0, '', '', 'inoerp', '16-07-2013 06:38:31', 'inoerp', '16-07-2013 06:38:31'),
(157, 87, '55', '55', 'Cost Group Transfer', 0, '', '', 0, '', '', 'inoerp', '16-07-2013 06:38:31', 'inoerp', '16-07-2013 06:38:31'),
(158, 87, '56', '56', 'Residual Quantity Issue', 0, '', '', 0, '', '', 'inoerp', '16-07-2013 06:38:31', 'inoerp', '16-07-2013 06:38:31'),
(159, 87, '57', '57', 'Residual Quantity Receipt', 0, '', '', 0, '', '', 'inoerp', '16-07-2013 06:38:31', 'inoerp', '16-07-2013 06:38:31'),
(160, 87, '6', '6', 'Ownership Transfer', 0, '', '', 0, '', '', 'inoerp', '16-07-2013 06:38:31', 'inoerp', '16-07-2013 06:38:31'),
(161, 87, '7', '7', 'Logical Issue', 0, '', '', 0, '', '', 'inoerp', '16-07-2013 06:38:31', 'inoerp', '16-07-2013 06:38:31'),
(162, 87, '8', '8', 'Physical inventory adjustment', 0, '', '', 0, '', '', 'inoerp', '16-07-2013 06:38:31', 'inoerp', '16-07-2013 06:38:31'),
(163, 87, '9', '9', 'Logical Intercompany Sales', 0, '', '', 0, '', '', 'inoerp', '16-07-2013 06:38:31', 'inoerp', '16-07-2013 06:38:31'),
(164, 87, '99', '99', 'Misc', 0, '', '', 0, '', '', 'inoerp', '16-07-2013 06:38:31', 'inoerp', '16-07-2013 06:38:31'),
(165, 88, 'STORAGE', 'STORAGE', 'Storage', 0, '', '', 0, '', '', 'inoerp', '17-07-2013 10:28:42', 'inoerp', '17-07-2013 10:28:42'),
(166, 88, 'RECEIVING', 'RECEIVING', 'Receiving', 0, '', '', 0, '', '', 'inoerp', '17-07-2013 10:28:42', 'inoerp', '17-07-2013 10:28:42'),
(167, 79, 'INDIAN', 'INDIAN', 'Standard Indian Format', 1, '', '', 0, '2000-01-01', '2000-01-01', 'inoerp', '19-07-2013 06:52:45', 'inoerp', '19-07-2013 06:52:45'),
(168, 90, 'NO_LOCATOR1', 'NO_LOCATOR1', 'Not locator Controlled', 0, '', '', 0, '', '', 'inoerp', '19-07-2013 07:03:08', 'inoerp', '19-07-13 07:03:34'),
(169, 89, 'NO_LOCATOR', 'NO_LOCATOR', 'Not locator Controlled', 1, 'active', '', 0, '09/01/2013', '', 'inoerp', '19-07-2013 07:26:25', 'inoerp', '17-09-13 15:40:14'),
(170, 89, 'NEXT_LEVEL', 'NEXT_LEVEL', 'Determined at next level : Business Unit, Inventory, Zone, Subinventory', 1, 'active', '', 0, '09/01/2013', '', 'inoerp', '19-07-2013 07:26:25', 'inoerp', '17-09-13 15:40:14'),
(171, 89, 'PRE_SPECIFIED', 'PRE_SPECIFIED', 'Pre Specified Locators', 1, 'active', '', 0, '09/01/2013', '', 'inoerp', '19-07-2013 07:26:25', 'inoerp', '17-09-13 15:40:14'),
(172, 89, 'DYNAMIC_ENTRY', 'DYNAMIC_ENTRY', 'Dynamic entry', 1, 'active', '', 0, '09/01/2013', '', 'inoerp', '19-07-2013 07:26:25', 'inoerp', '17-09-13 15:40:14'),
(173, 91, 'Subinventory', 'Subinventory', 'Subinventory', 0, '', '', 0, '', '', 'inoerp', '19-07-2013 14:03:39', 'inoerp', '19-07-2013 14:03:39'),
(174, 91, 'Row', 'Row', 'Row number', 0, '', '', 0, '', '', 'inoerp', '19-07-2013 14:03:40', 'inoerp', '19-07-2013 14:03:40'),
(175, 91, 'Rack', 'Rack', 'Rack or Column', 0, '', '', 0, '', '', 'inoerp', '19-07-2013 14:03:40', 'inoerp', '19-07-2013 14:03:40'),
(176, 91, 'Shelf', 'Shelf', 'Shelf', 0, '', '', 0, '', '', 'inoerp', '19-07-2013 14:03:40', 'inoerp', '19-07-2013 14:03:40'),
(177, 91, 'Bin', 'Bin', 'Bin', 0, '', '', 0, '', '', 'inoerp', '19-07-2013 14:03:40', 'inoerp', '19-07-2013 14:03:40'),
(178, 92, 'table', 'table', 'tabular display', 0, '', '', 0, '', '', 'inoerp', '07-09-2013 11:43:43', 'inoerp', '07-09-2013 11:43:43'),
(179, 92, 'paragraph', 'paragraph', 'paragraph display', 0, '', '', 0, '', '', 'inoerp', '07-09-2013 11:43:43', 'inoerp', '07-09-2013 11:43:43'),
(180, 92, 'list', 'list', 'list display', 0, '', '', 0, '', '', 'inoerp', '07-09-2013 11:43:43', 'inoerp', '07-09-2013 11:43:43'),
(249, 117, 'TEST945B', '', 'TEST945B', 1, 'active', 'enabled', 1, '09/30/2013', '', 'inoerp', '13-09-2013 10:57:50', 'inoerp', '13-09-13 11:05:54'),
(250, 117, 'TEST945A', '', 'TEST945A', 1, 'active', 'enabled', 1, '09/17/2013', '', 'inoerp', '13-09-2013 10:57:53', 'inoerp', '13-09-13 11:05:28'),
(251, 117, 'TEST945C', '', 'TEST945C', NULL, 'active', 'enabled', NULL, '09/18/2013', NULL, 'inoerp', '13-09-2013 11:05:08', 'inoerp', '13-09-2013 11:05:08'),
(252, 117, 'TEST945D', '', 'TEST945D', 1, 'active', 'enabled', 1, '09/12/2013', NULL, 'inoerp', '2013-09-14 14:37:59', 'inoerp', '2013-09-14 14:37:59'),
(253, 117, 'TEST945E', '', 'TEST945e', 1, 'active', 'enabled', NULL, NULL, NULL, 'inoerp', '2013-09-15 04:05:12', 'inoerp', '2013-09-15 04:05:12'),
(258, 98, 'TEST90501', '', 'TEST01A', 1, 'active', 'enabled', 0, '09/04/2013', '', 'inoerp', '2013-09-17 10:36:02', 'inoerp', '12-10-13 18:19:55'),
(261, 119, 'anonymous', '', 'Anonymous', 1, 'active', 'enabled', 1, '01/01/2001', '', 'inoerp', '2013-09-18 08:10:48', 'inoerp', '29-09-13 13:15:07'),
(262, 119, 'admin', '', 'Administrator', 1, 'active', 'enabled', 1, '01/01/2001', '', 'inoerp', '2013-09-18 08:10:49', 'inoerp', '29-09-13 13:15:08'),
(263, 119, 'planner', '', 'Planner', 1, 'active', 'enabled', 1, '01/01/2001', '', 'inoerp', '2013-09-18 08:10:49', 'inoerp', '29-09-13 13:15:08'),
(264, 119, 'buyer', '', 'Buyer', 1, 'active', 'enabled', 1, '01/01/2001', '', 'inoerp', '2013-09-18 08:10:49', 'inoerp', '29-09-13 13:15:08'),
(265, 120, 'SALES', '', 'Only Sales Site', 1, 'active', 'enabled', NULL, NULL, NULL, 'inoerp', '2013-09-28 14:40:39', 'inoerp', '2013-09-28 14:40:39'),
(266, 120, 'MFG', '', 'Manufacturing', 1, 'active', 'enabled', NULL, NULL, NULL, 'inoerp', '2013-09-28 14:40:40', 'inoerp', '2013-09-28 14:40:40'),
(267, 120, 'MASTER', '', 'Master Organization', 1, 'active', 'enabled', NULL, NULL, NULL, 'inoerp', '2013-09-28 14:40:40', 'inoerp', '2013-09-28 14:40:40'),
(268, 120, 'DIST', '', 'Distribution', 1, 'active', 'enabled', NULL, NULL, NULL, 'inoerp', '2013-09-28 14:40:40', 'inoerp', '2013-09-28 14:40:40'),
(269, 120, 'REPAIR', '', 'Only Repair Site', 1, 'active', 'enabled', NULL, NULL, NULL, 'inoerp', '2013-09-28 14:40:45', 'inoerp', '2013-09-28 14:40:45'),
(270, 121, 'LIFO', '', 'Last In First Out', NULL, 'active', NULL, NULL, NULL, NULL, 'inoerp', '2013-09-28 14:45:26', 'inoerp', '2013-09-28 14:45:26'),
(271, 121, 'Average', '', 'Average Costing', NULL, 'active', NULL, NULL, NULL, NULL, 'inoerp', '2013-09-28 14:45:26', 'inoerp', '2013-09-28 14:45:26'),
(272, 121, 'Standard', '', 'Standard Costing', NULL, 'active', NULL, NULL, NULL, NULL, 'inoerp', '2013-09-28 14:45:26', 'inoerp', '2013-09-28 14:45:26'),
(273, 121, 'FIFO', '', 'First In First Out', NULL, 'active', NULL, NULL, NULL, NULL, 'inoerp', '2013-09-28 14:45:27', 'inoerp', '2013-09-28 14:45:27'),
(275, 122, 'Buy', '', 'Buy Item', 0, 'active', '', 0, '01/01/2001', '', 'inoerp', '2013-10-05 10:34:52', 'inoerp', '2013-10-05 10:34:52'),
(276, 122, 'Make', '', 'Make Item', NULL, 'active', NULL, NULL, '01/01/2001', NULL, 'inoerp', '2013-10-05 10:28:53', 'inoerp', '2013-10-05 10:28:53'),
(277, 123, 'Active', '', 'Status', NULL, 'active', NULL, NULL, NULL, NULL, 'inoerp', '2013-10-05 11:18:49', 'inoerp', '2013-10-05 11:18:49'),
(278, 123, 'Inactive', '', 'Inactive', NULL, 'active', NULL, NULL, NULL, NULL, 'inoerp', '2013-10-05 11:18:49', 'inoerp', '2013-10-05 11:18:49'),
(279, 123, 'Engineering', '', 'Engineering', NULL, 'active', NULL, NULL, NULL, NULL, 'inoerp', '2013-10-05 11:18:50', 'inoerp', '2013-10-05 11:18:50'),
(280, 124, 'External', '', 'External Suppliers', 0, 'active', 'enabled', 2, '', '', 'inoerp', '2013-10-12 16:28:27', 'inoerp', '12-10-13 16:32:51'),
(281, 124, 'Internal', '', 'Internal Suppliers', 0, 'active', 'enabled', 2, '', '', 'inoerp', '2013-10-12 16:29:23', 'inoerp', '12-10-13 16:32:50'),
(282, 124, 'Employee', '', 'Employees', NULL, 'active', 'enabled', NULL, NULL, NULL, 'inoerp', '2013-10-12 16:32:53', 'inoerp', '2013-10-12 16:32:53'),
(283, 124, 'External_INTL', '', 'Externational International', NULL, 'active', 'enabled', NULL, NULL, NULL, 'inoerp', '2013-10-12 16:32:54', 'inoerp', '2013-10-12 16:32:54'),
(291, 125, 'AF', '', 'AFGHANISTAN', 0, 'active', 'enabled', 0, '01/01/2001', '', 'inoerp', '2013-10-14 05:59:12', 'inoerp', '14-10-13 07:04:38'),
(292, 125, 'IN', '', 'INDIA', 0, 'active', 'enabled', 0, '01/01/2001', '', 'inoerp', '2013-10-14 06:47:57', 'inoerp', '14-10-13 07:04:38'),
(293, 125, 'GB', '', 'UNITED KINGDOM', 0, 'active', 'enabled', 0, '01/01/2001', '', 'inoerp', '2013-10-14 06:47:58', 'inoerp', '14-10-13 07:04:38'),
(294, 125, 'US', '', 'UNITED STATES', 0, 'active', 'enabled', 0, '01/01/2001', '', 'inoerp', '2013-10-14 06:47:58', 'inoerp', '14-10-13 07:04:39'),
(295, 125, 'DE', '', 'GERMANY', 0, 'active', 'enabled', 0, '01/01/2001', '', 'inoerp', '2013-10-14 06:47:59', 'inoerp', '14-10-13 07:04:39'),
(296, 125, 'SG', '', 'SINGAPORE', 0, 'active', 'enabled', 0, '01/01/2001', '', 'inoerp', '2013-10-14 06:47:59', 'inoerp', '14-10-13 07:04:39'),
(297, 125, 'SK', '', 'SLOVAKIA', NULL, 'active', 'enabled', NULL, '01/01/2001', NULL, 'inoerp', '2013-10-14 07:04:39', 'inoerp', '2013-10-14 07:04:39'),
(298, 126, 'Receving', '', 'Two step receving - Receipt & Delivery', NULL, 'active', 'enabled', NULL, '01/01/2001', NULL, 'inoerp', '2013-10-14 09:08:10', 'inoerp', '2013-10-14 09:08:10'),
(299, 126, 'Delivery', '', 'One step receving', NULL, 'active', 'enabled', NULL, '01/01/2001', NULL, 'inoerp', '2013-10-14 09:08:10', 'inoerp', '2013-10-14 09:08:10'),
(300, 126, 'Inspection', '', 'Three step receving - Receipt, Inspection & Delivery', NULL, 'active', 'enabled', NULL, '01/01/2001', NULL, 'inoerp', '2013-10-14 09:08:11', 'inoerp', '2013-10-14 09:08:11'),
(301, 127, '4_Way', '', 'Four Way Matching', NULL, 'active', 'enabled', NULL, NULL, NULL, 'inoerp', '2013-10-14 09:11:30', 'inoerp', '2013-10-14 09:11:30'),
(302, 127, '3_WAY', '', 'Three Way Matching', NULL, 'active', 'enabled', NULL, NULL, NULL, 'inoerp', '2013-10-14 09:11:30', 'inoerp', '2013-10-14 09:11:30'),
(303, 127, '2_WAY', '', 'Two Way Matching', NULL, 'active', 'enabled', NULL, NULL, NULL, 'inoerp', '2013-10-14 09:11:30', 'inoerp', '2013-10-14 09:11:30'),
(304, 128, 'None', '', 'No Action', NULL, 'active', 'enabled', NULL, NULL, NULL, 'inoerp', '2013-10-14 09:13:08', 'inoerp', '2013-10-14 09:13:08'),
(305, 128, 'Reject', '', 'Reject Actvity', NULL, 'active', 'enabled', NULL, NULL, NULL, 'inoerp', '2013-10-14 09:13:08', 'inoerp', '2013-10-14 09:13:08'),
(306, 128, 'Warning', '', 'Show Warning Message ', NULL, 'active', 'enabled', NULL, NULL, NULL, 'inoerp', '2013-10-14 09:13:09', 'inoerp', '2013-10-14 09:13:09'),
(307, 81, 'TEST01Vauel03', '', 'TEST01Vwqew03111', 0, '', 'enabled', 1, '2013-12-29', '2013-12-29', 'inoerp', '2013-12-29 18:02:55', 'inoerp', '29-12-13 18:17:27'),
(308, 129, 'Purchase', '', 'Purchasing Site', 0, 'active', 'enabled', 0, '', '', 'inoerp', '2013-10-16 08:46:18', 'inoerp', '16-10-13 10:55:41'),
(309, 129, 'Pay', '', 'Invoice & Payment Site', 0, 'active', 'enabled', 0, '', '', 'inoerp', '2013-10-16 08:46:18', 'inoerp', '16-10-13 10:55:41'),
(310, 129, 'Multipurpose', '', 'Act as both Purchasing & Pay site', 0, 'active', 'enabled', 0, '', '', 'inoerp', '2013-10-16 08:51:25', 'inoerp', '16-10-13 10:55:41'),
(311, 117, 'TEST945F', '', 'TEST945F', NULL, 'active', 'enabled', NULL, NULL, NULL, 'inoerp', '2013-10-16 10:23:55', 'inoerp', '2013-10-16 10:23:55'),
(312, 118, 'TEST950A', '', 'TEST950A', 0, '', 'enabled', 1, '2013-12-29', '', 'inoerp', '2013-10-16 10:59:05', 'inoerp', '29-12-13 18:18:49'),
(313, 81, 'TEST01Vwqew03111ss', '', 'TEST01Vwqew03111ss', 0, '', 'enabled', 1, '2013-12-29', '2013-12-29', 'inoerp', '2013-10-16 11:03:48', 'inoerp', '29-12-13 18:17:27'),
(314, 130, 'Receipt', '', 'Receipt', NULL, 'active', 'enabled', NULL, NULL, NULL, 'inoerp', '2013-10-17 07:16:17', 'inoerp', '2013-10-17 07:16:17'),
(315, 130, 'Use', '', 'Use', NULL, 'active', 'enabled', NULL, NULL, NULL, 'inoerp', '2013-10-17 07:16:17', 'inoerp', '2013-10-17 07:16:17'),
(316, 130, 'Receipt_Use', '', 'Receipt & Use', NULL, 'active', 'enabled', NULL, NULL, NULL, 'inoerp', '2013-10-17 07:16:18', 'inoerp', '2013-10-17 07:16:18'),
(317, 131, 'Blanket Agreement', '', 'Blanket Agreement PO', 0, 'active', 'enabled', 0, '', '', 'inoerp', '2013-10-19 04:26:22', 'inoerp', '19-10-13 04:29:04'),
(318, 131, 'Contract Order', '', 'Contract PO', 0, 'active', 'enabled', 0, '', '', 'inoerp', '2013-10-19 04:26:22', 'inoerp', '19-10-13 04:29:04'),
(319, 131, 'Standard Order', '', 'Standard PO', NULL, 'active', 'enabled', NULL, NULL, NULL, 'inoerp', '2013-10-19 04:29:04', 'inoerp', '2013-10-19 04:29:04'),
(320, 132, 'Entered', '', 'Entered', NULL, 'active', 'enabled', NULL, NULL, NULL, 'inoerp', '2013-10-19 04:43:27', 'inoerp', '2013-10-19 04:43:27'),
(321, 132, 'Incomplete', '', 'Incomplete', NULL, 'active', 'enabled', NULL, NULL, NULL, 'inoerp', '2013-10-19 04:43:27', 'inoerp', '2013-10-19 04:43:27'),
(322, 132, 'Cancelled', '', 'Cancelled', NULL, 'active', 'enabled', NULL, NULL, NULL, 'inoerp', '2013-10-19 04:43:28', 'inoerp', '2013-10-19 04:43:28'),
(323, 132, 'Closed', '', 'Closed', NULL, 'active', 'enabled', NULL, NULL, NULL, 'inoerp', '2013-10-19 04:43:28', 'inoerp', '2013-10-19 04:43:28'),
(324, 132, 'Require_ReApproval', '', 'Require ReApproval', NULL, 'active', 'enabled', NULL, NULL, NULL, 'inoerp', '2013-10-19 04:43:29', 'inoerp', '2013-10-19 04:43:29'),
(325, 132, 'Finally_Closed', '', 'Finally Closed', NULL, 'active', 'enabled', NULL, NULL, NULL, 'inoerp', '2013-10-19 04:43:29', 'inoerp', '2013-10-19 04:43:29'),
(326, 132, 'Approved', '', 'Approved', NULL, 'active', 'enabled', NULL, NULL, NULL, 'inoerp', '2013-10-19 04:43:32', 'inoerp', '2013-10-19 04:43:32'),
(327, 132, 'Inprocess', '', 'Inprocess', NULL, 'active', 'enabled', NULL, NULL, NULL, 'inoerp', '2013-10-19 04:43:32', 'inoerp', '2013-10-19 04:43:32'),
(328, 133, 'Services', '', 'Services', NULL, 'active', 'enabled', NULL, NULL, NULL, 'inoerp', '2013-10-19 18:57:22', 'inoerp', '2013-10-19 18:57:22'),
(329, 133, 'Goods', '', 'Goods', NULL, 'active', 'enabled', NULL, NULL, NULL, 'inoerp', '2013-10-19 18:57:23', 'inoerp', '2013-10-19 18:57:23'),
(330, 134, 'SGD', '', 'Singapore Dollars', NULL, 'active', 'enabled', NULL, NULL, NULL, 'inoerp', '2013-10-21 08:49:28', 'inoerp', '2013-10-21 08:49:28'),
(331, 134, 'GBP', '', 'Bretain Pound', NULL, 'active', 'enabled', NULL, NULL, NULL, 'inoerp', '2013-10-21 08:49:28', 'inoerp', '2013-10-21 08:49:28'),
(332, 134, 'INR', '', 'Indian Ruppes', NULL, 'active', 'enabled', NULL, NULL, NULL, 'inoerp', '2013-10-21 08:49:29', 'inoerp', '2013-10-21 08:49:29'),
(333, 134, 'USD', '', 'US Dollars', NULL, 'active', 'enabled', NULL, NULL, NULL, 'inoerp', '2013-10-21 08:49:29', 'inoerp', '2013-10-21 08:49:29'),
(334, 134, 'EURO', '', 'Euro', NULL, 'active', 'enabled', NULL, NULL, NULL, 'inoerp', '2013-10-21 08:49:29', 'inoerp', '2013-10-21 08:49:29'),
(335, 125, 'PK', '', 'PAKISTAN', NULL, 'active', 'enabled', NULL, '01/01/2001', NULL, 'inoerp', '2013-10-30 21:29:29', 'inoerp', '2013-10-30 21:29:29'),
(336, 132, 'On_Hold', '', 'On Hold', NULL, 'active', 'enabled', NULL, NULL, NULL, 'inoerp', '2013-11-05 08:20:46', 'inoerp', '2013-11-05 08:20:46'),
(337, 135, 'PUSH', 'Push', 'Push - Manually transacted items', 0, 'active', 'enabled', 0, '2013-12-11', '2014-01-03', 'inoerp', '2014-01-03 13:53:19', 'inoerp', '2014-01-03 13:53:19'),
(338, 135, 'ASSEMBLY_PULL', 'Assembly Pull', 'Back flashed at WIP completion', 0, 'active', 'enabled', 0, '2014-01-03', '2014-01-03', 'inoerp', '2014-01-03 13:53:20', 'inoerp', '2014-01-03 13:53:20'),
(339, 135, 'OPERATION_PULL', 'Operation Pull', 'Back flashed at each operation', 0, 'active', 'enabled', 0, '2014-01-03', '2014-01-03', 'inoerp', '2014-01-03 13:53:20', 'inoerp', '2014-01-03 13:53:20'),
(340, 135, 'BULK', 'Bulk', 'Not transacted items - expensed', 0, 'active', 'enabled', 0, '2014-01-03', '2014-01-03', 'inoerp', '2014-01-03 13:53:21', 'inoerp', '2014-01-03 13:53:21'),
(341, 136, 'Machine', '', 'Machine', 0, 'active', 'enabled', 0, '2001-01-01', '', 'inoerp', '2013-12-13 15:40:56', 'inoerp', '16-12-13 01:48:45'),
(342, 136, 'Person', '', 'Person', 0, 'active', 'enabled', 0, '2001-01-01', '', 'inoerp', '2013-12-16 01:46:03', 'inoerp', '16-12-13 01:48:42'),
(343, 137, 'MANUAL', 'Manual', 'Manually Charged', 0, 'active', 'enabled', 0, '2001-01-01', ' ', 'inoerp', '2014-01-03 14:06:20', 'inoerp', '2014-01-03 14:06:20'),
(344, 137, 'OSP_RECEIPT', 'OSP Receipt', 'Charged on OSP PO receipt', 0, 'active', 'enabled', 0, '2001-01-01', ' ', 'inoerp', '2014-01-03 14:06:20', 'inoerp', '2014-01-03 14:06:20'),
(345, 137, 'WIP_MOVE', 'WIP Move', 'Auto Charged on WIP Move', 0, 'active', 'enabled', 0, '2001-01-01', ' ', 'inoerp', '2014-01-03 14:06:21', 'inoerp', '2014-01-03 14:06:21'),
(346, 137, 'OSP_MOVE', 'OSP Move', 'Charged on WIP move after OSP PO receipt', 0, 'active', 'enabled', 0, '2001-01-01', ' ', 'inoerp', '2014-01-03 14:06:20', 'inoerp', '2014-01-03 14:06:20'),
(347, 136, 'Amount', '', 'Amount', NULL, 'active', 'enabled', NULL, '2001-01-01', NULL, 'inoerp', '2013-12-16 01:48:33', 'inoerp', '2013-12-16 01:48:33'),
(348, 136, 'Miscellaneous', '', 'Miscellaneous', NULL, 'active', 'enabled', NULL, '2001-01-01', NULL, 'inoerp', '2013-12-16 01:48:37', 'inoerp', '2013-12-16 01:48:37'),
(349, 136, 'Currency', '', 'Currency', NULL, 'active', 'enabled', NULL, '2001-01-01', NULL, 'inoerp', '2013-12-16 01:48:39', 'inoerp', '2013-12-16 01:48:39'),
(350, 138, 'LOT', 'Lot', 'Per each lot', 0, 'active', 'enabled', 0, '2001-01-01', '2014-01-03', 'inoerp', '2014-01-03 13:57:48', 'inoerp', '2014-01-03 13:57:48'),
(351, 138, 'ITEM', 'Item', 'Per each item', 0, 'active', 'enabled', 0, '2001-01-01', ' ', 'inoerp', '2014-01-03 13:57:48', 'inoerp', '2014-01-03 13:57:48'),
(352, 138, 'RESOURCE_UNIT', 'Resource Unit', 'Per resource unit', NULL, 'active', 'enabled', NULL, '2001-01-01', ' ', 'inoerp', '2014-01-03 13:57:48', 'inoerp', '2014-01-03 13:57:48'),
(353, 138, 'TOTAL_VALUE', 'Total Value', 'Per total value', NULL, 'active', 'enabled', NULL, '2001-01-01', ' ', 'inoerp', '2014-01-03 13:57:49', 'inoerp', '2014-01-03 13:57:49'),
(354, 138, 'RESOURCE_VALUE', 'Resource Value', 'Per resource value', NULL, 'active', 'enabled', NULL, '2001-01-01', ' ', 'inoerp', '2014-01-03 13:57:48', 'inoerp', '2014-01-03 13:57:48'),
(355, 139, 'Resource OH', '', 'Resource Over Head', NULL, 'active', 'enabled', NULL, NULL, NULL, 'inoerp', '2013-12-17 05:58:59', 'inoerp', '2013-12-17 05:58:59'),
(356, 139, 'Material OH', '', 'Material Over Head', NULL, 'active', 'enabled', NULL, ' ', ' ', 'inoerp', '2013-12-17 05:59:00', 'inoerp', '2013-12-17 05:59:00'),
(357, 140, 'Cleaning', '', 'Cleaning Dept', 0, 'active', 'enabled', 0, '', '', 'inoerp', '2013-12-19 07:26:49', 'inoerp', '19-12-13 07:28:47'),
(358, 140, 'Testing', '', 'Testing & Final Testing', 0, 'active', 'enabled', 0, ' ', ' ', 'inoerp', '2013-12-19 07:26:50', 'inoerp', '19-12-13 07:28:46'),
(359, 140, 'Burn in', '', 'Burn in station', 0, 'active', 'enabled', 0, ' ', ' ', 'inoerp', '2013-12-19 07:26:51', 'inoerp', '19-12-13 07:28:47'),
(360, 140, 'Packaging', '', 'Packaging', 0, 'active', 'enabled', 0, ' ', ' ', 'inoerp', '2013-12-19 07:26:52', 'inoerp', '19-12-13 07:28:46'),
(361, 140, 'Assembly', '', 'Assembly Area', 0, 'active', 'enabled', 0, ' ', ' ', 'inoerp', '2013-12-19 07:26:52', 'inoerp', '19-12-13 07:28:47'),
(362, 141, 'YES', 'Yes', 'Yes, Scheduled', NULL, 'active', 'enabled', NULL, '2014-01-03', '2014-01-03', 'inoerp', '2014-01-03 14:02:31', 'inoerp', '2014-01-03 14:02:31'),
(363, 141, 'PRIOR', 'Prior', 'Start with the prior operation', NULL, 'active', 'enabled', NULL, ' ', ' ', 'inoerp', '2014-01-03 14:02:31', 'inoerp', '2014-01-03 14:02:31'),
(364, 141, 'NEXT', 'Next', 'Start with the next operation', NULL, 'active', 'enabled', NULL, ' ', ' ', 'inoerp', '2014-01-03 14:02:31', 'inoerp', '2014-01-03 14:02:31'),
(365, 141, 'NO', 'No', 'Not Scheduled', NULL, 'active', 'enabled', NULL, ' ', ' ', 'inoerp', '2014-01-03 14:02:31', 'inoerp', '2014-01-03 14:02:31'),
(366, 118, 'TEST950B', '', 'TEST950ADESC', 0, '', 'enabled', 1, '2013-12-29', ' ', 'inoerp', '2013-12-29 18:18:16', 'inoerp', '29-12-13 18:18:50'),
(367, 142, 'NON_STANDARD', 'Non-Standard', 'Non-Standard', 0, 'active', 'enabled', 0, '2013-12-30', ' ', 'inoerp', '2014-01-03 13:55:10', 'inoerp', '2014-01-03 13:55:10'),
(368, 142, 'STANDARD', 'Standard', 'Standard Work Order', NULL, 'active', 'enabled', NULL, ' ', ' ', 'inoerp', '2014-01-03 13:55:10', 'inoerp', '2014-01-03 13:55:10'),
(369, 143, 'UN_RELEASED', 'Un Released', 'Un Released Work Order', 0, 'active', 'enabled', 0, '2014-01-02', '2014-01-03', 'inoerp', '2014-01-03 14:11:49', 'inoerp', '2014-01-03 14:11:49'),
(370, 143, 'RELEASED', 'Released', 'Released Work Order', NULL, 'active', 'enabled', NULL, '2014-01-03', '2014-01-03', 'inoerp', '2014-01-03 14:11:49', 'inoerp', '2014-01-03 14:11:49'),
(371, 143, 'ON_HOLD', 'On Hold', 'OnHold Work Order', NULL, 'active', 'enabled', NULL, '2014-01-03', '2014-01-03', 'inoerp', '2014-01-03 14:11:48', 'inoerp', '2014-01-03 14:11:48'),
(372, 143, 'WAIT_FOR_CLOSE', 'Waiting For Closing', 'WiatingForClosing Work Order', NULL, 'active', 'enabled', NULL, '2014-01-03', '2014-01-03', 'inoerp', '2014-01-03 14:11:48', 'inoerp', '2014-01-03 14:11:48'),
(373, 143, 'COMPLETED', 'Completed', 'Completed Work Order', NULL, 'active', 'enabled', NULL, '2014-01-03', '2014-01-03', 'inoerp', '2014-01-03 14:11:49', 'inoerp', '2014-01-03 14:11:49'),
(374, 143, 'CLOSED', 'Closed', 'Closed Work Order', NULL, 'active', 'enabled', NULL, '2014-01-03', '2014-01-03', 'inoerp', '2014-01-03 14:11:47', 'inoerp', '2014-01-03 14:11:47'),
(375, 144, 'WIP_RETURN', 'Assembly Return', 'WIP Assembly Return Transaction', NULL, 'active', 'enabled', NULL, NULL, NULL, 'inoerp', '2014-01-11 07:52:16', 'inoerp', '2014-01-11 07:52:16'),
(376, 144, 'WIP_COMPLETION', 'Assembly Completion', 'WIP Aseembly Completion Transaction', NULL, 'active', 'enabled', NULL, NULL, NULL, 'inoerp', '2014-01-11 07:52:16', 'inoerp', '2014-01-11 07:52:16'),
(377, 144, 'WIP_MOVE', 'Work Order Move', 'WIP Move Transaction', NULL, 'active', 'enabled', NULL, NULL, NULL, 'inoerp', '2014-01-11 07:52:16', 'inoerp', '2014-01-11 07:52:16'),
(378, 145, 'running', 'Run', 'Actual Operation', NULL, 'active', NULL, NULL, NULL, NULL, 'inoerp', '2014-01-07 09:18:28', 'inoerp', '2014-01-07 09:18:28'),
(379, 145, 'rejected', 'Reject', 'Rejected Quantity', NULL, 'active', NULL, NULL, NULL, NULL, 'inoerp', '2014-01-07 09:18:28', 'inoerp', '2014-01-07 09:18:28'),
(380, 145, 'tomove', 'To Move', 'Running completed & ready to move', NULL, 'active', NULL, NULL, NULL, NULL, 'inoerp', '2014-01-07 09:18:29', 'inoerp', '2014-01-07 09:18:29'),
(381, 145, 'scrapped', 'Scrap', 'Scrapped Quantity', NULL, 'active', NULL, NULL, NULL, NULL, 'inoerp', '2014-01-07 09:18:29', 'inoerp', '2014-01-07 09:18:29'),
(382, 145, 'queue', 'Queue', 'Queue step is the sum of setup & queue tim', NULL, 'active', 'enabled', NULL, NULL, NULL, 'inoerp', '2014-01-07 09:18:30', 'inoerp', '2014-01-07 09:18:30'),
(383, 144, 'WIP_RESOURCE_TRANSACTION', 'Resource Transaction', 'Work Order Resource Transaction', NULL, 'active', NULL, NULL, NULL, NULL, 'inoerp', '2014-01-11 07:52:16', 'inoerp', '2014-01-11 07:52:16');

-- --------------------------------------------------------

--
-- Table structure for table `org`
--

CREATE TABLE IF NOT EXISTS `org` (
  `org_id` int(12) unsigned NOT NULL AUTO_INCREMENT,
  `org` varchar(50) NOT NULL,
  `code` varchar(5) NOT NULL,
  `type` varchar(50) NOT NULL,
  `description` varchar(200) DEFAULT NULL,
  `enterprise_org_id` int(12) unsigned DEFAULT NULL,
  `legal_org_id` int(12) unsigned DEFAULT NULL,
  `business_org_id` int(12) unsigned DEFAULT NULL,
  `inventory_org_id` int(12) unsigned DEFAULT NULL,
  `efid` int(12) DEFAULT NULL,
  `status` varchar(50) DEFAULT NULL,
  `rev_enabled` varchar(50) DEFAULT NULL,
  `rev_number` int(12) DEFAULT NULL,
  `address_id` int(12) DEFAULT NULL,
  `created_by` varchar(50) DEFAULT NULL,
  `creation_date` varchar(50) DEFAULT NULL,
  `last_update_by` varchar(50) NOT NULL,
  `last_update_date` varchar(50) NOT NULL,
  PRIMARY KEY (`org_id`),
  UNIQUE KEY `org` (`org`),
  KEY `inventory_id` (`inventory_org_id`),
  KEY `enterprise_id` (`enterprise_org_id`),
  KEY `legal_id` (`legal_org_id`),
  KEY `business_id` (`business_org_id`)
) ENGINE=InnoDB  DEFAULT CHARSET=latin1 AUTO_INCREMENT=9 ;

--
-- Dumping data for table `org`
--

INSERT INTO `org` (`org_id`, `org`, `code`, `type`, `description`, `enterprise_org_id`, `legal_org_id`, `business_org_id`, `inventory_org_id`, `efid`, `status`, `rev_enabled`, `rev_number`, `address_id`, `created_by`, `creation_date`, `last_update_by`, `last_update_date`) VALUES
(1, 'INO_ENT', 'EINO', 'ENTERPRISE', 'Inoideas Enterprise', 1, 0, 0, 0, 2, 'enabled', 'enabled', 2, 83, 'inoerp', '2013-09-26 07:49:00', 'inoerp', '2013-09-26 07:49:00'),
(2, 'XXINO_ENT01', 'XEINO', 'ENTERPRISE', 'Ino Enterprise 1', 2, 4, 5, 0, 1, 'enabled', 'enabled', 0, 0, 'inoerp', '2013-09-26 12:59:40', 'inoerp', '2013-09-26 12:59:40'),
(4, 'INO_LE01', 'LINO1', 'LEGAL_ORG', 'Ino Legal Entity', 1, NULL, NULL, NULL, 1, 'enabled', 'enabled', NULL, 83, 'inoerp', '2013-09-26 08:32:04', 'inoerp', '2013-09-26 08:32:04'),
(5, 'INO_BO01', 'BINO1', 'BUSINESS_ORG', 'Ino Business Org', 2, 4, NULL, NULL, 1, 'enabled', 'enabled', 1, NULL, 'inoerp', '2013-09-26 10:46:07', 'inoerp', '2013-09-26 10:46:07'),
(6, 'INO_IO01', 'INO01', 'INVENTORY_ORG', 'Ino ERP Inventory Org 1', 1, 4, 5, NULL, 1, 'enabled', 'enabled', 1, 83, 'inoerp', '2013-09-26 11:30:49', 'inoerp', '2013-09-26 11:30:49'),
(7, 'MAS', 'MAS', 'INVENTORY_ORG', 'Mater Org', 1, 4, 5, NULL, NULL, 'enabled', 'enabled', NULL, 81, 'inoerp', '2013-09-28 15:27:50', 'inoerp', '2013-09-28 15:27:50'),
(8, 'BO_PUNE', 'BPUNE', 'BUSINESS_ORG', 'Pune Business Unit', 1, 4, 5, NULL, NULL, 'enabled', 'enabled', NULL, 88, 'inoerp', '2013-10-15 05:55:40', 'inoerp', '2013-10-15 05:55:40');

-- --------------------------------------------------------

--
-- Table structure for table `page`
--

CREATE TABLE IF NOT EXISTS `page` (
  `page_id` int(12) NOT NULL AUTO_INCREMENT,
  `parent_id` int(12) DEFAULT NULL,
  `subject` varchar(256) DEFAULT NULL,
  `content` text NOT NULL,
  `terms` varchar(256) DEFAULT NULL,
  `published_cb` tinyint(1) DEFAULT NULL,
  `weightage` int(12) DEFAULT NULL,
  `rev_enabled_cb` tinyint(1) DEFAULT NULL,
  `rev_number` varchar(256) DEFAULT NULL,
  `created_by` varchar(50) DEFAULT NULL,
  `creation_date` timestamp NULL DEFAULT NULL,
  `last_update_by` varchar(50) NOT NULL,
  `last_update_date` timestamp NULL DEFAULT NULL,
  PRIMARY KEY (`page_id`),
  FULLTEXT KEY `content` (`content`),
  FULLTEXT KEY `subject` (`subject`)
) ENGINE=MyISAM  DEFAULT CHARSET=latin1 AUTO_INCREMENT=70 ;

--
-- Dumping data for table `page`
--

INSERT INTO `page` (`page_id`, `parent_id`, `subject`, `content`, `terms`, `published_cb`, `weightage`, `rev_enabled_cb`, `rev_number`, `created_by`, `creation_date`, `last_update_by`, `last_update_date`) VALUES
(1, 0, 'test02', '<p style="color: #000000; font-family: Arial, Helvetica, sans-serif; font-size: 12px; font-style: normal; font-variant: normal; font-weight: normal; letter-spacing: normal; line-height: 18px; orphans: auto; text-align: start; text-indent: 0px; text-transform: none; white-space: normal; widows: auto; word-spacing: 0px; -webkit-text-stroke-width: 0px; background-color: #ffffff;">Companies sell their products either for cash (immediate payment in the form of a check, credit card, or notes and coins) or as invoiced sales on credit with specific payment terms. Invoiced sales create a receivable in the balance sheet (General Ledger), which represents the money due to the company. The financial health of a company depends on keeping track of its customers and ensuring prompt collection of the money owed.\r\n\r\n<p style="color: #000000; font-family: Arial, Helvetica, sans-serif; font-size: 12px; font-style: normal; font-variant: normal; font-weight: normal; letter-spacing: normal; line-height: 18px; orphans: auto; text-align: start; text-indent: 0px; text-transform: none; white-space: normal; widows: auto; word-spacing: 0px; -webkit-text-stroke-width: 0px; background-color: #ffffff;">1. Receivables produces three legal documents to notify customers of their obligations:\r\n\r\n<ul style="color: #000000; font-family: Arial, Helvetica, sans-serif; font-size: 12px; font-style: normal; font-variant: normal; font-weight: normal; letter-spacing: normal; line-height: 18px; orphans: auto; text-align: start; text-indent: 0px; text-transform: none; white-space: normal; widows: auto; word-spacing: 0px; -webkit-text-stroke-width: 0px; background-color: #ffffff;">\r\n<li>      An invoice is usually sent shortly after a sale has been made. It states the obligation and provides details.</li>\r\n<li>      A statement is a summary of the transactions over a period of time. It shows all open transactions. It may also show payments made within the period.</li>\r\n<li>      A dunning notice informs the customer of past-due obligations.</li>\r\n</ul>\r\n<p style="color: #000000; font-family: Arial, Helvetica, sans-serif; font-size: 12px; font-style: normal; font-variant: normal; font-weight: normal; letter-spacing: normal; line-height: 18px; orphans: auto; text-align: start; text-indent: 0px; text-transform: none; white-space: normal; widows: auto; word-spacing: 0px; -webkit-text-stroke-width: 0px; background-color: #ffffff;">Companies can choose not to use both statements and dunning notices. However, because they are legal documents, most companies retain the ability to produce all three document types in a paper format. In the interests of efficiency, however, many now send invoices by EDI, fax, or e-mail, and they may agree with established customers to rely exclusively on electronic documents.\r\n\r\n<p style="color: #000000; font-family: Arial, Helvetica, sans-serif; font-size: 12px; font-style: normal; font-variant: normal; font-weight: normal; letter-spacing: normal; line-height: 18px; orphans: auto; text-align: start; text-indent: 0px; text-transform: none; white-space: normal; widows: auto; word-spacing: 0px; -webkit-text-stroke-width: 0px; background-color: #ffffff;">2. The customer can choose to pay the invoice in a variety of ways: by<span class="Apple-converted-space"> </span>[color=#3366ff]check<span class="Apple-converted-space"> [/color][color=#000000]or<span class="Apple-converted-space"> [/color]</span>bank transfer, direct debit,<span class="Apple-converted-space"> </span>[color=#000000]or<span class="Apple-converted-space"> [/color]</span>bill of exchange</span>. When payment is received from the customer, you apply the cash to the customer account, reducing the amount owed and generating journals in GL. A partial payment will reduce the amount owed, but not to zero. The amount owed by each customer can be seen on the Aging Report and Account Detail screen.', '', 0, 1, 0, '1', 'inoerp', '2013-08-23 08:16:42', 'inoerp', '2013-08-23 08:16:42'),
(64, NULL, 'The CSS Details', 'The .css() method is a convenient way to get a style property from the first matched element, especially in light of the different ways browsers access most of those properties (the getComputedStyle() method in standards-based browsers versus the currentStyle and runtimeStyle properties in Internet Explorer) and the different terms browsers use for certain properties. For example, Internet Explorer''s DOM implementation refers to the float property as styleFloat, while W3C standards-compliant browsers refer to it as cssFloat. For consistency, you can simply use "float", and jQuery will translate it to the correct value for each browser.\r\n\r\nAlso, jQuery can equally interpret the CSS and DOM formatting of multiple-word properties. For example, jQuery understands and returns the correct value for both .css( "background-color" ) and .css( "backgroundColor" ). Different browsers may return CSS color values that are logically but not textually equal, e.g., #FFF, #ffffff, and rgb(255,255,255).\r\n\r\nShorthand CSS properties (e.g. margin, background, border) are not supported. For example, if you want to retrieve the rendered margin, use: $( elem ).css( "marginTop" ) and $( elem ).css( "marginRight" ), and so on.\r\n\r\nAs of jQuery 1.9, passing an array of style properties to .css() will resu', NULL, NULL, NULL, NULL, NULL, 'inoerp', '2013-08-23 11:58:41', 'inoerp', '2013-08-23 11:58:41'),
(55, 0, 'asdas', '<?php \r\nglobal $db;\r\n$sql="SELECT * from page order by creation_date desc LIMIT 0, 20";\r\n$result = $db->result_array($sql);\r\n\r\necho ''<ul class="page_list">'';\r\nforeach($result as $records){\r\n$data = ''<li>'';\r\n$data .= ''<a href="'';\r\n$data .= HOME_URL;\r\n$data .= ''extensions/page/pages.php?page_id='';\r\n$data .= $records[''page_id''];\r\n$data .= ''">'';\r\n$data .= $records[''subject''].''-''.$records[''last_update_date''];\r\n$data .= ''</a></li>'';\r\necho $data ;\r\n}\r\necho ''</ul>'';', '', 0, 0, 0, '', 'inoerp', '2013-08-23 07:48:28', 'inoerp', '2013-08-23 07:48:28'),
(56, 0, 'parqatest', '<p>para1<br /><br />para2<br /><br />para3</p>', '', 0, 0, 0, '', 'inoerp', '0000-00-00 00:00:00', 'inoerp', '0000-00-00 00:00:00'),
(57, NULL, 'Para test again', '<p>Para test again with details</p>\r\n<p>para 1 details goes here @all the &amp;@#^ daetails</p>\r\n<p>para 2 details goes here @all the &amp;@#^ daetails</p>\r\n<p>para 3 details goes here @all the &amp;@#^ daetails</p>', NULL, NULL, NULL, NULL, NULL, 'inoerp', '0000-00-00 00:00:00', 'inoerp', '0000-00-00 00:00:00'),
(58, 0, 'asfdsaf', '<p>asfasf</p>', '', 0, 0, 0, '', 'inoerp', '0000-00-00 00:00:00', 'inoerp', '0000-00-00 00:00:00'),
(59, 0, 'asdasd', '<p>asdfsad</p>', '', 0, 0, 0, '', 'inoerp', '0000-00-00 00:00:00', 'inoerp', '0000-00-00 00:00:00'),
(60, NULL, 'tell what is being asked here.', '<p><span style="color: #000000; font-family: Arial, ''Liberation Sans'', ''DejaVu Sans'', sans-serif; font-size: 13px; font-style: normal; font-variant: normal; font-weight: normal; letter-spacing: normal; line-height: 19px; orphans: auto; text-align: left; text-indent: 0px; text-transform: none; white-space: normal; widows: auto; word-spacing: 0px; -webkit-text-stroke-width: 0px; background-color: #eeeeee; display: inline !important; float: none;">It''s difficult to tell what is being asked here. This question is ambiguous, vague, incomplete, overly broad, or rhetorical and cannot be reasonably answered in its current form. For help clarifying this question so that it can be reopened,<span class="Apple-converted-space">&nbsp;</span></span><a style="margin: 0px; padding: 0px; border: 0px; font-size: 13px; vertical-align: baseline; background-color: #eeeeee; color: #4a6b82; text-decoration: none; cursor: pointer; font-family: Arial, ''Liberation Sans'', ''DejaVu Sans'', sans-serif; font-style: normal; font-variant: normal; font-weight: normal; letter-spacing: normal; line-height: 19px; orphans: auto; text-align: left; text-indent: 0px; text-transform: none; white-space: normal; widows: auto; word-spacing: 0px; -webkit-text-stroke-width: 0px; background-position: initial initial; background-repeat: initial initial;" href="http://stackoverflow.com/help/reopen-questions">visit the help center</a><span style="color: #000000; font-family: Arial, ''Liberation Sans'', ''DejaVu Sans'', sans-serif; font-size: 13px; font-style: normal; font-variant: normal; font-weight: normal; letter-spacing: normal; line-height: 19px; orphans: auto; text-align: left; text-indent: 0px; text-transform: none; white-space: normal; widows: auto; word-spacing: 0px; -webkit-text-stroke-width: 0px; background-color: #eeeeee; display: inline !important; float: none;">.</span></p>', NULL, NULL, NULL, NULL, NULL, 'inoerp', '0000-00-00 00:00:00', 'inoerp', '0000-00-00 00:00:00'),
(2, 0, 'test02', '<p style="color: #000000; font-family: Arial, Helvetica, sans-serif; font-size: 12px; font-style: normal; font-variant: normal; font-weight: normal; letter-spacing: normal; line-height: 18px; orphans: auto; text-align: start; text-indent: 0px; text-transform: none; white-space: normal; widows: auto; word-spacing: 0px; -webkit-text-stroke-width: 0px; background-color: #ffffff;">Throughout the purchasing process you are able to:<br />&bull;<span class="Apple-converted-space">&nbsp;</span><strong>Route transactions according to your approval structure</strong>. Approval authorization limits are defined by amount, charge account, item category, and location. For documents that require your approval, you can review and approve transactions on-line. Also, you can see the full transaction detail and review the action history before you approve a transaction.</p>\r\n<div style="color: #000000; font-family: Arial, Helvetica, sans-serif; font-size: 12px; font-style: normal; font-variant: normal; font-weight: normal; letter-spacing: normal; line-height: 18px; orphans: auto; text-align: start; text-indent: 0px; text-transform: none; white-space: normal; widows: auto; word-spacing: 0px; -webkit-text-stroke-width: 0px; background-color: #ffffff;">&bull;<strong><span class="Apple-converted-space">&nbsp;</span>View Approval Status</strong>. Purchasing automatically displays the approval status of your transaction and informs you whether it is Approved, Cancelled, In Process, Incomplete,Pre-Approved, Rejected, or Returned. You know where your transaction is within this flow at all times.</div>\r\n<p style="color: #000000; font-family: Arial, Helvetica, sans-serif; font-size: 12px; font-style: normal; font-variant: normal; font-weight: normal; letter-spacing: normal; line-height: 18px; orphans: auto; text-align: start; text-indent: 0px; text-transform: none; white-space: normal; widows: auto; word-spacing: 0px; -webkit-text-stroke-width: 0px; background-color: #ffffff;">&bull; Automatically<span class="Apple-converted-space">&nbsp;</span><strong>generate distribution accounts</strong>. Purchasing uses Account Generator to enter the distribution automatically whenever possible.<br />&bull; Provide<strong><span class="Apple-converted-space">&nbsp;</span>attachments as notes</strong><span class="Apple-converted-space">&nbsp;</span>on transaction headers and lines.</p>', '', 0, 0, 0, '', 'inoerp', '0000-00-00 00:00:00', 'inoerp', '0000-00-00 00:00:00'),
(3, 0, 'test02', '<p>Throughout the purchasing process you are able to:<br />&bull;<span class="\\&quot;Apple-converted-space\\&quot;">&nbsp;</span><strong>Route transactions according to your approval structure</strong>. Approval authorization limits are defined by amount, charge account, item category, and location. For documents that require your approval, you can review and approve transactions on-line. Also, you can see the full transaction detail and review the action history before you approve a transaction.</p>\r\n<p>&nbsp;</p>\r\n<div>&bull;<strong><span class="\\&quot;Apple-converted-space\\&quot;">&nbsp;</span>View Approval Status</strong>. Purchasing automatically displays the approval status of your transaction and informs you whether it is Approved, Cancelled, In Process, Incomplete,Pre-Approved, Rejected, or Returned. You know where your transaction is within this flow at all times.</div>\r\n<p>&bull; Automatically<span class="\\&quot;Apple-converted-space\\&quot;">&nbsp;</span><strong>generate distribution accounts</strong>. Purchasing uses Account Generator to enter the distribution automatically whenever possible.<br />&bull; Provide<strong><span class="\\&quot;Apple-converted-space\\&quot;">&nbsp;</span>attachments as notes</strong><span class="\\&quot;Apple-converted-space\\&quot;">&nbsp;</span>on transaction headers and lines.</p>', '', 0, 0, 0, '', 'inoerp', '0000-00-00 00:00:00', 'inoerp', '0000-00-00 00:00:00'),
(4, 1, 'test02', '<p>Throughout the purchasing process you are able to:<br />&bull;<span class="\\&quot;\\\\&quot;Apple-converted-space\\\\&quot;\\&quot;">&nbsp;</span><strong>Route transactions according to your approval structure</strong>. Approval authorization limits are defined by amount, charge account, item category, and location. For documents that require your approval, you can review and approve transactions on-line. Also, you can see the full transaction detail and review the action history before you approve a transaction.</p>\r\n<p>&bull;<strong><span class="\\&quot;\\\\&quot;Apple-converted-space\\\\&quot;\\&quot;">&nbsp;</span>View Approval Status</strong>. Purchasing automatically displays the approval status of your transaction and informs you whether it is Approved, Cancelled, In Process, Incomplete,Pre-Approved, Rejected, or Returned. You know where your transaction is within this flow at all times.</p>\r\n<p>&bull; Automatically<span class="\\&quot;\\\\&quot;Apple-converted-space\\\\&quot;\\&quot;">&nbsp;</span><strong>generate distribution accounts</strong>. Purchasing uses Account Generator to enter the distribution automatically whenever possible.<br />&bull; Provide<strong><span class="\\&quot;\\\\&quot;Apple-converted-space\\\\&quot;\\&quot;">&nbsp;</span>attachments as notes</strong><span class="\\&quot;\\\\&quot;Apple-converted-space\\\\&quot;\\&quot;">&nbsp;</span>on transaction headers and lines.</p>', '', 0, 0, 0, '', 'inoerp', '0000-00-00 00:00:00', 'inoerp', '0000-00-00 00:00:00'),
(5, 0, 'test02', 'IA==', '', 1, 0, 1, '', 'inoerp', '0000-00-00 00:00:00', 'inoerp', '0000-00-00 00:00:00'),
(6, 0, 'test02', 'IA==', '', 1, 0, 1, '', 'inoerp', '0000-00-00 00:00:00', 'inoerp', '0000-00-00 00:00:00'),
(7, 0, 'test02', 'IA==', '', 1, 0, 1, '', 'inoerp', '0000-00-00 00:00:00', 'inoerp', '0000-00-00 00:00:00'),
(8, 0, 'test02', 'IA==', '', 1, 0, 1, '', 'inoerp', '0000-00-00 00:00:00', 'inoerp', '0000-00-00 00:00:00'),
(9, 0, 'test02', 'IA==', '', 1, 0, 1, '', 'inoerp', '0000-00-00 00:00:00', 'inoerp', '0000-00-00 00:00:00'),
(10, 0, 'test02', '<p>Throughout the purchasing process you are able to: &bull;<span class="\\&quot;\\\\&quot;\\\\\\\\&quot;\\\\\\\\\\\\\\\\&quot;\\\\\\\\\\\\\\\\\\\\\\\\\\\\\\\\&quot;\\\\\\\\\\\\\\\\\\\\\\\\\\\\\\\\\\\\\\\\\\\\\\\\\\\\\\\\\\\\\\\\&quot;\\\\\\\\\\\\\\\\\\\\\\\\\\\\\\\\\\\\\\\\\\\\\\\\\\\\\\\\\\\\\\\\\\\\\\\\\\\\\\\\\\\\\\\\\\\\\\\\\\\\\\\\\\\\\\\\\\\\\\\\\\\\\\\\&quot;\\\\\\\\\\\\\\\\\\\\\\\\\\\\\\\\\\\\\\\\\\\\\\\\\\\\\\\\\\\\\\\\\\\\\\\\\\\\\\\\\\\\\\\\\\\\\\\\\\\\\\\\\\\\\\\\\\\\\\\\\\\\\\\\\\\\\\\\\\\\\\\\\\\\\\\\\\\\\\\\\\\\\\\\\\\\\\\\\\\\\\\\\\\\\\\\\\\\\\\\\\\\\\\\\\\\\\\\\\\\\\\\\\\\\\\\\\\\\\\\\\\\\\\\\\\\\\\\&quot;\\\\\\\\\\\\\\\\\\\\\\\\\\\\\\\\\\\\\\\\\\\\\\\\\\\\\\\\\\\\\\\\\\\\\\\\\\\\\\\\\\\\\\\\\\\\\\\\\\\\\\\\\\\\\\\\\\\\\\\\\\\\\\\\\\\\\\\\\\\\\\\\\\\\\\\\\\\\\\\\\\\\\\\\\\\\\\\\\\\\\\\\\\\\\\\\\\\\\\\\\\\\\\\\\\\\\\\\\\\\\\\\\\\\\\\\\\\\\\\\\\\\\\\\\\\\\\\\\\\\\\\\\\\\\\\\\\\\\\\\\\\\\\\\\\\\\\\\\\\\\\\\\\\\\\\\\\\\\\\\\\\\\\\\\\\\\\\\\\\\\\\\\\\\\\\\\\\\\\\\\\\\\\\\\\\\\\\\\\\\\\\\\\\\\\\\\\\\\\\\\\\\\\\\\\\\\\\\\\\\\\\\\\\\\\\\\\\\\\\\\\\\\\\\\\\\\\\\\\\\\\\\\\\\\\\\\\\\\\\\\\\\\\\\\\\\\\\\\\\\\\\\\\\\\\\\&quot;Apple-converted-space\\\\\\\\\\\\\\\\\\\\\\\\\\\\\\\\\\\\\\\\\\\\\\\\\\\\\\\\\\\\\\\\\\\\\\\\\\\\\\\\\\\\\\\\\\\\\\\\\\\\\\\\\\\\\\\\\\\\\\\\\\\\\\\\\\\\\\\\\\\\\\\\\\\\\\\\\\\\\\\\\\\\\\\\\\\\\\\\\\\\\\\\\\\\\\\\\\\\\\\\\\\\\\\\\\\\\\\\\\\\\\\\\\\\\\\\\\\\\\\\\\\\\\\\\\\\\\\\\\\\\\\\\\\\\\\\\\\\\\\\\\\\\\\\\\\\\\\\\\\\\\\\\\\\\\\\\\\\\\\\\\\\\\\\\\\\\\\\\\\\\\\\\\\\\\\\\\\\\\\\\\\\\\\\\\\\\\\\\\\\\\\\\\\\\\\\\\\\\\\\\\\\\\\\\\\\\\\\\\\\\\\\\\\\\\\\\\\\\\\\\\\\\\\\\\\\\\\\\\\\\\\\\\\\\\\\\\\\\\\\\\\\\\\\\\\\\\\\\\\\\\\\\\\\\\\\&quot;\\\\\\\\\\\\\\\\\\\\\\\\\\\\\\\\\\\\\\\\\\\\\\\\\\\\\\\\\\\\\\\\\\\\\\\\\\\\\\\\\\\\\\\\\\\\\\\\\\\\\\\\\\\\\\\\\\\\\\\\\\\\\\\\\\\\\\\\\\\\\\\\\\\\\\\\\\\\\\\\\\\\\\\\\\\\\\\\\\\\\\\\\\\\\\\\\\\\\\\\\\\\\\\\\\\\\\\\\\\\\\\\\\\\\\\\\\\\\\\\\\\\\\\\\\\\\\\\&quot;\\\\\\\\\\\\\\\\\\\\\\\\\\\\\\\\\\\\\\\\\\\\\\\\\\\\\\\\\\\\\\\\\\\\\\\\\\\\\\\\\\\\\\\\\\\\\\\\\\\\\\\\\\\\\\\\\\\\\\\\\\\\\\\\&quot;\\\\\\\\\\\\\\\\\\\\\\\\\\\\\\\\\\\\\\\\\\\\\\\\\\\\\\\\\\\\\\\\&quot;\\\\\\\\\\\\\\\\\\\\\\\\\\\\\\\\&quot;\\\\\\\\\\\\\\\\&quot;\\\\\\\\&quot;\\\\&quot;\\&quot;">&nbsp;</span><strong>Route transactions according to your approval structure</strong>. Approval authorization limits are defined by amount, charge account, item category, and location. For documents that require your approval, you can review and approve transactions on-line. Also, you can see the full transaction detail and review the action history before you approve a transaction.<strong>iew Approval Status</strong>. Purchasing automatically displays the approval status of your transaction and informs you whether it is Approved, Cancelled, In Process, Incomplete,Pre-Approved, Rejected, or Returned. You know where your transaction is within this flow at all times.&bull; Automatically<span class="\\&quot;\\\\&quot;\\\\\\\\&quot;\\\\\\\\\\\\\\\\&quot;\\\\\\\\\\\\\\\\\\\\\\\\\\\\\\\\&quot;\\\\\\\\\\\\\\\\\\\\\\\\\\\\\\\\\\\\\\\\\\\\\\\\\\\\\\\\\\\\\\\\&quot;\\\\\\\\\\\\\\\\\\\\\\\\\\\\\\\\\\\\\\\\\\\\\\\\\\\\\\\\\\\\\\\\\\\\\\\\\\\\\\\\\\\\\\\\\\\\\\\\\\\\\\\\\\\\\\\\\\\\\\\\\\\\\\\\&quot;\\\\\\\\\\\\\\\\\\\\\\\\\\\\\\\\\\\\\\\\\\\\\\\\\\\\\\\\\\\\\\\\\\\\\\\\\\\\\\\\\\\\\\\\\\\\\\\\\\\\\\\\\\\\\\\\\\\\\\\\\\\\\\\\\\\\\\\\\\\\\\\\\\\\\\\\\\\\\\\\\\\\\\\\\\\\\\\\\\\\\\\\\\\\\\\\\\\\\\\\\\\\\\\\\\\\\\\\\\\\\\\\\\\\\\\\\\\\\\\\\\\\\\\\\\\\\\\\&quot;\\\\\\\\\\\\\\\\\\\\\\\\\\\\\\\\\\\\\\\\\\\\\\\\\\\\\\\\\\\\\\\\\\\\\\\\\\\\\\\\\\\\\\\\\\\\\\\\\\\\\\\\\\\\\\\\\\\\\\\\\\\\\\\\\\\\\\\\\\\\\\\\\\\\\\\\\\\\\\\\\\\\\\\\\\\\\\\\\\\\\\\\\\\\\\\\\\\\\\\\\\\\\\\\\\\\\\\\\\\\\\\\\\\\\\\\\\\\\\\\\\\\\\\\\\\\\\\\\\\\\\\\\\\\\\\\\\\\\\\\\\\\\\\\\\\\\\\\\\\\\\\\\\\\\\\\\\\\\\\\\\\\\\\\\\\\\\\\\\\\\\\\\\\\\\\\\\\\\\\\\\\\\\\\\\\\\\\\\\\\\\\\\\\\\\\\\\\\\\\\\\\\\\\\\\\\\\\\\\\\\\\\\\\\\\\\\\\\\\\\\\\\\\\\\\\\\\\\\\\\\\\\\\\\\\\\\\\\\\\\\\\\\\\\\\\\\\\\\\\\\\\\\\\\\\\\&quot;Apple-converted-space\\\\\\\\\\\\\\\\\\\\\\\\\\\\\\\\\\\\\\\\\\\\\\\\\\\\\\\\\\\\\\\\\\\\\\\\\\\\\\\\\\\\\\\\\\\\\\\\\\\\\\\\\\\\\\\\\\\\\\\\\\\\\\\\\\\\\\\\\\\\\\\\\\\\\\\\\\\\\\\\\\\\\\\\\\\\\\\\\\\\\\\\\\\\\\\\\\\\\\\\\\\\\\\\\\\\\\\\\\\\\\\\\\\\\\\\\\\\\\\\\\\\\\\\\\\\\\\\\\\\\\\\\\\\\\\\\\\\\\\\\\\\\\\\\\\\\\\\\\\\\\\\\\\\\\\\\\\\\\\\\\\\\\\\\\\\\\\\\\\\\\\\\\\\\\\\\\\\\\\\\\\\\\\\\\\\\\\\\\\\\\\\\\\\\\\\\\\\\\\\\\\\\\\\\\\\\\\\\\\\\\\\\\\\\\\\\\\\\\\\\\\\\\\\\\\\\\\\\\\\\\\\\\\\\\\\\\\\\\\\\\\\\\\\\\\\\\\\\\\\\\\\\\\\\\\\&quot;\\\\\\\\\\\\\\\\\\\\\\\\\\\\\\\\\\\\\\\\\\\\\\\\\\\\\\\\\\\\\\\\\\\\\\\\\\\\\\\\\\\\\\\\\\\\\\\\\\\\\\\\\\\\\\\\\\\\\\\\\\\\\\\\\\\\\\\\\\\\\\\\\\\\\\\\\\\\\\\\\\\\\\\\\\\\\\\\\\\\\\\\\\\\\\\\\\\\\\\\\\\\\\\\\\\\\\\\\\\\\\\\\\\\\\\\\\\\\\\\\\\\\\\\\\\\\\\\&quot;\\\\\\\\\\\\\\\\\\\\\\\\\\\\\\\\\\\\\\\\\\\\\\\\\\\\\\\\\\\\\\\\\\\\\\\\\\\\\\\\\\\\\\\\\\\\\\\\\\\\\\\\\\\\\\\\\\\\\\\\\\\\\\\\&quot;\\\\\\\\\\\\\\\\\\\\\\\\\\\\\\\\\\\\\\\\\\\\\\\\\\\\\\\\\\\\\\\\&quot;\\\\\\\\\\\\\\\\\\\\\\\\\\\\\\\\&quot;\\\\\\\\\\\\\\\\&quot;\\\\\\\\&quot;\\\\&quot;\\&quot;">&nbsp;</span><strong>generate distribution accounts</strong>. Purchasing uses Account Generator to enter the distribution automatically whenever possible.<br />&bull; Provide<strong><span class="\\&quot;\\\\&quot;\\\\\\\\&quot;\\\\\\\\\\\\\\\\&quot;\\\\\\\\\\\\\\\\\\\\\\\\\\\\\\\\&quot;\\\\\\\\\\\\\\\\\\\\\\\\\\\\\\\\\\\\\\\\\\\\\\\\\\\\\\\\\\\\\\\\&quot;\\\\\\\\\\\\\\\\\\\\\\\\\\\\\\\\\\\\\\\\\\\\\\\\\\\\\\\\\\\\\\\\\\\\\\\\\\\\\\\\\\\\\\\\\\\\\\\\\\\\\\\\\\\\\\\\\\\\\\\\\\\\\\\\&quot;\\\\\\\\\\\\\\\\\\\\\\\\\\\\\\\\\\\\\\\\\\\\\\\\\\\\\\\\\\\\\\\\\\\\\\\\\\\\\\\\\\\\\\\\\\\\\\\\\\\\\\\\\\\\\\\\\\\\\\\\\\\\\\\\\\\\\\\\\\\\\\\\\\\\\\\\\\\\\\\\\\\\\\\\\\\\\\\\\\\\\\\\\\\\\\\\\\\\\\\\\\\\\\\\\\\\\\\\\\\\\\\\\\\\\\\\\\\\\\\\\\\\\\\\\\\\\\\\&quot;\\\\\\\\\\\\\\\\\\\\\\\\\\\\\\\\\\\\\\\\\\\\\\\\\\\\\\\\\\\\\\\\\\\\\\\\\\\\\\\\\\\\\\\\\\\\\\\\\\\\\\\\\\\\\\\\\\\\\\\\\\\\\\\\\\\\\\\\\\\\\\\\\\\\\\\\\\\\\\\\\\\\\\\\\\\\\\\\\\\\\\\\\\\\\\\\\\\\\\\\\\\\\\\\\\\\\\\\\\\\\\\\\\\\\\\\\\\\\\\\\\\\\\\\\\\\\\\\\\\\\\\\\\\\\\\\\\\\\\\\\\\\\\\\\\\\\\\\\\\\\\\\\\\\\\\\\\\\\\\\\\\\\\\\\\\\\\\\\\\\\\\\\\\\\\\\\\\\\\\\\\\\\\\\\\\\\\\\\\\\\\\\\\\\\\\\\\\\\\\\\\\\\\\\\\\\\\\\\\\\\\\\\\\\\\\\\\\\\\\\\\\\\\\\\\\\\\\\\\\\\\\\\\\\\\\\\\\\\\\\\\\\\\\\\\\\\\\\\\\\\\\\\\\\\\\\&quot;Apple-converted-space\\\\\\\\\\\\\\\\\\\\\\\\\\\\\\\\\\\\\\\\\\\\\\\\\\\\\\\\\\\\\\\\\\\\\\\\\\\\\\\\\\\\\\\\\\\\\\\\\\\\\\\\\\\\\\\\\\\\\\\\\\\\\\\\\\\\\\\\\\\\\\\\\\\\\\\\\\\\\\\\\\\\\\\\\\\\\\\\\\\\\\\\\\\\\\\\\\\\\\\\\\\\\\\\\\\\\\\\\\\\\\\\\\\\\\\\\\\\\\\\\\\\\\\\\\\\\\\\\\\\\\\\\\\\\\\\\\\\\\\\\\\\\\\\\\\\\\\\\\\\\\\\\\\\\\\\\\\\\\\\\\\\\\\\\\\\\\\\\\\\\\\\\\\\\\\\\\\\\\\\\\\\\\\\\\\\\\\\\\\\\\\\\\\\\\\\\\\\\\\\\\\\\\\\\\\\\\\\\\\\\\\\\\\\\\\\\\\\\\\\\\\\\\\\\\\\\\\\\\\\\\\\\\\\\\\\\\\\\\\\\\\\\\\\\\\\\\\\\\\\\\\\\\\\\\\\&quot;\\\\\\\\\\\\\\\\\\\\\\\\\\\\\\\\\\\\\\\\\\\\\\\\\\\\\\\\\\\\\\\\\\\\\\\\\\\\\\\\\\\\\\\\\\\\\\\\\\\\\\\\\\\\\\\\\\\\\\\\\\\\\\\\\\\\\\\\\\\\\\\\\\\\\\\\\\\\\\\\\\\\\\\\\\\\\\\\\\\\\\\\\\\\\\\\\\\\\\\\\\\\\\\\\\\\\\\\\\\\\\\\\\\\\\\\\\\\\\\\\\\\\\\\\\\\\\\\&quot;\\\\\\\\\\\\\\\\\\\\\\\\\\\\\\\\\\\\\\\\\\\\\\\\\\\\\\\\\\\\\\\\\\\\\\\\\\\\\\\\\\\\\\\\\\\\\\\\\\\\\\\\\\\\\\\\\\\\\\\\\\\\\\\\&quot;\\\\\\\\\\\\\\\\\\\\\\\\\\\\\\\\\\\\\\\\\\\\\\\\\\\\\\\\\\\\\\\\&quot;\\\\\\\\\\\\\\\\\\\\\\\\\\\\\\\\&quot;\\\\\\\\\\\\\\\\&quot;\\\\\\\\&quot;\\\\&quot;\\&quot;">&nbsp;</span>attachments as notes</strong><span class="\\&quot;\\\\&quot;\\\\\\\\&quot;\\\\\\\\\\\\\\\\&quot;\\\\\\\\\\\\\\\\\\\\\\\\\\\\\\\\&quot;\\\\\\\\\\\\\\\\\\\\\\\\\\\\\\\\\\\\\\\\\\\\\\\\\\\\\\\\\\\\\\\\&quot;\\\\\\\\\\\\\\\\\\\\\\\\\\\\\\\\\\\\\\\\\\\\\\\\\\\\\\\\\\\\\\\\\\\\\\\\\\\\\\\\\\\\\\\\\\\\\\\\\\\\\\\\\\\\\\\\\\\\\\\\\\\\\\\\&quot;\\\\\\\\\\\\\\\\\\\\\\\\\\\\\\\\\\\\\\\\\\\\\\\\\\\\\\\\\\\\\\\\\\\\\\\\\\\\\\\\\\\\\\\\\\\\\\\\\\\\\\\\\\\\\\\\\\\\\\\\\\\\\\\\\\\\\\\\\\\\\\\\\\\\\\\\\\\\\\\\\\\\\\\\\\\\\\\\\\\\\\\\\\\\\\\\\\\\\\\\\\\\\\\\\\\\\\\\\\\\\\\\\\\\\\\\\\\\\\\\\\\\\\\\\\\\\\\\&quot;\\\\\\\\\\\\\\\\\\\\\\\\\\\\\\\\\\\\\\\\\\\\\\\\\\\\\\\\\\\\\\\\\\\\\\\\\\\\\\\\\\\\\\\\\\\\\\\\\\\\\\\\\\\\\\\\\\\\\\\\\\\\\\\\\\\\\\\\\\\\\\\\\\\\\\\\\\\\\\\\\\\\\\\\\\\\\\\\\\\\\\\\\\\\\\\\\\\\\\\\\\\\\\\\\\\\\\\\\\\\\\\\\\\\\\\\\\\\\\\\\\\\\\\\\\\\\\\\\\\\\\\\\\\\\\\\\\\\\\\\\\\\\\\\\\\\\\\\\\\\\\\\\\\\\\\\\\\\\\\\\\\\\\\\\\\\\\\\\\\\\\\\\\\\\\\\\\\\\\\\\\\\\\\\\\\\\\\\\\\\\\\\\\\\\\\\\\\\\\\\\\\\\\\\\\\\\\\\\\\\\\\\\\\\\\\\\\\\\\\\\\\\\\\\\\\\\\\\\\\\\\\\\\\\\\\\\\\\\\\\\\\\\\\\\\\\\\\\\\\\\\\\\\\\\\\\&quot;Apple-converted-space\\\\\\\\\\\\\\\\\\\\\\\\\\\\\\\\\\\\\\\\\\\\\\\\\\\\\\\\\\\\\\\\\\\\\\\\\\\\\\\\\\\\\\\\\\\\\\\\\\\\\\\\\\\\\\\\\\\\\\\\\\\\\\\\\\\\\\\\\\\\\\\\\\\\\\\\\\\\\\\\\\\\\\\\\\\\\\\\\\\\\\\\\\\\\\\\\\\\\\\\\\\\\\\\\\\\\\\\\\\\\\\\\\\\\\\\\\\\\\\\\\\\\\\\\\\\\\\\\\\\\\\\\\\\\\\\\\\\\\\\\\\\\\\\\\\\\\\\\\\\\\\\\\\\\\\\\\\\\\\\\\\\\\\\\\\\\\\\\\\\\\\\\\\\\\\\\\\\\\\\\\\\\\\\\\\\\\\\\\\\\\\\\\\\\\\\\\\\\\\\\\\\\\\\\\\\\\\\\\\\\\\\\\\\\\\\\\\\\\\\\\\\\\\\\\\\\\\\\\\\\\\\\\\\\\\\\\\\\\\\\\\\\\\\\\\\\\\\\\\\\\\\\\\\\\\\&quot;\\\\\\\\\\\\\\\\\\\\\\\\\\\\\\\\\\\\\\\\\\\\\\\\\\\\\\\\\\\\\\\\\\\\\\\\\\\\\\\\\\\\\\\\\\\\\\\\\\\\\\\\\\\\\\\\\\\\\\\\\\\\\\\\\\\\\\\\\\\\\\\\\\\\\\\\\\\\\\\\\\\\\\\\\\\\\\\\\\\\\\\\\\\\\\\\\\\\\\\\\\\\\\\\\\\\\\\\\\\\\\\\\\\\\\\\\\\\\\\\\\\\\\\\\\\\\\\\&quot;\\\\\\\\\\\\\\\\\\\\\\\\\\\\\\\\\\\\\\\\\\\\\\\\\\\\\\\\\\\\\\\\\\\\\\\\\\\\\\\\\\\\\\\\\\\\\\\\\\\\\\\\\\\\\\\\\\\\\\\\\\\\\\\\&quot;\\\\\\\\\\\\\\\\\\\\\\\\\\\\\\\\\\\\\\\\\\\\\\\\\\\\\\\\\\\\\\\\&quot;\\\\\\\\\\\\\\\\\\\\\\\\\\\\\\\\&quot;\\\\\\\\\\\\\\\\&quot;\\\\\\\\&quot;\\\\&quot;\\&quot;">&nbsp;</span>on transaction headers and lines.</p>', '', 0, 0, 0, '', 'inoerp', '0000-00-00 00:00:00', 'inoerp', '0000-00-00 00:00:00'),
(11, 0, 'test02', 'IA==', '', 1, 0, 1, '', 'inoerp', '0000-00-00 00:00:00', 'inoerp', '0000-00-00 00:00:00'),
(12, 0, 'test02', 'IFRyYW5zYWN0aW9uIFR5cGUNClN1Ym1pdHRlZCBieSBBbm9ueW1vdXMgb24gTW9uLCAwNi8xNS8yMDA5IC0gMTg6MzAgVGFnOkFjY291bnQgUmVjZWl2YWJsZXMgLw0KVXNlIHRyYW5zYWN0aW9uIHR5cGVzIHRvIGRlZmluZSB0aGUgYWNjb3VudGluZyBmb3IgdGhlIGludm9pY2VzLCBkZWJpdCBtZW1vcywgY3JlZGl0IG1lbW9zLCBjb21taXRtZW50cyhHdWFybmF0ZWUsIERlcG9zaXQpLCAgIGNoYXJnZWJhY2tzLCBvbuKAk2FjY291bnQgY3JlZGl0cywgIGFuZCBiaWxscyByZWNlaXZhYmxlIHlvdSBjcmVhdGUgaW4gUmVjZWl2YWJsZXMuIA0KVHJhbnNhY3Rpb24gdHlwZXMgYWxzbyBkZXRlcm1pbmUgd2hldGhlciB5b3VyIHRyYW5zYWN0aW9uIGVudHJpZXMgdXBkYXRlIHlvdXIgY3VzdG9tZXJz4oCZIGJhbGFuY2VzIGFuZCB3aGV0aGVyIFJlY2VpdmFibGVzIHBvc3RzIHRoZXNlIHRyYW5zYWN0aW9ucyB0byB5b3VyIGdlbmVyYWwgbGVkZ2VyLg0KDQoxLiBJZiBBdXRvQWNjb3VudGluZyBkZXBlbmRzIG9uIHRyYW5zYWN0aW9uIHR5cGUsIFJlY2VpdmFibGVzIHVzZXMgdGhlIGdlbmVyYWwgbGVkZ2VyIGFjY291bnRzIHRoYXQgeW91IGVudGVyIGhlcmUsIGFsb25nIHdpdGggeW91ciBBdXRvQWNjb3VudGluZyBydWxlcywgdG8gZGV0ZXJtaW5lIHRoZSBkZWZhdWx0IHJldmVudWUsIHJlY2VpdmFibGUsIGZyZWlnaHQsIHRheCwgdW5lYXJuZWQgcmV2ZW51ZSwgdW5iaWxsZWQgcmVjZWl2YWJsZSwgZmluYW5jZSBjaGFyZ2VzLCBhbmQgQXV0b0ludm9pY2UgY2xlYXJpbmcgYWNjb3VudHMgZm9yIHRyYW5zYWN0aW9ucyB5b3UgY3JlYXRlIHVzaW5nIHRoaXMgdHlwZS4NCg0KMi4gRm9yIGJpbGxzIHJlY2VpdmFibGUsIHRoZSBhY2NvdW50cyB0aGF0IHlvdSBlbnRlciBoZXJlIGRldGVybWluZSB0aGUgYmlsbHMgcmVjZWl2YWJsZSwgdW5wYWlkIGJpbGxzIHJlY2VpdmFibGUsIHJlbWl0dGVkIGJpbGxzIHJlY2VpdmFibGUsIGFuZCBmYWN0b3JlZCBiaWxscyByZWNlaXZhYmxlIGFjY291bnRzIGZvciBhIGJpbGwgcmVjZWl2YWJsZS4=', '', 1, 0, 1, '', 'inoerp', '0000-00-00 00:00:00', 'inoerp', '0000-00-00 00:00:00'),
(13, 0, 'test01', 'IFRyYW5zYWN0aW9uIFR5cGUNClN1Ym1pdHRlZCBieSBBbm9ueW1vdXMgb24gTW9uLCAwNi8xNS8yMDA5IC0gMTg6MzAgVGFnOkFjY291bnQgUmVjZWl2YWJsZXMgLw0KVXNlIHRyYW5zYWN0aW9uIHR5cGVzIHRvIGRlZmluZSB0aGUgYWNjb3VudGluZyBmb3IgdGhlIGludm9pY2VzLCBkZWJpdCBtZW1vcywgY3JlZGl0IG1lbW9zLCBjb21taXRtZW50cyhHdWFybmF0ZWUsIERlcG9zaXQpLCAgIGNoYXJnZWJhY2tzLCBvbuKAk2FjY291bnQgY3JlZGl0cywgIGFuZCBiaWxscyByZWNlaXZhYmxlIHlvdSBjcmVhdGUgaW4gUmVjZWl2YWJsZXMuIA0KVHJhbnNhY3Rpb24gdHlwZXMgYWxzbyBkZXRlcm1pbmUgd2hldGhlciB5b3VyIHRyYW5zYWN0aW9uIGVudHJpZXMgdXBkYXRlIHlvdXIgY3VzdG9tZXJz4oCZIGJhbGFuY2VzIGFuZCB3aGV0aGVyIFJlY2VpdmFibGVzIHBvc3RzIHRoZXNlIHRyYW5zYWN0aW9ucyB0byB5b3VyIGdlbmVyYWwgbGVkZ2VyLg0KDQoxLiBJZiBBdXRvQWNjb3VudGluZyBkZXBlbmRzIG9uIHRyYW5zYWN0aW9uIHR5cGUsIFJlY2VpdmFibGVzIHVzZXMgdGhlIGdlbmVyYWwgbGVkZ2VyIGFjY291bnRzIHRoYXQgeW91IGVudGVyIGhlcmUsIGFsb25nIHdpdGggeW91ciBBdXRvQWNjb3VudGluZyBydWxlcywgdG8gZGV0ZXJtaW5lIHRoZSBkZWZhdWx0IHJldmVudWUsIHJlY2VpdmFibGUsIGZyZWlnaHQsIHRheCwgdW5lYXJuZWQgcmV2ZW51ZSwgdW5iaWxsZWQgcmVjZWl2YWJsZSwgZmluYW5jZSBjaGFyZ2VzLCBhbmQgQXV0b0ludm9pY2UgY2xlYXJpbmcgYWNjb3VudHMgZm9yIHRyYW5zYWN0aW9ucyB5b3UgY3JlYXRlIHVzaW5nIHRoaXMgdHlwZS4NCg0KMi4gRm9yIGJpbGxzIHJlY2VpdmFibGUsIHRoZSBhY2NvdW50cyB0aGF0IHlvdSBlbnRlciBoZXJlIGRldGVybWluZSB0aGUgYmlsbHMgcmVjZWl2YWJsZSwgdW5wYWlkIGJpbGxzIHJlY2VpdmFibGUsIHJlbWl0dGVkIGJpbGxzIHJlY2VpdmFibGUsIGFuZCBmYWN0b3JlZCBiaWxscyByZWNlaXZhYmxlIGFjY291bnRzIGZvciBhIGJpbGwgcmVjZWl2YWJsZS4=', '', 0, 1, 0, '1', 'inoerp', '0000-00-00 00:00:00', 'inoerp', '0000-00-00 00:00:00'),
(14, NULL, 'test01', '<p>NEW DELHI:<span class="Apple-converted-space">&nbsp;</span><span class="cm_word" style="margin: 0px; padding: 0px 3px 0px 0px; border-top-width: 0px; border-right-width: 0px; border-bottom-width: 1px !important; border-left-width: 0px; border-bottom-style: solid !important; border-bottom-color: #0000ff !important; outline: 0px; font-size: 15px; cursor: pointer; color: #0000ff !important; text-decoration: underline !important; background-position: 0px 50%; background-repeat: initial initial;">The Congress leadership</span><span class="Apple-converted-space">&nbsp;</span>bit the Telangana bullet on Tuesday. It decided to bifurcate Andhra Pradesh to create<span class="Apple-converted-space">&nbsp;</span><span class="cm_word" style="margin: 0px; padding: 0px 3px 0px 0px; border-top-width: 0px; border-right-width: 0px; border-bottom-width: 1px !important; border-left-width: 0px; border-bottom-style: solid !important; border-bottom-color: #0000ff !important; outline: 0px; font-size: 15px; cursor: pointer; color: #0000ff !important; text-decoration: underline !important; background-position: 0px 50%; background-repeat: initial initial;">a separate state of Telangana</span><span class="Apple-converted-space">&nbsp;</span>&mdash; a move that will be a loss to the politically muscular state but will be a gain for the Congress as it''s expected to revive the party''s fortunes in the state ahead of the 2014<span class="cm_word" style="margin: 0px; padding: 0px 3px 0px 0px; border-top-width: 0px; border-right-width: 0px; border-bottom-width: 1px !important; border-left-width: 0px; border-bottom-style: solid !important; border-bottom-color: #0000ff !important; outline: 0px; font-size: 15px; cursor: pointer; color: #0000ff !important; text-decoration: underline !important; background-position: 0px 50%; background-repeat: initial initial;">Lok Sabha election</span>.<br style="margin: 0px; padding: 0px;" /><br style="margin: 0px; padding: 0px;" />As reported by TOI on July 29, Hyderabad will remain the common capital of the splintered states for 10 years &mdash; a balancing act that recognizes Telangana''s claim on the city but seeks to soften the blow to the opponents who were also concerned about the investments of coastal Andhra businesses in the capital. The Centre will help AP build a new capi</p>', NULL, NULL, 1, NULL, '1', 'inoerp', '0000-00-00 00:00:00', 'inoerp', '0000-00-00 00:00:00'),
(15, 0, 'Transaction Type', 'VHJhbnNhY3Rpb24gVHlwZQ0KU3VibWl0dGVkIGJ5IEFub255bW91cyBvbiBNb24sIDA2LzE1LzIwMDkgLSAxODozMCBUYWc6QWNjb3VudCBSZWNlaXZhYmxlcyAvDQpVc2UgdHJhbnNhY3Rpb24gdHlwZXMgdG8gZGVmaW5lIHRoZSBhY2NvdW50aW5nIGZvciB0aGUgaW52b2ljZXMsIGRlYml0IG1lbW9zLCBjcmVkaXQgbWVtb3MsIGNvbW1pdG1lbnRzKEd1YXJuYXRlZSwgRGVwb3NpdCksICAgY2hhcmdlYmFja3MsIG9u4oCTYWNjb3VudCBjcmVkaXRzLCAgYW5kIGJpbGxzIHJlY2VpdmFibGUgeW91IGNyZWF0ZSBpbiBSZWNlaXZhYmxlcy4gDQpUcmFuc2FjdGlvbiB0eXBlcyBhbHNvIGRldGVybWluZSB3aGV0aGVyIHlvdXIgdHJhbnNhY3Rpb24gZW50cmllcyB1cGRhdGUgeW91ciBjdXN0b21lcnPigJkgYmFsYW5jZXMgYW5kIHdoZXRoZXIgUmVjZWl2YWJsZXMgcG9zdHMgdGhlc2UgdHJhbnNhY3Rpb25zIHRvIHlvdXIgZ2VuZXJhbCBsZWRnZXIuDQoNCjEuIElmIEF1dG9BY2NvdW50aW5nIGRlcGVuZHMgb24gdHJhbnNhY3Rpb24gdHlwZSwgUmVjZWl2YWJsZXMgdXNlcyB0aGUgZ2VuZXJhbCBsZWRnZXIgYWNjb3VudHMgdGhhdCB5b3UgZW50ZXIgaGVyZSwgYWxvbmcgd2l0aCB5b3VyIEF1dG9BY2NvdW50aW5nIHJ1bGVzLCB0byBkZXRlcm1pbmUgdGhlIGRlZmF1bHQgcmV2ZW51ZSwgcmVjZWl2YWJsZSwgZnJlaWdodCwgdGF4LCB1bmVhcm5lZCByZXZlbnVlLCB1bmJpbGxlZCByZWNlaXZhYmxlLCBmaW5hbmNlIGNoYXJnZXMsIGFuZCBBdXRvSW52b2ljZSBjbGVhcmluZyBhY2NvdW50cyBmb3IgdHJhbnNhY3Rpb25zIHlvdSBjcmVhdGUgdXNpbmcgdGhpcyB0eXBlLg0KDQoyLiBGb3IgYmlsbHMgcmVjZWl2YWJsZSwgdGhlIGFjY291bnRzIHRoYXQgeW91IGVudGVyIGhlcmUgZGV0ZXJtaW5lIHRoZSBiaWxscyByZWNlaXZhYmxlLCB1bnBhaWQgYmlsbHMgcmVjZWl2YWJsZSwgcmVtaXR0ZWQgYmlsbHMgcmVjZWl2YWJsZSwgYW5kIGZhY3RvcmVkIGJpbGxzIHJlY2VpdmFibGUgYWNjb3VudHMgZm9yIGEgYmlsbCByZWNlaXZhYmxlLg==', '', 0, 1, 0, '1', 'inoerp', '0000-00-00 00:00:00', 'inoerp', '0000-00-00 00:00:00'),
(16, NULL, 'page14', '<p>NEW DELHI:<span class="\\&quot;Apple-converted-space\\&quot;">&nbsp;</span><span class="\\&quot;cm_word\\&quot;">The Congress leadership</span><span class="\\&quot;Apple-converted-space\\&quot;">&nbsp;</span>bit the Telangana bullet on Tuesday. It decided to bifurcate Andhra Pradesh to create<span class="\\&quot;Apple-converted-space\\&quot;">&nbsp;</span><span class="\\&quot;cm_word\\&quot;">a separate state of Telangana</span><span class="\\&quot;Apple-converted-space\\&quot;">&nbsp;</span>&mdash; a move that will be a loss to the politically muscular state but will be a gain for the Congress as it\\''s expected to revive the party\\''s fortunes in the state ahead of the 2014<span class="\\&quot;cm_word\\&quot;">Lok Sabha election</span>.<br /><br />As reported by TOI on July 29, Hyderabad will remain the common capital of the splintered states for 10 years &mdash; a balancing act that recognizes Telangana\\''s claim on the city but seeks to soften the blow to the opponents who were also concerned about the investments of coastal Andhra businesses in the capital. The Centre will help AP build a new capi</p>', NULL, NULL, 1, NULL, '1', 'inoerp', '0000-00-00 00:00:00', 'inoerp', '0000-00-00 00:00:00'),
(17, NULL, 'page16', '<p>NEW DELHI:<span class="\\&quot;Apple-converted-space\\&quot;">&nbsp;</span><span class="\\&quot;cm_word\\&quot;">The Congress leadership</span><span class="\\&quot;Apple-converted-space\\&quot;">&nbsp;</span>bit the Telangana bullet on Tuesday. It decided to bifurcate Andhra Pradesh to create<span class="\\&quot;Apple-converted-space\\&quot;">&nbsp;</span><span class="\\&quot;cm_word\\&quot;">a separate state of Telangana</span><span class="\\&quot;Apple-converted-space\\&quot;">&nbsp;</span>&mdash; a move that will be a loss to the politically muscular state but will be a gain for the Congress as it\\''s expected to revive the party\\''s fortunes in the state ahead of the 2014<span class="\\&quot;cm_word\\&quot;">Lok Sabha election</span>.<br /><br />As reported by TOI on July 29, Hyderabad will remain the common capital of the splintered states for 10 years &mdash; a balancing act that recognizes Telangana\\''s claim on the city but seeks to soften the blow to the opponents who were also concerned about the investments of coastal Andhra businesses in the capital. The Centre will help AP build a new capi</p>', NULL, NULL, 1, NULL, '1', 'inoerp', '0000-00-00 00:00:00', 'inoerp', '0000-00-00 00:00:00'),
(18, NULL, 'page16a', '<p>NEW DELHI:<span class="\\&quot;\\\\&quot;Apple-converted-space\\\\&quot;\\&quot;">&nbsp;</span><span class="\\&quot;\\\\&quot;cm_word\\\\&quot;\\&quot;">The Congress leadership</span><span class="\\&quot;\\\\&quot;Apple-converted-space\\\\&quot;\\&quot;">&nbsp;</span>bit the Telangana bullet on Tuesday. It decided to bifurcate Andhra Pradesh to create<span class="\\&quot;\\\\&quot;Apple-converted-space\\\\&quot;\\&quot;">&nbsp;</span><span class="\\&quot;\\\\&quot;cm_word\\\\&quot;\\&quot;">a separate state of Telangana</span><span class="\\&quot;\\\\&quot;Apple-converted-space\\\\&quot;\\&quot;">&nbsp;</span>&mdash; a move that will be a loss to the politically muscular state but will be a gain for the Congress as it\\\\\\''s expected to revive the party\\\\\\''s fortunes in the state ahead of the 2014<span class="\\&quot;\\\\&quot;cm_word\\\\&quot;\\&quot;">Lok Sabha election</span>.<br /><br />As reported by TOI on July 29, Hyderabad will remain the common capital of the splintered states for 10 years &mdash; a balancing act that recognizes Telangana\\\\\\''s claim on the city but seeks to soften the blow to the opponents who were also concerned about the investments of coastal Andhra businesses in the capital. The Centre will help AP build a new capi</p>', NULL, NULL, 1, NULL, '1', 'inoerp', '0000-00-00 00:00:00', 'inoerp', '0000-00-00 00:00:00'),
(19, NULL, 'page16b', '<p>NEW DELHI:<span class="\\&quot;\\\\&quot;\\\\\\\\&quot;Apple-converted-space\\\\\\\\&quot;\\\\&quot;\\&quot;">&nbsp;</span><span class="\\&quot;\\\\&quot;\\\\\\\\&quot;cm_word\\\\\\\\&quot;\\\\&quot;\\&quot;">The Congress leadership</span><span class="\\&quot;\\\\&quot;\\\\\\\\&quot;Apple-converted-space\\\\\\\\&quot;\\\\&quot;\\&quot;">&nbsp;</span>bit the Telangana bullet on Tuesday. It decided to bifurcate Andhra Pradesh to create<span class="\\&quot;\\\\&quot;\\\\\\\\&quot;Apple-converted-space\\\\\\\\&quot;\\\\&quot;\\&quot;">&nbsp;</span><span class="\\&quot;\\\\&quot;\\\\\\\\&quot;cm_word\\\\\\\\&quot;\\\\&quot;\\&quot;">a separate state of Telangana</span><span class="\\&quot;\\\\&quot;\\\\\\\\&quot;Apple-converted-space\\\\\\\\&quot;\\\\&quot;\\&quot;">&nbsp;</span>&mdash; a move that will be a loss to the politically muscular state but will be a gain for the Congress as it\\\\\\\\\\\\\\''s expected to revive the party\\\\\\\\\\\\\\''s fortunes in the state ahead of the 2014<span class="\\&quot;\\\\&quot;\\\\\\\\&quot;cm_word\\\\\\\\&quot;\\\\&quot;\\&quot;">Lok Sabha election</span>.<br /><br />As reported by TOI on July 29, Hyderabad will remain the common capital of the splintered states for 10 years &mdash; a balancing act that recognizes Telangana\\\\\\\\\\\\\\''s claim on the city but seeks to soften the blow to the opponents who were also concerned about the investments of coastal Andhra businesses in the capital. The Centre will help AP build a new capi</p>', NULL, NULL, 1, NULL, '1', 'inoerp', '0000-00-00 00:00:00', 'inoerp', '0000-00-00 00:00:00'),
(20, NULL, 'page19', '<p>NEW DELHI:<span class="\\&quot;\\\\&quot;\\\\\\\\&quot;Apple-converted-space\\\\\\\\&quot;\\\\&quot;\\&quot;">&nbsp;</span><span class="\\&quot;\\\\&quot;\\\\\\\\&quot;cm_word\\\\\\\\&quot;\\\\&quot;\\&quot;">The Congress leadership</span><span class="\\&quot;\\\\&quot;\\\\\\\\&quot;Apple-converted-space\\\\\\\\&quot;\\\\&quot;\\&quot;">&nbsp;</span>bit the Telangana bullet on Tuesday. It decided to bifurcate Andhra Pradesh to create<span class="\\&quot;\\\\&quot;\\\\\\\\&quot;Apple-converted-space\\\\\\\\&quot;\\\\&quot;\\&quot;">&nbsp;</span><span class="\\&quot;\\\\&quot;\\\\\\\\&quot;cm_word\\\\\\\\&quot;\\\\&quot;\\&quot;">a separate state of Telangana</span><span class="\\&quot;\\\\&quot;\\\\\\\\&quot;Apple-converted-space\\\\\\\\&quot;\\\\&quot;\\&quot;">&nbsp;</span>&mdash; a move that will be a loss to the politically muscular state but will be a gain for the Congress as it\\\\\\\\\\\\\\''s expected to revive the party\\\\\\\\\\\\\\''s fortunes in the state ahead of the 2014<span class="\\&quot;\\\\&quot;\\\\\\\\&quot;cm_word\\\\\\\\&quot;\\\\&quot;\\&quot;">Lok Sabha election</span>.<br /><br />As reported by TOI on July 29, Hyderabad will remain the common capital of the splintered states for 10 years &mdash; a balancing act that recognizes Telangana\\\\\\\\\\\\\\''s claim on the city but seeks to soften the blow to the opponents who were also concerned about the investments of coastal Andhra businesses in the capital. The Centre will help AP build a new capi</p>', NULL, NULL, 1, NULL, '1', 'inoerp', '0000-00-00 00:00:00', 'inoerp', '0000-00-00 00:00:00'),
(21, NULL, 'page20', '<p>NEW DELHI:<span class="\\&quot;\\\\&quot;\\\\\\\\&quot;\\\\\\\\\\\\\\\\&quot;Apple-converted-space\\\\\\\\\\\\\\\\&quot;\\\\\\\\&quot;\\\\&quot;\\&quot;">&nbsp;</span><span class="\\&quot;\\\\&quot;\\\\\\\\&quot;\\\\\\\\\\\\\\\\&quot;cm_word\\\\\\\\\\\\\\\\&quot;\\\\\\\\&quot;\\\\&quot;\\&quot;">The Congress leadership</span><span class="\\&quot;\\\\&quot;\\\\\\\\&quot;\\\\\\\\\\\\\\\\&quot;Apple-converted-space\\\\\\\\\\\\\\\\&quot;\\\\\\\\&quot;\\\\&quot;\\&quot;">&nbsp;</span>bit the Telangana bullet on Tuesday. It decided to bifurcate Andhra Pradesh to create<span class="\\&quot;\\\\&quot;\\\\\\\\&quot;\\\\\\\\\\\\\\\\&quot;Apple-converted-space\\\\\\\\\\\\\\\\&quot;\\\\\\\\&quot;\\\\&quot;\\&quot;">&nbsp;</span><span class="\\&quot;\\\\&quot;\\\\\\\\&quot;\\\\\\\\\\\\\\\\&quot;cm_word\\\\\\\\\\\\\\\\&quot;\\\\\\\\&quot;\\\\&quot;\\&quot;">a separate state of Telangana</span><span class="\\&quot;\\\\&quot;\\\\\\\\&quot;\\\\\\\\\\\\\\\\&quot;Apple-converted-space\\\\\\\\\\\\\\\\&quot;\\\\\\\\&quot;\\\\&quot;\\&quot;">&nbsp;</span>&mdash; a move that will be a loss to the politically muscular state but will be a gain for the Congress as it\\\\\\\\\\\\\\\\\\\\\\\\\\\\\\''s expected to revive the party\\\\\\\\\\\\\\\\\\\\\\\\\\\\\\''s fortunes in the state ahead of the 2014<span class="\\&quot;\\\\&quot;\\\\\\\\&quot;\\\\\\\\\\\\\\\\&quot;cm_word\\\\\\\\\\\\\\\\&quot;\\\\\\\\&quot;\\\\&quot;\\&quot;">Lok Sabha election</span>.<br /><br />As reported by TOI on July 29, Hyderabad will remain the common capital of the splintered states for 10 years &mdash; a balancing act that recognizes Telangana\\\\\\\\\\\\\\\\\\\\\\\\\\\\\\''s claim on the city but seeks to soften the blow to the opponents who were also concerned about the investments of coastal Andhra businesses in the capital. The Centre will help AP build a new capi</p>', NULL, NULL, 1, NULL, '1', 'inoerp', '0000-00-00 00:00:00', 'inoerp', '0000-00-00 00:00:00');
INSERT INTO `page` (`page_id`, `parent_id`, `subject`, `content`, `terms`, `published_cb`, `weightage`, `rev_enabled_cb`, `rev_number`, `created_by`, `creation_date`, `last_update_by`, `last_update_date`) VALUES
(22, 0, 'page22d', '<p>NEW DELHI:<span class="\\&quot;\\\\&quot;\\\\\\\\&quot;\\\\\\\\\\\\\\\\&quot;\\\\\\\\\\\\\\\\\\\\\\\\\\\\\\\\&quot;\\\\\\\\\\\\\\\\\\\\\\\\\\\\\\\\\\\\\\\\\\\\\\\\\\\\\\\\\\\\\\\\&quot;\\\\\\\\\\\\\\\\\\\\\\\\\\\\\\\\\\\\\\\\\\\\\\\\\\\\\\\\\\\\\\\\\\\\\\\\\\\\\\\\\\\\\\\\\\\\\\\\\\\\\\\\\\\\\\\\\\\\\\\\\\\\\\\\&quot;\\\\\\\\\\\\\\\\\\\\\\\\\\\\\\\\\\\\\\\\\\\\\\\\\\\\\\\\\\\\\\\\\\\\\\\\\\\\\\\\\\\\\\\\\\\\\\\\\\\\\\\\\\\\\\\\\\\\\\\\\\\\\\\\\\\\\\\\\\\\\\\\\\\\\\\\\\\\\\\\\\\\\\\\\\\\\\\\\\\\\\\\\\\\\\\\\\\\\\\\\\\\\\\\\\\\\\\\\\\\\\\\\\\\\\\\\\\\\\\\\\\\\\\\\\\\\\\\&quot;\\\\\\\\\\\\\\\\\\\\\\\\\\\\\\\\\\\\\\\\\\\\\\\\\\\\\\\\\\\\\\\\\\\\\\\\\\\\\\\\\\\\\\\\\\\\\\\\\\\\\\\\\\\\\\\\\\\\\\\\\\\\\\\\\\\\\\\\\\\\\\\\\\\\\\\\\\\\\\\\\\\\\\\\\\\\\\\\\\\\\\\\\\\\\\\\\\\\\\\\\\\\\\\\\\\\\\\\\\\\\\\\\\\\\\\\\\\\\\\\\\\\\\\\\\\\\\\\\\\\\\\\\\\\\\\\\\\\\\\\\\\\\\\\\\\\\\\\\\\\\\\\\\\\\\\\\\\\\\\\\\\\\\\\\\\\\\\\\\\\\\\\\\\\\\\\\\\\\\\\\\\\\\\\\\\\\\\\\\\\\\\\\\\\\\\\\\\\\\\\\\\\\\\\\\\\\\\\\\\\\\\\\\\\\\\\\\\\\\\\\\\\\\\\\\\\\\\\\\\\\\\\\\\\\\\\\\\\\\\\\\\\\\\\\\\\\\\\\\\\\\\\\\\\\\\\&quot;Apple-converted-space\\\\\\\\\\\\\\\\\\\\\\\\\\\\\\\\\\\\\\\\\\\\\\\\\\\\\\\\\\\\\\\\\\\\\\\\\\\\\\\\\\\\\\\\\\\\\\\\\\\\\\\\\\\\\\\\\\\\\\\\\\\\\\\\\\\\\\\\\\\\\\\\\\\\\\\\\\\\\\\\\\\\\\\\\\\\\\\\\\\\\\\\\\\\\\\\\\\\\\\\\\\\\\\\\\\\\\\\\\\\\\\\\\\\\\\\\\\\\\\\\\\\\\\\\\\\\\\\\\\\\\\\\\\\\\\\\\\\\\\\\\\\\\\\\\\\\\\\\\\\\\\\\\\\\\\\\\\\\\\\\\\\\\\\\\\\\\\\\\\\\\\\\\\\\\\\\\\\\\\\\\\\\\\\\\\\\\\\\\\\\\\\\\\\\\\\\\\\\\\\\\\\\\\\\\\\\\\\\\\\\\\\\\\\\\\\\\\\\\\\\\\\\\\\\\\\\\\\\\\\\\\\\\\\\\\\\\\\\\\\\\\\\\\\\\\\\\\\\\\\\\\\\\\\\\\\&quot;\\\\\\\\\\\\\\\\\\\\\\\\\\\\\\\\\\\\\\\\\\\\\\\\\\\\\\\\\\\\\\\\\\\\\\\\\\\\\\\\\\\\\\\\\\\\\\\\\\\\\\\\\\\\\\\\\\\\\\\\\\\\\\\\\\\\\\\\\\\\\\\\\\\\\\\\\\\\\\\\\\\\\\\\\\\\\\\\\\\\\\\\\\\\\\\\\\\\\\\\\\\\\\\\\\\\\\\\\\\\\\\\\\\\\\\\\\\\\\\\\\\\\\\\\\\\\\\\&quot;\\\\\\\\\\\\\\\\\\\\\\\\\\\\\\\\\\\\\\\\\\\\\\\\\\\\\\\\\\\\\\\\\\\\\\\\\\\\\\\\\\\\\\\\\\\\\\\\\\\\\\\\\\\\\\\\\\\\\\\\\\\\\\\\&quot;\\\\\\\\\\\\\\\\\\\\\\\\\\\\\\\\\\\\\\\\\\\\\\\\\\\\\\\\\\\\\\\\&quot;\\\\\\\\\\\\\\\\\\\\\\\\\\\\\\\\&quot;\\\\\\\\\\\\\\\\&quot;\\\\\\\\&quot;\\\\&quot;\\&quot;">&nbsp;</span><span class="\\&quot;\\\\&quot;\\\\\\\\&quot;\\\\\\\\\\\\\\\\&quot;\\\\\\\\\\\\\\\\\\\\\\\\\\\\\\\\&quot;\\\\\\\\\\\\\\\\\\\\\\\\\\\\\\\\\\\\\\\\\\\\\\\\\\\\\\\\\\\\\\\\&quot;\\\\\\\\\\\\\\\\\\\\\\\\\\\\\\\\\\\\\\\\\\\\\\\\\\\\\\\\\\\\\\\\\\\\\\\\\\\\\\\\\\\\\\\\\\\\\\\\\\\\\\\\\\\\\\\\\\\\\\\\\\\\\\\\&quot;\\\\\\\\\\\\\\\\\\\\\\\\\\\\\\\\\\\\\\\\\\\\\\\\\\\\\\\\\\\\\\\\\\\\\\\\\\\\\\\\\\\\\\\\\\\\\\\\\\\\\\\\\\\\\\\\\\\\\\\\\\\\\\\\\\\\\\\\\\\\\\\\\\\\\\\\\\\\\\\\\\\\\\\\\\\\\\\\\\\\\\\\\\\\\\\\\\\\\\\\\\\\\\\\\\\\\\\\\\\\\\\\\\\\\\\\\\\\\\\\\\\\\\\\\\\\\\\\&quot;\\\\\\\\\\\\\\\\\\\\\\\\\\\\\\\\\\\\\\\\\\\\\\\\\\\\\\\\\\\\\\\\\\\\\\\\\\\\\\\\\\\\\\\\\\\\\\\\\\\\\\\\\\\\\\\\\\\\\\\\\\\\\\\\\\\\\\\\\\\\\\\\\\\\\\\\\\\\\\\\\\\\\\\\\\\\\\\\\\\\\\\\\\\\\\\\\\\\\\\\\\\\\\\\\\\\\\\\\\\\\\\\\\\\\\\\\\\\\\\\\\\\\\\\\\\\\\\\\\\\\\\\\\\\\\\\\\\\\\\\\\\\\\\\\\\\\\\\\\\\\\\\\\\\\\\\\\\\\\\\\\\\\\\\\\\\\\\\\\\\\\\\\\\\\\\\\\\\\\\\\\\\\\\\\\\\\\\\\\\\\\\\\\\\\\\\\\\\\\\\\\\\\\\\\\\\\\\\\\\\\\\\\\\\\\\\\\\\\\\\\\\\\\\\\\\\\\\\\\\\\\\\\\\\\\\\\\\\\\\\\\\\\\\\\\\\\\\\\\\\\\\\\\\\\\\\&quot;cm_word\\\\\\\\\\\\\\\\\\\\\\\\\\\\\\\\\\\\\\\\\\\\\\\\\\\\\\\\\\\\\\\\\\\\\\\\\\\\\\\\\\\\\\\\\\\\\\\\\\\\\\\\\\\\\\\\\\\\\\\\\\\\\\\\\\\\\\\\\\\\\\\\\\\\\\\\\\\\\\\\\\\\\\\\\\\\\\\\\\\\\\\\\\\\\\\\\\\\\\\\\\\\\\\\\\\\\\\\\\\\\\\\\\\\\\\\\\\\\\\\\\\\\\\\\\\\\\\\\\\\\\\\\\\\\\\\\\\\\\\\\\\\\\\\\\\\\\\\\\\\\\\\\\\\\\\\\\\\\\\\\\\\\\\\\\\\\\\\\\\\\\\\\\\\\\\\\\\\\\\\\\\\\\\\\\\\\\\\\\\\\\\\\\\\\\\\\\\\\\\\\\\\\\\\\\\\\\\\\\\\\\\\\\\\\\\\\\\\\\\\\\\\\\\\\\\\\\\\\\\\\\\\\\\\\\\\\\\\\\\\\\\\\\\\\\\\\\\\\\\\\\\\\\\\\\\\&quot;\\\\\\\\\\\\\\\\\\\\\\\\\\\\\\\\\\\\\\\\\\\\\\\\\\\\\\\\\\\\\\\\\\\\\\\\\\\\\\\\\\\\\\\\\\\\\\\\\\\\\\\\\\\\\\\\\\\\\\\\\\\\\\\\\\\\\\\\\\\\\\\\\\\\\\\\\\\\\\\\\\\\\\\\\\\\\\\\\\\\\\\\\\\\\\\\\\\\\\\\\\\\\\\\\\\\\\\\\\\\\\\\\\\\\\\\\\\\\\\\\\\\\\\\\\\\\\\\&quot;\\\\\\\\\\\\\\\\\\\\\\\\\\\\\\\\\\\\\\\\\\\\\\\\\\\\\\\\\\\\\\\\\\\\\\\\\\\\\\\\\\\\\\\\\\\\\\\\\\\\\\\\\\\\\\\\\\\\\\\\\\\\\\\\&quot;\\\\\\\\\\\\\\\\\\\\\\\\\\\\\\\\\\\\\\\\\\\\\\\\\\\\\\\\\\\\\\\\&quot;\\\\\\\\\\\\\\\\\\\\\\\\\\\\\\\\&quot;\\\\\\\\\\\\\\\\&quot;\\\\\\\\&quot;\\\\&quot;\\&quot;">The Congress leadership</span><span class="\\&quot;\\\\&quot;\\\\\\\\&quot;\\\\\\\\\\\\\\\\&quot;\\\\\\\\\\\\\\\\\\\\\\\\\\\\\\\\&quot;\\\\\\\\\\\\\\\\\\\\\\\\\\\\\\\\\\\\\\\\\\\\\\\\\\\\\\\\\\\\\\\\&quot;\\\\\\\\\\\\\\\\\\\\\\\\\\\\\\\\\\\\\\\\\\\\\\\\\\\\\\\\\\\\\\\\\\\\\\\\\\\\\\\\\\\\\\\\\\\\\\\\\\\\\\\\\\\\\\\\\\\\\\\\\\\\\\\\&quot;\\\\\\\\\\\\\\\\\\\\\\\\\\\\\\\\\\\\\\\\\\\\\\\\\\\\\\\\\\\\\\\\\\\\\\\\\\\\\\\\\\\\\\\\\\\\\\\\\\\\\\\\\\\\\\\\\\\\\\\\\\\\\\\\\\\\\\\\\\\\\\\\\\\\\\\\\\\\\\\\\\\\\\\\\\\\\\\\\\\\\\\\\\\\\\\\\\\\\\\\\\\\\\\\\\\\\\\\\\\\\\\\\\\\\\\\\\\\\\\\\\\\\\\\\\\\\\\\&quot;\\\\\\\\\\\\\\\\\\\\\\\\\\\\\\\\\\\\\\\\\\\\\\\\\\\\\\\\\\\\\\\\\\\\\\\\\\\\\\\\\\\\\\\\\\\\\\\\\\\\\\\\\\\\\\\\\\\\\\\\\\\\\\\\\\\\\\\\\\\\\\\\\\\\\\\\\\\\\\\\\\\\\\\\\\\\\\\\\\\\\\\\\\\\\\\\\\\\\\\\\\\\\\\\\\\\\\\\\\\\\\\\\\\\\\\\\\\\\\\\\\\\\\\\\\\\\\\\\\\\\\\\\\\\\\\\\\\\\\\\\\\\\\\\\\\\\\\\\\\\\\\\\\\\\\\\\\\\\\\\\\\\\\\\\\\\\\\\\\\\\\\\\\\\\\\\\\\\\\\\\\\\\\\\\\\\\\\\\\\\\\\\\\\\\\\\\\\\\\\\\\\\\\\\\\\\\\\\\\\\\\\\\\\\\\\\\\\\\\\\\\\\\\\\\\\\\\\\\\\\\\\\\\\\\\\\\\\\\\\\\\\\\\\\\\\\\\\\\\\\\\\\\\\\\\\\&quot;Apple-converted-space\\\\\\\\\\\\\\\\\\\\\\\\\\\\\\\\\\\\\\\\\\\\\\\\\\\\\\\\\\\\\\\\\\\\\\\\\\\\\\\\\\\\\\\\\\\\\\\\\\\\\\\\\\\\\\\\\\\\\\\\\\\\\\\\\\\\\\\\\\\\\\\\\\\\\\\\\\\\\\\\\\\\\\\\\\\\\\\\\\\\\\\\\\\\\\\\\\\\\\\\\\\\\\\\\\\\\\\\\\\\\\\\\\\\\\\\\\\\\\\\\\\\\\\\\\\\\\\\\\\\\\\\\\\\\\\\\\\\\\\\\\\\\\\\\\\\\\\\\\\\\\\\\\\\\\\\\\\\\\\\\\\\\\\\\\\\\\\\\\\\\\\\\\\\\\\\\\\\\\\\\\\\\\\\\\\\\\\\\\\\\\\\\\\\\\\\\\\\\\\\\\\\\\\\\\\\\\\\\\\\\\\\\\\\\\\\\\\\\\\\\\\\\\\\\\\\\\\\\\\\\\\\\\\\\\\\\\\\\\\\\\\\\\\\\\\\\\\\\\\\\\\\\\\\\\\\&quot;\\\\\\\\\\\\\\\\\\\\\\\\\\\\\\\\\\\\\\\\\\\\\\\\\\\\\\\\\\\\\\\\\\\\\\\\\\\\\\\\\\\\\\\\\\\\\\\\\\\\\\\\\\\\\\\\\\\\\\\\\\\\\\\\\\\\\\\\\\\\\\\\\\\\\\\\\\\\\\\\\\\\\\\\\\\\\\\\\\\\\\\\\\\\\\\\\\\\\\\\\\\\\\\\\\\\\\\\\\\\\\\\\\\\\\\\\\\\\\\\\\\\\\\\\\\\\\\\&quot;\\\\\\\\\\\\\\\\\\\\\\\\\\\\\\\\\\\\\\\\\\\\\\\\\\\\\\\\\\\\\\\\\\\\\\\\\\\\\\\\\\\\\\\\\\\\\\\\\\\\\\\\\\\\\\\\\\\\\\\\\\\\\\\\&quot;\\\\\\\\\\\\\\\\\\\\\\\\\\\\\\\\\\\\\\\\\\\\\\\\\\\\\\\\\\\\\\\\&quot;\\\\\\\\\\\\\\\\\\\\\\\\\\\\\\\\&quot;\\\\\\\\\\\\\\\\&quot;\\\\\\\\&quot;\\\\&quot;\\&quot;">&nbsp;</span>bit the Telangana bullet on Tuesday. It decided to bifurcate Andhra Pradesh to create<span class="\\&quot;\\\\&quot;\\\\\\\\&quot;\\\\\\\\\\\\\\\\&quot;\\\\\\\\\\\\\\\\\\\\\\\\\\\\\\\\&quot;\\\\\\\\\\\\\\\\\\\\\\\\\\\\\\\\\\\\\\\\\\\\\\\\\\\\\\\\\\\\\\\\&quot;\\\\\\\\\\\\\\\\\\\\\\\\\\\\\\\\\\\\\\\\\\\\\\\\\\\\\\\\\\\\\\\\\\\\\\\\\\\\\\\\\\\\\\\\\\\\\\\\\\\\\\\\\\\\\\\\\\\\\\\\\\\\\\\\&quot;\\\\\\\\\\\\\\\\\\\\\\\\\\\\\\\\\\\\\\\\\\\\\\\\\\\\\\\\\\\\\\\\\\\\\\\\\\\\\\\\\\\\\\\\\\\\\\\\\\\\\\\\\\\\\\\\\\\\\\\\\\\\\\\\\\\\\\\\\\\\\\\\\\\\\\\\\\\\\\\\\\\\\\\\\\\\\\\\\\\\\\\\\\\\\\\\\\\\\\\\\\\\\\\\\\\\\\\\\\\\\\\\\\\\\\\\\\\\\\\\\\\\\\\\\\\\\\\\&quot;\\\\\\\\\\\\\\\\\\\\\\\\\\\\\\\\\\\\\\\\\\\\\\\\\\\\\\\\\\\\\\\\\\\\\\\\\\\\\\\\\\\\\\\\\\\\\\\\\\\\\\\\\\\\\\\\\\\\\\\\\\\\\\\\\\\\\\\\\\\\\\\\\\\\\\\\\\\\\\\\\\\\\\\\\\\\\\\\\\\\\\\\\\\\\\\\\\\\\\\\\\\\\\\\\\\\\\\\\\\\\\\\\\\\\\\\\\\\\\\\\\\\\\\\\\\\\\\\\\\\\\\\\\\\\\\\\\\\\\\\\\\\\\\\\\\\\\\\\\\\\\\\\\\\\\\\\\\\\\\\\\\\\\\\\\\\\\\\\\\\\\\\\\\\\\\\\\\\\\\\\\\\\\\\\\\\\\\\\\\\\\\\\\\\\\\\\\\\\\\\\\\\\\\\\\\\\\\\\\\\\\\\\\\\\\\\\\\\\\\\\\\\\\\\\\\\\\\\\\\\\\\\\\\\\\\\\\\\\\\\\\\\\\\\\\\\\\\\\\\\\\\\\\\\\\\\&quot;Apple-converted-space\\\\\\\\\\\\\\\\\\\\\\\\\\\\\\\\\\\\\\\\\\\\\\\\\\\\\\\\\\\\\\\\\\\\\\\\\\\\\\\\\\\\\\\\\\\\\\\\\\\\\\\\\\\\\\\\\\\\\\\\\\\\\\\\\\\\\\\\\\\\\\\\\\\\\\\\\\\\\\\\\\\\\\\\\\\\\\\\\\\\\\\\\\\\\\\\\\\\\\\\\\\\\\\\\\\\\\\\\\\\\\\\\\\\\\\\\\\\\\\\\\\\\\\\\\\\\\\\\\\\\\\\\\\\\\\\\\\\\\\\\\\\\\\\\\\\\\\\\\\\\\\\\\\\\\\\\\\\\\\\\\\\\\\\\\\\\\\\\\\\\\\\\\\\\\\\\\\\\\\\\\\\\\\\\\\\\\\\\\\\\\\\\\\\\\\\\\\\\\\\\\\\\\\\\\\\\\\\\\\\\\\\\\\\\\\\\\\\\\\\\\\\\\\\\\\\\\\\\\\\\\\\\\\\\\\\\\\\\\\\\\\\\\\\\\\\\\\\\\\\\\\\\\\\\\\\&quot;\\\\\\\\\\\\\\\\\\\\\\\\\\\\\\\\\\\\\\\\\\\\\\\\\\\\\\\\\\\\\\\\\\\\\\\\\\\\\\\\\\\\\\\\\\\\\\\\\\\\\\\\\\\\\\\\\\\\\\\\\\\\\\\\\\\\\\\\\\\\\\\\\\\\\\\\\\\\\\\\\\\\\\\\\\\\\\\\\\\\\\\\\\\\\\\\\\\\\\\\\\\\\\\\\\\\\\\\\\\\\\\\\\\\\\\\\\\\\\\\\\\\\\\\\\\\\\\\&quot;\\\\\\\\\\\\\\\\\\\\\\\\\\\\\\\\\\\\\\\\\\\\\\\\\\\\\\\\\\\\\\\\\\\\\\\\\\\\\\\\\\\\\\\\\\\\\\\\\\\\\\\\\\\\\\\\\\\\\\\\\\\\\\\\&quot;\\\\\\\\\\\\\\\\\\\\\\\\\\\\\\\\\\\\\\\\\\\\\\\\\\\\\\\\\\\\\\\\&quot;\\\\\\\\\\\\\\\\\\\\\\\\\\\\\\\\&quot;\\\\\\\\\\\\\\\\&quot;\\\\\\\\&quot;\\\\&quot;\\&quot;">&nbsp;</span><span class="\\&quot;\\\\&quot;\\\\\\\\&quot;\\\\\\\\\\\\\\\\&quot;\\\\\\\\\\\\\\\\\\\\\\\\\\\\\\\\&quot;\\\\\\\\\\\\\\\\\\\\\\\\\\\\\\\\\\\\\\\\\\\\\\\\\\\\\\\\\\\\\\\\&quot;\\\\\\\\\\\\\\\\\\\\\\\\\\\\\\\\\\\\\\\\\\\\\\\\\\\\\\\\\\\\\\\\\\\\\\\\\\\\\\\\\\\\\\\\\\\\\\\\\\\\\\\\\\\\\\\\\\\\\\\\\\\\\\\\&quot;\\\\\\\\\\\\\\\\\\\\\\\\\\\\\\\\\\\\\\\\\\\\\\\\\\\\\\\\\\\\\\\\\\\\\\\\\\\\\\\\\\\\\\\\\\\\\\\\\\\\\\\\\\\\\\\\\\\\\\\\\\\\\\\\\\\\\\\\\\\\\\\\\\\\\\\\\\\\\\\\\\\\\\\\\\\\\\\\\\\\\\\\\\\\\\\\\\\\\\\\\\\\\\\\\\\\\\\\\\\\\\\\\\\\\\\\\\\\\\\\\\\\\\\\\\\\\\\\&quot;\\\\\\\\\\\\\\\\\\\\\\\\\\\\\\\\\\\\\\\\\\\\\\\\\\\\\\\\\\\\\\\\\\\\\\\\\\\\\\\\\\\\\\\\\\\\\\\\\\\\\\\\\\\\\\\\\\\\\\\\\\\\\\\\\\\\\\\\\\\\\\\\\\\\\\\\\\\\\\\\\\\\\\\\\\\\\\\\\\\\\\\\\\\\\\\\\\\\\\\\\\\\\\\\\\\\\\\\\\\\\\\\\\\\\\\\\\\\\\\\\\\\\\\\\\\\\\\\\\\\\\\\\\\\\\\\\\\\\\\\\\\\\\\\\\\\\\\\\\\\\\\\\\\\\\\\\\\\\\\\\\\\\\\\\\\\\\\\\\\\\\\\\\\\\\\\\\\\\\\\\\\\\\\\\\\\\\\\\\\\\\\\\\\\\\\\\\\\\\\\\\\\\\\\\\\\\\\\\\\\\\\\\\\\\\\\\\\\\\\\\\\\\\\\\\\\\\\\\\\\\\\\\\\\\\\\\\\\\\\\\\\\\\\\\\\\\\\\\\\\\\\\\\\\\\\\&quot;cm_word\\\\\\\\\\\\\\\\\\\\\\\\\\\\\\\\\\\\\\\\\\\\\\\\\\\\\\\\\\\\\\\\\\\\\\\\\\\\\\\\\\\\\\\\\\\\\\\\\\\\\\\\\\\\\\\\\\\\\\\\\\\\\\\\\\\\\\\\\\\\\\\\\\\\\\\\\\\\\\\\\\\\\\\\\\\\\\\\\\\\\\\\\\\\\\\\\\\\\\\\\\\\\\\\\\\\\\\\\\\\\\\\\\\\\\\\\\\\\\\\\\\\\\\\\\\\\\\\\\\\\\\\\\\\\\\\\\\\\\\\\\\\\\\\\\\\\\\\\\\\\\\\\\\\\\\\\\\\\\\\\\\\\\\\\\\\\\\\\\\\\\\\\\\\\\\\\\\\\\\\\\\\\\\\\\\\\\\\\\\\\\\\\\\\\\\\\\\\\\\\\\\\\\\\\\\\\\\\\\\\\\\\\\\\\\\\\\\\\\\\\\\\\\\\\\\\\\\\\\\\\\\\\\\\\\\\\\\\\\\\\\\\\\\\\\\\\\\\\\\\\\\\\\\\\\\\&quot;\\\\\\\\\\\\\\\\\\\\\\\\\\\\\\\\\\\\\\\\\\\\\\\\\\\\\\\\\\\\\\\\\\\\\\\\\\\\\\\\\\\\\\\\\\\\\\\\\\\\\\\\\\\\\\\\\\\\\\\\\\\\\\\\\\\\\\\\\\\\\\\\\\\\\\\\\\\\\\\\\\\\\\\\\\\\\\\\\\\\\\\\\\\\\\\\\\\\\\\\\\\\\\\\\\\\\\\\\\\\\\\\\\\\\\\\\\\\\\\\\\\\\\\\\\\\\\\\&quot;\\\\\\\\\\\\\\\\\\\\\\\\\\\\\\\\\\\\\\\\\\\\\\\\\\\\\\\\\\\\\\\\\\\\\\\\\\\\\\\\\\\\\\\\\\\\\\\\\\\\\\\\\\\\\\\\\\\\\\\\\\\\\\\\&quot;\\\\\\\\\\\\\\\\\\\\\\\\\\\\\\\\\\\\\\\\\\\\\\\\\\\\\\\\\\\\\\\\&quot;\\\\\\\\\\\\\\\\\\\\\\\\\\\\\\\\&quot;\\\\\\\\\\\\\\\\&quot;\\\\\\\\&quot;\\\\&quot;\\&quot;">a separate state of Telangana</span><span class="\\&quot;\\\\&quot;\\\\\\\\&quot;\\\\\\\\\\\\\\\\&quot;\\\\\\\\\\\\\\\\\\\\\\\\\\\\\\\\&quot;\\\\\\\\\\\\\\\\\\\\\\\\\\\\\\\\\\\\\\\\\\\\\\\\\\\\\\\\\\\\\\\\&quot;\\\\\\\\\\\\\\\\\\\\\\\\\\\\\\\\\\\\\\\\\\\\\\\\\\\\\\\\\\\\\\\\\\\\\\\\\\\\\\\\\\\\\\\\\\\\\\\\\\\\\\\\\\\\\\\\\\\\\\\\\\\\\\\\&quot;\\\\\\\\\\\\\\\\\\\\\\\\\\\\\\\\\\\\\\\\\\\\\\\\\\\\\\\\\\\\\\\\\\\\\\\\\\\\\\\\\\\\\\\\\\\\\\\\\\\\\\\\\\\\\\\\\\\\\\\\\\\\\\\\\\\\\\\\\\\\\\\\\\\\\\\\\\\\\\\\\\\\\\\\\\\\\\\\\\\\\\\\\\\\\\\\\\\\\\\\\\\\\\\\\\\\\\\\\\\\\\\\\\\\\\\\\\\\\\\\\\\\\\\\\\\\\\\\&quot;\\\\\\\\\\\\\\\\\\\\\\\\\\\\\\\\\\\\\\\\\\\\\\\\\\\\\\\\\\\\\\\\\\\\\\\\\\\\\\\\\\\\\\\\\\\\\\\\\\\\\\\\\\\\\\\\\\\\\\\\\\\\\\\\\\\\\\\\\\\\\\\\\\\\\\\\\\\\\\\\\\\\\\\\\\\\\\\\\\\\\\\\\\\\\\\\\\\\\\\\\\\\\\\\\\\\\\\\\\\\\\\\\\\\\\\\\\\\\\\\\\\\\\\\\\\\\\\\\\\\\\\\\\\\\\\\\\\\\\\\\\\\\\\\\\\\\\\\\\\\\\\\\\\\\\\\\\\\\\\\\\\\\\\\\\\\\\\\\\\\\\\\\\\\\\\\\\\\\\\\\\\\\\\\\\\\\\\\\\\\\\\\\\\\\\\\\\\\\\\\\\\\\\\\\\\\\\\\\\\\\\\\\\\\\\\\\\\\\\\\\\\\\\\\\\\\\\\\\\\\\\\\\\\\\\\\\\\\\\\\\\\\\\\\\\\\\\\\\\\\\\\\\\\\\\\\&quot;Apple-converted-space\\\\\\\\\\\\\\\\\\\\\\\\\\\\\\\\\\\\\\\\\\\\\\\\\\\\\\\\\\\\\\\\\\\\\\\\\\\\\\\\\\\\\\\\\\\\\\\\\\\\\\\\\\\\\\\\\\\\\\\\\\\\\\\\\\\\\\\\\\\\\\\\\\\\\\\\\\\\\\\\\\\\\\\\\\\\\\\\\\\\\\\\\\\\\\\\\\\\\\\\\\\\\\\\\\\\\\\\\\\\\\\\\\\\\\\\\\\\\\\\\\\\\\\\\\\\\\\\\\\\\\\\\\\\\\\\\\\\\\\\\\\\\\\\\\\\\\\\\\\\\\\\\\\\\\\\\\\\\\\\\\\\\\\\\\\\\\\\\\\\\\\\\\\\\\\\\\\\\\\\\\\\\\\\\\\\\\\\\\\\\\\\\\\\\\\\\\\\\\\\\\\\\\\\\\\\\\\\\\\\\\\\\\\\\\\\\\\\\\\\\\\\\\\\\\\\\\\\\\\\\\\\\\\\\\\\\\\\\\\\\\\\\\\\\\\\\\\\\\\\\\\\\\\\\\\\&quot;\\\\\\\\\\\\\\\\\\\\\\\\\\\\\\\\\\\\\\\\\\\\\\\\\\\\\\\\\\\\\\\\\\\\\\\\\\\\\\\\\\\\\\\\\\\\\\\\\\\\\\\\\\\\\\\\\\\\\\\\\\\\\\\\\\\\\\\\\\\\\\\\\\\\\\\\\\\\\\\\\\\\\\\\\\\\\\\\\\\\\\\\\\\\\\\\\\\\\\\\\\\\\\\\\\\\\\\\\\\\\\\\\\\\\\\\\\\\\\\\\\\\\\\\\\\\\\\\&quot;\\\\\\\\\\\\\\\\\\\\\\\\\\\\\\\\\\\\\\\\\\\\\\\\\\\\\\\\\\\\\\\\\\\\\\\\\\\\\\\\\\\\\\\\\\\\\\\\\\\\\\\\\\\\\\\\\\\\\\\\\\\\\\\\&quot;\\\\\\\\\\\\\\\\\\\\\\\\\\\\\\\\\\\\\\\\\\\\\\\\\\\\\\\\\\\\\\\\&quot;\\\\\\\\\\\\\\\\\\\\\\\\\\\\\\\\&quot;\\\\\\\\\\\\\\\\&quot;\\\\\\\\&quot;\\\\&quot;\\&quot;">&nbsp;</span>&mdash; a move that will be a loss to the politically muscular state but will be a gain for the Congress as expected to revive the party ahead of the 2014<span class="\\&quot;\\\\&quot;\\\\\\\\&quot;\\\\\\\\\\\\\\\\&quot;\\\\\\\\\\\\\\\\\\\\\\\\\\\\\\\\&quot;\\\\\\\\\\\\\\\\\\\\\\\\\\\\\\\\\\\\\\\\\\\\\\\\\\\\\\\\\\\\\\\\&quot;\\\\\\\\\\\\\\\\\\\\\\\\\\\\\\\\\\\\\\\\\\\\\\\\\\\\\\\\\\\\\\\\\\\\\\\\\\\\\\\\\\\\\\\\\\\\\\\\\\\\\\\\\\\\\\\\\\\\\\\\\\\\\\\\&quot;\\\\\\\\\\\\\\\\\\\\\\\\\\\\\\\\\\\\\\\\\\\\\\\\\\\\\\\\\\\\\\\\\\\\\\\\\\\\\\\\\\\\\\\\\\\\\\\\\\\\\\\\\\\\\\\\\\\\\\\\\\\\\\\\\\\\\\\\\\\\\\\\\\\\\\\\\\\\\\\\\\\\\\\\\\\\\\\\\\\\\\\\\\\\\\\\\\\\\\\\\\\\\\\\\\\\\\\\\\\\\\\\\\\\\\\\\\\\\\\\\\\\\\\\\\\\\\\\&quot;\\\\\\\\\\\\\\\\\\\\\\\\\\\\\\\\\\\\\\\\\\\\\\\\\\\\\\\\\\\\\\\\\\\\\\\\\\\\\\\\\\\\\\\\\\\\\\\\\\\\\\\\\\\\\\\\\\\\\\\\\\\\\\\\\\\\\\\\\\\\\\\\\\\\\\\\\\\\\\\\\\\\\\\\\\\\\\\\\\\\\\\\\\\\\\\\\\\\\\\\\\\\\\\\\\\\\\\\\\\\\\\\\\\\\\\\\\\\\\\\\\\\\\\\\\\\\\\\\\\\\\\\\\\\\\\\\\\\\\\\\\\\\\\\\\\\\\\\\\\\\\\\\\\\\\\\\\\\\\\\\\\\\\\\\\\\\\\\\\\\\\\\\\\\\\\\\\\\\\\\\\\\\\\\\\\\\\\\\\\\\\\\\\\\\\\\\\\\\\\\\\\\\\\\\\\\\\\\\\\\\\\\\\\\\\\\\\\\\\\\\\\\\\\\\\\\\\\\\\\\\\\\\\\\\\\\\\\\\\\\\\\\\\\\\\\\\\\\\\\\\\\\\\\\\\\\&quot;cm_word\\\\\\\\\\\\\\\\\\\\\\\\\\\\\\\\\\\\\\\\\\\\\\\\\\\\\\\\\\\\\\\\\\\\\\\\\\\\\\\\\\\\\\\\\\\\\\\\\\\\\\\\\\\\\\\\\\\\\\\\\\\\\\\\\\\\\\\\\\\\\\\\\\\\\\\\\\\\\\\\\\\\\\\\\\\\\\\\\\\\\\\\\\\\\\\\\\\\\\\\\\\\\\\\\\\\\\\\\\\\\\\\\\\\\\\\\\\\\\\\\\\\\\\\\\\\\\\\\\\\\\\\\\\\\\\\\\\\\\\\\\\\\\\\\\\\\\\\\\\\\\\\\\\\\\\\\\\\\\\\\\\\\\\\\\\\\\\\\\\\\\\\\\\\\\\\\\\\\\\\\\\\\\\\\\\\\\\\\\\\\\\\\\\\\\\\\\\\\\\\\\\\\\\\\\\\\\\\\\\\\\\\\\\\\\\\\\\\\\\\\\\\\\\\\\\\\\\\\\\\\\\\\\\\\\\\\\\\\\\\\\\\\\\\\\\\\\\\\\\\\\\\\\\\\\\\&quot;\\\\\\\\\\\\\\\\\\\\\\\\\\\\\\\\\\\\\\\\\\\\\\\\\\\\\\\\\\\\\\\\\\\\\\\\\\\\\\\\\\\\\\\\\\\\\\\\\\\\\\\\\\\\\\\\\\\\\\\\\\\\\\\\\\\\\\\\\\\\\\\\\\\\\\\\\\\\\\\\\\\\\\\\\\\\\\\\\\\\\\\\\\\\\\\\\\\\\\\\\\\\\\\\\\\\\\\\\\\\\\\\\\\\\\\\\\\\\\\\\\\\\\\\\\\\\\\\&quot;\\\\\\\\\\\\\\\\\\\\\\\\\\\\\\\\\\\\\\\\\\\\\\\\\\\\\\\\\\\\\\\\\\\\\\\\\\\\\\\\\\\\\\\\\\\\\\\\\\\\\\\\\\\\\\\\\\\\\\\\\\\\\\\\&quot;\\\\\\\\\\\\\\\\\\\\\\\\\\\\\\\\\\\\\\\\\\\\\\\\\\\\\\\\\\\\\\\\&quot;\\\\\\\\\\\\\\\\\\\\\\\\\\\\\\\\&quot;\\\\\\\\\\\\\\\\&quot;\\\\\\\\&quot;\\\\&quot;\\&quot;">Lok Sabha election</span>.<br /><br />As reported by TOI on July 29, Hyderabad will remain the common capital of the splintered states for 10 years &mdash; a balancing act that recognizes claim on the city but seeks to soften the blow to the opponents who were also concerned about the investments of coastal Andhra businesses in the capital. The Centre will help AP build a new capi</p>', '', 0, 1, 0, '1', 'inoerp', '0000-00-00 00:00:00', 'inoerp', '0000-00-00 00:00:00'),
(23, 0, 'test', '<p>test01</p>\r\n<p>jk;lj;</p>\r\n<p>kj;l</p>\r\n<p>lk;j;</p>\r\n<p>kkk</p>', '', 0, 1, 0, '1', 'inoerp', '0000-00-00 00:00:00', 'inoerp', '0000-00-00 00:00:00'),
(24, NULL, 'test01', '<ol style="margin: 0px 0px 1em 30px; padding: 0px; border: 0px; font-size: 14px; vertical-align: baseline; background-color: #ffffff; list-style: decimal; color: #000000; font-family: Arial, ''Liberation Sans'', ''DejaVu Sans'', sans-serif; font-style: normal; font-variant: normal; font-weight: normal; letter-spacing: normal; line-height: 18px; orphans: auto; text-align: left; text-indent: 0px; text-transform: none; white-space: normal; widows: auto; word-spacing: 0px; -webkit-text-stroke-width: 0px; background-position: initial initial; background-repeat: initial initial;">\r\n<li style="margin: 0px; padding: 0px; border: 0px; font-size: 14px; vertical-align: baseline; background-color: transparent; word-wrap: break-word; background-position: initial initial; background-repeat: initial initial;">I''m using a WordPress site.</li>\r\n<li style="margin: 0px; padding: 0px; border: 0px; font-size: 14px; vertical-align: baseline; background-color: transparent; word-wrap: break-word; background-position: initial initial; background-repeat: initial initial;">I''m including this script in the header.</li>\r\n</ol>\r\n<p style="margin: 0px 0px 1em; padding: 0px; border: 0px; font-size: 14px; vertical-align: baseline; background-color: #ffffff; clear: both; word-wrap: break-word; color: #000000; font-family: Arial, ''Liberation Sans'', ''DejaVu Sans'', sans-serif; font-style: normal; font-variant: normal; font-weight: normal; letter-spacing: normal; line-height: 18px; orphans: auto; text-align: left; text-indent: 0px; text-transform: none; white-space: normal; widows: auto; word-spacing: 0px; -webkit-text-stroke-width: 0px; background-position: initial initial; background-repeat: initial initial;">When the script loads, I get this error:</p>\r\n<pre class="default prettyprint prettyprinted" style="margin: 0px 0px 10px; padding: 5px; border: 0px; font-size: 14px; vertical-align: baseline; background-color: #eeeeee; font-family: Consolas, Menlo, Monaco, ''Lucida Console'', ''Liberation Mono'', ''DejaVu Sans Mono'', ''Bitstream Vera Sans Mono'', ''Courier New'', monospace, serif; overflow: auto; width: auto; max-height: 600px; color: #000000; font-style: normal; font-variant: normal; font-weight: normal; letter-spacing: normal; line-height: 18px; orphans: auto; text-align: left; text-indent: 0px; text-transform: none; widows: auto; word-spacing: 0px; -webkit-text-stroke-width: 0px; background-position: initial initial; background-repeat: initial initial;"><code style="margin: 0px; padding: 0px; border: 0px; font-size: 14px; vertical-align: baseline; background-color: #eeeeee; font-family: Consolas, Menlo, Monaco, ''Lucida Console'', ''Liberation Mono'', ''DejaVu Sans Mono'', ''Bitstream Vera Sans Mono'', ''Courier New'', monospace, serif; background-position: initial initial; background-repeat: initial initial;"><span class="typ" style="margin: 0px; padding: 0px; border: 0px; font-size: 14px; vertical-align: baseline; background-color: transparent; color: #2b91af; background-position: initial initial; background-repeat: initial initial;">TypeError</span><span class="pun" style="margin: 0px; padding: 0px; border: 0px; font-size: 14px; vertical-align: baseline; background-color: transparent; color: #000000; background-position: initial initial; background-repeat: initial initial;">:</span><span class="str" style="margin: 0px; padding: 0px; border: 0px; font-size: 14px; vertical-align: baseline; background-color: transparent; color: #800000; background-position: initial initial; background-repeat: initial initial;">''undefined''</span><span class="kwd" style="margin: 0px; padding: 0px; border: 0px; font-size: 14px; vertical-align: baseline; background-color: transparent; color: #00008b; background-position: initial initial; background-repeat: initial initial;">is</span><span class="kwd" style="margin: 0px; padding: 0px; border: 0px; font-size: 14px; vertical-align: baseline; background-color: transparent; color: #00008b; background-position: initial initial; background-repeat: initial initial;">not</span><span class="pln" style="margin: 0px; padding: 0px; border: 0px; font-size: 14px; vertical-align: baseline; background-color: transparent; color: #000000; background-position: initial initial; background-repeat: initial initial;"> a </span><span class="kwd" style="margin: 0px; padding: 0px; border: 0px; font-size: 14px; vertical-align: baseline; background-color: transparent; color: #00008b; background-position: initial initial; background-repeat: initial initial;">function</span><span class="pun" style="margin: 0px; padding: 0px; border: 0px; font-size: 14px; vertical-align: baseline; background-color: transparent; color: #000000; background-position: initial initial; background-repeat: initial initial;">(</span><span class="pln" style="margin: 0px; padding: 0px; border: 0px; font-size: 14px; vertical-align: baseline; background-color: transparent; color: #000000; background-position: initial initial; background-repeat: initial initial;">evaluating </span><span class="str" style="margin: 0px; padding: 0px; border: 0px; font-size: 14px; vertical-align: baseline; background-color: transparent; color: #800000; background-position: initial initial; background-repeat: initial initial;">''$(document)''</span><span class="pun" style="margin: 0px; padding: 0px; border: 0px; font-size: 14px; vertical-align: baseline; background-color: transparent; color: #000000; background-position: initial initial; background-repeat: initial initial;">)</span></code></pre>\r\n<p style="margin: 0px 0px 1em; padding: 0px; border: 0px; font-size: 14px; vertical-align: baseline; background-color: #ffffff; clear: both; word-wrap: break-word; color: #000000; font-family: Arial, ''Liberation Sans'', ''DejaVu Sans'', sans-serif; font-style: normal; font-variant: normal; font-weight: normal; letter-spacing: normal; line-height: 18px; orphans: auto; text-align: left; text-indent: 0px; text-transform: none; white-space: normal; widows: auto; word-spacing: 0px; -webkit-text-stroke-width: 0px; background-position: initial initial; background-repeat: initial initial;">I have no idea what is causing it or what it even means.</p>\r\n<p style="margin: 0px 0px 1em; padding: 0px; border: 0px; font-size: 14px; vertical-align: baseline; background-color: #ffffff; clear: both; word-wrap: break-word; color: #000000; font-family: Arial, ''Liberation Sans'', ''DejaVu Sans'', sans-serif; font-style: normal; font-variant: normal; font-weight: normal; letter-spacing: normal; line-height: 18px; orphans: auto; text-align: left; text-indent: 0px; text-transform: none; white-space: normal; widows: auto; word-spacing: 0px; -webkit-text-stroke-width: 0px; background-position: initial initial; background-repeat: initial initial;">In firebug, I get this:<span class="Apple-converted-space">&nbsp;</span><code style="margin: 0px; padding: 1px 5px; border: 0px; font-size: 14px; vertical-align: baseline; background-color: #eeeeee; font-family: Consolas, Menlo, Monaco, ''Lucida Console'', ''Liberation Mono'', ''DejaVu Sans Mono'', ''Bitstream Vera Sans Mono'', ''Courier New'', monospace, serif; background-position: initial initial; background-repeat: initial initial;">$ is not a function</code></p>', NULL, 1, 1, 1, NULL, 'inoerp', '0000-00-00 00:00:00', 'inoerp', '0000-00-00 00:00:00'),
(25, NULL, 'test', '<p>test02</p>', NULL, 1, 1, 1, '1', 'inoerp', '0000-00-00 00:00:00', 'inoerp', '0000-00-00 00:00:00'),
(26, NULL, 'test01', '<ol style="margin: 0px 0px 1em 30px; padding: 0px; border: 0px; font-size: 14px; vertical-align: baseline; background-color: #ffffff; list-style: decimal; color: #000000; font-family: Arial, ''Liberation Sans'', ''DejaVu Sans'', sans-serif; font-style: normal; font-variant: normal; font-weight: normal; letter-spacing: normal; line-height: 18px; orphans: auto; text-align: left; text-indent: 0px; text-transform: none; white-space: normal; widows: auto; word-spacing: 0px; -webkit-text-stroke-width: 0px; background-position: initial initial; background-repeat: initial initial;">\r\n<li style="margin: 0px; padding: 0px; border: 0px; font-size: 14px; vertical-align: baseline; background-color: transparent; word-wrap: break-word; background-position: initial initial; background-repeat: initial initial;">I''m using a WordPress site.</li>\r\n<li style="margin: 0px; padding: 0px; border: 0px; font-size: 14px; vertical-align: baseline; background-color: transparent; word-wrap: break-word; background-position: initial initial; background-repeat: initial initial;">I''m including this script in the header.</li>\r\n</ol>\r\n<p style="margin: 0px 0px 1em; padding: 0px; border: 0px; font-size: 14px; vertical-align: baseline; background-color: #ffffff; clear: both; word-wrap: break-word; color: #000000; font-family: Arial, ''Liberation Sans'', ''DejaVu Sans'', sans-serif; font-style: normal; font-variant: normal; font-weight: normal; letter-spacing: normal; line-height: 18px; orphans: auto; text-align: left; text-indent: 0px; text-transform: none; white-space: normal; widows: auto; word-spacing: 0px; -webkit-text-stroke-width: 0px; background-position: initial initial; background-repeat: initial initial;">When the script loads, I get this error:</p>', NULL, 1, 1, 1, '1', 'inoerp', '0000-00-00 00:00:00', 'inoerp', '0000-00-00 00:00:00'),
(27, NULL, '1', '<p>aaa</p>', NULL, 1, 1, 1, NULL, 'inoerp', '0000-00-00 00:00:00', 'inoerp', '0000-00-00 00:00:00'),
(28, NULL, 'werewrw', '<p>erwerw</p>', NULL, 1, 1, 1, NULL, 'inoerp', '0000-00-00 00:00:00', 'inoerp', '0000-00-00 00:00:00'),
(29, NULL, 'fdf', '<p style="color: #000000; font-family: Arial, Helvetica, sans-serif; font-size: 12px; font-style: normal; font-variant: normal; font-weight: normal; letter-spacing: normal; line-height: 18px; orphans: auto; text-align: start; text-indent: 0px; text-transform: none; white-space: normal; widows: auto; word-spacing: 0px; -webkit-text-stroke-width: 0px; background-color: #ffffff;">By default, every form in Oracle Forms has the capability to query existing data in a table, modify existing data and add new data (records) to the table. A form is built up using one or more data blocks that correspond to tables in the database. Fields within the data block correspond to columns in the database table. A data block is similar to a DataWindow object in PowerBuilder. In the following figure, a typical form is shown.</p>\r\n<p style="color: #000000; font-family: Arial, Helvetica, sans-serif; font-size: 12px; font-style: normal; font-variant: normal; font-weight: normal; letter-spacing: normal; line-height: 18px; orphans: auto; text-align: start; text-indent: 0px; text-transform: none; white-space: normal; widows: auto; word-spacing: 0px; -webkit-text-stroke-width: 0px; background-color: #ffffff;"><span style="color: #800000;"><strong>Oracle Developer9i</strong></span><span class="Apple-converted-space">&nbsp;</span>provides various Graphical User Interface (GUI) tools to create functional applications from database definitions, without writing any code. You can use these tools to create, manage, and deploy integrated applications.</p>', NULL, NULL, NULL, NULL, NULL, 'inoerp', '0000-00-00 00:00:00', 'inoerp', '0000-00-00 00:00:00'),
(30, NULL, 'qwerwqer', '\r\n', NULL, 1, NULL, NULL, NULL, 'inoerp', '0000-00-00 00:00:00', 'inoerp', '0000-00-00 00:00:00'),
(31, NULL, 'werewr', '<p style="color: #000000; font-family: Arial, Helvetica, sans-serif; font-size: 12px; font-style: normal; font-variant: normal; font-weight: normal; letter-spacing: normal; line-height: 18px; orphans: auto; text-align: start; text-indent: 0px; text-transform: none; white-space: normal; widows: auto; word-spacing: 0px; -webkit-text-stroke-width: 0px; background-color: #ffffff;">A typical database schema contains dozens of tables, each with several columns of various data types. We develop applications (forms, reports, menus, etc.) to make the job of manipulating data in those tables easier for users. In Oracle Forms, a form (or data entry form) acts like a window into the database schema. An individual focuses the attention of the user to one or a few of the tables at a time. In addition, a form can give prompts so the user knows what kind of input is expected and how data is to be entered and manipulated.</p>\r\n<p>&nbsp;</p>', NULL, NULL, NULL, NULL, NULL, 'inoerp', '0000-00-00 00:00:00', 'inoerp', '0000-00-00 00:00:00'),
(32, 0, 'Transaction Type', 'VHJhbnNhY3Rpb24gVHlwZQ0KU3VibWl0dGVkIGJ5IEFub255bW91cyBvbiBNb24sIDA2LzE1LzIwMDkgLSAxODozMCBUYWc6QWNjb3VudCBSZWNlaXZhYmxlcyAvDQpVc2UgdHJhbnNhY3Rpb24gdHlwZXMgdG8gZGVmaW5lIHRoZSBhY2NvdW50aW5nIGZvciB0aGUgaW52b2ljZXMsIGRlYml0IG1lbW9zLCBjcmVkaXQgbWVtb3MsIGNvbW1pdG1lbnRzKEd1YXJuYXRlZSwgRGVwb3NpdCksICAgY2hhcmdlYmFja3MsIG9u4oCTYWNjb3VudCBjcmVkaXRzLCAgYW5kIGJpbGxzIHJlY2VpdmFibGUgeW91IGNyZWF0ZSBpbiBSZWNlaXZhYmxlcy4gDQpUcmFuc2FjdGlvbiB0eXBlcyBhbHNvIGRldGVybWluZSB3aGV0aGVyIHlvdXIgdHJhbnNhY3Rpb24gZW50cmllcyB1cGRhdGUgeW91ciBjdXN0b21lcnPigJkgYmFsYW5jZXMgYW5kIHdoZXRoZXIgUmVjZWl2YWJsZXMgcG9zdHMgdGhlc2UgdHJhbnNhY3Rpb25zIHRvIHlvdXIgZ2VuZXJhbCBsZWRnZXIuDQoNCjEuIElmIEF1dG9BY2NvdW50aW5nIGRlcGVuZHMgb24gdHJhbnNhY3Rpb24gdHlwZSwgUmVjZWl2YWJsZXMgdXNlcyB0aGUgZ2VuZXJhbCBsZWRnZXIgYWNjb3VudHMgdGhhdCB5b3UgZW50ZXIgaGVyZSwgYWxvbmcgd2l0aCB5b3VyIEF1dG9BY2NvdW50aW5nIHJ1bGVzLCB0byBkZXRlcm1pbmUgdGhlIGRlZmF1bHQgcmV2ZW51ZSwgcmVjZWl2YWJsZSwgZnJlaWdodCwgdGF4LCB1bmVhcm5lZCByZXZlbnVlLCB1bmJpbGxlZCByZWNlaXZhYmxlLCBmaW5hbmNlIGNoYXJnZXMsIGFuZCBBdXRvSW52b2ljZSBjbGVhcmluZyBhY2NvdW50cyBmb3IgdHJhbnNhY3Rpb25zIHlvdSBjcmVhdGUgdXNpbmcgdGhpcyB0eXBlLg0KDQoyLiBGb3IgYmlsbHMgcmVjZWl2YWJsZSwgdGhlIGFjY291bnRzIHRoYXQgeW91IGVudGVyIGhlcmUgZGV0ZXJtaW5lIHRoZSBiaWxscyByZWNlaXZhYmxlLCB1bnBhaWQgYmlsbHMgcmVjZWl2YWJsZSwgcmVtaXR0ZWQgYmlsbHMgcmVjZWl2YWJsZSwgYW5kIGZhY3RvcmVkIGJpbGxzIHJlY2VpdmFibGUgYWNjb3VudHMgZm9yIGEgYmlsbCByZWNlaXZhYmxlLg==', '', 0, 0, 0, '', 'inoerp', '0000-00-00 00:00:00', 'inoerp', '0000-00-00 00:00:00'),
(33, 0, 'Define AutoAccounting', 'RGVmaW5lIEF1dG9BY2NvdW50aW5nIHRvIHNwZWNpZnkgaG93IHlvdSB3YW50IFJlY2VpdmFibGVzIHRvIGRldGVybWluZSB0aGUgZ2VuZXJhbCBsZWRnZXIgYWNjb3VudHMgZm9yIHRyYW5zYWN0aW9ucyB0aGF0IHlvdSBlbnRlciBtYW51YWxseSBvciBpbXBvcnQgdXNpbmcgQXV0b0ludm9pY2UuIFJlY2VpdmFibGVzIGNyZWF0ZXMgZGVmYXVsdCBhY2NvdW50cyBmb3IgcmV2ZW51ZSwgcmVjZWl2YWJsZSwgZnJlaWdodCwgdGF4LCB1bmVhcm5lZCByZXZlbnVlLCB1bmJpbGxlZCByZWNlaXZhYmxlLCBmaW5hbmNlIGNoYXJnZXMsIGJpbGxzIHJlY2VpdmFibGVzIGFjY291bnRzLCBhbmQgQXV0b0ludm9pY2UgY2xlYXJpbmcgKHN1c3BlbnNlKSBhY2NvdW50cyB1c2luZyB0aGlzIGluZm9ybWF0aW9uLg0KDQpXaGVuIHlvdSBlbnRlciB0cmFuc2FjdGlvbnMgaW4gUmVjZWl2YWJsZXMsIHlvdSBjYW4gb3ZlcnJpZGUgdGhlIGRlZmF1bHQgZ2VuZXJhbCBsZWRnZXIgYWNjb3VudHMgdGhhdCBBdXRvQWNjb3VudGluZyBjcmVhdGVzLiBZb3UgY2FuIGNvbnRyb2wgdGhlIHZhbHVlIHRoYXQgQXV0b0FjY291bnRpbmcgYXNzaWducyB0byBlYWNoIHNlZ21lbnQgb2YgeW91ciBBY2NvdW50aW5nIEZsZXhmaWVsZCwgc3VjaCBhcyBDb21wYW55LCBEaXZpc2lvbiwgb3IgQWNjb3VudC4gWW91IG11c3QgZGVmaW5lIEF1dG9BY2NvdW50aW5nIGJlZm9yZSB5b3UgY2FuIGVudGVyIHRyYW5zYWN0aW9ucyBpbiBSZWNlaXZhYmxlcy4gU3VnZ2VzdGlvbjogSWYgeW91IHVzZSB0aGUgbXVsdGlwbGUgb3JnYW5pemF0aW9uIHN1cHBvcnQgZmVhdHVyZSwgeW91IGNhbiBzZXQgdXAgQXV0b0FjY291bnRpbmcgdG8gZGVyaXZlIHRoZSBQcm9kdWN0IHNlZ21lbnQgb2YgeW91ciBSZXZlbnVlIGFjY291bnQgYmFzZWQgb24gaW52ZW50b3J5IGl0ZW1zLiBUbyBkbyB0aGlzLCBkZWZpbmUgdGhlIFByb2R1Y3Qgc2VnbWVudCBvZiB5b3VyIFJldmVudWUgYWNjb3VudCB0byB1c2UgU3RhbmRhcmQgTGluZXMgYW5kIHNwZWNpZnkgYSBXYXJlaG91c2UgSUQgd2hlbiBlbnRlcmluZyB0cmFuc2FjdGlvbnMuDQo=', '', 0, 0, 0, '', 'inoerp', '0000-00-00 00:00:00', 'inoerp', '0000-00-00 00:00:00'),
(34, NULL, 'sfds', '<p style="color: #000000; font-family: Arial, Helvetica, sans-serif; font-size: 12px; font-style: normal; font-variant: normal; font-weight: normal; letter-spacing: normal; line-height: 18px; orphans: auto; text-align: start; text-indent: 0px; text-transform: none; white-space: normal; widows: auto; word-spacing: 0px; -webkit-text-stroke-width: 0px; background-color: #ffffff;">A typical database schema contains dozens of tables, each with several columns of various data types. We develop applications (forms, reports, menus, etc.) to make the job of manipulating data in those tables easier for users. In Oracle Forms, a form (or data entry form) acts like a window into the database schema. An individual focuses the attention of the user to one or a few of the tables at a time. In addition, a form can give prompts so the user knows what kind of input is expected and how data is to be entered and manipulated.</p>\r\n<p>&nbsp;</p>', NULL, NULL, NULL, NULL, NULL, 'inoerp', '0000-00-00 00:00:00', 'inoerp', '0000-00-00 00:00:00'),
(35, 0, 'page_id=35', 'VHJhbnNhY3Rpb24gVHlwZQ0KU3VibWl0dGVkIGJ5IEFub255bW91cyBvbiBNb24sIDA2LzE1LzIwMDkgLSAxODozMCBUYWc6QWNjb3VudCBSZWNlaXZhYmxlcyAvDQpVc2UgdHJhbnNhY3Rpb24gdHlwZXMgdG8gZGVmaW5lIHRoZSBhY2NvdW50aW5nIGZvciB0aGUgaW52b2ljZXMsIGRlYml0IG1lbW9zLCBjcmVkaXQgbWVtb3MsIGNvbW1pdG1lbnRzKEd1YXJuYXRlZSwgRGVwb3NpdCksICAgY2hhcmdlYmFja3MsIG9u4oCTYWNjb3VudCBjcmVkaXRzLCAgYW5kIGJpbGxzIHJlY2VpdmFibGUgeW91IGNyZWF0ZSBpbiBSZWNlaXZhYmxlcy4gDQpUcmFuc2FjdGlvbiB0eXBlcyBhbHNvIGRldGVybWluZSB3aGV0aGVyIHlvdXIgdHJhbnNhY3Rpb24gZW50cmllcyB1cGRhdGUgeW91ciBjdXN0b21lcnPigJkgYmFsYW5jZXMgYW5kIHdoZXRoZXIgUmVjZWl2YWJsZXMgcG9zdHMgdGhlc2UgdHJhbnNhY3Rpb25zIHRvIHlvdXIgZ2VuZXJhbCBsZWRnZXIuDQoNCjEuIElmIEF1dG9BY2NvdW50aW5nIGRlcGVuZHMgb24gdHJhbnNhY3Rpb24gdHlwZSwgUmVjZWl2YWJsZXMgdXNlcyB0aGUgZ2VuZXJhbCBsZWRnZXIgYWNjb3VudHMgdGhhdCB5b3UgZW50ZXIgaGVyZSwgYWxvbmcgd2l0aCB5b3VyIEF1dG9BY2NvdW50aW5nIHJ1bGVzLCB0byBkZXRlcm1pbmUgdGhlIGRlZmF1bHQgcmV2ZW51ZSwgcmVjZWl2YWJsZSwgZnJlaWdodCwgdGF4LCB1bmVhcm5lZCByZXZlbnVlLCB1bmJpbGxlZCByZWNlaXZhYmxlLCBmaW5hbmNlIGNoYXJnZXMsIGFuZCBBdXRvSW52b2ljZSBjbGVhcmluZyBhY2NvdW50cyBmb3IgdHJhbnNhY3Rpb25zIHlvdSBjcmVhdGUgdXNpbmcgdGhpcyB0eXBlLg0KDQoyLiBGb3IgYmlsbHMgcmVjZWl2YWJsZSwgdGhlIGFjY291bnRzIHRoYXQgeW91IGVudGVyIGhlcmUgZGV0ZXJtaW5lIHRoZSBiaWxscyByZWNlaXZhYmxlLCB1bnBhaWQgYmlsbHMgcmVjZWl2YWJsZSwgcmVtaXR0ZWQgYmlsbHMgcmVjZWl2YWJsZSwgYW5kIGZhY3RvcmVkIGJpbGxzIHJlY2VpdmFibGUgYWNjb3VudHMgZm9yIGEgYmlsbCByZWNlaXZhYmxlLg==', '', 0, 0, 0, '', 'inoerp', '0000-00-00 00:00:00', 'inoerp', '0000-00-00 00:00:00'),
(36, NULL, 'sdsa', '<p>file_id_valuesfile_id_valuesfile_id_valuesfile_id_values</p>', NULL, 1, NULL, NULL, NULL, 'inoerp', '0000-00-00 00:00:00', 'inoerp', '0000-00-00 00:00:00'),
(37, NULL, 'safsafas', '<p style="margin: 0px 0px 1em; padding: 0px; border: 0px; font-size: 14px; vertical-align: baseline; background-color: #ffffff; clear: both; word-wrap: break-word; color: #000000; font-family: Arial, ''Liberation Sans'', ''DejaVu Sans'', sans-serif; font-style: normal; font-variant: normal; font-weight: normal; letter-spacing: normal; line-height: 18px; orphans: auto; text-align: left; text-indent: 0px; text-transform: none; white-space: normal; widows: auto; word-spacing: 0px; -webkit-text-stroke-width: 0px; background-position: initial initial; background-repeat: initial initial;">I reproduced this in Firefox 3.6.12 in Linux and 3.6.3 in MacOS. And, I have only Firebug extension installed so it should NOT be due to Firefox extension.</p>\r\n<p>&nbsp;</p>', NULL, NULL, NULL, NULL, NULL, 'inoerp', '0000-00-00 00:00:00', 'inoerp', '0000-00-00 00:00:00'),
(38, NULL, 'safsafas', '<p style="margin: 0px 0px 1em; padding: 0px; border: 0px; font-size: 14px; vertical-align: baseline; background-color: #ffffff; clear: both; word-wrap: break-word; color: #000000; font-family: Arial, ''Liberation Sans'', ''DejaVu Sans'', sans-serif; font-style: normal; font-variant: normal; font-weight: normal; letter-spacing: normal; line-height: 18px; orphans: auto; text-align: left; text-indent: 0px; text-transform: none; white-space: normal; widows: auto; word-spacing: 0px; -webkit-text-stroke-width: 0px; background-position: initial initial; background-repeat: initial initial;">I reproduced this in Firefox 3.6.12 in Linux and 3.6.3 in MacOS. And, I have only Firebug extension installed so it should NOT be due to Firefox extension.</p>\r\n<p>&nbsp;</p>', NULL, NULL, NULL, NULL, NULL, 'inoerp', '0000-00-00 00:00:00', 'inoerp', '0000-00-00 00:00:00'),
(39, NULL, 'safsafas', '<p style="margin: 0px 0px 1em; padding: 0px; border: 0px; font-size: 14px; vertical-align: baseline; background-color: #ffffff; clear: both; word-wrap: break-word; color: #000000; font-family: Arial, ''Liberation Sans'', ''DejaVu Sans'', sans-serif; font-style: normal; font-variant: normal; font-weight: normal; letter-spacing: normal; line-height: 18px; orphans: auto; text-align: left; text-indent: 0px; text-transform: none; white-space: normal; widows: auto; word-spacing: 0px; -webkit-text-stroke-width: 0px; background-position: initial initial; background-repeat: initial initial;">I reproduced this in Firefox 3.6.12 in Linux and 3.6.3 in MacOS. And, I have only Firebug extension installed so it should NOT be due to Firefox extension.</p>\r\n<p>&nbsp;</p>', NULL, NULL, NULL, NULL, NULL, 'inoerp', '0000-00-00 00:00:00', 'inoerp', '0000-00-00 00:00:00'),
(40, NULL, 'safsafas', '<p style="margin: 0px 0px 1em; padding: 0px; border: 0px; font-size: 14px; vertical-align: baseline; background-color: #ffffff; clear: both; word-wrap: break-word; color: #000000; font-family: Arial, ''Liberation Sans'', ''DejaVu Sans'', sans-serif; font-style: normal; font-variant: normal; font-weight: normal; letter-spacing: normal; line-height: 18px; orphans: auto; text-align: left; text-indent: 0px; text-transform: none; white-space: normal; widows: auto; word-spacing: 0px; -webkit-text-stroke-width: 0px; background-position: initial initial; background-repeat: initial initial;">I reproduced this in Firefox 3.6.12 in Linux and 3.6.3 in MacOS. And, I have only Firebug extension installed so it should NOT be due to Firefox extension.</p>\r\n<p>&nbsp;</p>', NULL, NULL, NULL, NULL, NULL, 'inoerp', '0000-00-00 00:00:00', 'inoerp', '0000-00-00 00:00:00'),
(41, NULL, 'safsafas', '<p style="margin: 0px 0px 1em; padding: 0px; border: 0px; font-size: 14px; vertical-align: baseline; background-color: #ffffff; clear: both; word-wrap: break-word; color: #000000; font-family: Arial, ''Liberation Sans'', ''DejaVu Sans'', sans-serif; font-style: normal; font-variant: normal; font-weight: normal; letter-spacing: normal; line-height: 18px; orphans: auto; text-align: left; text-indent: 0px; text-transform: none; white-space: normal; widows: auto; word-spacing: 0px; -webkit-text-stroke-width: 0px; background-position: initial initial; background-repeat: initial initial;">I reproduced this in Firefox 3.6.12 in Linux and 3.6.3 in MacOS. And, I have only Firebug extension installed so it should NOT be due to Firefox extension.</p>\r\n<p>&nbsp;</p>', NULL, NULL, NULL, NULL, NULL, 'inoerp', '0000-00-00 00:00:00', 'inoerp', '0000-00-00 00:00:00'),
(42, NULL, 'safsafas', '<p style="margin: 0px 0px 1em; padding: 0px; border: 0px; font-size: 14px; vertical-align: baseline; background-color: #ffffff; clear: both; word-wrap: break-word; color: #000000; font-family: Arial, ''Liberation Sans'', ''DejaVu Sans'', sans-serif; font-style: normal; font-variant: normal; font-weight: normal; letter-spacing: normal; line-height: 18px; orphans: auto; text-align: left; text-indent: 0px; text-transform: none; white-space: normal; widows: auto; word-spacing: 0px; -webkit-text-stroke-width: 0px; background-position: initial initial; background-repeat: initial initial;">I reproduced this in Firefox 3.6.12 in Linux and 3.6.3 in MacOS. And, I have only Firebug extension installed so it should NOT be due to Firefox extension.</p>\r\n<p>&nbsp;</p>', NULL, NULL, NULL, NULL, NULL, 'inoerp', '0000-00-00 00:00:00', 'inoerp', '0000-00-00 00:00:00'),
(43, NULL, 'safsafas', '<p style="margin: 0px 0px 1em; padding: 0px; border: 0px; font-size: 14px; vertical-align: baseline; background-color: #ffffff; clear: both; word-wrap: break-word; color: #000000; font-family: Arial, ''Liberation Sans'', ''DejaVu Sans'', sans-serif; font-style: normal; font-variant: normal; font-weight: normal; letter-spacing: normal; line-height: 18px; orphans: auto; text-align: left; text-indent: 0px; text-transform: none; white-space: normal; widows: auto; word-spacing: 0px; -webkit-text-stroke-width: 0px; background-position: initial initial; background-repeat: initial initial;">I reproduced this in Firefox 3.6.12 in Linux and 3.6.3 in MacOS. And, I have only Firebug extension installed so it should NOT be due to Firefox extension.</p>\r\n<p>&nbsp;</p>', NULL, NULL, NULL, NULL, NULL, 'inoerp', '0000-00-00 00:00:00', 'inoerp', '0000-00-00 00:00:00'),
(44, NULL, 'ewrewrw', '<table class="commsTable" style="width: 630px; padding: 0px; margin: 10px 0px; border: 1px solid #6699cc; border-collapse: collapse; color: #000000; font-family: tahoma, geneva, arial, verdana, helvetica, sans-serif; font-size: 12px; font-style: normal; font-variant: normal; font-weight: normal; letter-spacing: normal; line-height: normal; orphans: auto; text-align: start; text-indent: 0px; text-transform: none; white-space: normal; widows: auto; word-spacing: 0px; -webkit-text-stroke-width: 0px;">\r\n<tbody>\r\n<tr style="text-align: left; vertical-align: top;">\r\n<td style="padding: 1px 5px; font-family: arial, verdana, helvetica, sans-serif; font-size: 13px; font-weight: normal; text-decoration: none;" colspan="2">\r\n<p class="commsText" style="color: #000000; font-family: arial, verdana, helvetica, sans-serif; font-size: 13px; font-weight: normal; text-decoration: none; margin: 0px; padding: 2px 0px;">House_of_stone: "Both these two have an opportunity to get big scores now with 25 overs to go, Chigumbura is in good form while Williams if he doesn''t go cheaply can get some good runs, we need to show some back bone."</p>\r\n</td>\r\n</tr>\r\n<tr style="text-align: left; vertical-align: top;">\r\n<td style="padding: 1px 5px; font-family: arial, verdana, helvetica, sans-serif; font-size: 13px; font-weight: normal; text-decoration: none;" align="right" width="30">&nbsp;</td>\r\n</tr>\r\n</tbody>\r\n</table>\r\n<p>&nbsp;</p>', NULL, NULL, NULL, NULL, NULL, 'inoerp', '0000-00-00 00:00:00', 'inoerp', '0000-00-00 00:00:00'),
(45, 0, 'TEST01', '<p><strong style="color: #000000; font-family: arial, verdana, helvetica, sans-serif; font-size: 13px; font-style: normal; font-variant: normal; letter-spacing: normal; line-height: normal; orphans: auto; text-align: left; text-indent: 0px; text-transform: none; white-space: normal; widows: auto; word-spacing: 0px; -webkit-text-stroke-width: 0px;">11.55 am</strong><span style="color: #000000; font-family: arial, verdana, helvetica, sans-serif; font-size: 13px; font-style: normal; font-variant: normal; font-weight: normal; letter-spacing: normal; line-height: normal; orphans: auto; text-align: left; text-indent: 0px; text-transform: none; white-space: normal; widows: auto; word-spacing: 0px; -webkit-text-stroke-width: 0px; display: inline !important; float: none;"><span class="Apple-converted-space">&nbsp;</span>Zimbabwe have been shot out in 39.5 overs, another woeful batting performance and another total that is unlikely to stretch this Indian batting line-up.</span></p>', '', 0, 0, 0, '', 'inoerp', '0000-00-00 00:00:00', 'inoerp', '0000-00-00 00:00:00'),
(46, 0, 'test01', '<p><strong style="color: #000000; font-family: arial, verdana, helvetica, sans-serif; font-size: 13px; font-style: normal; font-variant: normal; letter-spacing: normal; line-height: normal; orphans: auto; text-align: left; text-indent: 0px; text-transform: none; white-space: normal; widows: auto; word-spacing: 0px; -webkit-text-stroke-width: 0px;">11.55 am</strong><span style="color: #000000; font-family: arial, verdana, helvetica, sans-serif; font-size: 13px; font-style: normal; font-variant: normal; font-weight: normal; letter-spacing: normal; line-height: normal; orphans: auto; text-align: left; text-indent: 0px; text-transform: none; white-space: normal; widows: auto; word-spacing: 0px; -webkit-text-stroke-width: 0px; display: inline !important; float: none;"><span class="Apple-converted-space">&nbsp;</span>Zimbabwe have been shot out in 39.5 overs, another woeful batting performance and another total that is unlikely to stretch this Indian batting line-up.</span></p>', '', 0, 0, 0, '', 'inoerp', '0000-00-00 00:00:00', 'inoerp', '0000-00-00 00:00:00'),
(47, NULL, 'qwerwqer', '<p><span style="color: #000000; font-family: arial, verdana, helvetica, sans-serif; font-size: 13px; font-style: normal; font-variant: normal; font-weight: normal; letter-spacing: normal; line-height: normal; orphans: auto; text-align: left; text-indent: 0px; text-transform: none; white-space: normal; widows: auto; word-spacing: 0px; -webkit-text-stroke-width: 0px; display: inline !important; float: none;">Zimbabwe have been shot out in 39.5 overs, another woeful batting performance and another total that is unlikely to stretch this Indian batting line-up.</span></p>', NULL, NULL, NULL, NULL, NULL, 'inoerp', '0000-00-00 00:00:00', 'inoerp', '0000-00-00 00:00:00'),
(48, NULL, 'test', '<p><span style="color: #000000; font-family: arial, verdana, helvetica, sans-serif; font-size: 13px; font-style: normal; font-variant: normal; font-weight: normal; letter-spacing: normal; line-height: normal; orphans: auto; text-align: left; text-indent: 0px; text-transform: none; white-space: normal; widows: auto; word-spacing: 0px; -webkit-text-stroke-width: 0px; display: inline !important; float: none;">Zimbabwe have been shot out in 39.5 overs, another woeful batting performance and another total that is unlikely to stretch this Indian batting line-up.</span></p>', NULL, NULL, NULL, NULL, NULL, 'inoerp', '0000-00-00 00:00:00', 'inoerp', '0000-00-00 00:00:00'),
(49, NULL, 'utry', '<p><span style="color: #000000; font-family: arial, verdana, helvetica, sans-serif; font-size: 13px; font-style: normal; font-variant: normal; font-weight: normal; letter-spacing: normal; line-height: normal; orphans: auto; text-align: left; text-indent: 0px; text-transform: none; white-space: normal; widows: auto; word-spacing: 0px; -webkit-text-stroke-width: 0px; display: inline !important; float: none;">"Sad to see Pujara go. 9 out of 10 times he would have kept that ball out. We all know he can do better than he''s shown in the past two innings. Hopefully they keep him in the squad."</span></p>', NULL, NULL, NULL, NULL, NULL, 'inoerp', '0000-00-00 00:00:00', 'inoerp', '0000-00-00 00:00:00'),
(50, NULL, '$records', '<p>$records</p>', NULL, NULL, NULL, NULL, NULL, 'inoerp', '0000-00-00 00:00:00', 'inoerp', '0000-00-00 00:00:00'),
(51, NULL, 'asdas', '<p class="commsText" style="color: #000000; font-family: arial, verdana, helvetica, sans-serif; font-size: 13px; font-weight: normal; text-decoration: none; margin: 0px; padding: 2px 0px; font-style: normal; font-variant: normal; letter-spacing: normal; line-height: normal; orphans: auto; text-align: left; text-indent: 0px; text-transform: none; white-space: normal; widows: auto; word-spacing: 0px; -webkit-text-stroke-width: 0px;"><strong>12.35 pm</strong><span class="Apple-converted-space">&nbsp;</span>The players have gone off the field for lunch with India in a strong position to chase down Zimbabwe''s 163 in quick time. They have sped to 43 in six overs but are lucky to still have Dhawan batting. He was dropped in the final over before the break.</p>\r\n<p>&nbsp;</p>', NULL, NULL, NULL, NULL, NULL, 'inoerp', '0000-00-00 00:00:00', 'inoerp', '0000-00-00 00:00:00'),
(52, NULL, 'test01', '<p><span style="color: #000000; font-family: Arial, ''Liberation Sans'', ''DejaVu Sans'', sans-serif; font-size: 14px; font-style: normal; font-variant: normal; font-weight: normal; letter-spacing: normal; line-height: 18px; orphans: auto; text-align: left; text-indent: 0px; text-transform: none; white-space: normal; widows: auto; word-spacing: 0px; -webkit-text-stroke-width: 0px; background-color: #ffffff; display: inline !important; float: none;">If you are dealing with extra spaces within a string consider a preg_replace of multiple whitespaces " "* with a single whitespace</span></p>', NULL, NULL, NULL, NULL, NULL, 'inoerp', '0000-00-00 00:00:00', 'inoerp', '0000-00-00 00:00:00'),
(53, 0, 'test', '<p><span style="color: #000000; font-family: Consolas, Menlo, Monaco, ''Lucida Console'', ''Liberation Mono'', ''DejaVu Sans Mono'', ''Bitstream Vera Sans Mono'', ''Courier New'', monospace, serif; font-size: 14px; font-style: normal; font-variant: normal; font-weight: normal; letter-spacing: normal; line-height: 18px; orphans: auto; text-align: left; text-indent: 0px; text-transform: none; white-space: normal; widows: auto; word-spacing: 0px; -webkit-text-stroke-width: 0px; background-color: #eeeeee; display: inline !important; float: none;">application/pdf</span></p>', '', 0, 0, 0, '', 'inoerp', '0000-00-00 00:00:00', 'inoerp', '0000-00-00 00:00:00');
INSERT INTO `page` (`page_id`, `parent_id`, `subject`, `content`, `terms`, `published_cb`, `weightage`, `rev_enabled_cb`, `rev_number`, `created_by`, `creation_date`, `last_update_by`, `last_update_date`) VALUES
(54, NULL, NULL, '<ul class="line">\r\n<li class="comment">hroughout the purchasing process you are able to:  Route transactions according to your approval structure. Approval authorization limits are defined by amount, charge account, item category, and location. For documents that require your approval, you can review and approve transactions on-line. Also, you can see the full transaction detail and review the action history before you approve a transaction.</li>\r\n</ul>\r\n<ul class="header">\r\n<li class="subject"></li>\r\n<li class="comment_by"></li>\r\n<li class="created_by">inoerp</li>\r\n</ul>\r\n<ul class="line">\r\n<li class="comment"></li>\r\n</ul>\r\n<ul class="header">\r\n<li class="subject"></li>\r\n<li class="comment_by"></li>\r\n<li class="created_by">inoerp</li>\r\n</ul>\r\n<ul class="line">\r\n<li class="comment"></li>\r\n</ul>\r\n<ul class="header">\r\n<li class="subject">asdas</li>\r\n<li class="comment_by"></li>\r\n<li class="created_by">inoerp</li>\r\n</ul>\r\n<ul class="line">\r\n<li class="comment">\r\n<ul class="line">\r\n<li class="comment">hroughout the purchasing process you are able to:  Route transactions according to your approval structure. Approval authorization limits are defined by amount, charge account, item category, and location. For documents that require your approval, you can review and approve transactions on-line. Also, you can see the full transaction detail and review the action history before you approve a transaction.</li>\r\n<li class="comment">hroughout the purchasing process you are able to:  Route transactions according to your approval structure. Approval authorization limits are defined by amount, charge account, item category, and location. For documents that require your approval, you can review and approve transactions on-line. Also, you can see the full transaction detail and review the action history before you approve a transaction.</li>\r\n<li class="comment">hroughout the purchasing process you are able to:  Route transactions according to your approval structure. Approval authorization limits are defined by amount, charge account, item category, and location. For documents that require your approval, you can review and approve transactions on-line. Also, you can see the full transaction detail and review the action history before you approve a transaction.</li>\r\n</ul>\r\n</li>\r\n</ul>', NULL, NULL, NULL, NULL, NULL, 'inoerp', '0000-00-00 00:00:00', 'inoerp', '0000-00-00 00:00:00'),
(61, NULL, 'WMS', '<div style="color: #000000; font-family: Arial, Helvetica, sans-serif; font-size: 12px; font-style: normal; font-variant: normal; font-weight: normal; letter-spacing: normal; line-height: 18px; orphans: auto; text-align: start; text-indent: 0px; text-transform: none; white-space: normal; widows: auto; word-spacing: 0px; -webkit-text-stroke-width: 0px; background-color: #ffffff;"><span style="font-size: 24pt; color: #4e84c4;"><strong>Warehouse Activities</strong></span></div>\r\n<p><strong style="color: #000000; font-family: Arial, Helvetica, sans-serif; font-size: 12px; font-style: normal; font-variant: normal; letter-spacing: normal; line-height: 18px; orphans: auto; text-align: start; text-indent: 0px; text-transform: none; white-space: normal; widows: auto; word-spacing: 0px; -webkit-text-stroke-width: 0px; background-color: #ffffff;"><br />Receiving:</strong><span style="color: #000000; font-family: Arial, Helvetica, sans-serif; font-size: 12px; font-style: normal; font-variant: normal; font-weight: normal; letter-spacing: normal; line-height: 18px; orphans: auto; text-align: start; text-indent: 0px; text-transform: none; white-space: normal; widows: auto; word-spacing: 0px; -webkit-text-stroke-width: 0px; background-color: #ffffff; display: inline !important; float: none;"><span class="Apple-converted-space">&nbsp;</span>Receive Materials and finished goods</span><br style="color: #000000; font-family: Arial, Helvetica, sans-serif; font-size: 12px; font-style: normal; font-variant: normal; font-weight: normal; letter-spacing: normal; line-height: 18px; orphans: auto; text-align: start; text-indent: 0px; text-transform: none; white-space: normal; widows: auto; word-spacing: 0px; -webkit-text-stroke-width: 0px; background-color: #ffffff;" /><strong style="color: #000000; font-family: Arial, Helvetica, sans-serif; font-size: 12px; font-style: normal; font-variant: normal; letter-spacing: normal; line-height: 18px; orphans: auto; text-align: start; text-indent: 0px; text-transform: none; white-space: normal; widows: auto; word-spacing: 0px; -webkit-text-stroke-width: 0px; background-color: #ffffff;">Put away:</strong><span style="color: #000000; font-family: Arial, Helvetica, sans-serif; font-size: 12px; font-style: normal; font-variant: normal; font-weight: normal; letter-spacing: normal; line-height: 18px; orphans: auto; text-align: start; text-indent: 0px; text-transform: none; white-space: normal; widows: auto; word-spacing: 0px; -webkit-text-stroke-width: 0px; background-color: #ffffff; display: inline !important; float: none;"><span class="Apple-converted-space">&nbsp;</span>Put away materials and finished goods you receive</span><br style="color: #000000; font-family: Arial, Helvetica, sans-serif; font-size: 12px; font-style: normal; font-variant: normal; font-weight: normal; letter-spacing: normal; line-height: 18px; orphans: auto; text-align: start; text-indent: 0px; text-transform: none; white-space: normal; widows: auto; word-spacing: 0px; -webkit-text-stroke-width: 0px; background-color: #ffffff;" /><strong style="color: #000000; font-family: Arial, Helvetica, sans-serif; font-size: 12px; font-style: normal; font-variant: normal; letter-spacing: normal; line-height: 18px; orphans: auto; text-align: start; text-indent: 0px; text-transform: none; white-space: normal; widows: auto; word-spacing: 0px; -webkit-text-stroke-width: 0px; background-color: #ffffff;">Storage:</strong><span style="color: #000000; font-family: Arial, Helvetica, sans-serif; font-size: 12px; font-style: normal; font-variant: normal; font-weight: normal; letter-spacing: normal; line-height: 18px; orphans: auto; text-align: start; text-indent: 0px; text-transform: none; white-space: normal; widows: auto; word-spacing: 0px; -webkit-text-stroke-width: 0px; background-color: #ffffff; display: inline !important; float: none;"><span class="Apple-converted-space">&nbsp;</span>Store Items within the warehouse</span><br style="color: #000000; font-family: Arial, Helvetica, sans-serif; font-size: 12px; font-style: normal; font-variant: normal; font-weight: normal; letter-spacing: normal; line-height: 18px; orphans: auto; text-align: start; text-indent: 0px; text-transform: none; white-space: normal; widows: auto; word-spacing: 0px; -webkit-text-stroke-width: 0px; background-color: #ffffff;" /><strong style="color: #000000; font-family: Arial, Helvetica, sans-serif; font-size: 12px; font-style: normal; font-variant: normal; letter-spacing: normal; line-height: 18px; orphans: auto; text-align: start; text-indent: 0px; text-transform: none; white-space: normal; widows: auto; word-spacing: 0px; -webkit-text-stroke-width: 0px; background-color: #ffffff;">Picking:</strong><span style="color: #000000; font-family: Arial, Helvetica, sans-serif; font-size: 12px; font-style: normal; font-variant: normal; font-weight: normal; letter-spacing: normal; line-height: 18px; orphans: auto; text-align: start; text-indent: 0px; text-transform: none; white-space: normal; widows: auto; word-spacing: 0px; -webkit-text-stroke-width: 0px; background-color: #ffffff; display: inline !important; float: none;"><span class="Apple-converted-space">&nbsp;</span>Pick orders for manufacturing and shipping</span><br style="color: #000000; font-family: Arial, Helvetica, sans-serif; font-size: 12px; font-style: normal; font-variant: normal; font-weight: normal; letter-spacing: normal; line-height: 18px; orphans: auto; text-align: start; text-indent: 0px; text-transform: none; white-space: normal; widows: auto; word-spacing: 0px; -webkit-text-stroke-width: 0px; background-color: #ffffff;" /><strong style="color: #000000; font-family: Arial, Helvetica, sans-serif; font-size: 12px; font-style: normal; font-variant: normal; letter-spacing: normal; line-height: 18px; orphans: auto; text-align: start; text-indent: 0px; text-transform: none; white-space: normal; widows: auto; word-spacing: 0px; -webkit-text-stroke-width: 0px; background-color: #ffffff;">Packing:</strong><span style="color: #000000; font-family: Arial, Helvetica, sans-serif; font-size: 12px; font-style: normal; font-variant: normal; font-weight: normal; letter-spacing: normal; line-height: 18px; orphans: auto; text-align: start; text-indent: 0px; text-transform: none; white-space: normal; widows: auto; word-spacing: 0px; -webkit-text-stroke-width: 0px; background-color: #ffffff; display: inline !important; float: none;"><span class="Apple-converted-space">&nbsp;</span>Pack orders for shipping</span><br style="color: #000000; font-family: Arial, Helvetica, sans-serif; font-size: 12px; font-style: normal; font-variant: normal; font-weight: normal; letter-spacing: normal; line-height: 18px; orphans: auto; text-align: start; text-indent: 0px; text-transform: none; white-space: normal; widows: auto; word-spacing: 0px; -webkit-text-stroke-width: 0px; background-color: #ffffff;" /><strong style="color: #000000; font-family: Arial, Helvetica, sans-serif; font-size: 12px; font-style: normal; font-variant: normal; letter-spacing: normal; line-height: 18px; orphans: auto; text-align: start; text-indent: 0px; text-transform: none; white-space: normal; widows: auto; word-spacing: 0px; -webkit-text-stroke-width: 0px; background-color: #ffffff;">Shipping:</strong><span style="color: #000000; font-family: Arial, Helvetica, sans-serif; font-size: 12px; font-style: normal; font-variant: normal; font-weight: normal; letter-spacing: normal; line-height: 18px; orphans: auto; text-align: start; text-indent: 0px; text-transform: none; white-space: normal; widows: auto; word-spacing: 0px; -webkit-text-stroke-width: 0px; background-color: #ffffff; display: inline !important; float: none;"><span class="Apple-converted-space">&nbsp;</span>Ship order to customers<span class="Apple-converted-space">&nbsp;</span></span><br style="color: #000000; font-family: Arial, Helvetica, sans-serif; font-size: 12px; font-style: normal; font-variant: normal; font-weight: normal; letter-spacing: normal; line-height: 18px; orphans: auto; text-align: start; text-indent: 0px; text-transform: none; white-space: normal; widows: auto; word-spacing: 0px; -webkit-text-stroke-width: 0px; background-color: #ffffff;" /><strong style="color: #000000; font-family: Arial, Helvetica, sans-serif; font-size: 12px; font-style: normal; font-variant: normal; letter-spacing: normal; line-height: 18px; orphans: auto; text-align: start; text-indent: 0px; text-transform: none; white-space: normal; widows: auto; word-spacing: 0px; -webkit-text-stroke-width: 0px; background-color: #ffffff;">Value Added Services</strong><span style="color: #000000; font-family: Arial, Helvetica, sans-serif; font-size: 12px; font-style: normal; font-variant: normal; font-weight: normal; letter-spacing: normal; line-height: 18px; orphans: auto; text-align: start; text-indent: 0px; text-transform: none; white-space: normal; widows: auto; word-spacing: 0px; -webkit-text-stroke-width: 0px; background-color: #ffffff; display: inline !important; float: none;">: Printing</span><span style="font-family: Arial, Helvetica, sans-serif; font-style: normal; font-variant: normal; font-weight: normal; letter-spacing: normal; orphans: auto; text-align: start; text-indent: 0px; text-transform: none; white-space: normal; widows: auto; word-spacing: 0px; -webkit-text-stroke-width: 0px; background-color: #ffffff; font-size: 24pt; color: #4e84c4;"><strong><br />Comparison of the modules</strong></span><br style="color: #000000; font-family: Arial, Helvetica, sans-serif; font-size: 12px; font-style: normal; font-variant: normal; font-weight: normal; letter-spacing: normal; line-height: 18px; orphans: auto; text-align: start; text-indent: 0px; text-transform: none; white-space: normal; widows: auto; word-spacing: 0px; -webkit-text-stroke-width: 0px; background-color: #ffffff;" /><br style="color: #000000; font-family: Arial, Helvetica, sans-serif; font-size: 12px; font-style: normal; font-variant: normal; font-weight: normal; letter-spacing: normal; line-height: 18px; orphans: auto; text-align: start; text-indent: 0px; text-transform: none; white-space: normal; widows: auto; word-spacing: 0px; -webkit-text-stroke-width: 0px; background-color: #ffffff;" /><span style="color: #000000; font-family: Arial, Helvetica, sans-serif; font-size: 12px; font-style: normal; font-variant: normal; font-weight: normal; letter-spacing: normal; line-height: 18px; orphans: auto; text-align: start; text-indent: 0px; text-transform: none; white-space: normal; widows: auto; word-spacing: 0px; -webkit-text-stroke-width: 0px; background-color: #ffffff; display: inline !important; float: none;">In comparison to Inventory, WMS provides the following advantages<span class="Apple-converted-space">&nbsp;</span></span><br style="color: #000000; font-family: Arial, Helvetica, sans-serif; font-size: 12px; font-style: normal; font-variant: normal; font-weight: normal; letter-spacing: normal; line-height: 18px; orphans: auto; text-align: start; text-indent: 0px; text-transform: none; white-space: normal; widows: auto; word-spacing: 0px; -webkit-text-stroke-width: 0px; background-color: #ffffff;" /><span style="color: #000000; font-family: Arial, Helvetica, sans-serif; font-size: 12px; font-style: normal; font-variant: normal; font-weight: normal; letter-spacing: normal; line-height: 18px; orphans: auto; text-align: start; text-indent: 0px; text-transform: none; white-space: normal; widows: auto; word-spacing: 0px; -webkit-text-stroke-width: 0px; background-color: #ffffff; display: inline !important; float: none;">1.1 Rules - Operation Plan, Putaway, Cost Group, Task Type,&nbsp; Picking and Label Printing</span><br style="color: #000000; font-family: Arial, Helvetica, sans-serif; font-size: 12px; font-style: normal; font-variant: normal; font-weight: normal; letter-spacing: normal; line-height: 18px; orphans: auto; text-align: start; text-indent: 0px; text-transform: none; white-space: normal; widows: auto; word-spacing: 0px; -webkit-text-stroke-width: 0px; background-color: #ffffff;" /><span style="color: #000000; font-family: Arial, Helvetica, sans-serif; font-size: 12px; font-style: normal; font-variant: normal; font-weight: normal; letter-spacing: normal; line-height: 18px; orphans: auto; text-align: start; text-indent: 0px; text-transform: none; white-space: normal; widows: auto; word-spacing: 0px; -webkit-text-stroke-width: 0px; background-color: #ffffff; display: inline !important; float: none;">1.2 Material Management-LPNs<span class="Apple-converted-space">&nbsp;</span></span><br style="color: #000000; font-family: Arial, Helvetica, sans-serif; font-size: 12px; font-style: normal; font-variant: normal; font-weight: normal; letter-spacing: normal; line-height: 18px; orphans: auto; text-align: start; text-indent: 0px; text-transform: none; white-space: normal; widows: auto; word-spacing: 0px; -webkit-text-stroke-width: 0px; background-color: #ffffff;" /><span style="color: #000000; font-family: Arial, Helvetica, sans-serif; font-size: 12px; font-style: normal; font-variant: normal; font-weight: normal; letter-spacing: normal; line-height: 18px; orphans: auto; text-align: start; text-indent: 0px; text-transform: none; white-space: normal; widows: auto; word-spacing: 0px; -webkit-text-stroke-width: 0px; background-color: #ffffff; display: inline !important; float: none;">1.3 Task Management<span class="Apple-converted-space">&nbsp;</span></span><br style="color: #000000; font-family: Arial, Helvetica, sans-serif; font-size: 12px; font-style: normal; font-variant: normal; font-weight: normal; letter-spacing: normal; line-height: 18px; orphans: auto; text-align: start; text-indent: 0px; text-transform: none; white-space: normal; widows: auto; word-spacing: 0px; -webkit-text-stroke-width: 0px; background-color: #ffffff;" /><span style="color: #000000; font-family: Arial, Helvetica, sans-serif; font-size: 12px; font-style: normal; font-variant: normal; font-weight: normal; letter-spacing: normal; line-height: 18px; orphans: auto; text-align: start; text-indent: 0px; text-transform: none; white-space: normal; widows: auto; word-spacing: 0px; -webkit-text-stroke-width: 0px; background-color: #ffffff; display: inline !important; float: none;">1.4 Labor Management</span><br style="color: #000000; font-family: Arial, Helvetica, sans-serif; font-size: 12px; font-style: normal; font-variant: normal; font-weight: normal; letter-spacing: normal; line-height: 18px; orphans: auto; text-align: start; text-indent: 0px; text-transform: none; white-space: normal; widows: auto; word-spacing: 0px; -webkit-text-stroke-width: 0px; background-color: #ffffff;" /><br style="color: #000000; font-family: Arial, Helvetica, sans-serif; font-size: 12px; font-style: normal; font-variant: normal; font-weight: normal; letter-spacing: normal; line-height: 18px; orphans: auto; text-align: start; text-indent: 0px; text-transform: none; white-space: normal; widows: auto; word-spacing: 0px; -webkit-text-stroke-width: 0px; background-color: #ffffff;" /><span style="color: #000000; font-family: Arial, Helvetica, sans-serif; font-size: 12px; font-style: normal; font-variant: normal; font-weight: normal; letter-spacing: normal; line-height: 18px; orphans: auto; text-align: start; text-indent: 0px; text-transform: none; white-space: normal; widows: auto; word-spacing: 0px; -webkit-text-stroke-width: 0px; background-color: #ffffff; display: inline !important; float: none;">2.1 In bound logic</span><br style="color: #000000; font-family: Arial, Helvetica, sans-serif; font-size: 12px; font-style: normal; font-variant: normal; font-weight: normal; letter-spacing: normal; line-height: 18px; orphans: auto; text-align: start; text-indent: 0px; text-transform: none; white-space: normal; widows: auto; word-spacing: 0px; -webkit-text-stroke-width: 0px; background-color: #ffffff;" /><span style="color: #000000; font-family: Arial, Helvetica, sans-serif; font-size: 12px; font-style: normal; font-variant: normal; font-weight: normal; letter-spacing: normal; line-height: 18px; orphans: auto; text-align: start; text-indent: 0px; text-transform: none; white-space: normal; widows: auto; word-spacing: 0px; -webkit-text-stroke-width: 0px; background-color: #ffffff; display: inline !important; float: none;">2.2 Out bound Logic</span><br style="color: #000000; font-family: Arial, Helvetica, sans-serif; font-size: 12px; font-style: normal; font-variant: normal; font-weight: normal; letter-spacing: normal; line-height: 18px; orphans: auto; text-align: start; text-indent: 0px; text-transform: none; white-space: normal; widows: auto; word-spacing: 0px; -webkit-text-stroke-width: 0px; background-color: #ffffff;" /><span style="color: #000000; font-family: Arial, Helvetica, sans-serif; font-size: 12px; font-style: normal; font-variant: normal; font-weight: normal; letter-spacing: normal; line-height: 18px; orphans: auto; text-align: start; text-indent: 0px; text-transform: none; white-space: normal; widows: auto; word-spacing: 0px; -webkit-text-stroke-width: 0px; background-color: #ffffff; display: inline !important; float: none;">2.3 Cross docking</span><br style="color: #000000; font-family: Arial, Helvetica, sans-serif; font-size: 12px; font-style: normal; font-variant: normal; font-weight: normal; letter-spacing: normal; line-height: 18px; orphans: auto; text-align: start; text-indent: 0px; text-transform: none; white-space: normal; widows: auto; word-spacing: 0px; -webkit-text-stroke-width: 0px; background-color: #ffffff;" /><span style="color: #000000; font-family: Arial, Helvetica, sans-serif; font-size: 12px; font-style: normal; font-variant: normal; font-weight: normal; letter-spacing: normal; line-height: 18px; orphans: auto; text-align: start; text-indent: 0px; text-transform: none; white-space: normal; widows: auto; word-spacing: 0px; -webkit-text-stroke-width: 0px; background-color: #ffffff; display: inline !important; float: none;">2.4 Cartonization, Consolidation, and Packing</span><br style="color: #000000; font-family: Arial, Helvetica, sans-serif; font-size: 12px; font-style: normal; font-variant: normal; font-weight: normal; letter-spacing: normal; line-height: 18px; orphans: auto; text-align: start; text-indent: 0px; text-transform: none; white-space: normal; widows: auto; word-spacing: 0px; -webkit-text-stroke-width: 0px; background-color: #ffffff;" /><span style="color: #000000; font-family: Arial, Helvetica, sans-serif; font-size: 12px; font-style: normal; font-variant: normal; font-weight: normal; letter-spacing: normal; line-height: 18px; orphans: auto; text-align: start; text-indent: 0px; text-transform: none; white-space: normal; widows: auto; word-spacing: 0px; -webkit-text-stroke-width: 0px; background-color: #ffffff; display: inline !important; float: none;">2.5 Shipping</span><br style="color: #000000; font-family: Arial, Helvetica, sans-serif; font-size: 12px; font-style: normal; font-variant: normal; font-weight: normal; letter-spacing: normal; line-height: 18px; orphans: auto; text-align: start; text-indent: 0px; text-transform: none; white-space: normal; widows: auto; word-spacing: 0px; -webkit-text-stroke-width: 0px; background-color: #ffffff;" /><br style="color: #000000; font-family: Arial, Helvetica, sans-serif; font-size: 12px; font-style: normal; font-variant: normal; font-weight: normal; letter-spacing: normal; line-height: 18px; orphans: auto; text-align: start; text-indent: 0px; text-transform: none; white-space: normal; widows: auto; word-spacing: 0px; -webkit-text-stroke-width: 0px; background-color: #ffffff;" /><span style="color: #000000; font-family: Arial, Helvetica, sans-serif; font-size: 12px; font-style: normal; font-variant: normal; font-weight: normal; letter-spacing: normal; line-height: 18px; orphans: auto; text-align: start; text-indent: 0px; text-transform: none; white-space: normal; widows: auto; word-spacing: 0px; -webkit-text-stroke-width: 0px; background-color: #ffffff; display: inline !important; float: none;">3.1. Cost Group</span><br style="color: #000000; font-family: Arial, Helvetica, sans-serif; font-size: 12px; font-style: normal; font-variant: normal; font-weight: normal; letter-spacing: normal; line-height: 18px; orphans: auto; text-align: start; text-indent: 0px; text-transform: none; white-space: normal; widows: auto; word-spacing: 0px; -webkit-text-stroke-width: 0px; background-color: #ffffff;" /><span style="color: #000000; font-family: Arial, Helvetica, sans-serif; font-size: 12px; font-style: normal; font-variant: normal; font-weight: normal; letter-spacing: normal; line-height: 18px; orphans: auto; text-align: start; text-indent: 0px; text-transform: none; white-space: normal; widows: auto; word-spacing: 0px; -webkit-text-stroke-width: 0px; background-color: #ffffff; display: inline !important; float: none;">3.2 Label Printing &amp; RFID</span></p>', NULL, NULL, NULL, NULL, NULL, 'inoerp', '0000-00-00 00:00:00', 'inoerp', '0000-00-00 00:00:00'),
(62, 0, 'test', 'PD9waHANCmdsb2JhbCAkZGI7DQokc3FsPSJTRUxFQ1QgKiBmcm9tIHBhZ2Ugb3JkZXIgYnkgY3JlYXRpb25fZGF0ZSBMSU1JVCAwLDEwICI7DQokcmVzdWx0ID0gJGRiLT5yZXN1bHRfYXJyYXkoJHNxbCk7DQplY2hvICc8dWwgY2xhc3M9InBhZ2VfbGlzdCI+JzsNCmZvcmVhY2goJHJlc3VsdCBhcyAkcmVjb3Jkcyl7DQokZGF0YSA9ICc8bGk+JzsNCiRkYXRhIC49ICc8YSBocmVmPSJleHRlbnNpb25zL3BhZ2UvcGFnZXMucGhwP3BhZ2VfaWQ9JzsNCiRkYXRhIC49ICRyZWNvcmRzWydwYWdlX2lkJ107DQokZGF0YSAuPSAnIj4nOw0KJGRhdGEgLj0gJHJlY29yZHNbJ3N1YmplY3QnXTsNCiRkYXRhIC49ICc8L2E+PC9saT4nOw0KZWNobyAkZGF0YSA7DQp9DQplY2hvICc8L3VsPic7ICAg', '', 0, 0, 0, '', 'inoerp', '0000-00-00 00:00:00', 'inoerp', '0000-00-00 00:00:00'),
(63, 0, 'here it goes', 'IFRoZSBQYXlhYmxlcyBjeWNsZSBjb25zaXN0cyBvZiB0aGUgZm9sbG93aW5nIGZvdXIgc3RlcHM6DQogICAxLiBFbnRlciBpbnZvaWNlcy4gKFRoaXMgcHJvY2VzcyBtYXkgb3IgbWF5IG5vdCBpbmNsdWRlIG1hdGNoaW5nIGVhY2ggaW52b2ljZSB0byBhIHB1cmNoYXNlIG9yZGVyLikNCiAgIDIuIEFwcHJvdmUgaW52b2ljZXMgZm9yIHBheW1lbnQuDQogICAzLiBTZWxlY3QgYW5kIHBheSBhcHByb3ZlZCBpbnZvaWNlcy4NCiAgIDQuIFJlY29uY2lsZSB0aGUgcGF5bWVudHMgd2l0aCB0aGUgYmFuayBzdGF0ZW1lbnQgKHBhcnQgb2YgT3JhY2xlIENhc2ggTWFuYWdlbWVudCkuDQoNClBheWFibGVzIFdvcmtiZW5jaGVzDQpQYXlhYmxlcyBpbmNsdWRlcyB0d28gZnVsbHkgaW50ZWdyYXRlZCB3b3JrYmVuY2hlcywgdGhlIEludm9pY2UgV29ya2JlbmNoIGFuZCB0aGUgUGF5bWVudCBNYW5hZ2VyLiBZb3UgY2FuIHBlcmZvcm0gbW9zdCBvZiB5b3VyIHRyYW5zYWN0aW9ucyBpbiBQYXlhYmxlcyB1c2luZyB0aGUgSW52b2ljZSBXb3JrYmVuY2ggb3IgdGhlIFBheW1lbnQgTWFuYWdlci4gWW91IGVudGVyLCBhZGp1c3QsIGFuZCByZXZpZXcgaW52b2ljZXMgYW5kIGludm9pY2UgYmF0Y2hlcyBpbiB0aGUgSW52b2ljZSBXb3JrYmVuY2guIFlvdSBjcmVhdGUsIGFkanVzdCwgYW5kIHJldmlldyBwYXltZW50cyBhbmQgcGF5bWVudCBiYXRjaGVzIGluIHRoZSBQYXltZW50cyBNYW5hZ2VyLg0KWW91IG1heSBiZSByZXN0cmljdGVkIGluIHRoZSB3aW5kb3dzLCBidXR0b25zLCBhbmQgYWN0aW9ucyB5b3UgY2FuIGFjY2VzcyBiYXNlZCBvbiB0aGUgRnVuY3Rpb24gU2VjdXJpdHkgaW1wbGVtZW50ZWQgYnkgeW91ciBTeXN0ZW0gQWRtaW5pc3RyYXRvci4gIA==', '', 0, 0, 0, '', 'inoerp', '2013-08-22 17:09:13', 'inoerp', '2013-08-22 17:09:13'),
(65, 0, '', '<?php \r\nglobal $db;\r\n$sql="SELECT content.content_id as content_id, content.subject as subject from content, c_forum  where c_forum.content_id=content.content_id order by content.creation_date desc LIMIT 0, 20";\r\n$result = $db->result_array($sql);\r\n\r\necho ''<ul class="forum_list">'';\r\nforeach($result as $records){\r\n$data = ''<li>'';\r\n$data .= ''<a href="'';\r\n$data .= HOME_URL;\r\n$data .= ''extensions/content/contents.php?content_id='';\r\n$data .= $records[''content_id''];\r\n$data .= ''&content_type=c_forum'';\r\n$data .= ''">'';\r\n$data .= $records[''subject''];\r\n$data .= ''</a></li>'';\r\necho $data ;\r\n}\r\necho ''</ul>'';', '', 0, 0, 0, '', 'inoerp', '2013-08-29 07:37:25', 'inoerp', '2013-08-29 07:37:25'),
(66, NULL, 'TEST01', 'TEST01 TEST01 TEST01\r\n\r\nTEST01 TEST01 TEST01\r\nTEST01 TEST01 TEST01', NULL, NULL, NULL, NULL, NULL, 'inoerp', '2013-08-30 17:10:30', 'inoerp', '2013-08-30 17:10:30'),
(67, NULL, 'TEST01', 'TEST01 TEST01 TEST01 TEST01 TEST01 TEST01\r\n TEST01 TEST01 TEST01 TEST01 TEST01 TEST01 TEST01 TEST01 TEST01 TEST01 TEST01 TEST01 TEST01 TEST01\r\n TEST01 TEST01 TEST01 TEST01 TEST01 TEST01 TEST01 TEST01\r\n\r\n TEST01 TEST01 TEST01 TEST01 TEST01 TEST01\r\n TEST01 TEST01 TEST01 TEST01 TEST01 TEST01 TEST01 TEST01\r\n\r\n\r\n\r\n TEST01 TEST01 TEST01 TEST01 TEST01 TEST01\r\n TEST01 TEST01 TEST01 TEST01 TEST01 TEST01 TEST01 TEST01', NULL, NULL, NULL, NULL, NULL, 'inoerp', '2013-09-17 19:58:51', 'inoerp', '2013-09-17 19:58:51'),
(68, 0, 'Late static bindings', 'Late static bindings tries to solve that limitation by introducing a keyword that references the class that was initially called at runtime. Basically, a keyword that would allow you to reference B from test() in the previous example. It was decided not to introduce a new keyword but rather use static that was already reserved.\r\n\r\nExample #2 static:: simple usage\r\n\r\nclass A {\r\n    public static function who() {\r\n        echo __CLASS__;\r\n    }\r\n    public static function test() {\r\n        static::who(); // Here comes Late Static Bindings\r\n    }\r\n}\r\n\r\nclass B extends A {\r\n    public static function who() {\r\n        echo __CLASS__;\r\n    }\r\n}', '', 0, 0, 0, '', 'inoerp', '2013-09-22 11:49:48', 'inoerp', '2013-09-22 11:49:48'),
(69, 0, 'Forms', '1. Single form only with header - Path\r\n    Single form with header and many tabs - Item\r\n\r\n2. Form with a header and one line - Supplier /Supplier Sites\r\n\r\n3. Form with a header and two different tables in line - Payment Term/Dicsount/Scheudle\r\n\r\n4. Form with a header and multiple lines - Inv Transaction\r\n\r\n5. Form with a header, multiple lines and detailed lines - Option, PO', '', 0, 0, 0, '', 'inoerp', '2013-10-30 01:24:48', 'inoerp', '2013-10-30 01:24:48');

-- --------------------------------------------------------

--
-- Table structure for table `path`
--

CREATE TABLE IF NOT EXISTS `path` (
  `path_id` int(12) NOT NULL AUTO_INCREMENT,
  `parent_id` int(12) DEFAULT '0',
  `name` varchar(256) NOT NULL DEFAULT 'none',
  `value` varchar(512) NOT NULL DEFAULT 'none',
  `description` varchar(512) DEFAULT NULL,
  `module` varchar(60) NOT NULL DEFAULT 'system',
  `id_column_name` varchar(256) DEFAULT NULL,
  `primary_cb` tinyint(1) DEFAULT '0',
  `created_by` varchar(100) DEFAULT NULL,
  `creation_date` timestamp NULL DEFAULT NULL,
  `last_update_by` varchar(100) DEFAULT NULL,
  `last_update_date` timestamp NULL DEFAULT NULL,
  `TBU` varchar(100) DEFAULT NULL,
  PRIMARY KEY (`path_id`),
  UNIQUE KEY `name` (`name`)
) ENGINE=MyISAM  DEFAULT CHARSET=latin1 AUTO_INCREMENT=134 ;

--
-- Dumping data for table `path`
--

INSERT INTO `path` (`path_id`, `parent_id`, `name`, `value`, `description`, `module`, `id_column_name`, `primary_cb`, `created_by`, `creation_date`, `last_update_by`, `last_update_date`, `TBU`) VALUES
(1, 0, 'Home', 'index.php', 'Home Page', '1', NULL, 1, 'inoerp', '2013-05-26 04:00:00', 'inoerp', '2022-07-13 04:00:00', NULL),
(27, 23, 'Address', 'modules/org/address/address.php', 'Address create , update & delete', '13', NULL, 0, 'inoerp', '2015-06-13 04:00:00', 'inoerp', '2015-06-13 04:00:00', NULL),
(6, 99, 'Supplier', 'modules/ap/supplier/supplier.php', 'Supplier List', '7', 'supplier_id', 1, 'inoerp', '2013-10-21 05:31:23', 'inoerp', '2013-10-21 05:31:23', NULL),
(14, 13, 'Registraion', 'extensions/user/user_registration.php', 'New user registration', '1', NULL, 0, 'inoerp', '2027-05-13 04:00:00', 'inoerp', '2014-06-13 04:00:00', NULL),
(7, 6, 'Suppliers', 'modules/ap/supplier/suppliers.php', 'List of Suppliers', '3', '', 0, 'inoerp', '2013-10-18 13:44:35', 'inoerp', '2013-10-18 13:44:35', NULL),
(11, 26, 'Paths', 'extensions/path/paths.php', 'All paths', '1', NULL, 0, 'inoerp', '2027-05-13 04:00:00', 'inoerp', '2014-06-13 04:00:00', NULL),
(13, 92, 'Users', 'extensions/user/users.php', 'All users', '1', '', 0, 'inoerp', '2013-09-23 05:27:43', 'inoerp', '2013-09-23 05:27:43', NULL),
(19, 1, 'Install', 'engine/module/module.php', 'Module', '1', NULL, 0, 'inoerp', '2030-05-13 04:00:00', 'inoerp', '2014-06-13 04:00:00', NULL),
(17, 6, 'Site entry', 'modules/ap/suppliers/supplier_site_entry.php', 'Supplier site entry', '3', NULL, 0, 'inoerp', '2029-05-13 04:00:00', 'inoerp', '2014-06-13 04:00:00', NULL),
(18, 105, 'Option', 'modules/system/option/option.php', 'Options', '1', '', 1, 'inoerp', '2013-11-11 10:20:08', 'inoerp', '2013-11-11 10:20:08', NULL),
(20, 18, 'Option view', 'modules/system/option/option_view.php', 'View all the options', '1', NULL, 0, 'inoerp', '2031-05-13 04:00:00', 'inoerp', '2014-06-13 04:00:00', NULL),
(21, 1, 'Modules', 'modules/system/module/modules.php', 'All modules', '1', NULL, 0, 'inoerp', '2009-06-13 04:00:00', 'inoerp', '2014-06-13 04:00:00', NULL),
(22, 1, 'Module', 'modules/system/module/module.php', 'Module creation & update', '1', NULL, 0, 'inoerp', '2009-06-13 04:00:00', 'inoerp', '2014-06-13 04:00:00', NULL),
(23, 0, 'Org', 'modules/org/org.php', 'Organizations', '13', 'org_id', 1, 'inoerp', '2013-09-05 11:32:20', 'inoerp', '2013-09-05 11:32:20', NULL),
(24, 23, 'Enterprise', 'modules/org/enterprise/enterprise.php', 'Enterprise', '13', NULL, 0, 'inoerp', '2012-06-13 04:00:00', 'inoerp', '2014-06-13 04:00:00', NULL),
(41, 23, 'Inventory Org', 'modules/org/inventory/inventory.php', 'Inventory Organization', '13', 'inventory_id', 0, 'inoerp', '2013-09-29 10:18:16', 'inoerp', '2013-09-29 10:18:16', NULL),
(26, 59, 'Path', 'extensions/path/path.php', 'Path - creation, update & Delete', '1', NULL, 0, 'inoerp', '2014-06-13 04:00:00', 'inoerp', '2012-08-13 04:00:00', NULL),
(28, 23, 'Addresses', 'modules/org/address/addresses.php', 'All the addresses', '13', NULL, 0, 'inoerp', '2015-06-13 04:00:00', 'inoerp', '2015-06-13 04:00:00', NULL),
(30, 0, 'COA', 'modules/gl/coa/coa.php', 'Char of Account', '2', NULL, 1, 'inoerp', '2018-06-13 04:00:00', 'inoerp', '2021-06-13 04:00:00', NULL),
(31, 30, 'COA Segment Values', 'modules/gl/coa/coa_segment_values.php', 'Chart of account segment values', '2', NULL, 0, 'inoerp', '2021-06-13 04:00:00', 'inoerp', '2021-06-13 04:00:00', NULL),
(36, 30, 'All COA', 'modules/gl/coa/coas.php', 'All chart of accounts', '2', NULL, 0, 'inoerp', '2026-06-13 04:00:00', 'inoerp', '2026-06-13 04:00:00', NULL),
(37, 30, 'Account Combinations', 'modules/gl/coa_combination/coa_combination.php', 'Char of account combinations', '2', NULL, 0, 'inoerp', '2027-06-13 04:00:00', 'inoerp', '2027-06-13 04:00:00', NULL),
(38, 23, 'Legal Org', 'modules/org/legal/legal.php', 'Legal Organization', '13', 'legal_id', 0, 'inoerp', '2013-09-29 19:45:18', 'inoerp', '2013-09-29 19:45:18', NULL),
(39, 38, 'Legal Orgs', 'modules/org/legal/legals.php', 'List of all Legal Orgs', '13', '', 0, 'inoerp', '2013-09-29 19:45:30', 'inoerp', '2013-09-29 19:45:30', NULL),
(40, 23, 'Business Org', 'modules/org/business/business.php', 'Business Organization', '13', '', 0, 'inoerp', '2013-09-28 11:26:41', 'inoerp', '2013-09-28 11:26:41', NULL),
(42, 41, 'Inventory Orgs', 'modules/org/inventory/inventories.php', 'All inventory Orgs', '13', '', 0, 'inoerp', '2013-09-29 10:27:45', 'inoerp', '2013-09-29 10:27:45', NULL),
(43, 40, 'Business Orgs', 'modules/org/business/businesses.php', 'All business orgs', '13', '', 0, 'inoerp', '2013-09-28 11:29:08', 'inoerp', '2013-09-28 11:29:08', NULL),
(44, 53, 'Item Master', 'modules/inv/item/item.php', 'Item Master', '6', NULL, 0, 'inoerp', '2005-07-13 04:00:00', 'inoerp', '2022-07-13 04:00:00', NULL),
(45, 44, 'Items', 'modules/inv/item/items.php', 'All Items', '6', NULL, 0, 'inoerp', '2009-07-13 04:00:00', 'inoerp', '2009-07-13 04:00:00', NULL),
(46, 53, 'UOM', 'modules/inv/uom/uom.php', 'Unit of mesaures', '6', NULL, 0, 'inoerp', '2012-07-13 04:00:00', 'inoerp', '2022-07-13 04:00:00', NULL),
(47, 46, 'UOMs', 'modules/inv/uom/uoms.php', 'Unit of measures', '6', 'uom_id', 0, 'inoerp', '2013-10-03 13:05:11', 'inoerp', '2013-10-03 13:05:11', NULL),
(48, 105, 'Transaction Type', 'modules/inv/transaction_type/transaction_type.php', 'Inventory Transaction Type', '6', '', 0, 'inoerp', '2013-11-11 10:21:06', 'inoerp', '2013-11-11 10:21:06', NULL),
(49, 48, 'Transaction Types', 'modules/inv/transaction_type/transaction_types.php', 'List of transaction types', '6', NULL, 0, 'inoerp', '2017-07-13 04:00:00', 'inoerp', '2022-07-13 04:00:00', NULL),
(50, 53, 'Sub Inventory', 'modules/inv/subinventory/subinventory.php', 'Sub Inventory', '6', 'subinventory_id', 0, 'inoerp', '2013-09-06 06:57:28', 'inoerp', '2013-09-06 06:57:28', NULL),
(51, 50, 'Sub Inventories', 'modules/inv/subinventory/subinventorys.php', 'All Sub Inventories', '6', '', 0, 'inoerp', '2013-09-30 06:28:25', 'inoerp', '2013-09-30 06:28:25', NULL),
(52, 53, 'Locator', 'modules/inv/locator/locator.php', 'Locator Entry', '6', NULL, 0, 'inoerp', '2021-07-13 04:00:00', 'inoerp', '2022-07-13 04:00:00', NULL),
(53, 0, 'Inventory', 'modules/inv/inventory.php', 'Inventory', '6', NULL, 1, 'inoerp', '2022-07-13 04:00:00', 'inoerp', '2022-07-13 04:00:00', NULL),
(54, 52, 'Locators', 'modules/inv/locator/locators.php', 'Locators - View', '6', NULL, 0, 'inoerp', '2022-07-13 04:00:00', 'inoerp', '2022-07-13 04:00:00', NULL),
(55, 53, 'On Hand', 'modules/inv/onhand/onhands.php', 'On hand Quantities', '6', NULL, 0, 'inoerp', '2013-08-23 19:25:59', 'inoerp', '2013-08-23 19:25:59', NULL),
(56, 53, 'Inventory Transaction', 'modules/inv/inv_transaction/inv_transaction.php', 'Inventory Transaction', '6', NULL, 0, 'inoerp', '2013-08-27 14:42:27', 'inoerp', '2013-08-27 14:42:27', NULL),
(57, 85, 'Page', 'extensions/page/page.php', 'create update page', '14', 'page_id', 0, 'inoerp', '2013-09-06 06:58:44', 'inoerp', '2013-09-06 06:58:44', NULL),
(58, 57, 'Pages', 'extensions/page/pages.php', 'view all pages', '14', NULL, 0, 'inoerp', '2031-07-13 04:00:00', 'inoerp', '2031-07-13 04:00:00', NULL),
(59, 0, 'Admin', 'admin.php', 'Administrator', '1', NULL, 1, 'inoerp', '2011-08-13 04:00:00', 'inoerp', '2011-08-13 04:00:00', NULL),
(60, 61, 'Content Types', 'extensions/content_type/content_types.php', 'Content Types', '14', NULL, 0, 'inoerp', '2013-08-23 19:59:12', 'inoerp', '2013-08-23 19:59:12', NULL),
(61, 59, 'Content Type', 'extensions/content_type/content_type.php', 'Create & Update Content Type', '14', NULL, 0, 'inoerp', '2012-08-13 04:00:00', 'inoerp', '2012-08-13 04:00:00', NULL),
(84, 85, 'content', 'extensions/content/content.php?content_type=content', 'Create & Updatecontent', '14', 'content_id', 0, 'inoerp', '2013-09-06 06:58:56', 'inoerp', '2013-09-06 06:58:56', NULL),
(75, 85, 'supplier_contact', 'extensions/content/content.php?content_type=supplier_contact', 'Create & Updatesupplier_contact', '14', NULL, 0, 'inoerp', '2013-08-27 13:53:25', 'inoerp', '2013-08-27 13:53:25', NULL),
(76, 59, 'Block', 'extensions/block/block.php?custom_block=1', 'Create & Update blocks', '1', NULL, 0, 'inoerp', '2019-08-13 04:00:00', 'inoerp', '2019-08-13 04:00:00', NULL),
(73, 85, 'customer', 'extensions/content/content.php?content_type=customer', 'Create & Updatecustomer', '14', NULL, 0, 'inoerp', '2013-08-27 13:53:33', 'inoerp', '2013-08-27 13:53:33', NULL),
(72, 85, 'test', 'extensions/content/content.php?content_type=test', 'Create & Updatetest', '14', NULL, 0, 'inoerp', '2013-08-27 13:53:39', 'inoerp', '2013-08-27 13:53:39', NULL),
(77, 76, 'Blocks', 'extensions/block/blocks.php', 'List of blocks', '1', NULL, 0, 'inoerp', '2019-08-13 04:00:00', 'inoerp', '2019-08-13 04:00:00', NULL),
(79, 85, 'plain_text', 'extensions/content/content.php?content_type=plain_text', 'Create & Updateplain_text', '14', NULL, 0, 'inoerp', '2013-08-27 13:53:45', 'inoerp', '2013-08-27 13:53:45', NULL),
(80, 59, 'Category', 'extensions/category/category.php', 'View, Create & Update categories', '14', NULL, 1, 'inoerp', '2013-08-23 19:56:42', 'inoerp', '2013-08-23 19:56:42', NULL),
(81, 80, 'Categories', 'extensions/category/categorys.php', 'Categories - List of all category', '14', NULL, NULL, 'inoerp', '2013-08-24 08:56:55', 'inoerp', '2013-08-24 08:56:55', NULL),
(82, 85, 'forum', 'extensions/content/content.php?content_type=forum', 'Create & Updateforum', '14', 'content_id', 0, 'inoerp', '2013-09-07 19:07:25', 'inoerp', '2013-09-07 19:07:25', NULL),
(83, 80, 'Category Relations', 'extensions/category/category_relation.php', 'Category Relationships', '14', NULL, NULL, 'inoerp', '2013-08-26 13:05:20', 'inoerp', '2013-08-26 13:05:20', NULL),
(85, 0, 'Create Content', 'extensions/content/create_content.php', 'Create all contents', '14', NULL, 1, 'inoerp', '2013-08-27 13:46:34', 'inoerp', '2013-08-27 13:46:34', NULL),
(86, 85, 'test_forum', 'extensions/content/content.php?content_type=test_forum', 'Create & Updatetest_forum', '14', NULL, 0, 'inoerp', '2013-08-28 10:24:19', 'inoerp', '2013-08-28 10:24:19', NULL),
(87, 59, 'View', 'extensions/view/view.php', 'Create & update view', '14', NULL, 1, 'inoerp', '2013-08-29 10:39:21', 'inoerp', '2013-08-29 10:39:21', NULL),
(88, 87, 'Views', 'extensions/view/views.php', 'List of views', '14', NULL, NULL, 'inoerp', '2013-09-04 10:56:34', 'inoerp', '2013-09-04 10:56:34', NULL),
(89, 84, 'View forum', 'extensions/content/contents.php?content_type=forum', 'view forum content type', '14', 'content_id', NULL, 'inoerp', '2013-09-07 19:18:18', 'inoerp', '2013-09-07 19:18:18', NULL),
(90, 18, 'Options', 'modules/system/option/options.php', 'Option lists', '1', 'option_header_id', NULL, 'inoerp', '2013-09-17 19:31:24', 'inoerp', '2013-09-17 19:31:24', NULL),
(91, 59, 'Role Path', 'modules/system/role/role_path.php', 'Role Path', '1', 'role_path_id', NULL, 'inoerp', '2013-09-20 09:15:59', 'inoerp', '2013-09-20 09:15:59', NULL),
(92, 59, 'User', 'extensions/user/user.php', 'User - Creation & Update', '1', 'user_id', NULL, 'inoerp', '2013-09-23 05:27:08', 'inoerp', '2013-09-23 05:27:08', NULL),
(93, 1, 'index page', 'index.php', 'home', '1', NULL, NULL, 'inoerp', '2013-09-23 20:58:53', 'inoerp', '2013-09-23 20:58:53', NULL),
(94, 1, 'Json Basics', 'include/basics/json.basics.php', 'Json Basics', '1', NULL, NULL, 'inoerp', '2013-09-24 15:18:19', 'inoerp', '2013-09-24 15:18:19', NULL),
(95, 23, 'Orgs', 'modules/org/orgs.php', 'Organizations', '6', 'org_id', 0, 'inoerp', '2013-09-26 20:50:16', 'inoerp', '2013-09-26 20:50:16', NULL),
(96, 27, 'All Addresses', 'modules/org/address/addresses.php', 'List of all addresses', '6', NULL, NULL, 'inoerp', '2013-09-27 12:35:10', 'inoerp', '2013-09-27 12:35:10', NULL),
(97, 24, 'Enterprises', 'modules/org/enterprise/enterprises.php', 'List of all enterprises', '6', NULL, NULL, 'inoerp', '2013-09-28 08:07:15', 'inoerp', '2013-09-28 08:07:15', NULL),
(98, 56, 'Inv Transactions', 'modules/inv/inv_transaction/inv_transactions.php', 'All Inventory  Transactions', '6', 'inv_transaction_id', NULL, 'inoerp', '2013-10-09 08:33:11', 'inoerp', '2013-10-09 08:33:11', NULL),
(99, 0, 'PO', 'modules/po/po.php', 'Purchase Order', '7', '', 1, 'inoerp', '2013-10-21 05:30:33', 'inoerp', '2013-10-21 05:30:33', NULL),
(100, 30, 'Payment Term', 'modules/gl/payment_term/payment_term.php', 'Payment Term', '2', 'payment_term_id', NULL, 'inoerp', '2013-10-22 16:43:11', 'inoerp', '2013-10-22 16:43:11', NULL),
(101, 100, 'Payment Terms', 'modules/gl/payment_term/payment_terms.php', 'Payment Terms', '2', '', 0, 'inoerp', '2013-10-22 16:45:28', 'inoerp', '2013-10-22 16:45:28', NULL),
(102, 104, 'POs', 'modules/po/pos.php', 'All Purchased Orders', '7', '', 0, 'inoerp', '2013-11-19 09:45:24', 'inoerp', '2013-11-19 09:45:24', NULL),
(103, 99, 'Expected Receipts', 'modules/po/expected_receipts.php', 'All expected receipts', '7', '', 0, 'inoerp', '2013-11-11 07:44:38', 'inoerp', '2013-11-11 07:44:38', NULL),
(104, 99, 'All PO V', 'modules/po/all_po_v.php', 'All POs', '7', '', 0, 'inoerp', '2013-11-11 07:44:25', 'inoerp', '2013-11-11 07:44:25', NULL),
(105, 0, 'Setup', 'module/setup', 'All setups', '1', '', 1, 'inoerp', '2013-11-11 10:19:00', 'inoerp', '2013-11-11 10:19:00', NULL),
(106, 53, 'Receipt', 'modules/inv/receipt/receipt.php', 'All receipts', '6', 'receipt_header_id', NULL, 'inoerp', '2013-11-13 18:56:49', 'inoerp', '2013-11-13 18:56:49', NULL),
(107, 108, 'Receipts', 'modules/inv/receipt/receipts.php', 'All Receipts', '7', '', 0, 'inoerp', '2013-11-24 17:04:32', 'inoerp', '2013-11-24 17:04:32', NULL),
(108, 106, 'All Receipts', 'modules/inv/receipt/all_receipt_v.php', 'All Receipts', '6', NULL, NULL, 'inoerp', '2013-11-24 17:01:41', 'inoerp', '2013-11-24 17:01:41', NULL),
(109, 0, 'BOM', 'modules/bom/bom.php', 'Bill of materials', '9', 'bom_header_id', 1, 'inoerp', '2013-11-29 06:51:11', 'inoerp', '2013-11-29 06:51:11', NULL),
(110, 109, 'BOMs', 'modules/bom/boms.php', 'All BOMs', '9', NULL, NULL, 'inoerp', '2013-12-07 23:59:47', 'inoerp', '2013-12-07 23:59:47', NULL),
(111, 109, 'Resource', 'modules/bom/bom_resource/bom_resource.php', 'Create & Update Resources', '9', '', 0, 'inoerp', '2013-12-17 03:12:58', 'inoerp', '2013-12-17 03:12:58', NULL),
(112, 111, 'Resources', 'modules/bom/bom_resource/bom_resources.php', 'All Resources', '9', '', 0, 'inoerp', '2013-12-17 03:12:47', 'inoerp', '2013-12-17 03:12:47', NULL),
(113, 109, 'Cost Type', 'modules/bom/bom_cost_type/bom_cost_type.php', 'Create & Update Cost Type', '9', 'content_type_id', 0, 'inoerp', '2013-12-17 02:31:18', 'inoerp', '2013-12-17 02:31:18', NULL),
(114, 113, 'Cost Types', 'modules/bom/bom_cost_type/bom_cost_types.php', 'All Cost Types', '9', '', 0, 'inoerp', '2013-12-17 02:31:33', 'inoerp', '2013-12-17 02:31:33', NULL),
(115, 109, 'Material Element', 'modules/bom/bom_material_element/bom_material_element.php', 'Material Element', '9', 'bom_material_element_id', NULL, 'inoerp', '2013-12-17 08:41:15', 'inoerp', '2013-12-17 08:41:15', NULL),
(116, 115, 'Material Elements', 'modules/bom/bom_material_element/bom_material_elements.php', 'Material Elements', '9', NULL, NULL, 'inoerp', '2013-12-17 08:42:29', 'inoerp', '2013-12-17 08:42:29', NULL),
(117, 109, 'Overhead', 'modules/bom/bom_overhead/bom_overhead.php', 'Overhead - Resource & Material', '9', 'bom_overhead_id', NULL, 'inoerp', '2013-12-17 11:31:20', 'inoerp', '2013-12-17 11:31:20', NULL),
(118, 117, 'Overheads', 'modules/bom/bom_overhead/bom_overheads.php', 'All Over heads', '9', NULL, NULL, 'inoerp', '2013-12-17 11:31:54', 'inoerp', '2013-12-17 11:31:54', NULL),
(119, 109, 'Department', 'modules/bom/bom_department/bom_department.php', 'Create & update Departments', '9', 'bom_department_id', NULL, 'inoerp', '2013-12-19 11:57:54', 'inoerp', '2013-12-19 11:57:54', NULL),
(120, 119, 'Departments', 'modules/bom/bom_department/bom_departments.php', 'All Departments', '9', NULL, NULL, 'inoerp', '2013-12-19 12:05:38', 'inoerp', '2013-12-19 12:05:38', NULL),
(121, 109, 'Standard Operation', 'modules/bom/bom_standard_operation/bom_standard_operation.php', 'BOM Standard Operation', '9', 'bom_standard_operation_id', 0, 'inoerp', '2013-12-20 07:26:52', 'inoerp', '2013-12-20 07:26:52', NULL),
(122, 121, 'Standard Operations', 'modules/bom/bom_standard_operation/bom_standard_operations.php', 'Standard Operations', '9', NULL, NULL, 'inoerp', '2013-12-20 07:27:21', 'inoerp', '2013-12-20 07:27:21', NULL),
(123, 109, 'Routing', 'modules/bom/bom_routing/bom_routing.php', 'Enter & Update  Routing', '9', 'bom_routing_header_id', 1, 'inoerp', '2013-12-28 09:06:55', 'inoerp', '2013-12-28 09:06:55', NULL),
(124, 123, 'Routings', 'modules/bom/bom_routing/bom_routings.php', 'All Routings', '9', NULL, NULL, 'inoerp', '2013-12-29 23:30:11', 'inoerp', '2013-12-29 23:30:11', NULL),
(125, 0, 'WIP', 'wip', 'Work In Process', '10', '', 1, 'inoerp', '2014-01-02 06:57:19', 'inoerp', '2014-01-02 06:57:19', NULL),
(126, 125, 'Work Order', 'modules/wip/wip_wo/wip_wo.php', 'Create & update work orders', '10', 'wip_wo_header_id', NULL, 'inoerp', '2014-01-02 06:58:43', 'inoerp', '2014-01-02 06:58:43', NULL),
(127, 126, 'Work Orders', 'modules/wip/wip_wo/wip_wos.php', 'List of all work orders', '10', '', 0, 'inoerp', '2014-01-03 06:40:53', 'inoerp', '2014-01-03 06:40:53', NULL),
(128, 125, 'WO Move Transaction', 'modules/wip/wip_move_transaction/wip_move_transaction.php', 'Work Order Move Transaction', '10', 'wip_move_transaction_id', 0, 'inoerp', '2014-01-07 17:59:58', 'inoerp', '2014-01-07 17:59:58', NULL),
(129, 128, 'WIP Move Transactions', 'modules/wip/wip_move_transaction/wip_move_transactions.php', 'WIP Move Transactions', '10', '', 0, 'inoerp', '2014-01-08 15:54:40', 'inoerp', '2014-01-08 15:54:40', NULL),
(130, 125, 'Resource Transaction', 'modules/wip/wip_resource_transaction/wip_resource_transaction.php', 'Resource Transaction', '10', 'wip_resource_transaction_id', 0, 'inoerp', '2014-01-12 15:22:32', 'inoerp', '2014-01-12 15:22:32', NULL),
(131, 130, 'Resource Transactions', 'modules/wip/wip_resource_transaction/wip_resource_transactions.php', 'Resource Transactions', '10', '', 0, 'inoerp', '2014-01-12 15:22:49', 'inoerp', '2014-01-12 15:22:49', NULL),
(132, 125, 'WO Inv Transaction', 'modules/wip/wip_material_transaction/inv_transaction.php', 'WIP Material Transaction', '10', '', 0, 'inoerp', '2014-01-15 14:14:06', 'inoerp', '2014-01-15 14:14:06', NULL),
(133, 125, 'WO Completion/Return', 'modules/wip/wip_wo_completion/inv_transaction.php', 'WIP Work Order Completion & Return', '10', NULL, NULL, 'inoerp', '2014-01-16 14:34:36', 'inoerp', '2014-01-16 14:34:36', NULL);

-- --------------------------------------------------------

--
-- Table structure for table `payment_term`
--

CREATE TABLE IF NOT EXISTS `payment_term` (
  `payment_term_id` int(12) NOT NULL AUTO_INCREMENT,
  `payment_term` varchar(50) NOT NULL,
  `description` varchar(256) DEFAULT NULL,
  `prepayment_cb` tinyint(1) DEFAULT NULL,
  `ef_id` int(12) DEFAULT NULL,
  `status` varchar(25) DEFAULT NULL,
  `rev_enabled_cb` tinyint(1) DEFAULT NULL,
  `rev_number` varchar(256) DEFAULT NULL,
  `created_by` varchar(256) NOT NULL,
  `creation_date` datetime NOT NULL,
  `last_update_by` varchar(256) NOT NULL,
  `last_update_date` datetime NOT NULL,
  PRIMARY KEY (`payment_term_id`)
) ENGINE=MyISAM  DEFAULT CHARSET=latin1 AUTO_INCREMENT=7 ;

--
-- Dumping data for table `payment_term`
--

INSERT INTO `payment_term` (`payment_term_id`, `payment_term`, `description`, `prepayment_cb`, `ef_id`, `status`, `rev_enabled_cb`, `rev_number`, `created_by`, `creation_date`, `last_update_by`, `last_update_date`) VALUES
(1, 'NET30', 'Due in 30 days', 1, 0, 'active', 1, '3', 'inoerp', '2014-01-03 04:18:36', 'inoerp', '2014-01-03 04:18:36'),
(2, '5%10D, NET45', '5 Percentage 10 Day Payment, NET 45', 0, 0, 'active', 0, '1', 'inoerp', '2013-10-22 14:04:36', 'inoerp', '2013-10-22 14:04:36'),
(3, '10%5D, 5%10D, NET60', 'NET 60 with step discount', NULL, NULL, NULL, NULL, NULL, 'inoerp', '2013-10-22 14:05:48', 'inoerp', '2013-10-22 14:05:48'),
(4, 'NET15', 'NET15', 0, 0, 'active', 1, '1', 'inoerp', '2013-10-23 06:00:04', 'inoerp', '2013-10-23 06:00:04'),
(5, '50%NET30', 'NET60', 0, 0, 'active', 1, '1', 'inoerp', '2013-10-22 14:22:43', 'inoerp', '2013-10-22 14:22:43'),
(6, 'NET 18', 'NET 18', 0, NULL, 'active', 0, NULL, 'inoerp', '2013-12-17 10:24:29', 'inoerp', '2013-12-17 10:24:29');

-- --------------------------------------------------------

--
-- Table structure for table `payment_term_discount`
--

CREATE TABLE IF NOT EXISTS `payment_term_discount` (
  `payment_term_discount_id` int(12) NOT NULL AUTO_INCREMENT,
  `payment_term_id` int(12) NOT NULL,
  `seq_number` int(12) NOT NULL,
  `discount_percentage` float NOT NULL,
  `due_days` int(11) DEFAULT NULL,
  `due_dates` date DEFAULT NULL,
  `due_date_of_month` int(12) DEFAULT NULL,
  `ef_id` int(12) DEFAULT NULL,
  `created_by` varchar(256) NOT NULL,
  `creation_date` datetime NOT NULL,
  `last_update_by` varchar(256) NOT NULL,
  `last_update_date` datetime NOT NULL,
  PRIMARY KEY (`payment_term_discount_id`)
) ENGINE=MyISAM  DEFAULT CHARSET=latin1 AUTO_INCREMENT=10 ;

--
-- Dumping data for table `payment_term_discount`
--

INSERT INTO `payment_term_discount` (`payment_term_discount_id`, `payment_term_id`, `seq_number`, `discount_percentage`, `due_days`, `due_dates`, `due_date_of_month`, `ef_id`, `created_by`, `creation_date`, `last_update_by`, `last_update_date`) VALUES
(1, 1, 1, 12, 5, '0000-00-00', 0, 0, 'inoerp', '2014-01-03 04:18:39', 'inoerp', '2014-01-03 04:18:39'),
(2, 1, 2, 24, 10, '0000-00-00', 0, 0, 'inoerp', '2014-01-03 04:18:40', 'inoerp', '2014-01-03 04:18:40'),
(3, 1, 3, 36, 30, '0000-00-00', 0, 0, 'inoerp', '2014-01-03 04:18:41', 'inoerp', '2014-01-03 04:18:41'),
(4, 2, 1, 5, 10, '0000-00-00', 0, 0, 'inoerp', '2013-10-22 14:04:37', 'inoerp', '2013-10-22 14:04:37'),
(5, 5, 1, 10, 10, '0000-00-00', 0, 0, 'inoerp', '2013-10-22 14:22:46', 'inoerp', '2013-10-22 14:22:46'),
(6, 4, 1, 5, 1, NULL, NULL, NULL, 'inoerp', '2013-10-23 06:00:06', 'inoerp', '2013-10-23 06:00:06'),
(7, 4, 2, 3, 5, NULL, NULL, NULL, 'inoerp', '2013-10-23 06:00:08', 'inoerp', '2013-10-23 06:00:08'),
(8, 4, 3, 2, 10, NULL, NULL, NULL, 'inoerp', '2013-10-23 06:00:08', 'inoerp', '2013-10-23 06:00:08'),
(9, 6, 1, 10, 30, NULL, NULL, NULL, 'inoerp', '2013-12-17 10:24:32', 'inoerp', '2013-12-17 10:24:32');

-- --------------------------------------------------------

--
-- Table structure for table `payment_term_schedule`
--

CREATE TABLE IF NOT EXISTS `payment_term_schedule` (
  `payment_term_schedule_id` int(12) NOT NULL AUTO_INCREMENT,
  `payment_term_id` int(12) NOT NULL,
  `seq_number` int(12) NOT NULL,
  `amount_percentage` float NOT NULL,
  `due_days` int(11) DEFAULT NULL,
  `due_dates` date DEFAULT NULL,
  `due_date_of_month` int(12) DEFAULT NULL,
  `ef_id` int(12) DEFAULT NULL,
  `created_by` varchar(256) NOT NULL,
  `creation_date` datetime NOT NULL,
  `last_update_by` varchar(256) NOT NULL,
  `last_update_date` datetime NOT NULL,
  PRIMARY KEY (`payment_term_schedule_id`)
) ENGINE=MyISAM  DEFAULT CHARSET=latin1 AUTO_INCREMENT=12 ;

--
-- Dumping data for table `payment_term_schedule`
--

INSERT INTO `payment_term_schedule` (`payment_term_schedule_id`, `payment_term_id`, `seq_number`, `amount_percentage`, `due_days`, `due_dates`, `due_date_of_month`, `ef_id`, `created_by`, `creation_date`, `last_update_by`, `last_update_date`) VALUES
(1, 1, 1, 12, 30, '0000-00-00', 0, 0, 'inoerp', '2014-01-03 04:18:37', 'inoerp', '2014-01-03 04:18:37'),
(2, 1, 2, 24, 90, '0000-00-00', 0, 0, 'inoerp', '2014-01-03 04:18:38', 'inoerp', '2014-01-03 04:18:38'),
(3, 2, 1, 100, 45, '0000-00-00', 0, 0, 'inoerp', '2013-10-22 14:04:35', 'inoerp', '2013-10-22 14:04:35'),
(4, 2, 1, 100, 45, '0000-00-00', 0, 0, 'inoerp', '2013-10-22 14:04:37', 'inoerp', '2013-10-22 14:04:37'),
(5, 5, 1, 50, 30, '0000-00-00', 0, 0, 'inoerp', '2013-10-22 14:22:44', 'inoerp', '2013-10-22 14:22:44'),
(6, 5, 2, 50, 60, '0000-00-00', 0, 0, 'inoerp', '2013-10-22 14:22:46', 'inoerp', '2013-10-22 14:22:46'),
(7, 4, 1, 50, 15, NULL, NULL, NULL, 'inoerp', '2013-10-23 06:00:04', 'inoerp', '2013-10-23 06:00:04'),
(8, 4, 2, 25, 30, NULL, NULL, NULL, 'inoerp', '2013-10-23 06:00:05', 'inoerp', '2013-10-23 06:00:05'),
(9, 6, 1, 10, 10, NULL, NULL, NULL, 'inoerp', '2013-12-17 10:24:30', 'inoerp', '2013-12-17 10:24:30'),
(10, 6, 2, 5, 20, NULL, NULL, NULL, 'inoerp', '2013-12-17 10:24:31', 'inoerp', '2013-12-17 10:24:31'),
(11, 6, 3, 2, 30, NULL, NULL, NULL, 'inoerp', '2013-12-17 10:24:34', 'inoerp', '2013-12-17 10:24:34');

-- --------------------------------------------------------

--
-- Table structure for table `po_detail`
--

CREATE TABLE IF NOT EXISTS `po_detail` (
  `po_detail_id` int(12) NOT NULL AUTO_INCREMENT,
  `po_line_id` int(12) NOT NULL,
  `po_header_id` int(12) NOT NULL,
  `shipment_number` int(12) NOT NULL,
  `sub_inventory_id` int(12) DEFAULT NULL,
  `locator_id` int(12) DEFAULT NULL,
  `requestor` varchar(256) DEFAULT NULL,
  `ship_to_location_id` int(12) DEFAULT NULL,
  `uom` int(12) DEFAULT NULL,
  `quantity` decimal(20,5) DEFAULT NULL,
  `need_by_date` date NOT NULL,
  `promise_date` date DEFAULT NULL,
  `charge_ac_id` int(12) DEFAULT NULL,
  `accrual_ac_id` int(12) DEFAULT NULL,
  `budget_ac_id` int(12) DEFAULT NULL,
  `ppv_ac_id` int(12) DEFAULT NULL,
  `received_quantity` int(12) DEFAULT NULL,
  `accepted_quantity` int(12) DEFAULT NULL,
  `delivered_quantity` int(12) DEFAULT NULL,
  `invoiced_quantity` int(12) DEFAULT NULL,
  `paid_quantity` int(12) DEFAULT NULL,
  `ef_id` int(12) DEFAULT NULL,
  `status` varchar(50) DEFAULT NULL,
  `created_by` varchar(256) NOT NULL,
  `creation_date` datetime NOT NULL,
  `last_update_by` varchar(256) NOT NULL,
  `last_update_date` datetime NOT NULL,
  `ship_to_inventory` varchar(50) DEFAULT NULL,
  PRIMARY KEY (`po_detail_id`)
) ENGINE=MyISAM  DEFAULT CHARSET=latin1 AUTO_INCREMENT=57 ;

--
-- Dumping data for table `po_detail`
--

INSERT INTO `po_detail` (`po_detail_id`, `po_line_id`, `po_header_id`, `shipment_number`, `sub_inventory_id`, `locator_id`, `requestor`, `ship_to_location_id`, `uom`, `quantity`, `need_by_date`, `promise_date`, `charge_ac_id`, `accrual_ac_id`, `budget_ac_id`, `ppv_ac_id`, `received_quantity`, `accepted_quantity`, `delivered_quantity`, `invoiced_quantity`, `paid_quantity`, `ef_id`, `status`, `created_by`, `creation_date`, `last_update_by`, `last_update_date`, `ship_to_inventory`) VALUES
(1, 2, 4, 1, NULL, NULL, NULL, NULL, NULL, 15.00000, '0000-00-00', NULL, 21, 21, 21, 24, 0, 0, 0, 0, 0, NULL, NULL, 'inoerp', '2013-11-04 03:03:33', 'inoerp', '2013-11-04 03:03:33', NULL),
(2, 1, 5, 1, NULL, NULL, NULL, NULL, NULL, 8.00000, '2013-11-21', '2013-11-21', 20, 21, 22, 27, 0, 0, 0, 0, 0, NULL, NULL, 'inoerp', '2013-11-20 10:37:27', 'inoerp', '2013-11-20 10:37:27', '6'),
(3, 1, 5, 1, NULL, NULL, NULL, NULL, NULL, 8.00000, '2013-11-28', '2013-11-28', 20, 23, 22, 26, 0, 0, 0, 0, 0, NULL, NULL, 'inoerp', '2013-11-20 10:37:27', 'inoerp', '2013-11-20 10:37:27', '6'),
(4, 3, 6, 1, NULL, NULL, NULL, NULL, NULL, 75.00000, '2013-11-20', '2013-11-28', 20, 23, 23, 23, 0, 0, 0, 0, 0, NULL, NULL, 'inoerp', '2013-11-07 13:17:10', 'inoerp', '2013-11-07 13:17:10', NULL),
(5, 4, 6, 2, NULL, NULL, NULL, NULL, NULL, 2.00000, '2013-08-12', '2013-11-29', 22, 26, 21, 23, 0, 0, 0, 0, 0, NULL, NULL, 'inoerp', '2013-11-07 13:17:10', 'inoerp', '2013-11-07 13:17:10', NULL),
(6, 2, 4, 2, NULL, NULL, NULL, NULL, NULL, 20.00000, '0000-00-00', NULL, 21, 21, 21, 24, 0, 0, 0, 0, 0, NULL, NULL, 'inoerp', '2013-11-04 03:03:33', 'inoerp', '2013-11-04 03:03:33', NULL),
(7, 5, 4, 3, NULL, NULL, NULL, NULL, NULL, 100.00000, '0000-00-00', NULL, 20, 21, 24, 23, 0, 0, 0, 0, 0, NULL, NULL, 'inoerp', '2013-11-04 03:03:34', 'inoerp', '2013-11-04 03:03:34', NULL),
(8, 6, 7, 1, NULL, NULL, NULL, NULL, NULL, 8.00000, '0000-00-00', NULL, 20, 21, 21, 23, 0, 0, 0, 0, 0, NULL, NULL, 'inoerp', '2013-11-04 10:08:31', 'inoerp', '2013-11-04 10:08:31', NULL),
(9, 6, 7, 2, NULL, NULL, NULL, NULL, NULL, 2.00000, '0000-00-00', NULL, 21, 22, 21, 22, 0, 0, 0, 0, 0, NULL, NULL, 'inoerp', '2013-11-04 10:08:31', 'inoerp', '2013-11-04 10:08:31', NULL),
(10, 7, 18, 1, NULL, NULL, NULL, NULL, NULL, 10.00000, '0000-00-00', NULL, 21, 23, 22, 23, 0, 0, 0, 0, 0, NULL, NULL, 'inoerp', '2013-11-06 03:30:47', 'inoerp', '2013-11-06 03:30:47', NULL),
(11, 8, 18, 2, NULL, NULL, NULL, NULL, NULL, 5.00000, '0000-00-00', NULL, 22, 23, 22, 24, 0, 0, 0, 0, 0, NULL, NULL, 'inoerp', '2013-11-06 03:30:47', 'inoerp', '2013-11-06 03:30:47', NULL),
(12, 10, 19, 1, NULL, NULL, NULL, NULL, NULL, 100.00000, '2013-11-20', '2013-11-21', 21, 24, 24, 23, 0, 0, 0, 0, 0, NULL, NULL, 'inoerp', '2013-11-07 14:01:35', 'inoerp', '2013-11-07 14:01:35', NULL),
(13, 11, 19, 2, NULL, NULL, NULL, NULL, NULL, 50.00000, '2013-11-28', '2013-11-29', 20, 21, 24, 23, 0, 0, 0, 0, 0, NULL, NULL, 'inoerp', '2013-11-07 14:01:35', 'inoerp', '2013-11-07 14:01:35', NULL),
(14, 12, 20, 1, NULL, NULL, NULL, NULL, NULL, 100.00000, '0000-00-00', NULL, 21, 22, 23, 23, 8, 0, 0, 0, 0, NULL, NULL, 'inoerp', '2013-11-06 06:49:41', 'inoerp', '2013-11-06 06:49:41', '6'),
(15, 13, 21, 1, NULL, NULL, NULL, NULL, NULL, 100.00000, '0000-00-00', NULL, 22, 22, 24, 25, 0, 0, 0, 0, 0, NULL, NULL, 'inoerp', '2013-11-06 06:51:47', 'inoerp', '2013-11-06 06:51:47', '6'),
(16, 14, 22, 1, NULL, NULL, NULL, NULL, NULL, 10.00000, '0000-00-00', NULL, 20, 21, 22, 27, 8, 0, 0, 0, 0, NULL, NULL, 'inoerp', '2013-11-07 01:34:59', 'inoerp', '2013-11-07 01:34:59', '6'),
(17, 15, 27, 1, NULL, NULL, NULL, NULL, NULL, 10.00000, '0000-00-00', NULL, 20, 21, 25, 27, 10, 0, 0, 0, 0, NULL, NULL, 'inoerp', '2013-11-07 02:58:35', 'inoerp', '2013-11-07 02:58:35', '6'),
(18, 16, 27, 1, NULL, NULL, NULL, NULL, NULL, 10.00000, '0000-00-00', NULL, 20, 21, 25, 27, 0, 0, 0, 0, 0, NULL, NULL, 'inoerp', '2013-11-07 03:05:18', 'inoerp', '2013-11-07 03:05:18', '6'),
(19, 17, 27, 1, NULL, NULL, NULL, NULL, NULL, 10.00000, '0000-00-00', NULL, 20, 21, 25, 27, 0, 0, 0, 0, 0, NULL, NULL, 'inoerp', '2013-11-07 03:06:57', 'inoerp', '2013-11-07 03:06:57', '6'),
(20, 18, 27, 1, NULL, NULL, NULL, NULL, NULL, 10.00000, '0000-00-00', NULL, 20, 21, 25, 27, 0, 0, 0, 0, 0, NULL, NULL, 'inoerp', '2013-11-07 03:06:58', 'inoerp', '2013-11-07 03:06:58', '6'),
(21, 19, 27, 1, NULL, NULL, NULL, NULL, NULL, 10.00000, '0000-00-00', NULL, 20, 21, 25, 27, 0, 0, 0, 0, 0, NULL, NULL, 'inoerp', '2013-11-07 03:07:04', 'inoerp', '2013-11-07 03:07:04', '6'),
(22, 20, 27, 1, NULL, NULL, NULL, NULL, NULL, 10.00000, '0000-00-00', NULL, 20, 21, 25, 27, 0, 0, 0, 0, 0, NULL, NULL, 'inoerp', '2013-11-07 03:07:04', 'inoerp', '2013-11-07 03:07:04', '6'),
(23, 21, 27, 1, NULL, NULL, NULL, NULL, NULL, 10.00000, '0000-00-00', NULL, 20, 21, 25, 27, 0, 0, 0, 0, 0, NULL, NULL, 'inoerp', '2013-11-07 03:07:30', 'inoerp', '2013-11-07 03:07:30', '6'),
(24, 22, 27, 1, NULL, NULL, NULL, NULL, NULL, 10.00000, '0000-00-00', NULL, 20, 21, 25, 27, 0, 0, 0, 0, 0, NULL, NULL, 'inoerp', '2013-11-07 03:07:31', 'inoerp', '2013-11-07 03:07:31', '6'),
(25, 23, 27, 1, NULL, NULL, NULL, NULL, NULL, 10.00000, '0000-00-00', NULL, 20, 21, 25, 27, 0, 0, 0, 0, 0, NULL, NULL, 'inoerp', '2013-11-07 03:07:32', 'inoerp', '2013-11-07 03:07:32', '6'),
(26, 24, 27, 1, NULL, NULL, NULL, NULL, NULL, 10.00000, '0000-00-00', NULL, 20, 21, 25, 27, 0, 0, 0, 0, 0, NULL, NULL, 'inoerp', '2013-11-07 03:07:32', 'inoerp', '2013-11-07 03:07:32', '6'),
(27, 25, 27, 1, NULL, NULL, NULL, NULL, NULL, 10.00000, '0000-00-00', NULL, 20, 21, 25, 27, 0, 0, 0, 0, 0, NULL, NULL, 'inoerp', '2013-11-07 03:07:33', 'inoerp', '2013-11-07 03:07:33', '6'),
(28, 26, 27, 1, NULL, NULL, NULL, NULL, NULL, 10.00000, '0000-00-00', NULL, 20, 21, 25, 27, 0, 0, 0, 0, 0, NULL, NULL, 'inoerp', '2013-11-07 03:07:34', 'inoerp', '2013-11-07 03:07:34', '6'),
(29, 27, 31, 1, NULL, NULL, NULL, NULL, NULL, 10.00000, '0000-00-00', NULL, 20, 21, 26, 27, 0, 0, 0, 0, 0, NULL, NULL, 'inoerp', '2013-11-07 05:01:52', 'inoerp', '2013-11-07 05:01:52', '6'),
(30, 28, 31, 1, NULL, NULL, NULL, NULL, NULL, 10.00000, '0000-00-00', NULL, 20, 21, 26, 27, 0, 0, 0, 0, 0, NULL, NULL, 'inoerp', '2013-11-07 05:01:52', 'inoerp', '2013-11-07 05:01:52', '6'),
(31, 29, 31, 1, NULL, NULL, NULL, NULL, NULL, 10.00000, '0000-00-00', NULL, 20, 21, 26, 27, 0, 0, 0, 0, 0, NULL, NULL, 'inoerp', '2013-11-07 05:01:52', 'inoerp', '2013-11-07 05:01:52', '6'),
(32, 30, 31, 1, NULL, NULL, NULL, NULL, NULL, 10.00000, '0000-00-00', NULL, 20, 21, 26, 27, 0, 0, 0, 0, 0, NULL, NULL, 'inoerp', '2013-11-07 05:01:52', 'inoerp', '2013-11-07 05:01:52', '6'),
(33, 31, 31, 1, NULL, NULL, NULL, NULL, NULL, 10.00000, '0000-00-00', NULL, 20, 21, 26, 27, 0, 0, 0, 0, 0, NULL, NULL, 'inoerp', '2013-11-07 05:01:51', 'inoerp', '2013-11-07 05:01:51', '6'),
(34, 32, 31, 1, NULL, NULL, NULL, NULL, NULL, 10.00000, '0000-00-00', NULL, 20, 21, 26, 27, 0, 0, 0, 0, 0, NULL, NULL, 'inoerp', '2013-11-07 05:01:52', 'inoerp', '2013-11-07 05:01:52', '6'),
(35, 33, 34, 1, NULL, NULL, NULL, NULL, NULL, 100.00000, '0000-00-00', NULL, 20, 21, 24, 27, 0, 0, 0, 0, 0, NULL, NULL, 'inoerp', '2013-11-07 05:03:43', 'inoerp', '2013-11-07 05:03:43', '6'),
(36, 34, 34, 1, NULL, NULL, NULL, NULL, NULL, 100.00000, '0000-00-00', NULL, 20, 21, 24, 27, 0, 0, 0, 0, 0, NULL, NULL, 'inoerp', '2013-11-07 05:04:28', 'inoerp', '2013-11-07 05:04:28', '6'),
(37, 35, 37, 1, NULL, NULL, NULL, NULL, NULL, 100.00000, '0000-00-00', NULL, 20, 21, 24, 27, 0, 0, 0, 0, 0, NULL, NULL, 'inoerp', '2013-11-07 05:08:41', 'inoerp', '2013-11-07 05:08:41', '6'),
(38, 36, 37, 1, NULL, NULL, NULL, NULL, NULL, 100.00000, '0000-00-00', NULL, 20, 21, 24, 27, 0, 0, 0, 0, 0, NULL, NULL, 'inoerp', '2013-11-07 05:08:41', 'inoerp', '2013-11-07 05:08:41', '6'),
(39, 37, 37, 1, NULL, NULL, NULL, NULL, NULL, 100.00000, '0000-00-00', NULL, 20, 21, 24, 27, 0, 0, 0, 0, 0, NULL, NULL, 'inoerp', '2013-11-07 05:18:25', 'inoerp', '2013-11-07 05:18:25', '6'),
(40, 38, 37, 1, NULL, NULL, NULL, NULL, NULL, 100.00000, '0000-00-00', NULL, 20, 21, 24, 27, 0, 0, 0, 0, 0, NULL, NULL, 'inoerp', '2013-11-07 05:18:28', 'inoerp', '2013-11-07 05:18:28', '6'),
(41, 39, 38, 1, NULL, NULL, NULL, NULL, NULL, 100.00000, '2013-11-27', '2013-11-27', 20, 21, 24, 27, 85, 0, 0, 0, 0, NULL, NULL, 'inoerp', '2013-11-23 11:59:41', 'inoerp', '2013-11-23 11:59:41', '6'),
(42, 40, 38, 1, NULL, NULL, NULL, NULL, NULL, 200.00000, '2013-11-27', '2013-11-27', 20, 21, 24, 27, 135, 0, 0, 0, 0, NULL, NULL, 'inoerp', '2013-11-23 11:59:41', 'inoerp', '2013-11-23 11:59:41', '6'),
(43, 41, 40, 1, NULL, NULL, NULL, NULL, NULL, 100.00000, '2013-11-14', '2013-11-22', 20, 21, 21, 27, 5, 5, 5, 5, 5, NULL, NULL, 'inoerp', '2013-11-19 07:25:35', 'inoerp', '2013-11-19 07:25:35', '6'),
(44, 44, 40, 1, NULL, NULL, NULL, NULL, NULL, 100.00000, '2013-11-14', '2013-11-22', 20, 21, 21, 27, 5, 5, 5, 5, 5, NULL, NULL, 'inoerp', '2013-11-19 07:25:42', 'inoerp', '2013-11-19 07:25:42', '6'),
(45, 55, 50, 1, NULL, NULL, NULL, NULL, NULL, 10.00000, '2013-11-22', '2013-11-22', 20, 21, 26, 27, NULL, NULL, NULL, NULL, NULL, NULL, NULL, 'inoerp', '2013-11-21 01:57:00', 'inoerp', '2013-11-21 01:57:00', '6'),
(46, 56, 52, 1, NULL, NULL, NULL, NULL, NULL, 54.00000, '2014-12-16', '2013-12-31', 20, 21, 28, 27, NULL, NULL, NULL, NULL, NULL, NULL, NULL, 'inoerp', '2013-12-30 15:54:04', 'inoerp', '2013-12-30 15:54:04', '6'),
(47, 56, 52, 1, NULL, NULL, NULL, NULL, NULL, 11.00000, '2014-12-16', '2014-12-16', 25, 23, 24, 23, NULL, NULL, NULL, NULL, NULL, NULL, NULL, 'inoerp', '2013-12-30 15:54:04', 'inoerp', '2013-12-30 15:54:04', '6'),
(48, 57, 52, 2, NULL, NULL, NULL, NULL, NULL, 125.00000, '2013-11-22', '2013-11-23', 20, 21, 25, 27, NULL, NULL, NULL, NULL, NULL, NULL, NULL, 'inoerp', '2013-12-30 15:54:04', 'inoerp', '2013-12-30 15:54:04', '6'),
(49, 58, 52, 3, NULL, NULL, NULL, NULL, NULL, 88.00000, '2013-11-27', '2013-11-27', 20, 21, 27, 27, NULL, NULL, NULL, NULL, NULL, NULL, NULL, 'inoerp', '2013-12-30 15:54:04', 'inoerp', '2013-12-30 15:54:04', '6'),
(50, 59, 54, 1, NULL, NULL, NULL, NULL, NULL, 10.50000, '2013-11-26', '2013-11-26', 20, 21, 26, 27, NULL, NULL, NULL, NULL, NULL, NULL, NULL, 'inoerp', '2013-11-23 05:13:51', 'inoerp', '2013-11-23 05:13:51', '6'),
(51, 59, 54, 2, NULL, NULL, NULL, NULL, NULL, 20.50000, '2013-11-26', '2013-11-26', 25, 21, 25, 25, NULL, NULL, NULL, NULL, NULL, NULL, NULL, 'inoerp', '2013-11-23 05:13:51', 'inoerp', '2013-11-23 05:13:51', '6'),
(52, 59, 54, 3, NULL, NULL, NULL, NULL, NULL, 19.00000, '2013-11-26', '2013-11-26', 25, 24, 25, 25, NULL, NULL, NULL, NULL, NULL, NULL, NULL, 'inoerp', '2013-11-23 05:13:51', 'inoerp', '2013-11-23 05:13:51', '6'),
(53, 60, 54, 1, NULL, NULL, NULL, NULL, NULL, 20.00000, '2013-11-29', NULL, 20, 21, 26, 27, NULL, NULL, NULL, NULL, NULL, NULL, NULL, 'inoerp', '2013-11-27 16:49:31', 'inoerp', '2013-11-27 16:49:31', '6'),
(54, 61, 62, 1, NULL, NULL, NULL, NULL, NULL, 6.00000, '2013-11-29', '2013-11-29', 20, 21, 26, 27, NULL, NULL, NULL, NULL, NULL, NULL, NULL, 'inoerp', '2013-11-29 14:21:44', 'inoerp', '2013-11-29 14:21:44', '6'),
(55, 61, 62, 2, NULL, NULL, NULL, NULL, NULL, 4.00000, '2013-11-30', '2013-11-30', 20, 21, 26, 27, NULL, NULL, NULL, NULL, NULL, NULL, NULL, 'inoerp', '2013-11-29 14:20:50', 'inoerp', '2013-11-29 14:20:50', '6'),
(56, 61, 62, 2, NULL, NULL, NULL, NULL, NULL, 4.00000, '2013-11-30', '2013-11-30', 20, 21, 26, 27, NULL, NULL, NULL, NULL, NULL, NULL, NULL, 'inoerp', '2013-11-29 14:21:44', 'inoerp', '2013-11-29 14:21:44', '6');

-- --------------------------------------------------------

--
-- Table structure for table `po_header`
--

CREATE TABLE IF NOT EXISTS `po_header` (
  `po_header_id` int(12) NOT NULL AUTO_INCREMENT,
  `bu_org_id` int(12) NOT NULL,
  `po_type` varchar(50) NOT NULL,
  `po_number` varchar(50) DEFAULT NULL,
  `supplier_id` int(12) NOT NULL,
  `supplier_site_id` int(12) NOT NULL,
  `buyer` varchar(256) DEFAULT NULL,
  `description` varchar(256) DEFAULT NULL,
  `ship_to_id` int(12) DEFAULT NULL,
  `bill_to_id` int(12) DEFAULT NULL,
  `header_amount` decimal(20,5) DEFAULT NULL,
  `currency` varchar(256) NOT NULL,
  `payment_term_id` int(12) NOT NULL,
  `agreement_start_date` date DEFAULT NULL,
  `aggrement_end_date` date DEFAULT NULL,
  `exchange_rate_type` varchar(50) DEFAULT NULL,
  `exchange_rate` decimal(20,5) DEFAULT NULL,
  `released_amount` decimal(5,5) DEFAULT NULL,
  `ef_id` int(12) DEFAULT NULL,
  `po_status` varchar(50) NOT NULL,
  `created_by` varchar(256) NOT NULL,
  `creation_date` datetime NOT NULL,
  `last_update_by` varchar(256) NOT NULL,
  `last_update_date` datetime NOT NULL,
  `rev_enabled_cb` tinyint(1) DEFAULT NULL,
  `rev_number` int(12) DEFAULT NULL,
  PRIMARY KEY (`po_header_id`)
) ENGINE=MyISAM  DEFAULT CHARSET=latin1 AUTO_INCREMENT=63 ;

--
-- Dumping data for table `po_header`
--

INSERT INTO `po_header` (`po_header_id`, `bu_org_id`, `po_type`, `po_number`, `supplier_id`, `supplier_site_id`, `buyer`, `description`, `ship_to_id`, `bill_to_id`, `header_amount`, `currency`, `payment_term_id`, `agreement_start_date`, `aggrement_end_date`, `exchange_rate_type`, `exchange_rate`, `released_amount`, `ef_id`, `po_status`, `created_by`, `creation_date`, `last_update_by`, `last_update_date`, `rev_enabled_cb`, `rev_number`) VALUES
(1, 8, 'Standard Order', NULL, 2, 3, NULL, NULL, 81, 80, 10000.00000, 'GBP', 2, NULL, NULL, NULL, NULL, NULL, NULL, 'Entered', 'inoerp', '2013-10-29 16:39:57', 'inoerp', '2013-10-29 16:39:57', 0, NULL),
(2, 8, 'Standard Order', NULL, 4, 5, NULL, NULL, 80, 83, 10000.00000, '0', 5, NULL, NULL, NULL, NULL, NULL, NULL, 'Entered', 'inoerp', '2013-10-28 23:25:40', 'inoerp', '2013-10-28 23:25:40', 0, NULL),
(3, 8, 'Standard Order', NULL, 2, 3, NULL, NULL, 81, 80, 10000.00000, 'SGD', 2, NULL, NULL, NULL, NULL, NULL, NULL, 'Entered', 'inoerp', '2013-10-29 21:14:07', 'inoerp', '2013-10-29 21:14:07', 0, NULL),
(4, 8, 'Standard Order', NULL, 2, 3, NULL, NULL, 81, 80, 1000.00000, 'SGD', 2, NULL, NULL, NULL, NULL, NULL, NULL, 'Entered', 'inoerp', '2013-11-04 03:03:30', 'inoerp', '2013-11-04 03:03:30', 0, NULL),
(5, 8, 'Standard Order', '13', 2, 3, NULL, NULL, 81, 80, 1000.00000, 'SGD', 2, '0000-00-00', NULL, NULL, NULL, NULL, NULL, 'Entered', 'inoerp', '2013-11-20 10:37:26', 'inoerp', '2013-11-20 10:37:26', 0, NULL),
(6, 8, 'Standard Order', '8-6', 2, 3, NULL, NULL, 81, 80, 5000.00000, 'SGD', 2, NULL, NULL, NULL, NULL, NULL, NULL, 'Entered', 'inoerp', '2013-11-07 13:17:10', 'inoerp', '2013-11-07 13:17:10', 0, NULL),
(7, 8, 'Standard Order', 'TEST01', 2, 3, NULL, NULL, 81, 80, NULL, 'SGD', 2, NULL, NULL, NULL, NULL, NULL, NULL, 'Approved', 'inoerp', '2013-11-05 08:23:16', 'inoerp', '2013-11-05 08:23:16', 0, NULL),
(8, 8, 'Standard Order', NULL, 2, 3, NULL, NULL, 81, 80, 1000.00000, 'SGD', 2, NULL, NULL, NULL, NULL, NULL, NULL, 'Entered', 'inoerp', '2013-11-05 00:10:58', 'inoerp', '2013-11-05 00:10:58', NULL, NULL),
(9, 8, 'Standard Order', NULL, 2, 3, NULL, NULL, 81, 80, 1000.00000, 'SGD', 2, NULL, NULL, NULL, NULL, NULL, NULL, 'Entered', 'inoerp', '2013-11-05 00:17:38', 'inoerp', '2013-11-05 00:17:38', NULL, NULL),
(10, 8, 'Standard Order', NULL, 2, 3, NULL, NULL, 81, 80, 1000.00000, 'SGD', 2, NULL, NULL, NULL, NULL, NULL, NULL, 'Entered', 'inoerp', '2013-11-05 00:30:06', 'inoerp', '2013-11-05 00:30:06', NULL, NULL),
(11, 8, 'Standard Order', '-3', 2, 3, NULL, NULL, 81, 80, 1000.00000, 'SGD', 2, NULL, NULL, NULL, NULL, NULL, NULL, 'Entered', 'inoerp', '2013-11-05 05:34:53', 'inoerp', '2013-11-05 05:34:53', 0, NULL),
(12, 8, 'Standard Order', '8PO12', 2, 3, NULL, NULL, 81, 80, NULL, 'SGD', 2, NULL, NULL, NULL, NULL, NULL, NULL, 'Entered', 'inoerp', '2013-11-05 07:09:04', 'inoerp', '2013-11-05 07:09:04', NULL, NULL),
(13, 8, 'Standard Order', 'TEST01', 2, 3, NULL, NULL, 81, 80, 1000.00000, 'SGD', 2, NULL, NULL, NULL, NULL, NULL, NULL, 'Entered', 'inoerp', '2013-11-05 07:13:47', 'inoerp', '2013-11-05 07:13:47', 0, NULL),
(14, 8, 'Standard Order', '8-14', 2, 3, NULL, NULL, 81, 80, NULL, 'SGD', 2, NULL, NULL, NULL, NULL, NULL, NULL, 'Entered', 'inoerp', '2013-11-05 08:25:55', 'inoerp', '2013-11-05 08:25:55', NULL, NULL),
(15, 8, 'Standard Order', '8-15', 2, 3, NULL, NULL, 81, 80, 1000.00000, 'SGD', 2, NULL, NULL, NULL, NULL, NULL, NULL, 'Entered', 'inoerp', '2013-11-05 08:30:42', 'inoerp', '2013-11-05 08:30:42', NULL, NULL),
(16, 8, 'Standard Order', '8-16', 2, 3, NULL, NULL, 81, 80, 1000.00000, 'SGD', 2, NULL, NULL, NULL, NULL, NULL, NULL, 'Entered', 'inoerp', '2013-11-05 08:46:21', 'inoerp', '2013-11-05 08:46:21', NULL, NULL),
(17, 8, 'Standard Order', '8-17', 2, 3, NULL, NULL, 81, 80, 1000.00000, 'SGD', 2, NULL, NULL, NULL, NULL, NULL, NULL, 'Approved', 'inoerp', '2013-11-05 09:28:31', 'inoerp', '2013-11-05 09:28:31', 1, 1),
(18, 8, 'Standard Order', '-18', 2, 3, NULL, NULL, 81, 80, 100.00000, 'SGD', 2, NULL, NULL, NULL, NULL, NULL, NULL, 'Approved', 'inoerp', '2013-11-06 03:30:46', 'inoerp', '2013-11-06 03:30:46', 0, NULL),
(19, 8, 'Standard Order', '-19', 2, 3, NULL, NULL, 81, 80, 1000.00000, 'SGD', 2, NULL, NULL, NULL, NULL, NULL, NULL, 'Approved', 'inoerp', '2013-11-07 14:01:36', 'inoerp', '2013-11-07 14:01:36', 0, NULL),
(20, 8, 'Standard Order', 'PO20', 2, 3, NULL, NULL, 81, 80, 1000.00000, 'SGD', 2, NULL, NULL, NULL, NULL, NULL, NULL, 'Approved', 'inoerp', '2013-11-06 06:49:41', 'inoerp', '2013-11-06 06:49:41', 0, NULL),
(21, 8, 'Standard Order', '8-21', 2, 3, NULL, NULL, 81, 80, 1000.00000, 'SGD', 2, NULL, NULL, NULL, NULL, NULL, NULL, 'Entered', 'inoerp', '2013-11-06 06:51:46', 'inoerp', '2013-11-06 06:51:46', 0, NULL),
(22, 8, 'Standard Order', '8-22', 2, 3, NULL, NULL, 81, 80, 1000.00000, 'SGD', 2, NULL, NULL, NULL, NULL, NULL, NULL, 'Approved', 'inoerp', '2013-11-07 01:34:58', 'inoerp', '2013-11-07 01:34:58', 0, NULL),
(23, 8, 'Standard Order', '8-23', 2, 3, NULL, NULL, 81, 80, 100.00000, 'SGD', 2, NULL, NULL, NULL, NULL, NULL, NULL, 'Entered', 'inoerp', '2013-11-07 01:36:19', 'inoerp', '2013-11-07 01:36:19', 0, NULL),
(24, 8, 'Standard Order', '8-24', 2, 3, NULL, NULL, 81, 80, 50.00000, 'SGD', 2, NULL, NULL, NULL, NULL, NULL, NULL, 'Entered', 'inoerp', '2013-11-07 01:44:28', 'inoerp', '2013-11-07 01:44:28', 0, NULL),
(25, 8, 'Standard Order', '8-25', 2, 3, NULL, NULL, 81, 80, 100.00000, 'SGD', 2, NULL, NULL, NULL, NULL, NULL, NULL, 'Entered', 'inoerp', '2013-11-07 02:14:53', 'inoerp', '2013-11-07 02:14:53', NULL, NULL),
(26, 8, 'Standard Order', '8-26', 2, 3, NULL, NULL, 81, 80, 500.00000, 'SGD', 2, NULL, NULL, NULL, NULL, NULL, NULL, 'Approved', 'inoerp', '2013-11-07 02:45:49', 'inoerp', '2013-11-07 02:45:49', 0, NULL),
(27, 8, 'Standard Order', '8-27', 2, 3, NULL, NULL, 81, 80, 100.00000, 'SGD', 2, NULL, NULL, NULL, NULL, NULL, NULL, 'Approved', 'inoerp', '2013-11-11 02:51:31', 'inoerp', '2013-11-11 02:51:31', 0, NULL),
(28, 8, 'Standard Order', '8-28', 2, 3, NULL, NULL, 81, 80, 100.00000, 'SGD', 2, NULL, NULL, NULL, NULL, NULL, NULL, 'Entered', 'inoerp', '2013-11-07 03:05:17', 'inoerp', '2013-11-07 03:05:17', NULL, NULL),
(29, 8, 'Standard Order', '8-29', 2, 3, NULL, NULL, 81, 80, 100.00000, 'SGD', 2, NULL, NULL, NULL, NULL, NULL, NULL, 'Approved', 'inoerp', '2013-11-07 03:07:03', 'inoerp', '2013-11-07 03:07:03', 0, NULL),
(30, 8, 'Standard Order', '8-30', 2, 3, NULL, NULL, 81, 80, 100.00000, 'SGD', 2, NULL, NULL, NULL, NULL, NULL, NULL, 'Entered', 'inoerp', '2013-11-07 03:07:29', 'inoerp', '2013-11-07 03:07:29', NULL, NULL),
(31, 8, 'Standard Order', '8-31', 2, 3, NULL, NULL, 81, 80, 100.00000, 'SGD', 2, NULL, NULL, NULL, NULL, NULL, NULL, 'Approved', 'inoerp', '2013-11-07 03:16:55', 'inoerp', '2013-11-07 03:16:55', 0, NULL),
(32, 8, 'Standard Order', '8-32', 2, 3, NULL, NULL, 81, 80, 100.00000, 'SGD', 2, NULL, NULL, NULL, NULL, NULL, NULL, 'Approved', 'inoerp', '2013-11-07 03:19:22', 'inoerp', '2013-11-07 03:19:22', 0, NULL),
(33, 8, 'Standard Order', '8-33', 2, 3, NULL, NULL, 81, 80, 100.00000, 'SGD', 2, NULL, NULL, NULL, NULL, NULL, NULL, 'Entered', 'inoerp', '2013-11-07 05:00:20', 'inoerp', '2013-11-07 05:00:20', NULL, NULL),
(34, 8, 'Standard Order', '8-34', 2, 3, NULL, NULL, 81, 80, 100.00000, 'SGD', 2, NULL, NULL, NULL, NULL, NULL, NULL, 'Entered', 'inoerp', '2013-11-07 05:03:43', 'inoerp', '2013-11-07 05:03:43', 0, NULL),
(35, 8, 'Standard Order', '8-35', 2, 3, NULL, NULL, 81, 80, 100.00000, 'SGD', 2, NULL, NULL, NULL, NULL, NULL, NULL, 'Entered', 'inoerp', '2013-11-07 05:04:29', 'inoerp', '2013-11-07 05:04:29', NULL, NULL),
(36, 8, 'Standard Order', '8-36', 2, 3, NULL, NULL, 81, 80, 100.00000, 'SGD', 2, NULL, NULL, NULL, NULL, NULL, NULL, 'Entered', 'inoerp', '2013-11-07 05:07:19', 'inoerp', '2013-11-07 05:07:19', NULL, NULL),
(37, 8, 'Standard Order', '8-37', 2, 3, NULL, NULL, 81, 80, 100.00000, 'SGD', 2, NULL, NULL, NULL, NULL, NULL, NULL, 'Entered', 'inoerp', '2013-11-07 05:08:41', 'inoerp', '2013-11-07 05:08:41', 0, NULL),
(38, 8, 'Standard Order', '8-38', 2, 3, NULL, NULL, 81, 80, 100.00000, 'SGD', 2, '1970-01-01', NULL, NULL, NULL, NULL, NULL, 'Approved', 'inoerp', '2013-11-23 11:59:45', 'inoerp', '2013-11-23 11:59:45', 0, NULL),
(39, 8, 'Standard Order', '8-39', 2, 3, NULL, NULL, 81, 80, 1000.00000, 'SGD', 2, NULL, NULL, NULL, NULL, NULL, NULL, 'Entered', 'inoerp', '2013-11-08 04:53:08', 'inoerp', '2013-11-08 04:53:08', NULL, NULL),
(40, 8, 'Standard Order', '8-40', 2, 3, NULL, NULL, 81, 80, 49494.56000, 'SGD', 2, NULL, NULL, NULL, NULL, NULL, NULL, 'Approved', 'inoerp', '2013-11-19 07:25:33', 'inoerp', '2013-11-19 07:25:33', 0, NULL),
(41, 8, 'Standard Order', '8-41', 2, 3, NULL, NULL, 81, 80, 1000.00000, 'SGD', 2, NULL, NULL, NULL, NULL, NULL, NULL, 'Entered', 'inoerp', '2013-11-09 12:22:59', 'inoerp', '2013-11-09 12:22:59', NULL, NULL),
(42, 8, 'Standard Order', '8-42', 2, 3, NULL, NULL, 81, 80, 49494.56000, 'SGD', 2, NULL, NULL, NULL, NULL, NULL, NULL, 'Entered', 'inoerp', '2013-11-19 07:25:41', 'inoerp', '2013-11-19 07:25:41', NULL, NULL),
(43, 8, 'Standard Order', '8-43', 4, 5, NULL, NULL, 80, 83, 300.00000, 'USD', 4, NULL, NULL, NULL, NULL, NULL, NULL, 'Entered', 'inoerp', '2013-11-19 16:23:48', 'inoerp', '2013-11-19 16:23:48', NULL, NULL),
(44, 8, 'Standard Order', '8-44', 4, 5, NULL, NULL, 80, 83, 300.00000, 'USD', 4, NULL, NULL, NULL, NULL, NULL, NULL, 'Entered', 'inoerp', '2013-11-19 16:24:33', 'inoerp', '2013-11-19 16:24:33', NULL, NULL),
(45, 8, 'Standard Order', '8-45', 4, 5, NULL, NULL, 80, 83, 1000.00000, 'USD', 4, NULL, NULL, NULL, NULL, NULL, NULL, 'Approved', 'inoerp', '2013-11-20 03:06:01', 'inoerp', '2013-11-20 03:06:01', 0, NULL),
(46, 8, 'Standard Order', '8-46', 2, 3, NULL, NULL, 81, 80, 1000.00000, 'SGD', 2, NULL, NULL, NULL, NULL, NULL, NULL, 'Entered', 'inoerp', '2013-11-20 03:07:45', 'inoerp', '2013-11-20 03:07:45', NULL, NULL),
(47, 8, 'Standard Order', '8-47', 2, 3, NULL, NULL, 81, 80, 1000.00000, 'SGD', 2, NULL, NULL, NULL, NULL, NULL, NULL, 'Entered', 'inoerp', '2013-11-20 03:40:28', 'inoerp', '2013-11-20 03:40:28', 0, NULL),
(48, 8, 'Standard Order', '8-48', 2, 3, NULL, NULL, 81, 80, 1000.00000, 'SGD', 2, '0000-00-00', NULL, NULL, NULL, NULL, NULL, 'Entered', 'inoerp', '2013-11-20 04:18:36', 'inoerp', '2013-11-20 04:18:36', NULL, NULL),
(49, 8, 'Standard Order', '8-49', 2, 3, NULL, NULL, 81, 80, 4000.00000, 'SGD', 2, '0000-00-00', NULL, NULL, NULL, NULL, NULL, 'Entered', 'inoerp', '2013-11-20 10:38:56', 'inoerp', '2013-11-20 10:38:56', NULL, NULL),
(50, 8, 'Standard Order', '8-50', 2, 3, NULL, NULL, 81, 80, NULL, 'SGD', 2, '0000-00-00', NULL, NULL, NULL, NULL, NULL, 'Entered', 'inoerp', '2013-11-20 23:20:21', 'inoerp', '2013-11-20 23:20:21', 0, NULL),
(51, 8, 'Standard Order', '8-51', 2, 3, NULL, NULL, 81, 80, NULL, 'SGD', 2, '0000-00-00', NULL, NULL, NULL, NULL, NULL, 'Entered', 'inoerp', '2013-11-22 03:58:59', 'inoerp', '2013-11-22 03:58:59', NULL, NULL),
(52, 8, 'Standard Order', '8-52', 2, 3, NULL, NULL, 81, 80, 2.00000, 'SGD', 2, '1970-01-01', NULL, NULL, NULL, NULL, NULL, 'On_Hold', 'inoerp', '2013-12-30 15:54:02', 'inoerp', '2013-12-30 15:54:02', 0, NULL),
(53, 8, 'Standard Order', '8-53', 2, 3, NULL, NULL, 81, 80, 6577.00000, 'SGD', 2, '0000-00-00', NULL, NULL, NULL, NULL, NULL, 'Entered', 'inoerp', '2013-11-23 03:29:41', 'inoerp', '2013-11-23 03:29:41', NULL, NULL),
(54, 8, 'Standard Order', '8-54', 2, 3, NULL, NULL, 81, 80, 3.00000, 'SGD', 2, '1970-01-01', NULL, NULL, NULL, NULL, NULL, 'Entered', 'inoerp', '2013-11-27 16:49:25', 'inoerp', '2013-11-27 16:49:25', 0, NULL),
(55, 8, 'Standard Order', '8-55', 2, 3, NULL, NULL, 81, 80, 6000.00000, 'SGD', 2, '0000-00-00', NULL, NULL, NULL, NULL, NULL, 'Entered', 'inoerp', '2013-11-23 06:49:23', 'inoerp', '2013-11-23 06:49:23', NULL, NULL),
(56, 8, 'Standard Order', '8-56', 2, 3, NULL, NULL, 81, 80, 4040.00000, 'SGD', 2, '0000-00-00', NULL, NULL, NULL, NULL, NULL, 'Entered', 'inoerp', '2013-11-23 08:33:04', 'inoerp', '2013-11-23 08:33:04', NULL, NULL),
(57, 8, 'Standard Order', '8-57', 2, 3, NULL, NULL, 81, 80, 1222.00000, 'SGD', 2, '0000-00-00', NULL, NULL, NULL, NULL, NULL, 'Approved', 'inoerp', '2013-11-27 16:55:29', 'inoerp', '2013-11-27 16:55:29', 0, NULL),
(58, 8, 'Standard Order', '8-58', 2, 3, NULL, NULL, 81, 80, 1000.00000, 'SGD', 2, '0000-00-00', NULL, NULL, NULL, NULL, NULL, 'Entered', 'inoerp', '2013-11-29 03:10:22', 'inoerp', '2013-11-29 03:10:22', NULL, NULL),
(59, 8, 'Standard Order', '8-59', 2, 3, NULL, NULL, 81, 80, 10000.00000, 'SGD', 2, '0000-00-00', NULL, NULL, NULL, NULL, NULL, 'Entered', 'inoerp', '2013-11-29 03:55:27', 'inoerp', '2013-11-29 03:55:27', NULL, NULL),
(60, 8, 'Standard Order', '8-60', 2, 3, NULL, NULL, 81, 80, 200.00000, 'SGD', 2, '0000-00-00', NULL, NULL, NULL, NULL, NULL, 'Entered', 'inoerp', '2013-11-29 03:58:14', 'inoerp', '2013-11-29 03:58:14', NULL, NULL),
(61, 8, 'Standard Order', '8-61', 2, 3, NULL, NULL, 81, 80, 100.00000, 'SGD', 2, '0000-00-00', NULL, NULL, NULL, NULL, NULL, 'Entered', 'inoerp', '2013-11-29 04:02:15', 'inoerp', '2013-11-29 04:02:15', NULL, NULL),
(62, 8, 'Standard Order', '8-62', 2, 3, NULL, NULL, 81, 80, 5000.00000, 'SGD', 2, '1970-01-01', NULL, NULL, NULL, NULL, NULL, 'Approved', 'inoerp', '2013-11-29 14:21:42', 'inoerp', '2013-11-29 14:21:42', 0, NULL);

-- --------------------------------------------------------

--
-- Table structure for table `po_line`
--

CREATE TABLE IF NOT EXISTS `po_line` (
  `po_line_id` int(12) NOT NULL AUTO_INCREMENT,
  `po_header_id` int(12) NOT NULL,
  `line_number` int(12) NOT NULL,
  `item_id` int(12) DEFAULT NULL,
  `item_description` varchar(256) NOT NULL,
  `line_quantity` decimal(20,5) DEFAULT NULL,
  `unit_price` decimal(20,5) DEFAULT NULL,
  `line_price` decimal(20,5) DEFAULT NULL,
  `reference_doc_type` int(12) DEFAULT NULL,
  `reference_doc_number` int(12) DEFAULT NULL,
  `line_type` varchar(50) NOT NULL,
  `line_description` varchar(256) DEFAULT NULL,
  `uom` int(12) DEFAULT NULL,
  `ef_id` int(12) DEFAULT NULL,
  `status` varchar(50) DEFAULT NULL,
  `created_by` varchar(256) NOT NULL,
  `creation_date` datetime NOT NULL,
  `last_update_by` varchar(256) NOT NULL,
  `last_update_date` datetime NOT NULL,
  `rev_enabled_cb` tinyint(1) DEFAULT NULL,
  `rev_number` int(12) DEFAULT NULL,
  PRIMARY KEY (`po_line_id`)
) ENGINE=MyISAM  DEFAULT CHARSET=latin1 AUTO_INCREMENT=62 ;

--
-- Dumping data for table `po_line`
--

INSERT INTO `po_line` (`po_line_id`, `po_header_id`, `line_number`, `item_id`, `item_description`, `line_quantity`, `unit_price`, `line_price`, `reference_doc_type`, `reference_doc_number`, `line_type`, `line_description`, `uom`, `ef_id`, `status`, `created_by`, `creation_date`, `last_update_by`, `last_update_date`, `rev_enabled_cb`, `rev_number`) VALUES
(1, 5, 1, 1, 'TEST03', 10.00000, 8.00000, 80.00000, NULL, NULL, '329', 'TEST01', 27, NULL, NULL, 'inoerp', '2013-11-20 10:37:27', 'inoerp', '2013-11-20 10:37:27', NULL, NULL),
(2, 4, 1, 6, 'DEsc TEST004', 35.00000, 2.00000, 70.00000, 0, 1010, '329', NULL, NULL, NULL, NULL, 'inoerp', '2013-11-04 03:03:33', 'inoerp', '2013-11-04 03:03:33', NULL, NULL),
(3, 6, 1, 6, 'DEsc TEST004', 75.00000, 4.00000, 300.00000, 0, 1, '329', 'LINE01DESC', NULL, NULL, NULL, 'inoerp', '2013-11-07 13:17:10', 'inoerp', '2013-11-07 13:17:10', NULL, NULL),
(4, 6, 2, 1, 'TEST03', 2.00000, 100.00000, 200.00000, NULL, 2, '329', NULL, NULL, NULL, NULL, 'inoerp', '2013-11-07 13:17:10', 'inoerp', '2013-11-07 13:17:10', NULL, NULL),
(5, 4, 2, 1, 'TEST03', 100.00000, 5.00000, 500.00000, NULL, 1020, '329', 'Line2DESC', NULL, NULL, NULL, 'inoerp', '2013-11-04 03:03:34', 'inoerp', '2013-11-04 03:03:34', NULL, NULL),
(6, 7, 1, 6, 'Desc TEST004', 10.00000, 170.00000, 1700.00000, NULL, NULL, '329', 'Line DESC01', NULL, NULL, NULL, 'inoerp', '2013-11-04 10:08:31', 'inoerp', '2013-11-04 10:08:31', NULL, NULL),
(7, 18, 1, 6, 'DEsc TEST004', 10.00000, 5.00000, 322.00000, NULL, NULL, '329', NULL, NULL, NULL, NULL, 'inoerp', '2013-11-06 03:30:47', 'inoerp', '2013-11-06 03:30:47', NULL, NULL),
(8, 18, 2, 1, 'TEST03', 5.00000, 10.00000, 50.00000, NULL, NULL, '329', NULL, NULL, NULL, NULL, 'inoerp', '2013-11-06 03:30:47', 'inoerp', '2013-11-06 03:30:47', NULL, NULL),
(9, 18, 3, 2, 'TEST04', 50.00000, 50.00000, 444.00000, NULL, NULL, '329', NULL, NULL, NULL, NULL, 'inoerp', '2013-11-06 03:30:47', 'inoerp', '2013-11-06 03:30:47', NULL, NULL),
(10, 19, 1, 6, 'DEsc TEST004', 100.56400, 5.00000, 500.00000, NULL, NULL, '329', NULL, NULL, NULL, NULL, 'inoerp', '2013-11-07 14:01:35', 'inoerp', '2013-11-07 14:01:35', NULL, NULL),
(11, 19, 2, 1, 'TEST03', 50.00000, 5.00000, 250.00000, NULL, NULL, '329', NULL, NULL, NULL, NULL, 'inoerp', '2013-11-07 14:01:35', 'inoerp', '2013-11-07 14:01:35', NULL, NULL),
(12, 20, 1, 6, 'DEsc TEST004', 100.00000, 5.00000, 500.00000, NULL, NULL, '329', NULL, NULL, NULL, NULL, 'inoerp', '2013-11-06 06:49:41', 'inoerp', '2013-11-06 06:49:41', NULL, NULL),
(13, 21, 1, 6, 'DEsc TEST004', 100.00000, 8.00000, 800.00000, NULL, NULL, '329', 'Line1 DESC', NULL, NULL, NULL, 'inoerp', '2013-11-06 06:51:47', 'inoerp', '2013-11-06 06:51:47', NULL, NULL),
(14, 22, 1, 6, 'DEsc TEST004', 10.00000, 5.00000, 50.00000, NULL, NULL, '329', NULL, NULL, NULL, NULL, 'inoerp', '2013-11-07 01:34:59', 'inoerp', '2013-11-07 01:34:59', NULL, NULL),
(15, 27, 1, 6, 'DEsc TEST004', 10.00000, 5.00000, 50.00000, NULL, NULL, '329', NULL, NULL, NULL, NULL, 'inoerp', '2013-11-11 02:51:32', 'inoerp', '2013-11-11 02:51:32', NULL, NULL),
(16, 27, 2, 6, 'DEsc TEST004', 10.00000, 5.00000, 50.00000, NULL, NULL, '329', NULL, NULL, NULL, NULL, 'inoerp', '2013-11-11 02:51:32', 'inoerp', '2013-11-11 02:51:32', NULL, NULL),
(17, 27, 3, 6, 'DEsc TEST004', 10.00000, 5.00000, 50.00000, NULL, NULL, '329', NULL, NULL, NULL, NULL, 'inoerp', '2013-11-11 02:51:31', 'inoerp', '2013-11-11 02:51:31', NULL, NULL),
(18, 27, 4, 6, 'DEsc TEST004', 10.00000, 5.00000, 50.00000, NULL, NULL, '329', NULL, NULL, NULL, NULL, 'inoerp', '2013-11-11 02:51:33', 'inoerp', '2013-11-11 02:51:33', NULL, NULL),
(19, 27, 5, 6, 'DEsc TEST004', 10.00000, 5.00000, 50.00000, NULL, NULL, '329', NULL, NULL, NULL, NULL, 'inoerp', '2013-11-11 02:51:32', 'inoerp', '2013-11-11 02:51:32', NULL, NULL),
(20, 27, 6, 6, 'DEsc TEST004', 10.00000, 5.00000, 50.00000, NULL, NULL, '329', NULL, NULL, NULL, NULL, 'inoerp', '2013-11-11 02:51:33', 'inoerp', '2013-11-11 02:51:33', NULL, NULL),
(21, 27, 7, 6, 'DEsc TEST004', 10.00000, 5.00000, 50.00000, NULL, NULL, '329', NULL, NULL, NULL, NULL, 'inoerp', '2013-11-11 02:51:33', 'inoerp', '2013-11-11 02:51:33', NULL, NULL),
(22, 27, 8, 6, 'DEsc TEST004', 10.00000, 5.00000, 50.00000, NULL, NULL, '329', NULL, NULL, NULL, NULL, 'inoerp', '2013-11-11 02:51:33', 'inoerp', '2013-11-11 02:51:33', NULL, NULL),
(23, 27, 9, 6, 'DEsc TEST004', 10.00000, 5.00000, 50.00000, NULL, NULL, '329', NULL, NULL, NULL, NULL, 'inoerp', '2013-11-11 02:51:33', 'inoerp', '2013-11-11 02:51:33', NULL, NULL),
(24, 27, 10, 6, 'DEsc TEST004', 10.00000, 5.00000, 50.00000, NULL, NULL, '329', NULL, NULL, NULL, NULL, 'inoerp', '2013-11-11 02:51:33', 'inoerp', '2013-11-11 02:51:33', NULL, NULL),
(25, 27, 11, 6, 'DEsc TEST004', 10.00000, 5.00000, 50.00000, NULL, NULL, '329', NULL, NULL, NULL, NULL, 'inoerp', '2013-11-11 02:51:34', 'inoerp', '2013-11-11 02:51:34', NULL, NULL),
(26, 27, 12, 6, 'DEsc TEST004', 10.00000, 5.00000, 50.00000, NULL, NULL, '329', NULL, NULL, NULL, NULL, 'inoerp', '2013-11-11 02:51:34', 'inoerp', '2013-11-11 02:51:34', NULL, NULL),
(27, 31, 1, 6, 'DEsc TEST004', 10.00000, 5.00000, 50.00000, NULL, NULL, '329', NULL, NULL, NULL, NULL, 'inoerp', '2013-11-07 05:01:52', 'inoerp', '2013-11-07 05:01:52', NULL, NULL),
(28, 31, 1, 6, 'DEsc TEST004', 10.00000, 5.00000, 50.00000, NULL, NULL, '329', NULL, NULL, NULL, NULL, 'inoerp', '2013-11-07 05:01:52', 'inoerp', '2013-11-07 05:01:52', NULL, NULL),
(29, 31, 1, 6, 'DEsc TEST004', 10.00000, 5.00000, 50.00000, NULL, NULL, '329', NULL, NULL, NULL, NULL, 'inoerp', '2013-11-07 05:01:52', 'inoerp', '2013-11-07 05:01:52', NULL, NULL),
(30, 31, 1, 6, 'DEsc TEST004', 10.00000, 5.00000, 50.00000, NULL, NULL, '329', NULL, NULL, NULL, NULL, 'inoerp', '2013-11-07 05:01:52', 'inoerp', '2013-11-07 05:01:52', NULL, NULL),
(31, 31, 1, 6, 'DEsc TEST004', 10.00000, 5.00000, 50.00000, NULL, NULL, '329', NULL, NULL, NULL, NULL, 'inoerp', '2013-11-07 05:01:51', 'inoerp', '2013-11-07 05:01:51', NULL, NULL),
(32, 31, 1, 6, 'DEsc TEST004', 10.00000, 5.00000, 50.00000, NULL, NULL, '329', NULL, NULL, NULL, NULL, 'inoerp', '2013-11-07 05:01:52', 'inoerp', '2013-11-07 05:01:52', NULL, NULL),
(33, 34, 1, 6, 'DEsc TEST004', 100.00000, 8.00000, 800.00000, NULL, NULL, '329', NULL, NULL, NULL, NULL, 'inoerp', '2013-11-07 05:03:43', 'inoerp', '2013-11-07 05:03:43', NULL, NULL),
(34, 34, 1, 6, 'DEsc TEST004', 100.00000, 8.00000, 800.00000, NULL, NULL, '329', NULL, NULL, NULL, NULL, 'inoerp', '2013-11-07 05:04:28', 'inoerp', '2013-11-07 05:04:28', NULL, NULL),
(35, 37, 1, 6, 'DEsc TEST004', 100.00000, 8.00000, 800.00000, NULL, NULL, '329', NULL, NULL, NULL, NULL, 'inoerp', '2013-11-07 05:08:41', 'inoerp', '2013-11-07 05:08:41', NULL, NULL),
(36, 37, 1, 6, 'DEsc TEST004', 100.00000, 8.00000, 800.00000, NULL, NULL, '329', NULL, NULL, NULL, NULL, 'inoerp', '2013-11-07 05:08:41', 'inoerp', '2013-11-07 05:08:41', NULL, NULL),
(37, 37, 1, 6, 'DEsc TEST004', 100.00000, 8.00000, 800.00000, NULL, NULL, '329', NULL, NULL, NULL, NULL, 'inoerp', '2013-11-07 05:18:25', 'inoerp', '2013-11-07 05:18:25', NULL, NULL),
(38, 37, 1, 6, 'DEsc TEST004', 100.00000, 8.00000, 800.00000, NULL, NULL, '329', NULL, NULL, NULL, NULL, 'inoerp', '2013-11-07 05:18:28', 'inoerp', '2013-11-07 05:18:28', NULL, NULL),
(39, 38, 1, 6, 'DEsc TEST004', 100.00000, 8.00000, 800.00000, NULL, NULL, '329', NULL, 27, NULL, NULL, 'inoerp', '2013-11-23 11:59:41', 'inoerp', '2013-11-23 11:59:41', NULL, NULL),
(40, 38, 1, 6, 'DEsc TEST004', 200.00000, 9.00000, 1.00000, NULL, NULL, '329', NULL, 27, NULL, NULL, 'inoerp', '2013-11-23 11:59:41', 'inoerp', '2013-11-23 11:59:41', NULL, NULL),
(41, 40, 1, 6, 'DEsc TEST004', 100.00000, 9.00000, 900.00000, NULL, NULL, '329', NULL, NULL, NULL, NULL, 'inoerp', '2013-11-19 07:25:35', 'inoerp', '2013-11-19 07:25:35', NULL, NULL),
(42, 40, 2, 1, 'TEST03', 15.00000, 8.00000, 80.00000, NULL, NULL, '329', NULL, NULL, NULL, NULL, 'inoerp', '2013-11-19 07:25:35', 'inoerp', '2013-11-19 07:25:35', NULL, NULL),
(43, 40, 3, 6, 'DEsc TEST004', 1.00000, 77.00000, 77.00000, NULL, NULL, '329', NULL, NULL, NULL, NULL, 'inoerp', '2013-11-19 07:25:34', 'inoerp', '2013-11-19 07:25:34', NULL, NULL),
(44, 40, 1, 6, 'DEsc TEST004', 100.00000, 9.00000, 900.00000, NULL, NULL, '329', NULL, NULL, NULL, NULL, 'inoerp', '2013-11-19 07:25:42', 'inoerp', '2013-11-19 07:25:42', NULL, NULL),
(45, 40, 2, 1, 'TEST03', 15.00000, 8.00000, 80.00000, NULL, NULL, '329', NULL, NULL, NULL, NULL, 'inoerp', '2013-11-19 07:25:42', 'inoerp', '2013-11-19 07:25:42', NULL, NULL),
(46, 40, 3, 6, 'DEsc TEST004', 1.00000, 77.00000, 77.00000, NULL, NULL, '329', NULL, NULL, NULL, NULL, 'inoerp', '2013-11-19 07:25:42', 'inoerp', '2013-11-19 07:25:42', NULL, NULL),
(47, 45, 1, 6, 'DEsc TEST004', 77.00000, 56.00000, 4312.00000, NULL, NULL, '329', NULL, NULL, NULL, NULL, 'inoerp', '2013-11-20 03:06:02', 'inoerp', '2013-11-20 03:06:02', NULL, NULL),
(48, 45, 2, 6, 'DEsc TEST004', 77.00000, 56.00000, 4312.00000, NULL, NULL, '329', NULL, NULL, NULL, NULL, 'inoerp', '2013-11-20 03:06:03', 'inoerp', '2013-11-20 03:06:03', NULL, NULL),
(49, 45, 3, 6, 'DEsc TEST004', 66.00000, 8.00000, 528.00000, NULL, NULL, '329', NULL, NULL, NULL, NULL, 'inoerp', '2013-11-20 03:06:02', 'inoerp', '2013-11-20 03:06:02', NULL, NULL),
(50, 45, 4, 6, 'DEsc TEST004', 66.00000, 8.00000, 528.00000, NULL, NULL, '329', NULL, NULL, NULL, NULL, 'inoerp', '2013-11-20 03:06:03', 'inoerp', '2013-11-20 03:06:03', NULL, NULL),
(51, 47, 1, 6, 'DEsc TEST004', 90.00000, 12.00000, 1080.00000, NULL, NULL, '329', NULL, NULL, NULL, NULL, 'inoerp', '2013-11-20 03:39:09', 'inoerp', '2013-11-20 03:39:09', NULL, NULL),
(52, 47, 1, 6, 'DEsc TEST004', 90.00000, 12.00000, 1080.00000, NULL, NULL, '329', NULL, NULL, NULL, NULL, 'inoerp', '2013-11-20 03:39:35', 'inoerp', '2013-11-20 03:39:35', NULL, NULL),
(53, 47, 1, 6, 'DEsc TEST004', 90.00000, 12.00000, 1080.00000, NULL, NULL, '329', NULL, NULL, NULL, NULL, 'inoerp', '2013-11-20 03:40:20', 'inoerp', '2013-11-20 03:40:20', NULL, NULL),
(54, 47, 1, 6, 'DEsc TEST004', 90.00000, 12.00000, 1080.00000, NULL, NULL, '329', NULL, NULL, NULL, NULL, 'inoerp', '2013-11-20 03:40:28', 'inoerp', '2013-11-20 03:40:28', NULL, NULL),
(55, 50, 1, 1, 'TEST03', 10.00000, 98.00000, 980.00000, NULL, NULL, '329', NULL, 27, NULL, NULL, 'inoerp', '2013-11-21 01:57:00', 'inoerp', '2013-11-21 01:57:00', NULL, NULL),
(56, 52, 1, 1, 'TEST03', 66.00000, 7.00000, 462.00000, NULL, NULL, '329', NULL, 27, NULL, NULL, 'inoerp', '2013-12-30 15:54:04', 'inoerp', '2013-12-30 15:54:04', NULL, NULL),
(57, 52, 2, 6, 'DEsc TEST004', 125.00000, 8.00000, 1.00000, NULL, NULL, '329', NULL, 27, NULL, NULL, 'inoerp', '2013-12-30 15:54:04', 'inoerp', '2013-12-30 15:54:04', NULL, NULL),
(58, 52, 3, 1, 'TEST03', 88.00000, 65.00000, 5.00000, NULL, NULL, '329', NULL, 27, NULL, NULL, 'inoerp', '2013-12-30 15:54:04', 'inoerp', '2013-12-30 15:54:04', NULL, NULL),
(59, 54, 1, 1, 'TEST03', 50.00000, 15.66700, 783.35000, NULL, NULL, '329', NULL, 27, NULL, NULL, 'inoerp', '2013-11-23 05:13:51', 'inoerp', '2013-11-23 05:13:51', NULL, NULL),
(60, 54, 2, 1, 'TEST03', 20.00000, 12.69000, 253.80000, NULL, NULL, '329', NULL, 27, NULL, NULL, 'inoerp', '2013-11-27 16:49:31', 'inoerp', '2013-11-27 16:49:31', NULL, NULL),
(61, 62, 1, 1, 'TEST03', 6.00000, 58.40000, 584.00000, NULL, NULL, '329', NULL, 27, NULL, NULL, 'inoerp', '2013-11-29 14:21:44', 'inoerp', '2013-11-29 14:21:44', NULL, NULL);

-- --------------------------------------------------------

--
-- Table structure for table `product`
--

CREATE TABLE IF NOT EXISTS `product` (
  `content_id` int(12) NOT NULL,
  `field_name` varchar(50) DEFAULT NULL,
  `field_image` varchar(100) DEFAULT NULL,
  `field_price` int(10) DEFAULT NULL,
  `field_description` varchar(256) DEFAULT NULL,
  PRIMARY KEY (`content_id`)
) ENGINE=MyISAM DEFAULT CHARSET=latin1;

-- --------------------------------------------------------

--
-- Table structure for table `receipt_header`
--

CREATE TABLE IF NOT EXISTS `receipt_header` (
  `receipt_header_id` int(12) NOT NULL AUTO_INCREMENT,
  `receipt_number` varchar(50) DEFAULT NULL,
  `comment` varchar(256) DEFAULT NULL,
  `org_id` int(12) NOT NULL,
  `transaction_type_id` int(12) DEFAULT NULL,
  `receipt_date` date DEFAULT NULL,
  `status` varchar(25) DEFAULT NULL,
  `received_by` varchar(256) DEFAULT NULL,
  `carrier` varchar(256) DEFAULT NULL,
  `vechile_number` varchar(256) DEFAULT NULL,
  `ef_id` int(12) DEFAULT NULL,
  `created_by` varchar(256) NOT NULL,
  `creation_date` datetime NOT NULL,
  `last_update_by` varchar(256) NOT NULL,
  `last_update_date` datetime NOT NULL,
  PRIMARY KEY (`receipt_header_id`)
) ENGINE=MyISAM  DEFAULT CHARSET=latin1 AUTO_INCREMENT=47 ;

--
-- Dumping data for table `receipt_header`
--

INSERT INTO `receipt_header` (`receipt_header_id`, `receipt_number`, `comment`, `org_id`, `transaction_type_id`, `receipt_date`, `status`, `received_by`, `carrier`, `vechile_number`, `ef_id`, `created_by`, `creation_date`, `last_update_by`, `last_update_date`) VALUES
(1, '6-1', NULL, 6, 4, '0000-00-00', NULL, NULL, NULL, NULL, NULL, 'inoerp', '2013-11-14 15:54:00', 'inoerp', '2013-11-14 15:54:00'),
(2, '6-2', NULL, 6, 4, '0000-00-00', NULL, NULL, NULL, NULL, NULL, 'inoerp', '2013-11-15 04:30:12', 'inoerp', '2013-11-15 04:30:12'),
(3, '6-3', NULL, 6, 4, '0000-00-00', NULL, NULL, NULL, NULL, NULL, 'inoerp', '2013-11-15 04:37:27', 'inoerp', '2013-11-15 04:37:27'),
(4, '6-4', NULL, 6, 4, '0000-00-00', NULL, NULL, NULL, NULL, NULL, 'inoerp', '2013-11-15 08:35:58', 'inoerp', '2013-11-15 08:35:58'),
(5, '6-5', NULL, 6, 4, '0000-00-00', NULL, NULL, NULL, NULL, NULL, 'inoerp', '2013-11-15 08:36:29', 'inoerp', '2013-11-15 08:36:29'),
(6, '6-6', NULL, 6, 4, '0000-00-00', NULL, NULL, NULL, NULL, NULL, 'inoerp', '2013-11-15 08:37:08', 'inoerp', '2013-11-15 08:37:08'),
(7, '6-7', NULL, 6, 4, '0000-00-00', NULL, NULL, NULL, NULL, NULL, 'inoerp', '2013-11-15 08:38:48', 'inoerp', '2013-11-15 08:38:48'),
(8, '6-8', NULL, 6, 4, '0000-00-00', NULL, NULL, NULL, NULL, NULL, 'inoerp', '2013-11-15 09:31:35', 'inoerp', '2013-11-15 09:31:35'),
(9, '6-9', NULL, 6, 4, '0000-00-00', NULL, NULL, NULL, NULL, NULL, 'inoerp', '2013-11-15 09:12:10', 'inoerp', '2013-11-15 09:12:10'),
(10, '6-10', NULL, 6, 4, '0000-00-00', NULL, NULL, NULL, NULL, NULL, 'inoerp', '2013-11-15 09:22:01', 'inoerp', '2013-11-15 09:22:01'),
(11, '6-11', NULL, 6, 4, '0000-00-00', NULL, NULL, NULL, NULL, NULL, 'inoerp', '2013-11-15 09:35:22', 'inoerp', '2013-11-15 09:35:22'),
(12, '6-12', NULL, 6, 4, '0000-00-00', NULL, NULL, NULL, NULL, NULL, 'inoerp', '2013-11-15 09:41:53', 'inoerp', '2013-11-15 09:41:53'),
(13, '6-13', NULL, 6, 4, '0000-00-00', NULL, NULL, NULL, NULL, NULL, 'inoerp', '2013-11-15 09:47:53', 'inoerp', '2013-11-15 09:47:53'),
(14, '6-14', NULL, 6, 4, '0000-00-00', NULL, NULL, NULL, NULL, NULL, 'inoerp', '2013-11-15 17:51:53', 'inoerp', '2013-11-15 17:51:53'),
(15, '6-15', NULL, 6, 4, '0000-00-00', NULL, NULL, NULL, NULL, NULL, 'inoerp', '2013-11-16 04:43:38', 'inoerp', '2013-11-16 04:43:38'),
(16, '6-16', NULL, 6, 4, '0000-00-00', NULL, NULL, NULL, NULL, NULL, 'inoerp', '2013-11-16 04:46:57', 'inoerp', '2013-11-16 04:46:57'),
(17, '6-17', NULL, 6, 4, '0000-00-00', NULL, NULL, NULL, NULL, NULL, 'inoerp', '2013-11-16 04:48:28', 'inoerp', '2013-11-16 04:48:28'),
(18, '6-18', NULL, 6, 4, '0000-00-00', NULL, NULL, NULL, NULL, NULL, 'inoerp', '2013-11-16 04:53:29', 'inoerp', '2013-11-16 04:53:29'),
(19, '6-19', NULL, 6, 4, '0000-00-00', NULL, NULL, NULL, NULL, NULL, 'inoerp', '2013-11-16 04:56:56', 'inoerp', '2013-11-16 04:56:56'),
(20, '6-20', NULL, 6, 4, '0000-00-00', NULL, NULL, NULL, NULL, NULL, 'inoerp', '2013-11-16 05:18:27', 'inoerp', '2013-11-16 05:18:27'),
(21, '6-21', NULL, 6, 4, '0000-00-00', NULL, NULL, NULL, NULL, NULL, 'inoerp', '2013-11-16 10:03:57', 'inoerp', '2013-11-16 10:03:57'),
(22, '6-22', NULL, 6, 4, '0000-00-00', NULL, NULL, NULL, NULL, NULL, 'inoerp', '2013-11-16 10:16:57', 'inoerp', '2013-11-16 10:16:57'),
(23, '6-23', NULL, 6, 4, '0000-00-00', NULL, NULL, NULL, NULL, NULL, 'inoerp', '2013-11-17 11:00:02', 'inoerp', '2013-11-17 11:00:02'),
(24, '6-24', NULL, 6, 4, '0000-00-00', NULL, NULL, NULL, NULL, NULL, 'inoerp', '2013-11-17 11:14:09', 'inoerp', '2013-11-17 11:14:09'),
(25, '6-25', NULL, 6, 4, '0000-00-00', NULL, NULL, NULL, NULL, NULL, 'inoerp', '2013-11-17 11:55:47', 'inoerp', '2013-11-17 11:55:47'),
(26, '6-26', NULL, 6, 4, '0000-00-00', NULL, NULL, NULL, NULL, NULL, 'inoerp', '2013-11-17 12:39:30', 'inoerp', '2013-11-17 12:39:30'),
(27, '6-27', NULL, 6, 4, '0000-00-00', NULL, NULL, NULL, NULL, NULL, 'inoerp', '2013-11-17 12:43:49', 'inoerp', '2013-11-17 12:43:49'),
(28, '6-28', NULL, 6, 4, '0000-00-00', NULL, NULL, NULL, NULL, NULL, 'inoerp', '2013-11-17 12:54:22', 'inoerp', '2013-11-17 12:54:22'),
(29, '6-29', NULL, 6, 4, '0000-00-00', NULL, NULL, NULL, NULL, NULL, 'inoerp', '2013-11-17 13:17:26', 'inoerp', '2013-11-17 13:17:26'),
(30, '6-30', NULL, 6, 4, '0000-00-00', NULL, NULL, NULL, NULL, NULL, 'inoerp', '2013-11-17 13:16:02', 'inoerp', '2013-11-17 13:16:02'),
(31, '6-31', NULL, 6, 4, '0000-00-00', NULL, NULL, NULL, NULL, NULL, 'inoerp', '2013-11-17 13:25:33', 'inoerp', '2013-11-17 13:25:33'),
(32, '6-32', NULL, 6, 4, '0000-00-00', NULL, NULL, NULL, NULL, NULL, 'inoerp', '2013-11-17 13:27:12', 'inoerp', '2013-11-17 13:27:12'),
(33, '6-33', NULL, 6, 4, '0000-00-00', NULL, NULL, NULL, NULL, NULL, 'inoerp', '2013-11-18 05:57:09', 'inoerp', '2013-11-18 05:57:09'),
(34, '6-34', NULL, 6, 4, '0000-00-00', NULL, NULL, NULL, NULL, NULL, 'inoerp', '2013-11-19 01:15:09', 'inoerp', '2013-11-19 01:15:09'),
(35, '6-35', NULL, 6, 4, '0000-00-00', NULL, NULL, NULL, NULL, NULL, 'inoerp', '2013-11-19 01:21:27', 'inoerp', '2013-11-19 01:21:27'),
(36, '6-36', NULL, 6, 4, '0000-00-00', NULL, NULL, NULL, NULL, NULL, 'inoerp', '2013-11-19 02:52:39', 'inoerp', '2013-11-19 02:52:39'),
(37, '6-37', NULL, 6, 4, '0000-00-00', NULL, NULL, NULL, NULL, NULL, 'inoerp', '2013-11-19 02:55:30', 'inoerp', '2013-11-19 02:55:30'),
(38, '6-38', NULL, 6, 4, '0000-00-00', NULL, NULL, NULL, NULL, NULL, 'inoerp', '2013-11-19 03:01:57', 'inoerp', '2013-11-19 03:01:57'),
(39, '6-39', NULL, 6, 4, '0000-00-00', NULL, NULL, NULL, NULL, NULL, 'inoerp', '2013-11-19 03:04:43', 'inoerp', '2013-11-19 03:04:43'),
(40, '6-40', NULL, 6, 4, '0000-00-00', NULL, NULL, NULL, NULL, NULL, 'inoerp', '2013-11-19 03:27:28', 'inoerp', '2013-11-19 03:27:28'),
(41, '6-41', NULL, 6, 4, '0000-00-00', NULL, NULL, NULL, NULL, NULL, 'inoerp', '2013-11-19 09:38:37', 'inoerp', '2013-11-19 09:38:37'),
(42, '6-42', NULL, 6, 4, '2013-11-23', NULL, NULL, NULL, NULL, NULL, 'inoerp', '2013-11-23 11:28:54', 'inoerp', '2013-11-23 11:28:54'),
(43, '6-43', NULL, 6, 4, '2013-11-23', NULL, NULL, NULL, NULL, NULL, 'inoerp', '2013-11-23 12:01:26', 'inoerp', '2013-11-23 12:01:26'),
(44, '6-44', NULL, 6, 4, '2013-11-23', NULL, NULL, NULL, NULL, NULL, 'inoerp', '2013-11-23 13:33:06', 'inoerp', '2013-11-23 13:33:06'),
(45, '6-45', NULL, 6, 4, '2013-11-27', NULL, NULL, NULL, NULL, NULL, 'inoerp', '2013-11-27 16:58:13', 'inoerp', '2013-11-27 16:58:13'),
(46, 'REC001', NULL, 6, 4, '2014-01-14', NULL, NULL, NULL, NULL, NULL, 'inoerp', '2014-01-06 08:42:24', 'inoerp', '2014-01-06 08:42:24');

-- --------------------------------------------------------

--
-- Table structure for table `receipt_line`
--

CREATE TABLE IF NOT EXISTS `receipt_line` (
  `receipt_line_id` int(12) unsigned NOT NULL AUTO_INCREMENT,
  `receipt_header_id` int(12) unsigned NOT NULL,
  `subinventory_id` int(12) NOT NULL,
  `locator_id` int(12) DEFAULT NULL,
  `item_id` int(12) DEFAULT NULL,
  `item_description` varchar(256) DEFAULT NULL,
  `status` varchar(25) DEFAULT NULL,
  `uom_id` int(12) DEFAULT NULL,
  `receving_account_id` int(12) DEFAULT NULL,
  `accrual_account_id` int(12) DEFAULT NULL,
  `received_quantity` int(12) DEFAULT NULL,
  `ref_doc_type` varchar(256) DEFAULT NULL,
  `ref_doc_number` varchar(256) DEFAULT NULL,
  `po_header_id` int(12) DEFAULT NULL,
  `po_line_id` int(12) DEFAULT NULL,
  `po_detail_id` int(12) DEFAULT NULL,
  `country_of_origin` int(12) DEFAULT NULL,
  `lot_number` varchar(256) DEFAULT NULL,
  `serial_number` varchar(256) DEFAULT NULL,
  `created_by` varchar(256) NOT NULL,
  `creation_date` datetime NOT NULL,
  `last_update_by` varchar(256) NOT NULL,
  `last_update_date` datetime NOT NULL,
  PRIMARY KEY (`receipt_line_id`)
) ENGINE=MyISAM  DEFAULT CHARSET=latin1 AUTO_INCREMENT=14 ;

--
-- Dumping data for table `receipt_line`
--

INSERT INTO `receipt_line` (`receipt_line_id`, `receipt_header_id`, `subinventory_id`, `locator_id`, `item_id`, `item_description`, `status`, `uom_id`, `receving_account_id`, `accrual_account_id`, `received_quantity`, `ref_doc_type`, `ref_doc_number`, `po_header_id`, `po_line_id`, `po_detail_id`, `country_of_origin`, `lot_number`, `serial_number`, `created_by`, `creation_date`, `last_update_by`, `last_update_date`) VALUES
(1, 33, 2, NULL, 6, 'DEsc TEST004', NULL, 2, NULL, NULL, 8, NULL, NULL, 22, 14, 16, NULL, NULL, NULL, 'inoerp', '2013-11-18 05:57:11', 'inoerp', '2013-11-18 05:57:11'),
(2, 39, 2, 5, 6, 'DEsc TEST004', NULL, 2, NULL, NULL, 5, NULL, NULL, 27, 15, 17, NULL, NULL, NULL, 'inoerp', '2013-11-19 03:04:45', 'inoerp', '2013-11-19 03:04:45'),
(3, 40, 2, 5, 6, 'DEsc TEST004', NULL, 2, NULL, NULL, 6, NULL, NULL, 27, 15, 17, NULL, NULL, NULL, 'inoerp', '2013-11-19 03:26:07', 'inoerp', '2013-11-19 03:26:07'),
(4, 40, 3, 9, 6, 'DEsc TEST004', NULL, 2, NULL, NULL, 4, NULL, NULL, 22, 14, 16, NULL, NULL, NULL, 'inoerp', '2013-11-19 03:27:30', 'inoerp', '2013-11-19 03:27:30'),
(5, 41, 2, 5, 6, 'DEsc TEST004', NULL, 2, NULL, NULL, 3, NULL, NULL, 27, 15, 17, NULL, NULL, NULL, 'inoerp', '2013-11-19 09:03:03', 'inoerp', '2013-11-19 09:03:03'),
(6, 41, 2, 5, 6, 'DEsc TEST004', NULL, 2, NULL, NULL, 4, NULL, NULL, 27, 15, 17, NULL, NULL, NULL, 'inoerp', '2013-11-19 09:13:26', 'inoerp', '2013-11-19 09:13:26'),
(7, 41, 2, 5, 6, 'DEsc TEST004', NULL, 2, NULL, NULL, 2, NULL, NULL, 27, 15, 17, NULL, NULL, NULL, 'inoerp', '2013-11-19 09:37:39', 'inoerp', '2013-11-19 09:37:39'),
(8, 43, 5, NULL, 6, 'DEsc TEST004', NULL, 27, NULL, NULL, 45, NULL, NULL, 38, 39, 41, NULL, NULL, NULL, 'inoerp', '2013-11-23 12:01:33', 'inoerp', '2013-11-23 12:01:33'),
(9, 43, 6, NULL, 6, 'DEsc TEST004', NULL, 27, NULL, NULL, 45, NULL, NULL, 38, 40, 42, NULL, NULL, NULL, 'inoerp', '2013-11-23 12:01:34', 'inoerp', '2013-11-23 12:01:34'),
(10, 44, 2, 5, 6, 'DEsc TEST004', NULL, 27, NULL, NULL, 20, NULL, NULL, 38, 39, 41, NULL, NULL, NULL, 'inoerp', '2013-11-23 13:33:09', 'inoerp', '2013-11-23 13:33:09'),
(11, 44, 3, 9, 6, 'DEsc TEST004', NULL, 27, NULL, NULL, 45, NULL, NULL, 38, 40, 42, NULL, NULL, NULL, 'inoerp', '2013-11-23 13:33:11', 'inoerp', '2013-11-23 13:33:11'),
(12, 45, 2, 5, 6, 'DEsc TEST004', NULL, 27, NULL, NULL, 8, NULL, NULL, 22, 14, 16, NULL, NULL, NULL, 'inoerp', '2013-11-27 16:58:19', 'inoerp', '2013-11-27 16:58:19'),
(13, 46, 2, 5, 6, 'DEsc TEST004', NULL, 27, NULL, NULL, 8, NULL, NULL, 20, 12, 14, NULL, NULL, NULL, 'inoerp', '2014-01-06 08:42:24', 'inoerp', '2014-01-06 08:42:24');

-- --------------------------------------------------------

--
-- Table structure for table `role_path`
--

CREATE TABLE IF NOT EXISTS `role_path` (
  `role_path_id` int(12) unsigned NOT NULL AUTO_INCREMENT,
  `role_id` int(12) unsigned NOT NULL,
  `path_id` int(12) unsigned DEFAULT NULL,
  `created_by` varchar(100) DEFAULT NULL,
  `creation_date` timestamp NULL DEFAULT NULL,
  `last_update_by` varchar(100) DEFAULT NULL,
  `last_update_date` timestamp NULL DEFAULT NULL,
  PRIMARY KEY (`role_path_id`)
) ENGINE=MyISAM  DEFAULT CHARSET=latin1 AUTO_INCREMENT=14 ;

--
-- Dumping data for table `role_path`
--

INSERT INTO `role_path` (`role_path_id`, `role_id`, `path_id`, `created_by`, `creation_date`, `last_update_by`, `last_update_date`) VALUES
(7, 261, 87, 'inoerp', '2013-09-24 17:40:34', 'inoerp', '2013-09-24 17:40:34'),
(2, 261, 38, 'inoerp', '2013-09-24 17:40:34', 'inoerp', '2013-09-24 17:40:34'),
(3, 261, 6, 'inoerp', '2013-09-24 17:40:34', 'inoerp', '2013-09-24 17:40:34'),
(4, 261, 23, 'inoerp', '2013-09-24 17:40:34', 'inoerp', '2013-09-24 17:40:34'),
(5, 261, 19, 'inoerp', '2013-09-24 17:40:34', 'inoerp', '2013-09-24 17:40:34'),
(6, 261, 27, 'inoerp', '2013-09-24 17:40:34', 'inoerp', '2013-09-24 17:40:34'),
(8, 261, 87, 'inoerp', '2013-09-24 17:40:34', 'inoerp', '2013-09-24 17:40:34'),
(9, 261, 1, 'inoerp', '2013-09-24 17:40:34', 'inoerp', '2013-09-24 17:40:34'),
(10, 263, 92, 'inoerp', '2013-09-24 15:13:00', 'inoerp', '2013-09-24 15:13:00'),
(11, 261, 94, 'inoerp', '2013-09-24 17:40:34', 'inoerp', '2013-09-24 17:40:34'),
(12, 261, 58, 'inoerp', '2013-09-24 17:40:35', 'inoerp', '2013-09-24 17:40:35'),
(13, 261, 89, 'inoerp', '2013-09-24 17:40:35', 'inoerp', '2013-09-24 17:40:35');

-- --------------------------------------------------------

--
-- Table structure for table `subinventory`
--

CREATE TABLE IF NOT EXISTS `subinventory` (
  `subinventory_id` int(12) NOT NULL AUTO_INCREMENT,
  `org_id` int(12) NOT NULL,
  `type` varchar(25) NOT NULL,
  `subinventory` varchar(25) DEFAULT NULL,
  `description` varchar(50) DEFAULT NULL,
  `locator_control` varchar(50) DEFAULT NULL,
  `allow_negative_balance_cb` tinyint(1) DEFAULT NULL,
  `default_cost_group` varchar(25) DEFAULT NULL,
  `material_ac_id` varchar(256) NOT NULL,
  `material_oh_ac_id` varchar(256) DEFAULT NULL,
  `overhead_ac_id` varchar(256) DEFAULT NULL,
  `resource_ac_id` varchar(256) DEFAULT NULL,
  `osp_ac_id` varchar(256) DEFAULT NULL,
  `expense_ac_id` varchar(256) DEFAULT NULL,
  `ef_id` int(12) DEFAULT NULL,
  `status` varchar(25) DEFAULT NULL,
  `rev_enabled_cb` tinyint(1) DEFAULT NULL,
  `rev_number` varchar(256) DEFAULT NULL,
  `created_by` varchar(50) DEFAULT NULL,
  `creation_date` varchar(50) DEFAULT NULL,
  `last_update_by` varchar(50) NOT NULL,
  `last_update_date` varchar(50) NOT NULL,
  PRIMARY KEY (`subinventory_id`)
) ENGINE=MyISAM  DEFAULT CHARSET=latin1 AUTO_INCREMENT=38 ;

--
-- Dumping data for table `subinventory`
--

INSERT INTO `subinventory` (`subinventory_id`, `org_id`, `type`, `subinventory`, `description`, `locator_control`, `allow_negative_balance_cb`, `default_cost_group`, `material_ac_id`, `material_oh_ac_id`, `overhead_ac_id`, `resource_ac_id`, `osp_ac_id`, `expense_ac_id`, `ef_id`, `status`, `rev_enabled_cb`, `rev_number`, `created_by`, `creation_date`, `last_update_by`, `last_update_date`) VALUES
(1, 6, 'STORAGE', 'TEST1', 'TEST1', 'PRE_SPECIFIED', 0, '1', '20', '', '20', '', '', '', 0, 'active', 0, '1', 'inoerp', '2013-10-18 07:58:32', 'inoerp', '2013-10-18 07:58:32'),
(2, 6, 'STORAGE', 'RAW-02', 'Raw 02', 'DYNAMIC_ENTRY', 0, '1', '25', '', '', '', '', '', 0, '', 0, '', 'inoerp', '2013-11-09 11:14:13', 'inoerp', '2013-11-09 11:14:13'),
(3, 6, 'STORAGE', 'RAW-03', 'Raw 03', 'NO_LOCATOR', 0, '1', '23', '', '', '', '', '', 0, '', 0, '', 'inoerp', '2013-11-09 11:14:37', 'inoerp', '2013-11-09 11:14:37'),
(4, 6, 'STORAGE', 'TEST04ccc', 'TEST 04', 'NO_LOCATOR', 0, '1', '23', '', '', '', '', '', 0, '', 0, '', 'inoerp', '2013-10-14 06:53:43', 'inoerp', '2013-10-14 06:53:43'),
(5, 6, 'STORAGE', 'WIP-01', 'WIP-01', 'PRE_SPECIFIED', 0, '1', '25', '', '', '', '', '', 0, '', 0, '', 'inoerp', '2013-10-14 06:53:43', 'inoerp', '2013-10-14 06:53:43'),
(6, 6, 'STORAGE', 'WIP-02', 'WIP-02a', 'NO_LOCATOR', 0, '1', '25', '', '', '', '', '', 0, '', 0, '', 'inoerp', '2013-10-01 03:47:01', 'inoerp', '2013-10-01 03:47:01'),
(7, 6, 'STORAGE', 'TEST10', 'TEST 04', 'NO_LOCATOR', 0, '1', '25', '25', '', '', '', '', 0, '', 0, '', 'inoerp', '2013-10-18 07:58:32', 'inoerp', '2013-10-18 07:58:32'),
(8, 6, 'STORAGE', 'TEST13', 'TEST 04', 'NO_LOCATOR', 0, '1', '28', '', '25', '', '', '', 0, '', 0, '', 'inoerp', '2013-10-18 07:58:32', 'inoerp', '2013-10-18 07:58:32'),
(9, 6, 'STORAGE', 'TEST20', 'TEST 04', 'NO_LOCATOR', 0, '1', '23', '', '', '25', '', '', 0, '', 1, '', 'inoerp', '2013-10-01 03:47:01', 'inoerp', '2013-10-01 03:47:01'),
(11, 6, 'STORAGE', 'TEST04B', 'TEST 04', 'PRE_SPECIFIED', 1, '1', '23', '', '', '', '', '', 0, '', 0, '', 'inoerp', '2013-10-01 06:10:26', 'inoerp', '2013-10-01 06:10:26'),
(12, 6, 'STORAGE', 'FG-01', 'Finished Good', 'DYNAMIC_ENTRY', 0, '2', '25', '25', '25', '25', '25', '25', 0, 'active', 1, '', 'inoerp', '2013-10-01 06:10:26', 'inoerp', '2013-10-01 06:10:26'),
(16, 6, 'STORAGE', 'RAW01', 'RAW01', 'PRE_SPECIFIED', 0, '2', '23', '', '', '', '', '', 0, '', 0, '', 'inoerp', '2013-10-01 06:10:26', 'inoerp', '2013-10-01 06:10:26'),
(19, 6, 'STORAGE', 'TEST20B', 'TEST20B', 'PRE_SPECIFIED', 0, '1', '20', '', '20', '', '', '', 0, 'active', 0, '1', 'inoerp', '2013-10-01 06:10:26', 'inoerp', '2013-10-01 06:10:26'),
(13, 6, 'STORAGE', 'STAGE', 'Shipping Stage Sub Inv', 'PRE_SPECIFIED', 1, '2', '25', '25', '', '25', '25', '25', 0, '', 0, '', 'inoerp', '2013-10-01 04:34:54', 'inoerp', '2013-10-01 04:34:54'),
(14, 6, 'STORAGE', 'MRB', 'Material Review Board', 'PRE_SPECIFIED', 0, '2', '25', '25', '25', '25', '25', '25', 0, '', 0, '', 'inoerp', '2013-10-01 03:47:01', 'inoerp', '2013-10-01 03:47:01'),
(15, 6, 'STORAGE', 'EXP-01', 'Exepense Items', 'PRE_SPECIFIED', 0, '2', '25', '25', '25', '25', '25', '25', 0, '', 0, '', 'inoerp', '2013-10-01 03:47:01', 'inoerp', '2013-10-01 03:47:01'),
(17, 6, 'STORAGE', 'FG-20', 'Finished Good', 'DYNAMIC_ENTRY', 1, '2', '25', '25', '25', '25', '25', '25', 0, 'active', 0, '', 'inoerp', '2013-10-01 03:47:01', 'inoerp', '2013-10-01 03:47:01'),
(18, 6, 'STORAGE', 'FG-21', 'Finished Good', 'DYNAMIC_ENTRY', 0, '2', '25', '25', '25', '25', '25', '25', 0, 'active', 0, '', 'inoerp', '2013-10-01 03:47:01', 'inoerp', '2013-10-01 03:47:01'),
(20, 6, 'STORAGE', 'TEST20B1', NULL, 'PRE_SPECIFIED', NULL, NULL, '20', NULL, '20', NULL, NULL, NULL, NULL, 'active', NULL, NULL, 'inoerp', '2013-10-01 05:04:29', 'inoerp', '2013-10-01 05:04:29'),
(21, 6, 'STORAGE', 'TEST20B2', NULL, 'PRE_SPECIFIED', NULL, NULL, '20', NULL, '20', NULL, NULL, NULL, NULL, 'active', NULL, NULL, 'inoerp', '2013-10-01 05:04:29', 'inoerp', '2013-10-01 05:04:29'),
(22, 6, 'STORAGE', 'TEST20B3', NULL, 'PRE_SPECIFIED', NULL, NULL, '20', NULL, '20', NULL, NULL, NULL, NULL, 'active', NULL, NULL, 'inoerp', '2013-10-01 05:04:29', 'inoerp', '2013-10-01 05:04:29'),
(23, 6, 'STORAGE', 'TEST20D', 'TEST20D', 'PRE_SPECIFIED', NULL, NULL, '20', NULL, '20', NULL, NULL, NULL, NULL, 'active', NULL, NULL, 'inoerp', '2013-10-01 06:09:27', 'inoerp', '2013-10-01 06:09:27'),
(24, 6, 'STORAGE', 'TEST20E', 'TEST20E', 'PRE_SPECIFIED', NULL, NULL, '20', NULL, '20', NULL, NULL, NULL, NULL, 'active', NULL, NULL, 'inoerp', '2013-10-01 06:10:26', 'inoerp', '2013-10-01 06:10:26'),
(25, 6, 'STORAGE', 'TEST20F', 'TEST20F', 'NO_LOCATOR', NULL, NULL, '22', NULL, NULL, NULL, NULL, NULL, NULL, NULL, NULL, NULL, 'inoerp', '2013-10-01 06:10:56', 'inoerp', '2013-10-01 06:10:56'),
(26, 6, 'STORAGE', 'TEST20F', 'TEST20F', 'NO_LOCATOR', NULL, NULL, '22', NULL, NULL, NULL, NULL, NULL, NULL, NULL, NULL, NULL, 'inoerp', '2013-10-01 06:11:37', 'inoerp', '2013-10-01 06:11:37'),
(27, 6, 'STORAGE', 'TEST20G', 'TEST20G', 'NO_LOCATOR', NULL, NULL, '20', NULL, NULL, NULL, NULL, NULL, NULL, NULL, NULL, NULL, 'inoerp', '2013-10-01 06:11:37', 'inoerp', '2013-10-01 06:11:37'),
(28, 6, 'STORAGE', 'TEST20H', 'TEST20H', 'NO_LOCATOR', NULL, NULL, '21', NULL, NULL, NULL, NULL, NULL, NULL, NULL, NULL, NULL, 'inoerp', '2013-10-01 06:14:11', 'inoerp', '2013-10-01 06:14:11'),
(29, 6, 'STORAGE', 'TEST20K', 'TEST20K', NULL, NULL, NULL, '20', NULL, NULL, NULL, NULL, NULL, NULL, NULL, NULL, NULL, 'inoerp', '2013-10-01 06:15:15', 'inoerp', '2013-10-01 06:15:15'),
(30, 6, 'STORAGE', 'TEST21A', 'TEST21A', 'NO_LOCATOR', NULL, NULL, '20', NULL, NULL, NULL, NULL, NULL, NULL, NULL, NULL, NULL, 'inoerp', '2013-10-01 06:31:58', 'inoerp', '2013-10-01 06:31:58'),
(31, 6, 'STORAGE', 'TEST21B', 'TEST21B', 'NO_LOCATOR', NULL, NULL, '21', NULL, NULL, NULL, NULL, NULL, NULL, NULL, NULL, NULL, 'inoerp', '2013-10-01 06:31:58', 'inoerp', '2013-10-01 06:31:58'),
(32, 6, 'STORAGE', 'TEST21C', 'TEST21C', 'NO_LOCATOR', NULL, NULL, '22', NULL, NULL, NULL, NULL, NULL, NULL, NULL, NULL, NULL, 'inoerp', '2013-10-01 06:31:58', 'inoerp', '2013-10-01 06:31:58'),
(33, 6, 'STORAGE', 'TEST22A', 'TEST22A', 'NO_LOCATOR', NULL, NULL, '20', NULL, NULL, NULL, NULL, NULL, NULL, NULL, NULL, NULL, 'inoerp', '2013-10-01 06:41:03', 'inoerp', '2013-10-01 06:41:03'),
(34, 6, 'STORAGE', 'TEST22B', 'TEST22B', 'NO_LOCATOR', NULL, NULL, '21', NULL, NULL, NULL, NULL, NULL, NULL, NULL, NULL, NULL, 'inoerp', '2013-10-01 06:41:03', 'inoerp', '2013-10-01 06:41:03'),
(35, 6, 'STORAGE', 'TEST24A', NULL, 'NO_LOCATOR', NULL, NULL, '20', NULL, NULL, NULL, NULL, NULL, NULL, NULL, NULL, NULL, 'inoerp', '2013-10-01 06:45:20', 'inoerp', '2013-10-01 06:45:20'),
(37, 6, 'STORAGE', 'TEST1_1', 'TEST1_1', 'PRE_SPECIFIED', 0, '', '20', '', '20', '', '', '', 0, 'active', 0, '2', 'inoerp', '2013-10-18 07:58:32', 'inoerp', '2013-10-18 07:58:32');

-- --------------------------------------------------------

--
-- Table structure for table `supplier`
--

CREATE TABLE IF NOT EXISTS `supplier` (
  `supplier_id` int(12) NOT NULL AUTO_INCREMENT,
  `supplier_number` int(12) NOT NULL,
  `supplier_name` varchar(60) NOT NULL,
  `customer_id` int(12) DEFAULT NULL,
  `supplier_type` varchar(50) DEFAULT NULL,
  `tax_country` varchar(40) DEFAULT NULL,
  `tax_reg_no` varchar(40) DEFAULT NULL,
  `tax_payer_id` varchar(40) DEFAULT NULL,
  `address_id` int(12) DEFAULT NULL,
  `supplier_contact_id` int(12) NOT NULL DEFAULT '1',
  `ef_id` int(12) DEFAULT NULL,
  `status` varchar(50) DEFAULT NULL,
  `created_by` varchar(60) NOT NULL,
  `creation_date` timestamp NOT NULL DEFAULT CURRENT_TIMESTAMP ON UPDATE CURRENT_TIMESTAMP,
  `last_update_by` varchar(60) NOT NULL,
  `last_update_date` timestamp NOT NULL DEFAULT '0000-00-00 00:00:00',
  `rev_enabled_cb` tinyint(1) DEFAULT NULL,
  `rev_number` int(12) DEFAULT NULL,
  PRIMARY KEY (`supplier_id`),
  UNIQUE KEY `supplier_number` (`supplier_number`),
  UNIQUE KEY `supplier_name` (`supplier_name`)
) ENGINE=MyISAM  DEFAULT CHARSET=latin1 AUTO_INCREMENT=27 ;

--
-- Dumping data for table `supplier`
--

INSERT INTO `supplier` (`supplier_id`, `supplier_number`, `supplier_name`, `customer_id`, `supplier_type`, `tax_country`, `tax_reg_no`, `tax_payer_id`, `address_id`, `supplier_contact_id`, `ef_id`, `status`, `created_by`, `creation_date`, `last_update_by`, `last_update_date`, `rev_enabled_cb`, `rev_number`) VALUES
(1, 1000, 'ABCD copr', NULL, NULL, 'IN', '', '', 0, 0, 0, '', 'inoerp', '2013-10-14 22:06:17', 'inoerp', '2013-10-14 22:06:17', 0, 0),
(2, 1001, 'Inoideas Techonology', 100, 'External', 'IN', '', '', 83, 0, 0, 'active', 'inoerp', '2013-10-23 11:10:47', 'inoerp', '2013-10-23 11:10:47', 1, 0),
(4, 1003, 'Ford Motors', 0, 'External', 'IN', '', '', 79, 0, 0, 'active', 'inoerp', '2013-10-25 14:20:22', 'inoerp', '2013-10-25 14:20:22', 1, 0),
(5, 1005, ' Genesis tech01', 0, '', 'IN', '', '', 83, 0, 0, '', 'inoerp', '2013-10-18 13:57:41', 'inoerp', '2013-10-18 13:57:41', 0, 0),
(6, 1006, 'Raven Infosys Ltd', 0, '', 'IN', '', '', 0, 0, 0, '', 'inoerp', '2013-10-18 08:47:28', 'inoerp', '2013-10-18 08:47:28', 0, 0),
(7, 1007, 'S & HHealth care', NULL, NULL, NULL, NULL, NULL, 0, 0, NULL, NULL, '', '2017-07-11 04:00:00', 'erew', '2017-07-11 04:00:00', 0, 0),
(8, 10012, 'Vodafone', NULL, NULL, 'IN', '', '', 0, 0, 0, '', 'inoerp', '2013-10-16 11:50:38', 'inoerp', '2013-10-16 11:50:38', 0, 0),
(9, 1013, 'Indian Post Office', NULL, NULL, NULL, NULL, NULL, 0, 0, NULL, NULL, '', '2017-07-11 04:00:00', 'erew', '2017-07-11 04:00:00', 0, 0),
(10, 10019, 'BCCI Inc', 0, 'External', 'IN', '', '', 0, 0, 0, 'active', 'inoerp', '2013-10-17 20:34:47', 'inoerp', '2013-10-17 20:34:47', 0, 0),
(11, 100032, 'WIPRO Inc', NULL, NULL, NULL, NULL, NULL, 0, 0, NULL, NULL, '', '2017-07-11 04:00:00', 'erew', '2017-07-11 04:00:00', 0, 0),
(12, 10023, '                    IBM what?', NULL, NULL, NULL, NULL, NULL, 0, 0, NULL, NULL, '', '2017-07-11 04:00:00', 'erew', '2017-07-11 04:00:00', 0, 0),
(13, 10024, 'Accentrure', NULL, NULL, NULL, NULL, NULL, 0, 0, NULL, NULL, '', '2017-07-11 04:00:00', 'erew', '2017-07-11 04:00:00', 0, 0),
(14, 10030, 'Tata Motors', NULL, NULL, NULL, NULL, NULL, 0, 0, NULL, NULL, '', '2017-07-11 04:00:00', 'erew', '2017-07-11 04:00:00', 0, 0),
(16, 10032, '    Microsoft', NULL, NULL, NULL, NULL, NULL, 0, 0, NULL, NULL, '', '2017-07-11 04:00:00', 'erew', '2017-07-11 04:00:00', 0, 0),
(18, 2312, 'qwqwe', NULL, NULL, NULL, NULL, NULL, 0, 0, NULL, NULL, '', '2017-07-11 04:00:00', 'erew', '2017-07-11 04:00:00', 0, 0),
(19, 13221, 'ssdgs', NULL, NULL, NULL, NULL, NULL, 0, 0, NULL, NULL, '', '2017-07-11 04:00:00', 'erew', '2017-07-11 04:00:00', 0, 0),
(20, 325325, '        WIPRO', NULL, NULL, NULL, NULL, NULL, 0, 0, NULL, NULL, '', '2017-07-11 04:00:00', 'erew', '2017-07-11 04:00:00', 0, 0),
(21, 10101, 'KPIT', NULL, NULL, NULL, NULL, NULL, 0, 0, NULL, NULL, '', '2017-07-11 04:00:00', 'erew', '2017-07-11 04:00:00', 0, 0),
(22, 1223, 'Cummins', NULL, NULL, NULL, NULL, NULL, 0, 0, NULL, NULL, '', '2017-07-11 04:00:00', 'erew', '2017-07-11 04:00:00', 0, 0),
(23, 1299129, 'KPITCummins', NULL, NULL, NULL, NULL, NULL, 0, 0, NULL, NULL, '', '2017-07-11 04:00:00', 'erew', '2017-07-11 04:00:00', 0, 0),
(24, 21424, 'KPMG', NULL, NULL, NULL, NULL, NULL, 1, 1, NULL, NULL, 'admin', '0000-00-00 00:00:00', 'admin', '0000-00-00 00:00:00', 0, 0),
(25, 122, 'IGate', NULL, NULL, NULL, NULL, NULL, 1, 1, NULL, NULL, 'admin', '0000-00-00 00:00:00', 'admin', '0000-00-00 00:00:00', 0, 0),
(26, 111, 'Inoideas', NULL, NULL, NULL, NULL, NULL, 1, 1, NULL, NULL, 'admin', '0000-00-00 00:00:00', 'admin', '0000-00-00 00:00:00', 0, 1);

-- --------------------------------------------------------

--
-- Table structure for table `supplier_bu`
--

CREATE TABLE IF NOT EXISTS `supplier_bu` (
  `supplier_bu_id` int(12) unsigned NOT NULL AUTO_INCREMENT,
  `new_pos_cb` tinyint(1) DEFAULT NULL,
  `all_invoices_cb` tinyint(1) DEFAULT NULL,
  `unmatched_invoices_cb` tinyint(1) DEFAULT NULL,
  `unaccounted_invoices_cb` tinyint(1) DEFAULT NULL,
  `unpaid_invoices_cb` tinyint(1) DEFAULT NULL,
  `hold_reason` varchar(256) DEFAULT NULL,
  `po_amount_limit` int(12) DEFAULT NULL,
  `invoice_amount_limit` int(12) DEFAULT NULL,
  `payment_amount_limit` int(12) DEFAULT NULL,
  `bu_bank_id` int(12) DEFAULT NULL,
  `bu_bank_site_id` int(12) DEFAULT NULL,
  `bu_tax_code` varchar(50) DEFAULT NULL,
  `invoice_match_document` varchar(50) DEFAULT NULL,
  `invoice_currency` varchar(50) DEFAULT NULL,
  `payment_priority` varchar(50) DEFAULT NULL,
  `payment_group` varchar(50) DEFAULT NULL,
  `payment_terms` varchar(50) DEFAULT NULL,
  `invoice_date_basis` varchar(50) DEFAULT NULL,
  `pay_date_basis` varchar(50) DEFAULT NULL,
  `default_payment_method` varchar(50) DEFAULT NULL,
  `remittance_advice_method` varchar(50) DEFAULT NULL,
  `remittance_advice_email` varchar(256) DEFAULT NULL,
  `pay_on` varchar(50) DEFAULT NULL,
  `debit_memo_onreturn_cb` tinyint(1) DEFAULT NULL,
  `fob` varchar(256) DEFAULT NULL,
  `freight_terms` varchar(256) DEFAULT NULL,
  `transportation` varchar(256) DEFAULT NULL,
  `country_of_origin` varchar(256) DEFAULT NULL,
  `supplier_id` int(12) NOT NULL,
  `org_id` int(12) NOT NULL,
  `org_shipto_id` int(12) DEFAULT NULL,
  `org_billto_id` int(12) DEFAULT NULL,
  `bank_id` int(12) DEFAULT NULL,
  `bank_account_id` int(12) DEFAULT NULL,
  `liability_account_id` int(12) NOT NULL,
  `payable_account_id` int(12) NOT NULL,
  `payment_discount_account_id` int(12) DEFAULT NULL,
  `pre_payment_account_id` int(12) DEFAULT NULL,
  `ef_id` int(12) DEFAULT NULL,
  `status` varchar(50) DEFAULT NULL,
  `created_by` varchar(60) NOT NULL DEFAULT '',
  `creation_date` datetime DEFAULT NULL,
  `last_update_by` varchar(60) DEFAULT NULL,
  `last_update_date` datetime DEFAULT NULL,
  `rev_enabled_cb` tinyint(1) DEFAULT NULL,
  `rev_number` int(11) DEFAULT NULL,
  PRIMARY KEY (`supplier_bu_id`)
) ENGINE=MyISAM  DEFAULT CHARSET=latin1 AUTO_INCREMENT=6 ;

--
-- Dumping data for table `supplier_bu`
--

INSERT INTO `supplier_bu` (`supplier_bu_id`, `new_pos_cb`, `all_invoices_cb`, `unmatched_invoices_cb`, `unaccounted_invoices_cb`, `unpaid_invoices_cb`, `hold_reason`, `po_amount_limit`, `invoice_amount_limit`, `payment_amount_limit`, `bu_bank_id`, `bu_bank_site_id`, `bu_tax_code`, `invoice_match_document`, `invoice_currency`, `payment_priority`, `payment_group`, `payment_terms`, `invoice_date_basis`, `pay_date_basis`, `default_payment_method`, `remittance_advice_method`, `remittance_advice_email`, `pay_on`, `debit_memo_onreturn_cb`, `fob`, `freight_terms`, `transportation`, `country_of_origin`, `supplier_id`, `org_id`, `org_shipto_id`, `org_billto_id`, `bank_id`, `bank_account_id`, `liability_account_id`, `payable_account_id`, `payment_discount_account_id`, `pre_payment_account_id`, `ef_id`, `status`, `created_by`, `creation_date`, `last_update_by`, `last_update_date`, `rev_enabled_cb`, `rev_number`) VALUES
(1, 0, 0, 0, 0, 0, '', 10000, 0, 0, 0, 0, '', '', '', '', '', '', '', '', '', '', '', '', 1, '', '', '', '', 2, 8, 81, 80, 0, 0, 20, 21, 0, 0, 0, 'active', 'inoerp', '2013-10-23 07:14:34', 'inoerp', '2013-10-23 07:14:34', 0, 1),
(2, NULL, NULL, NULL, NULL, NULL, NULL, NULL, NULL, NULL, NULL, NULL, NULL, NULL, NULL, NULL, NULL, NULL, NULL, NULL, NULL, NULL, NULL, NULL, NULL, NULL, NULL, NULL, NULL, 4, 8, 80, 83, 0, 0, 20, 21, 0, 0, 0, '', 'inoerp', '2013-10-16 16:35:15', 'inoerp', '2013-10-16 16:35:15', 0, 0),
(3, NULL, NULL, NULL, NULL, NULL, NULL, NULL, NULL, NULL, NULL, NULL, NULL, NULL, NULL, NULL, NULL, NULL, NULL, NULL, NULL, NULL, NULL, NULL, NULL, NULL, NULL, NULL, NULL, 2, 5, NULL, NULL, NULL, NULL, 20, 21, NULL, NULL, NULL, NULL, 'inoerp', '2013-10-16 15:21:03', 'inoerp', '2013-10-16 15:21:03', NULL, NULL),
(4, NULL, NULL, NULL, NULL, NULL, NULL, NULL, NULL, NULL, NULL, NULL, NULL, NULL, NULL, NULL, NULL, NULL, NULL, NULL, NULL, NULL, NULL, NULL, NULL, NULL, NULL, NULL, NULL, 5, 8, 82, 87, NULL, NULL, 21, 23, NULL, NULL, NULL, 'active', 'inoerp', '2013-10-17 05:00:48', 'inoerp', '2013-10-17 05:00:48', NULL, NULL),
(5, NULL, NULL, NULL, NULL, NULL, NULL, NULL, NULL, NULL, NULL, NULL, NULL, NULL, NULL, NULL, NULL, NULL, NULL, NULL, NULL, NULL, NULL, NULL, 1, NULL, NULL, NULL, NULL, 6, 8, NULL, NULL, NULL, NULL, 20, 21, NULL, NULL, NULL, 'active', 'inoerp', '2013-10-18 05:18:50', 'inoerp', '2013-10-18 05:18:50', 1, NULL);

-- --------------------------------------------------------

--
-- Table structure for table `supplier_site`
--

CREATE TABLE IF NOT EXISTS `supplier_site` (
  `supplier_site_id` int(12) NOT NULL AUTO_INCREMENT,
  `supplier_id` int(12) NOT NULL,
  `supplier_site_number` int(12) NOT NULL,
  `supplier_site_name` varchar(60) NOT NULL DEFAULT '',
  `site_tax_country` varchar(256) DEFAULT NULL,
  `site_tax_reg_no` varchar(100) DEFAULT NULL,
  `site_tax_payer_id` varchar(100) DEFAULT NULL,
  `site_tax_code` varchar(100) DEFAULT NULL,
  `supplier_site_ref` varchar(30) DEFAULT NULL,
  `supplier_site_type` varchar(12) DEFAULT NULL,
  `status` varchar(12) DEFAULT NULL,
  `profile_id` int(12) DEFAULT NULL,
  `currency` varchar(12) DEFAULT NULL,
  `payment_term_id` int(12) DEFAULT NULL,
  `pay_on` varchar(50) DEFAULT NULL,
  `debit_memo_onreturn_cb` tinyint(1) DEFAULT NULL,
  `fob` varchar(50) DEFAULT NULL,
  `freight_terms` int(12) DEFAULT NULL,
  `transportation` varchar(50) DEFAULT NULL,
  `country_of_origin` varchar(50) DEFAULT NULL,
  `allow_substitute_receipts_cb` tinyint(1) DEFAULT NULL,
  `allow_unordered_receipts_cb` tinyint(1) DEFAULT NULL,
  `ap_invoice_match_level` varchar(50) DEFAULT NULL,
  `receipt_routing` varchar(50) DEFAULT NULL,
  `ship_to_location_variance` varchar(50) DEFAULT NULL,
  `positive_qty_tolerance` int(12) unsigned DEFAULT NULL,
  `negative_qty_tolerance` int(12) DEFAULT NULL,
  `qty_variance` varchar(50) DEFAULT NULL,
  `positive_receipt_days_tolerance` int(12) DEFAULT NULL,
  `negative_receipt_days_tolerance` int(12) DEFAULT NULL,
  `receipt_days_variance` varchar(50) DEFAULT NULL,
  `site_address_id` int(12) DEFAULT NULL,
  `site_contact_id` int(12) DEFAULT NULL,
  `supplier_site_attachement_id` int(12) DEFAULT NULL,
  `ef_id` int(12) DEFAULT NULL,
  `bank_id` int(12) DEFAULT NULL,
  `bank_account_id` int(12) DEFAULT NULL,
  `created_by` varchar(60) DEFAULT NULL,
  `creation_date` datetime DEFAULT NULL,
  `last_update_by` varchar(60) DEFAULT NULL,
  `last_update_date` datetime DEFAULT NULL,
  `rev_enabled_cb` tinyint(1) DEFAULT NULL,
  `rev_number` int(11) DEFAULT NULL,
  PRIMARY KEY (`supplier_site_id`),
  UNIQUE KEY `supplier_site_number` (`supplier_site_number`),
  KEY `supplier_site_ref` (`supplier_site_ref`)
) ENGINE=MyISAM  DEFAULT CHARSET=latin1 AUTO_INCREMENT=26 ;

--
-- Dumping data for table `supplier_site`
--

INSERT INTO `supplier_site` (`supplier_site_id`, `supplier_id`, `supplier_site_number`, `supplier_site_name`, `site_tax_country`, `site_tax_reg_no`, `site_tax_payer_id`, `site_tax_code`, `supplier_site_ref`, `supplier_site_type`, `status`, `profile_id`, `currency`, `payment_term_id`, `pay_on`, `debit_memo_onreturn_cb`, `fob`, `freight_terms`, `transportation`, `country_of_origin`, `allow_substitute_receipts_cb`, `allow_unordered_receipts_cb`, `ap_invoice_match_level`, `receipt_routing`, `ship_to_location_variance`, `positive_qty_tolerance`, `negative_qty_tolerance`, `qty_variance`, `positive_receipt_days_tolerance`, `negative_receipt_days_tolerance`, `receipt_days_variance`, `site_address_id`, `site_contact_id`, `supplier_site_attachement_id`, `ef_id`, `bank_id`, `bank_account_id`, `created_by`, `creation_date`, `last_update_by`, `last_update_date`, `rev_enabled_cb`, `rev_number`) VALUES
(1, 1, 1, 'Mumbai05', NULL, NULL, NULL, NULL, '', '', '', 0, NULL, NULL, NULL, NULL, NULL, NULL, NULL, NULL, 0, 0, '2_WAY', '', '', 0, 0, '', 0, 0, '', 0, 0, 0, 0, 0, 0, 'inoerp', '2013-10-14 18:06:17', 'inoerp', '2013-10-14 18:06:17', 0, 0),
(2, 1, 2, '                Mumbai10', NULL, NULL, NULL, NULL, '', '', '', 0, NULL, NULL, NULL, NULL, NULL, NULL, NULL, NULL, NULL, NULL, NULL, NULL, NULL, NULL, NULL, NULL, NULL, NULL, NULL, 0, 0, 0, 0, 0, 0, '', '2013-05-05 00:00:00', '', '2013-05-05 00:00:00', 0, 0),
(3, 2, 1004, 'San Diego', 'IN', 'REG001', '', '', '', 'Multipurpose', '', 0, 'SGD', 2, '', 1, '', 0, '', '', 1, 1, '2_WAY', 'Receving', 'None', 5, 0, '', 0, 0, '', 79, 0, 0, 0, 0, 0, 'inoerp', '2013-10-23 07:10:48', 'inoerp', '2013-10-23 07:10:48', 0, 0),
(4, 3, 1005, 'Sedny', NULL, NULL, NULL, NULL, '', '', '', 0, NULL, NULL, NULL, NULL, NULL, NULL, NULL, NULL, NULL, NULL, NULL, NULL, NULL, NULL, NULL, NULL, NULL, NULL, NULL, 0, 0, 0, 0, 0, 0, '', '0000-00-00 00:00:00', '', '0000-00-00 00:00:00', 0, 0),
(5, 4, 1006, 'Auckland01', 'IN', '11111', 'fsdfsd', '', '', 'Multipurpose', '', 0, 'USD', 4, NULL, 0, NULL, NULL, NULL, NULL, 1, 1, '4_Way', 'Receving', 'None', 0, 0, '', 0, 0, '', 0, 0, 0, 0, 0, 0, 'inoerp', '2013-10-25 10:20:23', 'inoerp', '2013-10-25 10:20:23', 0, 0),
(6, 4, 10023, 'Lubeck', NULL, NULL, NULL, NULL, '', '', '', 0, NULL, NULL, NULL, NULL, NULL, NULL, NULL, NULL, NULL, NULL, NULL, NULL, NULL, NULL, NULL, NULL, NULL, NULL, NULL, 0, 0, 0, 0, 0, 0, '', '0000-00-00 00:00:00', '', '0000-00-00 00:00:00', 0, 0),
(14, 1, 0, '', NULL, NULL, NULL, NULL, '', '', '', 0, NULL, NULL, NULL, NULL, NULL, NULL, NULL, NULL, NULL, NULL, NULL, NULL, NULL, NULL, NULL, NULL, NULL, NULL, NULL, 0, 0, 0, 0, 0, 0, '', '0000-00-00 00:00:00', '', '0000-00-00 00:00:00', 0, 0),
(13, 3, 10030, '    Poland01', NULL, NULL, NULL, NULL, '', '', '', 0, NULL, NULL, NULL, NULL, NULL, NULL, NULL, NULL, NULL, NULL, NULL, NULL, NULL, NULL, NULL, NULL, NULL, NULL, NULL, 0, 0, 0, 0, 0, 0, '', '0000-00-00 00:00:00', '', '0000-00-00 00:00:00', 0, 0),
(15, 16, 10029, '    US02', NULL, NULL, NULL, NULL, '', '', '', 0, NULL, NULL, NULL, NULL, NULL, NULL, NULL, NULL, NULL, NULL, NULL, NULL, NULL, NULL, NULL, NULL, NULL, NULL, NULL, 0, 0, 0, 0, 0, 0, '', '0000-00-00 00:00:00', '', '0000-00-00 00:00:00', 0, 0),
(16, 1, 10043, 'okey', NULL, NULL, NULL, NULL, '', '', '', 0, NULL, NULL, NULL, NULL, NULL, NULL, NULL, NULL, NULL, NULL, NULL, NULL, NULL, NULL, NULL, NULL, NULL, NULL, NULL, 0, 0, 0, 0, 0, 0, '', '0000-00-00 00:00:00', '', '0000-00-00 00:00:00', 0, 0),
(17, 1, 100212, 'corrupt', 'IN', '', '', '', '', 'Multipurpose', '', 0, NULL, NULL, NULL, NULL, NULL, NULL, NULL, NULL, 0, 0, '', '', '', 0, 0, '', 0, 0, '', 0, 0, 0, 0, 0, 0, 'inoerp', '2013-10-17 16:33:51', 'inoerp', '2013-10-17 16:33:51', 0, 0),
(18, 4, 12321, 'Chennai', NULL, NULL, NULL, NULL, 'REF003', '', '', 0, NULL, NULL, NULL, NULL, NULL, NULL, NULL, NULL, NULL, NULL, NULL, NULL, NULL, NULL, NULL, NULL, NULL, NULL, NULL, 0, 0, 0, 0, 0, 0, '', '0000-00-00 00:00:00', '', '0000-00-00 00:00:00', 0, 0),
(19, 2, 90003, 'Rourkela', 'IN', NULL, NULL, NULL, '', 'Multipurpose', '', NULL, 'SGD', 1, NULL, 0, NULL, NULL, NULL, NULL, 0, 1, '4_Way', '', '', 0, 0, '', 0, 0, '', 0, 0, 1, 0, 0, 0, 'inoerp', '2013-10-22 16:39:29', 'inoerp', '2013-10-22 16:39:29', 0, 0),
(20, 4, 132, 'wrwr', NULL, NULL, NULL, NULL, 'wrwer', NULL, NULL, NULL, NULL, NULL, NULL, NULL, NULL, NULL, NULL, NULL, NULL, NULL, NULL, NULL, NULL, NULL, NULL, NULL, NULL, NULL, NULL, 1, 1, 1, NULL, NULL, NULL, '', '0000-00-00 00:00:00', 'admin', '0000-00-00 00:00:00', NULL, NULL),
(21, 2, 90001, 'Singapore', NULL, NULL, NULL, NULL, '', '', '', NULL, NULL, NULL, NULL, NULL, NULL, NULL, NULL, NULL, 1, 1, '2_WAY', 'Receving', 'None', 5, 0, '', 0, -1, '', 0, 0, NULL, 0, 0, 0, 'inoerp', '2013-10-15 05:08:26', 'inoerp', '2013-10-15 05:08:26', 0, 0),
(22, 2, 122, 'Cuttack', NULL, NULL, NULL, NULL, NULL, NULL, NULL, NULL, NULL, NULL, NULL, NULL, NULL, NULL, NULL, NULL, NULL, 1, '4_Way', NULL, NULL, NULL, NULL, NULL, NULL, NULL, NULL, NULL, NULL, NULL, NULL, NULL, NULL, 'inoerp', '2013-10-14 16:59:43', 'inoerp', '2013-10-14 16:59:43', NULL, NULL),
(23, 5, 101001, 'Singapore', 'SG', 'SG1616A01', '343242', '', '', 'Multipurpose', '', NULL, NULL, NULL, NULL, NULL, NULL, NULL, NULL, NULL, 1, 1, '4_Way', 'Delivery', '', 0, 0, '', 0, 0, '', 79, 0, NULL, 0, 4, 0, 'inoerp', '2013-10-18 09:57:43', 'inoerp', '2013-10-18 09:57:43', 0, 0),
(24, 1, 432432, 'Corrupt-02', 'IN', NULL, NULL, NULL, NULL, 'Multipurpose', NULL, NULL, NULL, NULL, NULL, NULL, NULL, NULL, NULL, NULL, NULL, NULL, NULL, NULL, NULL, NULL, NULL, NULL, NULL, NULL, NULL, NULL, NULL, NULL, NULL, NULL, NULL, 'inoerp', '2013-10-17 16:34:47', 'inoerp', '2013-10-17 16:34:47', NULL, NULL),
(25, 2, 11012, 'HongKong', 'AF', NULL, NULL, NULL, NULL, 'Multipurpose', NULL, NULL, NULL, NULL, NULL, NULL, NULL, NULL, NULL, NULL, NULL, NULL, NULL, NULL, NULL, NULL, NULL, NULL, NULL, NULL, NULL, NULL, NULL, NULL, NULL, NULL, NULL, 'inoerp', '2013-10-17 16:35:50', 'inoerp', '2013-10-17 16:35:50', NULL, NULL);

-- --------------------------------------------------------

--
-- Table structure for table `system_path`
--

CREATE TABLE IF NOT EXISTS `system_path` (
  `path_id` int(11) NOT NULL AUTO_INCREMENT,
  `path_name` varchar(50) NOT NULL,
  `path_description` varchar(50) DEFAULT NULL,
  `path_value` varchar(100) DEFAULT NULL,
  `path_sec_id` int(10) DEFAULT NULL,
  `path_revision_number` int(10) DEFAULT NULL,
  `path_revision_enabled` varchar(2) DEFAULT NULL,
  `path_creation_date` date DEFAULT NULL,
  `path_created_by` varchar(100) DEFAULT NULL,
  `path_last_update_date` date DEFAULT NULL,
  `path_last_updated_by` varchar(100) DEFAULT NULL,
  PRIMARY KEY (`path_id`)
) ENGINE=MyISAM  DEFAULT CHARSET=latin1 AUTO_INCREMENT=4 ;

--
-- Dumping data for table `system_path`
--

INSERT INTO `system_path` (`path_id`, `path_name`, `path_description`, `path_value`, `path_sec_id`, `path_revision_number`, `path_revision_enabled`, `path_creation_date`, `path_created_by`, `path_last_update_date`, `path_last_updated_by`) VALUES
(1, 'supplier', 'Supplier List', 'modules/ap/suppliers/supplier.php', NULL, NULL, NULL, NULL, NULL, NULL, NULL),
(2, 'user registration', 'new user registration', 'extensions/user/user_registration.php', NULL, NULL, NULL, NULL, NULL, NULL, NULL),
(3, 'paths', 'all the paths', 'extensions/path/path.php', NULL, NULL, NULL, NULL, NULL, NULL, NULL);

-- --------------------------------------------------------

--
-- Table structure for table `transaction_type`
--

CREATE TABLE IF NOT EXISTS `transaction_type` (
  `transaction_type_id` int(12) NOT NULL AUTO_INCREMENT,
  `transaction_type` varchar(25) NOT NULL,
  `type_class` varchar(50) NOT NULL,
  `transaction_action` varchar(50) NOT NULL,
  `description` varchar(50) DEFAULT NULL,
  `allow_negative_balance_cb` tinyint(1) DEFAULT NULL,
  `account_id` int(12) DEFAULT NULL,
  `ef_id` int(12) DEFAULT NULL,
  `status` varchar(25) NOT NULL,
  `rev_enabled_cb` tinyint(1) DEFAULT NULL,
  `rev_number` varchar(256) DEFAULT NULL,
  `created_by` varchar(50) DEFAULT NULL,
  `creation_date` varchar(50) DEFAULT NULL,
  `last_update_by` varchar(50) NOT NULL,
  `last_update_date` varchar(50) NOT NULL,
  PRIMARY KEY (`transaction_type_id`)
) ENGINE=MyISAM  DEFAULT CHARSET=latin1 AUTO_INCREMENT=14 ;

--
-- Dumping data for table `transaction_type`
--

INSERT INTO `transaction_type` (`transaction_type_id`, `transaction_type`, `type_class`, `transaction_action`, `description`, `allow_negative_balance_cb`, `account_id`, `ef_id`, `status`, `rev_enabled_cb`, `rev_number`, `created_by`, `creation_date`, `last_update_by`, `last_update_date`) VALUES
(1, 'Miscellaneous Issue', 'INVENTORY', '1', 'Miscellaneous Issue', 0, 20, 0, 'active', 0, '', 'inoerp', '2014-01-09 06:59:30', 'inoerp', '2014-01-09 06:59:30'),
(2, 'Miscellaneous Receipt', 'INVENTORY', '27', 'Miscellaneous Receipt', 0, 21, 0, 'active', 0, '', 'inoerp', '2014-01-09 06:59:30', 'inoerp', '2014-01-09 06:59:30'),
(3, 'Subinventory Transfer', 'INVENTORY', '2', 'Subinventory Transfer', 0, 0, 0, 'active', 0, '', 'inoerp', '2014-01-09 06:59:30', 'inoerp', '2014-01-09 06:59:30'),
(4, 'PO Receipt', 'PO', '26', 'PO Receipt', 0, NULL, NULL, 'active', 0, NULL, 'inoerp', '2014-01-09 06:59:31', 'inoerp', '2014-01-09 06:59:31'),
(5, 'PO Delivery', 'PO', '27', 'PO Delivery', 0, NULL, NULL, 'active', 0, NULL, 'inoerp', '2014-01-09 06:59:31', 'inoerp', '2014-01-09 06:59:31'),
(6, 'WIP Issue', 'WIP', '1', 'WIP Material Issue', 0, NULL, NULL, 'active', 0, NULL, 'inoerp', '2014-01-16 07:20:34', 'inoerp', '2014-01-16 07:20:34'),
(7, 'WIP Return', 'WIP', '27', 'Material Return from WIP', 0, 20, NULL, 'active', 0, NULL, 'inoerp', '2014-01-16 07:20:34', 'inoerp', '2014-01-16 07:20:34'),
(8, 'WIP Negative Issue', 'WIP', '27', 'WIP Negative Issue', 0, NULL, NULL, 'active', 0, NULL, 'inoerp', '2014-01-16 07:20:34', 'inoerp', '2014-01-16 07:20:34'),
(9, 'WIP Negative Return', 'WIP', '1', 'WIP Negative Return', 0, NULL, NULL, 'active', 0, NULL, 'inoerp', '2014-01-16 07:20:34', 'inoerp', '2014-01-16 07:20:34'),
(10, 'WIP WOL Completion', 'WIP', '27', 'WIP WOL Completion', 0, NULL, NULL, 'active', 0, NULL, 'inoerp', '2014-01-16 07:20:34', 'inoerp', '2014-01-16 07:20:34'),
(11, 'WIP Assembly Completion', 'WIP', '27', 'WIP Assembly Completion', 0, NULL, NULL, 'active', 0, NULL, 'inoerp', '2014-01-16 07:20:34', 'inoerp', '2014-01-16 07:20:34'),
(12, 'WIP WOL Return', 'WIP', '1', 'WIP Assembly Return', 0, NULL, NULL, 'active', 0, NULL, 'inoerp', '2014-01-16 07:20:34', 'inoerp', '2014-01-16 07:20:34'),
(13, 'WIP Assembly Return', 'WIP', '1', 'WIP Assembly Return', NULL, NULL, NULL, 'active', NULL, NULL, 'inoerp', '2014-01-16 07:20:34', 'inoerp', '2014-01-16 07:20:34');

-- --------------------------------------------------------

--
-- Table structure for table `uom`
--

CREATE TABLE IF NOT EXISTS `uom` (
  `uom_id` int(12) unsigned NOT NULL AUTO_INCREMENT,
  `class` varchar(25) NOT NULL,
  `uom` varchar(50) NOT NULL,
  `description` varchar(200) DEFAULT NULL,
  `primary` tinyint(1) DEFAULT NULL,
  `primary_uom` varchar(50) DEFAULT NULL,
  `primary_relation` float DEFAULT NULL,
  `ef_id` int(12) DEFAULT NULL,
  `status` varchar(20) DEFAULT NULL,
  `rev_enabled_cb` tinyint(1) DEFAULT NULL,
  `rev_number` int(10) DEFAULT NULL,
  `created_by` varchar(40) NOT NULL DEFAULT '',
  `creation_date` varchar(50) DEFAULT NULL,
  `last_update_by` varchar(40) NOT NULL DEFAULT '',
  `last_update_date` varchar(50) DEFAULT NULL,
  PRIMARY KEY (`uom_id`),
  UNIQUE KEY `name` (`uom`)
) ENGINE=MyISAM  DEFAULT CHARSET=latin1 AUTO_INCREMENT=30 ;

--
-- Dumping data for table `uom`
--

INSERT INTO `uom` (`uom_id`, `class`, `uom`, `description`, `primary`, `primary_uom`, `primary_relation`, `ef_id`, `status`, `rev_enabled_cb`, `rev_number`, `created_by`, `creation_date`, `last_update_by`, `last_update_date`) VALUES
(29, 'Time', 'Min', 'Minutes', 1, 'Min', 1, NULL, 'active', 0, NULL, 'inoerp', '2013-12-16 02:29:13', 'inoerp', '2013-12-16 02:29:13'),
(26, 'Time', 'HR', 'Hour', 1, 'Min', 60, NULL, 'active', 0, NULL, 'inoerp', '2013-12-16 02:29:13', 'inoerp', '2013-12-16 02:29:13'),
(27, 'Quantity', 'Ea', 'Each', 1, 'Ea', 1, 1, 'active', 0, 0, 'inoerp', '2013-12-16 02:29:13', 'inoerp', '2013-12-16 02:29:13'),
(28, 'Area', 'TEST901', 'TEST901', 1, 'TEST901', 1, NULL, 'active', 0, NULL, 'inoerp', '2013-12-16 02:29:13', 'inoerp', '2013-12-16 02:29:13');

-- --------------------------------------------------------

--
-- Table structure for table `user`
--

CREATE TABLE IF NOT EXISTS `user` (
  `user_id` int(12) unsigned NOT NULL AUTO_INCREMENT,
  `person_id` int(12) DEFAULT NULL,
  `user_name` varchar(60) NOT NULL DEFAULT '',
  `password` varchar(256) NOT NULL DEFAULT '',
  `first_name` varchar(100) DEFAULT NULL,
  `last_name` varchar(60) DEFAULT NULL,
  `phone` varchar(30) DEFAULT NULL,
  `email` varchar(100) NOT NULL,
  `language` varchar(20) DEFAULT NULL,
  `date_format` tinyint(1) NOT NULL DEFAULT '0',
  `date_sep` tinyint(1) NOT NULL DEFAULT '0',
  `tho_sep` tinyint(1) NOT NULL DEFAULT '0',
  `dec_sep` tinyint(1) NOT NULL DEFAULT '0',
  `theme` varchar(20) NOT NULL DEFAULT 'default',
  `page_size` varchar(20) NOT NULL DEFAULT 'A4',
  `prices_dec` smallint(6) NOT NULL DEFAULT '2',
  `qty_dec` smallint(6) NOT NULL DEFAULT '2',
  `rates_dec` smallint(6) NOT NULL DEFAULT '4',
  `percent_dec` smallint(6) NOT NULL DEFAULT '1',
  `show_gl` tinyint(1) NOT NULL DEFAULT '1',
  `show_codes` tinyint(1) NOT NULL DEFAULT '0',
  `show_hints` tinyint(1) NOT NULL DEFAULT '0',
  `last_visit_date` datetime DEFAULT NULL,
  `query_size` tinyint(1) DEFAULT '10',
  `graphic_links` tinyint(1) DEFAULT '1',
  `pos` smallint(6) DEFAULT '1',
  `print_profile` varchar(30) NOT NULL DEFAULT '1',
  `rep_popup` tinyint(1) DEFAULT '1',
  `sticky_doc_date` tinyint(1) DEFAULT '0',
  `startup_tab` varchar(20) DEFAULT NULL,
  `status` tinyint(1) NOT NULL DEFAULT '1',
  `created_by` varchar(60) DEFAULT NULL,
  `creation_date` timestamp NULL DEFAULT NULL,
  `last_update_by` varchar(60) DEFAULT NULL,
  `last_update_date` timestamp NULL DEFAULT NULL,
  `revision_enabled` char(1) DEFAULT 'N',
  `revision_number` int(11) DEFAULT NULL,
  PRIMARY KEY (`user_id`),
  UNIQUE KEY `user_name` (`user_name`),
  UNIQUE KEY `email` (`email`)
) ENGINE=MyISAM  DEFAULT CHARSET=latin1 AUTO_INCREMENT=58 ;

--
-- Dumping data for table `user`
--

INSERT INTO `user` (`user_id`, `person_id`, `user_name`, `password`, `first_name`, `last_name`, `phone`, `email`, `language`, `date_format`, `date_sep`, `tho_sep`, `dec_sep`, `theme`, `page_size`, `prices_dec`, `qty_dec`, `rates_dec`, `percent_dec`, `show_gl`, `show_codes`, `show_hints`, `last_visit_date`, `query_size`, `graphic_links`, `pos`, `print_profile`, `rep_popup`, `sticky_doc_date`, `startup_tab`, `status`, `created_by`, `creation_date`, `last_update_by`, `last_update_date`, `revision_enabled`, `revision_number`) VALUES
(36, NULL, 'abhik01', '67796beda3b66b27ec80739f4b07301b253e5fdee5e3019d9e6f942dcedfba19', 'abhik', 'purohit', '', 'abhik@yahoo.com', NULL, 0, 0, 0, 0, 'default', 'A4', 2, 2, 4, 1, 1, 0, 0, NULL, 10, 1, 1, '1', 1, 0, '', 0, '', NULL, '', NULL, 'N', NULL),
(43, 100, 'nishitdas', 'xjrFIwOQ66ktk', 'nishit', 'das', '86578676', 'nishi.tdas@yahoo.co.in', NULL, 0, 0, 0, 0, 'default', 'A4', 2, 2, 4, 1, 1, 0, 0, NULL, 10, 1, 1, '1', 1, 0, NULL, 0, 'inoerp', '2013-12-31 21:11:07', 'inoerp', '2013-12-31 21:11:07', 'N', NULL),
(34, NULL, 'inoerp', 'xjgC14gYFRsHU', 'inoerp', 'inoerp', '', 'ndas.oracle@gmail.com', NULL, 0, 0, 0, 0, 'default', 'A4', 2, 2, 4, 1, 1, 0, 0, NULL, 10, 1, 1, '1', 1, 0, '', 0, 'admin', '2013-09-26 20:16:44', 'admin', '2013-09-26 20:16:44', 'N', NULL),
(37, 100, 'sachin', 'zxcvbnm1', 'sachin', 'tendulkar', NULL, 'sachin@yahoo.co.in', NULL, 0, 0, 0, 0, 'default', 'A4', 2, 2, 4, 1, 1, 0, 0, NULL, 10, 1, 1, '1', 1, 0, NULL, 0, NULL, NULL, NULL, NULL, 'N', NULL),
(38, 100, 'sourav', '67796beda3b66b27ec80739f4b07301b253e5fdee5e3019d9e6f942dcedfba19', 'sourav', 'ganguly', '', 'sourav@yahoo.co.in', NULL, 0, 0, 0, 0, 'default', 'A4', 2, 2, 4, 1, 1, 0, 0, NULL, 10, 1, 1, '1', 1, 0, NULL, 0, 'inoerp', '2013-09-23 16:30:41', 'inoerp', '2013-09-23 16:30:41', 'N', NULL),
(39, 100, 'manish', '6c3a75f95ea43b54f3eaf05d8df078a59722fa5876fe11a17cb608ff325da025', 'sachin', 'tendulkar', NULL, 'manish@yahoo.co.in', NULL, 0, 0, 0, 0, 'default', 'A4', 2, 2, 4, 1, 1, 0, 0, NULL, 10, 1, 1, '1', 1, 0, NULL, 0, NULL, NULL, NULL, NULL, 'N', NULL),
(40, 100, 'abhinab', '4b00e4469e865ec5b5ba7a18b3111533b632c2b49faf3dbb2e30fdd463b4a9c4', 'sachin', 'tendulkar', NULL, 'abhinab@yahoo.co.in', NULL, 0, 0, 0, 0, 'default', 'A4', 2, 2, 4, 1, 1, 0, 0, NULL, 10, 1, 1, '1', 1, 0, NULL, 0, NULL, NULL, NULL, NULL, 'N', NULL),
(41, 100, 'dravid', '67796beda3b66b27ec80739f4b07301b253e5fdee5e3019d9e6f942dcedfba19', 'sachin', 'tendulkar', NULL, 'dravid@yahoo.co.in', NULL, 0, 0, 0, 0, 'default', 'A4', 2, 2, 4, 1, 1, 0, 0, NULL, 10, 1, 1, '1', 1, 0, NULL, 0, NULL, NULL, NULL, NULL, 'N', NULL),
(42, 100, 'dhoni1', '67796beda3b66b27ec80739f4b07301b253e5fdee5e3019d9e6f942dcedfba19', 'sachin', 'tendulkar', NULL, 'dhoni@yahoo.com', NULL, 0, 0, 0, 0, 'default', 'A4', 2, 2, 4, 1, 1, 0, 0, NULL, 10, 1, 1, '1', 1, 0, NULL, 0, 'dravid', '2025-05-13 19:38:51', NULL, NULL, 'N', NULL),
(44, 100, 'erewe', '67796beda3b66b27ec80739f4b07301b253e5fdee5e3019d9e6f942dcedfba19', '', '', NULL, 'erewe@yahoo.com', NULL, 0, 0, 0, 0, 'default', 'A4', 2, 2, 4, 1, 1, 0, 0, NULL, 10, 1, 1, '1', 1, 0, NULL, 0, 'inoerp', '2011-06-13 21:34:02', NULL, NULL, 'N', NULL),
(45, 100, 'abcdefgh', '67796beda3b66b27ec80739f4b07301b253e5fdee5e3019d9e6f942dcedfba19', '', '', NULL, 'abc@rediff.com', NULL, 0, 0, 0, 0, 'default', 'A4', 2, 2, 4, 1, 1, 0, 0, NULL, 10, 1, 1, '1', 1, 0, NULL, 0, 'inoerp', '2015-06-13 13:16:22', NULL, NULL, 'N', NULL),
(49, NULL, 'sachin04', 'e3b0c44298fc1c149afbf4c8996fb92427ae41e4649b934ca495991b7852b855', 'sachin', 'teb', NULL, 'sachin@yahoo.com', NULL, 0, 0, 0, 0, 'default', 'A4', 2, 2, 4, 1, 1, 0, 0, NULL, 10, 1, 1, '1', 1, 0, NULL, 1, 'inoerp', '2013-09-22 14:54:05', 'inoerp', '2013-09-22 14:54:05', 'N', NULL),
(50, NULL, 'sachin07', 'e3b0c44298fc1c149afbf4c8996fb92427ae41e4649b934ca495991b7852b855', 'sachin', 'inoerp', NULL, 'sachin@rediff.com', NULL, 0, 0, 0, 0, 'default', 'A4', 2, 2, 4, 1, 1, 0, 0, NULL, 10, 1, 1, '1', 1, 0, NULL, 1, 'inoerp', '2013-09-22 15:04:53', 'inoerp', '2013-09-22 15:04:53', 'N', NULL),
(51, NULL, 'sachin09', '1b840dfeb5918f6795e6dc9c6407ab7449f364558ccbddd26e03f48057e787cc', 'sachin', 'inoerp', '3534532', 'sachin09@yahoo.co.in', NULL, 0, 0, 0, 0, 'default', 'A4', 2, 2, 4, 1, 1, 0, 0, NULL, 10, 1, 1, '1', 1, 0, NULL, 1, 'inoerp', '2013-09-22 18:49:08', 'inoerp', '2013-09-22 18:49:08', 'N', NULL),
(52, NULL, 'sachin10', 'e3b0c44298fc1c149afbf4c8996fb92427ae41e4649b934ca495991b7852b855', 'sachin', 'inoerp', NULL, 'sachin10@yahoo.co.in', NULL, 0, 0, 0, 0, 'default', 'A4', 2, 2, 4, 1, 1, 0, 0, NULL, 10, 1, 1, '1', 1, 0, NULL, 1, 'inoerp', '2013-09-22 17:25:45', 'inoerp', '2013-09-22 17:25:45', 'N', NULL),
(53, NULL, 'sachin11', 'e3b0c44298fc1c149afbf4c8996fb92427ae41e4649b934ca495991b7852b855', 'sachin11', 'inoerp11', '567567567', 'sachin11@yahoo.co.in', NULL, 0, 0, 0, 0, 'default', 'A4', 2, 2, 4, 1, 1, 0, 0, NULL, 10, 1, 1, '1', 1, 0, NULL, 1, 'inoerp', '2013-09-23 05:57:43', 'inoerp', '2013-09-23 05:57:43', 'N', NULL),
(54, NULL, 'sachin12', '67796beda3b66b27ec80739f4b07301b253e5fdee5e3019d9e6f942dcedfba19', 'sachin12', 'okey', '8237932', 'nishitdas1@yahoo.co.in', NULL, 0, 0, 0, 0, 'default', 'A4', 2, 2, 4, 1, 1, 0, 0, NULL, 10, 1, 1, '1', 1, 0, NULL, 1, 'inoerp', '2013-09-22 18:18:45', 'inoerp', '2013-09-22 18:18:45', 'N', NULL),
(55, NULL, 'sachin13', 'e3b0c44298fc1c149afbf4c8996fb92427ae41e4649b934ca495991b7852b855', 'Sachin', 'inoerp', '0998908', 'sachin13@yahoo.co.in', NULL, 0, 0, 0, 0, 'default', 'A4', 2, 2, 4, 1, 1, 0, 0, NULL, 10, 1, 1, '1', 1, 0, NULL, 1, 'inoerp', '2013-09-22 18:31:13', 'inoerp', '2013-09-22 18:31:13', 'N', NULL),
(56, NULL, 'sachin15', 'xjrFIwOQ66ktk', 'sachin', 'tendul', '89792738921', 'sachin15@yahoo.co.in', NULL, 0, 0, 0, 0, 'default', 'A4', 2, 2, 4, 1, 1, 0, 0, NULL, 10, 1, 1, '1', 1, 0, NULL, 1, 'inoerp', '2013-09-29 17:18:13', 'inoerp', '2013-09-29 17:18:13', 'N', NULL),
(57, NULL, 'admin', 'xjgC14gYFRsHU', 'admin', 'admin', '', 'admin@inoideas.com', NULL, 0, 0, 0, 0, 'default', 'A4', 2, 2, 4, 1, 1, 0, 0, NULL, 10, 1, 1, '1', 1, 0, NULL, 1, 'inoerp', '2013-09-26 20:14:39', 'inoerp', '2013-09-26 20:14:39', 'N', NULL);

-- --------------------------------------------------------

--
-- Table structure for table `user_role`
--

CREATE TABLE IF NOT EXISTS `user_role` (
  `user_role_id` int(12) unsigned NOT NULL AUTO_INCREMENT,
  `role_id` int(12) unsigned NOT NULL,
  `user_id` int(12) unsigned NOT NULL,
  PRIMARY KEY (`user_role_id`)
) ENGINE=MyISAM  DEFAULT CHARSET=latin1 AUTO_INCREMENT=7 ;

--
-- Dumping data for table `user_role`
--

INSERT INTO `user_role` (`user_role_id`, `role_id`, `user_id`) VALUES
(1, 263, 38),
(2, 261, 38),
(3, 262, 34),
(4, 262, 57),
(5, 264, 56),
(6, 261, 56);

-- --------------------------------------------------------

--
-- Table structure for table `view`
--

CREATE TABLE IF NOT EXISTS `view` (
  `view_id` int(12) unsigned NOT NULL AUTO_INCREMENT,
  `view` varchar(32) NOT NULL DEFAULT '',
  `description` varchar(255) DEFAULT NULL,
  `logical_settings` text,
  `query` longtext,
  `select` text NOT NULL,
  `from` text NOT NULL,
  `where` text,
  `order_by` text,
  `query_end` text,
  `filters` text,
  `display_type` varchar(100) DEFAULT NULL,
  `page` int(1) DEFAULT NULL,
  `page_title` varchar(255) DEFAULT NULL,
  `page_header` longtext,
  `page_footer` longtext,
  `use_pager` int(1) DEFAULT NULL,
  `contents_per_page` int(5) DEFAULT NULL,
  `path` varchar(255) DEFAULT NULL,
  `block` int(1) DEFAULT NULL,
  `block_title` varchar(255) DEFAULT NULL,
  `block_header` longtext,
  `block_footer` longtext,
  `block_type` varchar(20) DEFAULT NULL,
  `block_more` int(1) DEFAULT NULL,
  `rev_enabled_cb` tinyint(1) DEFAULT NULL,
  `rev_number` varchar(256) DEFAULT NULL,
  `created_by` varchar(50) DEFAULT NULL,
  `creation_date` timestamp NULL DEFAULT NULL,
  `last_update_by` varchar(50) DEFAULT NULL,
  `last_update_date` timestamp NULL DEFAULT NULL,
  PRIMARY KEY (`view_id`),
  UNIQUE KEY `name` (`view`)
) ENGINE=MyISAM  DEFAULT CHARSET=latin1 AUTO_INCREMENT=10 ;

--
-- Dumping data for table `view`
--

INSERT INTO `view` (`view_id`, `view`, `description`, `logical_settings`, `query`, `select`, `from`, `where`, `order_by`, `query_end`, `filters`, `display_type`, `page`, `page_title`, `page_header`, `page_footer`, `use_pager`, `contents_per_page`, `path`, `block`, `block_title`, `block_header`, `block_footer`, `block_type`, `block_more`, `rev_enabled_cb`, `rev_number`, `created_by`, `creation_date`, `last_update_by`, `last_update_date`) VALUES
(1, 'subinventory01', 'Subinventory Details', 'DQoJCQkJCQkgPGxpPjxsYWJlbD5UYWJsZXM8L2xhYmVsPiANCgkJCQkJCQk8aW5wdXQgc3R5bGU9ImJhY2tncm91bmQtY29sb3I6IHJnYigyNTUsIDI1NSwgMjU1KTsiIHZhbHVlPSJTYXZlIFRhYmxlcyIgY2xhc3M9ImJ1dHRvbiBzYXZlX3RhYmxlcyIgaWQ9InNhdmVfdGFibGVzIiB0eXBlPSJidXR0b24iPg0KCQkJCQkJCTxpbnB1dCBzdHlsZT0iYmFja2dyb3VuZC1jb2xvcjogcmdiKDI1NSwgMjU1LCAyNTUpOyIgdmFsdWU9IlNhdmUgUXVlcnkiIGNsYXNzPSJidXR0b24gc2F2ZV9xdWVyeSIgaWQ9InNhdmVfcXVlcnkiIHR5cGU9ImJ1dHRvbiI+DQoJCQkJCQkgPC9saT4NCgkJCQkJCSA8ZGl2IGlkPSJkaXNwbGF5X2RpdiI+IA0KCQkJCQkJCTx1bCBpZD0iZGlzcGxheV9yZWNvcmRzMCI+DQoJCQkJCQkJIDxzcGFuIGNsYXNzPSJhZGRfbmV3X3RhYmxlIj48aW1nIHNyYz0iaHR0cDovL3d3dy5pbm9pZGVhcy5jb20vaW5vZXJwL3RoZW1lcy9pbWFnZXMvcGx1c18xMC5wbmciIGFsdD0iYWRkIG5ldyB0YWJsZSI+TmV3IFRhYmxlPC9zcGFuPg0KCQkJCQkJCSA8c3BhbiBjbGFzcz0iYWRkX25ld19maWVsZCI+PGltZyBzcmM9Imh0dHA6Ly93d3cuaW5vaWRlYXMuY29tL2lub2VycC90aGVtZXMvaW1hZ2VzL3BsdXNfMTAucG5nIiBhbHQ9ImFkZCBuZXcgdGFibGUiPk5ldyBGaWVsZDwvc3Bhbj4NCgkJCQkJCQkgPGxpIGlkPSJ0YWJsZV9yZWNvcmRzIj48bGFiZWw+VGFibGUgTmFtZSA8L2xhYmVsPg0KCQkJCQkJCQk8c2VsZWN0IGNsYXNzPSJhbGxfdGFibGVfbmFtZXMiPg0KCQkJCQkJCQkgPG9wdGlvbj48L29wdGlvbj48b3B0aW9uIGNsYXNzPSJzZWxlY3QgdGFibGUgb3B0aW9uIiB2YWx1ZT0iYWRkcmVzcyI+YWRkcmVzczwvb3B0aW9uPjxvcHRpb24gY2xhc3M9InNlbGVjdCB0YWJsZSBvcHRpb24iIHZhbHVlPSJhcF9wYXltZW50X3Rlcm1zIj5hcF9wYXltZW50X3Rlcm1zPC9vcHRpb24+PG9wdGlvbiBjbGFzcz0ic2VsZWN0IHRhYmxlIG9wdGlvbiIgdmFsdWU9ImJsb2NrIj5ibG9jazwvb3B0aW9uPjxvcHRpb24gY2xhc3M9InNlbGVjdCB0YWJsZSBvcHRpb24iIHZhbHVlPSJibG9ja19jb250ZW50Ij5ibG9ja19jb250ZW50PC9vcHRpb24+PG9wdGlvbiBjbGFzcz0ic2VsZWN0IHRhYmxlIG9wdGlvbiIgdmFsdWU9ImJ1c2luZXNzX29yZyI+YnVzaW5lc3Nfb3JnPC9vcHRpb24+PG9wdGlvbiBjbGFzcz0ic2VsZWN0IHRhYmxlIG9wdGlvbiIgdmFsdWU9ImNfY29udGVudCI+Y19jb250ZW50PC9vcHRpb24+PG9wdGlvbiBjbGFzcz0ic2VsZWN0IHRhYmxlIG9wdGlvbiIgdmFsdWU9ImNfY3VzdG9tZXIiPmNfY3VzdG9tZXI8L29wdGlvbj48b3B0aW9uIGNsYXNzPSJzZWxlY3QgdGFibGUgb3B0aW9uIiB2YWx1ZT0iY19mb3J1bSI+Y19mb3J1bTwvb3B0aW9uPjxvcHRpb24gY2xhc3M9InNlbGVjdCB0YWJsZSBvcHRpb24iIHZhbHVlPSJjX3BsYWluX3RleHQiPmNfcGxhaW5fdGV4dDwvb3B0aW9uPjxvcHRpb24gY2xhc3M9InNlbGVjdCB0YWJsZSBvcHRpb24iIHZhbHVlPSJjX3N1cHBsaWVyIj5jX3N1cHBsaWVyPC9vcHRpb24+PG9wdGlvbiBjbGFzcz0ic2VsZWN0IHRhYmxlIG9wdGlvbiIgdmFsdWU9ImNfc3VwcGxpZXJfY29udGFjdCI+Y19zdXBwbGllcl9jb250YWN0PC9vcHRpb24+PG9wdGlvbiBjbGFzcz0ic2VsZWN0IHRhYmxlIG9wdGlvbiIgdmFsdWU9ImNfdGVzdCI+Y190ZXN0PC9vcHRpb24+PG9wdGlvbiBjbGFzcz0ic2VsZWN0IHRhYmxlIG9wdGlvbiIgdmFsdWU9ImNfdGVzdF9mb3J1bSI+Y190ZXN0X2ZvcnVtPC9vcHRpb24+PG9wdGlvbiBjbGFzcz0ic2VsZWN0IHRhYmxlIG9wdGlvbiIgdmFsdWU9ImNhdGVnb3J5Ij5jYXRlZ29yeTwvb3B0aW9uPjxvcHRpb24gY2xhc3M9InNlbGVjdCB0YWJsZSBvcHRpb24iIHZhbHVlPSJjYXRlZ29yeV9yZWZlcmVuY2UiPmNhdGVnb3J5X3JlZmVyZW5jZTwvb3B0aW9uPjxvcHRpb24gY2xhc3M9InNlbGVjdCB0YWJsZSBvcHRpb24iIHZhbHVlPSJjb2EiPmNvYTwvb3B0aW9uPjxvcHRpb24gY2xhc3M9InNlbGVjdCB0YWJsZSBvcHRpb24iIHZhbHVlPSJjb2FfY29tYmluYXRpb24iPmNvYV9jb21iaW5hdGlvbjwvb3B0aW9uPjxvcHRpb24gY2xhc3M9InNlbGVjdCB0YWJsZSBvcHRpb24iIHZhbHVlPSJjb2Ffc2VnbWVudF92YWx1ZXMiPmNvYV9zZWdtZW50X3ZhbHVlczwvb3B0aW9uPjxvcHRpb24gY2xhc3M9InNlbGVjdCB0YWJsZSBvcHRpb24iIHZhbHVlPSJjb21tZW50Ij5jb21tZW50PC9vcHRpb24+PG9wdGlvbiBjbGFzcz0ic2VsZWN0IHRhYmxlIG9wdGlvbiIgdmFsdWU9ImNvbnRlbnQiPmNvbnRlbnQ8L29wdGlvbj48b3B0aW9uIGNsYXNzPSJzZWxlY3QgdGFibGUgb3B0aW9uIiB2YWx1ZT0iY29udGVudF90eXBlIj5jb250ZW50X3R5cGU8L29wdGlvbj48b3B0aW9uIGNsYXNzPSJzZWxlY3QgdGFibGUgb3B0aW9uIiB2YWx1ZT0iY29udGVudF90eXBlX3JlZmVyZW5jZSI+Y29udGVudF90eXBlX3JlZmVyZW5jZTwvb3B0aW9uPjxvcHRpb24gY2xhc3M9InNlbGVjdCB0YWJsZSBvcHRpb24iIHZhbHVlPSJlbnRlcnByaXNlIj5lbnRlcnByaXNlPC9vcHRpb24+PG9wdGlvbiBjbGFzcz0ic2VsZWN0IHRhYmxlIG9wdGlvbiIgdmFsdWU9ImZpbGUiPmZpbGU8L29wdGlvbj48b3B0aW9uIGNsYXNzPSJzZWxlY3QgdGFibGUgb3B0aW9uIiB2YWx1ZT0iZmlsZV9yZWZlcmVuY2UiPmZpbGVfcmVmZXJlbmNlPC9vcHRpb24+PG9wdGlvbiBjbGFzcz0ic2VsZWN0IHRhYmxlIG9wdGlvbiIgdmFsdWU9Imludl90cmFuc2FjdGlvbiI+aW52X3RyYW5zYWN0aW9uPC9vcHRpb24+PG9wdGlvbiBjbGFzcz0ic2VsZWN0IHRhYmxlIG9wdGlvbiIgdmFsdWU9ImludmVudG9yeV9vcmciPmludmVudG9yeV9vcmc8L29wdGlvbj48b3B0aW9uIGNsYXNzPSJzZWxlY3QgdGFibGUgb3B0aW9uIiB2YWx1ZT0iaXRlbSI+aXRlbTwvb3B0aW9uPjxvcHRpb24gY2xhc3M9InNlbGVjdCB0YWJsZSBvcHRpb24iIHZhbHVlPSJpdGVtX3N0YXR1cyI+aXRlbV9zdGF0dXM8L29wdGlvbj48b3B0aW9uIGNsYXNzPSJzZWxlY3QgdGFibGUgb3B0aW9uIiB2YWx1ZT0ibGVkZ2VyIj5sZWRnZXI8L29wdGlvbj48b3B0aW9uIGNsYXNzPSJzZWxlY3QgdGFibGUgb3B0aW9uIiB2YWx1ZT0ibGVnYWxfb3JnIj5sZWdhbF9vcmc8L29wdGlvbj48b3B0aW9uIGNsYXNzPSJzZWxlY3QgdGFibGUgb3B0aW9uIiB2YWx1ZT0ibG9jYXRvciI+bG9jYXRvcjwvb3B0aW9uPjxvcHRpb24gY2xhc3M9InNlbGVjdCB0YWJsZSBvcHRpb24iIHZhbHVlPSJtb2R1bGUiPm1vZHVsZTwvb3B0aW9uPjxvcHRpb24gY2xhc3M9InNlbGVjdCB0YWJsZSBvcHRpb24iIHZhbHVlPSJvbmhhbmQiPm9uaGFuZDwvb3B0aW9uPjxvcHRpb24gY2xhc3M9InNlbGVjdCB0YWJsZSBvcHRpb24iIHZhbHVlPSJvcHRpb25fZGV0YWlsIj5vcHRpb25fZGV0YWlsPC9vcHRpb24+PG9wdGlvbiBjbGFzcz0ic2VsZWN0IHRhYmxlIG9wdGlvbiIgdmFsdWU9Im9wdGlvbl9oZWFkZXIiPm9wdGlvbl9oZWFkZXI8L29wdGlvbj48b3B0aW9uIGNsYXNzPSJzZWxlY3QgdGFibGUgb3B0aW9uIiB2YWx1ZT0ib3B0aW9uX2xpbmUiPm9wdGlvbl9saW5lPC9vcHRpb24+PG9wdGlvbiBjbGFzcz0ic2VsZWN0IHRhYmxlIG9wdGlvbiIgdmFsdWU9Im9yZyI+b3JnPC9vcHRpb24+PG9wdGlvbiBjbGFzcz0ic2VsZWN0IHRhYmxlIG9wdGlvbiIgdmFsdWU9InBhZ2UiPnBhZ2U8L29wdGlvbj48b3B0aW9uIGNsYXNzPSJzZWxlY3QgdGFibGUgb3B0aW9uIiB2YWx1ZT0icGF0aCI+cGF0aDwvb3B0aW9uPjxvcHRpb24gY2xhc3M9InNlbGVjdCB0YWJsZSBvcHRpb24iIHZhbHVlPSJwcm9kdWN0Ij5wcm9kdWN0PC9vcHRpb24+PG9wdGlvbiBzZWxlY3RlZD0ic2VsZWN0ZWQiIGNsYXNzPSJzZWxlY3QgdGFibGUgb3B0aW9uIiB2YWx1ZT0ic3ViaW52ZW50b3J5Ij5zdWJpbnZlbnRvcnk8L29wdGlvbj48b3B0aW9uIGNsYXNzPSJzZWxlY3QgdGFibGUgb3B0aW9uIiB2YWx1ZT0ic3VwcGxpZXIiPnN1cHBsaWVyPC9vcHRpb24+PG9wdGlvbiBjbGFzcz0ic2VsZWN0IHRhYmxlIG9wdGlvbiIgdmFsdWU9InN1cHBsaWVyMSI+c3VwcGxpZXIxPC9vcHRpb24+PG9wdGlvbiBjbGFzcz0ic2VsZWN0IHRhYmxlIG9wdGlvbiIgdmFsdWU9InN1cHBsaWVyX3NpdGUiPnN1cHBsaWVyX3NpdGU8L29wdGlvbj48b3B0aW9uIGNsYXNzPSJzZWxlY3QgdGFibGUgb3B0aW9uIiB2YWx1ZT0ic3VwcGxpZXJfc2l0ZTEiPnN1cHBsaWVyX3NpdGUxPC9vcHRpb24+PG9wdGlvbiBjbGFzcz0ic2VsZWN0IHRhYmxlIG9wdGlvbiIgdmFsdWU9InN5c3RlbV9wYXRoIj5zeXN0ZW1fcGF0aDwvb3B0aW9uPjxvcHRpb24gY2xhc3M9InNlbGVjdCB0YWJsZSBvcHRpb24iIHZhbHVlPSJ0cmFuc2FjdGlvbl90eXBlIj50cmFuc2FjdGlvbl90eXBlPC9vcHRpb24+PG9wdGlvbiBjbGFzcz0ic2VsZWN0IHRhYmxlIG9wdGlvbiIgdmFsdWU9InVvbSI+dW9tPC9vcHRpb24+PG9wdGlvbiBjbGFzcz0ic2VsZWN0IHRhYmxlIG9wdGlvbiIgdmFsdWU9InVzZXIiPnVzZXI8L29wdGlvbj48b3B0aW9uIGNsYXNzPSJzZWxlY3QgdGFibGUgb3B0aW9uIiB2YWx1ZT0idmlldyI+dmlldzwvb3B0aW9uPjxvcHRpb24gY2xhc3M9InNlbGVjdCB0YWJsZSBvcHRpb24iIHZhbHVlPSJ4eHhfYmxvZyI+eHh4X2Jsb2c8L29wdGlvbj48b3B0aW9uIGNsYXNzPSJzZWxlY3QgdGFibGUgb3B0aW9uIiB2YWx1ZT0ieHh4X2VudGVycHJpc2UiPnh4eF9lbnRlcnByaXNlPC9vcHRpb24+PG9wdGlvbiBjbGFzcz0ic2VsZWN0IHRhYmxlIG9wdGlvbiIgdmFsdWU9Inh4eF90cmFuc2FjdGlvbl90eXBlIj54eHhfdHJhbnNhY3Rpb25fdHlwZTwvb3B0aW9uPgkJCQkJCQkJIDxvcHRpb24gdmFsdWU9IiIgY2xhc3M9InJlbW92ZV90YWJsZSI+UmVtb3ZlIFRhYmxlPC9vcHRpb24+DQoJCQkJCQkJCTwvc2VsZWN0Pg0KCQkJCQkJCSA8L2xpPg0KCQkJCQkJCSA8bGkgaWQ9ImZpZWxkX3JlY29yZHMwIj48bGFiZWw+RmllbGQ8L2xhYmVsPg0KCQkJCQkJCQkNCiAgDQogIDxzZWxlY3QgY2xhc3M9InRhYmxlX2ZpZWxkcyI+PG9wdGlvbiBzZWxlY3RlZD0ic2VsZWN0ZWQiIGNsYXNzPSJ0YWJsZV9maWVsZHNfb3B0aW9ucyIgdmFsdWU9InN1YmludmVudG9yeV9pZCI+c3ViaW52ZW50b3J5X2lkPC9vcHRpb24+PG9wdGlvbiBjbGFzcz0idGFibGVfZmllbGRzX29wdGlvbnMiIHZhbHVlPSJvcmdfaWQiPm9yZ19pZDwvb3B0aW9uPjxvcHRpb24gY2xhc3M9InRhYmxlX2ZpZWxkc19vcHRpb25zIiB2YWx1ZT0idHlwZSI+dHlwZTwvb3B0aW9uPjxvcHRpb24gY2xhc3M9InRhYmxlX2ZpZWxkc19vcHRpb25zIiB2YWx1ZT0ic3ViaW52ZW50b3J5Ij5zdWJpbnZlbnRvcnk8L29wdGlvbj48b3B0aW9uIGNsYXNzPSJ0YWJsZV9maWVsZHNfb3B0aW9ucyIgdmFsdWU9ImRlc2NyaXB0aW9uIj5kZXNjcmlwdGlvbjwvb3B0aW9uPjxvcHRpb24gY2xhc3M9InRhYmxlX2ZpZWxkc19vcHRpb25zIiB2YWx1ZT0ibG9jYXRvcl9jb250cm9sIj5sb2NhdG9yX2NvbnRyb2w8L29wdGlvbj48b3B0aW9uIGNsYXNzPSJ0YWJsZV9maWVsZHNfb3B0aW9ucyIgdmFsdWU9ImFsbG93X25lZ2F0aXZlX2JhbGFuY2VfY2IiPmFsbG93X25lZ2F0aXZlX2JhbGFuY2VfY2I8L29wdGlvbj48b3B0aW9uIGNsYXNzPSJ0YWJsZV9maWVsZHNfb3B0aW9ucyIgdmFsdWU9ImRlZmF1bHRfY29zdF9ncm91cCI+ZGVmYXVsdF9jb3N0X2dyb3VwPC9vcHRpb24+PG9wdGlvbiBjbGFzcz0idGFibGVfZmllbGRzX29wdGlvbnMiIHZhbHVlPSJtYXRlcmlhbF9hY19pZCI+bWF0ZXJpYWxfYWNfaWQ8L29wdGlvbj48b3B0aW9uIGNsYXNzPSJ0YWJsZV9maWVsZHNfb3B0aW9ucyIgdmFsdWU9Im1hdGVyaWFsX29oX2FjX2lkIj5tYXRlcmlhbF9vaF9hY19pZDwvb3B0aW9uPjxvcHRpb24gY2xhc3M9InRhYmxlX2ZpZWxkc19vcHRpb25zIiB2YWx1ZT0ib3ZlcmhlYWRfYWNfaWQiPm92ZXJoZWFkX2FjX2lkPC9vcHRpb24+PG9wdGlvbiBjbGFzcz0idGFibGVfZmllbGRzX29wdGlvbnMiIHZhbHVlPSJyZXNvdXJjZV9hY19pZCI+cmVzb3VyY2VfYWNfaWQ8L29wdGlvbj48b3B0aW9uIGNsYXNzPSJ0YWJsZV9maWVsZHNfb3B0aW9ucyIgdmFsdWU9Im9zcF9hY19pZCI+b3NwX2FjX2lkPC9vcHRpb24+PG9wdGlvbiBjbGFzcz0idGFibGVfZmllbGRzX29wdGlvbnMiIHZhbHVlPSJleHBlbnNlX2FjX2lkIj5leHBlbnNlX2FjX2lkPC9vcHRpb24+PG9wdGlvbiBjbGFzcz0idGFibGVfZmllbGRzX29wdGlvbnMiIHZhbHVlPSJlZl9pZCI+ZWZfaWQ8L29wdGlvbj48b3B0aW9uIGNsYXNzPSJ0YWJsZV9maWVsZHNfb3B0aW9ucyIgdmFsdWU9InN0YXR1cyI+c3RhdHVzPC9vcHRpb24+PG9wdGlvbiBjbGFzcz0idGFibGVfZmllbGRzX29wdGlvbnMiIHZhbHVlPSJyZXZfZW5hYmxlZF9jYiI+cmV2X2VuYWJsZWRfY2I8L29wdGlvbj48b3B0aW9uIGNsYXNzPSJ0YWJsZV9maWVsZHNfb3B0aW9ucyIgdmFsdWU9InJldl9udW1iZXIiPnJldl9udW1iZXI8L29wdGlvbj48b3B0aW9uIGNsYXNzPSJ0YWJsZV9maWVsZHNfb3B0aW9ucyIgdmFsdWU9ImNyZWF0ZWRfYnkiPmNyZWF0ZWRfYnk8L29wdGlvbj48b3B0aW9uIGNsYXNzPSJ0YWJsZV9maWVsZHNfb3B0aW9ucyIgdmFsdWU9ImNyZWF0aW9uX2RhdGUiPmNyZWF0aW9uX2RhdGU8L29wdGlvbj48b3B0aW9uIGNsYXNzPSJ0YWJsZV9maWVsZHNfb3B0aW9ucyIgdmFsdWU9Imxhc3RfdXBkYXRlX2J5Ij5sYXN0X3VwZGF0ZV9ieTwvb3B0aW9uPjxvcHRpb24gY2xhc3M9InRhYmxlX2ZpZWxkc19vcHRpb25zIiB2YWx1ZT0ibGFzdF91cGRhdGVfZGF0ZSI+bGFzdF91cGRhdGVfZGF0ZTwvb3B0aW9uPjxvcHRpb24gdmFsdWU9InJlbW92ZSIgY2xhc3M9InJlbW92ZV9vcHRpb24iPlJlbW92ZSBGaWVsZDwvb3B0aW9uPjwvc2VsZWN0Pg0KCQkJCQkJCSA8L2xpPg0KCQkJCQkJCTxsaSBpZD0ibmV3X29iamVjdDEwIj48bGFiZWw+RmllbGQ8L2xhYmVsPg0KCQkJCQkJCQkNCiAgDQogIDxzZWxlY3QgY2xhc3M9InRhYmxlX2ZpZWxkcyI+PG9wdGlvbiBjbGFzcz0idGFibGVfZmllbGRzX29wdGlvbnMiIHZhbHVlPSJzdWJpbnZlbnRvcnlfaWQiPnN1YmludmVudG9yeV9pZDwvb3B0aW9uPjxvcHRpb24gY2xhc3M9InRhYmxlX2ZpZWxkc19vcHRpb25zIiB2YWx1ZT0ib3JnX2lkIj5vcmdfaWQ8L29wdGlvbj48b3B0aW9uIGNsYXNzPSJ0YWJsZV9maWVsZHNfb3B0aW9ucyIgdmFsdWU9InR5cGUiPnR5cGU8L29wdGlvbj48b3B0aW9uIHNlbGVjdGVkPSJzZWxlY3RlZCIgY2xhc3M9InRhYmxlX2ZpZWxkc19vcHRpb25zIiB2YWx1ZT0ic3ViaW52ZW50b3J5Ij5zdWJpbnZlbnRvcnk8L29wdGlvbj48b3B0aW9uIGNsYXNzPSJ0YWJsZV9maWVsZHNfb3B0aW9ucyIgdmFsdWU9ImRlc2NyaXB0aW9uIj5kZXNjcmlwdGlvbjwvb3B0aW9uPjxvcHRpb24gY2xhc3M9InRhYmxlX2ZpZWxkc19vcHRpb25zIiB2YWx1ZT0ibG9jYXRvcl9jb250cm9sIj5sb2NhdG9yX2NvbnRyb2w8L29wdGlvbj48b3B0aW9uIGNsYXNzPSJ0YWJsZV9maWVsZHNfb3B0aW9ucyIgdmFsdWU9ImFsbG93X25lZ2F0aXZlX2JhbGFuY2VfY2IiPmFsbG93X25lZ2F0aXZlX2JhbGFuY2VfY2I8L29wdGlvbj48b3B0aW9uIGNsYXNzPSJ0YWJsZV9maWVsZHNfb3B0aW9ucyIgdmFsdWU9ImRlZmF1bHRfY29zdF9ncm91cCI+ZGVmYXVsdF9jb3N0X2dyb3VwPC9vcHRpb24+PG9wdGlvbiBjbGFzcz0idGFibGVfZmllbGRzX29wdGlvbnMiIHZhbHVlPSJtYXRlcmlhbF9hY19pZCI+bWF0ZXJpYWxfYWNfaWQ8L29wdGlvbj48b3B0aW9uIGNsYXNzPSJ0YWJsZV9maWVsZHNfb3B0aW9ucyIgdmFsdWU9Im1hdGVyaWFsX29oX2FjX2lkIj5tYXRlcmlhbF9vaF9hY19pZDwvb3B0aW9uPjxvcHRpb24gY2xhc3M9InRhYmxlX2ZpZWxkc19vcHRpb25zIiB2YWx1ZT0ib3ZlcmhlYWRfYWNfaWQiPm92ZXJoZWFkX2FjX2lkPC9vcHRpb24+PG9wdGlvbiBjbGFzcz0idGFibGVfZmllbGRzX29wdGlvbnMiIHZhbHVlPSJyZXNvdXJjZV9hY19pZCI+cmVzb3VyY2VfYWNfaWQ8L29wdGlvbj48b3B0aW9uIGNsYXNzPSJ0YWJsZV9maWVsZHNfb3B0aW9ucyIgdmFsdWU9Im9zcF9hY19pZCI+b3NwX2FjX2lkPC9vcHRpb24+PG9wdGlvbiBjbGFzcz0idGFibGVfZmllbGRzX29wdGlvbnMiIHZhbHVlPSJleHBlbnNlX2FjX2lkIj5leHBlbnNlX2FjX2lkPC9vcHRpb24+PG9wdGlvbiBjbGFzcz0idGFibGVfZmllbGRzX29wdGlvbnMiIHZhbHVlPSJlZl9pZCI+ZWZfaWQ8L29wdGlvbj48b3B0aW9uIGNsYXNzPSJ0YWJsZV9maWVsZHNfb3B0aW9ucyIgdmFsdWU9InN0YXR1cyI+c3RhdHVzPC9vcHRpb24+PG9wdGlvbiBjbGFzcz0idGFibGVfZmllbGRzX29wdGlvbnMiIHZhbHVlPSJyZXZfZW5hYmxlZF9jYiI+cmV2X2VuYWJsZWRfY2I8L29wdGlvbj48b3B0aW9uIGNsYXNzPSJ0YWJsZV9maWVsZHNfb3B0aW9ucyIgdmFsdWU9InJldl9udW1iZXIiPnJldl9udW1iZXI8L29wdGlvbj48b3B0aW9uIGNsYXNzPSJ0YWJsZV9maWVsZHNfb3B0aW9ucyIgdmFsdWU9ImNyZWF0ZWRfYnkiPmNyZWF0ZWRfYnk8L29wdGlvbj48b3B0aW9uIGNsYXNzPSJ0YWJsZV9maWVsZHNfb3B0aW9ucyIgdmFsdWU9ImNyZWF0aW9uX2RhdGUiPmNyZWF0aW9uX2RhdGU8L29wdGlvbj48b3B0aW9uIGNsYXNzPSJ0YWJsZV9maWVsZHNfb3B0aW9ucyIgdmFsdWU9Imxhc3RfdXBkYXRlX2J5Ij5sYXN0X3VwZGF0ZV9ieTwvb3B0aW9uPjxvcHRpb24gY2xhc3M9InRhYmxlX2ZpZWxkc19vcHRpb25zIiB2YWx1ZT0ibGFzdF91cGRhdGVfZGF0ZSI+bGFzdF91cGRhdGVfZGF0ZTwvb3B0aW9uPjxvcHRpb24gdmFsdWU9InJlbW92ZSIgY2xhc3M9InJlbW92ZV9vcHRpb24iPlJlbW92ZSBGaWVsZDwvb3B0aW9uPjwvc2VsZWN0Pg0KCQkJCQkJCSA8L2xpPjxsaSBpZD0ibmV3X29iamVjdDExIj48bGFiZWw+RmllbGQ8L2xhYmVsPg0KCQkJCQkJCQkNCiAgDQogIDxzZWxlY3QgY2xhc3M9InRhYmxlX2ZpZWxkcyI+PG9wdGlvbiBjbGFzcz0idGFibGVfZmllbGRzX29wdGlvbnMiIHZhbHVlPSJzdWJpbnZlbnRvcnlfaWQiPnN1YmludmVudG9yeV9pZDwvb3B0aW9uPjxvcHRpb24gY2xhc3M9InRhYmxlX2ZpZWxkc19vcHRpb25zIiB2YWx1ZT0ib3JnX2lkIj5vcmdfaWQ8L29wdGlvbj48b3B0aW9uIGNsYXNzPSJ0YWJsZV9maWVsZHNfb3B0aW9ucyIgdmFsdWU9InR5cGUiPnR5cGU8L29wdGlvbj48b3B0aW9uIGNsYXNzPSJ0YWJsZV9maWVsZHNfb3B0aW9ucyIgdmFsdWU9InN1YmludmVudG9yeSI+c3ViaW52ZW50b3J5PC9vcHRpb24+PG9wdGlvbiBzZWxlY3RlZD0ic2VsZWN0ZWQiIGNsYXNzPSJ0YWJsZV9maWVsZHNfb3B0aW9ucyIgdmFsdWU9ImRlc2NyaXB0aW9uIj5kZXNjcmlwdGlvbjwvb3B0aW9uPjxvcHRpb24gY2xhc3M9InRhYmxlX2ZpZWxkc19vcHRpb25zIiB2YWx1ZT0ibG9jYXRvcl9jb250cm9sIj5sb2NhdG9yX2NvbnRyb2w8L29wdGlvbj48b3B0aW9uIGNsYXNzPSJ0YWJsZV9maWVsZHNfb3B0aW9ucyIgdmFsdWU9ImFsbG93X25lZ2F0aXZlX2JhbGFuY2VfY2IiPmFsbG93X25lZ2F0aXZlX2JhbGFuY2VfY2I8L29wdGlvbj48b3B0aW9uIGNsYXNzPSJ0YWJsZV9maWVsZHNfb3B0aW9ucyIgdmFsdWU9ImRlZmF1bHRfY29zdF9ncm91cCI+ZGVmYXVsdF9jb3N0X2dyb3VwPC9vcHRpb24+PG9wdGlvbiBjbGFzcz0idGFibGVfZmllbGRzX29wdGlvbnMiIHZhbHVlPSJtYXRlcmlhbF9hY19pZCI+bWF0ZXJpYWxfYWNfaWQ8L29wdGlvbj48b3B0aW9uIGNsYXNzPSJ0YWJsZV9maWVsZHNfb3B0aW9ucyIgdmFsdWU9Im1hdGVyaWFsX29oX2FjX2lkIj5tYXRlcmlhbF9vaF9hY19pZDwvb3B0aW9uPjxvcHRpb24gY2xhc3M9InRhYmxlX2ZpZWxkc19vcHRpb25zIiB2YWx1ZT0ib3ZlcmhlYWRfYWNfaWQiPm92ZXJoZWFkX2FjX2lkPC9vcHRpb24+PG9wdGlvbiBjbGFzcz0idGFibGVfZmllbGRzX29wdGlvbnMiIHZhbHVlPSJyZXNvdXJjZV9hY19pZCI+cmVzb3VyY2VfYWNfaWQ8L29wdGlvbj48b3B0aW9uIGNsYXNzPSJ0YWJsZV9maWVsZHNfb3B0aW9ucyIgdmFsdWU9Im9zcF9hY19pZCI+b3NwX2FjX2lkPC9vcHRpb24+PG9wdGlvbiBjbGFzcz0idGFibGVfZmllbGRzX29wdGlvbnMiIHZhbHVlPSJleHBlbnNlX2FjX2lkIj5leHBlbnNlX2FjX2lkPC9vcHRpb24+PG9wdGlvbiBjbGFzcz0idGFibGVfZmllbGRzX29wdGlvbnMiIHZhbHVlPSJlZl9pZCI+ZWZfaWQ8L29wdGlvbj48b3B0aW9uIGNsYXNzPSJ0YWJsZV9maWVsZHNfb3B0aW9ucyIgdmFsdWU9InN0YXR1cyI+c3RhdHVzPC9vcHRpb24+PG9wdGlvbiBjbGFzcz0idGFibGVfZmllbGRzX29wdGlvbnMiIHZhbHVlPSJyZXZfZW5hYmxlZF9jYiI+cmV2X2VuYWJsZWRfY2I8L29wdGlvbj48b3B0aW9uIGNsYXNzPSJ0YWJsZV9maWVsZHNfb3B0aW9ucyIgdmFsdWU9InJldl9udW1iZXIiPnJldl9udW1iZXI8L29wdGlvbj48b3B0aW9uIGNsYXNzPSJ0YWJsZV9maWVsZHNfb3B0aW9ucyIgdmFsdWU9ImNyZWF0ZWRfYnkiPmNyZWF0ZWRfYnk8L29wdGlvbj48b3B0aW9uIGNsYXNzPSJ0YWJsZV9maWVsZHNfb3B0aW9ucyIgdmFsdWU9ImNyZWF0aW9uX2RhdGUiPmNyZWF0aW9uX2RhdGU8L29wdGlvbj48b3B0aW9uIGNsYXNzPSJ0YWJsZV9maWVsZHNfb3B0aW9ucyIgdmFsdWU9Imxhc3RfdXBkYXRlX2J5Ij5sYXN0X3VwZGF0ZV9ieTwvb3B0aW9uPjxvcHRpb24gY2xhc3M9InRhYmxlX2ZpZWxkc19vcHRpb25zIiB2YWx1ZT0ibGFzdF91cGRhdGVfZGF0ZSI+bGFzdF91cGRhdGVfZGF0ZTwvb3B0aW9uPjxvcHRpb24gdmFsdWU9InJlbW92ZSIgY2xhc3M9InJlbW92ZV9vcHRpb24iPlJlbW92ZSBGaWVsZDwvb3B0aW9uPjwvc2VsZWN0Pg0KCQkJCQkJCSA8L2xpPjxsaSBpZD0ibmV3X29iamVjdDEyIj48bGFiZWw+RmllbGQ8L2xhYmVsPg0KCQkJCQkJCQkNCiAgDQogIDxzZWxlY3QgY2xhc3M9InRhYmxlX2ZpZWxkcyI+PG9wdGlvbiBjbGFzcz0idGFibGVfZmllbGRzX29wdGlvbnMiIHZhbHVlPSJzdWJpbnZlbnRvcnlfaWQiPnN1YmludmVudG9yeV9pZDwvb3B0aW9uPjxvcHRpb24gc2VsZWN0ZWQ9InNlbGVjdGVkIiBjbGFzcz0idGFibGVfZmllbGRzX29wdGlvbnMiIHZhbHVlPSJvcmdfaWQiPm9yZ19pZDwvb3B0aW9uPjxvcHRpb24gY2xhc3M9InRhYmxlX2ZpZWxkc19vcHRpb25zIiB2YWx1ZT0idHlwZSI+dHlwZTwvb3B0aW9uPjxvcHRpb24gY2xhc3M9InRhYmxlX2ZpZWxkc19vcHRpb25zIiB2YWx1ZT0ic3ViaW52ZW50b3J5Ij5zdWJpbnZlbnRvcnk8L29wdGlvbj48b3B0aW9uIGNsYXNzPSJ0YWJsZV9maWVsZHNfb3B0aW9ucyIgdmFsdWU9ImRlc2NyaXB0aW9uIj5kZXNjcmlwdGlvbjwvb3B0aW9uPjxvcHRpb24gY2xhc3M9InRhYmxlX2ZpZWxkc19vcHRpb25zIiB2YWx1ZT0ibG9jYXRvcl9jb250cm9sIj5sb2NhdG9yX2NvbnRyb2w8L29wdGlvbj48b3B0aW9uIGNsYXNzPSJ0YWJsZV9maWVsZHNfb3B0aW9ucyIgdmFsdWU9ImFsbG93X25lZ2F0aXZlX2JhbGFuY2VfY2IiPmFsbG93X25lZ2F0aXZlX2JhbGFuY2VfY2I8L29wdGlvbj48b3B0aW9uIGNsYXNzPSJ0YWJsZV9maWVsZHNfb3B0aW9ucyIgdmFsdWU9ImRlZmF1bHRfY29zdF9ncm91cCI+ZGVmYXVsdF9jb3N0X2dyb3VwPC9vcHRpb24+PG9wdGlvbiBjbGFzcz0idGFibGVfZmllbGRzX29wdGlvbnMiIHZhbHVlPSJtYXRlcmlhbF9hY19pZCI+bWF0ZXJpYWxfYWNfaWQ8L29wdGlvbj48b3B0aW9uIGNsYXNzPSJ0YWJsZV9maWVsZHNfb3B0aW9ucyIgdmFsdWU9Im1hdGVyaWFsX29oX2FjX2lkIj5tYXRlcmlhbF9vaF9hY19pZDwvb3B0aW9uPjxvcHRpb24gY2xhc3M9InRhYmxlX2ZpZWxkc19vcHRpb25zIiB2YWx1ZT0ib3ZlcmhlYWRfYWNfaWQiPm92ZXJoZWFkX2FjX2lkPC9vcHRpb24+PG9wdGlvbiBjbGFzcz0idGFibGVfZmllbGRzX29wdGlvbnMiIHZhbHVlPSJyZXNvdXJjZV9hY19pZCI+cmVzb3VyY2VfYWNfaWQ8L29wdGlvbj48b3B0aW9uIGNsYXNzPSJ0YWJsZV9maWVsZHNfb3B0aW9ucyIgdmFsdWU9Im9zcF9hY19pZCI+b3NwX2FjX2lkPC9vcHRpb24+PG9wdGlvbiBjbGFzcz0idGFibGVfZmllbGRzX29wdGlvbnMiIHZhbHVlPSJleHBlbnNlX2FjX2lkIj5leHBlbnNlX2FjX2lkPC9vcHRpb24+PG9wdGlvbiBjbGFzcz0idGFibGVfZmllbGRzX29wdGlvbnMiIHZhbHVlPSJlZl9pZCI+ZWZfaWQ8L29wdGlvbj48b3B0aW9uIGNsYXNzPSJ0YWJsZV9maWVsZHNfb3B0aW9ucyIgdmFsdWU9InN0YXR1cyI+c3RhdHVzPC9vcHRpb24+PG9wdGlvbiBjbGFzcz0idGFibGVfZmllbGRzX29wdGlvbnMiIHZhbHVlPSJyZXZfZW5hYmxlZF9jYiI+cmV2X2VuYWJsZWRfY2I8L29wdGlvbj48b3B0aW9uIGNsYXNzPSJ0YWJsZV9maWVsZHNfb3B0aW9ucyIgdmFsdWU9InJldl9udW1iZXIiPnJldl9udW1iZXI8L29wdGlvbj48b3B0aW9uIGNsYXNzPSJ0YWJsZV9maWVsZHNfb3B0aW9ucyIgdmFsdWU9ImNyZWF0ZWRfYnkiPmNyZWF0ZWRfYnk8L29wdGlvbj48b3B0aW9uIGNsYXNzPSJ0YWJsZV9maWVsZHNfb3B0aW9ucyIgdmFsdWU9ImNyZWF0aW9uX2RhdGUiPmNyZWF0aW9uX2RhdGU8L29wdGlvbj48b3B0aW9uIGNsYXNzPSJ0YWJsZV9maWVsZHNfb3B0aW9ucyIgdmFsdWU9Imxhc3RfdXBkYXRlX2J5Ij5sYXN0X3VwZGF0ZV9ieTwvb3B0aW9uPjxvcHRpb24gY2xhc3M9InRhYmxlX2ZpZWxkc19vcHRpb25zIiB2YWx1ZT0ibGFzdF91cGRhdGVfZGF0ZSI+bGFzdF91cGRhdGVfZGF0ZTwvb3B0aW9uPjxvcHRpb24gdmFsdWU9InJlbW92ZSIgY2xhc3M9InJlbW92ZV9vcHRpb24iPlJlbW92ZSBGaWVsZDwvb3B0aW9uPjwvc2VsZWN0Pg0KCQkJCQkJCSA8L2xpPjxsaSBpZD0ibmV3X29iamVjdDE0Ij48bGFiZWw+RmllbGQ8L2xhYmVsPg0KCQkJCQkJCQkNCiAgDQogIDxzZWxlY3QgY2xhc3M9InRhYmxlX2ZpZWxkcyI+PG9wdGlvbiBjbGFzcz0idGFibGVfZmllbGRzX29wdGlvbnMiIHZhbHVlPSJzdWJpbnZlbnRvcnlfaWQiPnN1YmludmVudG9yeV9pZDwvb3B0aW9uPjxvcHRpb24gY2xhc3M9InRhYmxlX2ZpZWxkc19vcHRpb25zIiB2YWx1ZT0ib3JnX2lkIj5vcmdfaWQ8L29wdGlvbj48b3B0aW9uIGNsYXNzPSJ0YWJsZV9maWVsZHNfb3B0aW9ucyIgdmFsdWU9InR5cGUiPnR5cGU8L29wdGlvbj48b3B0aW9uIGNsYXNzPSJ0YWJsZV9maWVsZHNfb3B0aW9ucyIgdmFsdWU9InN1YmludmVudG9yeSI+c3ViaW52ZW50b3J5PC9vcHRpb24+PG9wdGlvbiBjbGFzcz0idGFibGVfZmllbGRzX29wdGlvbnMiIHZhbHVlPSJkZXNjcmlwdGlvbiI+ZGVzY3JpcHRpb248L29wdGlvbj48b3B0aW9uIGNsYXNzPSJ0YWJsZV9maWVsZHNfb3B0aW9ucyIgdmFsdWU9ImxvY2F0b3JfY29udHJvbCI+bG9jYXRvcl9jb250cm9sPC9vcHRpb24+PG9wdGlvbiBjbGFzcz0idGFibGVfZmllbGRzX29wdGlvbnMiIHZhbHVlPSJhbGxvd19uZWdhdGl2ZV9iYWxhbmNlX2NiIj5hbGxvd19uZWdhdGl2ZV9iYWxhbmNlX2NiPC9vcHRpb24+PG9wdGlvbiBjbGFzcz0idGFibGVfZmllbGRzX29wdGlvbnMiIHZhbHVlPSJkZWZhdWx0X2Nvc3RfZ3JvdXAiPmRlZmF1bHRfY29zdF9ncm91cDwvb3B0aW9uPjxvcHRpb24gY2xhc3M9InRhYmxlX2ZpZWxkc19vcHRpb25zIiB2YWx1ZT0ibWF0ZXJpYWxfYWNfaWQiPm1hdGVyaWFsX2FjX2lkPC9vcHRpb24+PG9wdGlvbiBjbGFzcz0idGFibGVfZmllbGRzX29wdGlvbnMiIHZhbHVlPSJtYXRlcmlhbF9vaF9hY19pZCI+bWF0ZXJpYWxfb2hfYWNfaWQ8L29wdGlvbj48b3B0aW9uIGNsYXNzPSJ0YWJsZV9maWVsZHNfb3B0aW9ucyIgdmFsdWU9Im92ZXJoZWFkX2FjX2lkIj5vdmVyaGVhZF9hY19pZDwvb3B0aW9uPjxvcHRpb24gY2xhc3M9InRhYmxlX2ZpZWxkc19vcHRpb25zIiB2YWx1ZT0icmVzb3VyY2VfYWNfaWQiPnJlc291cmNlX2FjX2lkPC9vcHRpb24+PG9wdGlvbiBjbGFzcz0idGFibGVfZmllbGRzX29wdGlvbnMiIHZhbHVlPSJvc3BfYWNfaWQiPm9zcF9hY19pZDwvb3B0aW9uPjxvcHRpb24gY2xhc3M9InRhYmxlX2ZpZWxkc19vcHRpb25zIiB2YWx1ZT0iZXhwZW5zZV9hY19pZCI+ZXhwZW5zZV9hY19pZDwvb3B0aW9uPjxvcHRpb24gY2xhc3M9InRhYmxlX2ZpZWxkc19vcHRpb25zIiB2YWx1ZT0iZWZfaWQiPmVmX2lkPC9vcHRpb24+PG9wdGlvbiBjbGFzcz0idGFibGVfZmllbGRzX29wdGlvbnMiIHZhbHVlPSJzdGF0dXMiPnN0YXR1czwvb3B0aW9uPjxvcHRpb24gY2xhc3M9InRhYmxlX2ZpZWxkc19vcHRpb25zIiB2YWx1ZT0icmV2X2VuYWJsZWRfY2IiPnJldl9lbmFibGVkX2NiPC9vcHRpb24+PG9wdGlvbiBjbGFzcz0idGFibGVfZmllbGRzX29wdGlvbnMiIHZhbHVlPSJyZXZfbnVtYmVyIj5yZXZfbnVtYmVyPC9vcHRpb24+PG9wdGlvbiBjbGFzcz0idGFibGVfZmllbGRzX29wdGlvbnMiIHZhbHVlPSJjcmVhdGVkX2J5Ij5jcmVhdGVkX2J5PC9vcHRpb24+PG9wdGlvbiBzZWxlY3RlZD0ic2VsZWN0ZWQiIGNsYXNzPSJ0YWJsZV9maWVsZHNfb3B0aW9ucyIgdmFsdWU9ImNyZWF0aW9uX2RhdGUiPmNyZWF0aW9uX2RhdGU8L29wdGlvbj48b3B0aW9uIGNsYXNzPSJ0YWJsZV9maWVsZHNfb3B0aW9ucyIgdmFsdWU9Imxhc3RfdXBkYXRlX2J5Ij5sYXN0X3VwZGF0ZV9ieTwvb3B0aW9uPjxvcHRpb24gY2xhc3M9InRhYmxlX2ZpZWxkc19vcHRpb25zIiB2YWx1ZT0ibGFzdF91cGRhdGVfZGF0ZSI+bGFzdF91cGRhdGVfZGF0ZTwvb3B0aW9uPjxvcHRpb24gdmFsdWU9InJlbW92ZSIgY2xhc3M9InJlbW92ZV9vcHRpb24iPlJlbW92ZSBGaWVsZDwvb3B0aW9uPjwvc2VsZWN0Pg0KCQkJCQkJCSA8L2xpPjwvdWw+DQoJCQkJCQkgPHVsIGlkPSJuZXdfb2JqZWN0MTAwMCI+DQoJCQkJCQkJIDxzcGFuIGNsYXNzPSJhZGRfbmV3X3RhYmxlIj48aW1nIHNyYz0iaHR0cDovL3d3dy5pbm9pZGVhcy5jb20vaW5vZXJwL3RoZW1lcy9pbWFnZXMvcGx1c18xMC5wbmciIGFsdD0iYWRkIG5ldyB0YWJsZSI+TmV3IFRhYmxlPC9zcGFuPg0KCQkJCQkJCSA8c3BhbiBjbGFzcz0iYWRkX25ld19maWVsZCI+PGltZyBzcmM9Imh0dHA6Ly93d3cuaW5vaWRlYXMuY29tL2lub2VycC90aGVtZXMvaW1hZ2VzL3BsdXNfMTAucG5nIiBhbHQ9ImFkZCBuZXcgdGFibGUiPk5ldyBGaWVsZDwvc3Bhbj4NCgkJCQkJCQkgPGxpIGlkPSJ0YWJsZV9yZWNvcmRzIj48bGFiZWw+VGFibGUgTmFtZSA8L2xhYmVsPg0KCQkJCQkJCQk8c2VsZWN0IGNsYXNzPSJhbGxfdGFibGVfbmFtZXMiPg0KCQkJCQkJCQkgPG9wdGlvbj48L29wdGlvbj48b3B0aW9uIGNsYXNzPSJzZWxlY3QgdGFibGUgb3B0aW9uIiB2YWx1ZT0iYWRkcmVzcyI+YWRkcmVzczwvb3B0aW9uPjxvcHRpb24gY2xhc3M9InNlbGVjdCB0YWJsZSBvcHRpb24iIHZhbHVlPSJhcF9wYXltZW50X3Rlcm1zIj5hcF9wYXltZW50X3Rlcm1zPC9vcHRpb24+PG9wdGlvbiBjbGFzcz0ic2VsZWN0IHRhYmxlIG9wdGlvbiIgdmFsdWU9ImJsb2NrIj5ibG9jazwvb3B0aW9uPjxvcHRpb24gY2xhc3M9InNlbGVjdCB0YWJsZSBvcHRpb24iIHZhbHVlPSJibG9ja19jb250ZW50Ij5ibG9ja19jb250ZW50PC9vcHRpb24+PG9wdGlvbiBjbGFzcz0ic2VsZWN0IHRhYmxlIG9wdGlvbiIgdmFsdWU9ImJ1c2luZXNzX29yZyI+YnVzaW5lc3Nfb3JnPC9vcHRpb24+PG9wdGlvbiBjbGFzcz0ic2VsZWN0IHRhYmxlIG9wdGlvbiIgdmFsdWU9ImNfY29udGVudCI+Y19jb250ZW50PC9vcHRpb24+PG9wdGlvbiBjbGFzcz0ic2VsZWN0IHRhYmxlIG9wdGlvbiIgdmFsdWU9ImNfY3VzdG9tZXIiPmNfY3VzdG9tZXI8L29wdGlvbj48b3B0aW9uIGNsYXNzPSJzZWxlY3QgdGFibGUgb3B0aW9uIiB2YWx1ZT0iY19mb3J1bSI+Y19mb3J1bTwvb3B0aW9uPjxvcHRpb24gY2xhc3M9InNlbGVjdCB0YWJsZSBvcHRpb24iIHZhbHVlPSJjX3BsYWluX3RleHQiPmNfcGxhaW5fdGV4dDwvb3B0aW9uPjxvcHRpb24gY2xhc3M9InNlbGVjdCB0YWJsZSBvcHRpb24iIHZhbHVlPSJjX3N1cHBsaWVyIj5jX3N1cHBsaWVyPC9vcHRpb24+PG9wdGlvbiBjbGFzcz0ic2VsZWN0IHRhYmxlIG9wdGlvbiIgdmFsdWU9ImNfc3VwcGxpZXJfY29udGFjdCI+Y19zdXBwbGllcl9jb250YWN0PC9vcHRpb24+PG9wdGlvbiBjbGFzcz0ic2VsZWN0IHRhYmxlIG9wdGlvbiIgdmFsdWU9ImNfdGVzdCI+Y190ZXN0PC9vcHRpb24+PG9wdGlvbiBjbGFzcz0ic2VsZWN0IHRhYmxlIG9wdGlvbiIgdmFsdWU9ImNfdGVzdF9mb3J1bSI+Y190ZXN0X2ZvcnVtPC9vcHRpb24+PG9wdGlvbiBjbGFzcz0ic2VsZWN0IHRhYmxlIG9wdGlvbiIgdmFsdWU9ImNhdGVnb3J5Ij5jYXRlZ29yeTwvb3B0aW9uPjxvcHRpb24gY2xhc3M9InNlbGVjdCB0YWJsZSBvcHRpb24iIHZhbHVlPSJjYXRlZ29yeV9yZWZlcmVuY2UiPmNhdGVnb3J5X3JlZmVyZW5jZTwvb3B0aW9uPjxvcHRpb24gY2xhc3M9InNlbGVjdCB0YWJsZSBvcHRpb24iIHZhbHVlPSJjb2EiPmNvYTwvb3B0aW9uPjxvcHRpb24gY2xhc3M9InNlbGVjdCB0YWJsZSBvcHRpb24iIHZhbHVlPSJjb2FfY29tYmluYXRpb24iPmNvYV9jb21iaW5hdGlvbjwvb3B0aW9uPjxvcHRpb24gY2xhc3M9InNlbGVjdCB0YWJsZSBvcHRpb24iIHZhbHVlPSJjb2Ffc2VnbWVudF92YWx1ZXMiPmNvYV9zZWdtZW50X3ZhbHVlczwvb3B0aW9uPjxvcHRpb24gY2xhc3M9InNlbGVjdCB0YWJsZSBvcHRpb24iIHZhbHVlPSJjb21tZW50Ij5jb21tZW50PC9vcHRpb24+PG9wdGlvbiBjbGFzcz0ic2VsZWN0IHRhYmxlIG9wdGlvbiIgdmFsdWU9ImNvbnRlbnQiPmNvbnRlbnQ8L29wdGlvbj48b3B0aW9uIGNsYXNzPSJzZWxlY3QgdGFibGUgb3B0aW9uIiB2YWx1ZT0iY29udGVudF90eXBlIj5jb250ZW50X3R5cGU8L29wdGlvbj48b3B0aW9uIGNsYXNzPSJzZWxlY3QgdGFibGUgb3B0aW9uIiB2YWx1ZT0iY29udGVudF90eXBlX3JlZmVyZW5jZSI+Y29udGVudF90eXBlX3JlZmVyZW5jZTwvb3B0aW9uPjxvcHRpb24gY2xhc3M9InNlbGVjdCB0YWJsZSBvcHRpb24iIHZhbHVlPSJlbnRlcnByaXNlIj5lbnRlcnByaXNlPC9vcHRpb24+PG9wdGlvbiBjbGFzcz0ic2VsZWN0IHRhYmxlIG9wdGlvbiIgdmFsdWU9ImZpbGUiPmZpbGU8L29wdGlvbj48b3B0aW9uIGNsYXNzPSJzZWxlY3QgdGFibGUgb3B0aW9uIiB2YWx1ZT0iZmlsZV9yZWZlcmVuY2UiPmZpbGVfcmVmZXJlbmNlPC9vcHRpb24+PG9wdGlvbiBjbGFzcz0ic2VsZWN0IHRhYmxlIG9wdGlvbiIgdmFsdWU9Imludl90cmFuc2FjdGlvbiI+aW52X3RyYW5zYWN0aW9uPC9vcHRpb24+PG9wdGlvbiBjbGFzcz0ic2VsZWN0IHRhYmxlIG9wdGlvbiIgdmFsdWU9ImludmVudG9yeV9vcmciPmludmVudG9yeV9vcmc8L29wdGlvbj48b3B0aW9uIGNsYXNzPSJzZWxlY3QgdGFibGUgb3B0aW9uIiB2YWx1ZT0iaXRlbSI+aXRlbTwvb3B0aW9uPjxvcHRpb24gY2xhc3M9InNlbGVjdCB0YWJsZSBvcHRpb24iIHZhbHVlPSJpdGVtX3N0YXR1cyI+aXRlbV9zdGF0dXM8L29wdGlvbj48b3B0aW9uIGNsYXNzPSJzZWxlY3QgdGFibGUgb3B0aW9uIiB2YWx1ZT0ibGVkZ2VyIj5sZWRnZXI8L29wdGlvbj48b3B0aW9uIGNsYXNzPSJzZWxlY3QgdGFibGUgb3B0aW9uIiB2YWx1ZT0ibGVnYWxfb3JnIj5sZWdhbF9vcmc8L29wdGlvbj48b3B0aW9uIGNsYXNzPSJzZWxlY3QgdGFibGUgb3B0aW9uIiB2YWx1ZT0ibG9jYXRvciI+bG9jYXRvcjwvb3B0aW9uPjxvcHRpb24gY2xhc3M9InNlbGVjdCB0YWJsZSBvcHRpb24iIHZhbHVlPSJtb2R1bGUiPm1vZHVsZTwvb3B0aW9uPjxvcHRpb24gY2xhc3M9InNlbGVjdCB0YWJsZSBvcHRpb24iIHZhbHVlPSJvbmhhbmQiPm9uaGFuZDwvb3B0aW9uPjxvcHRpb24gY2xhc3M9InNlbGVjdCB0YWJsZSBvcHRpb24iIHZhbHVlPSJvcHRpb25fZGV0YWlsIj5vcHRpb25fZGV0YWlsPC9vcHRpb24+PG9wdGlvbiBjbGFzcz0ic2VsZWN0IHRhYmxlIG9wdGlvbiIgdmFsdWU9Im9wdGlvbl9oZWFkZXIiPm9wdGlvbl9oZWFkZXI8L29wdGlvbj48b3B0aW9uIGNsYXNzPSJzZWxlY3QgdGFibGUgb3B0aW9uIiB2YWx1ZT0ib3B0aW9uX2xpbmUiPm9wdGlvbl9saW5lPC9vcHRpb24+PG9wdGlvbiBzZWxlY3RlZD0ic2VsZWN0ZWQiIGNsYXNzPSJzZWxlY3QgdGFibGUgb3B0aW9uIiB2YWx1ZT0ib3JnIj5vcmc8L29wdGlvbj48b3B0aW9uIGNsYXNzPSJzZWxlY3QgdGFibGUgb3B0aW9uIiB2YWx1ZT0icGFnZSI+cGFnZTwvb3B0aW9uPjxvcHRpb24gY2xhc3M9InNlbGVjdCB0YWJsZSBvcHRpb24iIHZhbHVlPSJwYXRoIj5wYXRoPC9vcHRpb24+PG9wdGlvbiBjbGFzcz0ic2VsZWN0IHRhYmxlIG9wdGlvbiIgdmFsdWU9InByb2R1Y3QiPnByb2R1Y3Q8L29wdGlvbj48b3B0aW9uIGNsYXNzPSJzZWxlY3QgdGFibGUgb3B0aW9uIiB2YWx1ZT0ic3ViaW52ZW50b3J5Ij5zdWJpbnZlbnRvcnk8L29wdGlvbj48b3B0aW9uIGNsYXNzPSJzZWxlY3QgdGFibGUgb3B0aW9uIiB2YWx1ZT0ic3VwcGxpZXIiPnN1cHBsaWVyPC9vcHRpb24+PG9wdGlvbiBjbGFzcz0ic2VsZWN0IHRhYmxlIG9wdGlvbiIgdmFsdWU9InN1cHBsaWVyMSI+c3VwcGxpZXIxPC9vcHRpb24+PG9wdGlvbiBjbGFzcz0ic2VsZWN0IHRhYmxlIG9wdGlvbiIgdmFsdWU9InN1cHBsaWVyX3NpdGUiPnN1cHBsaWVyX3NpdGU8L29wdGlvbj48b3B0aW9uIGNsYXNzPSJzZWxlY3QgdGFibGUgb3B0aW9uIiB2YWx1ZT0ic3VwcGxpZXJfc2l0ZTEiPnN1cHBsaWVyX3NpdGUxPC9vcHRpb24+PG9wdGlvbiBjbGFzcz0ic2VsZWN0IHRhYmxlIG9wdGlvbiIgdmFsdWU9InN5c3RlbV9wYXRoIj5zeXN0ZW1fcGF0aDwvb3B0aW9uPjxvcHRpb24gY2xhc3M9InNlbGVjdCB0YWJsZSBvcHRpb24iIHZhbHVlPSJ0cmFuc2FjdGlvbl90eXBlIj50cmFuc2FjdGlvbl90eXBlPC9vcHRpb24+PG9wdGlvbiBjbGFzcz0ic2VsZWN0IHRhYmxlIG9wdGlvbiIgdmFsdWU9InVvbSI+dW9tPC9vcHRpb24+PG9wdGlvbiBjbGFzcz0ic2VsZWN0IHRhYmxlIG9wdGlvbiIgdmFsdWU9InVzZXIiPnVzZXI8L29wdGlvbj48b3B0aW9uIGNsYXNzPSJzZWxlY3QgdGFibGUgb3B0aW9uIiB2YWx1ZT0idmlldyI+dmlldzwvb3B0aW9uPjxvcHRpb24gY2xhc3M9InNlbGVjdCB0YWJsZSBvcHRpb24iIHZhbHVlPSJ4eHhfYmxvZyI+eHh4X2Jsb2c8L29wdGlvbj48b3B0aW9uIGNsYXNzPSJzZWxlY3QgdGFibGUgb3B0aW9uIiB2YWx1ZT0ieHh4X2VudGVycHJpc2UiPnh4eF9lbnRlcnByaXNlPC9vcHRpb24+PG9wdGlvbiBjbGFzcz0ic2VsZWN0IHRhYmxlIG9wdGlvbiIgdmFsdWU9Inh4eF90cmFuc2FjdGlvbl90eXBlIj54eHhfdHJhbnNhY3Rpb25fdHlwZTwvb3B0aW9uPgkJCQkJCQkJIDxvcHRpb24gdmFsdWU9IiIgY2xhc3M9InJlbW92ZV90YWJsZSI+UmVtb3ZlIFRhYmxlPC9vcHRpb24+DQoJCQkJCQkJCTwvc2VsZWN0Pg0KCQkJCQkJCSA8L2xpPg0KCQkJCQkJCSA8bGkgaWQ9ImZpZWxkX3JlY29yZHMwIj48bGFiZWw+RmllbGQ8L2xhYmVsPg0KCQkJCQkJCQkNCiAgDQogIA0KICA8c2VsZWN0IGNsYXNzPSJ0YWJsZV9maWVsZHMiPjxvcHRpb24gc2VsZWN0ZWQ9InNlbGVjdGVkIiBjbGFzcz0idGFibGVfZmllbGRzX29wdGlvbnMiIHZhbHVlPSJvcmdfaWQiPm9yZ19pZDwvb3B0aW9uPjxvcHRpb24gY2xhc3M9InRhYmxlX2ZpZWxkc19vcHRpb25zIiB2YWx1ZT0ibmFtZSI+bmFtZTwvb3B0aW9uPjxvcHRpb24gY2xhc3M9InRhYmxlX2ZpZWxkc19vcHRpb25zIiB2YWx1ZT0iY29kZSI+Y29kZTwvb3B0aW9uPjxvcHRpb24gY2xhc3M9InRhYmxlX2ZpZWxkc19vcHRpb25zIiB2YWx1ZT0idHlwZSI+dHlwZTwvb3B0aW9uPjxvcHRpb24gY2xhc3M9InRhYmxlX2ZpZWxkc19vcHRpb25zIiB2YWx1ZT0iZGVzY3JpcHRpb24iPmRlc2NyaXB0aW9uPC9vcHRpb24+PG9wdGlvbiBjbGFzcz0idGFibGVfZmllbGRzX29wdGlvbnMiIHZhbHVlPSJlbnRlcnByaXNlX2lkIj5lbnRlcnByaXNlX2lkPC9vcHRpb24+PG9wdGlvbiBjbGFzcz0idGFibGVfZmllbGRzX29wdGlvbnMiIHZhbHVlPSJsZWdhbF9pZCI+bGVnYWxfaWQ8L29wdGlvbj48b3B0aW9uIGNsYXNzPSJ0YWJsZV9maWVsZHNfb3B0aW9ucyIgdmFsdWU9ImJ1c2luZXNzX2lkIj5idXNpbmVzc19pZDwvb3B0aW9uPjxvcHRpb24gY2xhc3M9InRhYmxlX2ZpZWxkc19vcHRpb25zIiB2YWx1ZT0iaW52ZW50b3J5X2lkIj5pbnZlbnRvcnlfaWQ8L29wdGlvbj48b3B0aW9uIGNsYXNzPSJ0YWJsZV9maWVsZHNfb3B0aW9ucyIgdmFsdWU9ImVmX2lkIj5lZl9pZDwvb3B0aW9uPjxvcHRpb24gY2xhc3M9InRhYmxlX2ZpZWxkc19vcHRpb25zIiB2YWx1ZT0ic3RhdHVzIj5zdGF0dXM8L29wdGlvbj48b3B0aW9uIGNsYXNzPSJ0YWJsZV9maWVsZHNfb3B0aW9ucyIgdmFsdWU9InJldl9lbmFibGVkIj5yZXZfZW5hYmxlZDwvb3B0aW9uPjxvcHRpb24gY2xhc3M9InRhYmxlX2ZpZWxkc19vcHRpb25zIiB2YWx1ZT0icmV2X251bWJlciI+cmV2X251bWJlcjwvb3B0aW9uPjxvcHRpb24gY2xhc3M9InRhYmxlX2ZpZWxkc19vcHRpb25zIiB2YWx1ZT0iYWRkcmVzc19pZCI+YWRkcmVzc19pZDwvb3B0aW9uPjxvcHRpb24gY2xhc3M9InRhYmxlX2ZpZWxkc19vcHRpb25zIiB2YWx1ZT0iY3JlYXRlZF9ieSI+Y3JlYXRlZF9ieTwvb3B0aW9uPjxvcHRpb24gY2xhc3M9InRhYmxlX2ZpZWxkc19vcHRpb25zIiB2YWx1ZT0iY3JlYXRpb25fZGF0ZSI+Y3JlYXRpb25fZGF0ZTwvb3B0aW9uPjxvcHRpb24gY2xhc3M9InRhYmxlX2ZpZWxkc19vcHRpb25zIiB2YWx1ZT0ibGFzdF91cGRhdGVfYnkiPmxhc3RfdXBkYXRlX2J5PC9vcHRpb24+PG9wdGlvbiBjbGFzcz0idGFibGVfZmllbGRzX29wdGlvbnMiIHZhbHVlPSJsYXN0X3VwZGF0ZV9kYXRlIj5sYXN0X3VwZGF0ZV9kYXRlPC9vcHRpb24+PG9wdGlvbiB2YWx1ZT0icmVtb3ZlIiBjbGFzcz0icmVtb3ZlX29wdGlvbiI+UmVtb3ZlIEZpZWxkPC9vcHRpb24+PC9zZWxlY3Q+DQoJCQkJCQkJIDwvbGk+DQoJCQkJCQkJPGxpIGlkPSJuZXdfb2JqZWN0MTAiPjxsYWJlbD5GaWVsZDwvbGFiZWw+DQoJCQkJCQkJCQ0KICANCiAgDQogIDxzZWxlY3QgY2xhc3M9InRhYmxlX2ZpZWxkcyI+PG9wdGlvbiBjbGFzcz0idGFibGVfZmllbGRzX29wdGlvbnMiIHZhbHVlPSJvcmdfaWQiPm9yZ19pZDwvb3B0aW9uPjxvcHRpb24gc2VsZWN0ZWQ9InNlbGVjdGVkIiBjbGFzcz0idGFibGVfZmllbGRzX29wdGlvbnMiIHZhbHVlPSJuYW1lIj5uYW1lPC9vcHRpb24+PG9wdGlvbiBjbGFzcz0idGFibGVfZmllbGRzX29wdGlvbnMiIHZhbHVlPSJjb2RlIj5jb2RlPC9vcHRpb24+PG9wdGlvbiBjbGFzcz0idGFibGVfZmllbGRzX29wdGlvbnMiIHZhbHVlPSJ0eXBlIj50eXBlPC9vcHRpb24+PG9wdGlvbiBjbGFzcz0idGFibGVfZmllbGRzX29wdGlvbnMiIHZhbHVlPSJkZXNjcmlwdGlvbiI+ZGVzY3JpcHRpb248L29wdGlvbj48b3B0aW9uIGNsYXNzPSJ0YWJsZV9maWVsZHNfb3B0aW9ucyIgdmFsdWU9ImVudGVycHJpc2VfaWQiPmVudGVycHJpc2VfaWQ8L29wdGlvbj48b3B0aW9uIGNsYXNzPSJ0YWJsZV9maWVsZHNfb3B0aW9ucyIgdmFsdWU9ImxlZ2FsX2lkIj5sZWdhbF9pZDwvb3B0aW9uPjxvcHRpb24gY2xhc3M9InRhYmxlX2ZpZWxkc19vcHRpb25zIiB2YWx1ZT0iYnVzaW5lc3NfaWQiPmJ1c2luZXNzX2lkPC9vcHRpb24+PG9wdGlvbiBjbGFzcz0idGFibGVfZmllbGRzX29wdGlvbnMiIHZhbHVlPSJpbnZlbnRvcnlfaWQiPmludmVudG9yeV9pZDwvb3B0aW9uPjxvcHRpb24gY2xhc3M9InRhYmxlX2ZpZWxkc19vcHRpb25zIiB2YWx1ZT0iZWZfaWQiPmVmX2lkPC9vcHRpb24+PG9wdGlvbiBjbGFzcz0idGFibGVfZmllbGRzX29wdGlvbnMiIHZhbHVlPSJzdGF0dXMiPnN0YXR1czwvb3B0aW9uPjxvcHRpb24gY2xhc3M9InRhYmxlX2ZpZWxkc19vcHRpb25zIiB2YWx1ZT0icmV2X2VuYWJsZWQiPnJldl9lbmFibGVkPC9vcHRpb24+PG9wdGlvbiBjbGFzcz0idGFibGVfZmllbGRzX29wdGlvbnMiIHZhbHVlPSJyZXZfbnVtYmVyIj5yZXZfbnVtYmVyPC9vcHRpb24+PG9wdGlvbiBjbGFzcz0idGFibGVfZmllbGRzX29wdGlvbnMiIHZhbHVlPSJhZGRyZXNzX2lkIj5hZGRyZXNzX2lkPC9vcHRpb24+PG9wdGlvbiBjbGFzcz0idGFibGVfZmllbGRzX29wdGlvbnMiIHZhbHVlPSJjcmVhdGVkX2J5Ij5jcmVhdGVkX2J5PC9vcHRpb24+PG9wdGlvbiBjbGFzcz0idGFibGVfZmllbGRzX29wdGlvbnMiIHZhbHVlPSJjcmVhdGlvbl9kYXRlIj5jcmVhdGlvbl9kYXRlPC9vcHRpb24+PG9wdGlvbiBjbGFzcz0idGFibGVfZmllbGRzX29wdGlvbnMiIHZhbHVlPSJsYXN0X3VwZGF0ZV9ieSI+bGFzdF91cGRhdGVfYnk8L29wdGlvbj48b3B0aW9uIGNsYXNzPSJ0YWJsZV9maWVsZHNfb3B0aW9ucyIgdmFsdWU9Imxhc3RfdXBkYXRlX2RhdGUiPmxhc3RfdXBkYXRlX2RhdGU8L29wdGlvbj48b3B0aW9uIHZhbHVlPSJyZW1vdmUiIGNsYXNzPSJyZW1vdmVfb3B0aW9uIj5SZW1vdmUgRmllbGQ8L29wdGlvbj48L3NlbGVjdD4NCgkJCQkJCQkgPC9saT48bGkgaWQ9Im5ld19vYmplY3QxMSI+PGxhYmVsPkZpZWxkPC9sYWJlbD4NCgkJCQkJCQkJDQogIA0KICANCiAgPHNlbGVjdCBjbGFzcz0idGFibGVfZmllbGRzIj48b3B0aW9uIGNsYXNzPSJ0YWJsZV9maWVsZHNfb3B0aW9ucyIgdmFsdWU9Im9yZ19pZCI+b3JnX2lkPC9vcHRpb24+PG9wdGlvbiBjbGFzcz0idGFibGVfZmllbGRzX29wdGlvbnMiIHZhbHVlPSJuYW1lIj5uYW1lPC9vcHRpb24+PG9wdGlvbiBjbGFzcz0idGFibGVfZmllbGRzX29wdGlvbnMiIHZhbHVlPSJjb2RlIj5jb2RlPC9vcHRpb24+PG9wdGlvbiBzZWxlY3RlZD0ic2VsZWN0ZWQiIGNsYXNzPSJ0YWJsZV9maWVsZHNfb3B0aW9ucyIgdmFsdWU9InR5cGUiPnR5cGU8L29wdGlvbj48b3B0aW9uIGNsYXNzPSJ0YWJsZV9maWVsZHNfb3B0aW9ucyIgdmFsdWU9ImRlc2NyaXB0aW9uIj5kZXNjcmlwdGlvbjwvb3B0aW9uPjxvcHRpb24gY2xhc3M9InRhYmxlX2ZpZWxkc19vcHRpb25zIiB2YWx1ZT0iZW50ZXJwcmlzZV9pZCI+ZW50ZXJwcmlzZV9pZDwvb3B0aW9uPjxvcHRpb24gY2xhc3M9InRhYmxlX2ZpZWxkc19vcHRpb25zIiB2YWx1ZT0ibGVnYWxfaWQiPmxlZ2FsX2lkPC9vcHRpb24+PG9wdGlvbiBjbGFzcz0idGFibGVfZmllbGRzX29wdGlvbnMiIHZhbHVlPSJidXNpbmVzc19pZCI+YnVzaW5lc3NfaWQ8L29wdGlvbj48b3B0aW9uIGNsYXNzPSJ0YWJsZV9maWVsZHNfb3B0aW9ucyIgdmFsdWU9ImludmVudG9yeV9pZCI+aW52ZW50b3J5X2lkPC9vcHRpb24+PG9wdGlvbiBjbGFzcz0idGFibGVfZmllbGRzX29wdGlvbnMiIHZhbHVlPSJlZl9pZCI+ZWZfaWQ8L29wdGlvbj48b3B0aW9uIGNsYXNzPSJ0YWJsZV9maWVsZHNfb3B0aW9ucyIgdmFsdWU9InN0YXR1cyI+c3RhdHVzPC9vcHRpb24+PG9wdGlvbiBjbGFzcz0idGFibGVfZmllbGRzX29wdGlvbnMiIHZhbHVlPSJyZXZfZW5hYmxlZCI+cmV2X2VuYWJsZWQ8L29wdGlvbj48b3B0aW9uIGNsYXNzPSJ0YWJsZV9maWVsZHNfb3B0aW9ucyIgdmFsdWU9InJldl9udW1iZXIiPnJldl9udW1iZXI8L29wdGlvbj48b3B0aW9uIGNsYXNzPSJ0YWJsZV9maWVsZHNfb3B0aW9ucyIgdmFsdWU9ImFkZHJlc3NfaWQiPmFkZHJlc3NfaWQ8L29wdGlvbj48b3B0aW9uIGNsYXNzPSJ0YWJsZV9maWVsZHNfb3B0aW9ucyIgdmFsdWU9ImNyZWF0ZWRfYnkiPmNyZWF0ZWRfYnk8L29wdGlvbj48b3B0aW9uIGNsYXNzPSJ0YWJsZV9maWVsZHNfb3B0aW9ucyIgdmFsdWU9ImNyZWF0aW9uX2RhdGUiPmNyZWF0aW9uX2RhdGU8L29wdGlvbj48b3B0aW9uIGNsYXNzPSJ0YWJsZV9maWVsZHNfb3B0aW9ucyIgdmFsdWU9Imxhc3RfdXBkYXRlX2J5Ij5sYXN0X3VwZGF0ZV9ieTwvb3B0aW9uPjxvcHRpb24gY2xhc3M9InRhYmxlX2ZpZWxkc19vcHRpb25zIiB2YWx1ZT0ibGFzdF91cGRhdGVfZGF0ZSI+bGFzdF91cGRhdGVfZGF0ZTwvb3B0aW9uPjxvcHRpb24gdmFsdWU9InJlbW92ZSIgY2xhc3M9InJlbW92ZV9vcHRpb24iPlJlbW92ZSBGaWVsZDwvb3B0aW9uPjwvc2VsZWN0Pg0KCQkJCQkJCSA8L2xpPjwvdWw+PC9kaXY+DQoJCQkJCQkgPGxpIGlkPSJzaG93X2ZpZWxkX2xpIj48bGFiZWw+U2hvdyBGaWVsZHM8L2xhYmVsPg0KCQkJCQkJCTxkaXYgaWQ9InNob3dfZmllbGRfYnV0dG9ucyI+PGRpdiBjbGFzcz0iZHJhZ2dhYmxlX2VsZW1lbnQgdWktZHJhZ2dhYmxlIj48aW5wdXQgdmFsdWU9InN1YmludmVudG9yeS5zdWJpbnZlbnRvcnlfaWQiIGNsYXNzPSJzaG93RmllbGRfYnV0dG9ucyBzdWJpbnZlbnRvcnkuc3ViaW52ZW50b3J5X2lkIiB0eXBlPSJ0ZXh0Ij48L2Rpdj48ZGl2IGNsYXNzPSJkcmFnZ2FibGVfZWxlbWVudCB1aS1kcmFnZ2FibGUiPjxpbnB1dCB2YWx1ZT0ic3ViaW52ZW50b3J5LnN1YmludmVudG9yeSIgY2xhc3M9InNob3dGaWVsZF9idXR0b25zIHN1YmludmVudG9yeS5zdWJpbnZlbnRvcnkiIHR5cGU9InRleHQiPjwvZGl2PjxkaXYgY2xhc3M9ImRyYWdnYWJsZV9lbGVtZW50IHVpLWRyYWdnYWJsZSI+PGlucHV0IHZhbHVlPSJzdWJpbnZlbnRvcnkuZGVzY3JpcHRpb24iIGNsYXNzPSJzaG93RmllbGRfYnV0dG9ucyBzdWJpbnZlbnRvcnkuZGVzY3JpcHRpb24iIHR5cGU9InRleHQiPjwvZGl2PjxkaXYgY2xhc3M9ImRyYWdnYWJsZV9lbGVtZW50IHVpLWRyYWdnYWJsZSI+PGlucHV0IHZhbHVlPSJzdWJpbnZlbnRvcnkub3JnX2lkIiBjbGFzcz0ic2hvd0ZpZWxkX2J1dHRvbnMgc3ViaW52ZW50b3J5Lm9yZ19pZCIgdHlwZT0idGV4dCI+PC9kaXY+PGRpdiBjbGFzcz0iZHJhZ2dhYmxlX2VsZW1lbnQgdWktZHJhZ2dhYmxlIj48aW5wdXQgdmFsdWU9InN1YmludmVudG9yeS5jcmVhdGlvbl9kYXRlIiBjbGFzcz0ic2hvd0ZpZWxkX2J1dHRvbnMgc3ViaW52ZW50b3J5LmNyZWF0aW9uX2RhdGUiIHR5cGU9InRleHQiPjwvZGl2PjxkaXYgY2xhc3M9ImRyYWdnYWJsZV9lbGVtZW50IHVpLWRyYWdnYWJsZSI+PGlucHV0IHZhbHVlPSJvcmcub3JnX2lkIiBjbGFzcz0ic2hvd0ZpZWxkX2J1dHRvbnMgb3JnLm9yZ19pZCIgdHlwZT0idGV4dCI+PC9kaXY+PGRpdiBjbGFzcz0iZHJhZ2dhYmxlX2VsZW1lbnQgdWktZHJhZ2dhYmxlIj48aW5wdXQgdmFsdWU9Im9yZy5uYW1lIiBjbGFzcz0ic2hvd0ZpZWxkX2J1dHRvbnMgb3JnLm5hbWUiIHR5cGU9InRleHQiPjwvZGl2PjxkaXYgY2xhc3M9ImRyYWdnYWJsZV9lbGVtZW50IHVpLWRyYWdnYWJsZSI+PGlucHV0IHZhbHVlPSJvcmcudHlwZSIgY2xhc3M9InNob3dGaWVsZF9idXR0b25zIG9yZy50eXBlIiB0eXBlPSJ0ZXh0Ij48L2Rpdj48L2Rpdj4NCgkJCQkJCSA8L2xpPg0KCQkJCQkJIDxsaSBpZD0iY29uZGl0aW9uX2xpIj48bGFiZWw+Q29uZGl0aW9uczwvbGFiZWw+DQoJCQkJCQkJPGRpdiBpZD0iY29uZGl0aW9uX2J1dHRvbnMiPg0KPCEtLQkJCQkJCQkgPGlucHV0IHR5cGU9ImJ1dHRvbiIgdmFsdWU9IlNhdmUgQ29uZHRpb25zIiBjbGFzcz0iYnV0dG9uIHNhdmVfY29uZGl0aW9ucyIgaWQ9InNhdmVfY29uZGl0aW9ucyI+LS0+DQoJCQkJCQkJIDxzcGFuIGNsYXNzPSJhZGRfbmV3X2NvbmRpdGlvbnMiPjxpbWcgc3JjPSJodHRwOi8vd3d3Lmlub2lkZWFzLmNvbS9pbm9lcnAvdGhlbWVzL2ltYWdlcy9wbHVzXzEwLnBuZyIgYWx0PSJhZGQgbmV3IGNvbmRpdGlvbnMiPk5ldyBDb25kaXRpb25zPC9zcGFuPg0KCQkJCQkJCTwvZGl2Pg0KDQoJCQkJCQkJPGRpdiBpZD0iY29uZGl0aW9uX2J1dHRvbnNfZGl2Ij48ZGl2IGNsYXNzPSJkcmFnZ2FibGVfZWxlbWVudCB1aS1kcmFnZ2FibGUiPjxpbnB1dCB2YWx1ZT0ic3ViaW52ZW50b3J5LnN1YmludmVudG9yeV9pZCIgY2xhc3M9ImNvbmRpdGlvbl9idXR0b25zIHN1YmludmVudG9yeS5zdWJpbnZlbnRvcnlfaWQiIHR5cGU9InRleHQiPjwvZGl2PjxkaXYgY2xhc3M9ImRyYWdnYWJsZV9lbGVtZW50IHVpLWRyYWdnYWJsZSI+PGlucHV0IHZhbHVlPSJzdWJpbnZlbnRvcnkuc3ViaW52ZW50b3J5IiBjbGFzcz0iY29uZGl0aW9uX2J1dHRvbnMgc3ViaW52ZW50b3J5LnN1YmludmVudG9yeSIgdHlwZT0idGV4dCI+PC9kaXY+PGRpdiBjbGFzcz0iZHJhZ2dhYmxlX2VsZW1lbnQgdWktZHJhZ2dhYmxlIj48aW5wdXQgdmFsdWU9InN1YmludmVudG9yeS5kZXNjcmlwdGlvbiIgY2xhc3M9ImNvbmRpdGlvbl9idXR0b25zIHN1YmludmVudG9yeS5kZXNjcmlwdGlvbiIgdHlwZT0idGV4dCI+PC9kaXY+PGRpdiBjbGFzcz0iZHJhZ2dhYmxlX2VsZW1lbnQgdWktZHJhZ2dhYmxlIj48aW5wdXQgdmFsdWU9InN1YmludmVudG9yeS5vcmdfaWQiIGNsYXNzPSJjb25kaXRpb25fYnV0dG9ucyBzdWJpbnZlbnRvcnkub3JnX2lkIiB0eXBlPSJ0ZXh0Ij48L2Rpdj48ZGl2IGNsYXNzPSJkcmFnZ2FibGVfZWxlbWVudCB1aS1kcmFnZ2FibGUiPjxpbnB1dCB2YWx1ZT0ic3ViaW52ZW50b3J5LmNyZWF0aW9uX2RhdGUiIGNsYXNzPSJjb25kaXRpb25fYnV0dG9ucyBzdWJpbnZlbnRvcnkuY3JlYXRpb25fZGF0ZSIgdHlwZT0idGV4dCI+PC9kaXY+PGRpdiBjbGFzcz0iZHJhZ2dhYmxlX2VsZW1lbnQgdWktZHJhZ2dhYmxlIj48aW5wdXQgdmFsdWU9Im9yZy5vcmdfaWQiIGNsYXNzPSJjb25kaXRpb25fYnV0dG9ucyBvcmcub3JnX2lkIiB0eXBlPSJ0ZXh0Ij48L2Rpdj48ZGl2IGNsYXNzPSJkcmFnZ2FibGVfZWxlbWVudCB1aS1kcmFnZ2FibGUiPjxpbnB1dCB2YWx1ZT0ib3JnLm5hbWUiIGNsYXNzPSJjb25kaXRpb25fYnV0dG9ucyBvcmcubmFtZSIgdHlwZT0idGV4dCI+PC9kaXY+PGRpdiBjbGFzcz0iZHJhZ2dhYmxlX2VsZW1lbnQgdWktZHJhZ2dhYmxlIj48aW5wdXQgdmFsdWU9Im9yZy50eXBlIiBjbGFzcz0iY29uZGl0aW9uX2J1dHRvbnMgb3JnLnR5cGUiIHR5cGU9InRleHQiPjwvZGl2PjwvZGl2Pg0KCQkJCQkJCTxkaXYgaWQ9ImNvbmRpdGlvbl9idXR0b25zX2luZm8iPg0KCQkJCQkJCTwvZGl2Pg0KCQkJCQkJCTx0YWJsZSBpZD0iY29uZGl0aW9uX2J1dHRvbnNfdGFibGUiPg0KCQkJCQkJCSA8dGhlYWQ+DQoJCQkJCQkJCTx0cj4NCgkJCQkJCQkJIDx0aD5QYXJhbWV0ZXI8L3RoPg0KCQkJCQkJCQkgPHRoPkNvbmRpdGlvbjwvdGg+DQoJCQkJCQkJCSA8dGg+VmFsdWU8L3RoPg0KCQkJCQkJCQk8L3RyPg0KCQkJCQkJCSA8L3RoZWFkPg0KCQkJCQkJCSA8dGJvZHk+DQoJCQkJCQkJCTx0ciBjbGFzcz0iY29uZGl0aW9uX3JvdyI+DQoJCQkJCQkJCSA8dGQgY2xhc3M9ImNvbmRpdGlvbl9yb3dfcGFyYW1ldGVyIHVpLWRyb3BwYWJsZSI+DQoNCgkJCQkJCQkJIDxkaXYgY2xhc3M9ImRyYWdnYWJsZV9lbGVtZW50IHVpLWRyYWdnYWJsZSI+PGlucHV0IHZhbHVlPSJvcmcub3JnX2lkIiBjbGFzcz0iY29uZGl0aW9uX2J1dHRvbnMgb3JnLm9yZ19pZCIgdHlwZT0idGV4dCI+PC9kaXY+PC90ZD4NCgkJCQkJCQkJIDx0ZCBjbGFzcz0iY29uZGl0aW9uX3Jvd19jb25kaXRpb24iPg0KCQkJCQkJCQkJPCEtLQkJCQkJCQkJCSA8bGFiZWw+T3BlcmF0b3I8L2xhYmVsPi0tPg0KCQkJCQkJCQkJPHVsPjxsaT4NCgkJCQkJCQkJCQk8c2VsZWN0IGNsYXNzPSJjb25kaXRpb25fb3BlcmF0b3JfdHlwZSI+DQoJCQkJCQkJCQkJIDxvcHRpb24gdmFsdWU9IiI+PC9vcHRpb24+DQoJCQkJCQkJCQkJIDxvcHRpb24gdmFsdWU9ImRhdGFiYXNlIj5EYXRhYmFzZTwvb3B0aW9uPg0KCQkJCQkJCQkJCSA8b3B0aW9uIHZhbHVlPSJtYW51YWwiPk1hbnVhbCBFbnRyeTwvb3B0aW9uPg0KICAgICAgICAgICAgICAgICAgICAgPG9wdGlvbiB2YWx1ZT0icmVtb3ZlIj5SZW1vdmU8L29wdGlvbj4NCgkJCQkJCQkJCQk8L3NlbGVjdD4NCg0KCQkJCQkJCQkJIDwvbGk+PGxpPg0KCQkJCQkJCQkJCTxzZWxlY3QgY2xhc3M9ImNvbmRpdGlvbl9vcGVyYXRvciI+DQoJCQkJCQkJCQkJIDxvcHRpb24gdmFsdWU9IiA9ICI+IGlzIGVxdWFsIHRvIDwvb3B0aW9uPg0KCQkJCQkJCQkJCSA8b3B0aW9uIHZhbHVlPSIgIT0gIj4gaXMgbm90IGVxdWFsIHRvIDwvb3B0aW9uPg0KCQkJCQkJCQkJCSA8b3B0aW9uIHZhbHVlPSIgPiAiPiBpcyBncmVhdGVyIHRoYW4gPC9vcHRpb24+DQoJCQkJCQkJCQkJIDxvcHRpb24gdmFsdWU9IiA+PSAiPiAmZ3Q7PSA8L29wdGlvbj4NCgkJCQkJCQkJCQkgPG9wdGlvbiB2YWx1ZT0iIDwgIj4gaXMgbGVzcyB0aGFuIDwvb3B0aW9uPg0KCQkJCQkJCQkJCSA8b3B0aW9uIHZhbHVlPSIgPD0gIj4gJmx0Oz0gPC9vcHRpb24+DQoJCQkJCQkJCQkJIDxvcHRpb24gdmFsdWU9IiBMSUtFICI+IGNvbnRhaW5zIDwvb3B0aW9uPg0KCQkJCQkJCQkJCSA8b3B0aW9uIHZhbHVlPSIgSVMgTlVMTCAiPiBpcyBOVUxMIDwvb3B0aW9uPg0KCQkJCQkJCQkJCSA8b3B0aW9uIHZhbHVlPSIgSVMgTk9UIE5VTEwgIj4gaXMgbm90IE5VTEwgPC9vcHRpb24+DQoNCgkJCQkJCQkJCQk8L3NlbGVjdD4NCgkJCQkJCQkJCSA8L2xpPg0KCQkJCQkJCQkJPC91bD4NCgkJCQkJCQkJIDwvdGQ+DQoJCQkJCQkJCSA8dGQgY2xhc3M9ImNvbmRpdGlvbl9yb3dfdmFsdWUgdWktZHJvcHBhYmxlIj4NCgkJCQkJCQkJCQ0KCQkJCQkJCQkgPGRpdiBjbGFzcz0iZHJhZ2dhYmxlX2VsZW1lbnQgdWktZHJhZ2dhYmxlIj48aW5wdXQgdmFsdWU9InN1YmludmVudG9yeS5vcmdfaWQiIGNsYXNzPSJjb25kaXRpb25fYnV0dG9ucyBzdWJpbnZlbnRvcnkub3JnX2lkIiB0eXBlPSJ0ZXh0Ij48L2Rpdj48L3RkPg0KCQkJCQkJCQk8L3RyPg0KCQkJCQkJCSA8L3Rib2R5Pg0KCQkJCQkJCTwvdGFibGU+DQoJCQkJCQkgPC9saT4gDQoJCQkJCQkgPGxpIGlkPSJzb3J0X3NxbFF1ZXJ5Ij4NCgkJCQkJCQk8dWw+DQoJCQkJCQkJIDxsaSBpZD0ic29ydGluZ19saSI+DQoJCQkJCQkJCTxsYWJlbD5Tb3J0aW5nPC9sYWJlbD4NCgkJCQkJCQkJPHNwYW4gY2xhc3M9ImFkZF9uZXdfc29ydF9jcml0ZXJpYSI+PGltZyBzcmM9Imh0dHA6Ly93d3cuaW5vaWRlYXMuY29tL2lub2VycC90aGVtZXMvaW1hZ2VzL3BsdXNfMTAucG5nIiBhbHQ9ImFkZCBuZXcgY29uZGl0aW9ucyI+TmV3IFNvcnRpbmcgQ3JpdGVyaWE8L3NwYW4+DQoJCQkJCQkJCTx0YWJsZSBpZD0ic29ydF9maWVsZHNfdGFibGUiPg0KCQkJCQkJCQkgPHRoZWFkPg0KCQkJCQkJCQkJPHRyPg0KCQkJCQkJCQkJIDx0aD5GaWVsZHM8L3RoPg0KCQkJCQkJCQkJIDx0aD5Tb3J0IGJ5PC90aD4NCgkJCQkJCQkJCTwvdHI+DQoJCQkJCQkJCSA8L3RoZWFkPg0KCQkJCQkJCQkgPHRib2R5Pg0KCQkJCQkJCQkJPHRyIGNsYXNzPSJzb3J0X2ZpZWxkc19yb3ciPg0KCQkJCQkJCQkJIDx0ZCBjbGFzcz0ic29ydF9maWVsZHNfZmllbGRfdmFsdWUgdWktZHJvcHBhYmxlIj4NCg0KCQkJCQkJCQkJIDxkaXYgY2xhc3M9ImRyYWdnYWJsZV9lbGVtZW50IHVpLWRyYWdnYWJsZSI+PGlucHV0IHZhbHVlPSJzdWJpbnZlbnRvcnkuc3ViaW52ZW50b3J5IiBjbGFzcz0ic2hvd0ZpZWxkX2J1dHRvbnMgc3ViaW52ZW50b3J5LnN1YmludmVudG9yeSIgdHlwZT0idGV4dCI+PC9kaXY+PC90ZD4NCgkJCQkJCQkJCSA8dGQgY2xhc3M9InNvcnRfZmllbGRzX3NvcnRCeSI+DQoJCQkJCQkJCQkJPHNlbGVjdCBjbGFzcz0ic29ydF9maWVsZHNfdmFsdWVzIj4NCgkJCQkJCQkJCQkgPG9wdGlvbiB2YWx1ZT0iIj48L29wdGlvbj4NCgkJCQkJCQkJCQkgPG9wdGlvbiB2YWx1ZT0iQVNDIj4gQXNjZW5kaW5nPC9vcHRpb24+DQoJCQkJCQkJCQkJIDxvcHRpb24gdmFsdWU9IkRFU0MiPiBEZXNjZW5kaW5nIDwvb3B0aW9uPg0KICAgICAgICAgICAgICAgICAgICAgPG9wdGlvbiB2YWx1ZT0icmVtb3ZlIj5SZW1vdmU8L29wdGlvbj4NCgkJCQkJCQkJCQk8L3NlbGVjdD4NCgkJCQkJCQkJCSA8L3RkPg0KCQkJCQkJCQkJPC90cj4NCgkJCQkJCQkJIDwvdGJvZHk+DQoJCQkJCQkJCTwvdGFibGU+DQoJCQkJCQkJIDwvbGk+IA0KCQkJCQkJCSA8bGk+PGxhYmVsPlBhcmFtZXRlcjwvbGFiZWw+PC9saT4gDQoJCQkJCQkJIDxsaT48bGFiZWw+UmVsYXRpb25zaGlwczwvbGFiZWw+PC9saT4gDQoJCQkJCQkJIDxsaT48bGFiZWw+Q2FsbGJhY2s8L2xhYmVsPjwvbGk+IA0KCQkJCQkJIA0KCQkJCQkJPC91bD4NCgkJCQkJCTwvbGk+DQoJCQkJCQk=', 'U0VMRUNUIHN1YmludmVudG9yeS5zdWJpbnZlbnRvcnlfaWQgQVMgc3ViaW52ZW50b3J5X19zdWJpbnZlbnRvcnlfaWQsc3ViaW52ZW50b3J5LnN1YmludmVudG9yeSBBUyBzdWJpbnZlbnRvcnlfX3N1YmludmVudG9yeSxzdWJpbnZlbnRvcnkuZGVzY3JpcHRpb24gQVMgc3ViaW52ZW50b3J5X19kZXNjcmlwdGlvbixzdWJpbnZlbnRvcnkub3JnX2lkIEFTIHN1YmludmVudG9yeV9fb3JnX2lkLHN1YmludmVudG9yeS5jcmVhdGlvbl9kYXRlIEFTIHN1YmludmVudG9yeV9fY3JlYXRpb25fZGF0ZSxvcmcub3JnX2lkIEFTIG9yZ19fb3JnX2lkLG9yZy5uYW1lIEFTIG9yZ19fbmFtZSxvcmcudHlwZSBBUyBvcmdfX3R5cGUNCkZST00gDQpzdWJpbnZlbnRvcnksb3JnDQpXSEVSRSBvcmcub3JnX2lkICA9ICBzdWJpbnZlbnRvcnkub3JnX2lkDQpPUkRFUiBCWSBzdWJpbnZlbnRvcnkuc3ViaW52ZW50b3J5IERFU0M=', 'subinventory.subinventory_id AS subinventory__subinventory_id,subinventory.subinventory AS subinventory__subinventory,subinventory.description AS subinventory__description,subinventory.org_id AS subinventory__org_id,subinventory.creation_date AS subinventory__creation_date,org.org_id AS org__org_id,org.name AS org__name,org.type AS org__type', 'subinventory,org', 'org.org_id  =  subinventory.org_id', 'subinventory.subinventory DESC', '', 'subinventory.subinventory_id,subinventory.subinventory,subinventory.description,subinventory.org_id,org.name,org.type', '', 0, '', '', '', 0, 0, '', 0, '', '', '', '', 0, 0, '', 'inoerp', '2013-09-07 15:07:55', 'inoerp', '2013-09-07 15:07:55'),
(2, 'test01', 'test01', NULL, 'SELECT address.address_id AS address__address_id,address.name AS address__name\r\nFROM \r\naddress\r\nWHERE address.name  LIKE  ''test''', '', '', NULL, NULL, NULL, NULL, NULL, NULL, NULL, NULL, NULL, NULL, NULL, NULL, NULL, NULL, NULL, NULL, NULL, NULL, NULL, NULL, 'inoerp', '2013-09-03 08:19:53', 'inoerp', '2013-09-03 08:19:53');
INSERT INTO `view` (`view_id`, `view`, `description`, `logical_settings`, `query`, `select`, `from`, `where`, `order_by`, `query_end`, `filters`, `display_type`, `page`, `page_title`, `page_header`, `page_footer`, `use_pager`, `contents_per_page`, `path`, `block`, `block_title`, `block_header`, `block_footer`, `block_type`, `block_more`, `rev_enabled_cb`, `rev_number`, `created_by`, `creation_date`, `last_update_by`, `last_update_date`) VALUES
(3, 'test03', 'test03', 'DQoJCQkJCQkgPGxpPjxsYWJlbD5UYWJsZXM8L2xhYmVsPiANCgkJCQkJCQk8aW5wdXQgdmFsdWU9IlNhdmUgVGFibGVzIiBjbGFzcz0iYnV0dG9uIHNhdmVfdGFibGVzIiBpZD0ic2F2ZV90YWJsZXMiIHR5cGU9ImJ1dHRvbiI+DQoJCQkJCQkJPGlucHV0IHZhbHVlPSJTYXZlIFF1ZXJ5IiBjbGFzcz0iYnV0dG9uIHNhdmVfcXVlcnkiIGlkPSJzYXZlX3F1ZXJ5IiB0eXBlPSJidXR0b24iPg0KCQkJCQkJIDwvbGk+DQoJCQkJCQkgPGRpdiBpZD0iZGlzcGxheV9kaXYiPiANCgkJCQkJCQk8dWwgaWQ9ImRpc3BsYXlfcmVjb3JkczAiPg0KCQkJCQkJCSA8c3BhbiBjbGFzcz0iYWRkX25ld190YWJsZSI+PGltZyBzcmM9Imh0dHA6Ly93d3cuaW5vaWRlYXMuY29tL2lub2VycC90aGVtZXMvaW1hZ2VzL3BsdXNfMTAucG5nIiBhbHQ9ImFkZCBuZXcgdGFibGUiPk5ldyBUYWJsZTwvc3Bhbj4NCgkJCQkJCQkgPHNwYW4gY2xhc3M9ImFkZF9uZXdfZmllbGQiPjxpbWcgc3JjPSJodHRwOi8vd3d3Lmlub2lkZWFzLmNvbS9pbm9lcnAvdGhlbWVzL2ltYWdlcy9wbHVzXzEwLnBuZyIgYWx0PSJhZGQgbmV3IHRhYmxlIj5OZXcgRmllbGQ8L3NwYW4+DQoJCQkJCQkJIDxsaSBpZD0idGFibGVfcmVjb3JkcyI+PGxhYmVsPlRhYmxlIE5hbWUgPC9sYWJlbD4NCgkJCQkJCQkJPHNlbGVjdCBjbGFzcz0iYWxsX3RhYmxlX25hbWVzIj4NCgkJCQkJCQkJIDxvcHRpb24+PC9vcHRpb24+PG9wdGlvbiBjbGFzcz0ic2VsZWN0IHRhYmxlIG9wdGlvbiIgdmFsdWU9ImFkZHJlc3MiPmFkZHJlc3M8L29wdGlvbj48b3B0aW9uIGNsYXNzPSJzZWxlY3QgdGFibGUgb3B0aW9uIiB2YWx1ZT0iYXBfcGF5bWVudF90ZXJtcyI+YXBfcGF5bWVudF90ZXJtczwvb3B0aW9uPjxvcHRpb24gY2xhc3M9InNlbGVjdCB0YWJsZSBvcHRpb24iIHZhbHVlPSJibG9jayI+YmxvY2s8L29wdGlvbj48b3B0aW9uIGNsYXNzPSJzZWxlY3QgdGFibGUgb3B0aW9uIiB2YWx1ZT0iYmxvY2tfY29udGVudCI+YmxvY2tfY29udGVudDwvb3B0aW9uPjxvcHRpb24gY2xhc3M9InNlbGVjdCB0YWJsZSBvcHRpb24iIHZhbHVlPSJidXNpbmVzc19vcmciPmJ1c2luZXNzX29yZzwvb3B0aW9uPjxvcHRpb24gY2xhc3M9InNlbGVjdCB0YWJsZSBvcHRpb24iIHZhbHVlPSJjX2NvbnRlbnQiPmNfY29udGVudDwvb3B0aW9uPjxvcHRpb24gY2xhc3M9InNlbGVjdCB0YWJsZSBvcHRpb24iIHZhbHVlPSJjX2N1c3RvbWVyIj5jX2N1c3RvbWVyPC9vcHRpb24+PG9wdGlvbiBjbGFzcz0ic2VsZWN0IHRhYmxlIG9wdGlvbiIgdmFsdWU9ImNfZm9ydW0iPmNfZm9ydW08L29wdGlvbj48b3B0aW9uIGNsYXNzPSJzZWxlY3QgdGFibGUgb3B0aW9uIiB2YWx1ZT0iY19wbGFpbl90ZXh0Ij5jX3BsYWluX3RleHQ8L29wdGlvbj48b3B0aW9uIGNsYXNzPSJzZWxlY3QgdGFibGUgb3B0aW9uIiB2YWx1ZT0iY19zdXBwbGllciI+Y19zdXBwbGllcjwvb3B0aW9uPjxvcHRpb24gY2xhc3M9InNlbGVjdCB0YWJsZSBvcHRpb24iIHZhbHVlPSJjX3N1cHBsaWVyX2NvbnRhY3QiPmNfc3VwcGxpZXJfY29udGFjdDwvb3B0aW9uPjxvcHRpb24gY2xhc3M9InNlbGVjdCB0YWJsZSBvcHRpb24iIHZhbHVlPSJjX3Rlc3QiPmNfdGVzdDwvb3B0aW9uPjxvcHRpb24gY2xhc3M9InNlbGVjdCB0YWJsZSBvcHRpb24iIHZhbHVlPSJjX3Rlc3RfZm9ydW0iPmNfdGVzdF9mb3J1bTwvb3B0aW9uPjxvcHRpb24gY2xhc3M9InNlbGVjdCB0YWJsZSBvcHRpb24iIHZhbHVlPSJjYXRlZ29yeSI+Y2F0ZWdvcnk8L29wdGlvbj48b3B0aW9uIGNsYXNzPSJzZWxlY3QgdGFibGUgb3B0aW9uIiB2YWx1ZT0iY2F0ZWdvcnlfcmVmZXJlbmNlIj5jYXRlZ29yeV9yZWZlcmVuY2U8L29wdGlvbj48b3B0aW9uIGNsYXNzPSJzZWxlY3QgdGFibGUgb3B0aW9uIiB2YWx1ZT0iY29hIj5jb2E8L29wdGlvbj48b3B0aW9uIGNsYXNzPSJzZWxlY3QgdGFibGUgb3B0aW9uIiB2YWx1ZT0iY29hX2NvbWJpbmF0aW9uIj5jb2FfY29tYmluYXRpb248L29wdGlvbj48b3B0aW9uIGNsYXNzPSJzZWxlY3QgdGFibGUgb3B0aW9uIiB2YWx1ZT0iY29hX3NlZ21lbnRfdmFsdWVzIj5jb2Ffc2VnbWVudF92YWx1ZXM8L29wdGlvbj48b3B0aW9uIGNsYXNzPSJzZWxlY3QgdGFibGUgb3B0aW9uIiB2YWx1ZT0iY29tbWVudCI+Y29tbWVudDwvb3B0aW9uPjxvcHRpb24gY2xhc3M9InNlbGVjdCB0YWJsZSBvcHRpb24iIHZhbHVlPSJjb250ZW50Ij5jb250ZW50PC9vcHRpb24+PG9wdGlvbiBjbGFzcz0ic2VsZWN0IHRhYmxlIG9wdGlvbiIgdmFsdWU9ImNvbnRlbnRfdHlwZSI+Y29udGVudF90eXBlPC9vcHRpb24+PG9wdGlvbiBjbGFzcz0ic2VsZWN0IHRhYmxlIG9wdGlvbiIgdmFsdWU9ImNvbnRlbnRfdHlwZV9yZWZlcmVuY2UiPmNvbnRlbnRfdHlwZV9yZWZlcmVuY2U8L29wdGlvbj48b3B0aW9uIGNsYXNzPSJzZWxlY3QgdGFibGUgb3B0aW9uIiB2YWx1ZT0iZW50ZXJwcmlzZSI+ZW50ZXJwcmlzZTwvb3B0aW9uPjxvcHRpb24gY2xhc3M9InNlbGVjdCB0YWJsZSBvcHRpb24iIHZhbHVlPSJmaWxlIj5maWxlPC9vcHRpb24+PG9wdGlvbiBjbGFzcz0ic2VsZWN0IHRhYmxlIG9wdGlvbiIgdmFsdWU9ImZpbGVfcmVmZXJlbmNlIj5maWxlX3JlZmVyZW5jZTwvb3B0aW9uPjxvcHRpb24gY2xhc3M9InNlbGVjdCB0YWJsZSBvcHRpb24iIHZhbHVlPSJpbnZfdHJhbnNhY3Rpb24iPmludl90cmFuc2FjdGlvbjwvb3B0aW9uPjxvcHRpb24gY2xhc3M9InNlbGVjdCB0YWJsZSBvcHRpb24iIHZhbHVlPSJpbnZlbnRvcnlfb3JnIj5pbnZlbnRvcnlfb3JnPC9vcHRpb24+PG9wdGlvbiBjbGFzcz0ic2VsZWN0IHRhYmxlIG9wdGlvbiIgdmFsdWU9Iml0ZW0iPml0ZW08L29wdGlvbj48b3B0aW9uIGNsYXNzPSJzZWxlY3QgdGFibGUgb3B0aW9uIiB2YWx1ZT0iaXRlbV9zdGF0dXMiPml0ZW1fc3RhdHVzPC9vcHRpb24+PG9wdGlvbiBjbGFzcz0ic2VsZWN0IHRhYmxlIG9wdGlvbiIgdmFsdWU9ImxlZGdlciI+bGVkZ2VyPC9vcHRpb24+PG9wdGlvbiBjbGFzcz0ic2VsZWN0IHRhYmxlIG9wdGlvbiIgdmFsdWU9ImxlZ2FsX29yZyI+bGVnYWxfb3JnPC9vcHRpb24+PG9wdGlvbiBjbGFzcz0ic2VsZWN0IHRhYmxlIG9wdGlvbiIgdmFsdWU9ImxvY2F0b3IiPmxvY2F0b3I8L29wdGlvbj48b3B0aW9uIGNsYXNzPSJzZWxlY3QgdGFibGUgb3B0aW9uIiB2YWx1ZT0ibW9kdWxlIj5tb2R1bGU8L29wdGlvbj48b3B0aW9uIGNsYXNzPSJzZWxlY3QgdGFibGUgb3B0aW9uIiB2YWx1ZT0ib25oYW5kIj5vbmhhbmQ8L29wdGlvbj48b3B0aW9uIGNsYXNzPSJzZWxlY3QgdGFibGUgb3B0aW9uIiB2YWx1ZT0ib3B0aW9uX2RldGFpbCI+b3B0aW9uX2RldGFpbDwvb3B0aW9uPjxvcHRpb24gY2xhc3M9InNlbGVjdCB0YWJsZSBvcHRpb24iIHZhbHVlPSJvcHRpb25faGVhZGVyIj5vcHRpb25faGVhZGVyPC9vcHRpb24+PG9wdGlvbiBjbGFzcz0ic2VsZWN0IHRhYmxlIG9wdGlvbiIgdmFsdWU9Im9wdGlvbl9saW5lIj5vcHRpb25fbGluZTwvb3B0aW9uPjxvcHRpb24gY2xhc3M9InNlbGVjdCB0YWJsZSBvcHRpb24iIHZhbHVlPSJvcmciPm9yZzwvb3B0aW9uPjxvcHRpb24gY2xhc3M9InNlbGVjdCB0YWJsZSBvcHRpb24iIHZhbHVlPSJwYWdlIj5wYWdlPC9vcHRpb24+PG9wdGlvbiBjbGFzcz0ic2VsZWN0IHRhYmxlIG9wdGlvbiIgdmFsdWU9InBhdGgiPnBhdGg8L29wdGlvbj48b3B0aW9uIGNsYXNzPSJzZWxlY3QgdGFibGUgb3B0aW9uIiB2YWx1ZT0icHJvZHVjdCI+cHJvZHVjdDwvb3B0aW9uPjxvcHRpb24gY2xhc3M9InNlbGVjdCB0YWJsZSBvcHRpb24iIHZhbHVlPSJzdWJpbnZlbnRvcnkiPnN1YmludmVudG9yeTwvb3B0aW9uPjxvcHRpb24gY2xhc3M9InNlbGVjdCB0YWJsZSBvcHRpb24iIHZhbHVlPSJzdXBwbGllciI+c3VwcGxpZXI8L29wdGlvbj48b3B0aW9uIGNsYXNzPSJzZWxlY3QgdGFibGUgb3B0aW9uIiB2YWx1ZT0ic3VwcGxpZXIxIj5zdXBwbGllcjE8L29wdGlvbj48b3B0aW9uIGNsYXNzPSJzZWxlY3QgdGFibGUgb3B0aW9uIiB2YWx1ZT0ic3VwcGxpZXJfc2l0ZSI+c3VwcGxpZXJfc2l0ZTwvb3B0aW9uPjxvcHRpb24gY2xhc3M9InNlbGVjdCB0YWJsZSBvcHRpb24iIHZhbHVlPSJzdXBwbGllcl9zaXRlMSI+c3VwcGxpZXJfc2l0ZTE8L29wdGlvbj48b3B0aW9uIGNsYXNzPSJzZWxlY3QgdGFibGUgb3B0aW9uIiB2YWx1ZT0ic3lzdGVtX3BhdGgiPnN5c3RlbV9wYXRoPC9vcHRpb24+PG9wdGlvbiBjbGFzcz0ic2VsZWN0IHRhYmxlIG9wdGlvbiIgdmFsdWU9InRyYW5zYWN0aW9uX3R5cGUiPnRyYW5zYWN0aW9uX3R5cGU8L29wdGlvbj48b3B0aW9uIGNsYXNzPSJzZWxlY3QgdGFibGUgb3B0aW9uIiB2YWx1ZT0idW9tIj51b208L29wdGlvbj48b3B0aW9uIGNsYXNzPSJzZWxlY3QgdGFibGUgb3B0aW9uIiB2YWx1ZT0idXNlciI+dXNlcjwvb3B0aW9uPjxvcHRpb24gY2xhc3M9InNlbGVjdCB0YWJsZSBvcHRpb24iIHZhbHVlPSJ2aWV3Ij52aWV3PC9vcHRpb24+PG9wdGlvbiBjbGFzcz0ic2VsZWN0IHRhYmxlIG9wdGlvbiIgdmFsdWU9Inh4eF9ibG9nIj54eHhfYmxvZzwvb3B0aW9uPjxvcHRpb24gY2xhc3M9InNlbGVjdCB0YWJsZSBvcHRpb24iIHZhbHVlPSJ4eHhfZW50ZXJwcmlzZSI+eHh4X2VudGVycHJpc2U8L29wdGlvbj48b3B0aW9uIGNsYXNzPSJzZWxlY3QgdGFibGUgb3B0aW9uIiB2YWx1ZT0ieHh4X3RyYW5zYWN0aW9uX3R5cGUiPnh4eF90cmFuc2FjdGlvbl90eXBlPC9vcHRpb24+CQkJCQkJCQkgPG9wdGlvbiB2YWx1ZT0iIiBjbGFzcz0icmVtb3ZlX3RhYmxlIj5SZW1vdmUgVGFibGU8L29wdGlvbj4NCgkJCQkJCQkJPC9zZWxlY3Q+DQoJCQkJCQkJIDwvbGk+DQoJCQkJCQkJIDxsaSBpZD0iZmllbGRfcmVjb3JkczAiPjxsYWJlbD5GaWVsZDwvbGFiZWw+DQoJCQkJCQkJCTxzZWxlY3QgY2xhc3M9InRhYmxlX2ZpZWxkcyI+DQoJCQkJCQkJCSA8b3B0aW9uIHZhbHVlPSIgIiBkaXNhYmxlZD0iIj5TZWxlY3QgVGFibGU8L29wdGlvbj4NCgkJCQkJCQkJPC9zZWxlY3Q+DQoJCQkJCQkJIDwvbGk+DQoJCQkJCQkJPC91bD4NCgkJCQkJCSA8L2Rpdj4NCgkJCQkJCSA8bGkgaWQ9InNob3dfZmllbGRfbGkiPjxsYWJlbD5TaG93IEZpZWxkczwvbGFiZWw+DQoJCQkJCQkJPGRpdiBpZD0ic2hvd19maWVsZF9idXR0b25zIj4NCgkJCQkJCQkgPHNwYW4gY2xhc3M9ImFkZF9uZXdfZmllbGRzIj5BdmFpbGFibGUgRmllbGRzPC9zcGFuPg0KCQkJCQkJCTwvZGl2Pg0KCQkJCQkJIDwvbGk+DQoJCQkJCQkgPGxpIGlkPSJjb25kaXRpb25fbGkiPjxsYWJlbD5Db25kaXRpb25zPC9sYWJlbD4NCgkJCQkJCQk8ZGl2IGlkPSJjb25kaXRpb25fYnV0dG9ucyI+DQo8IS0tCQkJCQkJCSA8aW5wdXQgdHlwZT0iYnV0dG9uIiB2YWx1ZT0iU2F2ZSBDb25kdGlvbnMiIGNsYXNzPSJidXR0b24gc2F2ZV9jb25kaXRpb25zIiBpZD0ic2F2ZV9jb25kaXRpb25zIj4tLT4NCgkJCQkJCQkgPHNwYW4gY2xhc3M9ImFkZF9uZXdfY29uZGl0aW9ucyI+PGltZyBzcmM9Imh0dHA6Ly93d3cuaW5vaWRlYXMuY29tL2lub2VycC90aGVtZXMvaW1hZ2VzL3BsdXNfMTAucG5nIiBhbHQ9ImFkZCBuZXcgY29uZGl0aW9ucyI+TmV3IENvbmRpdGlvbnM8L3NwYW4+DQoJCQkJCQkJPC9kaXY+DQoNCgkJCQkJCQk8ZGl2IGlkPSJjb25kaXRpb25fYnV0dG9uc19kaXYiPg0KDQoJCQkJCQkJPC9kaXY+DQoJCQkJCQkJPGRpdiBpZD0iY29uZGl0aW9uX2J1dHRvbnNfaW5mbyI+DQoJCQkJCQkJPC9kaXY+DQoJCQkJCQkJPHRhYmxlIGlkPSJjb25kaXRpb25fYnV0dG9uc190YWJsZSI+DQoJCQkJCQkJIDx0aGVhZD4NCgkJCQkJCQkJPHRyPg0KCQkJCQkJCQkgPHRoPlBhcmFtZXRlcjwvdGg+DQoJCQkJCQkJCSA8dGg+Q29uZGl0aW9uPC90aD4NCgkJCQkJCQkJIDx0aD5WYWx1ZTwvdGg+DQoJCQkJCQkJCTwvdHI+DQoJCQkJCQkJIDwvdGhlYWQ+DQoJCQkJCQkJIDx0Ym9keT4NCgkJCQkJCQkJPHRyIGNsYXNzPSJjb25kaXRpb25fcm93Ij4NCgkJCQkJCQkJIDx0ZCBjbGFzcz0iY29uZGl0aW9uX3Jvd19wYXJhbWV0ZXIgdWktZHJvcHBhYmxlIj4NCg0KCQkJCQkJCQkgPC90ZD4NCgkJCQkJCQkJIDx0ZCBjbGFzcz0iY29uZGl0aW9uX3Jvd19jb25kaXRpb24iPg0KCQkJCQkJCQkJPCEtLQkJCQkJCQkJCSA8bGFiZWw+T3BlcmF0b3I8L2xhYmVsPi0tPg0KCQkJCQkJCQkJPHVsPjxsaT4NCgkJCQkJCQkJCQk8c2VsZWN0IGNsYXNzPSJjb25kaXRpb25fb3BlcmF0b3JfdHlwZSI+DQoJCQkJCQkJCQkJIDxvcHRpb24gdmFsdWU9IiI+PC9vcHRpb24+DQoJCQkJCQkJCQkJIDxvcHRpb24gdmFsdWU9ImRhdGFiYXNlIj5EYXRhYmFzZTwvb3B0aW9uPg0KCQkJCQkJCQkJCSA8b3B0aW9uIHZhbHVlPSJtYW51YWwiPk1hbnVhbCBFbnRyeTwvb3B0aW9uPg0KICAgICAgICAgICAgICAgICAgICAgPG9wdGlvbiB2YWx1ZT0icmVtb3ZlIj5SZW1vdmU8L29wdGlvbj4NCgkJCQkJCQkJCQk8L3NlbGVjdD4NCg0KCQkJCQkJCQkJIDwvbGk+PGxpPg0KCQkJCQkJCQkJCTxzZWxlY3QgY2xhc3M9ImNvbmRpdGlvbl9vcGVyYXRvciI+DQoJCQkJCQkJCQkJIDxvcHRpb24gdmFsdWU9IiA9ICI+IGlzIGVxdWFsIHRvIDwvb3B0aW9uPg0KCQkJCQkJCQkJCSA8b3B0aW9uIHZhbHVlPSIgIT0gIj4gaXMgbm90IGVxdWFsIHRvIDwvb3B0aW9uPg0KCQkJCQkJCQkJCSA8b3B0aW9uIHZhbHVlPSIgPiAiPiBpcyBncmVhdGVyIHRoYW4gPC9vcHRpb24+DQoJCQkJCQkJCQkJIDxvcHRpb24gdmFsdWU9IiA+PSAiPiAmZ3Q7PSA8L29wdGlvbj4NCgkJCQkJCQkJCQkgPG9wdGlvbiB2YWx1ZT0iIDwgIj4gaXMgbGVzcyB0aGFuIDwvb3B0aW9uPg0KCQkJCQkJCQkJCSA8b3B0aW9uIHZhbHVlPSIgPD0gIj4gJmx0Oz0gPC9vcHRpb24+DQoJCQkJCQkJCQkJIDxvcHRpb24gdmFsdWU9IiBMSUtFICI+IGNvbnRhaW5zIDwvb3B0aW9uPg0KCQkJCQkJCQkJCSA8b3B0aW9uIHZhbHVlPSIgSVMgTlVMTCAiPiBpcyBOVUxMIDwvb3B0aW9uPg0KCQkJCQkJCQkJCSA8b3B0aW9uIHZhbHVlPSIgSVMgTk9UIE5VTEwgIj4gaXMgbm90IE5VTEwgPC9vcHRpb24+DQoNCgkJCQkJCQkJCQk8L3NlbGVjdD4NCgkJCQkJCQkJCSA8L2xpPg0KCQkJCQkJCQkJPC91bD4NCgkJCQkJCQkJIDwvdGQ+DQoJCQkJCQkJCSA8dGQgY2xhc3M9ImNvbmRpdGlvbl9yb3dfdmFsdWUgdWktZHJvcHBhYmxlIj4NCgkJCQkJCQkJCTxpbnB1dCBjbGFzcz0iY29uZGl0aW9uX3Jvd192YWx1ZV9pbnB1dCBpbnB1dCIgdHlwZT0idGV4dCI+DQoJCQkJCQkJCSA8L3RkPg0KCQkJCQkJCQk8L3RyPg0KCQkJCQkJCSA8L3Rib2R5Pg0KCQkJCQkJCTwvdGFibGU+DQoJCQkJCQkgPC9saT4gDQoJCQkJCQkgPGxpIGlkPSJzb3J0X3NxbFF1ZXJ5Ij4NCgkJCQkJCQk8dWw+DQoJCQkJCQkJIDxsaSBpZD0ic29ydGluZ19saSI+DQoJCQkJCQkJCTxsYWJlbD5Tb3J0aW5nPC9sYWJlbD4NCgkJCQkJCQkJPHNwYW4gY2xhc3M9ImFkZF9uZXdfc29ydF9jcml0ZXJpYSI+PGltZyBzcmM9Imh0dHA6Ly93d3cuaW5vaWRlYXMuY29tL2lub2VycC90aGVtZXMvaW1hZ2VzL3BsdXNfMTAucG5nIiBhbHQ9ImFkZCBuZXcgY29uZGl0aW9ucyI+TmV3IFNvcnRpbmcgQ3JpdGVyaWE8L3NwYW4+DQoJCQkJCQkJCTx0YWJsZSBpZD0ic29ydF9maWVsZHNfdGFibGUiPg0KCQkJCQkJCQkgPHRoZWFkPg0KCQkJCQkJCQkJPHRyPg0KCQkJCQkJCQkJIDx0aD5GaWVsZHM8L3RoPg0KCQkJCQkJCQkJIDx0aD5Tb3J0IGJ5PC90aD4NCgkJCQkJCQkJCTwvdHI+DQoJCQkJCQkJCSA8L3RoZWFkPg0KCQkJCQkJCQkgPHRib2R5Pg0KCQkJCQkJCQkJPHRyIGNsYXNzPSJzb3J0X2ZpZWxkc19yb3ciPg0KCQkJCQkJCQkJIDx0ZCBjbGFzcz0ic29ydF9maWVsZHNfZmllbGRfdmFsdWUgdWktZHJvcHBhYmxlIj4NCg0KCQkJCQkJCQkJIDwvdGQ+DQoJCQkJCQkJCQkgPHRkIGNsYXNzPSJzb3J0X2ZpZWxkc19zb3J0QnkiPg0KCQkJCQkJCQkJCTxzZWxlY3QgY2xhc3M9InNvcnRfZmllbGRzX3ZhbHVlcyI+DQoJCQkJCQkJCQkJIDxvcHRpb24gdmFsdWU9IiI+PC9vcHRpb24+DQoJCQkJCQkJCQkJIDxvcHRpb24gdmFsdWU9IkFTQyI+IEFzY2VuZGluZzwvb3B0aW9uPg0KCQkJCQkJCQkJCSA8b3B0aW9uIHZhbHVlPSJERVNDIj4gRGVzY2VuZGluZyA8L29wdGlvbj4NCiAgICAgICAgICAgICAgICAgICAgIDxvcHRpb24gdmFsdWU9InJlbW92ZSI+UmVtb3ZlPC9vcHRpb24+DQoJCQkJCQkJCQkJPC9zZWxlY3Q+DQoJCQkJCQkJCQkgPC90ZD4NCgkJCQkJCQkJCTwvdHI+DQoJCQkJCQkJCSA8L3Rib2R5Pg0KCQkJCQkJCQk8L3RhYmxlPg0KCQkJCQkJCSA8L2xpPiANCgkJCQkJCQkgPGxpPjxsYWJlbD5QYXJhbWV0ZXI8L2xhYmVsPjwvbGk+IA0KCQkJCQkJCSA8bGk+PGxhYmVsPlJlbGF0aW9uc2hpcHM8L2xhYmVsPjwvbGk+IA0KCQkJCQkJCSA8bGk+PGxhYmVsPkNhbGxiYWNrPC9sYWJlbD48L2xpPiANCgkJCQkJCSANCgkJCQkJCTwvdWw+DQoJCQkJCQk8L2xpPg0KCQkJCQkJ', 'SELECT address.address_id AS address__address_id,address.name AS address__name\r\nFROM \r\naddress\r\nWHERE address.address_id  >=  ''1''', '', '', NULL, NULL, '', '', '', 0, '', '', '', 0, 0, '', 0, '', '', '', '', 0, 0, '', 'inoerp', '2013-09-03 10:02:40', 'inoerp', '2013-09-03 10:02:40'),
(4, 'test04', 'test04', 'DQoJCQkJCQkgPGxpPjxsYWJlbD5UYWJsZXM8L2xhYmVsPiANCgkJCQkJCQk8aW5wdXQgc3R5bGU9ImJhY2tncm91bmQtY29sb3I6IHJnYigyNTUsIDI1NSwgMjU1KTsiIHZhbHVlPSJTYXZlIFRhYmxlcyIgY2xhc3M9ImJ1dHRvbiBzYXZlX3RhYmxlcyIgaWQ9InNhdmVfdGFibGVzIiB0eXBlPSJidXR0b24iPg0KCQkJCQkJCTxpbnB1dCBzdHlsZT0iYmFja2dyb3VuZC1jb2xvcjogcmdiKDI1NSwgMjU1LCAyNTUpOyIgdmFsdWU9IlNhdmUgUXVlcnkiIGNsYXNzPSJidXR0b24gc2F2ZV9xdWVyeSIgaWQ9InNhdmVfcXVlcnkiIHR5cGU9ImJ1dHRvbiI+DQoJCQkJCQkgPC9saT4NCgkJCQkJCSA8ZGl2IGlkPSJkaXNwbGF5X2RpdiI+IA0KCQkJCQkJCTx1bCBpZD0iZGlzcGxheV9yZWNvcmRzMCI+DQoJCQkJCQkJIDxzcGFuIGNsYXNzPSJhZGRfbmV3X3RhYmxlIj48aW1nIHNyYz0iaHR0cDovL3d3dy5pbm9pZGVhcy5jb20vaW5vZXJwL3RoZW1lcy9pbWFnZXMvcGx1c18xMC5wbmciIGFsdD0iYWRkIG5ldyB0YWJsZSI+TmV3IFRhYmxlPC9zcGFuPg0KCQkJCQkJCSA8c3BhbiBjbGFzcz0iYWRkX25ld19maWVsZCI+PGltZyBzcmM9Imh0dHA6Ly93d3cuaW5vaWRlYXMuY29tL2lub2VycC90aGVtZXMvaW1hZ2VzL3BsdXNfMTAucG5nIiBhbHQ9ImFkZCBuZXcgdGFibGUiPk5ldyBGaWVsZDwvc3Bhbj4NCgkJCQkJCQkgPGxpIGlkPSJ0YWJsZV9yZWNvcmRzIj48bGFiZWw+VGFibGUgTmFtZSA8L2xhYmVsPg0KCQkJCQkJCQk8c2VsZWN0IGNsYXNzPSJhbGxfdGFibGVfbmFtZXMiPg0KCQkJCQkJCQkgPG9wdGlvbj48L29wdGlvbj48b3B0aW9uIGNsYXNzPSJzZWxlY3QgdGFibGUgb3B0aW9uIiB2YWx1ZT0iYWRkcmVzcyI+YWRkcmVzczwvb3B0aW9uPjxvcHRpb24gY2xhc3M9InNlbGVjdCB0YWJsZSBvcHRpb24iIHZhbHVlPSJhcF9wYXltZW50X3Rlcm1zIj5hcF9wYXltZW50X3Rlcm1zPC9vcHRpb24+PG9wdGlvbiBjbGFzcz0ic2VsZWN0IHRhYmxlIG9wdGlvbiIgdmFsdWU9ImJsb2NrIj5ibG9jazwvb3B0aW9uPjxvcHRpb24gY2xhc3M9InNlbGVjdCB0YWJsZSBvcHRpb24iIHZhbHVlPSJibG9ja19jb250ZW50Ij5ibG9ja19jb250ZW50PC9vcHRpb24+PG9wdGlvbiBjbGFzcz0ic2VsZWN0IHRhYmxlIG9wdGlvbiIgdmFsdWU9ImJ1c2luZXNzX29yZyI+YnVzaW5lc3Nfb3JnPC9vcHRpb24+PG9wdGlvbiBjbGFzcz0ic2VsZWN0IHRhYmxlIG9wdGlvbiIgdmFsdWU9ImNfY29udGVudCI+Y19jb250ZW50PC9vcHRpb24+PG9wdGlvbiBjbGFzcz0ic2VsZWN0IHRhYmxlIG9wdGlvbiIgdmFsdWU9ImNfY3VzdG9tZXIiPmNfY3VzdG9tZXI8L29wdGlvbj48b3B0aW9uIGNsYXNzPSJzZWxlY3QgdGFibGUgb3B0aW9uIiB2YWx1ZT0iY19mb3J1bSI+Y19mb3J1bTwvb3B0aW9uPjxvcHRpb24gY2xhc3M9InNlbGVjdCB0YWJsZSBvcHRpb24iIHZhbHVlPSJjX3BsYWluX3RleHQiPmNfcGxhaW5fdGV4dDwvb3B0aW9uPjxvcHRpb24gY2xhc3M9InNlbGVjdCB0YWJsZSBvcHRpb24iIHZhbHVlPSJjX3N1cHBsaWVyIj5jX3N1cHBsaWVyPC9vcHRpb24+PG9wdGlvbiBjbGFzcz0ic2VsZWN0IHRhYmxlIG9wdGlvbiIgdmFsdWU9ImNfc3VwcGxpZXJfY29udGFjdCI+Y19zdXBwbGllcl9jb250YWN0PC9vcHRpb24+PG9wdGlvbiBjbGFzcz0ic2VsZWN0IHRhYmxlIG9wdGlvbiIgdmFsdWU9ImNfdGVzdCI+Y190ZXN0PC9vcHRpb24+PG9wdGlvbiBjbGFzcz0ic2VsZWN0IHRhYmxlIG9wdGlvbiIgdmFsdWU9ImNfdGVzdF9mb3J1bSI+Y190ZXN0X2ZvcnVtPC9vcHRpb24+PG9wdGlvbiBjbGFzcz0ic2VsZWN0IHRhYmxlIG9wdGlvbiIgdmFsdWU9ImNhdGVnb3J5Ij5jYXRlZ29yeTwvb3B0aW9uPjxvcHRpb24gY2xhc3M9InNlbGVjdCB0YWJsZSBvcHRpb24iIHZhbHVlPSJjYXRlZ29yeV9yZWZlcmVuY2UiPmNhdGVnb3J5X3JlZmVyZW5jZTwvb3B0aW9uPjxvcHRpb24gY2xhc3M9InNlbGVjdCB0YWJsZSBvcHRpb24iIHZhbHVlPSJjb2EiPmNvYTwvb3B0aW9uPjxvcHRpb24gY2xhc3M9InNlbGVjdCB0YWJsZSBvcHRpb24iIHZhbHVlPSJjb2FfY29tYmluYXRpb24iPmNvYV9jb21iaW5hdGlvbjwvb3B0aW9uPjxvcHRpb24gY2xhc3M9InNlbGVjdCB0YWJsZSBvcHRpb24iIHZhbHVlPSJjb2Ffc2VnbWVudF92YWx1ZXMiPmNvYV9zZWdtZW50X3ZhbHVlczwvb3B0aW9uPjxvcHRpb24gY2xhc3M9InNlbGVjdCB0YWJsZSBvcHRpb24iIHZhbHVlPSJjb21tZW50Ij5jb21tZW50PC9vcHRpb24+PG9wdGlvbiBjbGFzcz0ic2VsZWN0IHRhYmxlIG9wdGlvbiIgdmFsdWU9ImNvbnRlbnQiPmNvbnRlbnQ8L29wdGlvbj48b3B0aW9uIGNsYXNzPSJzZWxlY3QgdGFibGUgb3B0aW9uIiB2YWx1ZT0iY29udGVudF90eXBlIj5jb250ZW50X3R5cGU8L29wdGlvbj48b3B0aW9uIGNsYXNzPSJzZWxlY3QgdGFibGUgb3B0aW9uIiB2YWx1ZT0iY29udGVudF90eXBlX3JlZmVyZW5jZSI+Y29udGVudF90eXBlX3JlZmVyZW5jZTwvb3B0aW9uPjxvcHRpb24gY2xhc3M9InNlbGVjdCB0YWJsZSBvcHRpb24iIHZhbHVlPSJlbnRlcnByaXNlIj5lbnRlcnByaXNlPC9vcHRpb24+PG9wdGlvbiBjbGFzcz0ic2VsZWN0IHRhYmxlIG9wdGlvbiIgdmFsdWU9ImZpbGUiPmZpbGU8L29wdGlvbj48b3B0aW9uIGNsYXNzPSJzZWxlY3QgdGFibGUgb3B0aW9uIiB2YWx1ZT0iZmlsZV9yZWZlcmVuY2UiPmZpbGVfcmVmZXJlbmNlPC9vcHRpb24+PG9wdGlvbiBjbGFzcz0ic2VsZWN0IHRhYmxlIG9wdGlvbiIgdmFsdWU9Imludl90cmFuc2FjdGlvbiI+aW52X3RyYW5zYWN0aW9uPC9vcHRpb24+PG9wdGlvbiBjbGFzcz0ic2VsZWN0IHRhYmxlIG9wdGlvbiIgdmFsdWU9ImludmVudG9yeV9vcmciPmludmVudG9yeV9vcmc8L29wdGlvbj48b3B0aW9uIGNsYXNzPSJzZWxlY3QgdGFibGUgb3B0aW9uIiB2YWx1ZT0iaXRlbSI+aXRlbTwvb3B0aW9uPjxvcHRpb24gY2xhc3M9InNlbGVjdCB0YWJsZSBvcHRpb24iIHZhbHVlPSJpdGVtX3N0YXR1cyI+aXRlbV9zdGF0dXM8L29wdGlvbj48b3B0aW9uIGNsYXNzPSJzZWxlY3QgdGFibGUgb3B0aW9uIiB2YWx1ZT0ibGVkZ2VyIj5sZWRnZXI8L29wdGlvbj48b3B0aW9uIGNsYXNzPSJzZWxlY3QgdGFibGUgb3B0aW9uIiB2YWx1ZT0ibGVnYWxfb3JnIj5sZWdhbF9vcmc8L29wdGlvbj48b3B0aW9uIGNsYXNzPSJzZWxlY3QgdGFibGUgb3B0aW9uIiB2YWx1ZT0ibG9jYXRvciI+bG9jYXRvcjwvb3B0aW9uPjxvcHRpb24gY2xhc3M9InNlbGVjdCB0YWJsZSBvcHRpb24iIHZhbHVlPSJtb2R1bGUiPm1vZHVsZTwvb3B0aW9uPjxvcHRpb24gY2xhc3M9InNlbGVjdCB0YWJsZSBvcHRpb24iIHZhbHVlPSJvbmhhbmQiPm9uaGFuZDwvb3B0aW9uPjxvcHRpb24gY2xhc3M9InNlbGVjdCB0YWJsZSBvcHRpb24iIHZhbHVlPSJvcHRpb25fZGV0YWlsIj5vcHRpb25fZGV0YWlsPC9vcHRpb24+PG9wdGlvbiBjbGFzcz0ic2VsZWN0IHRhYmxlIG9wdGlvbiIgdmFsdWU9Im9wdGlvbl9oZWFkZXIiPm9wdGlvbl9oZWFkZXI8L29wdGlvbj48b3B0aW9uIGNsYXNzPSJzZWxlY3QgdGFibGUgb3B0aW9uIiB2YWx1ZT0ib3B0aW9uX2xpbmUiPm9wdGlvbl9saW5lPC9vcHRpb24+PG9wdGlvbiBjbGFzcz0ic2VsZWN0IHRhYmxlIG9wdGlvbiIgdmFsdWU9Im9yZyI+b3JnPC9vcHRpb24+PG9wdGlvbiBjbGFzcz0ic2VsZWN0IHRhYmxlIG9wdGlvbiIgdmFsdWU9InBhZ2UiPnBhZ2U8L29wdGlvbj48b3B0aW9uIGNsYXNzPSJzZWxlY3QgdGFibGUgb3B0aW9uIiB2YWx1ZT0icGF0aCI+cGF0aDwvb3B0aW9uPjxvcHRpb24gY2xhc3M9InNlbGVjdCB0YWJsZSBvcHRpb24iIHZhbHVlPSJwcm9kdWN0Ij5wcm9kdWN0PC9vcHRpb24+PG9wdGlvbiBjbGFzcz0ic2VsZWN0IHRhYmxlIG9wdGlvbiIgdmFsdWU9InN1YmludmVudG9yeSI+c3ViaW52ZW50b3J5PC9vcHRpb24+PG9wdGlvbiBjbGFzcz0ic2VsZWN0IHRhYmxlIG9wdGlvbiIgdmFsdWU9InN1cHBsaWVyIj5zdXBwbGllcjwvb3B0aW9uPjxvcHRpb24gY2xhc3M9InNlbGVjdCB0YWJsZSBvcHRpb24iIHZhbHVlPSJzdXBwbGllcjEiPnN1cHBsaWVyMTwvb3B0aW9uPjxvcHRpb24gY2xhc3M9InNlbGVjdCB0YWJsZSBvcHRpb24iIHZhbHVlPSJzdXBwbGllcl9zaXRlIj5zdXBwbGllcl9zaXRlPC9vcHRpb24+PG9wdGlvbiBjbGFzcz0ic2VsZWN0IHRhYmxlIG9wdGlvbiIgdmFsdWU9InN1cHBsaWVyX3NpdGUxIj5zdXBwbGllcl9zaXRlMTwvb3B0aW9uPjxvcHRpb24gY2xhc3M9InNlbGVjdCB0YWJsZSBvcHRpb24iIHZhbHVlPSJzeXN0ZW1fcGF0aCI+c3lzdGVtX3BhdGg8L29wdGlvbj48b3B0aW9uIGNsYXNzPSJzZWxlY3QgdGFibGUgb3B0aW9uIiB2YWx1ZT0idHJhbnNhY3Rpb25fdHlwZSI+dHJhbnNhY3Rpb25fdHlwZTwvb3B0aW9uPjxvcHRpb24gY2xhc3M9InNlbGVjdCB0YWJsZSBvcHRpb24iIHZhbHVlPSJ1b20iPnVvbTwvb3B0aW9uPjxvcHRpb24gY2xhc3M9InNlbGVjdCB0YWJsZSBvcHRpb24iIHZhbHVlPSJ1c2VyIj51c2VyPC9vcHRpb24+PG9wdGlvbiBjbGFzcz0ic2VsZWN0IHRhYmxlIG9wdGlvbiIgdmFsdWU9InZpZXciPnZpZXc8L29wdGlvbj48b3B0aW9uIGNsYXNzPSJzZWxlY3QgdGFibGUgb3B0aW9uIiB2YWx1ZT0ieHh4X2Jsb2ciPnh4eF9ibG9nPC9vcHRpb24+PG9wdGlvbiBjbGFzcz0ic2VsZWN0IHRhYmxlIG9wdGlvbiIgdmFsdWU9Inh4eF9lbnRlcnByaXNlIj54eHhfZW50ZXJwcmlzZTwvb3B0aW9uPjxvcHRpb24gY2xhc3M9InNlbGVjdCB0YWJsZSBvcHRpb24iIHZhbHVlPSJ4eHhfdHJhbnNhY3Rpb25fdHlwZSI+eHh4X3RyYW5zYWN0aW9uX3R5cGU8L29wdGlvbj4JCQkJCQkJCSA8b3B0aW9uIHZhbHVlPSIiIGNsYXNzPSJyZW1vdmVfdGFibGUiPlJlbW92ZSBUYWJsZTwvb3B0aW9uPg0KCQkJCQkJCQk8L3NlbGVjdD4NCgkJCQkJCQkgPC9saT4NCgkJCQkJCQkgPGxpIGlkPSJmaWVsZF9yZWNvcmRzMCI+PGxhYmVsPkZpZWxkPC9sYWJlbD4NCgkJCQkJCQkJDQogIDxzZWxlY3QgY2xhc3M9InRhYmxlX2ZpZWxkcyI+PG9wdGlvbiBjbGFzcz0idGFibGVfZmllbGRzX29wdGlvbnMiIHZhbHVlPSJ0cmFuc2FjdGlvbl90eXBlX2lkIj50cmFuc2FjdGlvbl90eXBlX2lkPC9vcHRpb24+PG9wdGlvbiBjbGFzcz0idGFibGVfZmllbGRzX29wdGlvbnMiIHZhbHVlPSJ0eXBlIj50eXBlPC9vcHRpb24+PG9wdGlvbiBjbGFzcz0idGFibGVfZmllbGRzX29wdGlvbnMiIHZhbHVlPSJ0eXBlX2NsYXNzIj50eXBlX2NsYXNzPC9vcHRpb24+PG9wdGlvbiBjbGFzcz0idGFibGVfZmllbGRzX29wdGlvbnMiIHZhbHVlPSJ0cmFuc2FjdGlvbl9hY3Rpb24iPnRyYW5zYWN0aW9uX2FjdGlvbjwvb3B0aW9uPjxvcHRpb24gY2xhc3M9InRhYmxlX2ZpZWxkc19vcHRpb25zIiB2YWx1ZT0iZGVzY3JpcHRpb24iPmRlc2NyaXB0aW9uPC9vcHRpb24+PG9wdGlvbiBjbGFzcz0idGFibGVfZmllbGRzX29wdGlvbnMiIHZhbHVlPSJhbGxvd19uZWdhdGl2ZV9iYWxhbmNlIj5hbGxvd19uZWdhdGl2ZV9iYWxhbmNlPC9vcHRpb24+PG9wdGlvbiBjbGFzcz0idGFibGVfZmllbGRzX29wdGlvbnMiIHZhbHVlPSJhY2NvdW50X2lkIj5hY2NvdW50X2lkPC9vcHRpb24+PG9wdGlvbiBjbGFzcz0idGFibGVfZmllbGRzX29wdGlvbnMiIHZhbHVlPSJlZl9pZCI+ZWZfaWQ8L29wdGlvbj48b3B0aW9uIGNsYXNzPSJ0YWJsZV9maWVsZHNfb3B0aW9ucyIgdmFsdWU9InN0YXR1cyI+c3RhdHVzPC9vcHRpb24+PG9wdGlvbiBjbGFzcz0idGFibGVfZmllbGRzX29wdGlvbnMiIHZhbHVlPSJyZXZfZW5hYmxlZCI+cmV2X2VuYWJsZWQ8L29wdGlvbj48b3B0aW9uIGNsYXNzPSJ0YWJsZV9maWVsZHNfb3B0aW9ucyIgdmFsdWU9InJldl9udW1iZXIiPnJldl9udW1iZXI8L29wdGlvbj48b3B0aW9uIGNsYXNzPSJ0YWJsZV9maWVsZHNfb3B0aW9ucyIgdmFsdWU9ImNyZWF0ZWRfYnkiPmNyZWF0ZWRfYnk8L29wdGlvbj48b3B0aW9uIGNsYXNzPSJ0YWJsZV9maWVsZHNfb3B0aW9ucyIgdmFsdWU9ImNyZWF0aW9uX2RhdGUiPmNyZWF0aW9uX2RhdGU8L29wdGlvbj48b3B0aW9uIGNsYXNzPSJ0YWJsZV9maWVsZHNfb3B0aW9ucyIgdmFsdWU9Imxhc3RfdXBkYXRlX2J5Ij5sYXN0X3VwZGF0ZV9ieTwvb3B0aW9uPjxvcHRpb24gY2xhc3M9InRhYmxlX2ZpZWxkc19vcHRpb25zIiB2YWx1ZT0ibGFzdF91cGRhdGVfZGF0ZSI+bGFzdF91cGRhdGVfZGF0ZTwvb3B0aW9uPjxvcHRpb24gdmFsdWU9InJlbW92ZSIgY2xhc3M9InJlbW92ZV9vcHRpb24iPlJlbW92ZSBGaWVsZDwvb3B0aW9uPjwvc2VsZWN0Pg0KCQkJCQkJCSA8L2xpPg0KCQkJCQkJCTxsaSBpZD0ibmV3X29iamVjdDEwIj48bGFiZWw+RmllbGQ8L2xhYmVsPg0KCQkJCQkJCQkNCiAgPHNlbGVjdCBjbGFzcz0idGFibGVfZmllbGRzIj48b3B0aW9uIGNsYXNzPSJ0YWJsZV9maWVsZHNfb3B0aW9ucyIgdmFsdWU9InRyYW5zYWN0aW9uX3R5cGVfaWQiPnRyYW5zYWN0aW9uX3R5cGVfaWQ8L29wdGlvbj48b3B0aW9uIGNsYXNzPSJ0YWJsZV9maWVsZHNfb3B0aW9ucyIgdmFsdWU9InR5cGUiPnR5cGU8L29wdGlvbj48b3B0aW9uIGNsYXNzPSJ0YWJsZV9maWVsZHNfb3B0aW9ucyIgdmFsdWU9InR5cGVfY2xhc3MiPnR5cGVfY2xhc3M8L29wdGlvbj48b3B0aW9uIGNsYXNzPSJ0YWJsZV9maWVsZHNfb3B0aW9ucyIgdmFsdWU9InRyYW5zYWN0aW9uX2FjdGlvbiI+dHJhbnNhY3Rpb25fYWN0aW9uPC9vcHRpb24+PG9wdGlvbiBjbGFzcz0idGFibGVfZmllbGRzX29wdGlvbnMiIHZhbHVlPSJkZXNjcmlwdGlvbiI+ZGVzY3JpcHRpb248L29wdGlvbj48b3B0aW9uIGNsYXNzPSJ0YWJsZV9maWVsZHNfb3B0aW9ucyIgdmFsdWU9ImFsbG93X25lZ2F0aXZlX2JhbGFuY2UiPmFsbG93X25lZ2F0aXZlX2JhbGFuY2U8L29wdGlvbj48b3B0aW9uIGNsYXNzPSJ0YWJsZV9maWVsZHNfb3B0aW9ucyIgdmFsdWU9ImFjY291bnRfaWQiPmFjY291bnRfaWQ8L29wdGlvbj48b3B0aW9uIGNsYXNzPSJ0YWJsZV9maWVsZHNfb3B0aW9ucyIgdmFsdWU9ImVmX2lkIj5lZl9pZDwvb3B0aW9uPjxvcHRpb24gY2xhc3M9InRhYmxlX2ZpZWxkc19vcHRpb25zIiB2YWx1ZT0ic3RhdHVzIj5zdGF0dXM8L29wdGlvbj48b3B0aW9uIGNsYXNzPSJ0YWJsZV9maWVsZHNfb3B0aW9ucyIgdmFsdWU9InJldl9lbmFibGVkIj5yZXZfZW5hYmxlZDwvb3B0aW9uPjxvcHRpb24gY2xhc3M9InRhYmxlX2ZpZWxkc19vcHRpb25zIiB2YWx1ZT0icmV2X251bWJlciI+cmV2X251bWJlcjwvb3B0aW9uPjxvcHRpb24gY2xhc3M9InRhYmxlX2ZpZWxkc19vcHRpb25zIiB2YWx1ZT0iY3JlYXRlZF9ieSI+Y3JlYXRlZF9ieTwvb3B0aW9uPjxvcHRpb24gY2xhc3M9InRhYmxlX2ZpZWxkc19vcHRpb25zIiB2YWx1ZT0iY3JlYXRpb25fZGF0ZSI+Y3JlYXRpb25fZGF0ZTwvb3B0aW9uPjxvcHRpb24gY2xhc3M9InRhYmxlX2ZpZWxkc19vcHRpb25zIiB2YWx1ZT0ibGFzdF91cGRhdGVfYnkiPmxhc3RfdXBkYXRlX2J5PC9vcHRpb24+PG9wdGlvbiBjbGFzcz0idGFibGVfZmllbGRzX29wdGlvbnMiIHZhbHVlPSJsYXN0X3VwZGF0ZV9kYXRlIj5sYXN0X3VwZGF0ZV9kYXRlPC9vcHRpb24+PG9wdGlvbiB2YWx1ZT0icmVtb3ZlIiBjbGFzcz0icmVtb3ZlX29wdGlvbiI+UmVtb3ZlIEZpZWxkPC9vcHRpb24+PC9zZWxlY3Q+DQoJCQkJCQkJIDwvbGk+PC91bD4NCgkJCQkJCSA8L2Rpdj4NCgkJCQkJCSA8bGkgaWQ9InNob3dfZmllbGRfbGkiPjxsYWJlbD5TaG93IEZpZWxkczwvbGFiZWw+DQoJCQkJCQkJPGRpdiBpZD0ic2hvd19maWVsZF9idXR0b25zIj48ZGl2IGNsYXNzPSJkcmFnZ2FibGVfZWxlbWVudCB1aS1kcmFnZ2FibGUiPjxpbnB1dCB2YWx1ZT0idHJhbnNhY3Rpb25fdHlwZS50cmFuc2FjdGlvbl90eXBlX2lkIiBjbGFzcz0ic2hvd0ZpZWxkX2J1dHRvbnMgdHJhbnNhY3Rpb25fdHlwZS50cmFuc2FjdGlvbl90eXBlX2lkIiB0eXBlPSJ0ZXh0Ij48L2Rpdj48ZGl2IGNsYXNzPSJkcmFnZ2FibGVfZWxlbWVudCB1aS1kcmFnZ2FibGUiPjxpbnB1dCB2YWx1ZT0idHJhbnNhY3Rpb25fdHlwZS50eXBlX2NsYXNzIiBjbGFzcz0ic2hvd0ZpZWxkX2J1dHRvbnMgdHJhbnNhY3Rpb25fdHlwZS50eXBlX2NsYXNzIiB0eXBlPSJ0ZXh0Ij48L2Rpdj48L2Rpdj4NCgkJCQkJCSA8L2xpPg0KCQkJCQkJIDxsaSBpZD0iY29uZGl0aW9uX2xpIj48bGFiZWw+Q29uZGl0aW9uczwvbGFiZWw+DQoJCQkJCQkJPGRpdiBpZD0iY29uZGl0aW9uX2J1dHRvbnMiPg0KPCEtLQkJCQkJCQkgPGlucHV0IHR5cGU9ImJ1dHRvbiIgdmFsdWU9IlNhdmUgQ29uZHRpb25zIiBjbGFzcz0iYnV0dG9uIHNhdmVfY29uZGl0aW9ucyIgaWQ9InNhdmVfY29uZGl0aW9ucyI+LS0+DQoJCQkJCQkJIDxzcGFuIGNsYXNzPSJhZGRfbmV3X2NvbmRpdGlvbnMiPjxpbWcgc3JjPSJodHRwOi8vd3d3Lmlub2lkZWFzLmNvbS9pbm9lcnAvdGhlbWVzL2ltYWdlcy9wbHVzXzEwLnBuZyIgYWx0PSJhZGQgbmV3IGNvbmRpdGlvbnMiPk5ldyBDb25kaXRpb25zPC9zcGFuPg0KCQkJCQkJCTwvZGl2Pg0KDQoJCQkJCQkJPGRpdiBpZD0iY29uZGl0aW9uX2J1dHRvbnNfZGl2Ij48ZGl2IGNsYXNzPSJkcmFnZ2FibGVfZWxlbWVudCB1aS1kcmFnZ2FibGUiPjxpbnB1dCB2YWx1ZT0idHJhbnNhY3Rpb25fdHlwZS50cmFuc2FjdGlvbl90eXBlX2lkIiBjbGFzcz0iY29uZGl0aW9uX2J1dHRvbnMgdHJhbnNhY3Rpb25fdHlwZS50cmFuc2FjdGlvbl90eXBlX2lkIiB0eXBlPSJ0ZXh0Ij48L2Rpdj48ZGl2IGNsYXNzPSJkcmFnZ2FibGVfZWxlbWVudCB1aS1kcmFnZ2FibGUiPjxpbnB1dCB2YWx1ZT0idHJhbnNhY3Rpb25fdHlwZS50eXBlX2NsYXNzIiBjbGFzcz0iY29uZGl0aW9uX2J1dHRvbnMgdHJhbnNhY3Rpb25fdHlwZS50eXBlX2NsYXNzIiB0eXBlPSJ0ZXh0Ij48L2Rpdj48L2Rpdj4NCgkJCQkJCQk8ZGl2IGlkPSJjb25kaXRpb25fYnV0dG9uc19pbmZvIj4NCgkJCQkJCQk8L2Rpdj4NCgkJCQkJCQk8dGFibGUgaWQ9ImNvbmRpdGlvbl9idXR0b25zX3RhYmxlIj4NCgkJCQkJCQkgPHRoZWFkPg0KCQkJCQkJCQk8dHI+DQoJCQkJCQkJCSA8dGg+UGFyYW1ldGVyPC90aD4NCgkJCQkJCQkJIDx0aD5Db25kaXRpb248L3RoPg0KCQkJCQkJCQkgPHRoPlZhbHVlPC90aD4NCgkJCQkJCQkJPC90cj4NCgkJCQkJCQkgPC90aGVhZD4NCgkJCQkJCQkgPHRib2R5Pg0KCQkJCQkJCQk8dHIgY2xhc3M9ImNvbmRpdGlvbl9yb3ciPg0KCQkJCQkJCQkgPHRkIGNsYXNzPSJjb25kaXRpb25fcm93X3BhcmFtZXRlciB1aS1kcm9wcGFibGUiPg0KDQoJCQkJCQkJCSA8ZGl2IGNsYXNzPSJkcmFnZ2FibGVfZWxlbWVudCB1aS1kcmFnZ2FibGUiPjxpbnB1dCB2YWx1ZT0idHJhbnNhY3Rpb25fdHlwZS50cmFuc2FjdGlvbl90eXBlX2lkIiBjbGFzcz0iY29uZGl0aW9uX2J1dHRvbnMgdHJhbnNhY3Rpb25fdHlwZS50cmFuc2FjdGlvbl90eXBlX2lkIiB0eXBlPSJ0ZXh0Ij48L2Rpdj48L3RkPg0KCQkJCQkJCQkgPHRkIGNsYXNzPSJjb25kaXRpb25fcm93X2NvbmRpdGlvbiI+DQoJCQkJCQkJCQk8IS0tCQkJCQkJCQkJIDxsYWJlbD5PcGVyYXRvcjwvbGFiZWw+LS0+DQoJCQkJCQkJCQk8dWw+PGxpPg0KCQkJCQkJCQkJCTxzZWxlY3QgY2xhc3M9ImNvbmRpdGlvbl9vcGVyYXRvcl90eXBlIj4NCgkJCQkJCQkJCQkgPG9wdGlvbiB2YWx1ZT0iIj48L29wdGlvbj4NCgkJCQkJCQkJCQkgPG9wdGlvbiB2YWx1ZT0iZGF0YWJhc2UiPkRhdGFiYXNlPC9vcHRpb24+DQoJCQkJCQkJCQkJIDxvcHRpb24gdmFsdWU9Im1hbnVhbCI+TWFudWFsIEVudHJ5PC9vcHRpb24+DQogICAgICAgICAgICAgICAgICAgICA8b3B0aW9uIHZhbHVlPSJyZW1vdmUiPlJlbW92ZTwvb3B0aW9uPg0KCQkJCQkJCQkJCTwvc2VsZWN0Pg0KDQoJCQkJCQkJCQkgPC9saT48bGk+DQoJCQkJCQkJCQkJPHNlbGVjdCBjbGFzcz0iY29uZGl0aW9uX29wZXJhdG9yIj4NCgkJCQkJCQkJCQkgPG9wdGlvbiB2YWx1ZT0iID0gIj4gaXMgZXF1YWwgdG8gPC9vcHRpb24+DQoJCQkJCQkJCQkJIDxvcHRpb24gdmFsdWU9IiAhPSAiPiBpcyBub3QgZXF1YWwgdG8gPC9vcHRpb24+DQoJCQkJCQkJCQkJIDxvcHRpb24gdmFsdWU9IiA+ICI+IGlzIGdyZWF0ZXIgdGhhbiA8L29wdGlvbj4NCgkJCQkJCQkJCQkgPG9wdGlvbiB2YWx1ZT0iID49ICI+ICZndDs9IDwvb3B0aW9uPg0KCQkJCQkJCQkJCSA8b3B0aW9uIHZhbHVlPSIgPCAiPiBpcyBsZXNzIHRoYW4gPC9vcHRpb24+DQoJCQkJCQkJCQkJIDxvcHRpb24gdmFsdWU9IiA8PSAiPiAmbHQ7PSA8L29wdGlvbj4NCgkJCQkJCQkJCQkgPG9wdGlvbiB2YWx1ZT0iIExJS0UgIj4gY29udGFpbnMgPC9vcHRpb24+DQoJCQkJCQkJCQkJIDxvcHRpb24gdmFsdWU9IiBJUyBOVUxMICI+IGlzIE5VTEwgPC9vcHRpb24+DQoJCQkJCQkJCQkJIDxvcHRpb24gdmFsdWU9IiBJUyBOT1QgTlVMTCAiPiBpcyBub3QgTlVMTCA8L29wdGlvbj4NCg0KCQkJCQkJCQkJCTwvc2VsZWN0Pg0KCQkJCQkJCQkJIDwvbGk+DQoJCQkJCQkJCQk8L3VsPg0KCQkJCQkJCQkgPC90ZD4NCgkJCQkJCQkJIDx0ZCBjbGFzcz0iY29uZGl0aW9uX3Jvd192YWx1ZSB1aS1kcm9wcGFibGUiPjxpbnB1dCBjbGFzcz0iY29uZGl0aW9uX3Jvd192YWx1ZV9pbnB1dCBpbnB1dCIgdHlwZT0idGV4dCI+PC90ZD4NCgkJCQkJCQkJPC90cj4NCgkJCQkJCQkgPC90Ym9keT4NCgkJCQkJCQk8L3RhYmxlPg0KCQkJCQkJIDwvbGk+IA0KCQkJCQkJIDxsaSBpZD0ic29ydF9zcWxRdWVyeSI+DQoJCQkJCQkJPHVsPg0KCQkJCQkJCSA8bGkgaWQ9InNvcnRpbmdfbGkiPg0KCQkJCQkJCQk8bGFiZWw+U29ydGluZzwvbGFiZWw+DQoJCQkJCQkJCTxzcGFuIGNsYXNzPSJhZGRfbmV3X3NvcnRfY3JpdGVyaWEiPjxpbWcgc3JjPSJodHRwOi8vd3d3Lmlub2lkZWFzLmNvbS9pbm9lcnAvdGhlbWVzL2ltYWdlcy9wbHVzXzEwLnBuZyIgYWx0PSJhZGQgbmV3IGNvbmRpdGlvbnMiPk5ldyBTb3J0aW5nIENyaXRlcmlhPC9zcGFuPg0KCQkJCQkJCQk8dGFibGUgaWQ9InNvcnRfZmllbGRzX3RhYmxlIj4NCgkJCQkJCQkJIDx0aGVhZD4NCgkJCQkJCQkJCTx0cj4NCgkJCQkJCQkJCSA8dGg+RmllbGRzPC90aD4NCgkJCQkJCQkJCSA8dGg+U29ydCBieTwvdGg+DQoJCQkJCQkJCQk8L3RyPg0KCQkJCQkJCQkgPC90aGVhZD4NCgkJCQkJCQkJIDx0Ym9keT4NCgkJCQkJCQkJCTx0ciBjbGFzcz0ic29ydF9maWVsZHNfcm93Ij4NCgkJCQkJCQkJCSA8dGQgY2xhc3M9InNvcnRfZmllbGRzX2ZpZWxkX3ZhbHVlIHVpLWRyb3BwYWJsZSI+DQoNCgkJCQkJCQkJCSA8L3RkPg0KCQkJCQkJCQkJIDx0ZCBjbGFzcz0ic29ydF9maWVsZHNfc29ydEJ5Ij4NCgkJCQkJCQkJCQk8c2VsZWN0IGNsYXNzPSJzb3J0X2ZpZWxkc192YWx1ZXMiPg0KCQkJCQkJCQkJCSA8b3B0aW9uIHZhbHVlPSIiPjwvb3B0aW9uPg0KCQkJCQkJCQkJCSA8b3B0aW9uIHZhbHVlPSJBU0MiPiBBc2NlbmRpbmc8L29wdGlvbj4NCgkJCQkJCQkJCQkgPG9wdGlvbiB2YWx1ZT0iREVTQyI+IERlc2NlbmRpbmcgPC9vcHRpb24+DQogICAgICAgICAgICAgICAgICAgICA8b3B0aW9uIHZhbHVlPSJyZW1vdmUiPlJlbW92ZTwvb3B0aW9uPg0KCQkJCQkJCQkJCTwvc2VsZWN0Pg0KCQkJCQkJCQkJIDwvdGQ+DQoJCQkJCQkJCQk8L3RyPg0KCQkJCQkJCQkgPC90Ym9keT4NCgkJCQkJCQkJPC90YWJsZT4NCgkJCQkJCQkgPC9saT4gDQoJCQkJCQkJIDxsaT48bGFiZWw+UGFyYW1ldGVyPC9sYWJlbD48L2xpPiANCgkJCQkJCQkgPGxpPjxsYWJlbD5SZWxhdGlvbnNoaXBzPC9sYWJlbD48L2xpPiANCgkJCQkJCQkgPGxpPjxsYWJlbD5DYWxsYmFjazwvbGFiZWw+PC9saT4gDQoJCQkJCQkgDQoJCQkJCQk8L3VsPg0KCQkJCQkJPC9saT4NCgkJCQkJCQ==', 'SELECT transaction_type.transaction_type_id AS transaction_type__transaction_type_id,transaction_type.type_class AS transaction_type__type_class\r\nFROM \r\ntransaction_type\r\nWHERE transaction_type.transaction_type_id  >=  ''1''', '', '', NULL, NULL, NULL, NULL, NULL, NULL, NULL, NULL, NULL, NULL, NULL, NULL, NULL, NULL, NULL, NULL, NULL, NULL, NULL, NULL, 'inoerp', '2013-09-03 08:40:04', 'inoerp', '2013-09-03 08:40:04');
INSERT INTO `view` (`view_id`, `view`, `description`, `logical_settings`, `query`, `select`, `from`, `where`, `order_by`, `query_end`, `filters`, `display_type`, `page`, `page_title`, `page_header`, `page_footer`, `use_pager`, `contents_per_page`, `path`, `block`, `block_title`, `block_header`, `block_footer`, `block_type`, `block_more`, `rev_enabled_cb`, `rev_number`, `created_by`, `creation_date`, `last_update_by`, `last_update_date`) VALUES
(5, 'test05', 'test05', 'DQoJCQkJCQkgPGxpPjxsYWJlbD5UYWJsZXM8L2xhYmVsPiANCgkJCQkJCQk8aW5wdXQgc3R5bGU9ImJhY2tncm91bmQtY29sb3I6IHJnYigyNTUsIDI1NSwgMjU1KTsiIHZhbHVlPSJTYXZlIFRhYmxlcyIgY2xhc3M9ImJ1dHRvbiBzYXZlX3RhYmxlcyIgaWQ9InNhdmVfdGFibGVzIiB0eXBlPSJidXR0b24iPg0KCQkJCQkJCTxpbnB1dCBzdHlsZT0iYmFja2dyb3VuZC1jb2xvcjogcmdiKDI1NSwgMjU1LCAyNTUpOyIgdmFsdWU9IlNhdmUgUXVlcnkiIGNsYXNzPSJidXR0b24gc2F2ZV9xdWVyeSIgaWQ9InNhdmVfcXVlcnkiIHR5cGU9ImJ1dHRvbiI+DQoJCQkJCQkgPC9saT4NCgkJCQkJCSA8ZGl2IGlkPSJkaXNwbGF5X2RpdiI+IA0KCQkJCQkJCTx1bCBzdHlsZT0iZGlzcGxheTogYmxvY2s7IiBpZD0iZGlzcGxheV9yZWNvcmRzMCI+DQoJCQkJCQkJIDxzcGFuIGNsYXNzPSJhZGRfbmV3X3RhYmxlIj48aW1nIHNyYz0iaHR0cDovL3d3dy5pbm9pZGVhcy5jb20vaW5vZXJwL3RoZW1lcy9pbWFnZXMvcGx1c18xMC5wbmciIGFsdD0iYWRkIG5ldyB0YWJsZSI+TmV3IFRhYmxlPC9zcGFuPg0KCQkJCQkJCSA8c3BhbiBjbGFzcz0iYWRkX25ld19maWVsZCI+PGltZyBzcmM9Imh0dHA6Ly93d3cuaW5vaWRlYXMuY29tL2lub2VycC90aGVtZXMvaW1hZ2VzL3BsdXNfMTAucG5nIiBhbHQ9ImFkZCBuZXcgdGFibGUiPk5ldyBGaWVsZDwvc3Bhbj4NCgkJCQkJCQkgPGxpIGlkPSJ0YWJsZV9yZWNvcmRzIj48bGFiZWw+VGFibGUgTmFtZSA8L2xhYmVsPg0KCQkJCQkJCQk8c2VsZWN0IGNsYXNzPSJhbGxfdGFibGVfbmFtZXMiPg0KCQkJCQkJCQkgPG9wdGlvbj48L29wdGlvbj48b3B0aW9uIGNsYXNzPSJzZWxlY3QgdGFibGUgb3B0aW9uIiB2YWx1ZT0iYWRkcmVzcyI+YWRkcmVzczwvb3B0aW9uPjxvcHRpb24gY2xhc3M9InNlbGVjdCB0YWJsZSBvcHRpb24iIHZhbHVlPSJhcF9wYXltZW50X3Rlcm1zIj5hcF9wYXltZW50X3Rlcm1zPC9vcHRpb24+PG9wdGlvbiBjbGFzcz0ic2VsZWN0IHRhYmxlIG9wdGlvbiIgdmFsdWU9ImJsb2NrIj5ibG9jazwvb3B0aW9uPjxvcHRpb24gY2xhc3M9InNlbGVjdCB0YWJsZSBvcHRpb24iIHZhbHVlPSJibG9ja19jb250ZW50Ij5ibG9ja19jb250ZW50PC9vcHRpb24+PG9wdGlvbiBjbGFzcz0ic2VsZWN0IHRhYmxlIG9wdGlvbiIgdmFsdWU9ImJ1c2luZXNzX29yZyI+YnVzaW5lc3Nfb3JnPC9vcHRpb24+PG9wdGlvbiBjbGFzcz0ic2VsZWN0IHRhYmxlIG9wdGlvbiIgdmFsdWU9ImNfY29udGVudCI+Y19jb250ZW50PC9vcHRpb24+PG9wdGlvbiBjbGFzcz0ic2VsZWN0IHRhYmxlIG9wdGlvbiIgdmFsdWU9ImNfY3VzdG9tZXIiPmNfY3VzdG9tZXI8L29wdGlvbj48b3B0aW9uIGNsYXNzPSJzZWxlY3QgdGFibGUgb3B0aW9uIiB2YWx1ZT0iY19mb3J1bSI+Y19mb3J1bTwvb3B0aW9uPjxvcHRpb24gY2xhc3M9InNlbGVjdCB0YWJsZSBvcHRpb24iIHZhbHVlPSJjX3BsYWluX3RleHQiPmNfcGxhaW5fdGV4dDwvb3B0aW9uPjxvcHRpb24gY2xhc3M9InNlbGVjdCB0YWJsZSBvcHRpb24iIHZhbHVlPSJjX3N1cHBsaWVyIj5jX3N1cHBsaWVyPC9vcHRpb24+PG9wdGlvbiBjbGFzcz0ic2VsZWN0IHRhYmxlIG9wdGlvbiIgdmFsdWU9ImNfc3VwcGxpZXJfY29udGFjdCI+Y19zdXBwbGllcl9jb250YWN0PC9vcHRpb24+PG9wdGlvbiBjbGFzcz0ic2VsZWN0IHRhYmxlIG9wdGlvbiIgdmFsdWU9ImNfdGVzdCI+Y190ZXN0PC9vcHRpb24+PG9wdGlvbiBjbGFzcz0ic2VsZWN0IHRhYmxlIG9wdGlvbiIgdmFsdWU9ImNfdGVzdF9mb3J1bSI+Y190ZXN0X2ZvcnVtPC9vcHRpb24+PG9wdGlvbiBjbGFzcz0ic2VsZWN0IHRhYmxlIG9wdGlvbiIgdmFsdWU9ImNhdGVnb3J5Ij5jYXRlZ29yeTwvb3B0aW9uPjxvcHRpb24gY2xhc3M9InNlbGVjdCB0YWJsZSBvcHRpb24iIHZhbHVlPSJjYXRlZ29yeV9yZWZlcmVuY2UiPmNhdGVnb3J5X3JlZmVyZW5jZTwvb3B0aW9uPjxvcHRpb24gY2xhc3M9InNlbGVjdCB0YWJsZSBvcHRpb24iIHZhbHVlPSJjb2EiPmNvYTwvb3B0aW9uPjxvcHRpb24gY2xhc3M9InNlbGVjdCB0YWJsZSBvcHRpb24iIHZhbHVlPSJjb2FfY29tYmluYXRpb24iPmNvYV9jb21iaW5hdGlvbjwvb3B0aW9uPjxvcHRpb24gY2xhc3M9InNlbGVjdCB0YWJsZSBvcHRpb24iIHZhbHVlPSJjb2Ffc2VnbWVudF92YWx1ZXMiPmNvYV9zZWdtZW50X3ZhbHVlczwvb3B0aW9uPjxvcHRpb24gY2xhc3M9InNlbGVjdCB0YWJsZSBvcHRpb24iIHZhbHVlPSJjb21tZW50Ij5jb21tZW50PC9vcHRpb24+PG9wdGlvbiBjbGFzcz0ic2VsZWN0IHRhYmxlIG9wdGlvbiIgdmFsdWU9ImNvbnRlbnQiPmNvbnRlbnQ8L29wdGlvbj48b3B0aW9uIGNsYXNzPSJzZWxlY3QgdGFibGUgb3B0aW9uIiB2YWx1ZT0iY29udGVudF90eXBlIj5jb250ZW50X3R5cGU8L29wdGlvbj48b3B0aW9uIGNsYXNzPSJzZWxlY3QgdGFibGUgb3B0aW9uIiB2YWx1ZT0iY29udGVudF90eXBlX3JlZmVyZW5jZSI+Y29udGVudF90eXBlX3JlZmVyZW5jZTwvb3B0aW9uPjxvcHRpb24gY2xhc3M9InNlbGVjdCB0YWJsZSBvcHRpb24iIHZhbHVlPSJlbnRlcnByaXNlIj5lbnRlcnByaXNlPC9vcHRpb24+PG9wdGlvbiBjbGFzcz0ic2VsZWN0IHRhYmxlIG9wdGlvbiIgdmFsdWU9ImZpbGUiPmZpbGU8L29wdGlvbj48b3B0aW9uIGNsYXNzPSJzZWxlY3QgdGFibGUgb3B0aW9uIiB2YWx1ZT0iZmlsZV9yZWZlcmVuY2UiPmZpbGVfcmVmZXJlbmNlPC9vcHRpb24+PG9wdGlvbiBjbGFzcz0ic2VsZWN0IHRhYmxlIG9wdGlvbiIgdmFsdWU9Imludl90cmFuc2FjdGlvbiI+aW52X3RyYW5zYWN0aW9uPC9vcHRpb24+PG9wdGlvbiBjbGFzcz0ic2VsZWN0IHRhYmxlIG9wdGlvbiIgdmFsdWU9ImludmVudG9yeV9vcmciPmludmVudG9yeV9vcmc8L29wdGlvbj48b3B0aW9uIGNsYXNzPSJzZWxlY3QgdGFibGUgb3B0aW9uIiB2YWx1ZT0iaXRlbSI+aXRlbTwvb3B0aW9uPjxvcHRpb24gY2xhc3M9InNlbGVjdCB0YWJsZSBvcHRpb24iIHZhbHVlPSJpdGVtX3N0YXR1cyI+aXRlbV9zdGF0dXM8L29wdGlvbj48b3B0aW9uIGNsYXNzPSJzZWxlY3QgdGFibGUgb3B0aW9uIiB2YWx1ZT0ibGVkZ2VyIj5sZWRnZXI8L29wdGlvbj48b3B0aW9uIGNsYXNzPSJzZWxlY3QgdGFibGUgb3B0aW9uIiB2YWx1ZT0ibGVnYWxfb3JnIj5sZWdhbF9vcmc8L29wdGlvbj48b3B0aW9uIGNsYXNzPSJzZWxlY3QgdGFibGUgb3B0aW9uIiB2YWx1ZT0ibG9jYXRvciI+bG9jYXRvcjwvb3B0aW9uPjxvcHRpb24gY2xhc3M9InNlbGVjdCB0YWJsZSBvcHRpb24iIHZhbHVlPSJtb2R1bGUiPm1vZHVsZTwvb3B0aW9uPjxvcHRpb24gY2xhc3M9InNlbGVjdCB0YWJsZSBvcHRpb24iIHZhbHVlPSJvbmhhbmQiPm9uaGFuZDwvb3B0aW9uPjxvcHRpb24gY2xhc3M9InNlbGVjdCB0YWJsZSBvcHRpb24iIHZhbHVlPSJvcHRpb25fZGV0YWlsIj5vcHRpb25fZGV0YWlsPC9vcHRpb24+PG9wdGlvbiBjbGFzcz0ic2VsZWN0IHRhYmxlIG9wdGlvbiIgdmFsdWU9Im9wdGlvbl9oZWFkZXIiPm9wdGlvbl9oZWFkZXI8L29wdGlvbj48b3B0aW9uIGNsYXNzPSJzZWxlY3QgdGFibGUgb3B0aW9uIiB2YWx1ZT0ib3B0aW9uX2xpbmUiPm9wdGlvbl9saW5lPC9vcHRpb24+PG9wdGlvbiBjbGFzcz0ic2VsZWN0IHRhYmxlIG9wdGlvbiIgdmFsdWU9Im9yZyI+b3JnPC9vcHRpb24+PG9wdGlvbiBjbGFzcz0ic2VsZWN0IHRhYmxlIG9wdGlvbiIgdmFsdWU9InBhZ2UiPnBhZ2U8L29wdGlvbj48b3B0aW9uIGNsYXNzPSJzZWxlY3QgdGFibGUgb3B0aW9uIiB2YWx1ZT0icGF0aCI+cGF0aDwvb3B0aW9uPjxvcHRpb24gY2xhc3M9InNlbGVjdCB0YWJsZSBvcHRpb24iIHZhbHVlPSJwcm9kdWN0Ij5wcm9kdWN0PC9vcHRpb24+PG9wdGlvbiBjbGFzcz0ic2VsZWN0IHRhYmxlIG9wdGlvbiIgdmFsdWU9InN1YmludmVudG9yeSI+c3ViaW52ZW50b3J5PC9vcHRpb24+PG9wdGlvbiBjbGFzcz0ic2VsZWN0IHRhYmxlIG9wdGlvbiIgdmFsdWU9InN1cHBsaWVyIj5zdXBwbGllcjwvb3B0aW9uPjxvcHRpb24gY2xhc3M9InNlbGVjdCB0YWJsZSBvcHRpb24iIHZhbHVlPSJzdXBwbGllcjEiPnN1cHBsaWVyMTwvb3B0aW9uPjxvcHRpb24gY2xhc3M9InNlbGVjdCB0YWJsZSBvcHRpb24iIHZhbHVlPSJzdXBwbGllcl9zaXRlIj5zdXBwbGllcl9zaXRlPC9vcHRpb24+PG9wdGlvbiBjbGFzcz0ic2VsZWN0IHRhYmxlIG9wdGlvbiIgdmFsdWU9InN1cHBsaWVyX3NpdGUxIj5zdXBwbGllcl9zaXRlMTwvb3B0aW9uPjxvcHRpb24gY2xhc3M9InNlbGVjdCB0YWJsZSBvcHRpb24iIHZhbHVlPSJzeXN0ZW1fcGF0aCI+c3lzdGVtX3BhdGg8L29wdGlvbj48b3B0aW9uIGNsYXNzPSJzZWxlY3QgdGFibGUgb3B0aW9uIiB2YWx1ZT0idHJhbnNhY3Rpb25fdHlwZSI+dHJhbnNhY3Rpb25fdHlwZTwvb3B0aW9uPjxvcHRpb24gY2xhc3M9InNlbGVjdCB0YWJsZSBvcHRpb24iIHZhbHVlPSJ1b20iPnVvbTwvb3B0aW9uPjxvcHRpb24gY2xhc3M9InNlbGVjdCB0YWJsZSBvcHRpb24iIHZhbHVlPSJ1c2VyIj51c2VyPC9vcHRpb24+PG9wdGlvbiBjbGFzcz0ic2VsZWN0IHRhYmxlIG9wdGlvbiIgdmFsdWU9InZpZXciPnZpZXc8L29wdGlvbj48b3B0aW9uIGNsYXNzPSJzZWxlY3QgdGFibGUgb3B0aW9uIiB2YWx1ZT0ieHh4X2Jsb2ciPnh4eF9ibG9nPC9vcHRpb24+PG9wdGlvbiBjbGFzcz0ic2VsZWN0IHRhYmxlIG9wdGlvbiIgdmFsdWU9Inh4eF9lbnRlcnByaXNlIj54eHhfZW50ZXJwcmlzZTwvb3B0aW9uPjxvcHRpb24gY2xhc3M9InNlbGVjdCB0YWJsZSBvcHRpb24iIHZhbHVlPSJ4eHhfdHJhbnNhY3Rpb25fdHlwZSI+eHh4X3RyYW5zYWN0aW9uX3R5cGU8L29wdGlvbj4JCQkJCQkJCSA8b3B0aW9uIHZhbHVlPSIiIGNsYXNzPSJyZW1vdmVfdGFibGUiPlJlbW92ZSBUYWJsZTwvb3B0aW9uPg0KCQkJCQkJCQk8L3NlbGVjdD4NCgkJCQkJCQkgPC9saT4NCgkJCQkJCQkgPGxpIGlkPSJmaWVsZF9yZWNvcmRzMCI+PGxhYmVsPkZpZWxkPC9sYWJlbD4NCgkJCQkJCQkJDQogIDxzZWxlY3QgY2xhc3M9InRhYmxlX2ZpZWxkcyI+PG9wdGlvbiBjbGFzcz0idGFibGVfZmllbGRzX29wdGlvbnMiIHZhbHVlPSJzdWJpbnZlbnRvcnlfaWQiPnN1YmludmVudG9yeV9pZDwvb3B0aW9uPjxvcHRpb24gY2xhc3M9InRhYmxlX2ZpZWxkc19vcHRpb25zIiB2YWx1ZT0ib3JnX2lkIj5vcmdfaWQ8L29wdGlvbj48b3B0aW9uIGNsYXNzPSJ0YWJsZV9maWVsZHNfb3B0aW9ucyIgdmFsdWU9InR5cGUiPnR5cGU8L29wdGlvbj48b3B0aW9uIGNsYXNzPSJ0YWJsZV9maWVsZHNfb3B0aW9ucyIgdmFsdWU9InN1YmludmVudG9yeSI+c3ViaW52ZW50b3J5PC9vcHRpb24+PG9wdGlvbiBjbGFzcz0idGFibGVfZmllbGRzX29wdGlvbnMiIHZhbHVlPSJkZXNjcmlwdGlvbiI+ZGVzY3JpcHRpb248L29wdGlvbj48b3B0aW9uIGNsYXNzPSJ0YWJsZV9maWVsZHNfb3B0aW9ucyIgdmFsdWU9ImxvY2F0b3JfY29udHJvbCI+bG9jYXRvcl9jb250cm9sPC9vcHRpb24+PG9wdGlvbiBjbGFzcz0idGFibGVfZmllbGRzX29wdGlvbnMiIHZhbHVlPSJhbGxvd19uZWdhdGl2ZV9iYWxhbmNlX2NiIj5hbGxvd19uZWdhdGl2ZV9iYWxhbmNlX2NiPC9vcHRpb24+PG9wdGlvbiBjbGFzcz0idGFibGVfZmllbGRzX29wdGlvbnMiIHZhbHVlPSJkZWZhdWx0X2Nvc3RfZ3JvdXAiPmRlZmF1bHRfY29zdF9ncm91cDwvb3B0aW9uPjxvcHRpb24gY2xhc3M9InRhYmxlX2ZpZWxkc19vcHRpb25zIiB2YWx1ZT0ibWF0ZXJpYWxfYWNfaWQiPm1hdGVyaWFsX2FjX2lkPC9vcHRpb24+PG9wdGlvbiBjbGFzcz0idGFibGVfZmllbGRzX29wdGlvbnMiIHZhbHVlPSJtYXRlcmlhbF9vaF9hY19pZCI+bWF0ZXJpYWxfb2hfYWNfaWQ8L29wdGlvbj48b3B0aW9uIGNsYXNzPSJ0YWJsZV9maWVsZHNfb3B0aW9ucyIgdmFsdWU9Im92ZXJoZWFkX2FjX2lkIj5vdmVyaGVhZF9hY19pZDwvb3B0aW9uPjxvcHRpb24gY2xhc3M9InRhYmxlX2ZpZWxkc19vcHRpb25zIiB2YWx1ZT0icmVzb3VyY2VfYWNfaWQiPnJlc291cmNlX2FjX2lkPC9vcHRpb24+PG9wdGlvbiBjbGFzcz0idGFibGVfZmllbGRzX29wdGlvbnMiIHZhbHVlPSJvc3BfYWNfaWQiPm9zcF9hY19pZDwvb3B0aW9uPjxvcHRpb24gY2xhc3M9InRhYmxlX2ZpZWxkc19vcHRpb25zIiB2YWx1ZT0iZXhwZW5zZV9hY19pZCI+ZXhwZW5zZV9hY19pZDwvb3B0aW9uPjxvcHRpb24gY2xhc3M9InRhYmxlX2ZpZWxkc19vcHRpb25zIiB2YWx1ZT0iZWZfaWQiPmVmX2lkPC9vcHRpb24+PG9wdGlvbiBjbGFzcz0idGFibGVfZmllbGRzX29wdGlvbnMiIHZhbHVlPSJzdGF0dXMiPnN0YXR1czwvb3B0aW9uPjxvcHRpb24gY2xhc3M9InRhYmxlX2ZpZWxkc19vcHRpb25zIiB2YWx1ZT0icmV2X2VuYWJsZWRfY2IiPnJldl9lbmFibGVkX2NiPC9vcHRpb24+PG9wdGlvbiBjbGFzcz0idGFibGVfZmllbGRzX29wdGlvbnMiIHZhbHVlPSJyZXZfbnVtYmVyIj5yZXZfbnVtYmVyPC9vcHRpb24+PG9wdGlvbiBjbGFzcz0idGFibGVfZmllbGRzX29wdGlvbnMiIHZhbHVlPSJjcmVhdGVkX2J5Ij5jcmVhdGVkX2J5PC9vcHRpb24+PG9wdGlvbiBjbGFzcz0idGFibGVfZmllbGRzX29wdGlvbnMiIHZhbHVlPSJjcmVhdGlvbl9kYXRlIj5jcmVhdGlvbl9kYXRlPC9vcHRpb24+PG9wdGlvbiBjbGFzcz0idGFibGVfZmllbGRzX29wdGlvbnMiIHZhbHVlPSJsYXN0X3VwZGF0ZV9ieSI+bGFzdF91cGRhdGVfYnk8L29wdGlvbj48b3B0aW9uIGNsYXNzPSJ0YWJsZV9maWVsZHNfb3B0aW9ucyIgdmFsdWU9Imxhc3RfdXBkYXRlX2RhdGUiPmxhc3RfdXBkYXRlX2RhdGU8L29wdGlvbj48b3B0aW9uIHZhbHVlPSJyZW1vdmUiIGNsYXNzPSJyZW1vdmVfb3B0aW9uIj5SZW1vdmUgRmllbGQ8L29wdGlvbj48L3NlbGVjdD4NCgkJCQkJCQkgPC9saT4NCgkJCQkJCQk8bGkgaWQ9Im5ld19vYmplY3QxMCI+PGxhYmVsPkZpZWxkPC9sYWJlbD4NCgkJCQkJCQkJDQogIDxzZWxlY3QgY2xhc3M9InRhYmxlX2ZpZWxkcyI+PG9wdGlvbiBjbGFzcz0idGFibGVfZmllbGRzX29wdGlvbnMiIHZhbHVlPSJzdWJpbnZlbnRvcnlfaWQiPnN1YmludmVudG9yeV9pZDwvb3B0aW9uPjxvcHRpb24gY2xhc3M9InRhYmxlX2ZpZWxkc19vcHRpb25zIiB2YWx1ZT0ib3JnX2lkIj5vcmdfaWQ8L29wdGlvbj48b3B0aW9uIGNsYXNzPSJ0YWJsZV9maWVsZHNfb3B0aW9ucyIgdmFsdWU9InR5cGUiPnR5cGU8L29wdGlvbj48b3B0aW9uIGNsYXNzPSJ0YWJsZV9maWVsZHNfb3B0aW9ucyIgdmFsdWU9InN1YmludmVudG9yeSI+c3ViaW52ZW50b3J5PC9vcHRpb24+PG9wdGlvbiBjbGFzcz0idGFibGVfZmllbGRzX29wdGlvbnMiIHZhbHVlPSJkZXNjcmlwdGlvbiI+ZGVzY3JpcHRpb248L29wdGlvbj48b3B0aW9uIGNsYXNzPSJ0YWJsZV9maWVsZHNfb3B0aW9ucyIgdmFsdWU9ImxvY2F0b3JfY29udHJvbCI+bG9jYXRvcl9jb250cm9sPC9vcHRpb24+PG9wdGlvbiBjbGFzcz0idGFibGVfZmllbGRzX29wdGlvbnMiIHZhbHVlPSJhbGxvd19uZWdhdGl2ZV9iYWxhbmNlX2NiIj5hbGxvd19uZWdhdGl2ZV9iYWxhbmNlX2NiPC9vcHRpb24+PG9wdGlvbiBjbGFzcz0idGFibGVfZmllbGRzX29wdGlvbnMiIHZhbHVlPSJkZWZhdWx0X2Nvc3RfZ3JvdXAiPmRlZmF1bHRfY29zdF9ncm91cDwvb3B0aW9uPjxvcHRpb24gY2xhc3M9InRhYmxlX2ZpZWxkc19vcHRpb25zIiB2YWx1ZT0ibWF0ZXJpYWxfYWNfaWQiPm1hdGVyaWFsX2FjX2lkPC9vcHRpb24+PG9wdGlvbiBjbGFzcz0idGFibGVfZmllbGRzX29wdGlvbnMiIHZhbHVlPSJtYXRlcmlhbF9vaF9hY19pZCI+bWF0ZXJpYWxfb2hfYWNfaWQ8L29wdGlvbj48b3B0aW9uIGNsYXNzPSJ0YWJsZV9maWVsZHNfb3B0aW9ucyIgdmFsdWU9Im92ZXJoZWFkX2FjX2lkIj5vdmVyaGVhZF9hY19pZDwvb3B0aW9uPjxvcHRpb24gY2xhc3M9InRhYmxlX2ZpZWxkc19vcHRpb25zIiB2YWx1ZT0icmVzb3VyY2VfYWNfaWQiPnJlc291cmNlX2FjX2lkPC9vcHRpb24+PG9wdGlvbiBjbGFzcz0idGFibGVfZmllbGRzX29wdGlvbnMiIHZhbHVlPSJvc3BfYWNfaWQiPm9zcF9hY19pZDwvb3B0aW9uPjxvcHRpb24gY2xhc3M9InRhYmxlX2ZpZWxkc19vcHRpb25zIiB2YWx1ZT0iZXhwZW5zZV9hY19pZCI+ZXhwZW5zZV9hY19pZDwvb3B0aW9uPjxvcHRpb24gY2xhc3M9InRhYmxlX2ZpZWxkc19vcHRpb25zIiB2YWx1ZT0iZWZfaWQiPmVmX2lkPC9vcHRpb24+PG9wdGlvbiBjbGFzcz0idGFibGVfZmllbGRzX29wdGlvbnMiIHZhbHVlPSJzdGF0dXMiPnN0YXR1czwvb3B0aW9uPjxvcHRpb24gY2xhc3M9InRhYmxlX2ZpZWxkc19vcHRpb25zIiB2YWx1ZT0icmV2X2VuYWJsZWRfY2IiPnJldl9lbmFibGVkX2NiPC9vcHRpb24+PG9wdGlvbiBjbGFzcz0idGFibGVfZmllbGRzX29wdGlvbnMiIHZhbHVlPSJyZXZfbnVtYmVyIj5yZXZfbnVtYmVyPC9vcHRpb24+PG9wdGlvbiBjbGFzcz0idGFibGVfZmllbGRzX29wdGlvbnMiIHZhbHVlPSJjcmVhdGVkX2J5Ij5jcmVhdGVkX2J5PC9vcHRpb24+PG9wdGlvbiBjbGFzcz0idGFibGVfZmllbGRzX29wdGlvbnMiIHZhbHVlPSJjcmVhdGlvbl9kYXRlIj5jcmVhdGlvbl9kYXRlPC9vcHRpb24+PG9wdGlvbiBjbGFzcz0idGFibGVfZmllbGRzX29wdGlvbnMiIHZhbHVlPSJsYXN0X3VwZGF0ZV9ieSI+bGFzdF91cGRhdGVfYnk8L29wdGlvbj48b3B0aW9uIGNsYXNzPSJ0YWJsZV9maWVsZHNfb3B0aW9ucyIgdmFsdWU9Imxhc3RfdXBkYXRlX2RhdGUiPmxhc3RfdXBkYXRlX2RhdGU8L29wdGlvbj48b3B0aW9uIHZhbHVlPSJyZW1vdmUiIGNsYXNzPSJyZW1vdmVfb3B0aW9uIj5SZW1vdmUgRmllbGQ8L29wdGlvbj48L3NlbGVjdD4NCgkJCQkJCQkgPC9saT48bGkgaWQ9Im5ld19vYmplY3QxMSI+PGxhYmVsPkZpZWxkPC9sYWJlbD4NCgkJCQkJCQkJDQogIDxzZWxlY3QgY2xhc3M9InRhYmxlX2ZpZWxkcyI+PG9wdGlvbiBjbGFzcz0idGFibGVfZmllbGRzX29wdGlvbnMiIHZhbHVlPSJzdWJpbnZlbnRvcnlfaWQiPnN1YmludmVudG9yeV9pZDwvb3B0aW9uPjxvcHRpb24gY2xhc3M9InRhYmxlX2ZpZWxkc19vcHRpb25zIiB2YWx1ZT0ib3JnX2lkIj5vcmdfaWQ8L29wdGlvbj48b3B0aW9uIGNsYXNzPSJ0YWJsZV9maWVsZHNfb3B0aW9ucyIgdmFsdWU9InR5cGUiPnR5cGU8L29wdGlvbj48b3B0aW9uIGNsYXNzPSJ0YWJsZV9maWVsZHNfb3B0aW9ucyIgdmFsdWU9InN1YmludmVudG9yeSI+c3ViaW52ZW50b3J5PC9vcHRpb24+PG9wdGlvbiBjbGFzcz0idGFibGVfZmllbGRzX29wdGlvbnMiIHZhbHVlPSJkZXNjcmlwdGlvbiI+ZGVzY3JpcHRpb248L29wdGlvbj48b3B0aW9uIGNsYXNzPSJ0YWJsZV9maWVsZHNfb3B0aW9ucyIgdmFsdWU9ImxvY2F0b3JfY29udHJvbCI+bG9jYXRvcl9jb250cm9sPC9vcHRpb24+PG9wdGlvbiBjbGFzcz0idGFibGVfZmllbGRzX29wdGlvbnMiIHZhbHVlPSJhbGxvd19uZWdhdGl2ZV9iYWxhbmNlX2NiIj5hbGxvd19uZWdhdGl2ZV9iYWxhbmNlX2NiPC9vcHRpb24+PG9wdGlvbiBjbGFzcz0idGFibGVfZmllbGRzX29wdGlvbnMiIHZhbHVlPSJkZWZhdWx0X2Nvc3RfZ3JvdXAiPmRlZmF1bHRfY29zdF9ncm91cDwvb3B0aW9uPjxvcHRpb24gY2xhc3M9InRhYmxlX2ZpZWxkc19vcHRpb25zIiB2YWx1ZT0ibWF0ZXJpYWxfYWNfaWQiPm1hdGVyaWFsX2FjX2lkPC9vcHRpb24+PG9wdGlvbiBjbGFzcz0idGFibGVfZmllbGRzX29wdGlvbnMiIHZhbHVlPSJtYXRlcmlhbF9vaF9hY19pZCI+bWF0ZXJpYWxfb2hfYWNfaWQ8L29wdGlvbj48b3B0aW9uIGNsYXNzPSJ0YWJsZV9maWVsZHNfb3B0aW9ucyIgdmFsdWU9Im92ZXJoZWFkX2FjX2lkIj5vdmVyaGVhZF9hY19pZDwvb3B0aW9uPjxvcHRpb24gY2xhc3M9InRhYmxlX2ZpZWxkc19vcHRpb25zIiB2YWx1ZT0icmVzb3VyY2VfYWNfaWQiPnJlc291cmNlX2FjX2lkPC9vcHRpb24+PG9wdGlvbiBjbGFzcz0idGFibGVfZmllbGRzX29wdGlvbnMiIHZhbHVlPSJvc3BfYWNfaWQiPm9zcF9hY19pZDwvb3B0aW9uPjxvcHRpb24gY2xhc3M9InRhYmxlX2ZpZWxkc19vcHRpb25zIiB2YWx1ZT0iZXhwZW5zZV9hY19pZCI+ZXhwZW5zZV9hY19pZDwvb3B0aW9uPjxvcHRpb24gY2xhc3M9InRhYmxlX2ZpZWxkc19vcHRpb25zIiB2YWx1ZT0iZWZfaWQiPmVmX2lkPC9vcHRpb24+PG9wdGlvbiBjbGFzcz0idGFibGVfZmllbGRzX29wdGlvbnMiIHZhbHVlPSJzdGF0dXMiPnN0YXR1czwvb3B0aW9uPjxvcHRpb24gY2xhc3M9InRhYmxlX2ZpZWxkc19vcHRpb25zIiB2YWx1ZT0icmV2X2VuYWJsZWRfY2IiPnJldl9lbmFibGVkX2NiPC9vcHRpb24+PG9wdGlvbiBjbGFzcz0idGFibGVfZmllbGRzX29wdGlvbnMiIHZhbHVlPSJyZXZfbnVtYmVyIj5yZXZfbnVtYmVyPC9vcHRpb24+PG9wdGlvbiBjbGFzcz0idGFibGVfZmllbGRzX29wdGlvbnMiIHZhbHVlPSJjcmVhdGVkX2J5Ij5jcmVhdGVkX2J5PC9vcHRpb24+PG9wdGlvbiBjbGFzcz0idGFibGVfZmllbGRzX29wdGlvbnMiIHZhbHVlPSJjcmVhdGlvbl9kYXRlIj5jcmVhdGlvbl9kYXRlPC9vcHRpb24+PG9wdGlvbiBjbGFzcz0idGFibGVfZmllbGRzX29wdGlvbnMiIHZhbHVlPSJsYXN0X3VwZGF0ZV9ieSI+bGFzdF91cGRhdGVfYnk8L29wdGlvbj48b3B0aW9uIGNsYXNzPSJ0YWJsZV9maWVsZHNfb3B0aW9ucyIgdmFsdWU9Imxhc3RfdXBkYXRlX2RhdGUiPmxhc3RfdXBkYXRlX2RhdGU8L29wdGlvbj48b3B0aW9uIHZhbHVlPSJyZW1vdmUiIGNsYXNzPSJyZW1vdmVfb3B0aW9uIj5SZW1vdmUgRmllbGQ8L29wdGlvbj48L3NlbGVjdD4NCgkJCQkJCQkgPC9saT48L3VsPg0KCQkJCQkJIDx1bCBzdHlsZT0iZGlzcGxheTogYmxvY2s7IiBpZD0ibmV3X29iamVjdDEwMDAiPg0KCQkJCQkJCSA8c3BhbiBjbGFzcz0iYWRkX25ld190YWJsZSI+PGltZyBzcmM9Imh0dHA6Ly93d3cuaW5vaWRlYXMuY29tL2lub2VycC90aGVtZXMvaW1hZ2VzL3BsdXNfMTAucG5nIiBhbHQ9ImFkZCBuZXcgdGFibGUiPk5ldyBUYWJsZTwvc3Bhbj4NCgkJCQkJCQkgPHNwYW4gY2xhc3M9ImFkZF9uZXdfZmllbGQiPjxpbWcgc3JjPSJodHRwOi8vd3d3Lmlub2lkZWFzLmNvbS9pbm9lcnAvdGhlbWVzL2ltYWdlcy9wbHVzXzEwLnBuZyIgYWx0PSJhZGQgbmV3IHRhYmxlIj5OZXcgRmllbGQ8L3NwYW4+DQoJCQkJCQkJIDxsaSBpZD0idGFibGVfcmVjb3JkcyI+PGxhYmVsPlRhYmxlIE5hbWUgPC9sYWJlbD4NCgkJCQkJCQkJPHNlbGVjdCBjbGFzcz0iYWxsX3RhYmxlX25hbWVzIj4NCgkJCQkJCQkJIDxvcHRpb24+PC9vcHRpb24+PG9wdGlvbiBjbGFzcz0ic2VsZWN0IHRhYmxlIG9wdGlvbiIgdmFsdWU9ImFkZHJlc3MiPmFkZHJlc3M8L29wdGlvbj48b3B0aW9uIGNsYXNzPSJzZWxlY3QgdGFibGUgb3B0aW9uIiB2YWx1ZT0iYXBfcGF5bWVudF90ZXJtcyI+YXBfcGF5bWVudF90ZXJtczwvb3B0aW9uPjxvcHRpb24gY2xhc3M9InNlbGVjdCB0YWJsZSBvcHRpb24iIHZhbHVlPSJibG9jayI+YmxvY2s8L29wdGlvbj48b3B0aW9uIGNsYXNzPSJzZWxlY3QgdGFibGUgb3B0aW9uIiB2YWx1ZT0iYmxvY2tfY29udGVudCI+YmxvY2tfY29udGVudDwvb3B0aW9uPjxvcHRpb24gY2xhc3M9InNlbGVjdCB0YWJsZSBvcHRpb24iIHZhbHVlPSJidXNpbmVzc19vcmciPmJ1c2luZXNzX29yZzwvb3B0aW9uPjxvcHRpb24gY2xhc3M9InNlbGVjdCB0YWJsZSBvcHRpb24iIHZhbHVlPSJjX2NvbnRlbnQiPmNfY29udGVudDwvb3B0aW9uPjxvcHRpb24gY2xhc3M9InNlbGVjdCB0YWJsZSBvcHRpb24iIHZhbHVlPSJjX2N1c3RvbWVyIj5jX2N1c3RvbWVyPC9vcHRpb24+PG9wdGlvbiBjbGFzcz0ic2VsZWN0IHRhYmxlIG9wdGlvbiIgdmFsdWU9ImNfZm9ydW0iPmNfZm9ydW08L29wdGlvbj48b3B0aW9uIGNsYXNzPSJzZWxlY3QgdGFibGUgb3B0aW9uIiB2YWx1ZT0iY19wbGFpbl90ZXh0Ij5jX3BsYWluX3RleHQ8L29wdGlvbj48b3B0aW9uIGNsYXNzPSJzZWxlY3QgdGFibGUgb3B0aW9uIiB2YWx1ZT0iY19zdXBwbGllciI+Y19zdXBwbGllcjwvb3B0aW9uPjxvcHRpb24gY2xhc3M9InNlbGVjdCB0YWJsZSBvcHRpb24iIHZhbHVlPSJjX3N1cHBsaWVyX2NvbnRhY3QiPmNfc3VwcGxpZXJfY29udGFjdDwvb3B0aW9uPjxvcHRpb24gY2xhc3M9InNlbGVjdCB0YWJsZSBvcHRpb24iIHZhbHVlPSJjX3Rlc3QiPmNfdGVzdDwvb3B0aW9uPjxvcHRpb24gY2xhc3M9InNlbGVjdCB0YWJsZSBvcHRpb24iIHZhbHVlPSJjX3Rlc3RfZm9ydW0iPmNfdGVzdF9mb3J1bTwvb3B0aW9uPjxvcHRpb24gY2xhc3M9InNlbGVjdCB0YWJsZSBvcHRpb24iIHZhbHVlPSJjYXRlZ29yeSI+Y2F0ZWdvcnk8L29wdGlvbj48b3B0aW9uIGNsYXNzPSJzZWxlY3QgdGFibGUgb3B0aW9uIiB2YWx1ZT0iY2F0ZWdvcnlfcmVmZXJlbmNlIj5jYXRlZ29yeV9yZWZlcmVuY2U8L29wdGlvbj48b3B0aW9uIGNsYXNzPSJzZWxlY3QgdGFibGUgb3B0aW9uIiB2YWx1ZT0iY29hIj5jb2E8L29wdGlvbj48b3B0aW9uIGNsYXNzPSJzZWxlY3QgdGFibGUgb3B0aW9uIiB2YWx1ZT0iY29hX2NvbWJpbmF0aW9uIj5jb2FfY29tYmluYXRpb248L29wdGlvbj48b3B0aW9uIGNsYXNzPSJzZWxlY3QgdGFibGUgb3B0aW9uIiB2YWx1ZT0iY29hX3NlZ21lbnRfdmFsdWVzIj5jb2Ffc2VnbWVudF92YWx1ZXM8L29wdGlvbj48b3B0aW9uIGNsYXNzPSJzZWxlY3QgdGFibGUgb3B0aW9uIiB2YWx1ZT0iY29tbWVudCI+Y29tbWVudDwvb3B0aW9uPjxvcHRpb24gY2xhc3M9InNlbGVjdCB0YWJsZSBvcHRpb24iIHZhbHVlPSJjb250ZW50Ij5jb250ZW50PC9vcHRpb24+PG9wdGlvbiBjbGFzcz0ic2VsZWN0IHRhYmxlIG9wdGlvbiIgdmFsdWU9ImNvbnRlbnRfdHlwZSI+Y29udGVudF90eXBlPC9vcHRpb24+PG9wdGlvbiBjbGFzcz0ic2VsZWN0IHRhYmxlIG9wdGlvbiIgdmFsdWU9ImNvbnRlbnRfdHlwZV9yZWZlcmVuY2UiPmNvbnRlbnRfdHlwZV9yZWZlcmVuY2U8L29wdGlvbj48b3B0aW9uIGNsYXNzPSJzZWxlY3QgdGFibGUgb3B0aW9uIiB2YWx1ZT0iZW50ZXJwcmlzZSI+ZW50ZXJwcmlzZTwvb3B0aW9uPjxvcHRpb24gY2xhc3M9InNlbGVjdCB0YWJsZSBvcHRpb24iIHZhbHVlPSJmaWxlIj5maWxlPC9vcHRpb24+PG9wdGlvbiBjbGFzcz0ic2VsZWN0IHRhYmxlIG9wdGlvbiIgdmFsdWU9ImZpbGVfcmVmZXJlbmNlIj5maWxlX3JlZmVyZW5jZTwvb3B0aW9uPjxvcHRpb24gY2xhc3M9InNlbGVjdCB0YWJsZSBvcHRpb24iIHZhbHVlPSJpbnZfdHJhbnNhY3Rpb24iPmludl90cmFuc2FjdGlvbjwvb3B0aW9uPjxvcHRpb24gY2xhc3M9InNlbGVjdCB0YWJsZSBvcHRpb24iIHZhbHVlPSJpbnZlbnRvcnlfb3JnIj5pbnZlbnRvcnlfb3JnPC9vcHRpb24+PG9wdGlvbiBjbGFzcz0ic2VsZWN0IHRhYmxlIG9wdGlvbiIgdmFsdWU9Iml0ZW0iPml0ZW08L29wdGlvbj48b3B0aW9uIGNsYXNzPSJzZWxlY3QgdGFibGUgb3B0aW9uIiB2YWx1ZT0iaXRlbV9zdGF0dXMiPml0ZW1fc3RhdHVzPC9vcHRpb24+PG9wdGlvbiBjbGFzcz0ic2VsZWN0IHRhYmxlIG9wdGlvbiIgdmFsdWU9ImxlZGdlciI+bGVkZ2VyPC9vcHRpb24+PG9wdGlvbiBjbGFzcz0ic2VsZWN0IHRhYmxlIG9wdGlvbiIgdmFsdWU9ImxlZ2FsX29yZyI+bGVnYWxfb3JnPC9vcHRpb24+PG9wdGlvbiBjbGFzcz0ic2VsZWN0IHRhYmxlIG9wdGlvbiIgdmFsdWU9ImxvY2F0b3IiPmxvY2F0b3I8L29wdGlvbj48b3B0aW9uIGNsYXNzPSJzZWxlY3QgdGFibGUgb3B0aW9uIiB2YWx1ZT0ibW9kdWxlIj5tb2R1bGU8L29wdGlvbj48b3B0aW9uIGNsYXNzPSJzZWxlY3QgdGFibGUgb3B0aW9uIiB2YWx1ZT0ib25oYW5kIj5vbmhhbmQ8L29wdGlvbj48b3B0aW9uIGNsYXNzPSJzZWxlY3QgdGFibGUgb3B0aW9uIiB2YWx1ZT0ib3B0aW9uX2RldGFpbCI+b3B0aW9uX2RldGFpbDwvb3B0aW9uPjxvcHRpb24gY2xhc3M9InNlbGVjdCB0YWJsZSBvcHRpb24iIHZhbHVlPSJvcHRpb25faGVhZGVyIj5vcHRpb25faGVhZGVyPC9vcHRpb24+PG9wdGlvbiBjbGFzcz0ic2VsZWN0IHRhYmxlIG9wdGlvbiIgdmFsdWU9Im9wdGlvbl9saW5lIj5vcHRpb25fbGluZTwvb3B0aW9uPjxvcHRpb24gY2xhc3M9InNlbGVjdCB0YWJsZSBvcHRpb24iIHZhbHVlPSJvcmciPm9yZzwvb3B0aW9uPjxvcHRpb24gY2xhc3M9InNlbGVjdCB0YWJsZSBvcHRpb24iIHZhbHVlPSJwYWdlIj5wYWdlPC9vcHRpb24+PG9wdGlvbiBjbGFzcz0ic2VsZWN0IHRhYmxlIG9wdGlvbiIgdmFsdWU9InBhdGgiPnBhdGg8L29wdGlvbj48b3B0aW9uIGNsYXNzPSJzZWxlY3QgdGFibGUgb3B0aW9uIiB2YWx1ZT0icHJvZHVjdCI+cHJvZHVjdDwvb3B0aW9uPjxvcHRpb24gY2xhc3M9InNlbGVjdCB0YWJsZSBvcHRpb24iIHZhbHVlPSJzdWJpbnZlbnRvcnkiPnN1YmludmVudG9yeTwvb3B0aW9uPjxvcHRpb24gY2xhc3M9InNlbGVjdCB0YWJsZSBvcHRpb24iIHZhbHVlPSJzdXBwbGllciI+c3VwcGxpZXI8L29wdGlvbj48b3B0aW9uIGNsYXNzPSJzZWxlY3QgdGFibGUgb3B0aW9uIiB2YWx1ZT0ic3VwcGxpZXIxIj5zdXBwbGllcjE8L29wdGlvbj48b3B0aW9uIGNsYXNzPSJzZWxlY3QgdGFibGUgb3B0aW9uIiB2YWx1ZT0ic3VwcGxpZXJfc2l0ZSI+c3VwcGxpZXJfc2l0ZTwvb3B0aW9uPjxvcHRpb24gY2xhc3M9InNlbGVjdCB0YWJsZSBvcHRpb24iIHZhbHVlPSJzdXBwbGllcl9zaXRlMSI+c3VwcGxpZXJfc2l0ZTE8L29wdGlvbj48b3B0aW9uIGNsYXNzPSJzZWxlY3QgdGFibGUgb3B0aW9uIiB2YWx1ZT0ic3lzdGVtX3BhdGgiPnN5c3RlbV9wYXRoPC9vcHRpb24+PG9wdGlvbiBjbGFzcz0ic2VsZWN0IHRhYmxlIG9wdGlvbiIgdmFsdWU9InRyYW5zYWN0aW9uX3R5cGUiPnRyYW5zYWN0aW9uX3R5cGU8L29wdGlvbj48b3B0aW9uIGNsYXNzPSJzZWxlY3QgdGFibGUgb3B0aW9uIiB2YWx1ZT0idW9tIj51b208L29wdGlvbj48b3B0aW9uIGNsYXNzPSJzZWxlY3QgdGFibGUgb3B0aW9uIiB2YWx1ZT0idXNlciI+dXNlcjwvb3B0aW9uPjxvcHRpb24gY2xhc3M9InNlbGVjdCB0YWJsZSBvcHRpb24iIHZhbHVlPSJ2aWV3Ij52aWV3PC9vcHRpb24+PG9wdGlvbiBjbGFzcz0ic2VsZWN0IHRhYmxlIG9wdGlvbiIgdmFsdWU9Inh4eF9ibG9nIj54eHhfYmxvZzwvb3B0aW9uPjxvcHRpb24gY2xhc3M9InNlbGVjdCB0YWJsZSBvcHRpb24iIHZhbHVlPSJ4eHhfZW50ZXJwcmlzZSI+eHh4X2VudGVycHJpc2U8L29wdGlvbj48b3B0aW9uIGNsYXNzPSJzZWxlY3QgdGFibGUgb3B0aW9uIiB2YWx1ZT0ieHh4X3RyYW5zYWN0aW9uX3R5cGUiPnh4eF90cmFuc2FjdGlvbl90eXBlPC9vcHRpb24+CQkJCQkJCQkgPG9wdGlvbiB2YWx1ZT0iIiBjbGFzcz0icmVtb3ZlX3RhYmxlIj5SZW1vdmUgVGFibGU8L29wdGlvbj4NCgkJCQkJCQkJPC9zZWxlY3Q+DQoJCQkJCQkJIDwvbGk+DQoJCQkJCQkJIDxsaSBpZD0iZmllbGRfcmVjb3JkczAiPjxsYWJlbD5GaWVsZDwvbGFiZWw+DQoJCQkJCQkJCQ0KICANCiAgPHNlbGVjdCBjbGFzcz0idGFibGVfZmllbGRzIj48b3B0aW9uIGNsYXNzPSJ0YWJsZV9maWVsZHNfb3B0aW9ucyIgdmFsdWU9Im9yZ19pZCI+b3JnX2lkPC9vcHRpb24+PG9wdGlvbiBjbGFzcz0idGFibGVfZmllbGRzX29wdGlvbnMiIHZhbHVlPSJuYW1lIj5uYW1lPC9vcHRpb24+PG9wdGlvbiBjbGFzcz0idGFibGVfZmllbGRzX29wdGlvbnMiIHZhbHVlPSJjb2RlIj5jb2RlPC9vcHRpb24+PG9wdGlvbiBjbGFzcz0idGFibGVfZmllbGRzX29wdGlvbnMiIHZhbHVlPSJ0eXBlIj50eXBlPC9vcHRpb24+PG9wdGlvbiBjbGFzcz0idGFibGVfZmllbGRzX29wdGlvbnMiIHZhbHVlPSJkZXNjcmlwdGlvbiI+ZGVzY3JpcHRpb248L29wdGlvbj48b3B0aW9uIGNsYXNzPSJ0YWJsZV9maWVsZHNfb3B0aW9ucyIgdmFsdWU9ImVudGVycHJpc2VfaWQiPmVudGVycHJpc2VfaWQ8L29wdGlvbj48b3B0aW9uIGNsYXNzPSJ0YWJsZV9maWVsZHNfb3B0aW9ucyIgdmFsdWU9ImxlZ2FsX2lkIj5sZWdhbF9pZDwvb3B0aW9uPjxvcHRpb24gY2xhc3M9InRhYmxlX2ZpZWxkc19vcHRpb25zIiB2YWx1ZT0iYnVzaW5lc3NfaWQiPmJ1c2luZXNzX2lkPC9vcHRpb24+PG9wdGlvbiBjbGFzcz0idGFibGVfZmllbGRzX29wdGlvbnMiIHZhbHVlPSJpbnZlbnRvcnlfaWQiPmludmVudG9yeV9pZDwvb3B0aW9uPjxvcHRpb24gY2xhc3M9InRhYmxlX2ZpZWxkc19vcHRpb25zIiB2YWx1ZT0iZWZfaWQiPmVmX2lkPC9vcHRpb24+PG9wdGlvbiBjbGFzcz0idGFibGVfZmllbGRzX29wdGlvbnMiIHZhbHVlPSJzdGF0dXMiPnN0YXR1czwvb3B0aW9uPjxvcHRpb24gY2xhc3M9InRhYmxlX2ZpZWxkc19vcHRpb25zIiB2YWx1ZT0icmV2X2VuYWJsZWQiPnJldl9lbmFibGVkPC9vcHRpb24+PG9wdGlvbiBjbGFzcz0idGFibGVfZmllbGRzX29wdGlvbnMiIHZhbHVlPSJyZXZfbnVtYmVyIj5yZXZfbnVtYmVyPC9vcHRpb24+PG9wdGlvbiBjbGFzcz0idGFibGVfZmllbGRzX29wdGlvbnMiIHZhbHVlPSJhZGRyZXNzX2lkIj5hZGRyZXNzX2lkPC9vcHRpb24+PG9wdGlvbiBjbGFzcz0idGFibGVfZmllbGRzX29wdGlvbnMiIHZhbHVlPSJjcmVhdGVkX2J5Ij5jcmVhdGVkX2J5PC9vcHRpb24+PG9wdGlvbiBjbGFzcz0idGFibGVfZmllbGRzX29wdGlvbnMiIHZhbHVlPSJjcmVhdGlvbl9kYXRlIj5jcmVhdGlvbl9kYXRlPC9vcHRpb24+PG9wdGlvbiBjbGFzcz0idGFibGVfZmllbGRzX29wdGlvbnMiIHZhbHVlPSJsYXN0X3VwZGF0ZV9ieSI+bGFzdF91cGRhdGVfYnk8L29wdGlvbj48b3B0aW9uIGNsYXNzPSJ0YWJsZV9maWVsZHNfb3B0aW9ucyIgdmFsdWU9Imxhc3RfdXBkYXRlX2RhdGUiPmxhc3RfdXBkYXRlX2RhdGU8L29wdGlvbj48b3B0aW9uIHZhbHVlPSJyZW1vdmUiIGNsYXNzPSJyZW1vdmVfb3B0aW9uIj5SZW1vdmUgRmllbGQ8L29wdGlvbj48L3NlbGVjdD4NCgkJCQkJCQkgPC9saT4NCgkJCQkJCQk8bGkgaWQ9Im5ld19vYmplY3QxMCI+PGxhYmVsPkZpZWxkPC9sYWJlbD4NCgkJCQkJCQkJDQogIA0KICA8c2VsZWN0IGNsYXNzPSJ0YWJsZV9maWVsZHMiPjxvcHRpb24gY2xhc3M9InRhYmxlX2ZpZWxkc19vcHRpb25zIiB2YWx1ZT0ib3JnX2lkIj5vcmdfaWQ8L29wdGlvbj48b3B0aW9uIGNsYXNzPSJ0YWJsZV9maWVsZHNfb3B0aW9ucyIgdmFsdWU9Im5hbWUiPm5hbWU8L29wdGlvbj48b3B0aW9uIGNsYXNzPSJ0YWJsZV9maWVsZHNfb3B0aW9ucyIgdmFsdWU9ImNvZGUiPmNvZGU8L29wdGlvbj48b3B0aW9uIGNsYXNzPSJ0YWJsZV9maWVsZHNfb3B0aW9ucyIgdmFsdWU9InR5cGUiPnR5cGU8L29wdGlvbj48b3B0aW9uIGNsYXNzPSJ0YWJsZV9maWVsZHNfb3B0aW9ucyIgdmFsdWU9ImRlc2NyaXB0aW9uIj5kZXNjcmlwdGlvbjwvb3B0aW9uPjxvcHRpb24gY2xhc3M9InRhYmxlX2ZpZWxkc19vcHRpb25zIiB2YWx1ZT0iZW50ZXJwcmlzZV9pZCI+ZW50ZXJwcmlzZV9pZDwvb3B0aW9uPjxvcHRpb24gY2xhc3M9InRhYmxlX2ZpZWxkc19vcHRpb25zIiB2YWx1ZT0ibGVnYWxfaWQiPmxlZ2FsX2lkPC9vcHRpb24+PG9wdGlvbiBjbGFzcz0idGFibGVfZmllbGRzX29wdGlvbnMiIHZhbHVlPSJidXNpbmVzc19pZCI+YnVzaW5lc3NfaWQ8L29wdGlvbj48b3B0aW9uIGNsYXNzPSJ0YWJsZV9maWVsZHNfb3B0aW9ucyIgdmFsdWU9ImludmVudG9yeV9pZCI+aW52ZW50b3J5X2lkPC9vcHRpb24+PG9wdGlvbiBjbGFzcz0idGFibGVfZmllbGRzX29wdGlvbnMiIHZhbHVlPSJlZl9pZCI+ZWZfaWQ8L29wdGlvbj48b3B0aW9uIGNsYXNzPSJ0YWJsZV9maWVsZHNfb3B0aW9ucyIgdmFsdWU9InN0YXR1cyI+c3RhdHVzPC9vcHRpb24+PG9wdGlvbiBjbGFzcz0idGFibGVfZmllbGRzX29wdGlvbnMiIHZhbHVlPSJyZXZfZW5hYmxlZCI+cmV2X2VuYWJsZWQ8L29wdGlvbj48b3B0aW9uIGNsYXNzPSJ0YWJsZV9maWVsZHNfb3B0aW9ucyIgdmFsdWU9InJldl9udW1iZXIiPnJldl9udW1iZXI8L29wdGlvbj48b3B0aW9uIGNsYXNzPSJ0YWJsZV9maWVsZHNfb3B0aW9ucyIgdmFsdWU9ImFkZHJlc3NfaWQiPmFkZHJlc3NfaWQ8L29wdGlvbj48b3B0aW9uIGNsYXNzPSJ0YWJsZV9maWVsZHNfb3B0aW9ucyIgdmFsdWU9ImNyZWF0ZWRfYnkiPmNyZWF0ZWRfYnk8L29wdGlvbj48b3B0aW9uIGNsYXNzPSJ0YWJsZV9maWVsZHNfb3B0aW9ucyIgdmFsdWU9ImNyZWF0aW9uX2RhdGUiPmNyZWF0aW9uX2RhdGU8L29wdGlvbj48b3B0aW9uIGNsYXNzPSJ0YWJsZV9maWVsZHNfb3B0aW9ucyIgdmFsdWU9Imxhc3RfdXBkYXRlX2J5Ij5sYXN0X3VwZGF0ZV9ieTwvb3B0aW9uPjxvcHRpb24gY2xhc3M9InRhYmxlX2ZpZWxkc19vcHRpb25zIiB2YWx1ZT0ibGFzdF91cGRhdGVfZGF0ZSI+bGFzdF91cGRhdGVfZGF0ZTwvb3B0aW9uPjxvcHRpb24gdmFsdWU9InJlbW92ZSIgY2xhc3M9InJlbW92ZV9vcHRpb24iPlJlbW92ZSBGaWVsZDwvb3B0aW9uPjwvc2VsZWN0Pg0KCQkJCQkJCSA8L2xpPjxsaSBpZD0ibmV3X29iamVjdDExIj48bGFiZWw+RmllbGQ8L2xhYmVsPg0KCQkJCQkJCQkNCiAgDQogIDxzZWxlY3QgY2xhc3M9InRhYmxlX2ZpZWxkcyI+PG9wdGlvbiBjbGFzcz0idGFibGVfZmllbGRzX29wdGlvbnMiIHZhbHVlPSJvcmdfaWQiPm9yZ19pZDwvb3B0aW9uPjxvcHRpb24gY2xhc3M9InRhYmxlX2ZpZWxkc19vcHRpb25zIiB2YWx1ZT0ibmFtZSI+bmFtZTwvb3B0aW9uPjxvcHRpb24gY2xhc3M9InRhYmxlX2ZpZWxkc19vcHRpb25zIiB2YWx1ZT0iY29kZSI+Y29kZTwvb3B0aW9uPjxvcHRpb24gY2xhc3M9InRhYmxlX2ZpZWxkc19vcHRpb25zIiB2YWx1ZT0idHlwZSI+dHlwZTwvb3B0aW9uPjxvcHRpb24gY2xhc3M9InRhYmxlX2ZpZWxkc19vcHRpb25zIiB2YWx1ZT0iZGVzY3JpcHRpb24iPmRlc2NyaXB0aW9uPC9vcHRpb24+PG9wdGlvbiBjbGFzcz0idGFibGVfZmllbGRzX29wdGlvbnMiIHZhbHVlPSJlbnRlcnByaXNlX2lkIj5lbnRlcnByaXNlX2lkPC9vcHRpb24+PG9wdGlvbiBjbGFzcz0idGFibGVfZmllbGRzX29wdGlvbnMiIHZhbHVlPSJsZWdhbF9pZCI+bGVnYWxfaWQ8L29wdGlvbj48b3B0aW9uIGNsYXNzPSJ0YWJsZV9maWVsZHNfb3B0aW9ucyIgdmFsdWU9ImJ1c2luZXNzX2lkIj5idXNpbmVzc19pZDwvb3B0aW9uPjxvcHRpb24gY2xhc3M9InRhYmxlX2ZpZWxkc19vcHRpb25zIiB2YWx1ZT0iaW52ZW50b3J5X2lkIj5pbnZlbnRvcnlfaWQ8L29wdGlvbj48b3B0aW9uIGNsYXNzPSJ0YWJsZV9maWVsZHNfb3B0aW9ucyIgdmFsdWU9ImVmX2lkIj5lZl9pZDwvb3B0aW9uPjxvcHRpb24gY2xhc3M9InRhYmxlX2ZpZWxkc19vcHRpb25zIiB2YWx1ZT0ic3RhdHVzIj5zdGF0dXM8L29wdGlvbj48b3B0aW9uIGNsYXNzPSJ0YWJsZV9maWVsZHNfb3B0aW9ucyIgdmFsdWU9InJldl9lbmFibGVkIj5yZXZfZW5hYmxlZDwvb3B0aW9uPjxvcHRpb24gY2xhc3M9InRhYmxlX2ZpZWxkc19vcHRpb25zIiB2YWx1ZT0icmV2X251bWJlciI+cmV2X251bWJlcjwvb3B0aW9uPjxvcHRpb24gY2xhc3M9InRhYmxlX2ZpZWxkc19vcHRpb25zIiB2YWx1ZT0iYWRkcmVzc19pZCI+YWRkcmVzc19pZDwvb3B0aW9uPjxvcHRpb24gY2xhc3M9InRhYmxlX2ZpZWxkc19vcHRpb25zIiB2YWx1ZT0iY3JlYXRlZF9ieSI+Y3JlYXRlZF9ieTwvb3B0aW9uPjxvcHRpb24gY2xhc3M9InRhYmxlX2ZpZWxkc19vcHRpb25zIiB2YWx1ZT0iY3JlYXRpb25fZGF0ZSI+Y3JlYXRpb25fZGF0ZTwvb3B0aW9uPjxvcHRpb24gY2xhc3M9InRhYmxlX2ZpZWxkc19vcHRpb25zIiB2YWx1ZT0ibGFzdF91cGRhdGVfYnkiPmxhc3RfdXBkYXRlX2J5PC9vcHRpb24+PG9wdGlvbiBjbGFzcz0idGFibGVfZmllbGRzX29wdGlvbnMiIHZhbHVlPSJsYXN0X3VwZGF0ZV9kYXRlIj5sYXN0X3VwZGF0ZV9kYXRlPC9vcHRpb24+PG9wdGlvbiB2YWx1ZT0icmVtb3ZlIiBjbGFzcz0icmVtb3ZlX29wdGlvbiI+UmVtb3ZlIEZpZWxkPC9vcHRpb24+PC9zZWxlY3Q+DQoJCQkJCQkJIDwvbGk+PC91bD48L2Rpdj4NCgkJCQkJCSA8bGkgaWQ9InNob3dfZmllbGRfbGkiPjxsYWJlbD5TaG93IEZpZWxkczwvbGFiZWw+DQoJCQkJCQkJPGRpdiBpZD0ic2hvd19maWVsZF9idXR0b25zIj48ZGl2IGNsYXNzPSJkcmFnZ2FibGVfZWxlbWVudCB1aS1kcmFnZ2FibGUiPjxpbnB1dCB2YWx1ZT0ic3ViaW52ZW50b3J5LnN1YmludmVudG9yeV9pZCIgY2xhc3M9InNob3dGaWVsZF9idXR0b25zIHN1YmludmVudG9yeS5zdWJpbnZlbnRvcnlfaWQiIHR5cGU9InRleHQiPjwvZGl2PjxkaXYgY2xhc3M9ImRyYWdnYWJsZV9lbGVtZW50IHVpLWRyYWdnYWJsZSI+PGlucHV0IHZhbHVlPSJzdWJpbnZlbnRvcnkub3JnX2lkIiBjbGFzcz0ic2hvd0ZpZWxkX2J1dHRvbnMgc3ViaW52ZW50b3J5Lm9yZ19pZCIgdHlwZT0idGV4dCI+PC9kaXY+PGRpdiBjbGFzcz0iZHJhZ2dhYmxlX2VsZW1lbnQgdWktZHJhZ2dhYmxlIj48aW5wdXQgdmFsdWU9InN1YmludmVudG9yeS5zdWJpbnZlbnRvcnkiIGNsYXNzPSJzaG93RmllbGRfYnV0dG9ucyBzdWJpbnZlbnRvcnkuc3ViaW52ZW50b3J5IiB0eXBlPSJ0ZXh0Ij48L2Rpdj48ZGl2IGNsYXNzPSJkcmFnZ2FibGVfZWxlbWVudCB1aS1kcmFnZ2FibGUiPjxpbnB1dCB2YWx1ZT0ib3JnLm9yZ19pZCIgY2xhc3M9InNob3dGaWVsZF9idXR0b25zIG9yZy5vcmdfaWQiIHR5cGU9InRleHQiPjwvZGl2PjxkaXYgY2xhc3M9ImRyYWdnYWJsZV9lbGVtZW50IHVpLWRyYWdnYWJsZSI+PGlucHV0IHZhbHVlPSJvcmcubmFtZSIgY2xhc3M9InNob3dGaWVsZF9idXR0b25zIG9yZy5uYW1lIiB0eXBlPSJ0ZXh0Ij48L2Rpdj48ZGl2IGNsYXNzPSJkcmFnZ2FibGVfZWxlbWVudCB1aS1kcmFnZ2FibGUiPjxpbnB1dCB2YWx1ZT0ib3JnLmRlc2NyaXB0aW9uIiBjbGFzcz0ic2hvd0ZpZWxkX2J1dHRvbnMgb3JnLmRlc2NyaXB0aW9uIiB0eXBlPSJ0ZXh0Ij48L2Rpdj48L2Rpdj4NCgkJCQkJCSA8L2xpPg0KCQkJCQkJIDxsaSBpZD0iY29uZGl0aW9uX2xpIj48bGFiZWw+Q29uZGl0aW9uczwvbGFiZWw+DQoJCQkJCQkJPGRpdiBpZD0iY29uZGl0aW9uX2J1dHRvbnMiPg0KPCEtLQkJCQkJCQkgPGlucHV0IHR5cGU9ImJ1dHRvbiIgdmFsdWU9IlNhdmUgQ29uZHRpb25zIiBjbGFzcz0iYnV0dG9uIHNhdmVfY29uZGl0aW9ucyIgaWQ9InNhdmVfY29uZGl0aW9ucyI+LS0+DQoJCQkJCQkJIDxzcGFuIGNsYXNzPSJhZGRfbmV3X2NvbmRpdGlvbnMiPjxpbWcgc3JjPSJodHRwOi8vd3d3Lmlub2lkZWFzLmNvbS9pbm9lcnAvdGhlbWVzL2ltYWdlcy9wbHVzXzEwLnBuZyIgYWx0PSJhZGQgbmV3IGNvbmRpdGlvbnMiPk5ldyBDb25kaXRpb25zPC9zcGFuPg0KCQkJCQkJCTwvZGl2Pg0KDQoJCQkJCQkJPGRpdiBpZD0iY29uZGl0aW9uX2J1dHRvbnNfZGl2Ij48ZGl2IGNsYXNzPSJkcmFnZ2FibGVfZWxlbWVudCB1aS1kcmFnZ2FibGUiPjxpbnB1dCB2YWx1ZT0ic3ViaW52ZW50b3J5LnN1YmludmVudG9yeV9pZCIgY2xhc3M9ImNvbmRpdGlvbl9idXR0b25zIHN1YmludmVudG9yeS5zdWJpbnZlbnRvcnlfaWQiIHR5cGU9InRleHQiPjwvZGl2PjxkaXYgY2xhc3M9ImRyYWdnYWJsZV9lbGVtZW50IHVpLWRyYWdnYWJsZSI+PGlucHV0IHZhbHVlPSJzdWJpbnZlbnRvcnkub3JnX2lkIiBjbGFzcz0iY29uZGl0aW9uX2J1dHRvbnMgc3ViaW52ZW50b3J5Lm9yZ19pZCIgdHlwZT0idGV4dCI+PC9kaXY+PGRpdiBjbGFzcz0iZHJhZ2dhYmxlX2VsZW1lbnQgdWktZHJhZ2dhYmxlIj48aW5wdXQgdmFsdWU9InN1YmludmVudG9yeS5zdWJpbnZlbnRvcnkiIGNsYXNzPSJjb25kaXRpb25fYnV0dG9ucyBzdWJpbnZlbnRvcnkuc3ViaW52ZW50b3J5IiB0eXBlPSJ0ZXh0Ij48L2Rpdj48ZGl2IGNsYXNzPSJkcmFnZ2FibGVfZWxlbWVudCB1aS1kcmFnZ2FibGUiPjxpbnB1dCB2YWx1ZT0ib3JnLm9yZ19pZCIgY2xhc3M9ImNvbmRpdGlvbl9idXR0b25zIG9yZy5vcmdfaWQiIHR5cGU9InRleHQiPjwvZGl2PjxkaXYgY2xhc3M9ImRyYWdnYWJsZV9lbGVtZW50IHVpLWRyYWdnYWJsZSI+PGlucHV0IHZhbHVlPSJvcmcubmFtZSIgY2xhc3M9ImNvbmRpdGlvbl9idXR0b25zIG9yZy5uYW1lIiB0eXBlPSJ0ZXh0Ij48L2Rpdj48ZGl2IGNsYXNzPSJkcmFnZ2FibGVfZWxlbWVudCB1aS1kcmFnZ2FibGUiPjxpbnB1dCB2YWx1ZT0ib3JnLmRlc2NyaXB0aW9uIiBjbGFzcz0iY29uZGl0aW9uX2J1dHRvbnMgb3JnLmRlc2NyaXB0aW9uIiB0eXBlPSJ0ZXh0Ij48L2Rpdj48L2Rpdj4NCgkJCQkJCQk8ZGl2IGlkPSJjb25kaXRpb25fYnV0dG9uc19pbmZvIj4NCgkJCQkJCQk8L2Rpdj4NCgkJCQkJCQk8dGFibGUgaWQ9ImNvbmRpdGlvbl9idXR0b25zX3RhYmxlIj4NCgkJCQkJCQkgPHRoZWFkPg0KCQkJCQkJCQk8dHI+DQoJCQkJCQkJCSA8dGg+UGFyYW1ldGVyPC90aD4NCgkJCQkJCQkJIDx0aD5Db25kaXRpb248L3RoPg0KCQkJCQkJCQkgPHRoPlZhbHVlPC90aD4NCgkJCQkJCQkJPC90cj4NCgkJCQkJCQkgPC90aGVhZD4NCgkJCQkJCQkgPHRib2R5Pg0KCQkJCQkJCQk8dHIgY2xhc3M9ImNvbmRpdGlvbl9yb3ciPg0KCQkJCQkJCQkgPHRkIGNsYXNzPSJjb25kaXRpb25fcm93X3BhcmFtZXRlciB1aS1kcm9wcGFibGUiPg0KDQoJCQkJCQkJCSA8ZGl2IGNsYXNzPSJkcmFnZ2FibGVfZWxlbWVudCB1aS1kcmFnZ2FibGUiPjxpbnB1dCB2YWx1ZT0ic3ViaW52ZW50b3J5Lm9yZ19pZCIgY2xhc3M9ImNvbmRpdGlvbl9idXR0b25zIHN1YmludmVudG9yeS5vcmdfaWQiIHR5cGU9InRleHQiPjwvZGl2PjwvdGQ+DQoJCQkJCQkJCSA8dGQgY2xhc3M9ImNvbmRpdGlvbl9yb3dfY29uZGl0aW9uIj4NCgkJCQkJCQkJCTwhLS0JCQkJCQkJCQkgPGxhYmVsPk9wZXJhdG9yPC9sYWJlbD4tLT4NCgkJCQkJCQkJCTx1bCBzdHlsZT0iZGlzcGxheTogYmxvY2s7Ij48bGk+DQoJCQkJCQkJCQkJPHNlbGVjdCBjbGFzcz0iY29uZGl0aW9uX29wZXJhdG9yX3R5cGUiPg0KCQkJCQkJCQkJCSA8b3B0aW9uIHZhbHVlPSIiPjwvb3B0aW9uPg0KCQkJCQkJCQkJCSA8b3B0aW9uIHZhbHVlPSJkYXRhYmFzZSI+RGF0YWJhc2U8L29wdGlvbj4NCgkJCQkJCQkJCQkgPG9wdGlvbiB2YWx1ZT0ibWFudWFsIj5NYW51YWwgRW50cnk8L29wdGlvbj4NCiAgICAgICAgICAgICAgICAgICAgIDxvcHRpb24gdmFsdWU9InJlbW92ZSI+UmVtb3ZlPC9vcHRpb24+DQoJCQkJCQkJCQkJPC9zZWxlY3Q+DQoNCgkJCQkJCQkJCSA8L2xpPjxsaT4NCgkJCQkJCQkJCQk8c2VsZWN0IGNsYXNzPSJjb25kaXRpb25fb3BlcmF0b3IiPg0KCQkJCQkJCQkJCSA8b3B0aW9uIHZhbHVlPSIgPSAiPiBpcyBlcXVhbCB0byA8L29wdGlvbj4NCgkJCQkJCQkJCQkgPG9wdGlvbiB2YWx1ZT0iICE9ICI+IGlzIG5vdCBlcXVhbCB0byA8L29wdGlvbj4NCgkJCQkJCQkJCQkgPG9wdGlvbiB2YWx1ZT0iID4gIj4gaXMgZ3JlYXRlciB0aGFuIDwvb3B0aW9uPg0KCQkJCQkJCQkJCSA8b3B0aW9uIHZhbHVlPSIgPj0gIj4gJmd0Oz0gPC9vcHRpb24+DQoJCQkJCQkJCQkJIDxvcHRpb24gdmFsdWU9IiA8ICI+IGlzIGxlc3MgdGhhbiA8L29wdGlvbj4NCgkJCQkJCQkJCQkgPG9wdGlvbiB2YWx1ZT0iIDw9ICI+ICZsdDs9IDwvb3B0aW9uPg0KCQkJCQkJCQkJCSA8b3B0aW9uIHZhbHVlPSIgTElLRSAiPiBjb250YWlucyA8L29wdGlvbj4NCgkJCQkJCQkJCQkgPG9wdGlvbiB2YWx1ZT0iIElTIE5VTEwgIj4gaXMgTlVMTCA8L29wdGlvbj4NCgkJCQkJCQkJCQkgPG9wdGlvbiB2YWx1ZT0iIElTIE5PVCBOVUxMICI+IGlzIG5vdCBOVUxMIDwvb3B0aW9uPg0KDQoJCQkJCQkJCQkJPC9zZWxlY3Q+DQoJCQkJCQkJCQkgPC9saT4NCgkJCQkJCQkJCTwvdWw+DQoJCQkJCQkJCSA8L3RkPg0KCQkJCQkJCQkgPHRkIGNsYXNzPSJjb25kaXRpb25fcm93X3ZhbHVlIHVpLWRyb3BwYWJsZSI+DQoJCQkJCQkJCQkNCgkJCQkJCQkJIDxkaXYgY2xhc3M9ImRyYWdnYWJsZV9lbGVtZW50IHVpLWRyYWdnYWJsZSI+PGlucHV0IHZhbHVlPSJvcmcub3JnX2lkIiBjbGFzcz0iY29uZGl0aW9uX2J1dHRvbnMgb3JnLm9yZ19pZCIgdHlwZT0idGV4dCI+PC9kaXY+PC90ZD4NCgkJCQkJCQkJPC90cj4NCgkJCQkJCQkgPC90Ym9keT4NCgkJCQkJCQk8L3RhYmxlPg0KCQkJCQkJIDwvbGk+IA0KCQkJCQkJIDxsaSBpZD0ic29ydF9zcWxRdWVyeSI+DQoJCQkJCQkJPHVsIHN0eWxlPSJkaXNwbGF5OiBibG9jazsiPg0KCQkJCQkJCSA8bGkgaWQ9InNvcnRpbmdfbGkiPg0KCQkJCQkJCQk8bGFiZWw+U29ydGluZzwvbGFiZWw+DQoJCQkJCQkJCTxzcGFuIGNsYXNzPSJhZGRfbmV3X3NvcnRfY3JpdGVyaWEiPjxpbWcgc3JjPSJodHRwOi8vd3d3Lmlub2lkZWFzLmNvbS9pbm9lcnAvdGhlbWVzL2ltYWdlcy9wbHVzXzEwLnBuZyIgYWx0PSJhZGQgbmV3IGNvbmRpdGlvbnMiPk5ldyBTb3J0aW5nIENyaXRlcmlhPC9zcGFuPg0KCQkJCQkJCQk8dGFibGUgaWQ9InNvcnRfZmllbGRzX3RhYmxlIj4NCgkJCQkJCQkJIDx0aGVhZD4NCgkJCQkJCQkJCTx0cj4NCgkJCQkJCQkJCSA8dGg+RmllbGRzPC90aD4NCgkJCQkJCQkJCSA8dGg+U29ydCBieTwvdGg+DQoJCQkJCQkJCQk8L3RyPg0KCQkJCQkJCQkgPC90aGVhZD4NCgkJCQkJCQkJIDx0Ym9keT4NCgkJCQkJCQkJCTx0ciBjbGFzcz0ic29ydF9maWVsZHNfcm93Ij4NCgkJCQkJCQkJCSA8dGQgY2xhc3M9InNvcnRfZmllbGRzX2ZpZWxkX3ZhbHVlIHVpLWRyb3BwYWJsZSI+DQoNCgkJCQkJCQkJCSA8L3RkPg0KCQkJCQkJCQkJIDx0ZCBjbGFzcz0ic29ydF9maWVsZHNfc29ydEJ5Ij4NCgkJCQkJCQkJCQk8c2VsZWN0IGNsYXNzPSJzb3J0X2ZpZWxkc192YWx1ZXMiPg0KCQkJCQkJCQkJCSA8b3B0aW9uIHZhbHVlPSIiPjwvb3B0aW9uPg0KCQkJCQkJCQkJCSA8b3B0aW9uIHZhbHVlPSJBU0MiPiBBc2NlbmRpbmc8L29wdGlvbj4NCgkJCQkJCQkJCQkgPG9wdGlvbiB2YWx1ZT0iREVTQyI+IERlc2NlbmRpbmcgPC9vcHRpb24+DQogICAgICAgICAgICAgICAgICAgICA8b3B0aW9uIHZhbHVlPSJyZW1vdmUiPlJlbW92ZTwvb3B0aW9uPg0KCQkJCQkJCQkJCTwvc2VsZWN0Pg0KCQkJCQkJCQkJIDwvdGQ+DQoJCQkJCQkJCQk8L3RyPg0KCQkJCQkJCQkgPC90Ym9keT4NCgkJCQkJCQkJPC90YWJsZT4NCgkJCQkJCQkgPC9saT4gDQoJCQkJCQkJIDxsaT48bGFiZWw+UGFyYW1ldGVyPC9sYWJlbD48L2xpPiANCgkJCQkJCQkgPGxpPjxsYWJlbD5SZWxhdGlvbnNoaXBzPC9sYWJlbD48L2xpPiANCgkJCQkJCQkgPGxpPjxsYWJlbD5DYWxsYmFjazwvbGFiZWw+PC9saT4gDQoJCQkJCQkgDQoJCQkJCQk8L3VsPg0KCQkJCQkJPC9saT4NCgkJCQkJCQ==', 'U0VMRUNUIHN1YmludmVudG9yeS5zdWJpbnZlbnRvcnlfaWQgQVMgc3ViaW52ZW50b3J5X19zdWJpbnZlbnRvcnlfaWQsc3ViaW52ZW50b3J5Lm9yZ19pZCBBUyBzdWJpbnZlbnRvcnlfX29yZ19pZCxzdWJpbnZlbnRvcnkuc3ViaW52ZW50b3J5IEFTIHN1YmludmVudG9yeV9fc3ViaW52ZW50b3J5LG9yZy5vcmdfaWQgQVMgb3JnX19vcmdfaWQsb3JnLm5hbWUgQVMgb3JnX19uYW1lLG9yZy5kZXNjcmlwdGlvbiBBUyBvcmdfX2Rlc2NyaXB0aW9uDQpGUk9NIA0Kc3ViaW52ZW50b3J5LG9yZw0KV0hFUkUgc3ViaW52ZW50b3J5Lm9yZ19pZCAgPSAgb3JnLm9yZ19pZA==', '', '', NULL, NULL, NULL, NULL, NULL, NULL, NULL, NULL, NULL, NULL, NULL, NULL, NULL, NULL, NULL, NULL, NULL, NULL, NULL, NULL, 'inoerp', '2013-09-03 10:11:50', 'inoerp', '2013-09-03 10:11:50');
INSERT INTO `view` (`view_id`, `view`, `description`, `logical_settings`, `query`, `select`, `from`, `where`, `order_by`, `query_end`, `filters`, `display_type`, `page`, `page_title`, `page_header`, `page_footer`, `use_pager`, `contents_per_page`, `path`, `block`, `block_title`, `block_header`, `block_footer`, `block_type`, `block_more`, `rev_enabled_cb`, `rev_number`, `created_by`, `creation_date`, `last_update_by`, `last_update_date`) VALUES
(6, 'test06', 'test06', 'DQoJCQkJCQkgPGxpPjxsYWJlbD5UYWJsZXM8L2xhYmVsPiANCgkJCQkJCQk8aW5wdXQgc3R5bGU9ImJhY2tncm91bmQtY29sb3I6IHJnYigyNTUsIDI1NSwgMjU1KTsiIHZhbHVlPSJTYXZlIFRhYmxlcyIgY2xhc3M9ImJ1dHRvbiBzYXZlX3RhYmxlcyIgaWQ9InNhdmVfdGFibGVzIiB0eXBlPSJidXR0b24iPg0KCQkJCQkJCTxpbnB1dCBzdHlsZT0iYmFja2dyb3VuZC1jb2xvcjogcmdiKDI1NSwgMjU1LCAyNTUpOyIgdmFsdWU9IlNhdmUgUXVlcnkiIGNsYXNzPSJidXR0b24gc2F2ZV9xdWVyeSIgaWQ9InNhdmVfcXVlcnkiIHR5cGU9ImJ1dHRvbiI+DQoJCQkJCQkgPC9saT4NCgkJCQkJCSA8ZGl2IGlkPSJkaXNwbGF5X2RpdiI+IA0KCQkJCQkJCTx1bCBpZD0iZGlzcGxheV9yZWNvcmRzMCI+DQoJCQkJCQkJIDxzcGFuIGNsYXNzPSJhZGRfbmV3X3RhYmxlIj48aW1nIHNyYz0iaHR0cDovL3d3dy5pbm9pZGVhcy5jb20vaW5vZXJwL3RoZW1lcy9pbWFnZXMvcGx1c18xMC5wbmciIGFsdD0iYWRkIG5ldyB0YWJsZSI+TmV3IFRhYmxlPC9zcGFuPg0KCQkJCQkJCSA8c3BhbiBjbGFzcz0iYWRkX25ld19maWVsZCI+PGltZyBzcmM9Imh0dHA6Ly93d3cuaW5vaWRlYXMuY29tL2lub2VycC90aGVtZXMvaW1hZ2VzL3BsdXNfMTAucG5nIiBhbHQ9ImFkZCBuZXcgdGFibGUiPk5ldyBGaWVsZDwvc3Bhbj4NCgkJCQkJCQkgPGxpIGlkPSJ0YWJsZV9yZWNvcmRzIj48bGFiZWw+VGFibGUgTmFtZSA8L2xhYmVsPg0KCQkJCQkJCQk8c2VsZWN0IGNsYXNzPSJhbGxfdGFibGVfbmFtZXMiPg0KCQkJCQkJCQkgPG9wdGlvbj48L29wdGlvbj48b3B0aW9uIGNsYXNzPSJzZWxlY3QgdGFibGUgb3B0aW9uIiB2YWx1ZT0iYWRkcmVzcyI+YWRkcmVzczwvb3B0aW9uPjxvcHRpb24gY2xhc3M9InNlbGVjdCB0YWJsZSBvcHRpb24iIHZhbHVlPSJhcF9wYXltZW50X3Rlcm1zIj5hcF9wYXltZW50X3Rlcm1zPC9vcHRpb24+PG9wdGlvbiBjbGFzcz0ic2VsZWN0IHRhYmxlIG9wdGlvbiIgdmFsdWU9ImJsb2NrIj5ibG9jazwvb3B0aW9uPjxvcHRpb24gY2xhc3M9InNlbGVjdCB0YWJsZSBvcHRpb24iIHZhbHVlPSJibG9ja19jb250ZW50Ij5ibG9ja19jb250ZW50PC9vcHRpb24+PG9wdGlvbiBjbGFzcz0ic2VsZWN0IHRhYmxlIG9wdGlvbiIgdmFsdWU9ImJ1c2luZXNzX29yZyI+YnVzaW5lc3Nfb3JnPC9vcHRpb24+PG9wdGlvbiBjbGFzcz0ic2VsZWN0IHRhYmxlIG9wdGlvbiIgdmFsdWU9ImNfY29udGVudCI+Y19jb250ZW50PC9vcHRpb24+PG9wdGlvbiBjbGFzcz0ic2VsZWN0IHRhYmxlIG9wdGlvbiIgdmFsdWU9ImNfY3VzdG9tZXIiPmNfY3VzdG9tZXI8L29wdGlvbj48b3B0aW9uIGNsYXNzPSJzZWxlY3QgdGFibGUgb3B0aW9uIiB2YWx1ZT0iY19mb3J1bSI+Y19mb3J1bTwvb3B0aW9uPjxvcHRpb24gY2xhc3M9InNlbGVjdCB0YWJsZSBvcHRpb24iIHZhbHVlPSJjX3BsYWluX3RleHQiPmNfcGxhaW5fdGV4dDwvb3B0aW9uPjxvcHRpb24gY2xhc3M9InNlbGVjdCB0YWJsZSBvcHRpb24iIHZhbHVlPSJjX3N1cHBsaWVyIj5jX3N1cHBsaWVyPC9vcHRpb24+PG9wdGlvbiBjbGFzcz0ic2VsZWN0IHRhYmxlIG9wdGlvbiIgdmFsdWU9ImNfc3VwcGxpZXJfY29udGFjdCI+Y19zdXBwbGllcl9jb250YWN0PC9vcHRpb24+PG9wdGlvbiBjbGFzcz0ic2VsZWN0IHRhYmxlIG9wdGlvbiIgdmFsdWU9ImNfdGVzdCI+Y190ZXN0PC9vcHRpb24+PG9wdGlvbiBjbGFzcz0ic2VsZWN0IHRhYmxlIG9wdGlvbiIgdmFsdWU9ImNfdGVzdF9mb3J1bSI+Y190ZXN0X2ZvcnVtPC9vcHRpb24+PG9wdGlvbiBjbGFzcz0ic2VsZWN0IHRhYmxlIG9wdGlvbiIgdmFsdWU9ImNhdGVnb3J5Ij5jYXRlZ29yeTwvb3B0aW9uPjxvcHRpb24gY2xhc3M9InNlbGVjdCB0YWJsZSBvcHRpb24iIHZhbHVlPSJjYXRlZ29yeV9yZWZlcmVuY2UiPmNhdGVnb3J5X3JlZmVyZW5jZTwvb3B0aW9uPjxvcHRpb24gY2xhc3M9InNlbGVjdCB0YWJsZSBvcHRpb24iIHZhbHVlPSJjb2EiPmNvYTwvb3B0aW9uPjxvcHRpb24gY2xhc3M9InNlbGVjdCB0YWJsZSBvcHRpb24iIHZhbHVlPSJjb2FfY29tYmluYXRpb24iPmNvYV9jb21iaW5hdGlvbjwvb3B0aW9uPjxvcHRpb24gY2xhc3M9InNlbGVjdCB0YWJsZSBvcHRpb24iIHZhbHVlPSJjb2Ffc2VnbWVudF92YWx1ZXMiPmNvYV9zZWdtZW50X3ZhbHVlczwvb3B0aW9uPjxvcHRpb24gY2xhc3M9InNlbGVjdCB0YWJsZSBvcHRpb24iIHZhbHVlPSJjb21tZW50Ij5jb21tZW50PC9vcHRpb24+PG9wdGlvbiBjbGFzcz0ic2VsZWN0IHRhYmxlIG9wdGlvbiIgdmFsdWU9ImNvbnRlbnQiPmNvbnRlbnQ8L29wdGlvbj48b3B0aW9uIGNsYXNzPSJzZWxlY3QgdGFibGUgb3B0aW9uIiB2YWx1ZT0iY29udGVudF90eXBlIj5jb250ZW50X3R5cGU8L29wdGlvbj48b3B0aW9uIGNsYXNzPSJzZWxlY3QgdGFibGUgb3B0aW9uIiB2YWx1ZT0iY29udGVudF90eXBlX3JlZmVyZW5jZSI+Y29udGVudF90eXBlX3JlZmVyZW5jZTwvb3B0aW9uPjxvcHRpb24gY2xhc3M9InNlbGVjdCB0YWJsZSBvcHRpb24iIHZhbHVlPSJlbnRlcnByaXNlIj5lbnRlcnByaXNlPC9vcHRpb24+PG9wdGlvbiBjbGFzcz0ic2VsZWN0IHRhYmxlIG9wdGlvbiIgdmFsdWU9ImZpbGUiPmZpbGU8L29wdGlvbj48b3B0aW9uIGNsYXNzPSJzZWxlY3QgdGFibGUgb3B0aW9uIiB2YWx1ZT0iZmlsZV9yZWZlcmVuY2UiPmZpbGVfcmVmZXJlbmNlPC9vcHRpb24+PG9wdGlvbiBjbGFzcz0ic2VsZWN0IHRhYmxlIG9wdGlvbiIgdmFsdWU9Imludl90cmFuc2FjdGlvbiI+aW52X3RyYW5zYWN0aW9uPC9vcHRpb24+PG9wdGlvbiBjbGFzcz0ic2VsZWN0IHRhYmxlIG9wdGlvbiIgdmFsdWU9ImludmVudG9yeV9vcmciPmludmVudG9yeV9vcmc8L29wdGlvbj48b3B0aW9uIGNsYXNzPSJzZWxlY3QgdGFibGUgb3B0aW9uIiB2YWx1ZT0iaXRlbSI+aXRlbTwvb3B0aW9uPjxvcHRpb24gY2xhc3M9InNlbGVjdCB0YWJsZSBvcHRpb24iIHZhbHVlPSJpdGVtX3N0YXR1cyI+aXRlbV9zdGF0dXM8L29wdGlvbj48b3B0aW9uIGNsYXNzPSJzZWxlY3QgdGFibGUgb3B0aW9uIiB2YWx1ZT0ibGVkZ2VyIj5sZWRnZXI8L29wdGlvbj48b3B0aW9uIGNsYXNzPSJzZWxlY3QgdGFibGUgb3B0aW9uIiB2YWx1ZT0ibGVnYWxfb3JnIj5sZWdhbF9vcmc8L29wdGlvbj48b3B0aW9uIGNsYXNzPSJzZWxlY3QgdGFibGUgb3B0aW9uIiB2YWx1ZT0ibG9jYXRvciI+bG9jYXRvcjwvb3B0aW9uPjxvcHRpb24gY2xhc3M9InNlbGVjdCB0YWJsZSBvcHRpb24iIHZhbHVlPSJtb2R1bGUiPm1vZHVsZTwvb3B0aW9uPjxvcHRpb24gY2xhc3M9InNlbGVjdCB0YWJsZSBvcHRpb24iIHZhbHVlPSJvbmhhbmQiPm9uaGFuZDwvb3B0aW9uPjxvcHRpb24gY2xhc3M9InNlbGVjdCB0YWJsZSBvcHRpb24iIHZhbHVlPSJvcHRpb25fZGV0YWlsIj5vcHRpb25fZGV0YWlsPC9vcHRpb24+PG9wdGlvbiBjbGFzcz0ic2VsZWN0IHRhYmxlIG9wdGlvbiIgdmFsdWU9Im9wdGlvbl9oZWFkZXIiPm9wdGlvbl9oZWFkZXI8L29wdGlvbj48b3B0aW9uIGNsYXNzPSJzZWxlY3QgdGFibGUgb3B0aW9uIiB2YWx1ZT0ib3B0aW9uX2xpbmUiPm9wdGlvbl9saW5lPC9vcHRpb24+PG9wdGlvbiBzZWxlY3RlZD0ic2VsZWN0ZWQiIGNsYXNzPSJzZWxlY3QgdGFibGUgb3B0aW9uIiB2YWx1ZT0ib3JnIj5vcmc8L29wdGlvbj48b3B0aW9uIGNsYXNzPSJzZWxlY3QgdGFibGUgb3B0aW9uIiB2YWx1ZT0icGFnZSI+cGFnZTwvb3B0aW9uPjxvcHRpb24gY2xhc3M9InNlbGVjdCB0YWJsZSBvcHRpb24iIHZhbHVlPSJwYXRoIj5wYXRoPC9vcHRpb24+PG9wdGlvbiBjbGFzcz0ic2VsZWN0IHRhYmxlIG9wdGlvbiIgdmFsdWU9InByb2R1Y3QiPnByb2R1Y3Q8L29wdGlvbj48b3B0aW9uIGNsYXNzPSJzZWxlY3QgdGFibGUgb3B0aW9uIiB2YWx1ZT0ic3ViaW52ZW50b3J5Ij5zdWJpbnZlbnRvcnk8L29wdGlvbj48b3B0aW9uIGNsYXNzPSJzZWxlY3QgdGFibGUgb3B0aW9uIiB2YWx1ZT0ic3VwcGxpZXIiPnN1cHBsaWVyPC9vcHRpb24+PG9wdGlvbiBjbGFzcz0ic2VsZWN0IHRhYmxlIG9wdGlvbiIgdmFsdWU9InN1cHBsaWVyMSI+c3VwcGxpZXIxPC9vcHRpb24+PG9wdGlvbiBjbGFzcz0ic2VsZWN0IHRhYmxlIG9wdGlvbiIgdmFsdWU9InN1cHBsaWVyX3NpdGUiPnN1cHBsaWVyX3NpdGU8L29wdGlvbj48b3B0aW9uIGNsYXNzPSJzZWxlY3QgdGFibGUgb3B0aW9uIiB2YWx1ZT0ic3VwcGxpZXJfc2l0ZTEiPnN1cHBsaWVyX3NpdGUxPC9vcHRpb24+PG9wdGlvbiBjbGFzcz0ic2VsZWN0IHRhYmxlIG9wdGlvbiIgdmFsdWU9InN5c3RlbV9wYXRoIj5zeXN0ZW1fcGF0aDwvb3B0aW9uPjxvcHRpb24gY2xhc3M9InNlbGVjdCB0YWJsZSBvcHRpb24iIHZhbHVlPSJ0cmFuc2FjdGlvbl90eXBlIj50cmFuc2FjdGlvbl90eXBlPC9vcHRpb24+PG9wdGlvbiBjbGFzcz0ic2VsZWN0IHRhYmxlIG9wdGlvbiIgdmFsdWU9InVvbSI+dW9tPC9vcHRpb24+PG9wdGlvbiBjbGFzcz0ic2VsZWN0IHRhYmxlIG9wdGlvbiIgdmFsdWU9InVzZXIiPnVzZXI8L29wdGlvbj48b3B0aW9uIGNsYXNzPSJzZWxlY3QgdGFibGUgb3B0aW9uIiB2YWx1ZT0idmlldyI+dmlldzwvb3B0aW9uPjxvcHRpb24gY2xhc3M9InNlbGVjdCB0YWJsZSBvcHRpb24iIHZhbHVlPSJ4eHhfYmxvZyI+eHh4X2Jsb2c8L29wdGlvbj48b3B0aW9uIGNsYXNzPSJzZWxlY3QgdGFibGUgb3B0aW9uIiB2YWx1ZT0ieHh4X2VudGVycHJpc2UiPnh4eF9lbnRlcnByaXNlPC9vcHRpb24+PG9wdGlvbiBjbGFzcz0ic2VsZWN0IHRhYmxlIG9wdGlvbiIgdmFsdWU9Inh4eF90cmFuc2FjdGlvbl90eXBlIj54eHhfdHJhbnNhY3Rpb25fdHlwZTwvb3B0aW9uPgkJCQkJCQkJIDxvcHRpb24gdmFsdWU9IiIgY2xhc3M9InJlbW92ZV90YWJsZSI+UmVtb3ZlIFRhYmxlPC9vcHRpb24+DQoJCQkJCQkJCTwvc2VsZWN0Pg0KCQkJCQkJCSA8L2xpPg0KCQkJCQkJCSA8bGkgaWQ9ImZpZWxkX3JlY29yZHMwIj48bGFiZWw+RmllbGQ8L2xhYmVsPg0KCQkJCQkJCQkNCiAgDQogIA0KICANCiAgPHNlbGVjdCBjbGFzcz0idGFibGVfZmllbGRzIj48b3B0aW9uIHNlbGVjdGVkPSJzZWxlY3RlZCIgY2xhc3M9InRhYmxlX2ZpZWxkc19vcHRpb25zIiB2YWx1ZT0ib3JnX2lkIj5vcmdfaWQ8L29wdGlvbj48b3B0aW9uIGNsYXNzPSJ0YWJsZV9maWVsZHNfb3B0aW9ucyIgdmFsdWU9Im5hbWUiPm5hbWU8L29wdGlvbj48b3B0aW9uIGNsYXNzPSJ0YWJsZV9maWVsZHNfb3B0aW9ucyIgdmFsdWU9ImNvZGUiPmNvZGU8L29wdGlvbj48b3B0aW9uIGNsYXNzPSJ0YWJsZV9maWVsZHNfb3B0aW9ucyIgdmFsdWU9InR5cGUiPnR5cGU8L29wdGlvbj48b3B0aW9uIGNsYXNzPSJ0YWJsZV9maWVsZHNfb3B0aW9ucyIgdmFsdWU9ImRlc2NyaXB0aW9uIj5kZXNjcmlwdGlvbjwvb3B0aW9uPjxvcHRpb24gY2xhc3M9InRhYmxlX2ZpZWxkc19vcHRpb25zIiB2YWx1ZT0iZW50ZXJwcmlzZV9pZCI+ZW50ZXJwcmlzZV9pZDwvb3B0aW9uPjxvcHRpb24gY2xhc3M9InRhYmxlX2ZpZWxkc19vcHRpb25zIiB2YWx1ZT0ibGVnYWxfaWQiPmxlZ2FsX2lkPC9vcHRpb24+PG9wdGlvbiBjbGFzcz0idGFibGVfZmllbGRzX29wdGlvbnMiIHZhbHVlPSJidXNpbmVzc19pZCI+YnVzaW5lc3NfaWQ8L29wdGlvbj48b3B0aW9uIGNsYXNzPSJ0YWJsZV9maWVsZHNfb3B0aW9ucyIgdmFsdWU9ImludmVudG9yeV9pZCI+aW52ZW50b3J5X2lkPC9vcHRpb24+PG9wdGlvbiBjbGFzcz0idGFibGVfZmllbGRzX29wdGlvbnMiIHZhbHVlPSJlZl9pZCI+ZWZfaWQ8L29wdGlvbj48b3B0aW9uIGNsYXNzPSJ0YWJsZV9maWVsZHNfb3B0aW9ucyIgdmFsdWU9InN0YXR1cyI+c3RhdHVzPC9vcHRpb24+PG9wdGlvbiBjbGFzcz0idGFibGVfZmllbGRzX29wdGlvbnMiIHZhbHVlPSJyZXZfZW5hYmxlZCI+cmV2X2VuYWJsZWQ8L29wdGlvbj48b3B0aW9uIGNsYXNzPSJ0YWJsZV9maWVsZHNfb3B0aW9ucyIgdmFsdWU9InJldl9udW1iZXIiPnJldl9udW1iZXI8L29wdGlvbj48b3B0aW9uIGNsYXNzPSJ0YWJsZV9maWVsZHNfb3B0aW9ucyIgdmFsdWU9ImFkZHJlc3NfaWQiPmFkZHJlc3NfaWQ8L29wdGlvbj48b3B0aW9uIGNsYXNzPSJ0YWJsZV9maWVsZHNfb3B0aW9ucyIgdmFsdWU9ImNyZWF0ZWRfYnkiPmNyZWF0ZWRfYnk8L29wdGlvbj48b3B0aW9uIGNsYXNzPSJ0YWJsZV9maWVsZHNfb3B0aW9ucyIgdmFsdWU9ImNyZWF0aW9uX2RhdGUiPmNyZWF0aW9uX2RhdGU8L29wdGlvbj48b3B0aW9uIGNsYXNzPSJ0YWJsZV9maWVsZHNfb3B0aW9ucyIgdmFsdWU9Imxhc3RfdXBkYXRlX2J5Ij5sYXN0X3VwZGF0ZV9ieTwvb3B0aW9uPjxvcHRpb24gY2xhc3M9InRhYmxlX2ZpZWxkc19vcHRpb25zIiB2YWx1ZT0ibGFzdF91cGRhdGVfZGF0ZSI+bGFzdF91cGRhdGVfZGF0ZTwvb3B0aW9uPjxvcHRpb24gdmFsdWU9InJlbW92ZSIgY2xhc3M9InJlbW92ZV9vcHRpb24iPlJlbW92ZSBGaWVsZDwvb3B0aW9uPjwvc2VsZWN0Pg0KCQkJCQkJCSA8L2xpPg0KCQkJCQkJCTxsaSBpZD0ibmV3X29iamVjdDEwIj48bGFiZWw+RmllbGQ8L2xhYmVsPg0KCQkJCQkJCQkNCiAgDQogIA0KICANCiAgPHNlbGVjdCBjbGFzcz0idGFibGVfZmllbGRzIj48b3B0aW9uIGNsYXNzPSJ0YWJsZV9maWVsZHNfb3B0aW9ucyIgdmFsdWU9Im9yZ19pZCI+b3JnX2lkPC9vcHRpb24+PG9wdGlvbiBzZWxlY3RlZD0ic2VsZWN0ZWQiIGNsYXNzPSJ0YWJsZV9maWVsZHNfb3B0aW9ucyIgdmFsdWU9Im5hbWUiPm5hbWU8L29wdGlvbj48b3B0aW9uIGNsYXNzPSJ0YWJsZV9maWVsZHNfb3B0aW9ucyIgdmFsdWU9ImNvZGUiPmNvZGU8L29wdGlvbj48b3B0aW9uIGNsYXNzPSJ0YWJsZV9maWVsZHNfb3B0aW9ucyIgdmFsdWU9InR5cGUiPnR5cGU8L29wdGlvbj48b3B0aW9uIGNsYXNzPSJ0YWJsZV9maWVsZHNfb3B0aW9ucyIgdmFsdWU9ImRlc2NyaXB0aW9uIj5kZXNjcmlwdGlvbjwvb3B0aW9uPjxvcHRpb24gY2xhc3M9InRhYmxlX2ZpZWxkc19vcHRpb25zIiB2YWx1ZT0iZW50ZXJwcmlzZV9pZCI+ZW50ZXJwcmlzZV9pZDwvb3B0aW9uPjxvcHRpb24gY2xhc3M9InRhYmxlX2ZpZWxkc19vcHRpb25zIiB2YWx1ZT0ibGVnYWxfaWQiPmxlZ2FsX2lkPC9vcHRpb24+PG9wdGlvbiBjbGFzcz0idGFibGVfZmllbGRzX29wdGlvbnMiIHZhbHVlPSJidXNpbmVzc19pZCI+YnVzaW5lc3NfaWQ8L29wdGlvbj48b3B0aW9uIGNsYXNzPSJ0YWJsZV9maWVsZHNfb3B0aW9ucyIgdmFsdWU9ImludmVudG9yeV9pZCI+aW52ZW50b3J5X2lkPC9vcHRpb24+PG9wdGlvbiBjbGFzcz0idGFibGVfZmllbGRzX29wdGlvbnMiIHZhbHVlPSJlZl9pZCI+ZWZfaWQ8L29wdGlvbj48b3B0aW9uIGNsYXNzPSJ0YWJsZV9maWVsZHNfb3B0aW9ucyIgdmFsdWU9InN0YXR1cyI+c3RhdHVzPC9vcHRpb24+PG9wdGlvbiBjbGFzcz0idGFibGVfZmllbGRzX29wdGlvbnMiIHZhbHVlPSJyZXZfZW5hYmxlZCI+cmV2X2VuYWJsZWQ8L29wdGlvbj48b3B0aW9uIGNsYXNzPSJ0YWJsZV9maWVsZHNfb3B0aW9ucyIgdmFsdWU9InJldl9udW1iZXIiPnJldl9udW1iZXI8L29wdGlvbj48b3B0aW9uIGNsYXNzPSJ0YWJsZV9maWVsZHNfb3B0aW9ucyIgdmFsdWU9ImFkZHJlc3NfaWQiPmFkZHJlc3NfaWQ8L29wdGlvbj48b3B0aW9uIGNsYXNzPSJ0YWJsZV9maWVsZHNfb3B0aW9ucyIgdmFsdWU9ImNyZWF0ZWRfYnkiPmNyZWF0ZWRfYnk8L29wdGlvbj48b3B0aW9uIGNsYXNzPSJ0YWJsZV9maWVsZHNfb3B0aW9ucyIgdmFsdWU9ImNyZWF0aW9uX2RhdGUiPmNyZWF0aW9uX2RhdGU8L29wdGlvbj48b3B0aW9uIGNsYXNzPSJ0YWJsZV9maWVsZHNfb3B0aW9ucyIgdmFsdWU9Imxhc3RfdXBkYXRlX2J5Ij5sYXN0X3VwZGF0ZV9ieTwvb3B0aW9uPjxvcHRpb24gY2xhc3M9InRhYmxlX2ZpZWxkc19vcHRpb25zIiB2YWx1ZT0ibGFzdF91cGRhdGVfZGF0ZSI+bGFzdF91cGRhdGVfZGF0ZTwvb3B0aW9uPjxvcHRpb24gdmFsdWU9InJlbW92ZSIgY2xhc3M9InJlbW92ZV9vcHRpb24iPlJlbW92ZSBGaWVsZDwvb3B0aW9uPjwvc2VsZWN0Pg0KCQkJCQkJCSA8L2xpPjxsaSBpZD0ibmV3X29iamVjdDExIj48bGFiZWw+RmllbGQ8L2xhYmVsPg0KCQkJCQkJCQkNCiAgDQogIA0KICANCiAgPHNlbGVjdCBjbGFzcz0idGFibGVfZmllbGRzIj48b3B0aW9uIGNsYXNzPSJ0YWJsZV9maWVsZHNfb3B0aW9ucyIgdmFsdWU9Im9yZ19pZCI+b3JnX2lkPC9vcHRpb24+PG9wdGlvbiBjbGFzcz0idGFibGVfZmllbGRzX29wdGlvbnMiIHZhbHVlPSJuYW1lIj5uYW1lPC9vcHRpb24+PG9wdGlvbiBjbGFzcz0idGFibGVfZmllbGRzX29wdGlvbnMiIHZhbHVlPSJjb2RlIj5jb2RlPC9vcHRpb24+PG9wdGlvbiBjbGFzcz0idGFibGVfZmllbGRzX29wdGlvbnMiIHZhbHVlPSJ0eXBlIj50eXBlPC9vcHRpb24+PG9wdGlvbiBzZWxlY3RlZD0ic2VsZWN0ZWQiIGNsYXNzPSJ0YWJsZV9maWVsZHNfb3B0aW9ucyIgdmFsdWU9ImRlc2NyaXB0aW9uIj5kZXNjcmlwdGlvbjwvb3B0aW9uPjxvcHRpb24gY2xhc3M9InRhYmxlX2ZpZWxkc19vcHRpb25zIiB2YWx1ZT0iZW50ZXJwcmlzZV9pZCI+ZW50ZXJwcmlzZV9pZDwvb3B0aW9uPjxvcHRpb24gY2xhc3M9InRhYmxlX2ZpZWxkc19vcHRpb25zIiB2YWx1ZT0ibGVnYWxfaWQiPmxlZ2FsX2lkPC9vcHRpb24+PG9wdGlvbiBjbGFzcz0idGFibGVfZmllbGRzX29wdGlvbnMiIHZhbHVlPSJidXNpbmVzc19pZCI+YnVzaW5lc3NfaWQ8L29wdGlvbj48b3B0aW9uIGNsYXNzPSJ0YWJsZV9maWVsZHNfb3B0aW9ucyIgdmFsdWU9ImludmVudG9yeV9pZCI+aW52ZW50b3J5X2lkPC9vcHRpb24+PG9wdGlvbiBjbGFzcz0idGFibGVfZmllbGRzX29wdGlvbnMiIHZhbHVlPSJlZl9pZCI+ZWZfaWQ8L29wdGlvbj48b3B0aW9uIGNsYXNzPSJ0YWJsZV9maWVsZHNfb3B0aW9ucyIgdmFsdWU9InN0YXR1cyI+c3RhdHVzPC9vcHRpb24+PG9wdGlvbiBjbGFzcz0idGFibGVfZmllbGRzX29wdGlvbnMiIHZhbHVlPSJyZXZfZW5hYmxlZCI+cmV2X2VuYWJsZWQ8L29wdGlvbj48b3B0aW9uIGNsYXNzPSJ0YWJsZV9maWVsZHNfb3B0aW9ucyIgdmFsdWU9InJldl9udW1iZXIiPnJldl9udW1iZXI8L29wdGlvbj48b3B0aW9uIGNsYXNzPSJ0YWJsZV9maWVsZHNfb3B0aW9ucyIgdmFsdWU9ImFkZHJlc3NfaWQiPmFkZHJlc3NfaWQ8L29wdGlvbj48b3B0aW9uIGNsYXNzPSJ0YWJsZV9maWVsZHNfb3B0aW9ucyIgdmFsdWU9ImNyZWF0ZWRfYnkiPmNyZWF0ZWRfYnk8L29wdGlvbj48b3B0aW9uIGNsYXNzPSJ0YWJsZV9maWVsZHNfb3B0aW9ucyIgdmFsdWU9ImNyZWF0aW9uX2RhdGUiPmNyZWF0aW9uX2RhdGU8L29wdGlvbj48b3B0aW9uIGNsYXNzPSJ0YWJsZV9maWVsZHNfb3B0aW9ucyIgdmFsdWU9Imxhc3RfdXBkYXRlX2J5Ij5sYXN0X3VwZGF0ZV9ieTwvb3B0aW9uPjxvcHRpb24gY2xhc3M9InRhYmxlX2ZpZWxkc19vcHRpb25zIiB2YWx1ZT0ibGFzdF91cGRhdGVfZGF0ZSI+bGFzdF91cGRhdGVfZGF0ZTwvb3B0aW9uPjxvcHRpb24gdmFsdWU9InJlbW92ZSIgY2xhc3M9InJlbW92ZV9vcHRpb24iPlJlbW92ZSBGaWVsZDwvb3B0aW9uPjwvc2VsZWN0Pg0KCQkJCQkJCSA8L2xpPjwvdWw+DQoJCQkJCQkgPHVsIGlkPSJuZXdfb2JqZWN0MTAwMCI+DQoJCQkJCQkJIDxzcGFuIGNsYXNzPSJhZGRfbmV3X3RhYmxlIj48aW1nIHNyYz0iaHR0cDovL3d3dy5pbm9pZGVhcy5jb20vaW5vZXJwL3RoZW1lcy9pbWFnZXMvcGx1c18xMC5wbmciIGFsdD0iYWRkIG5ldyB0YWJsZSI+TmV3IFRhYmxlPC9zcGFuPg0KCQkJCQkJCSA8c3BhbiBjbGFzcz0iYWRkX25ld19maWVsZCI+PGltZyBzcmM9Imh0dHA6Ly93d3cuaW5vaWRlYXMuY29tL2lub2VycC90aGVtZXMvaW1hZ2VzL3BsdXNfMTAucG5nIiBhbHQ9ImFkZCBuZXcgdGFibGUiPk5ldyBGaWVsZDwvc3Bhbj4NCgkJCQkJCQkgPGxpIGlkPSJ0YWJsZV9yZWNvcmRzIj48bGFiZWw+VGFibGUgTmFtZSA8L2xhYmVsPg0KCQkJCQkJCQk8c2VsZWN0IGNsYXNzPSJhbGxfdGFibGVfbmFtZXMiPg0KCQkJCQkJCQkgPG9wdGlvbj48L29wdGlvbj48b3B0aW9uIGNsYXNzPSJzZWxlY3QgdGFibGUgb3B0aW9uIiB2YWx1ZT0iYWRkcmVzcyI+YWRkcmVzczwvb3B0aW9uPjxvcHRpb24gY2xhc3M9InNlbGVjdCB0YWJsZSBvcHRpb24iIHZhbHVlPSJhcF9wYXltZW50X3Rlcm1zIj5hcF9wYXltZW50X3Rlcm1zPC9vcHRpb24+PG9wdGlvbiBjbGFzcz0ic2VsZWN0IHRhYmxlIG9wdGlvbiIgdmFsdWU9ImJsb2NrIj5ibG9jazwvb3B0aW9uPjxvcHRpb24gY2xhc3M9InNlbGVjdCB0YWJsZSBvcHRpb24iIHZhbHVlPSJibG9ja19jb250ZW50Ij5ibG9ja19jb250ZW50PC9vcHRpb24+PG9wdGlvbiBjbGFzcz0ic2VsZWN0IHRhYmxlIG9wdGlvbiIgdmFsdWU9ImJ1c2luZXNzX29yZyI+YnVzaW5lc3Nfb3JnPC9vcHRpb24+PG9wdGlvbiBjbGFzcz0ic2VsZWN0IHRhYmxlIG9wdGlvbiIgdmFsdWU9ImNfY29udGVudCI+Y19jb250ZW50PC9vcHRpb24+PG9wdGlvbiBjbGFzcz0ic2VsZWN0IHRhYmxlIG9wdGlvbiIgdmFsdWU9ImNfY3VzdG9tZXIiPmNfY3VzdG9tZXI8L29wdGlvbj48b3B0aW9uIGNsYXNzPSJzZWxlY3QgdGFibGUgb3B0aW9uIiB2YWx1ZT0iY19mb3J1bSI+Y19mb3J1bTwvb3B0aW9uPjxvcHRpb24gY2xhc3M9InNlbGVjdCB0YWJsZSBvcHRpb24iIHZhbHVlPSJjX3BsYWluX3RleHQiPmNfcGxhaW5fdGV4dDwvb3B0aW9uPjxvcHRpb24gY2xhc3M9InNlbGVjdCB0YWJsZSBvcHRpb24iIHZhbHVlPSJjX3N1cHBsaWVyIj5jX3N1cHBsaWVyPC9vcHRpb24+PG9wdGlvbiBjbGFzcz0ic2VsZWN0IHRhYmxlIG9wdGlvbiIgdmFsdWU9ImNfc3VwcGxpZXJfY29udGFjdCI+Y19zdXBwbGllcl9jb250YWN0PC9vcHRpb24+PG9wdGlvbiBjbGFzcz0ic2VsZWN0IHRhYmxlIG9wdGlvbiIgdmFsdWU9ImNfdGVzdCI+Y190ZXN0PC9vcHRpb24+PG9wdGlvbiBjbGFzcz0ic2VsZWN0IHRhYmxlIG9wdGlvbiIgdmFsdWU9ImNfdGVzdF9mb3J1bSI+Y190ZXN0X2ZvcnVtPC9vcHRpb24+PG9wdGlvbiBjbGFzcz0ic2VsZWN0IHRhYmxlIG9wdGlvbiIgdmFsdWU9ImNhdGVnb3J5Ij5jYXRlZ29yeTwvb3B0aW9uPjxvcHRpb24gY2xhc3M9InNlbGVjdCB0YWJsZSBvcHRpb24iIHZhbHVlPSJjYXRlZ29yeV9yZWZlcmVuY2UiPmNhdGVnb3J5X3JlZmVyZW5jZTwvb3B0aW9uPjxvcHRpb24gY2xhc3M9InNlbGVjdCB0YWJsZSBvcHRpb24iIHZhbHVlPSJjb2EiPmNvYTwvb3B0aW9uPjxvcHRpb24gY2xhc3M9InNlbGVjdCB0YWJsZSBvcHRpb24iIHZhbHVlPSJjb2FfY29tYmluYXRpb24iPmNvYV9jb21iaW5hdGlvbjwvb3B0aW9uPjxvcHRpb24gY2xhc3M9InNlbGVjdCB0YWJsZSBvcHRpb24iIHZhbHVlPSJjb2Ffc2VnbWVudF92YWx1ZXMiPmNvYV9zZWdtZW50X3ZhbHVlczwvb3B0aW9uPjxvcHRpb24gY2xhc3M9InNlbGVjdCB0YWJsZSBvcHRpb24iIHZhbHVlPSJjb21tZW50Ij5jb21tZW50PC9vcHRpb24+PG9wdGlvbiBjbGFzcz0ic2VsZWN0IHRhYmxlIG9wdGlvbiIgdmFsdWU9ImNvbnRlbnQiPmNvbnRlbnQ8L29wdGlvbj48b3B0aW9uIGNsYXNzPSJzZWxlY3QgdGFibGUgb3B0aW9uIiB2YWx1ZT0iY29udGVudF90eXBlIj5jb250ZW50X3R5cGU8L29wdGlvbj48b3B0aW9uIGNsYXNzPSJzZWxlY3QgdGFibGUgb3B0aW9uIiB2YWx1ZT0iY29udGVudF90eXBlX3JlZmVyZW5jZSI+Y29udGVudF90eXBlX3JlZmVyZW5jZTwvb3B0aW9uPjxvcHRpb24gY2xhc3M9InNlbGVjdCB0YWJsZSBvcHRpb24iIHZhbHVlPSJlbnRlcnByaXNlIj5lbnRlcnByaXNlPC9vcHRpb24+PG9wdGlvbiBjbGFzcz0ic2VsZWN0IHRhYmxlIG9wdGlvbiIgdmFsdWU9ImZpbGUiPmZpbGU8L29wdGlvbj48b3B0aW9uIGNsYXNzPSJzZWxlY3QgdGFibGUgb3B0aW9uIiB2YWx1ZT0iZmlsZV9yZWZlcmVuY2UiPmZpbGVfcmVmZXJlbmNlPC9vcHRpb24+PG9wdGlvbiBjbGFzcz0ic2VsZWN0IHRhYmxlIG9wdGlvbiIgdmFsdWU9Imludl90cmFuc2FjdGlvbiI+aW52X3RyYW5zYWN0aW9uPC9vcHRpb24+PG9wdGlvbiBjbGFzcz0ic2VsZWN0IHRhYmxlIG9wdGlvbiIgdmFsdWU9ImludmVudG9yeV9vcmciPmludmVudG9yeV9vcmc8L29wdGlvbj48b3B0aW9uIGNsYXNzPSJzZWxlY3QgdGFibGUgb3B0aW9uIiB2YWx1ZT0iaXRlbSI+aXRlbTwvb3B0aW9uPjxvcHRpb24gY2xhc3M9InNlbGVjdCB0YWJsZSBvcHRpb24iIHZhbHVlPSJpdGVtX3N0YXR1cyI+aXRlbV9zdGF0dXM8L29wdGlvbj48b3B0aW9uIGNsYXNzPSJzZWxlY3QgdGFibGUgb3B0aW9uIiB2YWx1ZT0ibGVkZ2VyIj5sZWRnZXI8L29wdGlvbj48b3B0aW9uIGNsYXNzPSJzZWxlY3QgdGFibGUgb3B0aW9uIiB2YWx1ZT0ibGVnYWxfb3JnIj5sZWdhbF9vcmc8L29wdGlvbj48b3B0aW9uIGNsYXNzPSJzZWxlY3QgdGFibGUgb3B0aW9uIiB2YWx1ZT0ibG9jYXRvciI+bG9jYXRvcjwvb3B0aW9uPjxvcHRpb24gY2xhc3M9InNlbGVjdCB0YWJsZSBvcHRpb24iIHZhbHVlPSJtb2R1bGUiPm1vZHVsZTwvb3B0aW9uPjxvcHRpb24gY2xhc3M9InNlbGVjdCB0YWJsZSBvcHRpb24iIHZhbHVlPSJvbmhhbmQiPm9uaGFuZDwvb3B0aW9uPjxvcHRpb24gY2xhc3M9InNlbGVjdCB0YWJsZSBvcHRpb24iIHZhbHVlPSJvcHRpb25fZGV0YWlsIj5vcHRpb25fZGV0YWlsPC9vcHRpb24+PG9wdGlvbiBjbGFzcz0ic2VsZWN0IHRhYmxlIG9wdGlvbiIgdmFsdWU9Im9wdGlvbl9oZWFkZXIiPm9wdGlvbl9oZWFkZXI8L29wdGlvbj48b3B0aW9uIGNsYXNzPSJzZWxlY3QgdGFibGUgb3B0aW9uIiB2YWx1ZT0ib3B0aW9uX2xpbmUiPm9wdGlvbl9saW5lPC9vcHRpb24+PG9wdGlvbiBjbGFzcz0ic2VsZWN0IHRhYmxlIG9wdGlvbiIgdmFsdWU9Im9yZyI+b3JnPC9vcHRpb24+PG9wdGlvbiBjbGFzcz0ic2VsZWN0IHRhYmxlIG9wdGlvbiIgdmFsdWU9InBhZ2UiPnBhZ2U8L29wdGlvbj48b3B0aW9uIGNsYXNzPSJzZWxlY3QgdGFibGUgb3B0aW9uIiB2YWx1ZT0icGF0aCI+cGF0aDwvb3B0aW9uPjxvcHRpb24gY2xhc3M9InNlbGVjdCB0YWJsZSBvcHRpb24iIHZhbHVlPSJwcm9kdWN0Ij5wcm9kdWN0PC9vcHRpb24+PG9wdGlvbiBzZWxlY3RlZD0ic2VsZWN0ZWQiIGNsYXNzPSJzZWxlY3QgdGFibGUgb3B0aW9uIiB2YWx1ZT0ic3ViaW52ZW50b3J5Ij5zdWJpbnZlbnRvcnk8L29wdGlvbj48b3B0aW9uIGNsYXNzPSJzZWxlY3QgdGFibGUgb3B0aW9uIiB2YWx1ZT0ic3VwcGxpZXIiPnN1cHBsaWVyPC9vcHRpb24+PG9wdGlvbiBjbGFzcz0ic2VsZWN0IHRhYmxlIG9wdGlvbiIgdmFsdWU9InN1cHBsaWVyMSI+c3VwcGxpZXIxPC9vcHRpb24+PG9wdGlvbiBjbGFzcz0ic2VsZWN0IHRhYmxlIG9wdGlvbiIgdmFsdWU9InN1cHBsaWVyX3NpdGUiPnN1cHBsaWVyX3NpdGU8L29wdGlvbj48b3B0aW9uIGNsYXNzPSJzZWxlY3QgdGFibGUgb3B0aW9uIiB2YWx1ZT0ic3VwcGxpZXJfc2l0ZTEiPnN1cHBsaWVyX3NpdGUxPC9vcHRpb24+PG9wdGlvbiBjbGFzcz0ic2VsZWN0IHRhYmxlIG9wdGlvbiIgdmFsdWU9InN5c3RlbV9wYXRoIj5zeXN0ZW1fcGF0aDwvb3B0aW9uPjxvcHRpb24gY2xhc3M9InNlbGVjdCB0YWJsZSBvcHRpb24iIHZhbHVlPSJ0cmFuc2FjdGlvbl90eXBlIj50cmFuc2FjdGlvbl90eXBlPC9vcHRpb24+PG9wdGlvbiBjbGFzcz0ic2VsZWN0IHRhYmxlIG9wdGlvbiIgdmFsdWU9InVvbSI+dW9tPC9vcHRpb24+PG9wdGlvbiBjbGFzcz0ic2VsZWN0IHRhYmxlIG9wdGlvbiIgdmFsdWU9InVzZXIiPnVzZXI8L29wdGlvbj48b3B0aW9uIGNsYXNzPSJzZWxlY3QgdGFibGUgb3B0aW9uIiB2YWx1ZT0idmlldyI+dmlldzwvb3B0aW9uPjxvcHRpb24gY2xhc3M9InNlbGVjdCB0YWJsZSBvcHRpb24iIHZhbHVlPSJ4eHhfYmxvZyI+eHh4X2Jsb2c8L29wdGlvbj48b3B0aW9uIGNsYXNzPSJzZWxlY3QgdGFibGUgb3B0aW9uIiB2YWx1ZT0ieHh4X2VudGVycHJpc2UiPnh4eF9lbnRlcnByaXNlPC9vcHRpb24+PG9wdGlvbiBjbGFzcz0ic2VsZWN0IHRhYmxlIG9wdGlvbiIgdmFsdWU9Inh4eF90cmFuc2FjdGlvbl90eXBlIj54eHhfdHJhbnNhY3Rpb25fdHlwZTwvb3B0aW9uPgkJCQkJCQkJIDxvcHRpb24gdmFsdWU9IiIgY2xhc3M9InJlbW92ZV90YWJsZSI+UmVtb3ZlIFRhYmxlPC9vcHRpb24+DQoJCQkJCQkJCTwvc2VsZWN0Pg0KCQkJCQkJCSA8L2xpPg0KCQkJCQkJCSA8bGkgaWQ9ImZpZWxkX3JlY29yZHMwIj48bGFiZWw+RmllbGQ8L2xhYmVsPg0KCQkJCQkJCQkNCiAgDQogIA0KICANCiAgDQogIA0KICA8c2VsZWN0IGNsYXNzPSJ0YWJsZV9maWVsZHMiPjxvcHRpb24gY2xhc3M9InRhYmxlX2ZpZWxkc19vcHRpb25zIiB2YWx1ZT0ic3ViaW52ZW50b3J5X2lkIj5zdWJpbnZlbnRvcnlfaWQ8L29wdGlvbj48b3B0aW9uIHNlbGVjdGVkPSJzZWxlY3RlZCIgY2xhc3M9InRhYmxlX2ZpZWxkc19vcHRpb25zIiB2YWx1ZT0ib3JnX2lkIj5vcmdfaWQ8L29wdGlvbj48b3B0aW9uIGNsYXNzPSJ0YWJsZV9maWVsZHNfb3B0aW9ucyIgdmFsdWU9InR5cGUiPnR5cGU8L29wdGlvbj48b3B0aW9uIGNsYXNzPSJ0YWJsZV9maWVsZHNfb3B0aW9ucyIgdmFsdWU9InN1YmludmVudG9yeSI+c3ViaW52ZW50b3J5PC9vcHRpb24+PG9wdGlvbiBjbGFzcz0idGFibGVfZmllbGRzX29wdGlvbnMiIHZhbHVlPSJkZXNjcmlwdGlvbiI+ZGVzY3JpcHRpb248L29wdGlvbj48b3B0aW9uIGNsYXNzPSJ0YWJsZV9maWVsZHNfb3B0aW9ucyIgdmFsdWU9ImxvY2F0b3JfY29udHJvbCI+bG9jYXRvcl9jb250cm9sPC9vcHRpb24+PG9wdGlvbiBjbGFzcz0idGFibGVfZmllbGRzX29wdGlvbnMiIHZhbHVlPSJhbGxvd19uZWdhdGl2ZV9iYWxhbmNlX2NiIj5hbGxvd19uZWdhdGl2ZV9iYWxhbmNlX2NiPC9vcHRpb24+PG9wdGlvbiBjbGFzcz0idGFibGVfZmllbGRzX29wdGlvbnMiIHZhbHVlPSJkZWZhdWx0X2Nvc3RfZ3JvdXAiPmRlZmF1bHRfY29zdF9ncm91cDwvb3B0aW9uPjxvcHRpb24gY2xhc3M9InRhYmxlX2ZpZWxkc19vcHRpb25zIiB2YWx1ZT0ibWF0ZXJpYWxfYWNfaWQiPm1hdGVyaWFsX2FjX2lkPC9vcHRpb24+PG9wdGlvbiBjbGFzcz0idGFibGVfZmllbGRzX29wdGlvbnMiIHZhbHVlPSJtYXRlcmlhbF9vaF9hY19pZCI+bWF0ZXJpYWxfb2hfYWNfaWQ8L29wdGlvbj48b3B0aW9uIGNsYXNzPSJ0YWJsZV9maWVsZHNfb3B0aW9ucyIgdmFsdWU9Im92ZXJoZWFkX2FjX2lkIj5vdmVyaGVhZF9hY19pZDwvb3B0aW9uPjxvcHRpb24gY2xhc3M9InRhYmxlX2ZpZWxkc19vcHRpb25zIiB2YWx1ZT0icmVzb3VyY2VfYWNfaWQiPnJlc291cmNlX2FjX2lkPC9vcHRpb24+PG9wdGlvbiBjbGFzcz0idGFibGVfZmllbGRzX29wdGlvbnMiIHZhbHVlPSJvc3BfYWNfaWQiPm9zcF9hY19pZDwvb3B0aW9uPjxvcHRpb24gY2xhc3M9InRhYmxlX2ZpZWxkc19vcHRpb25zIiB2YWx1ZT0iZXhwZW5zZV9hY19pZCI+ZXhwZW5zZV9hY19pZDwvb3B0aW9uPjxvcHRpb24gY2xhc3M9InRhYmxlX2ZpZWxkc19vcHRpb25zIiB2YWx1ZT0iZWZfaWQiPmVmX2lkPC9vcHRpb24+PG9wdGlvbiBjbGFzcz0idGFibGVfZmllbGRzX29wdGlvbnMiIHZhbHVlPSJzdGF0dXMiPnN0YXR1czwvb3B0aW9uPjxvcHRpb24gY2xhc3M9InRhYmxlX2ZpZWxkc19vcHRpb25zIiB2YWx1ZT0icmV2X2VuYWJsZWRfY2IiPnJldl9lbmFibGVkX2NiPC9vcHRpb24+PG9wdGlvbiBjbGFzcz0idGFibGVfZmllbGRzX29wdGlvbnMiIHZhbHVlPSJyZXZfbnVtYmVyIj5yZXZfbnVtYmVyPC9vcHRpb24+PG9wdGlvbiBjbGFzcz0idGFibGVfZmllbGRzX29wdGlvbnMiIHZhbHVlPSJjcmVhdGVkX2J5Ij5jcmVhdGVkX2J5PC9vcHRpb24+PG9wdGlvbiBjbGFzcz0idGFibGVfZmllbGRzX29wdGlvbnMiIHZhbHVlPSJjcmVhdGlvbl9kYXRlIj5jcmVhdGlvbl9kYXRlPC9vcHRpb24+PG9wdGlvbiBjbGFzcz0idGFibGVfZmllbGRzX29wdGlvbnMiIHZhbHVlPSJsYXN0X3VwZGF0ZV9ieSI+bGFzdF91cGRhdGVfYnk8L29wdGlvbj48b3B0aW9uIGNsYXNzPSJ0YWJsZV9maWVsZHNfb3B0aW9ucyIgdmFsdWU9Imxhc3RfdXBkYXRlX2RhdGUiPmxhc3RfdXBkYXRlX2RhdGU8L29wdGlvbj48b3B0aW9uIHZhbHVlPSJyZW1vdmUiIGNsYXNzPSJyZW1vdmVfb3B0aW9uIj5SZW1vdmUgRmllbGQ8L29wdGlvbj48L3NlbGVjdD4NCgkJCQkJCQkgPC9saT4NCgkJCQkJCQk8bGkgaWQ9Im5ld19vYmplY3QxMCI+PGxhYmVsPkZpZWxkPC9sYWJlbD4NCgkJCQkJCQkJDQogIA0KICANCiAgDQogIA0KICANCiAgPHNlbGVjdCBjbGFzcz0idGFibGVfZmllbGRzIj48b3B0aW9uIGNsYXNzPSJ0YWJsZV9maWVsZHNfb3B0aW9ucyIgdmFsdWU9InN1YmludmVudG9yeV9pZCI+c3ViaW52ZW50b3J5X2lkPC9vcHRpb24+PG9wdGlvbiBjbGFzcz0idGFibGVfZmllbGRzX29wdGlvbnMiIHZhbHVlPSJvcmdfaWQiPm9yZ19pZDwvb3B0aW9uPjxvcHRpb24gY2xhc3M9InRhYmxlX2ZpZWxkc19vcHRpb25zIiB2YWx1ZT0idHlwZSI+dHlwZTwvb3B0aW9uPjxvcHRpb24gc2VsZWN0ZWQ9InNlbGVjdGVkIiBjbGFzcz0idGFibGVfZmllbGRzX29wdGlvbnMiIHZhbHVlPSJzdWJpbnZlbnRvcnkiPnN1YmludmVudG9yeTwvb3B0aW9uPjxvcHRpb24gY2xhc3M9InRhYmxlX2ZpZWxkc19vcHRpb25zIiB2YWx1ZT0iZGVzY3JpcHRpb24iPmRlc2NyaXB0aW9uPC9vcHRpb24+PG9wdGlvbiBjbGFzcz0idGFibGVfZmllbGRzX29wdGlvbnMiIHZhbHVlPSJsb2NhdG9yX2NvbnRyb2wiPmxvY2F0b3JfY29udHJvbDwvb3B0aW9uPjxvcHRpb24gY2xhc3M9InRhYmxlX2ZpZWxkc19vcHRpb25zIiB2YWx1ZT0iYWxsb3dfbmVnYXRpdmVfYmFsYW5jZV9jYiI+YWxsb3dfbmVnYXRpdmVfYmFsYW5jZV9jYjwvb3B0aW9uPjxvcHRpb24gY2xhc3M9InRhYmxlX2ZpZWxkc19vcHRpb25zIiB2YWx1ZT0iZGVmYXVsdF9jb3N0X2dyb3VwIj5kZWZhdWx0X2Nvc3RfZ3JvdXA8L29wdGlvbj48b3B0aW9uIGNsYXNzPSJ0YWJsZV9maWVsZHNfb3B0aW9ucyIgdmFsdWU9Im1hdGVyaWFsX2FjX2lkIj5tYXRlcmlhbF9hY19pZDwvb3B0aW9uPjxvcHRpb24gY2xhc3M9InRhYmxlX2ZpZWxkc19vcHRpb25zIiB2YWx1ZT0ibWF0ZXJpYWxfb2hfYWNfaWQiPm1hdGVyaWFsX29oX2FjX2lkPC9vcHRpb24+PG9wdGlvbiBjbGFzcz0idGFibGVfZmllbGRzX29wdGlvbnMiIHZhbHVlPSJvdmVyaGVhZF9hY19pZCI+b3ZlcmhlYWRfYWNfaWQ8L29wdGlvbj48b3B0aW9uIGNsYXNzPSJ0YWJsZV9maWVsZHNfb3B0aW9ucyIgdmFsdWU9InJlc291cmNlX2FjX2lkIj5yZXNvdXJjZV9hY19pZDwvb3B0aW9uPjxvcHRpb24gY2xhc3M9InRhYmxlX2ZpZWxkc19vcHRpb25zIiB2YWx1ZT0ib3NwX2FjX2lkIj5vc3BfYWNfaWQ8L29wdGlvbj48b3B0aW9uIGNsYXNzPSJ0YWJsZV9maWVsZHNfb3B0aW9ucyIgdmFsdWU9ImV4cGVuc2VfYWNfaWQiPmV4cGVuc2VfYWNfaWQ8L29wdGlvbj48b3B0aW9uIGNsYXNzPSJ0YWJsZV9maWVsZHNfb3B0aW9ucyIgdmFsdWU9ImVmX2lkIj5lZl9pZDwvb3B0aW9uPjxvcHRpb24gY2xhc3M9InRhYmxlX2ZpZWxkc19vcHRpb25zIiB2YWx1ZT0ic3RhdHVzIj5zdGF0dXM8L29wdGlvbj48b3B0aW9uIGNsYXNzPSJ0YWJsZV9maWVsZHNfb3B0aW9ucyIgdmFsdWU9InJldl9lbmFibGVkX2NiIj5yZXZfZW5hYmxlZF9jYjwvb3B0aW9uPjxvcHRpb24gY2xhc3M9InRhYmxlX2ZpZWxkc19vcHRpb25zIiB2YWx1ZT0icmV2X251bWJlciI+cmV2X251bWJlcjwvb3B0aW9uPjxvcHRpb24gY2xhc3M9InRhYmxlX2ZpZWxkc19vcHRpb25zIiB2YWx1ZT0iY3JlYXRlZF9ieSI+Y3JlYXRlZF9ieTwvb3B0aW9uPjxvcHRpb24gY2xhc3M9InRhYmxlX2ZpZWxkc19vcHRpb25zIiB2YWx1ZT0iY3JlYXRpb25fZGF0ZSI+Y3JlYXRpb25fZGF0ZTwvb3B0aW9uPjxvcHRpb24gY2xhc3M9InRhYmxlX2ZpZWxkc19vcHRpb25zIiB2YWx1ZT0ibGFzdF91cGRhdGVfYnkiPmxhc3RfdXBkYXRlX2J5PC9vcHRpb24+PG9wdGlvbiBjbGFzcz0idGFibGVfZmllbGRzX29wdGlvbnMiIHZhbHVlPSJsYXN0X3VwZGF0ZV9kYXRlIj5sYXN0X3VwZGF0ZV9kYXRlPC9vcHRpb24+PG9wdGlvbiB2YWx1ZT0icmVtb3ZlIiBjbGFzcz0icmVtb3ZlX29wdGlvbiI+UmVtb3ZlIEZpZWxkPC9vcHRpb24+PC9zZWxlY3Q+DQoJCQkJCQkJIDwvbGk+PGxpIGlkPSJuZXdfb2JqZWN0MTEiPjxsYWJlbD5GaWVsZDwvbGFiZWw+DQoJCQkJCQkJCQ0KICANCiAgDQogIA0KICANCiAgDQogIDxzZWxlY3QgY2xhc3M9InRhYmxlX2ZpZWxkcyI+PG9wdGlvbiBjbGFzcz0idGFibGVfZmllbGRzX29wdGlvbnMiIHZhbHVlPSJzdWJpbnZlbnRvcnlfaWQiPnN1YmludmVudG9yeV9pZDwvb3B0aW9uPjxvcHRpb24gY2xhc3M9InRhYmxlX2ZpZWxkc19vcHRpb25zIiB2YWx1ZT0ib3JnX2lkIj5vcmdfaWQ8L29wdGlvbj48b3B0aW9uIGNsYXNzPSJ0YWJsZV9maWVsZHNfb3B0aW9ucyIgdmFsdWU9InR5cGUiPnR5cGU8L29wdGlvbj48b3B0aW9uIGNsYXNzPSJ0YWJsZV9maWVsZHNfb3B0aW9ucyIgdmFsdWU9InN1YmludmVudG9yeSI+c3ViaW52ZW50b3J5PC9vcHRpb24+PG9wdGlvbiBzZWxlY3RlZD0ic2VsZWN0ZWQiIGNsYXNzPSJ0YWJsZV9maWVsZHNfb3B0aW9ucyIgdmFsdWU9ImRlc2NyaXB0aW9uIj5kZXNjcmlwdGlvbjwvb3B0aW9uPjxvcHRpb24gY2xhc3M9InRhYmxlX2ZpZWxkc19vcHRpb25zIiB2YWx1ZT0ibG9jYXRvcl9jb250cm9sIj5sb2NhdG9yX2NvbnRyb2w8L29wdGlvbj48b3B0aW9uIGNsYXNzPSJ0YWJsZV9maWVsZHNfb3B0aW9ucyIgdmFsdWU9ImFsbG93X25lZ2F0aXZlX2JhbGFuY2VfY2IiPmFsbG93X25lZ2F0aXZlX2JhbGFuY2VfY2I8L29wdGlvbj48b3B0aW9uIGNsYXNzPSJ0YWJsZV9maWVsZHNfb3B0aW9ucyIgdmFsdWU9ImRlZmF1bHRfY29zdF9ncm91cCI+ZGVmYXVsdF9jb3N0X2dyb3VwPC9vcHRpb24+PG9wdGlvbiBjbGFzcz0idGFibGVfZmllbGRzX29wdGlvbnMiIHZhbHVlPSJtYXRlcmlhbF9hY19pZCI+bWF0ZXJpYWxfYWNfaWQ8L29wdGlvbj48b3B0aW9uIGNsYXNzPSJ0YWJsZV9maWVsZHNfb3B0aW9ucyIgdmFsdWU9Im1hdGVyaWFsX29oX2FjX2lkIj5tYXRlcmlhbF9vaF9hY19pZDwvb3B0aW9uPjxvcHRpb24gY2xhc3M9InRhYmxlX2ZpZWxkc19vcHRpb25zIiB2YWx1ZT0ib3ZlcmhlYWRfYWNfaWQiPm92ZXJoZWFkX2FjX2lkPC9vcHRpb24+PG9wdGlvbiBjbGFzcz0idGFibGVfZmllbGRzX29wdGlvbnMiIHZhbHVlPSJyZXNvdXJjZV9hY19pZCI+cmVzb3VyY2VfYWNfaWQ8L29wdGlvbj48b3B0aW9uIGNsYXNzPSJ0YWJsZV9maWVsZHNfb3B0aW9ucyIgdmFsdWU9Im9zcF9hY19pZCI+b3NwX2FjX2lkPC9vcHRpb24+PG9wdGlvbiBjbGFzcz0idGFibGVfZmllbGRzX29wdGlvbnMiIHZhbHVlPSJleHBlbnNlX2FjX2lkIj5leHBlbnNlX2FjX2lkPC9vcHRpb24+PG9wdGlvbiBjbGFzcz0idGFibGVfZmllbGRzX29wdGlvbnMiIHZhbHVlPSJlZl9pZCI+ZWZfaWQ8L29wdGlvbj48b3B0aW9uIGNsYXNzPSJ0YWJsZV9maWVsZHNfb3B0aW9ucyIgdmFsdWU9InN0YXR1cyI+c3RhdHVzPC9vcHRpb24+PG9wdGlvbiBjbGFzcz0idGFibGVfZmllbGRzX29wdGlvbnMiIHZhbHVlPSJyZXZfZW5hYmxlZF9jYiI+cmV2X2VuYWJsZWRfY2I8L29wdGlvbj48b3B0aW9uIGNsYXNzPSJ0YWJsZV9maWVsZHNfb3B0aW9ucyIgdmFsdWU9InJldl9udW1iZXIiPnJldl9udW1iZXI8L29wdGlvbj48b3B0aW9uIGNsYXNzPSJ0YWJsZV9maWVsZHNfb3B0aW9ucyIgdmFsdWU9ImNyZWF0ZWRfYnkiPmNyZWF0ZWRfYnk8L29wdGlvbj48b3B0aW9uIGNsYXNzPSJ0YWJsZV9maWVsZHNfb3B0aW9ucyIgdmFsdWU9ImNyZWF0aW9uX2RhdGUiPmNyZWF0aW9uX2RhdGU8L29wdGlvbj48b3B0aW9uIGNsYXNzPSJ0YWJsZV9maWVsZHNfb3B0aW9ucyIgdmFsdWU9Imxhc3RfdXBkYXRlX2J5Ij5sYXN0X3VwZGF0ZV9ieTwvb3B0aW9uPjxvcHRpb24gY2xhc3M9InRhYmxlX2ZpZWxkc19vcHRpb25zIiB2YWx1ZT0ibGFzdF91cGRhdGVfZGF0ZSI+bGFzdF91cGRhdGVfZGF0ZTwvb3B0aW9uPjxvcHRpb24gdmFsdWU9InJlbW92ZSIgY2xhc3M9InJlbW92ZV9vcHRpb24iPlJlbW92ZSBGaWVsZDwvb3B0aW9uPjwvc2VsZWN0Pg0KCQkJCQkJCSA8L2xpPjwvdWw+PC9kaXY+DQoJCQkJCQkgPGxpIGlkPSJzaG93X2ZpZWxkX2xpIj48bGFiZWw+U2hvdyBGaWVsZHM8L2xhYmVsPg0KCQkJCQkJCTxkaXYgaWQ9InNob3dfZmllbGRfYnV0dG9ucyI+PGRpdiBjbGFzcz0iZHJhZ2dhYmxlX2VsZW1lbnQgdWktZHJhZ2dhYmxlIj48aW5wdXQgdmFsdWU9Im9yZy5vcmdfaWQiIGNsYXNzPSJzaG93RmllbGRfYnV0dG9ucyBvcmcub3JnX2lkIiB0eXBlPSJ0ZXh0Ij48L2Rpdj48ZGl2IGNsYXNzPSJkcmFnZ2FibGVfZWxlbWVudCB1aS1kcmFnZ2FibGUiPjxpbnB1dCB2YWx1ZT0ib3JnLm5hbWUiIGNsYXNzPSJzaG93RmllbGRfYnV0dG9ucyBvcmcubmFtZSIgdHlwZT0idGV4dCI+PC9kaXY+PGRpdiBjbGFzcz0iZHJhZ2dhYmxlX2VsZW1lbnQgdWktZHJhZ2dhYmxlIj48aW5wdXQgdmFsdWU9Im9yZy5kZXNjcmlwdGlvbiIgY2xhc3M9InNob3dGaWVsZF9idXR0b25zIG9yZy5kZXNjcmlwdGlvbiIgdHlwZT0idGV4dCI+PC9kaXY+PGRpdiBjbGFzcz0iZHJhZ2dhYmxlX2VsZW1lbnQgdWktZHJhZ2dhYmxlIj48aW5wdXQgdmFsdWU9InN1YmludmVudG9yeS5vcmdfaWQiIGNsYXNzPSJzaG93RmllbGRfYnV0dG9ucyBzdWJpbnZlbnRvcnkub3JnX2lkIiB0eXBlPSJ0ZXh0Ij48L2Rpdj48ZGl2IGNsYXNzPSJkcmFnZ2FibGVfZWxlbWVudCB1aS1kcmFnZ2FibGUiPjxpbnB1dCB2YWx1ZT0ic3ViaW52ZW50b3J5LnN1YmludmVudG9yeSIgY2xhc3M9InNob3dGaWVsZF9idXR0b25zIHN1YmludmVudG9yeS5zdWJpbnZlbnRvcnkiIHR5cGU9InRleHQiPjwvZGl2PjxkaXYgY2xhc3M9ImRyYWdnYWJsZV9lbGVtZW50IHVpLWRyYWdnYWJsZSI+PGlucHV0IHZhbHVlPSJzdWJpbnZlbnRvcnkuZGVzY3JpcHRpb24iIGNsYXNzPSJzaG93RmllbGRfYnV0dG9ucyBzdWJpbnZlbnRvcnkuZGVzY3JpcHRpb24iIHR5cGU9InRleHQiPjwvZGl2PjwvZGl2Pg0KCQkJCQkJIDwvbGk+DQoJCQkJCQkgPGxpIGlkPSJjb25kaXRpb25fbGkiPjxsYWJlbD5Db25kaXRpb25zPC9sYWJlbD4NCgkJCQkJCQk8ZGl2IGlkPSJjb25kaXRpb25fYnV0dG9ucyI+DQo8IS0tCQkJCQkJCSA8aW5wdXQgdHlwZT0iYnV0dG9uIiB2YWx1ZT0iU2F2ZSBDb25kdGlvbnMiIGNsYXNzPSJidXR0b24gc2F2ZV9jb25kaXRpb25zIiBpZD0ic2F2ZV9jb25kaXRpb25zIj4tLT4NCgkJCQkJCQkgPHNwYW4gY2xhc3M9ImFkZF9uZXdfY29uZGl0aW9ucyI+PGltZyBzcmM9Imh0dHA6Ly93d3cuaW5vaWRlYXMuY29tL2lub2VycC90aGVtZXMvaW1hZ2VzL3BsdXNfMTAucG5nIiBhbHQ9ImFkZCBuZXcgY29uZGl0aW9ucyI+TmV3IENvbmRpdGlvbnM8L3NwYW4+DQoJCQkJCQkJPC9kaXY+DQoNCgkJCQkJCQk8ZGl2IGlkPSJjb25kaXRpb25fYnV0dG9uc19kaXYiPjxkaXYgY2xhc3M9ImRyYWdnYWJsZV9lbGVtZW50IHVpLWRyYWdnYWJsZSI+PGlucHV0IHZhbHVlPSJvcmcub3JnX2lkIiBjbGFzcz0iY29uZGl0aW9uX2J1dHRvbnMgb3JnLm9yZ19pZCIgdHlwZT0idGV4dCI+PC9kaXY+PGRpdiBjbGFzcz0iZHJhZ2dhYmxlX2VsZW1lbnQgdWktZHJhZ2dhYmxlIj48aW5wdXQgdmFsdWU9Im9yZy5uYW1lIiBjbGFzcz0iY29uZGl0aW9uX2J1dHRvbnMgb3JnLm5hbWUiIHR5cGU9InRleHQiPjwvZGl2PjxkaXYgY2xhc3M9ImRyYWdnYWJsZV9lbGVtZW50IHVpLWRyYWdnYWJsZSI+PGlucHV0IHZhbHVlPSJvcmcuZGVzY3JpcHRpb24iIGNsYXNzPSJjb25kaXRpb25fYnV0dG9ucyBvcmcuZGVzY3JpcHRpb24iIHR5cGU9InRleHQiPjwvZGl2PjxkaXYgY2xhc3M9ImRyYWdnYWJsZV9lbGVtZW50IHVpLWRyYWdnYWJsZSI+PGlucHV0IHZhbHVlPSJzdWJpbnZlbnRvcnkub3JnX2lkIiBjbGFzcz0iY29uZGl0aW9uX2J1dHRvbnMgc3ViaW52ZW50b3J5Lm9yZ19pZCIgdHlwZT0idGV4dCI+PC9kaXY+PGRpdiBjbGFzcz0iZHJhZ2dhYmxlX2VsZW1lbnQgdWktZHJhZ2dhYmxlIj48aW5wdXQgdmFsdWU9InN1YmludmVudG9yeS5zdWJpbnZlbnRvcnkiIGNsYXNzPSJjb25kaXRpb25fYnV0dG9ucyBzdWJpbnZlbnRvcnkuc3ViaW52ZW50b3J5IiB0eXBlPSJ0ZXh0Ij48L2Rpdj48ZGl2IGNsYXNzPSJkcmFnZ2FibGVfZWxlbWVudCB1aS1kcmFnZ2FibGUiPjxpbnB1dCB2YWx1ZT0ic3ViaW52ZW50b3J5LmRlc2NyaXB0aW9uIiBjbGFzcz0iY29uZGl0aW9uX2J1dHRvbnMgc3ViaW52ZW50b3J5LmRlc2NyaXB0aW9uIiB0eXBlPSJ0ZXh0Ij48L2Rpdj48L2Rpdj4NCgkJCQkJCQk8ZGl2IGlkPSJjb25kaXRpb25fYnV0dG9uc19pbmZvIj4NCgkJCQkJCQk8L2Rpdj4NCgkJCQkJCQk8dGFibGUgaWQ9ImNvbmRpdGlvbl9idXR0b25zX3RhYmxlIj4NCgkJCQkJCQkgPHRoZWFkPg0KCQkJCQkJCQk8dHI+DQoJCQkJCQkJCSA8dGg+UGFyYW1ldGVyPC90aD4NCgkJCQkJCQkJIDx0aD5Db25kaXRpb248L3RoPg0KCQkJCQkJCQkgPHRoPlZhbHVlPC90aD4NCgkJCQkJCQkJPC90cj4NCgkJCQkJCQkgPC90aGVhZD4NCgkJCQkJCQkgPHRib2R5Pg0KCQkJCQkJCQk8dHIgY2xhc3M9ImNvbmRpdGlvbl9yb3ciPg0KCQkJCQkJCQkgPHRkIGNsYXNzPSJjb25kaXRpb25fcm93X3BhcmFtZXRlciB1aS1kcm9wcGFibGUiPg0KDQoJCQkJCQkJCSA8ZGl2IGNsYXNzPSJkcmFnZ2FibGVfZWxlbWVudCB1aS1kcmFnZ2FibGUiPjxpbnB1dCB2YWx1ZT0ib3JnLm9yZ19pZCIgY2xhc3M9ImNvbmRpdGlvbl9idXR0b25zIG9yZy5vcmdfaWQiIHR5cGU9InRleHQiPjwvZGl2PjwvdGQ+DQoJCQkJCQkJCSA8dGQgY2xhc3M9ImNvbmRpdGlvbl9yb3dfY29uZGl0aW9uIj4NCgkJCQkJCQkJCTwhLS0JCQkJCQkJCQkgPGxhYmVsPk9wZXJhdG9yPC9sYWJlbD4tLT4NCgkJCQkJCQkJCTx1bD48bGk+DQoJCQkJCQkJCQkJPHNlbGVjdCBjbGFzcz0iY29uZGl0aW9uX29wZXJhdG9yX3R5cGUiPg0KCQkJCQkJCQkJCSA8b3B0aW9uIHZhbHVlPSIiPjwvb3B0aW9uPg0KCQkJCQkJCQkJCSA8b3B0aW9uIHZhbHVlPSJkYXRhYmFzZSI+RGF0YWJhc2U8L29wdGlvbj4NCgkJCQkJCQkJCQkgPG9wdGlvbiB2YWx1ZT0ibWFudWFsIj5NYW51YWwgRW50cnk8L29wdGlvbj4NCiAgICAgICAgICAgICAgICAgICAgIDxvcHRpb24gdmFsdWU9InJlbW92ZSI+UmVtb3ZlPC9vcHRpb24+DQoJCQkJCQkJCQkJPC9zZWxlY3Q+DQoNCgkJCQkJCQkJCSA8L2xpPjxsaT4NCgkJCQkJCQkJCQk8c2VsZWN0IGNsYXNzPSJjb25kaXRpb25fb3BlcmF0b3IiPg0KCQkJCQkJCQkJCSA8b3B0aW9uIHZhbHVlPSIgPSAiPiBpcyBlcXVhbCB0byA8L29wdGlvbj4NCgkJCQkJCQkJCQkgPG9wdGlvbiB2YWx1ZT0iICE9ICI+IGlzIG5vdCBlcXVhbCB0byA8L29wdGlvbj4NCgkJCQkJCQkJCQkgPG9wdGlvbiB2YWx1ZT0iID4gIj4gaXMgZ3JlYXRlciB0aGFuIDwvb3B0aW9uPg0KCQkJCQkJCQkJCSA8b3B0aW9uIHZhbHVlPSIgPj0gIj4gJmd0Oz0gPC9vcHRpb24+DQoJCQkJCQkJCQkJIDxvcHRpb24gdmFsdWU9IiA8ICI+IGlzIGxlc3MgdGhhbiA8L29wdGlvbj4NCgkJCQkJCQkJCQkgPG9wdGlvbiB2YWx1ZT0iIDw9ICI+ICZsdDs9IDwvb3B0aW9uPg0KCQkJCQkJCQkJCSA8b3B0aW9uIHZhbHVlPSIgTElLRSAiPiBjb250YWlucyA8L29wdGlvbj4NCgkJCQkJCQkJCQkgPG9wdGlvbiB2YWx1ZT0iIElTIE5VTEwgIj4gaXMgTlVMTCA8L29wdGlvbj4NCgkJCQkJCQkJCQkgPG9wdGlvbiB2YWx1ZT0iIElTIE5PVCBOVUxMICI+IGlzIG5vdCBOVUxMIDwvb3B0aW9uPg0KDQoJCQkJCQkJCQkJPC9zZWxlY3Q+DQoJCQkJCQkJCQkgPC9saT4NCgkJCQkJCQkJCTwvdWw+DQoJCQkJCQkJCSA8L3RkPg0KCQkJCQkJCQkgPHRkIGNsYXNzPSJjb25kaXRpb25fcm93X3ZhbHVlIHVpLWRyb3BwYWJsZSI+DQoJCQkJCQkJCQkNCgkJCQkJCQkJIDxkaXYgY2xhc3M9ImRyYWdnYWJsZV9lbGVtZW50IHVpLWRyYWdnYWJsZSI+PGlucHV0IHN0eWxlPSJiYWNrZ3JvdW5kLWNvbG9yOiByZ2IoMjU1LCAyNTUsIDI1NSk7IiB2YWx1ZT0ic3ViaW52ZW50b3J5Lm9yZ19pZCIgY2xhc3M9ImNvbmRpdGlvbl9idXR0b25zIHN1YmludmVudG9yeS5vcmdfaWQiIHR5cGU9InRleHQiPjwvZGl2PjwvdGQ+DQoJCQkJCQkJCTwvdHI+DQoJCQkJCQkJIDwvdGJvZHk+DQoJCQkJCQkJPC90YWJsZT4NCgkJCQkJCSA8L2xpPiANCgkJCQkJCSA8bGkgaWQ9InNvcnRfc3FsUXVlcnkiPg0KCQkJCQkJCTx1bD4NCgkJCQkJCQkgPGxpIGlkPSJzb3J0aW5nX2xpIj4NCgkJCQkJCQkJPGxhYmVsPlNvcnRpbmc8L2xhYmVsPg0KCQkJCQkJCQk8c3BhbiBjbGFzcz0iYWRkX25ld19zb3J0X2NyaXRlcmlhIj48aW1nIHNyYz0iaHR0cDovL3d3dy5pbm9pZGVhcy5jb20vaW5vZXJwL3RoZW1lcy9pbWFnZXMvcGx1c18xMC5wbmciIGFsdD0iYWRkIG5ldyBjb25kaXRpb25zIj5OZXcgU29ydGluZyBDcml0ZXJpYTwvc3Bhbj4NCgkJCQkJCQkJPHRhYmxlIGlkPSJzb3J0X2ZpZWxkc190YWJsZSI+DQoJCQkJCQkJCSA8dGhlYWQ+DQoJCQkJCQkJCQk8dHI+DQoJCQkJCQkJCQkgPHRoPkZpZWxkczwvdGg+DQoJCQkJCQkJCQkgPHRoPlNvcnQgYnk8L3RoPg0KCQkJCQkJCQkJPC90cj4NCgkJCQkJCQkJIDwvdGhlYWQ+DQoJCQkJCQkJCSA8dGJvZHk+DQoJCQkJCQkJCQk8dHIgY2xhc3M9InNvcnRfZmllbGRzX3JvdyI+DQoJCQkJCQkJCQkgPHRkIGNsYXNzPSJzb3J0X2ZpZWxkc19maWVsZF92YWx1ZSB1aS1kcm9wcGFibGUiPg0KDQoJCQkJCQkJCQkgPC90ZD4NCgkJCQkJCQkJCSA8dGQgY2xhc3M9InNvcnRfZmllbGRzX3NvcnRCeSI+DQoJCQkJCQkJCQkJPHNlbGVjdCBjbGFzcz0ic29ydF9maWVsZHNfdmFsdWVzIj4NCgkJCQkJCQkJCQkgPG9wdGlvbiB2YWx1ZT0iIj48L29wdGlvbj4NCgkJCQkJCQkJCQkgPG9wdGlvbiB2YWx1ZT0iQVNDIj4gQXNjZW5kaW5nPC9vcHRpb24+DQoJCQkJCQkJCQkJIDxvcHRpb24gdmFsdWU9IkRFU0MiPiBEZXNjZW5kaW5nIDwvb3B0aW9uPg0KICAgICAgICAgICAgICAgICAgICAgPG9wdGlvbiB2YWx1ZT0icmVtb3ZlIj5SZW1vdmU8L29wdGlvbj4NCgkJCQkJCQkJCQk8L3NlbGVjdD4NCgkJCQkJCQkJCSA8L3RkPg0KCQkJCQkJCQkJPC90cj4NCgkJCQkJCQkJIDwvdGJvZHk+DQoJCQkJCQkJCTwvdGFibGU+DQoJCQkJCQkJIDwvbGk+IA0KCQkJCQkJCSA8bGk+PGxhYmVsPlBhcmFtZXRlcjwvbGFiZWw+PC9saT4gDQoJCQkJCQkJIDxsaT48bGFiZWw+UmVsYXRpb25zaGlwczwvbGFiZWw+PC9saT4gDQoJCQkJCQkJIDxsaT48bGFiZWw+Q2FsbGJhY2s8L2xhYmVsPjwvbGk+IA0KCQkJCQkJIA0KCQkJCQkJPC91bD4NCgkJCQkJCTwvbGk+DQoJCQkJCQk=', 'U0VMRUNUIG9yZy5vcmdfaWQgQVMgb3JnX19vcmdfaWQsb3JnLm5hbWUgQVMgb3JnX19uYW1lLG9yZy5kZXNjcmlwdGlvbiBBUyBvcmdfX2Rlc2NyaXB0aW9uLHN1YmludmVudG9yeS5vcmdfaWQgQVMgc3ViaW52ZW50b3J5X19vcmdfaWQsc3ViaW52ZW50b3J5LnN1YmludmVudG9yeSBBUyBzdWJpbnZlbnRvcnlfX3N1YmludmVudG9yeSxzdWJpbnZlbnRvcnkuZGVzY3JpcHRpb24gQVMgc3ViaW52ZW50b3J5X19kZXNjcmlwdGlvbg0KRlJPTSANCm9yZyxzdWJpbnZlbnRvcnkNCldIRVJFIG9yZy5vcmdfaWQgID0gIHN1YmludmVudG9yeS5vcmdfaWQ=', '', '', NULL, NULL, '', '', '', 0, '', '', '', 0, 0, 'test06', 0, '', '', '', '', 0, 0, '', 'inoerp', '2013-09-03 12:13:59', 'inoerp', '2013-09-03 12:13:59');
INSERT INTO `view` (`view_id`, `view`, `description`, `logical_settings`, `query`, `select`, `from`, `where`, `order_by`, `query_end`, `filters`, `display_type`, `page`, `page_title`, `page_header`, `page_footer`, `use_pager`, `contents_per_page`, `path`, `block`, `block_title`, `block_header`, `block_footer`, `block_type`, `block_more`, `rev_enabled_cb`, `rev_number`, `created_by`, `creation_date`, `last_update_by`, `last_update_date`) VALUES
(7, 'test07', 'test07', 'DQoJCQkJCQkgPGxpPjxsYWJlbD5UYWJsZXM8L2xhYmVsPiANCgkJCQkJCQk8aW5wdXQgc3R5bGU9ImJhY2tncm91bmQtY29sb3I6IHJnYigyNTUsIDI1NSwgMjU1KTsiIHZhbHVlPSJTYXZlIFRhYmxlcyIgY2xhc3M9ImJ1dHRvbiBzYXZlX3RhYmxlcyIgaWQ9InNhdmVfdGFibGVzIiB0eXBlPSJidXR0b24iPg0KCQkJCQkJCTxpbnB1dCBzdHlsZT0iYmFja2dyb3VuZC1jb2xvcjogcmdiKDI1NSwgMjU1LCAyNTUpOyIgdmFsdWU9IlNhdmUgUXVlcnkiIGNsYXNzPSJidXR0b24gc2F2ZV9xdWVyeSIgaWQ9InNhdmVfcXVlcnkiIHR5cGU9ImJ1dHRvbiI+DQoJCQkJCQkgPC9saT4NCgkJCQkJCSA8ZGl2IGlkPSJkaXNwbGF5X2RpdiI+IA0KCQkJCQkJCTx1bCBpZD0iZGlzcGxheV9yZWNvcmRzMCI+DQoJCQkJCQkJIDxzcGFuIGNsYXNzPSJhZGRfbmV3X3RhYmxlIj48aW1nIHNyYz0iaHR0cDovL3d3dy5pbm9pZGVhcy5jb20vaW5vZXJwL3RoZW1lcy9pbWFnZXMvcGx1c18xMC5wbmciIGFsdD0iYWRkIG5ldyB0YWJsZSI+TmV3IFRhYmxlPC9zcGFuPg0KCQkJCQkJCSA8c3BhbiBjbGFzcz0iYWRkX25ld19maWVsZCI+PGltZyBzcmM9Imh0dHA6Ly93d3cuaW5vaWRlYXMuY29tL2lub2VycC90aGVtZXMvaW1hZ2VzL3BsdXNfMTAucG5nIiBhbHQ9ImFkZCBuZXcgdGFibGUiPk5ldyBGaWVsZDwvc3Bhbj4NCgkJCQkJCQkgPGxpIGlkPSJ0YWJsZV9yZWNvcmRzIj48bGFiZWw+VGFibGUgTmFtZSA8L2xhYmVsPg0KCQkJCQkJCQk8c2VsZWN0IGNsYXNzPSJhbGxfdGFibGVfbmFtZXMiPg0KCQkJCQkJCQkgPG9wdGlvbj48L29wdGlvbj48b3B0aW9uIGNsYXNzPSJzZWxlY3QgdGFibGUgb3B0aW9uIiB2YWx1ZT0iYWRkcmVzcyI+YWRkcmVzczwvb3B0aW9uPjxvcHRpb24gY2xhc3M9InNlbGVjdCB0YWJsZSBvcHRpb24iIHZhbHVlPSJhcF9wYXltZW50X3Rlcm1zIj5hcF9wYXltZW50X3Rlcm1zPC9vcHRpb24+PG9wdGlvbiBjbGFzcz0ic2VsZWN0IHRhYmxlIG9wdGlvbiIgdmFsdWU9ImJsb2NrIj5ibG9jazwvb3B0aW9uPjxvcHRpb24gY2xhc3M9InNlbGVjdCB0YWJsZSBvcHRpb24iIHZhbHVlPSJibG9ja19jb250ZW50Ij5ibG9ja19jb250ZW50PC9vcHRpb24+PG9wdGlvbiBjbGFzcz0ic2VsZWN0IHRhYmxlIG9wdGlvbiIgdmFsdWU9ImJ1c2luZXNzX29yZyI+YnVzaW5lc3Nfb3JnPC9vcHRpb24+PG9wdGlvbiBjbGFzcz0ic2VsZWN0IHRhYmxlIG9wdGlvbiIgdmFsdWU9ImNfY29udGVudCI+Y19jb250ZW50PC9vcHRpb24+PG9wdGlvbiBjbGFzcz0ic2VsZWN0IHRhYmxlIG9wdGlvbiIgdmFsdWU9ImNfY3VzdG9tZXIiPmNfY3VzdG9tZXI8L29wdGlvbj48b3B0aW9uIGNsYXNzPSJzZWxlY3QgdGFibGUgb3B0aW9uIiB2YWx1ZT0iY19mb3J1bSI+Y19mb3J1bTwvb3B0aW9uPjxvcHRpb24gY2xhc3M9InNlbGVjdCB0YWJsZSBvcHRpb24iIHZhbHVlPSJjX3BsYWluX3RleHQiPmNfcGxhaW5fdGV4dDwvb3B0aW9uPjxvcHRpb24gY2xhc3M9InNlbGVjdCB0YWJsZSBvcHRpb24iIHZhbHVlPSJjX3N1cHBsaWVyIj5jX3N1cHBsaWVyPC9vcHRpb24+PG9wdGlvbiBjbGFzcz0ic2VsZWN0IHRhYmxlIG9wdGlvbiIgdmFsdWU9ImNfc3VwcGxpZXJfY29udGFjdCI+Y19zdXBwbGllcl9jb250YWN0PC9vcHRpb24+PG9wdGlvbiBjbGFzcz0ic2VsZWN0IHRhYmxlIG9wdGlvbiIgdmFsdWU9ImNfdGVzdCI+Y190ZXN0PC9vcHRpb24+PG9wdGlvbiBjbGFzcz0ic2VsZWN0IHRhYmxlIG9wdGlvbiIgdmFsdWU9ImNfdGVzdF9mb3J1bSI+Y190ZXN0X2ZvcnVtPC9vcHRpb24+PG9wdGlvbiBjbGFzcz0ic2VsZWN0IHRhYmxlIG9wdGlvbiIgdmFsdWU9ImNhdGVnb3J5Ij5jYXRlZ29yeTwvb3B0aW9uPjxvcHRpb24gY2xhc3M9InNlbGVjdCB0YWJsZSBvcHRpb24iIHZhbHVlPSJjYXRlZ29yeV9yZWZlcmVuY2UiPmNhdGVnb3J5X3JlZmVyZW5jZTwvb3B0aW9uPjxvcHRpb24gY2xhc3M9InNlbGVjdCB0YWJsZSBvcHRpb24iIHZhbHVlPSJjb2EiPmNvYTwvb3B0aW9uPjxvcHRpb24gY2xhc3M9InNlbGVjdCB0YWJsZSBvcHRpb24iIHZhbHVlPSJjb2FfY29tYmluYXRpb24iPmNvYV9jb21iaW5hdGlvbjwvb3B0aW9uPjxvcHRpb24gY2xhc3M9InNlbGVjdCB0YWJsZSBvcHRpb24iIHZhbHVlPSJjb2Ffc2VnbWVudF92YWx1ZXMiPmNvYV9zZWdtZW50X3ZhbHVlczwvb3B0aW9uPjxvcHRpb24gY2xhc3M9InNlbGVjdCB0YWJsZSBvcHRpb24iIHZhbHVlPSJjb21tZW50Ij5jb21tZW50PC9vcHRpb24+PG9wdGlvbiBzZWxlY3RlZD0ic2VsZWN0ZWQiIGNsYXNzPSJzZWxlY3QgdGFibGUgb3B0aW9uIiB2YWx1ZT0iY29udGVudCI+Y29udGVudDwvb3B0aW9uPjxvcHRpb24gY2xhc3M9InNlbGVjdCB0YWJsZSBvcHRpb24iIHZhbHVlPSJjb250ZW50X3R5cGUiPmNvbnRlbnRfdHlwZTwvb3B0aW9uPjxvcHRpb24gY2xhc3M9InNlbGVjdCB0YWJsZSBvcHRpb24iIHZhbHVlPSJjb250ZW50X3R5cGVfcmVmZXJlbmNlIj5jb250ZW50X3R5cGVfcmVmZXJlbmNlPC9vcHRpb24+PG9wdGlvbiBjbGFzcz0ic2VsZWN0IHRhYmxlIG9wdGlvbiIgdmFsdWU9ImVudGVycHJpc2UiPmVudGVycHJpc2U8L29wdGlvbj48b3B0aW9uIGNsYXNzPSJzZWxlY3QgdGFibGUgb3B0aW9uIiB2YWx1ZT0iZmlsZSI+ZmlsZTwvb3B0aW9uPjxvcHRpb24gY2xhc3M9InNlbGVjdCB0YWJsZSBvcHRpb24iIHZhbHVlPSJmaWxlX3JlZmVyZW5jZSI+ZmlsZV9yZWZlcmVuY2U8L29wdGlvbj48b3B0aW9uIGNsYXNzPSJzZWxlY3QgdGFibGUgb3B0aW9uIiB2YWx1ZT0iaW52X3RyYW5zYWN0aW9uIj5pbnZfdHJhbnNhY3Rpb248L29wdGlvbj48b3B0aW9uIGNsYXNzPSJzZWxlY3QgdGFibGUgb3B0aW9uIiB2YWx1ZT0iaW52ZW50b3J5X29yZyI+aW52ZW50b3J5X29yZzwvb3B0aW9uPjxvcHRpb24gY2xhc3M9InNlbGVjdCB0YWJsZSBvcHRpb24iIHZhbHVlPSJpdGVtIj5pdGVtPC9vcHRpb24+PG9wdGlvbiBjbGFzcz0ic2VsZWN0IHRhYmxlIG9wdGlvbiIgdmFsdWU9Iml0ZW1fc3RhdHVzIj5pdGVtX3N0YXR1czwvb3B0aW9uPjxvcHRpb24gY2xhc3M9InNlbGVjdCB0YWJsZSBvcHRpb24iIHZhbHVlPSJsZWRnZXIiPmxlZGdlcjwvb3B0aW9uPjxvcHRpb24gY2xhc3M9InNlbGVjdCB0YWJsZSBvcHRpb24iIHZhbHVlPSJsZWdhbF9vcmciPmxlZ2FsX29yZzwvb3B0aW9uPjxvcHRpb24gY2xhc3M9InNlbGVjdCB0YWJsZSBvcHRpb24iIHZhbHVlPSJsb2NhdG9yIj5sb2NhdG9yPC9vcHRpb24+PG9wdGlvbiBjbGFzcz0ic2VsZWN0IHRhYmxlIG9wdGlvbiIgdmFsdWU9Im1vZHVsZSI+bW9kdWxlPC9vcHRpb24+PG9wdGlvbiBjbGFzcz0ic2VsZWN0IHRhYmxlIG9wdGlvbiIgdmFsdWU9Im9uaGFuZCI+b25oYW5kPC9vcHRpb24+PG9wdGlvbiBjbGFzcz0ic2VsZWN0IHRhYmxlIG9wdGlvbiIgdmFsdWU9Im9wdGlvbl9kZXRhaWwiPm9wdGlvbl9kZXRhaWw8L29wdGlvbj48b3B0aW9uIGNsYXNzPSJzZWxlY3QgdGFibGUgb3B0aW9uIiB2YWx1ZT0ib3B0aW9uX2hlYWRlciI+b3B0aW9uX2hlYWRlcjwvb3B0aW9uPjxvcHRpb24gY2xhc3M9InNlbGVjdCB0YWJsZSBvcHRpb24iIHZhbHVlPSJvcHRpb25fbGluZSI+b3B0aW9uX2xpbmU8L29wdGlvbj48b3B0aW9uIGNsYXNzPSJzZWxlY3QgdGFibGUgb3B0aW9uIiB2YWx1ZT0ib3JnIj5vcmc8L29wdGlvbj48b3B0aW9uIGNsYXNzPSJzZWxlY3QgdGFibGUgb3B0aW9uIiB2YWx1ZT0icGFnZSI+cGFnZTwvb3B0aW9uPjxvcHRpb24gY2xhc3M9InNlbGVjdCB0YWJsZSBvcHRpb24iIHZhbHVlPSJwYXRoIj5wYXRoPC9vcHRpb24+PG9wdGlvbiBjbGFzcz0ic2VsZWN0IHRhYmxlIG9wdGlvbiIgdmFsdWU9InByb2R1Y3QiPnByb2R1Y3Q8L29wdGlvbj48b3B0aW9uIGNsYXNzPSJzZWxlY3QgdGFibGUgb3B0aW9uIiB2YWx1ZT0ic3ViaW52ZW50b3J5Ij5zdWJpbnZlbnRvcnk8L29wdGlvbj48b3B0aW9uIGNsYXNzPSJzZWxlY3QgdGFibGUgb3B0aW9uIiB2YWx1ZT0ic3VwcGxpZXIiPnN1cHBsaWVyPC9vcHRpb24+PG9wdGlvbiBjbGFzcz0ic2VsZWN0IHRhYmxlIG9wdGlvbiIgdmFsdWU9InN1cHBsaWVyMSI+c3VwcGxpZXIxPC9vcHRpb24+PG9wdGlvbiBjbGFzcz0ic2VsZWN0IHRhYmxlIG9wdGlvbiIgdmFsdWU9InN1cHBsaWVyX3NpdGUiPnN1cHBsaWVyX3NpdGU8L29wdGlvbj48b3B0aW9uIGNsYXNzPSJzZWxlY3QgdGFibGUgb3B0aW9uIiB2YWx1ZT0ic3VwcGxpZXJfc2l0ZTEiPnN1cHBsaWVyX3NpdGUxPC9vcHRpb24+PG9wdGlvbiBjbGFzcz0ic2VsZWN0IHRhYmxlIG9wdGlvbiIgdmFsdWU9InN5c3RlbV9wYXRoIj5zeXN0ZW1fcGF0aDwvb3B0aW9uPjxvcHRpb24gY2xhc3M9InNlbGVjdCB0YWJsZSBvcHRpb24iIHZhbHVlPSJ0cmFuc2FjdGlvbl90eXBlIj50cmFuc2FjdGlvbl90eXBlPC9vcHRpb24+PG9wdGlvbiBjbGFzcz0ic2VsZWN0IHRhYmxlIG9wdGlvbiIgdmFsdWU9InVvbSI+dW9tPC9vcHRpb24+PG9wdGlvbiBjbGFzcz0ic2VsZWN0IHRhYmxlIG9wdGlvbiIgdmFsdWU9InVzZXIiPnVzZXI8L29wdGlvbj48b3B0aW9uIGNsYXNzPSJzZWxlY3QgdGFibGUgb3B0aW9uIiB2YWx1ZT0idmlldyI+dmlldzwvb3B0aW9uPjxvcHRpb24gY2xhc3M9InNlbGVjdCB0YWJsZSBvcHRpb24iIHZhbHVlPSJ2aWV3X3BhdGhzIj52aWV3X3BhdGhzPC9vcHRpb24+PG9wdGlvbiBjbGFzcz0ic2VsZWN0IHRhYmxlIG9wdGlvbiIgdmFsdWU9Inh4eF9ibG9nIj54eHhfYmxvZzwvb3B0aW9uPjxvcHRpb24gY2xhc3M9InNlbGVjdCB0YWJsZSBvcHRpb24iIHZhbHVlPSJ4eHhfZW50ZXJwcmlzZSI+eHh4X2VudGVycHJpc2U8L29wdGlvbj48b3B0aW9uIGNsYXNzPSJzZWxlY3QgdGFibGUgb3B0aW9uIiB2YWx1ZT0ieHh4X3RyYW5zYWN0aW9uX3R5cGUiPnh4eF90cmFuc2FjdGlvbl90eXBlPC9vcHRpb24+CQkJCQkJCQkgPG9wdGlvbiB2YWx1ZT0iIiBjbGFzcz0icmVtb3ZlX3RhYmxlIj5SZW1vdmUgVGFibGU8L29wdGlvbj4NCgkJCQkJCQkJPC9zZWxlY3Q+DQoJCQkJCQkJIDwvbGk+DQoJCQkJCQkJIDxsaSBpZD0iZmllbGRfcmVjb3JkczAiPjxsYWJlbD5GaWVsZDwvbGFiZWw+DQoJCQkJCQkJCQ0KICA8c2VsZWN0IGNsYXNzPSJ0YWJsZV9maWVsZHMiPjxvcHRpb24gc2VsZWN0ZWQ9InNlbGVjdGVkIiBjbGFzcz0idGFibGVfZmllbGRzX29wdGlvbnMiIHZhbHVlPSJjb250ZW50X2lkIj5jb250ZW50X2lkPC9vcHRpb24+PG9wdGlvbiBjbGFzcz0idGFibGVfZmllbGRzX29wdGlvbnMiIHZhbHVlPSJjb250ZW50X3R5cGVfaWQiPmNvbnRlbnRfdHlwZV9pZDwvb3B0aW9uPjxvcHRpb24gY2xhc3M9InRhYmxlX2ZpZWxkc19vcHRpb25zIiB2YWx1ZT0icGFyZW50X2lkIj5wYXJlbnRfaWQ8L29wdGlvbj48b3B0aW9uIGNsYXNzPSJ0YWJsZV9maWVsZHNfb3B0aW9ucyIgdmFsdWU9InN1YmplY3QiPnN1YmplY3Q8L29wdGlvbj48b3B0aW9uIGNsYXNzPSJ0YWJsZV9maWVsZHNfb3B0aW9ucyIgdmFsdWU9ImNvbnRlbnQiPmNvbnRlbnQ8L29wdGlvbj48b3B0aW9uIGNsYXNzPSJ0YWJsZV9maWVsZHNfb3B0aW9ucyIgdmFsdWU9InRlcm1zIj50ZXJtczwvb3B0aW9uPjxvcHRpb24gY2xhc3M9InRhYmxlX2ZpZWxkc19vcHRpb25zIiB2YWx1ZT0icHVibGlzaGVkX2NiIj5wdWJsaXNoZWRfY2I8L29wdGlvbj48b3B0aW9uIGNsYXNzPSJ0YWJsZV9maWVsZHNfb3B0aW9ucyIgdmFsdWU9IndlaWdodGFnZSI+d2VpZ2h0YWdlPC9vcHRpb24+PG9wdGlvbiBjbGFzcz0idGFibGVfZmllbGRzX29wdGlvbnMiIHZhbHVlPSJyZXZfZW5hYmxlZF9jYiI+cmV2X2VuYWJsZWRfY2I8L29wdGlvbj48b3B0aW9uIGNsYXNzPSJ0YWJsZV9maWVsZHNfb3B0aW9ucyIgdmFsdWU9InJldl9udW1iZXIiPnJldl9udW1iZXI8L29wdGlvbj48b3B0aW9uIGNsYXNzPSJ0YWJsZV9maWVsZHNfb3B0aW9ucyIgdmFsdWU9ImNyZWF0ZWRfYnkiPmNyZWF0ZWRfYnk8L29wdGlvbj48b3B0aW9uIGNsYXNzPSJ0YWJsZV9maWVsZHNfb3B0aW9ucyIgdmFsdWU9ImNyZWF0aW9uX2RhdGUiPmNyZWF0aW9uX2RhdGU8L29wdGlvbj48b3B0aW9uIGNsYXNzPSJ0YWJsZV9maWVsZHNfb3B0aW9ucyIgdmFsdWU9Imxhc3RfdXBkYXRlX2J5Ij5sYXN0X3VwZGF0ZV9ieTwvb3B0aW9uPjxvcHRpb24gY2xhc3M9InRhYmxlX2ZpZWxkc19vcHRpb25zIiB2YWx1ZT0ibGFzdF91cGRhdGVfZGF0ZSI+bGFzdF91cGRhdGVfZGF0ZTwvb3B0aW9uPjxvcHRpb24gdmFsdWU9InJlbW92ZSIgY2xhc3M9InJlbW92ZV9vcHRpb24iPlJlbW92ZSBGaWVsZDwvb3B0aW9uPjwvc2VsZWN0Pg0KCQkJCQkJCSA8L2xpPg0KCQkJCQkJCTxsaSBpZD0ibmV3X29iamVjdDEwIj48bGFiZWw+RmllbGQ8L2xhYmVsPg0KCQkJCQkJCQkNCiAgPHNlbGVjdCBjbGFzcz0idGFibGVfZmllbGRzIj48b3B0aW9uIGNsYXNzPSJ0YWJsZV9maWVsZHNfb3B0aW9ucyIgdmFsdWU9ImNvbnRlbnRfaWQiPmNvbnRlbnRfaWQ8L29wdGlvbj48b3B0aW9uIGNsYXNzPSJ0YWJsZV9maWVsZHNfb3B0aW9ucyIgdmFsdWU9ImNvbnRlbnRfdHlwZV9pZCI+Y29udGVudF90eXBlX2lkPC9vcHRpb24+PG9wdGlvbiBjbGFzcz0idGFibGVfZmllbGRzX29wdGlvbnMiIHZhbHVlPSJwYXJlbnRfaWQiPnBhcmVudF9pZDwvb3B0aW9uPjxvcHRpb24gc2VsZWN0ZWQ9InNlbGVjdGVkIiBjbGFzcz0idGFibGVfZmllbGRzX29wdGlvbnMiIHZhbHVlPSJzdWJqZWN0Ij5zdWJqZWN0PC9vcHRpb24+PG9wdGlvbiBjbGFzcz0idGFibGVfZmllbGRzX29wdGlvbnMiIHZhbHVlPSJjb250ZW50Ij5jb250ZW50PC9vcHRpb24+PG9wdGlvbiBjbGFzcz0idGFibGVfZmllbGRzX29wdGlvbnMiIHZhbHVlPSJ0ZXJtcyI+dGVybXM8L29wdGlvbj48b3B0aW9uIGNsYXNzPSJ0YWJsZV9maWVsZHNfb3B0aW9ucyIgdmFsdWU9InB1Ymxpc2hlZF9jYiI+cHVibGlzaGVkX2NiPC9vcHRpb24+PG9wdGlvbiBjbGFzcz0idGFibGVfZmllbGRzX29wdGlvbnMiIHZhbHVlPSJ3ZWlnaHRhZ2UiPndlaWdodGFnZTwvb3B0aW9uPjxvcHRpb24gY2xhc3M9InRhYmxlX2ZpZWxkc19vcHRpb25zIiB2YWx1ZT0icmV2X2VuYWJsZWRfY2IiPnJldl9lbmFibGVkX2NiPC9vcHRpb24+PG9wdGlvbiBjbGFzcz0idGFibGVfZmllbGRzX29wdGlvbnMiIHZhbHVlPSJyZXZfbnVtYmVyIj5yZXZfbnVtYmVyPC9vcHRpb24+PG9wdGlvbiBjbGFzcz0idGFibGVfZmllbGRzX29wdGlvbnMiIHZhbHVlPSJjcmVhdGVkX2J5Ij5jcmVhdGVkX2J5PC9vcHRpb24+PG9wdGlvbiBjbGFzcz0idGFibGVfZmllbGRzX29wdGlvbnMiIHZhbHVlPSJjcmVhdGlvbl9kYXRlIj5jcmVhdGlvbl9kYXRlPC9vcHRpb24+PG9wdGlvbiBjbGFzcz0idGFibGVfZmllbGRzX29wdGlvbnMiIHZhbHVlPSJsYXN0X3VwZGF0ZV9ieSI+bGFzdF91cGRhdGVfYnk8L29wdGlvbj48b3B0aW9uIGNsYXNzPSJ0YWJsZV9maWVsZHNfb3B0aW9ucyIgdmFsdWU9Imxhc3RfdXBkYXRlX2RhdGUiPmxhc3RfdXBkYXRlX2RhdGU8L29wdGlvbj48b3B0aW9uIHZhbHVlPSJyZW1vdmUiIGNsYXNzPSJyZW1vdmVfb3B0aW9uIj5SZW1vdmUgRmllbGQ8L29wdGlvbj48L3NlbGVjdD4NCgkJCQkJCQkgPC9saT48bGkgaWQ9Im5ld19vYmplY3QxMSI+PGxhYmVsPkZpZWxkPC9sYWJlbD4NCgkJCQkJCQkJDQogIDxzZWxlY3QgY2xhc3M9InRhYmxlX2ZpZWxkcyI+PG9wdGlvbiBjbGFzcz0idGFibGVfZmllbGRzX29wdGlvbnMiIHZhbHVlPSJjb250ZW50X2lkIj5jb250ZW50X2lkPC9vcHRpb24+PG9wdGlvbiBjbGFzcz0idGFibGVfZmllbGRzX29wdGlvbnMiIHZhbHVlPSJjb250ZW50X3R5cGVfaWQiPmNvbnRlbnRfdHlwZV9pZDwvb3B0aW9uPjxvcHRpb24gY2xhc3M9InRhYmxlX2ZpZWxkc19vcHRpb25zIiB2YWx1ZT0icGFyZW50X2lkIj5wYXJlbnRfaWQ8L29wdGlvbj48b3B0aW9uIGNsYXNzPSJ0YWJsZV9maWVsZHNfb3B0aW9ucyIgdmFsdWU9InN1YmplY3QiPnN1YmplY3Q8L29wdGlvbj48b3B0aW9uIHNlbGVjdGVkPSJzZWxlY3RlZCIgY2xhc3M9InRhYmxlX2ZpZWxkc19vcHRpb25zIiB2YWx1ZT0iY29udGVudCI+Y29udGVudDwvb3B0aW9uPjxvcHRpb24gY2xhc3M9InRhYmxlX2ZpZWxkc19vcHRpb25zIiB2YWx1ZT0idGVybXMiPnRlcm1zPC9vcHRpb24+PG9wdGlvbiBjbGFzcz0idGFibGVfZmllbGRzX29wdGlvbnMiIHZhbHVlPSJwdWJsaXNoZWRfY2IiPnB1Ymxpc2hlZF9jYjwvb3B0aW9uPjxvcHRpb24gY2xhc3M9InRhYmxlX2ZpZWxkc19vcHRpb25zIiB2YWx1ZT0id2VpZ2h0YWdlIj53ZWlnaHRhZ2U8L29wdGlvbj48b3B0aW9uIGNsYXNzPSJ0YWJsZV9maWVsZHNfb3B0aW9ucyIgdmFsdWU9InJldl9lbmFibGVkX2NiIj5yZXZfZW5hYmxlZF9jYjwvb3B0aW9uPjxvcHRpb24gY2xhc3M9InRhYmxlX2ZpZWxkc19vcHRpb25zIiB2YWx1ZT0icmV2X251bWJlciI+cmV2X251bWJlcjwvb3B0aW9uPjxvcHRpb24gY2xhc3M9InRhYmxlX2ZpZWxkc19vcHRpb25zIiB2YWx1ZT0iY3JlYXRlZF9ieSI+Y3JlYXRlZF9ieTwvb3B0aW9uPjxvcHRpb24gY2xhc3M9InRhYmxlX2ZpZWxkc19vcHRpb25zIiB2YWx1ZT0iY3JlYXRpb25fZGF0ZSI+Y3JlYXRpb25fZGF0ZTwvb3B0aW9uPjxvcHRpb24gY2xhc3M9InRhYmxlX2ZpZWxkc19vcHRpb25zIiB2YWx1ZT0ibGFzdF91cGRhdGVfYnkiPmxhc3RfdXBkYXRlX2J5PC9vcHRpb24+PG9wdGlvbiBjbGFzcz0idGFibGVfZmllbGRzX29wdGlvbnMiIHZhbHVlPSJsYXN0X3VwZGF0ZV9kYXRlIj5sYXN0X3VwZGF0ZV9kYXRlPC9vcHRpb24+PG9wdGlvbiB2YWx1ZT0icmVtb3ZlIiBjbGFzcz0icmVtb3ZlX29wdGlvbiI+UmVtb3ZlIEZpZWxkPC9vcHRpb24+PC9zZWxlY3Q+DQoJCQkJCQkJIDwvbGk+PGxpIGlkPSJuZXdfb2JqZWN0MTIiPjxsYWJlbD5GaWVsZDwvbGFiZWw+DQoJCQkJCQkJCQ0KICA8c2VsZWN0IGNsYXNzPSJ0YWJsZV9maWVsZHMiPjxvcHRpb24gY2xhc3M9InRhYmxlX2ZpZWxkc19vcHRpb25zIiB2YWx1ZT0iY29udGVudF9pZCI+Y29udGVudF9pZDwvb3B0aW9uPjxvcHRpb24gc2VsZWN0ZWQ9InNlbGVjdGVkIiBjbGFzcz0idGFibGVfZmllbGRzX29wdGlvbnMiIHZhbHVlPSJjb250ZW50X3R5cGVfaWQiPmNvbnRlbnRfdHlwZV9pZDwvb3B0aW9uPjxvcHRpb24gY2xhc3M9InRhYmxlX2ZpZWxkc19vcHRpb25zIiB2YWx1ZT0icGFyZW50X2lkIj5wYXJlbnRfaWQ8L29wdGlvbj48b3B0aW9uIGNsYXNzPSJ0YWJsZV9maWVsZHNfb3B0aW9ucyIgdmFsdWU9InN1YmplY3QiPnN1YmplY3Q8L29wdGlvbj48b3B0aW9uIGNsYXNzPSJ0YWJsZV9maWVsZHNfb3B0aW9ucyIgdmFsdWU9ImNvbnRlbnQiPmNvbnRlbnQ8L29wdGlvbj48b3B0aW9uIGNsYXNzPSJ0YWJsZV9maWVsZHNfb3B0aW9ucyIgdmFsdWU9InRlcm1zIj50ZXJtczwvb3B0aW9uPjxvcHRpb24gY2xhc3M9InRhYmxlX2ZpZWxkc19vcHRpb25zIiB2YWx1ZT0icHVibGlzaGVkX2NiIj5wdWJsaXNoZWRfY2I8L29wdGlvbj48b3B0aW9uIGNsYXNzPSJ0YWJsZV9maWVsZHNfb3B0aW9ucyIgdmFsdWU9IndlaWdodGFnZSI+d2VpZ2h0YWdlPC9vcHRpb24+PG9wdGlvbiBjbGFzcz0idGFibGVfZmllbGRzX29wdGlvbnMiIHZhbHVlPSJyZXZfZW5hYmxlZF9jYiI+cmV2X2VuYWJsZWRfY2I8L29wdGlvbj48b3B0aW9uIGNsYXNzPSJ0YWJsZV9maWVsZHNfb3B0aW9ucyIgdmFsdWU9InJldl9udW1iZXIiPnJldl9udW1iZXI8L29wdGlvbj48b3B0aW9uIGNsYXNzPSJ0YWJsZV9maWVsZHNfb3B0aW9ucyIgdmFsdWU9ImNyZWF0ZWRfYnkiPmNyZWF0ZWRfYnk8L29wdGlvbj48b3B0aW9uIGNsYXNzPSJ0YWJsZV9maWVsZHNfb3B0aW9ucyIgdmFsdWU9ImNyZWF0aW9uX2RhdGUiPmNyZWF0aW9uX2RhdGU8L29wdGlvbj48b3B0aW9uIGNsYXNzPSJ0YWJsZV9maWVsZHNfb3B0aW9ucyIgdmFsdWU9Imxhc3RfdXBkYXRlX2J5Ij5sYXN0X3VwZGF0ZV9ieTwvb3B0aW9uPjxvcHRpb24gY2xhc3M9InRhYmxlX2ZpZWxkc19vcHRpb25zIiB2YWx1ZT0ibGFzdF91cGRhdGVfZGF0ZSI+bGFzdF91cGRhdGVfZGF0ZTwvb3B0aW9uPjxvcHRpb24gdmFsdWU9InJlbW92ZSIgY2xhc3M9InJlbW92ZV9vcHRpb24iPlJlbW92ZSBGaWVsZDwvb3B0aW9uPjwvc2VsZWN0Pg0KCQkJCQkJCSA8L2xpPjwvdWw+DQoJCQkJCQkgPC9kaXY+DQoJCQkJCQkgPGxpIGlkPSJzaG93X2ZpZWxkX2xpIj48bGFiZWw+U2hvdyBGaWVsZHM8L2xhYmVsPg0KCQkJCQkJCTxkaXYgaWQ9InNob3dfZmllbGRfYnV0dG9ucyI+PGRpdiBjbGFzcz0iZHJhZ2dhYmxlX2VsZW1lbnQgdWktZHJhZ2dhYmxlIj48aW5wdXQgdmFsdWU9ImNvbnRlbnQuY29udGVudF9pZCIgY2xhc3M9InNob3dGaWVsZF9idXR0b25zIGNvbnRlbnQuY29udGVudF9pZCIgdHlwZT0idGV4dCI+PC9kaXY+PGRpdiBjbGFzcz0iZHJhZ2dhYmxlX2VsZW1lbnQgdWktZHJhZ2dhYmxlIj48aW5wdXQgdmFsdWU9ImNvbnRlbnQuc3ViamVjdCIgY2xhc3M9InNob3dGaWVsZF9idXR0b25zIGNvbnRlbnQuc3ViamVjdCIgdHlwZT0idGV4dCI+PC9kaXY+PGRpdiBjbGFzcz0iZHJhZ2dhYmxlX2VsZW1lbnQgdWktZHJhZ2dhYmxlIj48aW5wdXQgdmFsdWU9ImNvbnRlbnQuY29udGVudCIgY2xhc3M9InNob3dGaWVsZF9idXR0b25zIGNvbnRlbnQuY29udGVudCIgdHlwZT0idGV4dCI+PC9kaXY+PGRpdiBjbGFzcz0iZHJhZ2dhYmxlX2VsZW1lbnQgdWktZHJhZ2dhYmxlIj48aW5wdXQgdmFsdWU9ImNvbnRlbnQuY29udGVudF90eXBlX2lkIiBjbGFzcz0ic2hvd0ZpZWxkX2J1dHRvbnMgY29udGVudC5jb250ZW50X3R5cGVfaWQiIHR5cGU9InRleHQiPjwvZGl2PjwvZGl2Pg0KCQkJCQkJIDwvbGk+DQoJCQkJCQkgPGxpIGlkPSJjb25kaXRpb25fbGkiPjxsYWJlbD5Db25kaXRpb25zPC9sYWJlbD4NCgkJCQkJCQk8ZGl2IGlkPSJjb25kaXRpb25fYnV0dG9ucyI+DQo8IS0tCQkJCQkJCSA8aW5wdXQgdHlwZT0iYnV0dG9uIiB2YWx1ZT0iU2F2ZSBDb25kdGlvbnMiIGNsYXNzPSJidXR0b24gc2F2ZV9jb25kaXRpb25zIiBpZD0ic2F2ZV9jb25kaXRpb25zIj4tLT4NCgkJCQkJCQkgPHNwYW4gY2xhc3M9ImFkZF9uZXdfY29uZGl0aW9ucyI+PGltZyBzcmM9Imh0dHA6Ly93d3cuaW5vaWRlYXMuY29tL2lub2VycC90aGVtZXMvaW1hZ2VzL3BsdXNfMTAucG5nIiBhbHQ9ImFkZCBuZXcgY29uZGl0aW9ucyI+TmV3IENvbmRpdGlvbnM8L3NwYW4+DQoJCQkJCQkJPC9kaXY+DQoNCgkJCQkJCQk8ZGl2IGlkPSJjb25kaXRpb25fYnV0dG9uc19kaXYiPjxkaXYgY2xhc3M9ImRyYWdnYWJsZV9lbGVtZW50IHVpLWRyYWdnYWJsZSI+PGlucHV0IHZhbHVlPSJjb250ZW50LmNvbnRlbnRfaWQiIGNsYXNzPSJjb25kaXRpb25fYnV0dG9ucyBjb250ZW50LmNvbnRlbnRfaWQiIHR5cGU9InRleHQiPjwvZGl2PjxkaXYgY2xhc3M9ImRyYWdnYWJsZV9lbGVtZW50IHVpLWRyYWdnYWJsZSI+PGlucHV0IHZhbHVlPSJjb250ZW50LnN1YmplY3QiIGNsYXNzPSJjb25kaXRpb25fYnV0dG9ucyBjb250ZW50LnN1YmplY3QiIHR5cGU9InRleHQiPjwvZGl2PjxkaXYgY2xhc3M9ImRyYWdnYWJsZV9lbGVtZW50IHVpLWRyYWdnYWJsZSI+PGlucHV0IHZhbHVlPSJjb250ZW50LmNvbnRlbnQiIGNsYXNzPSJjb25kaXRpb25fYnV0dG9ucyBjb250ZW50LmNvbnRlbnQiIHR5cGU9InRleHQiPjwvZGl2PjxkaXYgY2xhc3M9ImRyYWdnYWJsZV9lbGVtZW50IHVpLWRyYWdnYWJsZSI+PGlucHV0IHZhbHVlPSJjb250ZW50LmNvbnRlbnRfdHlwZV9pZCIgY2xhc3M9ImNvbmRpdGlvbl9idXR0b25zIGNvbnRlbnQuY29udGVudF90eXBlX2lkIiB0eXBlPSJ0ZXh0Ij48L2Rpdj48L2Rpdj4NCgkJCQkJCQk8ZGl2IGlkPSJjb25kaXRpb25fYnV0dG9uc19pbmZvIj4NCgkJCQkJCQk8L2Rpdj4NCgkJCQkJCQk8dGFibGUgaWQ9ImNvbmRpdGlvbl9idXR0b25zX3RhYmxlIj4NCgkJCQkJCQkgPHRoZWFkPg0KCQkJCQkJCQk8dHI+DQoJCQkJCQkJCSA8dGg+UGFyYW1ldGVyPC90aD4NCgkJCQkJCQkJIDx0aD5Db25kaXRpb248L3RoPg0KCQkJCQkJCQkgPHRoPlZhbHVlPC90aD4NCgkJCQkJCQkJPC90cj4NCgkJCQkJCQkgPC90aGVhZD4NCgkJCQkJCQkgPHRib2R5Pg0KCQkJCQkJCQk8dHIgY2xhc3M9ImNvbmRpdGlvbl9yb3ciPg0KCQkJCQkJCQkgPHRkIGNsYXNzPSJjb25kaXRpb25fcm93X3BhcmFtZXRlciB1aS1kcm9wcGFibGUiPg0KDQoJCQkJCQkJCSA8ZGl2IGNsYXNzPSJkcmFnZ2FibGVfZWxlbWVudCB1aS1kcmFnZ2FibGUiPjxpbnB1dCB2YWx1ZT0iY29udGVudC5jb250ZW50X3R5cGVfaWQiIGNsYXNzPSJzaG93RmllbGRfYnV0dG9ucyBjb250ZW50LmNvbnRlbnRfdHlwZV9pZCIgdHlwZT0idGV4dCI+PC9kaXY+PC90ZD4NCgkJCQkJCQkJIDx0ZCBjbGFzcz0iY29uZGl0aW9uX3Jvd19jb25kaXRpb24iPg0KCQkJCQkJCQkJPCEtLQkJCQkJCQkJCSA8bGFiZWw+T3BlcmF0b3I8L2xhYmVsPi0tPg0KCQkJCQkJCQkJPHVsPjxsaT4NCgkJCQkJCQkJCQk8c2VsZWN0IGNsYXNzPSJjb25kaXRpb25fb3BlcmF0b3JfdHlwZSI+DQoJCQkJCQkJCQkJIDxvcHRpb24gdmFsdWU9IiI+PC9vcHRpb24+DQoJCQkJCQkJCQkJIDxvcHRpb24gdmFsdWU9ImRhdGFiYXNlIj5EYXRhYmFzZTwvb3B0aW9uPg0KCQkJCQkJCQkJCSA8b3B0aW9uIHZhbHVlPSJtYW51YWwiPk1hbnVhbCBFbnRyeTwvb3B0aW9uPg0KICAgICAgICAgICAgICAgICAgICAgPG9wdGlvbiB2YWx1ZT0icmVtb3ZlIj5SZW1vdmU8L29wdGlvbj4NCgkJCQkJCQkJCQk8L3NlbGVjdD4NCg0KCQkJCQkJCQkJIDwvbGk+PGxpPg0KCQkJCQkJCQkJCTxzZWxlY3QgY2xhc3M9ImNvbmRpdGlvbl9vcGVyYXRvciI+DQoJCQkJCQkJCQkJIDxvcHRpb24gdmFsdWU9IiA9ICI+IGlzIGVxdWFsIHRvIDwvb3B0aW9uPg0KCQkJCQkJCQkJCSA8b3B0aW9uIHZhbHVlPSIgIT0gIj4gaXMgbm90IGVxdWFsIHRvIDwvb3B0aW9uPg0KCQkJCQkJCQkJCSA8b3B0aW9uIHZhbHVlPSIgPiAiPiBpcyBncmVhdGVyIHRoYW4gPC9vcHRpb24+DQoJCQkJCQkJCQkJIDxvcHRpb24gdmFsdWU9IiA+PSAiPiAmZ3Q7PSA8L29wdGlvbj4NCgkJCQkJCQkJCQkgPG9wdGlvbiB2YWx1ZT0iIDwgIj4gaXMgbGVzcyB0aGFuIDwvb3B0aW9uPg0KCQkJCQkJCQkJCSA8b3B0aW9uIHZhbHVlPSIgPD0gIj4gJmx0Oz0gPC9vcHRpb24+DQoJCQkJCQkJCQkJIDxvcHRpb24gdmFsdWU9IiBMSUtFICI+IGNvbnRhaW5zIDwvb3B0aW9uPg0KCQkJCQkJCQkJCSA8b3B0aW9uIHZhbHVlPSIgSVMgTlVMTCAiPiBpcyBOVUxMIDwvb3B0aW9uPg0KCQkJCQkJCQkJCSA8b3B0aW9uIHZhbHVlPSIgSVMgTk9UIE5VTEwgIj4gaXMgbm90IE5VTEwgPC9vcHRpb24+DQoNCgkJCQkJCQkJCQk8L3NlbGVjdD4NCgkJCQkJCQkJCSA8L2xpPg0KCQkJCQkJCQkJPC91bD4NCgkJCQkJCQkJIDwvdGQ+DQoJCQkJCQkJCSA8dGQgY2xhc3M9ImNvbmRpdGlvbl9yb3dfdmFsdWUgdWktZHJvcHBhYmxlIj48aW5wdXQgY2xhc3M9ImNvbmRpdGlvbl9yb3dfdmFsdWVfaW5wdXQgaW5wdXQiIHR5cGU9InRleHQiPjwvdGQ+DQoJCQkJCQkJCTwvdHI+DQoJCQkJCQkJIDwvdGJvZHk+DQoJCQkJCQkJPC90YWJsZT4NCgkJCQkJCSA8L2xpPiANCgkJCQkJCSA8bGkgaWQ9InNvcnRfc3FsUXVlcnkiPg0KCQkJCQkJCTx1bD4NCgkJCQkJCQkgPGxpIGlkPSJzb3J0aW5nX2xpIj4NCgkJCQkJCQkJPGxhYmVsPlNvcnRpbmc8L2xhYmVsPg0KCQkJCQkJCQk8c3BhbiBjbGFzcz0iYWRkX25ld19zb3J0X2NyaXRlcmlhIj48aW1nIHNyYz0iaHR0cDovL3d3dy5pbm9pZGVhcy5jb20vaW5vZXJwL3RoZW1lcy9pbWFnZXMvcGx1c18xMC5wbmciIGFsdD0iYWRkIG5ldyBjb25kaXRpb25zIj5OZXcgU29ydGluZyBDcml0ZXJpYTwvc3Bhbj4NCgkJCQkJCQkJPHRhYmxlIGlkPSJzb3J0X2ZpZWxkc190YWJsZSI+DQoJCQkJCQkJCSA8dGhlYWQ+DQoJCQkJCQkJCQk8dHI+DQoJCQkJCQkJCQkgPHRoPkZpZWxkczwvdGg+DQoJCQkJCQkJCQkgPHRoPlNvcnQgYnk8L3RoPg0KCQkJCQkJCQkJPC90cj4NCgkJCQkJCQkJIDwvdGhlYWQ+DQoJCQkJCQkJCSA8dGJvZHk+DQoJCQkJCQkJCQk8dHIgY2xhc3M9InNvcnRfZmllbGRzX3JvdyI+DQoJCQkJCQkJCQkgPHRkIGNsYXNzPSJzb3J0X2ZpZWxkc19maWVsZF92YWx1ZSB1aS1kcm9wcGFibGUiPg0KDQoJCQkJCQkJCQkgPC90ZD4NCgkJCQkJCQkJCSA8dGQgY2xhc3M9InNvcnRfZmllbGRzX3NvcnRCeSI+DQoJCQkJCQkJCQkJPHNlbGVjdCBjbGFzcz0ic29ydF9maWVsZHNfdmFsdWVzIj4NCgkJCQkJCQkJCQkgPG9wdGlvbiB2YWx1ZT0iIj48L29wdGlvbj4NCgkJCQkJCQkJCQkgPG9wdGlvbiB2YWx1ZT0iQVNDIj4gQXNjZW5kaW5nPC9vcHRpb24+DQoJCQkJCQkJCQkJIDxvcHRpb24gdmFsdWU9IkRFU0MiPiBEZXNjZW5kaW5nIDwvb3B0aW9uPg0KICAgICAgICAgICAgICAgICAgICAgPG9wdGlvbiB2YWx1ZT0icmVtb3ZlIj5SZW1vdmU8L29wdGlvbj4NCgkJCQkJCQkJCQk8L3NlbGVjdD4NCgkJCQkJCQkJCSA8L3RkPg0KCQkJCQkJCQkJPC90cj4NCgkJCQkJCQkJIDwvdGJvZHk+DQoJCQkJCQkJCTwvdGFibGU+DQoJCQkJCQkJIDwvbGk+IA0KCQkJCQkJCSA8bGk+PGxhYmVsPlBhcmFtZXRlcjwvbGFiZWw+PC9saT4gDQoJCQkJCQkJIDxsaT48bGFiZWw+UmVsYXRpb25zaGlwczwvbGFiZWw+PC9saT4gDQoJCQkJCQkJIDxsaT48bGFiZWw+Q2FsbGJhY2s8L2xhYmVsPjwvbGk+IA0KCQkJCQkJIA0KCQkJCQkJPC91bD4NCgkJCQkJCTwvbGk+DQoJCQkJCQk=', 'U0VMRUNUIGNvbnRlbnQuY29udGVudF9pZCBBUyBjb250ZW50X19jb250ZW50X2lkLGNvbnRlbnQuc3ViamVjdCBBUyBjb250ZW50X19zdWJqZWN0LGNvbnRlbnQuY29udGVudCBBUyBjb250ZW50X19jb250ZW50LGNvbnRlbnQuY29udGVudF90eXBlX2lkIEFTIGNvbnRlbnRfX2NvbnRlbnRfdHlwZV9pZA0KRlJPTSANCmNvbnRlbnQ=', '', '', NULL, NULL, NULL, NULL, NULL, NULL, NULL, NULL, NULL, NULL, NULL, 'test07', NULL, NULL, NULL, NULL, NULL, NULL, NULL, NULL, 'inoerp', '2013-09-04 10:47:48', 'inoerp', '2013-09-04 10:47:48'),
(8, 'test08', 'test08', 'DQoJCQkJCQkgPGxpPjxsYWJlbD5UYWJsZXM8L2xhYmVsPiANCgkJCQkJCQk8aW5wdXQgc3R5bGU9ImJhY2tncm91bmQtY29sb3I6IHJnYigyNTUsIDI1NSwgMjU1KTsiIHZhbHVlPSJTYXZlIFRhYmxlcyIgY2xhc3M9ImJ1dHRvbiBzYXZlX3RhYmxlcyIgaWQ9InNhdmVfdGFibGVzIiB0eXBlPSJidXR0b24iPg0KCQkJCQkJCTxpbnB1dCBzdHlsZT0iYmFja2dyb3VuZC1jb2xvcjogcmdiKDI1NSwgMjU1LCAyNTUpOyIgdmFsdWU9IlNhdmUgUXVlcnkiIGNsYXNzPSJidXR0b24gc2F2ZV9xdWVyeSIgaWQ9InNhdmVfcXVlcnkiIHR5cGU9ImJ1dHRvbiI+DQoJCQkJCQkgPC9saT4NCgkJCQkJCSA8ZGl2IGlkPSJkaXNwbGF5X2RpdiI+IA0KCQkJCQkJCTx1bCBpZD0iZGlzcGxheV9yZWNvcmRzMCI+DQoJCQkJCQkJIDxzcGFuIGNsYXNzPSJhZGRfbmV3X3RhYmxlIj48aW1nIHNyYz0iaHR0cDovL3d3dy5pbm9pZGVhcy5jb20vaW5vZXJwL3RoZW1lcy9pbWFnZXMvcGx1c18xMC5wbmciIGFsdD0iYWRkIG5ldyB0YWJsZSI+TmV3IFRhYmxlPC9zcGFuPg0KCQkJCQkJCSA8c3BhbiBjbGFzcz0iYWRkX25ld19maWVsZCI+PGltZyBzcmM9Imh0dHA6Ly93d3cuaW5vaWRlYXMuY29tL2lub2VycC90aGVtZXMvaW1hZ2VzL3BsdXNfMTAucG5nIiBhbHQ9ImFkZCBuZXcgdGFibGUiPk5ldyBGaWVsZDwvc3Bhbj4NCgkJCQkJCQkgPGxpIGlkPSJ0YWJsZV9yZWNvcmRzIj48bGFiZWw+VGFibGUgTmFtZSA8L2xhYmVsPg0KCQkJCQkJCQk8c2VsZWN0IGNsYXNzPSJhbGxfdGFibGVfbmFtZXMiPg0KCQkJCQkJCQkgPG9wdGlvbj48L29wdGlvbj48b3B0aW9uIGNsYXNzPSJzZWxlY3QgdGFibGUgb3B0aW9uIiB2YWx1ZT0iYWRkcmVzcyI+YWRkcmVzczwvb3B0aW9uPjxvcHRpb24gY2xhc3M9InNlbGVjdCB0YWJsZSBvcHRpb24iIHZhbHVlPSJhcF9wYXltZW50X3Rlcm1zIj5hcF9wYXltZW50X3Rlcm1zPC9vcHRpb24+PG9wdGlvbiBjbGFzcz0ic2VsZWN0IHRhYmxlIG9wdGlvbiIgdmFsdWU9ImJsb2NrIj5ibG9jazwvb3B0aW9uPjxvcHRpb24gY2xhc3M9InNlbGVjdCB0YWJsZSBvcHRpb24iIHZhbHVlPSJibG9ja19jb250ZW50Ij5ibG9ja19jb250ZW50PC9vcHRpb24+PG9wdGlvbiBjbGFzcz0ic2VsZWN0IHRhYmxlIG9wdGlvbiIgdmFsdWU9ImJ1c2luZXNzX29yZyI+YnVzaW5lc3Nfb3JnPC9vcHRpb24+PG9wdGlvbiBjbGFzcz0ic2VsZWN0IHRhYmxlIG9wdGlvbiIgdmFsdWU9ImNfY29udGVudCI+Y19jb250ZW50PC9vcHRpb24+PG9wdGlvbiBjbGFzcz0ic2VsZWN0IHRhYmxlIG9wdGlvbiIgdmFsdWU9ImNfY3VzdG9tZXIiPmNfY3VzdG9tZXI8L29wdGlvbj48b3B0aW9uIGNsYXNzPSJzZWxlY3QgdGFibGUgb3B0aW9uIiB2YWx1ZT0iY19mb3J1bSI+Y19mb3J1bTwvb3B0aW9uPjxvcHRpb24gY2xhc3M9InNlbGVjdCB0YWJsZSBvcHRpb24iIHZhbHVlPSJjX3BsYWluX3RleHQiPmNfcGxhaW5fdGV4dDwvb3B0aW9uPjxvcHRpb24gY2xhc3M9InNlbGVjdCB0YWJsZSBvcHRpb24iIHZhbHVlPSJjX3N1cHBsaWVyIj5jX3N1cHBsaWVyPC9vcHRpb24+PG9wdGlvbiBjbGFzcz0ic2VsZWN0IHRhYmxlIG9wdGlvbiIgdmFsdWU9ImNfc3VwcGxpZXJfY29udGFjdCI+Y19zdXBwbGllcl9jb250YWN0PC9vcHRpb24+PG9wdGlvbiBjbGFzcz0ic2VsZWN0IHRhYmxlIG9wdGlvbiIgdmFsdWU9ImNfdGVzdCI+Y190ZXN0PC9vcHRpb24+PG9wdGlvbiBjbGFzcz0ic2VsZWN0IHRhYmxlIG9wdGlvbiIgdmFsdWU9ImNfdGVzdF9mb3J1bSI+Y190ZXN0X2ZvcnVtPC9vcHRpb24+PG9wdGlvbiBjbGFzcz0ic2VsZWN0IHRhYmxlIG9wdGlvbiIgdmFsdWU9ImNhdGVnb3J5Ij5jYXRlZ29yeTwvb3B0aW9uPjxvcHRpb24gY2xhc3M9InNlbGVjdCB0YWJsZSBvcHRpb24iIHZhbHVlPSJjYXRlZ29yeV9yZWZlcmVuY2UiPmNhdGVnb3J5X3JlZmVyZW5jZTwvb3B0aW9uPjxvcHRpb24gY2xhc3M9InNlbGVjdCB0YWJsZSBvcHRpb24iIHZhbHVlPSJjb2EiPmNvYTwvb3B0aW9uPjxvcHRpb24gY2xhc3M9InNlbGVjdCB0YWJsZSBvcHRpb24iIHZhbHVlPSJjb2FfY29tYmluYXRpb24iPmNvYV9jb21iaW5hdGlvbjwvb3B0aW9uPjxvcHRpb24gY2xhc3M9InNlbGVjdCB0YWJsZSBvcHRpb24iIHZhbHVlPSJjb2Ffc2VnbWVudF92YWx1ZXMiPmNvYV9zZWdtZW50X3ZhbHVlczwvb3B0aW9uPjxvcHRpb24gY2xhc3M9InNlbGVjdCB0YWJsZSBvcHRpb24iIHZhbHVlPSJjb21tZW50Ij5jb21tZW50PC9vcHRpb24+PG9wdGlvbiBzZWxlY3RlZD0ic2VsZWN0ZWQiIGNsYXNzPSJzZWxlY3QgdGFibGUgb3B0aW9uIiB2YWx1ZT0iY29udGVudCI+Y29udGVudDwvb3B0aW9uPjxvcHRpb24gY2xhc3M9InNlbGVjdCB0YWJsZSBvcHRpb24iIHZhbHVlPSJjb250ZW50X3R5cGUiPmNvbnRlbnRfdHlwZTwvb3B0aW9uPjxvcHRpb24gY2xhc3M9InNlbGVjdCB0YWJsZSBvcHRpb24iIHZhbHVlPSJjb250ZW50X3R5cGVfcmVmZXJlbmNlIj5jb250ZW50X3R5cGVfcmVmZXJlbmNlPC9vcHRpb24+PG9wdGlvbiBjbGFzcz0ic2VsZWN0IHRhYmxlIG9wdGlvbiIgdmFsdWU9ImVudGVycHJpc2UiPmVudGVycHJpc2U8L29wdGlvbj48b3B0aW9uIGNsYXNzPSJzZWxlY3QgdGFibGUgb3B0aW9uIiB2YWx1ZT0iZmlsZSI+ZmlsZTwvb3B0aW9uPjxvcHRpb24gY2xhc3M9InNlbGVjdCB0YWJsZSBvcHRpb24iIHZhbHVlPSJmaWxlX3JlZmVyZW5jZSI+ZmlsZV9yZWZlcmVuY2U8L29wdGlvbj48b3B0aW9uIGNsYXNzPSJzZWxlY3QgdGFibGUgb3B0aW9uIiB2YWx1ZT0iaW52X3RyYW5zYWN0aW9uIj5pbnZfdHJhbnNhY3Rpb248L29wdGlvbj48b3B0aW9uIGNsYXNzPSJzZWxlY3QgdGFibGUgb3B0aW9uIiB2YWx1ZT0iaW52ZW50b3J5X29yZyI+aW52ZW50b3J5X29yZzwvb3B0aW9uPjxvcHRpb24gY2xhc3M9InNlbGVjdCB0YWJsZSBvcHRpb24iIHZhbHVlPSJpdGVtIj5pdGVtPC9vcHRpb24+PG9wdGlvbiBjbGFzcz0ic2VsZWN0IHRhYmxlIG9wdGlvbiIgdmFsdWU9Iml0ZW1fc3RhdHVzIj5pdGVtX3N0YXR1czwvb3B0aW9uPjxvcHRpb24gY2xhc3M9InNlbGVjdCB0YWJsZSBvcHRpb24iIHZhbHVlPSJsZWRnZXIiPmxlZGdlcjwvb3B0aW9uPjxvcHRpb24gY2xhc3M9InNlbGVjdCB0YWJsZSBvcHRpb24iIHZhbHVlPSJsZWdhbF9vcmciPmxlZ2FsX29yZzwvb3B0aW9uPjxvcHRpb24gY2xhc3M9InNlbGVjdCB0YWJsZSBvcHRpb24iIHZhbHVlPSJsb2NhdG9yIj5sb2NhdG9yPC9vcHRpb24+PG9wdGlvbiBjbGFzcz0ic2VsZWN0IHRhYmxlIG9wdGlvbiIgdmFsdWU9Im1vZHVsZSI+bW9kdWxlPC9vcHRpb24+PG9wdGlvbiBjbGFzcz0ic2VsZWN0IHRhYmxlIG9wdGlvbiIgdmFsdWU9Im9uaGFuZCI+b25oYW5kPC9vcHRpb24+PG9wdGlvbiBjbGFzcz0ic2VsZWN0IHRhYmxlIG9wdGlvbiIgdmFsdWU9Im9wdGlvbl9kZXRhaWwiPm9wdGlvbl9kZXRhaWw8L29wdGlvbj48b3B0aW9uIGNsYXNzPSJzZWxlY3QgdGFibGUgb3B0aW9uIiB2YWx1ZT0ib3B0aW9uX2hlYWRlciI+b3B0aW9uX2hlYWRlcjwvb3B0aW9uPjxvcHRpb24gY2xhc3M9InNlbGVjdCB0YWJsZSBvcHRpb24iIHZhbHVlPSJvcHRpb25fbGluZSI+b3B0aW9uX2xpbmU8L29wdGlvbj48b3B0aW9uIGNsYXNzPSJzZWxlY3QgdGFibGUgb3B0aW9uIiB2YWx1ZT0ib3JnIj5vcmc8L29wdGlvbj48b3B0aW9uIGNsYXNzPSJzZWxlY3QgdGFibGUgb3B0aW9uIiB2YWx1ZT0icGFnZSI+cGFnZTwvb3B0aW9uPjxvcHRpb24gY2xhc3M9InNlbGVjdCB0YWJsZSBvcHRpb24iIHZhbHVlPSJwYXRoIj5wYXRoPC9vcHRpb24+PG9wdGlvbiBjbGFzcz0ic2VsZWN0IHRhYmxlIG9wdGlvbiIgdmFsdWU9InByb2R1Y3QiPnByb2R1Y3Q8L29wdGlvbj48b3B0aW9uIGNsYXNzPSJzZWxlY3QgdGFibGUgb3B0aW9uIiB2YWx1ZT0ic3ViaW52ZW50b3J5Ij5zdWJpbnZlbnRvcnk8L29wdGlvbj48b3B0aW9uIGNsYXNzPSJzZWxlY3QgdGFibGUgb3B0aW9uIiB2YWx1ZT0ic3VwcGxpZXIiPnN1cHBsaWVyPC9vcHRpb24+PG9wdGlvbiBjbGFzcz0ic2VsZWN0IHRhYmxlIG9wdGlvbiIgdmFsdWU9InN1cHBsaWVyMSI+c3VwcGxpZXIxPC9vcHRpb24+PG9wdGlvbiBjbGFzcz0ic2VsZWN0IHRhYmxlIG9wdGlvbiIgdmFsdWU9InN1cHBsaWVyX3NpdGUiPnN1cHBsaWVyX3NpdGU8L29wdGlvbj48b3B0aW9uIGNsYXNzPSJzZWxlY3QgdGFibGUgb3B0aW9uIiB2YWx1ZT0ic3VwcGxpZXJfc2l0ZTEiPnN1cHBsaWVyX3NpdGUxPC9vcHRpb24+PG9wdGlvbiBjbGFzcz0ic2VsZWN0IHRhYmxlIG9wdGlvbiIgdmFsdWU9InN5c3RlbV9wYXRoIj5zeXN0ZW1fcGF0aDwvb3B0aW9uPjxvcHRpb24gY2xhc3M9InNlbGVjdCB0YWJsZSBvcHRpb24iIHZhbHVlPSJ0cmFuc2FjdGlvbl90eXBlIj50cmFuc2FjdGlvbl90eXBlPC9vcHRpb24+PG9wdGlvbiBjbGFzcz0ic2VsZWN0IHRhYmxlIG9wdGlvbiIgdmFsdWU9InVvbSI+dW9tPC9vcHRpb24+PG9wdGlvbiBjbGFzcz0ic2VsZWN0IHRhYmxlIG9wdGlvbiIgdmFsdWU9InVzZXIiPnVzZXI8L29wdGlvbj48b3B0aW9uIGNsYXNzPSJzZWxlY3QgdGFibGUgb3B0aW9uIiB2YWx1ZT0idmlldyI+dmlldzwvb3B0aW9uPjxvcHRpb24gY2xhc3M9InNlbGVjdCB0YWJsZSBvcHRpb24iIHZhbHVlPSJ2aWV3X3BhdGgiPnZpZXdfcGF0aDwvb3B0aW9uPjxvcHRpb24gY2xhc3M9InNlbGVjdCB0YWJsZSBvcHRpb24iIHZhbHVlPSJ4eHhfYmxvZyI+eHh4X2Jsb2c8L29wdGlvbj48b3B0aW9uIGNsYXNzPSJzZWxlY3QgdGFibGUgb3B0aW9uIiB2YWx1ZT0ieHh4X2VudGVycHJpc2UiPnh4eF9lbnRlcnByaXNlPC9vcHRpb24+PG9wdGlvbiBjbGFzcz0ic2VsZWN0IHRhYmxlIG9wdGlvbiIgdmFsdWU9Inh4eF90cmFuc2FjdGlvbl90eXBlIj54eHhfdHJhbnNhY3Rpb25fdHlwZTwvb3B0aW9uPgkJCQkJCQkJIDxvcHRpb24gdmFsdWU9IiIgY2xhc3M9InJlbW92ZV90YWJsZSI+UmVtb3ZlIFRhYmxlPC9vcHRpb24+DQoJCQkJCQkJCTwvc2VsZWN0Pg0KCQkJCQkJCSA8L2xpPg0KCQkJCQkJCSA8bGkgaWQ9ImZpZWxkX3JlY29yZHMwIj48bGFiZWw+RmllbGQ8L2xhYmVsPg0KCQkJCQkJCQkNCiAgDQogIDxzZWxlY3QgY2xhc3M9InRhYmxlX2ZpZWxkcyI+PG9wdGlvbiBzZWxlY3RlZD0ic2VsZWN0ZWQiIGNsYXNzPSJ0YWJsZV9maWVsZHNfb3B0aW9ucyIgdmFsdWU9ImNvbnRlbnRfaWQiPmNvbnRlbnRfaWQ8L29wdGlvbj48b3B0aW9uIGNsYXNzPSJ0YWJsZV9maWVsZHNfb3B0aW9ucyIgdmFsdWU9ImNvbnRlbnRfdHlwZV9pZCI+Y29udGVudF90eXBlX2lkPC9vcHRpb24+PG9wdGlvbiBjbGFzcz0idGFibGVfZmllbGRzX29wdGlvbnMiIHZhbHVlPSJwYXJlbnRfaWQiPnBhcmVudF9pZDwvb3B0aW9uPjxvcHRpb24gY2xhc3M9InRhYmxlX2ZpZWxkc19vcHRpb25zIiB2YWx1ZT0ic3ViamVjdCI+c3ViamVjdDwvb3B0aW9uPjxvcHRpb24gY2xhc3M9InRhYmxlX2ZpZWxkc19vcHRpb25zIiB2YWx1ZT0iY29udGVudCI+Y29udGVudDwvb3B0aW9uPjxvcHRpb24gY2xhc3M9InRhYmxlX2ZpZWxkc19vcHRpb25zIiB2YWx1ZT0idGVybXMiPnRlcm1zPC9vcHRpb24+PG9wdGlvbiBjbGFzcz0idGFibGVfZmllbGRzX29wdGlvbnMiIHZhbHVlPSJwdWJsaXNoZWRfY2IiPnB1Ymxpc2hlZF9jYjwvb3B0aW9uPjxvcHRpb24gY2xhc3M9InRhYmxlX2ZpZWxkc19vcHRpb25zIiB2YWx1ZT0id2VpZ2h0YWdlIj53ZWlnaHRhZ2U8L29wdGlvbj48b3B0aW9uIGNsYXNzPSJ0YWJsZV9maWVsZHNfb3B0aW9ucyIgdmFsdWU9InJldl9lbmFibGVkX2NiIj5yZXZfZW5hYmxlZF9jYjwvb3B0aW9uPjxvcHRpb24gY2xhc3M9InRhYmxlX2ZpZWxkc19vcHRpb25zIiB2YWx1ZT0icmV2X251bWJlciI+cmV2X251bWJlcjwvb3B0aW9uPjxvcHRpb24gY2xhc3M9InRhYmxlX2ZpZWxkc19vcHRpb25zIiB2YWx1ZT0iY3JlYXRlZF9ieSI+Y3JlYXRlZF9ieTwvb3B0aW9uPjxvcHRpb24gY2xhc3M9InRhYmxlX2ZpZWxkc19vcHRpb25zIiB2YWx1ZT0iY3JlYXRpb25fZGF0ZSI+Y3JlYXRpb25fZGF0ZTwvb3B0aW9uPjxvcHRpb24gY2xhc3M9InRhYmxlX2ZpZWxkc19vcHRpb25zIiB2YWx1ZT0ibGFzdF91cGRhdGVfYnkiPmxhc3RfdXBkYXRlX2J5PC9vcHRpb24+PG9wdGlvbiBjbGFzcz0idGFibGVfZmllbGRzX29wdGlvbnMiIHZhbHVlPSJsYXN0X3VwZGF0ZV9kYXRlIj5sYXN0X3VwZGF0ZV9kYXRlPC9vcHRpb24+PG9wdGlvbiB2YWx1ZT0icmVtb3ZlIiBjbGFzcz0icmVtb3ZlX29wdGlvbiI+UmVtb3ZlIEZpZWxkPC9vcHRpb24+PC9zZWxlY3Q+DQoJCQkJCQkJIDwvbGk+DQoJCQkJCQkJPGxpIGlkPSJuZXdfb2JqZWN0MTAiPjxsYWJlbD5GaWVsZDwvbGFiZWw+DQoJCQkJCQkJCQ0KICANCiAgPHNlbGVjdCBjbGFzcz0idGFibGVfZmllbGRzIj48b3B0aW9uIHNlbGVjdGVkPSJzZWxlY3RlZCIgY2xhc3M9InRhYmxlX2ZpZWxkc19vcHRpb25zIiB2YWx1ZT0iY29udGVudF9pZCI+Y29udGVudF9pZDwvb3B0aW9uPjxvcHRpb24gY2xhc3M9InRhYmxlX2ZpZWxkc19vcHRpb25zIiB2YWx1ZT0iY29udGVudF90eXBlX2lkIj5jb250ZW50X3R5cGVfaWQ8L29wdGlvbj48b3B0aW9uIHNlbGVjdGVkPSJzZWxlY3RlZCIgY2xhc3M9InRhYmxlX2ZpZWxkc19vcHRpb25zIiB2YWx1ZT0icGFyZW50X2lkIj5wYXJlbnRfaWQ8L29wdGlvbj48b3B0aW9uIGNsYXNzPSJ0YWJsZV9maWVsZHNfb3B0aW9ucyIgdmFsdWU9InN1YmplY3QiPnN1YmplY3Q8L29wdGlvbj48b3B0aW9uIGNsYXNzPSJ0YWJsZV9maWVsZHNfb3B0aW9ucyIgdmFsdWU9ImNvbnRlbnQiPmNvbnRlbnQ8L29wdGlvbj48b3B0aW9uIGNsYXNzPSJ0YWJsZV9maWVsZHNfb3B0aW9ucyIgdmFsdWU9InRlcm1zIj50ZXJtczwvb3B0aW9uPjxvcHRpb24gY2xhc3M9InRhYmxlX2ZpZWxkc19vcHRpb25zIiB2YWx1ZT0icHVibGlzaGVkX2NiIj5wdWJsaXNoZWRfY2I8L29wdGlvbj48b3B0aW9uIGNsYXNzPSJ0YWJsZV9maWVsZHNfb3B0aW9ucyIgdmFsdWU9IndlaWdodGFnZSI+d2VpZ2h0YWdlPC9vcHRpb24+PG9wdGlvbiBjbGFzcz0idGFibGVfZmllbGRzX29wdGlvbnMiIHZhbHVlPSJyZXZfZW5hYmxlZF9jYiI+cmV2X2VuYWJsZWRfY2I8L29wdGlvbj48b3B0aW9uIGNsYXNzPSJ0YWJsZV9maWVsZHNfb3B0aW9ucyIgdmFsdWU9InJldl9udW1iZXIiPnJldl9udW1iZXI8L29wdGlvbj48b3B0aW9uIGNsYXNzPSJ0YWJsZV9maWVsZHNfb3B0aW9ucyIgdmFsdWU9ImNyZWF0ZWRfYnkiPmNyZWF0ZWRfYnk8L29wdGlvbj48b3B0aW9uIGNsYXNzPSJ0YWJsZV9maWVsZHNfb3B0aW9ucyIgdmFsdWU9ImNyZWF0aW9uX2RhdGUiPmNyZWF0aW9uX2RhdGU8L29wdGlvbj48b3B0aW9uIGNsYXNzPSJ0YWJsZV9maWVsZHNfb3B0aW9ucyIgdmFsdWU9Imxhc3RfdXBkYXRlX2J5Ij5sYXN0X3VwZGF0ZV9ieTwvb3B0aW9uPjxvcHRpb24gY2xhc3M9InRhYmxlX2ZpZWxkc19vcHRpb25zIiB2YWx1ZT0ibGFzdF91cGRhdGVfZGF0ZSI+bGFzdF91cGRhdGVfZGF0ZTwvb3B0aW9uPjxvcHRpb24gdmFsdWU9InJlbW92ZSIgY2xhc3M9InJlbW92ZV9vcHRpb24iPlJlbW92ZSBGaWVsZDwvb3B0aW9uPjwvc2VsZWN0Pg0KCQkJCQkJCSA8L2xpPjxsaSBpZD0ibmV3X29iamVjdDExIj48bGFiZWw+RmllbGQ8L2xhYmVsPg0KCQkJCQkJCQkNCiAgDQogIDxzZWxlY3QgY2xhc3M9InRhYmxlX2ZpZWxkcyI+PG9wdGlvbiBzZWxlY3RlZD0ic2VsZWN0ZWQiIGNsYXNzPSJ0YWJsZV9maWVsZHNfb3B0aW9ucyIgdmFsdWU9ImNvbnRlbnRfaWQiPmNvbnRlbnRfaWQ8L29wdGlvbj48b3B0aW9uIGNsYXNzPSJ0YWJsZV9maWVsZHNfb3B0aW9ucyIgdmFsdWU9ImNvbnRlbnRfdHlwZV9pZCI+Y29udGVudF90eXBlX2lkPC9vcHRpb24+PG9wdGlvbiBjbGFzcz0idGFibGVfZmllbGRzX29wdGlvbnMiIHZhbHVlPSJwYXJlbnRfaWQiPnBhcmVudF9pZDwvb3B0aW9uPjxvcHRpb24gY2xhc3M9InRhYmxlX2ZpZWxkc19vcHRpb25zIiB2YWx1ZT0ic3ViamVjdCI+c3ViamVjdDwvb3B0aW9uPjxvcHRpb24gY2xhc3M9InRhYmxlX2ZpZWxkc19vcHRpb25zIiB2YWx1ZT0iY29udGVudCI+Y29udGVudDwvb3B0aW9uPjxvcHRpb24gY2xhc3M9InRhYmxlX2ZpZWxkc19vcHRpb25zIiB2YWx1ZT0idGVybXMiPnRlcm1zPC9vcHRpb24+PG9wdGlvbiBjbGFzcz0idGFibGVfZmllbGRzX29wdGlvbnMiIHZhbHVlPSJwdWJsaXNoZWRfY2IiPnB1Ymxpc2hlZF9jYjwvb3B0aW9uPjxvcHRpb24gY2xhc3M9InRhYmxlX2ZpZWxkc19vcHRpb25zIiB2YWx1ZT0id2VpZ2h0YWdlIj53ZWlnaHRhZ2U8L29wdGlvbj48b3B0aW9uIGNsYXNzPSJ0YWJsZV9maWVsZHNfb3B0aW9ucyIgdmFsdWU9InJldl9lbmFibGVkX2NiIj5yZXZfZW5hYmxlZF9jYjwvb3B0aW9uPjxvcHRpb24gY2xhc3M9InRhYmxlX2ZpZWxkc19vcHRpb25zIiB2YWx1ZT0icmV2X251bWJlciI+cmV2X251bWJlcjwvb3B0aW9uPjxvcHRpb24gY2xhc3M9InRhYmxlX2ZpZWxkc19vcHRpb25zIiB2YWx1ZT0iY3JlYXRlZF9ieSI+Y3JlYXRlZF9ieTwvb3B0aW9uPjxvcHRpb24gc2VsZWN0ZWQ9InNlbGVjdGVkIiBjbGFzcz0idGFibGVfZmllbGRzX29wdGlvbnMiIHZhbHVlPSJjcmVhdGlvbl9kYXRlIj5jcmVhdGlvbl9kYXRlPC9vcHRpb24+PG9wdGlvbiBjbGFzcz0idGFibGVfZmllbGRzX29wdGlvbnMiIHZhbHVlPSJsYXN0X3VwZGF0ZV9ieSI+bGFzdF91cGRhdGVfYnk8L29wdGlvbj48b3B0aW9uIGNsYXNzPSJ0YWJsZV9maWVsZHNfb3B0aW9ucyIgdmFsdWU9Imxhc3RfdXBkYXRlX2RhdGUiPmxhc3RfdXBkYXRlX2RhdGU8L29wdGlvbj48b3B0aW9uIHZhbHVlPSJyZW1vdmUiIGNsYXNzPSJyZW1vdmVfb3B0aW9uIj5SZW1vdmUgRmllbGQ8L29wdGlvbj48L3NlbGVjdD4NCgkJCQkJCQkgPC9saT48bGkgaWQ9Im5ld19vYmplY3QxMiI+PGxhYmVsPkZpZWxkPC9sYWJlbD4NCgkJCQkJCQkJDQogIA0KICA8c2VsZWN0IGNsYXNzPSJ0YWJsZV9maWVsZHMiPjxvcHRpb24gc2VsZWN0ZWQ9InNlbGVjdGVkIiBjbGFzcz0idGFibGVfZmllbGRzX29wdGlvbnMiIHZhbHVlPSJjb250ZW50X2lkIj5jb250ZW50X2lkPC9vcHRpb24+PG9wdGlvbiBjbGFzcz0idGFibGVfZmllbGRzX29wdGlvbnMiIHZhbHVlPSJjb250ZW50X3R5cGVfaWQiPmNvbnRlbnRfdHlwZV9pZDwvb3B0aW9uPjxvcHRpb24gY2xhc3M9InRhYmxlX2ZpZWxkc19vcHRpb25zIiB2YWx1ZT0icGFyZW50X2lkIj5wYXJlbnRfaWQ8L29wdGlvbj48b3B0aW9uIHNlbGVjdGVkPSJzZWxlY3RlZCIgY2xhc3M9InRhYmxlX2ZpZWxkc19vcHRpb25zIiB2YWx1ZT0ic3ViamVjdCI+c3ViamVjdDwvb3B0aW9uPjxvcHRpb24gY2xhc3M9InRhYmxlX2ZpZWxkc19vcHRpb25zIiB2YWx1ZT0iY29udGVudCI+Y29udGVudDwvb3B0aW9uPjxvcHRpb24gY2xhc3M9InRhYmxlX2ZpZWxkc19vcHRpb25zIiB2YWx1ZT0idGVybXMiPnRlcm1zPC9vcHRpb24+PG9wdGlvbiBjbGFzcz0idGFibGVfZmllbGRzX29wdGlvbnMiIHZhbHVlPSJwdWJsaXNoZWRfY2IiPnB1Ymxpc2hlZF9jYjwvb3B0aW9uPjxvcHRpb24gY2xhc3M9InRhYmxlX2ZpZWxkc19vcHRpb25zIiB2YWx1ZT0id2VpZ2h0YWdlIj53ZWlnaHRhZ2U8L29wdGlvbj48b3B0aW9uIGNsYXNzPSJ0YWJsZV9maWVsZHNfb3B0aW9ucyIgdmFsdWU9InJldl9lbmFibGVkX2NiIj5yZXZfZW5hYmxlZF9jYjwvb3B0aW9uPjxvcHRpb24gY2xhc3M9InRhYmxlX2ZpZWxkc19vcHRpb25zIiB2YWx1ZT0icmV2X251bWJlciI+cmV2X251bWJlcjwvb3B0aW9uPjxvcHRpb24gY2xhc3M9InRhYmxlX2ZpZWxkc19vcHRpb25zIiB2YWx1ZT0iY3JlYXRlZF9ieSI+Y3JlYXRlZF9ieTwvb3B0aW9uPjxvcHRpb24gY2xhc3M9InRhYmxlX2ZpZWxkc19vcHRpb25zIiB2YWx1ZT0iY3JlYXRpb25fZGF0ZSI+Y3JlYXRpb25fZGF0ZTwvb3B0aW9uPjxvcHRpb24gY2xhc3M9InRhYmxlX2ZpZWxkc19vcHRpb25zIiB2YWx1ZT0ibGFzdF91cGRhdGVfYnkiPmxhc3RfdXBkYXRlX2J5PC9vcHRpb24+PG9wdGlvbiBjbGFzcz0idGFibGVfZmllbGRzX29wdGlvbnMiIHZhbHVlPSJsYXN0X3VwZGF0ZV9kYXRlIj5sYXN0X3VwZGF0ZV9kYXRlPC9vcHRpb24+PG9wdGlvbiB2YWx1ZT0icmVtb3ZlIiBjbGFzcz0icmVtb3ZlX29wdGlvbiI+UmVtb3ZlIEZpZWxkPC9vcHRpb24+PC9zZWxlY3Q+DQoJCQkJCQkJIDwvbGk+PC91bD4NCgkJCQkJCSA8dWwgaWQ9Im5ld19vYmplY3QxMDAwIj4NCgkJCQkJCQkgPHNwYW4gY2xhc3M9ImFkZF9uZXdfdGFibGUiPjxpbWcgc3JjPSJodHRwOi8vd3d3Lmlub2lkZWFzLmNvbS9pbm9lcnAvdGhlbWVzL2ltYWdlcy9wbHVzXzEwLnBuZyIgYWx0PSJhZGQgbmV3IHRhYmxlIj5OZXcgVGFibGU8L3NwYW4+DQoJCQkJCQkJIDxzcGFuIGNsYXNzPSJhZGRfbmV3X2ZpZWxkIj48aW1nIHNyYz0iaHR0cDovL3d3dy5pbm9pZGVhcy5jb20vaW5vZXJwL3RoZW1lcy9pbWFnZXMvcGx1c18xMC5wbmciIGFsdD0iYWRkIG5ldyB0YWJsZSI+TmV3IEZpZWxkPC9zcGFuPg0KCQkJCQkJCSA8bGkgaWQ9InRhYmxlX3JlY29yZHMiPjxsYWJlbD5UYWJsZSBOYW1lIDwvbGFiZWw+DQoJCQkJCQkJCTxzZWxlY3QgY2xhc3M9ImFsbF90YWJsZV9uYW1lcyI+DQoJCQkJCQkJCSA8b3B0aW9uPjwvb3B0aW9uPjxvcHRpb24gY2xhc3M9InNlbGVjdCB0YWJsZSBvcHRpb24iIHZhbHVlPSJhZGRyZXNzIj5hZGRyZXNzPC9vcHRpb24+PG9wdGlvbiBjbGFzcz0ic2VsZWN0IHRhYmxlIG9wdGlvbiIgdmFsdWU9ImFwX3BheW1lbnRfdGVybXMiPmFwX3BheW1lbnRfdGVybXM8L29wdGlvbj48b3B0aW9uIGNsYXNzPSJzZWxlY3QgdGFibGUgb3B0aW9uIiB2YWx1ZT0iYmxvY2siPmJsb2NrPC9vcHRpb24+PG9wdGlvbiBjbGFzcz0ic2VsZWN0IHRhYmxlIG9wdGlvbiIgdmFsdWU9ImJsb2NrX2NvbnRlbnQiPmJsb2NrX2NvbnRlbnQ8L29wdGlvbj48b3B0aW9uIGNsYXNzPSJzZWxlY3QgdGFibGUgb3B0aW9uIiB2YWx1ZT0iYnVzaW5lc3Nfb3JnIj5idXNpbmVzc19vcmc8L29wdGlvbj48b3B0aW9uIGNsYXNzPSJzZWxlY3QgdGFibGUgb3B0aW9uIiB2YWx1ZT0iY19jb250ZW50Ij5jX2NvbnRlbnQ8L29wdGlvbj48b3B0aW9uIGNsYXNzPSJzZWxlY3QgdGFibGUgb3B0aW9uIiB2YWx1ZT0iY19jdXN0b21lciI+Y19jdXN0b21lcjwvb3B0aW9uPjxvcHRpb24gc2VsZWN0ZWQ9InNlbGVjdGVkIiBjbGFzcz0ic2VsZWN0IHRhYmxlIG9wdGlvbiIgdmFsdWU9ImNfZm9ydW0iPmNfZm9ydW08L29wdGlvbj48b3B0aW9uIGNsYXNzPSJzZWxlY3QgdGFibGUgb3B0aW9uIiB2YWx1ZT0iY19wbGFpbl90ZXh0Ij5jX3BsYWluX3RleHQ8L29wdGlvbj48b3B0aW9uIGNsYXNzPSJzZWxlY3QgdGFibGUgb3B0aW9uIiB2YWx1ZT0iY19zdXBwbGllciI+Y19zdXBwbGllcjwvb3B0aW9uPjxvcHRpb24gY2xhc3M9InNlbGVjdCB0YWJsZSBvcHRpb24iIHZhbHVlPSJjX3N1cHBsaWVyX2NvbnRhY3QiPmNfc3VwcGxpZXJfY29udGFjdDwvb3B0aW9uPjxvcHRpb24gY2xhc3M9InNlbGVjdCB0YWJsZSBvcHRpb24iIHZhbHVlPSJjX3Rlc3QiPmNfdGVzdDwvb3B0aW9uPjxvcHRpb24gY2xhc3M9InNlbGVjdCB0YWJsZSBvcHRpb24iIHZhbHVlPSJjX3Rlc3RfZm9ydW0iPmNfdGVzdF9mb3J1bTwvb3B0aW9uPjxvcHRpb24gY2xhc3M9InNlbGVjdCB0YWJsZSBvcHRpb24iIHZhbHVlPSJjYXRlZ29yeSI+Y2F0ZWdvcnk8L29wdGlvbj48b3B0aW9uIGNsYXNzPSJzZWxlY3QgdGFibGUgb3B0aW9uIiB2YWx1ZT0iY2F0ZWdvcnlfcmVmZXJlbmNlIj5jYXRlZ29yeV9yZWZlcmVuY2U8L29wdGlvbj48b3B0aW9uIGNsYXNzPSJzZWxlY3QgdGFibGUgb3B0aW9uIiB2YWx1ZT0iY29hIj5jb2E8L29wdGlvbj48b3B0aW9uIGNsYXNzPSJzZWxlY3QgdGFibGUgb3B0aW9uIiB2YWx1ZT0iY29hX2NvbWJpbmF0aW9uIj5jb2FfY29tYmluYXRpb248L29wdGlvbj48b3B0aW9uIGNsYXNzPSJzZWxlY3QgdGFibGUgb3B0aW9uIiB2YWx1ZT0iY29hX3NlZ21lbnRfdmFsdWVzIj5jb2Ffc2VnbWVudF92YWx1ZXM8L29wdGlvbj48b3B0aW9uIGNsYXNzPSJzZWxlY3QgdGFibGUgb3B0aW9uIiB2YWx1ZT0iY29tbWVudCI+Y29tbWVudDwvb3B0aW9uPjxvcHRpb24gY2xhc3M9InNlbGVjdCB0YWJsZSBvcHRpb24iIHZhbHVlPSJjb250ZW50Ij5jb250ZW50PC9vcHRpb24+PG9wdGlvbiBjbGFzcz0ic2VsZWN0IHRhYmxlIG9wdGlvbiIgdmFsdWU9ImNvbnRlbnRfdHlwZSI+Y29udGVudF90eXBlPC9vcHRpb24+PG9wdGlvbiBjbGFzcz0ic2VsZWN0IHRhYmxlIG9wdGlvbiIgdmFsdWU9ImNvbnRlbnRfdHlwZV9yZWZlcmVuY2UiPmNvbnRlbnRfdHlwZV9yZWZlcmVuY2U8L29wdGlvbj48b3B0aW9uIGNsYXNzPSJzZWxlY3QgdGFibGUgb3B0aW9uIiB2YWx1ZT0iZW50ZXJwcmlzZSI+ZW50ZXJwcmlzZTwvb3B0aW9uPjxvcHRpb24gY2xhc3M9InNlbGVjdCB0YWJsZSBvcHRpb24iIHZhbHVlPSJmaWxlIj5maWxlPC9vcHRpb24+PG9wdGlvbiBjbGFzcz0ic2VsZWN0IHRhYmxlIG9wdGlvbiIgdmFsdWU9ImZpbGVfcmVmZXJlbmNlIj5maWxlX3JlZmVyZW5jZTwvb3B0aW9uPjxvcHRpb24gY2xhc3M9InNlbGVjdCB0YWJsZSBvcHRpb24iIHZhbHVlPSJpbnZfdHJhbnNhY3Rpb24iPmludl90cmFuc2FjdGlvbjwvb3B0aW9uPjxvcHRpb24gY2xhc3M9InNlbGVjdCB0YWJsZSBvcHRpb24iIHZhbHVlPSJpbnZlbnRvcnlfb3JnIj5pbnZlbnRvcnlfb3JnPC9vcHRpb24+PG9wdGlvbiBjbGFzcz0ic2VsZWN0IHRhYmxlIG9wdGlvbiIgdmFsdWU9Iml0ZW0iPml0ZW08L29wdGlvbj48b3B0aW9uIGNsYXNzPSJzZWxlY3QgdGFibGUgb3B0aW9uIiB2YWx1ZT0iaXRlbV9zdGF0dXMiPml0ZW1fc3RhdHVzPC9vcHRpb24+PG9wdGlvbiBjbGFzcz0ic2VsZWN0IHRhYmxlIG9wdGlvbiIgdmFsdWU9ImxlZGdlciI+bGVkZ2VyPC9vcHRpb24+PG9wdGlvbiBjbGFzcz0ic2VsZWN0IHRhYmxlIG9wdGlvbiIgdmFsdWU9ImxlZ2FsX29yZyI+bGVnYWxfb3JnPC9vcHRpb24+PG9wdGlvbiBjbGFzcz0ic2VsZWN0IHRhYmxlIG9wdGlvbiIgdmFsdWU9ImxvY2F0b3IiPmxvY2F0b3I8L29wdGlvbj48b3B0aW9uIGNsYXNzPSJzZWxlY3QgdGFibGUgb3B0aW9uIiB2YWx1ZT0ibW9kdWxlIj5tb2R1bGU8L29wdGlvbj48b3B0aW9uIGNsYXNzPSJzZWxlY3QgdGFibGUgb3B0aW9uIiB2YWx1ZT0ib25oYW5kIj5vbmhhbmQ8L29wdGlvbj48b3B0aW9uIGNsYXNzPSJzZWxlY3QgdGFibGUgb3B0aW9uIiB2YWx1ZT0ib3B0aW9uX2RldGFpbCI+b3B0aW9uX2RldGFpbDwvb3B0aW9uPjxvcHRpb24gY2xhc3M9InNlbGVjdCB0YWJsZSBvcHRpb24iIHZhbHVlPSJvcHRpb25faGVhZGVyIj5vcHRpb25faGVhZGVyPC9vcHRpb24+PG9wdGlvbiBjbGFzcz0ic2VsZWN0IHRhYmxlIG9wdGlvbiIgdmFsdWU9Im9wdGlvbl9saW5lIj5vcHRpb25fbGluZTwvb3B0aW9uPjxvcHRpb24gY2xhc3M9InNlbGVjdCB0YWJsZSBvcHRpb24iIHZhbHVlPSJvcmciPm9yZzwvb3B0aW9uPjxvcHRpb24gY2xhc3M9InNlbGVjdCB0YWJsZSBvcHRpb24iIHZhbHVlPSJwYWdlIj5wYWdlPC9vcHRpb24+PG9wdGlvbiBjbGFzcz0ic2VsZWN0IHRhYmxlIG9wdGlvbiIgdmFsdWU9InBhdGgiPnBhdGg8L29wdGlvbj48b3B0aW9uIGNsYXNzPSJzZWxlY3QgdGFibGUgb3B0aW9uIiB2YWx1ZT0icHJvZHVjdCI+cHJvZHVjdDwvb3B0aW9uPjxvcHRpb24gY2xhc3M9InNlbGVjdCB0YWJsZSBvcHRpb24iIHZhbHVlPSJzdWJpbnZlbnRvcnkiPnN1YmludmVudG9yeTwvb3B0aW9uPjxvcHRpb24gY2xhc3M9InNlbGVjdCB0YWJsZSBvcHRpb24iIHZhbHVlPSJzdXBwbGllciI+c3VwcGxpZXI8L29wdGlvbj48b3B0aW9uIGNsYXNzPSJzZWxlY3QgdGFibGUgb3B0aW9uIiB2YWx1ZT0ic3VwcGxpZXIxIj5zdXBwbGllcjE8L29wdGlvbj48b3B0aW9uIGNsYXNzPSJzZWxlY3QgdGFibGUgb3B0aW9uIiB2YWx1ZT0ic3VwcGxpZXJfc2l0ZSI+c3VwcGxpZXJfc2l0ZTwvb3B0aW9uPjxvcHRpb24gY2xhc3M9InNlbGVjdCB0YWJsZSBvcHRpb24iIHZhbHVlPSJzdXBwbGllcl9zaXRlMSI+c3VwcGxpZXJfc2l0ZTE8L29wdGlvbj48b3B0aW9uIGNsYXNzPSJzZWxlY3QgdGFibGUgb3B0aW9uIiB2YWx1ZT0ic3lzdGVtX3BhdGgiPnN5c3RlbV9wYXRoPC9vcHRpb24+PG9wdGlvbiBjbGFzcz0ic2VsZWN0IHRhYmxlIG9wdGlvbiIgdmFsdWU9InRyYW5zYWN0aW9uX3R5cGUiPnRyYW5zYWN0aW9uX3R5cGU8L29wdGlvbj48b3B0aW9uIGNsYXNzPSJzZWxlY3QgdGFibGUgb3B0aW9uIiB2YWx1ZT0idW9tIj51b208L29wdGlvbj48b3B0aW9uIGNsYXNzPSJzZWxlY3QgdGFibGUgb3B0aW9uIiB2YWx1ZT0idXNlciI+dXNlcjwvb3B0aW9uPjxvcHRpb24gY2xhc3M9InNlbGVjdCB0YWJsZSBvcHRpb24iIHZhbHVlPSJ2aWV3Ij52aWV3PC9vcHRpb24+PG9wdGlvbiBjbGFzcz0ic2VsZWN0IHRhYmxlIG9wdGlvbiIgdmFsdWU9InZpZXdfcGF0aCI+dmlld19wYXRoPC9vcHRpb24+PG9wdGlvbiBjbGFzcz0ic2VsZWN0IHRhYmxlIG9wdGlvbiIgdmFsdWU9Inh4eF9ibG9nIj54eHhfYmxvZzwvb3B0aW9uPjxvcHRpb24gY2xhc3M9InNlbGVjdCB0YWJsZSBvcHRpb24iIHZhbHVlPSJ4eHhfZW50ZXJwcmlzZSI+eHh4X2VudGVycHJpc2U8L29wdGlvbj48b3B0aW9uIGNsYXNzPSJzZWxlY3QgdGFibGUgb3B0aW9uIiB2YWx1ZT0ieHh4X3RyYW5zYWN0aW9uX3R5cGUiPnh4eF90cmFuc2FjdGlvbl90eXBlPC9vcHRpb24+CQkJCQkJCQkgPG9wdGlvbiB2YWx1ZT0iIiBjbGFzcz0icmVtb3ZlX3RhYmxlIj5SZW1vdmUgVGFibGU8L29wdGlvbj4NCgkJCQkJCQkJPC9zZWxlY3Q+DQoJCQkJCQkJIDwvbGk+DQoJCQkJCQkJIDxsaSBpZD0iZmllbGRfcmVjb3JkczAiPjxsYWJlbD5GaWVsZDwvbGFiZWw+DQoJCQkJCQkJCQ0KICANCiAgDQogIDxzZWxlY3QgY2xhc3M9InRhYmxlX2ZpZWxkcyI+PG9wdGlvbiBjbGFzcz0idGFibGVfZmllbGRzX29wdGlvbnMiIHZhbHVlPSJjb250ZW50X2lkIj5jb250ZW50X2lkPC9vcHRpb24+PG9wdGlvbiBzZWxlY3RlZD0ic2VsZWN0ZWQiIGNsYXNzPSJ0YWJsZV9maWVsZHNfb3B0aW9ucyIgdmFsdWU9IkNvbnRlbnQiPkNvbnRlbnQ8L29wdGlvbj48b3B0aW9uIHZhbHVlPSJyZW1vdmUiIGNsYXNzPSJyZW1vdmVfb3B0aW9uIj5SZW1vdmUgRmllbGQ8L29wdGlvbj48L3NlbGVjdD4NCgkJCQkJCQkgPC9saT4NCgkJCQkJCQk8bGkgaWQ9Im5ld19vYmplY3QxMCI+PGxhYmVsPkZpZWxkPC9sYWJlbD4NCgkJCQkJCQkJDQogIA0KICANCiAgPHNlbGVjdCBjbGFzcz0idGFibGVfZmllbGRzIj48b3B0aW9uIHNlbGVjdGVkPSJzZWxlY3RlZCIgY2xhc3M9InRhYmxlX2ZpZWxkc19vcHRpb25zIiB2YWx1ZT0iY29udGVudF9pZCI+Y29udGVudF9pZDwvb3B0aW9uPjxvcHRpb24gY2xhc3M9InRhYmxlX2ZpZWxkc19vcHRpb25zIiB2YWx1ZT0iQ29udGVudCI+Q29udGVudDwvb3B0aW9uPjxvcHRpb24gdmFsdWU9InJlbW92ZSIgY2xhc3M9InJlbW92ZV9vcHRpb24iPlJlbW92ZSBGaWVsZDwvb3B0aW9uPjwvc2VsZWN0Pg0KCQkJCQkJCSA8L2xpPjwvdWw+PC9kaXY+DQoJCQkJCQkgPGxpIGlkPSJzaG93X2ZpZWxkX2xpIj48bGFiZWw+U2hvdyBGaWVsZHM8L2xhYmVsPg0KCQkJCQkJCTxkaXYgaWQ9InNob3dfZmllbGRfYnV0dG9ucyI+PGRpdiBjbGFzcz0iZHJhZ2dhYmxlX2VsZW1lbnQgdWktZHJhZ2dhYmxlIj48aW5wdXQgdmFsdWU9ImNvbnRlbnQuc3ViamVjdCIgY2xhc3M9InNob3dGaWVsZF9idXR0b25zIGNvbnRlbnQuc3ViamVjdCIgdHlwZT0idGV4dCI+PC9kaXY+PGRpdiBjbGFzcz0iZHJhZ2dhYmxlX2VsZW1lbnQgdWktZHJhZ2dhYmxlIj48aW5wdXQgdmFsdWU9ImNfZm9ydW0uQ29udGVudCIgY2xhc3M9InNob3dGaWVsZF9idXR0b25zIGNfZm9ydW0uQ29udGVudCIgdHlwZT0idGV4dCI+PC9kaXY+PGRpdiBjbGFzcz0iZHJhZ2dhYmxlX2VsZW1lbnQgdWktZHJhZ2dhYmxlIj48aW5wdXQgdmFsdWU9ImNfZm9ydW0uY29udGVudF9pZCIgY2xhc3M9InNob3dGaWVsZF9idXR0b25zIGNfZm9ydW0uY29udGVudF9pZCIgdHlwZT0idGV4dCI+PC9kaXY+PC9kaXY+DQoJCQkJCQkgPC9saT4NCgkJCQkJCSA8bGkgaWQ9ImNvbmRpdGlvbl9saSI+PGxhYmVsPkNvbmRpdGlvbnM8L2xhYmVsPg0KCQkJCQkJCTxkaXYgaWQ9ImNvbmRpdGlvbl9idXR0b25zIj4NCjwhLS0JCQkJCQkJIDxpbnB1dCB0eXBlPSJidXR0b24iIHZhbHVlPSJTYXZlIENvbmR0aW9ucyIgY2xhc3M9ImJ1dHRvbiBzYXZlX2NvbmRpdGlvbnMiIGlkPSJzYXZlX2NvbmRpdGlvbnMiPi0tPg0KCQkJCQkJCSA8c3BhbiBjbGFzcz0iYWRkX25ld19jb25kaXRpb25zIj48aW1nIHNyYz0iaHR0cDovL3d3dy5pbm9pZGVhcy5jb20vaW5vZXJwL3RoZW1lcy9pbWFnZXMvcGx1c18xMC5wbmciIGFsdD0iYWRkIG5ldyBjb25kaXRpb25zIj5OZXcgQ29uZGl0aW9uczwvc3Bhbj4NCgkJCQkJCQk8L2Rpdj4NCg0KCQkJCQkJCTxkaXYgaWQ9ImNvbmRpdGlvbl9idXR0b25zX2RpdiI+PGRpdiBjbGFzcz0iZHJhZ2dhYmxlX2VsZW1lbnQgdWktZHJhZ2dhYmxlIj48aW5wdXQgdmFsdWU9ImNvbnRlbnQuY29udGVudF9pZCIgY2xhc3M9ImNvbmRpdGlvbl9idXR0b25zIGNvbnRlbnQuY29udGVudF9pZCIgdHlwZT0idGV4dCI+PC9kaXY+PGRpdiBjbGFzcz0iZHJhZ2dhYmxlX2VsZW1lbnQgdWktZHJhZ2dhYmxlIj48aW5wdXQgdmFsdWU9ImNvbnRlbnQucGFyZW50X2lkIiBjbGFzcz0iY29uZGl0aW9uX2J1dHRvbnMgY29udGVudC5wYXJlbnRfaWQiIHR5cGU9InRleHQiPjwvZGl2PjxkaXYgY2xhc3M9ImRyYWdnYWJsZV9lbGVtZW50IHVpLWRyYWdnYWJsZSI+PGlucHV0IHZhbHVlPSJjb250ZW50LmNyZWF0aW9uX2RhdGUiIGNsYXNzPSJjb25kaXRpb25fYnV0dG9ucyBjb250ZW50LmNyZWF0aW9uX2RhdGUiIHR5cGU9InRleHQiPjwvZGl2PjxkaXYgY2xhc3M9ImRyYWdnYWJsZV9lbGVtZW50IHVpLWRyYWdnYWJsZSI+PGlucHV0IHZhbHVlPSJjb250ZW50LnN1YmplY3QiIGNsYXNzPSJjb25kaXRpb25fYnV0dG9ucyBjb250ZW50LnN1YmplY3QiIHR5cGU9InRleHQiPjwvZGl2PjxkaXYgY2xhc3M9ImRyYWdnYWJsZV9lbGVtZW50IHVpLWRyYWdnYWJsZSI+PGlucHV0IHZhbHVlPSJjX2ZvcnVtLkNvbnRlbnQiIGNsYXNzPSJjb25kaXRpb25fYnV0dG9ucyBjX2ZvcnVtLkNvbnRlbnQiIHR5cGU9InRleHQiPjwvZGl2PjxkaXYgY2xhc3M9ImRyYWdnYWJsZV9lbGVtZW50IHVpLWRyYWdnYWJsZSI+PGlucHV0IHZhbHVlPSJjX2ZvcnVtLmNvbnRlbnRfaWQiIGNsYXNzPSJjb25kaXRpb25fYnV0dG9ucyBjX2ZvcnVtLmNvbnRlbnRfaWQiIHR5cGU9InRleHQiPjwvZGl2PjwvZGl2Pg0KCQkJCQkJCTxkaXYgaWQ9ImNvbmRpdGlvbl9idXR0b25zX2luZm8iPg0KCQkJCQkJCTwvZGl2Pg0KCQkJCQkJCTx0YWJsZSBpZD0iY29uZGl0aW9uX2J1dHRvbnNfdGFibGUiPg0KCQkJCQkJCSA8dGhlYWQ+DQoJCQkJCQkJCTx0cj4NCgkJCQkJCQkJIDx0aD5QYXJhbWV0ZXI8L3RoPg0KCQkJCQkJCQkgPHRoPkNvbmRpdGlvbjwvdGg+DQoJCQkJCQkJCSA8dGg+VmFsdWU8L3RoPg0KCQkJCQkJCQk8L3RyPg0KCQkJCQkJCSA8L3RoZWFkPg0KCQkJCQkJCSA8dGJvZHk+DQoJCQkJCQkJCTx0ciBjbGFzcz0iY29uZGl0aW9uX3JvdyI+DQoJCQkJCQkJCSA8dGQgY2xhc3M9ImNvbmRpdGlvbl9yb3dfcGFyYW1ldGVyIHVpLWRyb3BwYWJsZSI+DQoNCgkJCQkJCQkJIDxkaXYgY2xhc3M9ImRyYWdnYWJsZV9lbGVtZW50IHVpLWRyYWdnYWJsZSI+PGlucHV0IHZhbHVlPSJjb250ZW50LmNvbnRlbnRfaWQiIGNsYXNzPSJjb25kaXRpb25fYnV0dG9ucyBjb250ZW50LmNvbnRlbnRfaWQiIHR5cGU9InRleHQiPjwvZGl2PjwvdGQ+DQoJCQkJCQkJCSA8dGQgY2xhc3M9ImNvbmRpdGlvbl9yb3dfY29uZGl0aW9uIj4NCgkJCQkJCQkJCTwhLS0JCQkJCQkJCQkgPGxhYmVsPk9wZXJhdG9yPC9sYWJlbD4tLT4NCgkJCQkJCQkJCTx1bD48bGk+DQoJCQkJCQkJCQkJPHNlbGVjdCBjbGFzcz0iY29uZGl0aW9uX29wZXJhdG9yX3R5cGUiPg0KCQkJCQkJCQkJCSA8b3B0aW9uIHZhbHVlPSIiPjwvb3B0aW9uPg0KCQkJCQkJCQkJCSA8b3B0aW9uIHZhbHVlPSJkYXRhYmFzZSI+RGF0YWJhc2U8L29wdGlvbj4NCgkJCQkJCQkJCQkgPG9wdGlvbiB2YWx1ZT0ibWFudWFsIj5NYW51YWwgRW50cnk8L29wdGlvbj4NCiAgICAgICAgICAgICAgICAgICAgIDxvcHRpb24gdmFsdWU9InJlbW92ZSI+UmVtb3ZlPC9vcHRpb24+DQoJCQkJCQkJCQkJPC9zZWxlY3Q+DQoNCgkJCQkJCQkJCSA8L2xpPjxsaT4NCgkJCQkJCQkJCQk8c2VsZWN0IGNsYXNzPSJjb25kaXRpb25fb3BlcmF0b3IiPg0KCQkJCQkJCQkJCSA8b3B0aW9uIHZhbHVlPSIgPSAiPiBpcyBlcXVhbCB0byA8L29wdGlvbj4NCgkJCQkJCQkJCQkgPG9wdGlvbiB2YWx1ZT0iICE9ICI+IGlzIG5vdCBlcXVhbCB0byA8L29wdGlvbj4NCgkJCQkJCQkJCQkgPG9wdGlvbiB2YWx1ZT0iID4gIj4gaXMgZ3JlYXRlciB0aGFuIDwvb3B0aW9uPg0KCQkJCQkJCQkJCSA8b3B0aW9uIHZhbHVlPSIgPj0gIj4gJmd0Oz0gPC9vcHRpb24+DQoJCQkJCQkJCQkJIDxvcHRpb24gdmFsdWU9IiA8ICI+IGlzIGxlc3MgdGhhbiA8L29wdGlvbj4NCgkJCQkJCQkJCQkgPG9wdGlvbiB2YWx1ZT0iIDw9ICI+ICZsdDs9IDwvb3B0aW9uPg0KCQkJCQkJCQkJCSA8b3B0aW9uIHZhbHVlPSIgTElLRSAiPiBjb250YWlucyA8L29wdGlvbj4NCgkJCQkJCQkJCQkgPG9wdGlvbiB2YWx1ZT0iIElTIE5VTEwgIj4gaXMgTlVMTCA8L29wdGlvbj4NCgkJCQkJCQkJCQkgPG9wdGlvbiB2YWx1ZT0iIElTIE5PVCBOVUxMICI+IGlzIG5vdCBOVUxMIDwvb3B0aW9uPg0KDQoJCQkJCQkJCQkJPC9zZWxlY3Q+DQoJCQkJCQkJCQkgPC9saT4NCgkJCQkJCQkJCTwvdWw+DQoJCQkJCQkJCSA8L3RkPg0KCQkJCQkJCQkgPHRkIGNsYXNzPSJjb25kaXRpb25fcm93X3ZhbHVlIHVpLWRyb3BwYWJsZSI+DQoJCQkJCQkJCQkNCgkJCQkJCQkJIDxkaXYgY2xhc3M9ImRyYWdnYWJsZV9lbGVtZW50IHVpLWRyYWdnYWJsZSI+PGlucHV0IHZhbHVlPSJjX2ZvcnVtLmNvbnRlbnRfaWQiIGNsYXNzPSJjb25kaXRpb25fYnV0dG9ucyBjX2ZvcnVtLmNvbnRlbnRfaWQiIHR5cGU9InRleHQiPjwvZGl2PjwvdGQ+DQoJCQkJCQkJCTwvdHI+DQoJCQkJCQkJIDwvdGJvZHk+DQoJCQkJCQkJPC90YWJsZT4NCgkJCQkJCSA8L2xpPiANCgkJCQkJCSA8bGkgaWQ9InNvcnRfc3FsUXVlcnkiPg0KCQkJCQkJCTx1bD4NCgkJCQkJCQkgPGxpIGlkPSJzb3J0aW5nX2xpIj4NCgkJCQkJCQkJPGxhYmVsPlNvcnRpbmc8L2xhYmVsPg0KCQkJCQkJCQk8c3BhbiBjbGFzcz0iYWRkX25ld19zb3J0X2NyaXRlcmlhIj48aW1nIHNyYz0iaHR0cDovL3d3dy5pbm9pZGVhcy5jb20vaW5vZXJwL3RoZW1lcy9pbWFnZXMvcGx1c18xMC5wbmciIGFsdD0iYWRkIG5ldyBjb25kaXRpb25zIj5OZXcgU29ydGluZyBDcml0ZXJpYTwvc3Bhbj4NCgkJCQkJCQkJPHRhYmxlIGlkPSJzb3J0X2ZpZWxkc190YWJsZSI+DQoJCQkJCQkJCSA8dGhlYWQ+DQoJCQkJCQkJCQk8dHI+DQoJCQkJCQkJCQkgPHRoPkZpZWxkczwvdGg+DQoJCQkJCQkJCQkgPHRoPlNvcnQgYnk8L3RoPg0KCQkJCQkJCQkJPC90cj4NCgkJCQkJCQkJIDwvdGhlYWQ+DQoJCQkJCQkJCSA8dGJvZHk+DQoJCQkJCQkJCQk8dHIgY2xhc3M9InNvcnRfZmllbGRzX3JvdyI+DQoJCQkJCQkJCQkgPHRkIGNsYXNzPSJzb3J0X2ZpZWxkc19maWVsZF92YWx1ZSB1aS1kcm9wcGFibGUiPg0KDQoJCQkJCQkJCQkgPGRpdiBjbGFzcz0iZHJhZ2dhYmxlX2VsZW1lbnQgdWktZHJhZ2dhYmxlIj48aW5wdXQgdmFsdWU9ImNvbnRlbnQuY3JlYXRpb25fZGF0ZSIgY2xhc3M9InNob3dGaWVsZF9idXR0b25zIGNvbnRlbnQuY3JlYXRpb25fZGF0ZSIgdHlwZT0idGV4dCI+PC9kaXY+PC90ZD4NCgkJCQkJCQkJCSA8dGQgY2xhc3M9InNvcnRfZmllbGRzX3NvcnRCeSI+DQoJCQkJCQkJCQkJPHNlbGVjdCBjbGFzcz0ic29ydF9maWVsZHNfdmFsdWVzIj4NCgkJCQkJCQkJCQkgPG9wdGlvbiB2YWx1ZT0iIj48L29wdGlvbj4NCgkJCQkJCQkJCQkgPG9wdGlvbiB2YWx1ZT0iQVNDIj4gQXNjZW5kaW5nPC9vcHRpb24+DQoJCQkJCQkJCQkJIDxvcHRpb24gdmFsdWU9IkRFU0MiPiBEZXNjZW5kaW5nIDwvb3B0aW9uPg0KICAgICAgICAgICAgICAgICAgICAgPG9wdGlvbiB2YWx1ZT0icmVtb3ZlIj5SZW1vdmU8L29wdGlvbj4NCgkJCQkJCQkJCQk8L3NlbGVjdD4NCgkJCQkJCQkJCSA8L3RkPg0KCQkJCQkJCQkJPC90cj4NCgkJCQkJCQkJIDwvdGJvZHk+DQoJCQkJCQkJCTwvdGFibGU+DQoJCQkJCQkJIDwvbGk+IA0KCQkJCQkJCSA8bGk+PGxhYmVsPlBhcmFtZXRlcjwvbGFiZWw+PC9saT4gDQoJCQkJCQkJIDxsaT48bGFiZWw+UmVsYXRpb25zaGlwczwvbGFiZWw+PC9saT4gDQoJCQkJCQkJIDxsaT48bGFiZWw+Q2FsbGJhY2s8L2xhYmVsPjwvbGk+IA0KCQkJCQkJIA0KCQkJCQkJPC91bD4NCgkJCQkJCTwvbGk+DQoJCQkJCQk=', 'U0VMRUNUIGNvbnRlbnQuc3ViamVjdCBBUyBjb250ZW50X19zdWJqZWN0LGNfZm9ydW0uQ29udGVudCBBUyBjX2ZvcnVtX19Db250ZW50LGNfZm9ydW0uY29udGVudF9pZCBBUyBjX2ZvcnVtX19jb250ZW50X2lkDQpGUk9NIA0KY29udGVudCxjX2ZvcnVtDQpXSEVSRSBjb250ZW50LmNvbnRlbnRfaWQgID0gIGNfZm9ydW0uY29udGVudF9pZA0KT1JERVIgQlkgY29udGVudC5jcmVhdGlvbl9kYXRlIERFU0M=', 'content.subject AS content__subject,c_forum.Content AS c_forum__Content,c_forum.content_id AS c_forum__content_id', 'content,c_forum', 'content.content_id  =  c_forum.content_id', 'content.creation_date DESC', '', 'content.content_id,content.parent_id,content.creation_date,content.subject,c_forum.Content,c_forum.content_id', 'paragraph', 0, '', '', '', 0, 0, '', 0, '', '', '', '', 0, 0, '', 'inoerp', '2013-09-09 05:52:05', 'inoerp', '2013-09-09 05:52:05');
INSERT INTO `view` (`view_id`, `view`, `description`, `logical_settings`, `query`, `select`, `from`, `where`, `order_by`, `query_end`, `filters`, `display_type`, `page`, `page_title`, `page_header`, `page_footer`, `use_pager`, `contents_per_page`, `path`, `block`, `block_title`, `block_header`, `block_footer`, `block_type`, `block_more`, `rev_enabled_cb`, `rev_number`, `created_by`, `creation_date`, `last_update_by`, `last_update_date`) VALUES
(9, 'option_type', 'option types', 'DQoJCQkJCQkgPGxpPjxsYWJlbD5UYWJsZXM8L2xhYmVsPiANCgkJCQkJCQk8aW5wdXQgdHlwZT0iYnV0dG9uIiB2YWx1ZT0iU2F2ZSBUYWJsZXMiIGNsYXNzPSJidXR0b24gc2F2ZV90YWJsZXMiIGlkPSJzYXZlX3RhYmxlcyI+DQoJCQkJCQkJPGlucHV0IHR5cGU9ImJ1dHRvbiIgdmFsdWU9IlNhdmUgUXVlcnkiIGNsYXNzPSJidXR0b24gc2F2ZV9xdWVyeSIgaWQ9InNhdmVfcXVlcnkiPg0KCQkJCQkJIDwvbGk+DQoJCQkJCQkgPGRpdiBpZD0iZGlzcGxheV9kaXYiPiANCgkJCQkJCQk8dWwgaWQ9ImRpc3BsYXlfcmVjb3JkczAiPg0KCQkJCQkJCSA8c3BhbiBjbGFzcz0iYWRkX25ld190YWJsZSI+PGltZyBzcmM9Imh0dHA6Ly93d3cuaW5vaWRlYXMuY29tL2lub2VycC90aGVtZXMvaW1hZ2VzL3BsdXNfMTAucG5nIiBhbHQ9ImFkZCBuZXcgdGFibGUiPk5ldyBUYWJsZTwvc3Bhbj4NCgkJCQkJCQkgPHNwYW4gY2xhc3M9ImFkZF9uZXdfZmllbGQiPjxpbWcgc3JjPSJodHRwOi8vd3d3Lmlub2lkZWFzLmNvbS9pbm9lcnAvdGhlbWVzL2ltYWdlcy9wbHVzXzEwLnBuZyIgYWx0PSJhZGQgbmV3IHRhYmxlIj5OZXcgRmllbGQ8L3NwYW4+DQoJCQkJCQkJIDxsaSBpZD0idGFibGVfcmVjb3JkcyI+PGxhYmVsPlRhYmxlIE5hbWUgPC9sYWJlbD4NCgkJCQkJCQkJPHNlbGVjdCBjbGFzcz0iYWxsX3RhYmxlX25hbWVzIj4NCgkJCQkJCQkJIDxvcHRpb24+PC9vcHRpb24+PG9wdGlvbiBjbGFzcz0ic2VsZWN0IHRhYmxlIG9wdGlvbiIgdmFsdWU9ImFkZHJlc3MiPmFkZHJlc3M8L29wdGlvbj48b3B0aW9uIGNsYXNzPSJzZWxlY3QgdGFibGUgb3B0aW9uIiB2YWx1ZT0iYXBfcGF5bWVudF90ZXJtcyI+YXBfcGF5bWVudF90ZXJtczwvb3B0aW9uPjxvcHRpb24gY2xhc3M9InNlbGVjdCB0YWJsZSBvcHRpb24iIHZhbHVlPSJibG9jayI+YmxvY2s8L29wdGlvbj48b3B0aW9uIGNsYXNzPSJzZWxlY3QgdGFibGUgb3B0aW9uIiB2YWx1ZT0iYmxvY2tfY29udGVudCI+YmxvY2tfY29udGVudDwvb3B0aW9uPjxvcHRpb24gY2xhc3M9InNlbGVjdCB0YWJsZSBvcHRpb24iIHZhbHVlPSJidXNpbmVzc19vcmciPmJ1c2luZXNzX29yZzwvb3B0aW9uPjxvcHRpb24gY2xhc3M9InNlbGVjdCB0YWJsZSBvcHRpb24iIHZhbHVlPSJjX2NvbnRlbnQiPmNfY29udGVudDwvb3B0aW9uPjxvcHRpb24gY2xhc3M9InNlbGVjdCB0YWJsZSBvcHRpb24iIHZhbHVlPSJjX2N1c3RvbWVyIj5jX2N1c3RvbWVyPC9vcHRpb24+PG9wdGlvbiBjbGFzcz0ic2VsZWN0IHRhYmxlIG9wdGlvbiIgdmFsdWU9ImNfZm9ydW0iPmNfZm9ydW08L29wdGlvbj48b3B0aW9uIGNsYXNzPSJzZWxlY3QgdGFibGUgb3B0aW9uIiB2YWx1ZT0iY19wbGFpbl90ZXh0Ij5jX3BsYWluX3RleHQ8L29wdGlvbj48b3B0aW9uIGNsYXNzPSJzZWxlY3QgdGFibGUgb3B0aW9uIiB2YWx1ZT0iY19zdXBwbGllciI+Y19zdXBwbGllcjwvb3B0aW9uPjxvcHRpb24gY2xhc3M9InNlbGVjdCB0YWJsZSBvcHRpb24iIHZhbHVlPSJjX3N1cHBsaWVyX2NvbnRhY3QiPmNfc3VwcGxpZXJfY29udGFjdDwvb3B0aW9uPjxvcHRpb24gY2xhc3M9InNlbGVjdCB0YWJsZSBvcHRpb24iIHZhbHVlPSJjX3Rlc3QiPmNfdGVzdDwvb3B0aW9uPjxvcHRpb24gY2xhc3M9InNlbGVjdCB0YWJsZSBvcHRpb24iIHZhbHVlPSJjX3Rlc3RfZm9ydW0iPmNfdGVzdF9mb3J1bTwvb3B0aW9uPjxvcHRpb24gY2xhc3M9InNlbGVjdCB0YWJsZSBvcHRpb24iIHZhbHVlPSJjYXRlZ29yeSI+Y2F0ZWdvcnk8L29wdGlvbj48b3B0aW9uIGNsYXNzPSJzZWxlY3QgdGFibGUgb3B0aW9uIiB2YWx1ZT0iY2F0ZWdvcnlfcmVmZXJlbmNlIj5jYXRlZ29yeV9yZWZlcmVuY2U8L29wdGlvbj48b3B0aW9uIGNsYXNzPSJzZWxlY3QgdGFibGUgb3B0aW9uIiB2YWx1ZT0iY29hIj5jb2E8L29wdGlvbj48b3B0aW9uIGNsYXNzPSJzZWxlY3QgdGFibGUgb3B0aW9uIiB2YWx1ZT0iY29hX2NvbWJpbmF0aW9uIj5jb2FfY29tYmluYXRpb248L29wdGlvbj48b3B0aW9uIGNsYXNzPSJzZWxlY3QgdGFibGUgb3B0aW9uIiB2YWx1ZT0iY29hX3NlZ21lbnRfdmFsdWVzIj5jb2Ffc2VnbWVudF92YWx1ZXM8L29wdGlvbj48b3B0aW9uIGNsYXNzPSJzZWxlY3QgdGFibGUgb3B0aW9uIiB2YWx1ZT0iY29tbWVudCI+Y29tbWVudDwvb3B0aW9uPjxvcHRpb24gY2xhc3M9InNlbGVjdCB0YWJsZSBvcHRpb24iIHZhbHVlPSJjb250ZW50Ij5jb250ZW50PC9vcHRpb24+PG9wdGlvbiBjbGFzcz0ic2VsZWN0IHRhYmxlIG9wdGlvbiIgdmFsdWU9ImNvbnRlbnRfdHlwZSI+Y29udGVudF90eXBlPC9vcHRpb24+PG9wdGlvbiBjbGFzcz0ic2VsZWN0IHRhYmxlIG9wdGlvbiIgdmFsdWU9ImNvbnRlbnRfdHlwZV9yZWZlcmVuY2UiPmNvbnRlbnRfdHlwZV9yZWZlcmVuY2U8L29wdGlvbj48b3B0aW9uIGNsYXNzPSJzZWxlY3QgdGFibGUgb3B0aW9uIiB2YWx1ZT0iZW50ZXJwcmlzZSI+ZW50ZXJwcmlzZTwvb3B0aW9uPjxvcHRpb24gY2xhc3M9InNlbGVjdCB0YWJsZSBvcHRpb24iIHZhbHVlPSJmaWxlIj5maWxlPC9vcHRpb24+PG9wdGlvbiBjbGFzcz0ic2VsZWN0IHRhYmxlIG9wdGlvbiIgdmFsdWU9ImZpbGVfcmVmZXJlbmNlIj5maWxlX3JlZmVyZW5jZTwvb3B0aW9uPjxvcHRpb24gY2xhc3M9InNlbGVjdCB0YWJsZSBvcHRpb24iIHZhbHVlPSJmb3JtIj5mb3JtPC9vcHRpb24+PG9wdGlvbiBjbGFzcz0ic2VsZWN0IHRhYmxlIG9wdGlvbiIgdmFsdWU9Imludl90cmFuc2FjdGlvbiI+aW52X3RyYW5zYWN0aW9uPC9vcHRpb24+PG9wdGlvbiBjbGFzcz0ic2VsZWN0IHRhYmxlIG9wdGlvbiIgdmFsdWU9ImludmVudG9yeV9vcmciPmludmVudG9yeV9vcmc8L29wdGlvbj48b3B0aW9uIGNsYXNzPSJzZWxlY3QgdGFibGUgb3B0aW9uIiB2YWx1ZT0iaXRlbSI+aXRlbTwvb3B0aW9uPjxvcHRpb24gY2xhc3M9InNlbGVjdCB0YWJsZSBvcHRpb24iIHZhbHVlPSJpdGVtX3N0YXR1cyI+aXRlbV9zdGF0dXM8L29wdGlvbj48b3B0aW9uIGNsYXNzPSJzZWxlY3QgdGFibGUgb3B0aW9uIiB2YWx1ZT0ibGVkZ2VyIj5sZWRnZXI8L29wdGlvbj48b3B0aW9uIGNsYXNzPSJzZWxlY3QgdGFibGUgb3B0aW9uIiB2YWx1ZT0ibGVnYWxfb3JnIj5sZWdhbF9vcmc8L29wdGlvbj48b3B0aW9uIGNsYXNzPSJzZWxlY3QgdGFibGUgb3B0aW9uIiB2YWx1ZT0ibG9jYXRvciI+bG9jYXRvcjwvb3B0aW9uPjxvcHRpb24gY2xhc3M9InNlbGVjdCB0YWJsZSBvcHRpb24iIHZhbHVlPSJtb2R1bGUiPm1vZHVsZTwvb3B0aW9uPjxvcHRpb24gY2xhc3M9InNlbGVjdCB0YWJsZSBvcHRpb24iIHZhbHVlPSJvbmhhbmQiPm9uaGFuZDwvb3B0aW9uPjxvcHRpb24gY2xhc3M9InNlbGVjdCB0YWJsZSBvcHRpb24iIHZhbHVlPSJvcHRpb25fZGV0YWlsIj5vcHRpb25fZGV0YWlsPC9vcHRpb24+PG9wdGlvbiBjbGFzcz0ic2VsZWN0IHRhYmxlIG9wdGlvbiIgdmFsdWU9Im9wdGlvbl9oZWFkZXIiIHNlbGVjdGVkPSJzZWxlY3RlZCI+b3B0aW9uX2hlYWRlcjwvb3B0aW9uPjxvcHRpb24gY2xhc3M9InNlbGVjdCB0YWJsZSBvcHRpb24iIHZhbHVlPSJvcHRpb25fbGluZSI+b3B0aW9uX2xpbmU8L29wdGlvbj48b3B0aW9uIGNsYXNzPSJzZWxlY3QgdGFibGUgb3B0aW9uIiB2YWx1ZT0ib3JnIj5vcmc8L29wdGlvbj48b3B0aW9uIGNsYXNzPSJzZWxlY3QgdGFibGUgb3B0aW9uIiB2YWx1ZT0icGFnZSI+cGFnZTwvb3B0aW9uPjxvcHRpb24gY2xhc3M9InNlbGVjdCB0YWJsZSBvcHRpb24iIHZhbHVlPSJwYXRoIj5wYXRoPC9vcHRpb24+PG9wdGlvbiBjbGFzcz0ic2VsZWN0IHRhYmxlIG9wdGlvbiIgdmFsdWU9InByb2R1Y3QiPnByb2R1Y3Q8L29wdGlvbj48b3B0aW9uIGNsYXNzPSJzZWxlY3QgdGFibGUgb3B0aW9uIiB2YWx1ZT0icm9sZSI+cm9sZTwvb3B0aW9uPjxvcHRpb24gY2xhc3M9InNlbGVjdCB0YWJsZSBvcHRpb24iIHZhbHVlPSJyb2xlX2FjY2VzcyI+cm9sZV9hY2Nlc3M8L29wdGlvbj48b3B0aW9uIGNsYXNzPSJzZWxlY3QgdGFibGUgb3B0aW9uIiB2YWx1ZT0icm9sZV91c2VyX3JlZmVyZW5jZSI+cm9sZV91c2VyX3JlZmVyZW5jZTwvb3B0aW9uPjxvcHRpb24gY2xhc3M9InNlbGVjdCB0YWJsZSBvcHRpb24iIHZhbHVlPSJzdWJpbnZlbnRvcnkiPnN1YmludmVudG9yeTwvb3B0aW9uPjxvcHRpb24gY2xhc3M9InNlbGVjdCB0YWJsZSBvcHRpb24iIHZhbHVlPSJzdXBwbGllciI+c3VwcGxpZXI8L29wdGlvbj48b3B0aW9uIGNsYXNzPSJzZWxlY3QgdGFibGUgb3B0aW9uIiB2YWx1ZT0ic3VwcGxpZXIxIj5zdXBwbGllcjE8L29wdGlvbj48b3B0aW9uIGNsYXNzPSJzZWxlY3QgdGFibGUgb3B0aW9uIiB2YWx1ZT0ic3VwcGxpZXJfc2l0ZSI+c3VwcGxpZXJfc2l0ZTwvb3B0aW9uPjxvcHRpb24gY2xhc3M9InNlbGVjdCB0YWJsZSBvcHRpb24iIHZhbHVlPSJzdXBwbGllcl9zaXRlMSI+c3VwcGxpZXJfc2l0ZTE8L29wdGlvbj48b3B0aW9uIGNsYXNzPSJzZWxlY3QgdGFibGUgb3B0aW9uIiB2YWx1ZT0ic3lzdGVtX3BhdGgiPnN5c3RlbV9wYXRoPC9vcHRpb24+PG9wdGlvbiBjbGFzcz0ic2VsZWN0IHRhYmxlIG9wdGlvbiIgdmFsdWU9InRyYW5zYWN0aW9uX3R5cGUiPnRyYW5zYWN0aW9uX3R5cGU8L29wdGlvbj48b3B0aW9uIGNsYXNzPSJzZWxlY3QgdGFibGUgb3B0aW9uIiB2YWx1ZT0idW9tIj51b208L29wdGlvbj48b3B0aW9uIGNsYXNzPSJzZWxlY3QgdGFibGUgb3B0aW9uIiB2YWx1ZT0idXNlciI+dXNlcjwvb3B0aW9uPjxvcHRpb24gY2xhc3M9InNlbGVjdCB0YWJsZSBvcHRpb24iIHZhbHVlPSJ2aWV3Ij52aWV3PC9vcHRpb24+PG9wdGlvbiBjbGFzcz0ic2VsZWN0IHRhYmxlIG9wdGlvbiIgdmFsdWU9InZpZXdfcGF0aCI+dmlld19wYXRoPC9vcHRpb24+PG9wdGlvbiBjbGFzcz0ic2VsZWN0IHRhYmxlIG9wdGlvbiIgdmFsdWU9Inh4eF9ibG9nIj54eHhfYmxvZzwvb3B0aW9uPjxvcHRpb24gY2xhc3M9InNlbGVjdCB0YWJsZSBvcHRpb24iIHZhbHVlPSJ4eHhfZW50ZXJwcmlzZSI+eHh4X2VudGVycHJpc2U8L29wdGlvbj48b3B0aW9uIGNsYXNzPSJzZWxlY3QgdGFibGUgb3B0aW9uIiB2YWx1ZT0ieHh4X3RyYW5zYWN0aW9uX3R5cGUiPnh4eF90cmFuc2FjdGlvbl90eXBlPC9vcHRpb24+CQkJCQkJCQkgPG9wdGlvbiB2YWx1ZT0iIiBjbGFzcz0icmVtb3ZlX3RhYmxlIj5SZW1vdmUgVGFibGU8L29wdGlvbj4NCgkJCQkJCQkJPC9zZWxlY3Q+DQoJCQkJCQkJIDwvbGk+DQoJCQkJCQkJIDxsaSBpZD0iZmllbGRfcmVjb3JkczAiPjxsYWJlbD5GaWVsZDwvbGFiZWw+DQoJCQkJCQkJCQ0KICA8c2VsZWN0IGNsYXNzPSJ0YWJsZV9maWVsZHMiPjxvcHRpb24gY2xhc3M9InRhYmxlX2ZpZWxkc19vcHRpb25zIiB2YWx1ZT0ib3B0aW9uX2hlYWRlcl9pZCIgc2VsZWN0ZWQ9InNlbGVjdGVkIj5vcHRpb25faGVhZGVyX2lkPC9vcHRpb24+PG9wdGlvbiBjbGFzcz0idGFibGVfZmllbGRzX29wdGlvbnMiIHZhbHVlPSJhY2Nlc3NfbGV2ZWwiPmFjY2Vzc19sZXZlbDwvb3B0aW9uPjxvcHRpb24gY2xhc3M9InRhYmxlX2ZpZWxkc19vcHRpb25zIiB2YWx1ZT0ib3B0aW9uX3R5cGUiPm9wdGlvbl90eXBlPC9vcHRpb24+PG9wdGlvbiBjbGFzcz0idGFibGVfZmllbGRzX29wdGlvbnMiIHZhbHVlPSJkZXNjcmlwdGlvbiI+ZGVzY3JpcHRpb248L29wdGlvbj48b3B0aW9uIGNsYXNzPSJ0YWJsZV9maWVsZHNfb3B0aW9ucyIgdmFsdWU9Im1vZHVsZSI+bW9kdWxlPC9vcHRpb24+PG9wdGlvbiBjbGFzcz0idGFibGVfZmllbGRzX29wdGlvbnMiIHZhbHVlPSJlZmlkIj5lZmlkPC9vcHRpb24+PG9wdGlvbiBjbGFzcz0idGFibGVfZmllbGRzX29wdGlvbnMiIHZhbHVlPSJzdGF0dXMiPnN0YXR1czwvb3B0aW9uPjxvcHRpb24gY2xhc3M9InRhYmxlX2ZpZWxkc19vcHRpb25zIiB2YWx1ZT0icmV2X2VuYWJsZWQiPnJldl9lbmFibGVkPC9vcHRpb24+PG9wdGlvbiBjbGFzcz0idGFibGVfZmllbGRzX29wdGlvbnMiIHZhbHVlPSJyZXZfbnVtYmVyIj5yZXZfbnVtYmVyPC9vcHRpb24+PG9wdGlvbiBjbGFzcz0idGFibGVfZmllbGRzX29wdGlvbnMiIHZhbHVlPSJjcmVhdGVkX2J5Ij5jcmVhdGVkX2J5PC9vcHRpb24+PG9wdGlvbiBjbGFzcz0idGFibGVfZmllbGRzX29wdGlvbnMiIHZhbHVlPSJjcmVhdGlvbl9kYXRlIj5jcmVhdGlvbl9kYXRlPC9vcHRpb24+PG9wdGlvbiBjbGFzcz0idGFibGVfZmllbGRzX29wdGlvbnMiIHZhbHVlPSJsYXN0X3VwZGF0ZV9ieSI+bGFzdF91cGRhdGVfYnk8L29wdGlvbj48b3B0aW9uIGNsYXNzPSJ0YWJsZV9maWVsZHNfb3B0aW9ucyIgdmFsdWU9Imxhc3RfdXBkYXRlX2RhdGUiPmxhc3RfdXBkYXRlX2RhdGU8L29wdGlvbj48b3B0aW9uIHZhbHVlPSJyZW1vdmUiIGNsYXNzPSJyZW1vdmVfb3B0aW9uIj5SZW1vdmUgRmllbGQ8L29wdGlvbj48L3NlbGVjdD4NCgkJCQkJCQkgPC9saT4NCgkJCQkJCQk8bGkgaWQ9Im5ld19vYmplY3QxMCI+PGxhYmVsPkZpZWxkPC9sYWJlbD4NCgkJCQkJCQkJDQogIDxzZWxlY3QgY2xhc3M9InRhYmxlX2ZpZWxkcyI+PG9wdGlvbiBjbGFzcz0idGFibGVfZmllbGRzX29wdGlvbnMiIHZhbHVlPSJvcHRpb25faGVhZGVyX2lkIj5vcHRpb25faGVhZGVyX2lkPC9vcHRpb24+PG9wdGlvbiBjbGFzcz0idGFibGVfZmllbGRzX29wdGlvbnMiIHZhbHVlPSJhY2Nlc3NfbGV2ZWwiIHNlbGVjdGVkPSJzZWxlY3RlZCI+YWNjZXNzX2xldmVsPC9vcHRpb24+PG9wdGlvbiBjbGFzcz0idGFibGVfZmllbGRzX29wdGlvbnMiIHZhbHVlPSJvcHRpb25fdHlwZSI+b3B0aW9uX3R5cGU8L29wdGlvbj48b3B0aW9uIGNsYXNzPSJ0YWJsZV9maWVsZHNfb3B0aW9ucyIgdmFsdWU9ImRlc2NyaXB0aW9uIj5kZXNjcmlwdGlvbjwvb3B0aW9uPjxvcHRpb24gY2xhc3M9InRhYmxlX2ZpZWxkc19vcHRpb25zIiB2YWx1ZT0ibW9kdWxlIj5tb2R1bGU8L29wdGlvbj48b3B0aW9uIGNsYXNzPSJ0YWJsZV9maWVsZHNfb3B0aW9ucyIgdmFsdWU9ImVmaWQiPmVmaWQ8L29wdGlvbj48b3B0aW9uIGNsYXNzPSJ0YWJsZV9maWVsZHNfb3B0aW9ucyIgdmFsdWU9InN0YXR1cyI+c3RhdHVzPC9vcHRpb24+PG9wdGlvbiBjbGFzcz0idGFibGVfZmllbGRzX29wdGlvbnMiIHZhbHVlPSJyZXZfZW5hYmxlZCI+cmV2X2VuYWJsZWQ8L29wdGlvbj48b3B0aW9uIGNsYXNzPSJ0YWJsZV9maWVsZHNfb3B0aW9ucyIgdmFsdWU9InJldl9udW1iZXIiPnJldl9udW1iZXI8L29wdGlvbj48b3B0aW9uIGNsYXNzPSJ0YWJsZV9maWVsZHNfb3B0aW9ucyIgdmFsdWU9ImNyZWF0ZWRfYnkiPmNyZWF0ZWRfYnk8L29wdGlvbj48b3B0aW9uIGNsYXNzPSJ0YWJsZV9maWVsZHNfb3B0aW9ucyIgdmFsdWU9ImNyZWF0aW9uX2RhdGUiPmNyZWF0aW9uX2RhdGU8L29wdGlvbj48b3B0aW9uIGNsYXNzPSJ0YWJsZV9maWVsZHNfb3B0aW9ucyIgdmFsdWU9Imxhc3RfdXBkYXRlX2J5Ij5sYXN0X3VwZGF0ZV9ieTwvb3B0aW9uPjxvcHRpb24gY2xhc3M9InRhYmxlX2ZpZWxkc19vcHRpb25zIiB2YWx1ZT0ibGFzdF91cGRhdGVfZGF0ZSI+bGFzdF91cGRhdGVfZGF0ZTwvb3B0aW9uPjxvcHRpb24gdmFsdWU9InJlbW92ZSIgY2xhc3M9InJlbW92ZV9vcHRpb24iPlJlbW92ZSBGaWVsZDwvb3B0aW9uPjwvc2VsZWN0Pg0KCQkJCQkJCSA8L2xpPjxsaSBpZD0ibmV3X29iamVjdDExIj48bGFiZWw+RmllbGQ8L2xhYmVsPg0KCQkJCQkJCQkNCiAgPHNlbGVjdCBjbGFzcz0idGFibGVfZmllbGRzIj48b3B0aW9uIGNsYXNzPSJ0YWJsZV9maWVsZHNfb3B0aW9ucyIgdmFsdWU9Im9wdGlvbl9oZWFkZXJfaWQiPm9wdGlvbl9oZWFkZXJfaWQ8L29wdGlvbj48b3B0aW9uIGNsYXNzPSJ0YWJsZV9maWVsZHNfb3B0aW9ucyIgdmFsdWU9ImFjY2Vzc19sZXZlbCI+YWNjZXNzX2xldmVsPC9vcHRpb24+PG9wdGlvbiBjbGFzcz0idGFibGVfZmllbGRzX29wdGlvbnMiIHZhbHVlPSJvcHRpb25fdHlwZSIgc2VsZWN0ZWQ9InNlbGVjdGVkIj5vcHRpb25fdHlwZTwvb3B0aW9uPjxvcHRpb24gY2xhc3M9InRhYmxlX2ZpZWxkc19vcHRpb25zIiB2YWx1ZT0iZGVzY3JpcHRpb24iPmRlc2NyaXB0aW9uPC9vcHRpb24+PG9wdGlvbiBjbGFzcz0idGFibGVfZmllbGRzX29wdGlvbnMiIHZhbHVlPSJtb2R1bGUiPm1vZHVsZTwvb3B0aW9uPjxvcHRpb24gY2xhc3M9InRhYmxlX2ZpZWxkc19vcHRpb25zIiB2YWx1ZT0iZWZpZCI+ZWZpZDwvb3B0aW9uPjxvcHRpb24gY2xhc3M9InRhYmxlX2ZpZWxkc19vcHRpb25zIiB2YWx1ZT0ic3RhdHVzIj5zdGF0dXM8L29wdGlvbj48b3B0aW9uIGNsYXNzPSJ0YWJsZV9maWVsZHNfb3B0aW9ucyIgdmFsdWU9InJldl9lbmFibGVkIj5yZXZfZW5hYmxlZDwvb3B0aW9uPjxvcHRpb24gY2xhc3M9InRhYmxlX2ZpZWxkc19vcHRpb25zIiB2YWx1ZT0icmV2X251bWJlciI+cmV2X251bWJlcjwvb3B0aW9uPjxvcHRpb24gY2xhc3M9InRhYmxlX2ZpZWxkc19vcHRpb25zIiB2YWx1ZT0iY3JlYXRlZF9ieSI+Y3JlYXRlZF9ieTwvb3B0aW9uPjxvcHRpb24gY2xhc3M9InRhYmxlX2ZpZWxkc19vcHRpb25zIiB2YWx1ZT0iY3JlYXRpb25fZGF0ZSI+Y3JlYXRpb25fZGF0ZTwvb3B0aW9uPjxvcHRpb24gY2xhc3M9InRhYmxlX2ZpZWxkc19vcHRpb25zIiB2YWx1ZT0ibGFzdF91cGRhdGVfYnkiPmxhc3RfdXBkYXRlX2J5PC9vcHRpb24+PG9wdGlvbiBjbGFzcz0idGFibGVfZmllbGRzX29wdGlvbnMiIHZhbHVlPSJsYXN0X3VwZGF0ZV9kYXRlIj5sYXN0X3VwZGF0ZV9kYXRlPC9vcHRpb24+PG9wdGlvbiB2YWx1ZT0icmVtb3ZlIiBjbGFzcz0icmVtb3ZlX29wdGlvbiI+UmVtb3ZlIEZpZWxkPC9vcHRpb24+PC9zZWxlY3Q+DQoJCQkJCQkJIDwvbGk+PC91bD4NCgkJCQkJCSA8dWwgaWQ9Im5ld19vYmplY3QxMDAwIj4NCgkJCQkJCQkgPHNwYW4gY2xhc3M9ImFkZF9uZXdfdGFibGUiPjxpbWcgc3JjPSJodHRwOi8vd3d3Lmlub2lkZWFzLmNvbS9pbm9lcnAvdGhlbWVzL2ltYWdlcy9wbHVzXzEwLnBuZyIgYWx0PSJhZGQgbmV3IHRhYmxlIj5OZXcgVGFibGU8L3NwYW4+DQoJCQkJCQkJIDxzcGFuIGNsYXNzPSJhZGRfbmV3X2ZpZWxkIj48aW1nIHNyYz0iaHR0cDovL3d3dy5pbm9pZGVhcy5jb20vaW5vZXJwL3RoZW1lcy9pbWFnZXMvcGx1c18xMC5wbmciIGFsdD0iYWRkIG5ldyB0YWJsZSI+TmV3IEZpZWxkPC9zcGFuPg0KCQkJCQkJCSA8bGkgaWQ9InRhYmxlX3JlY29yZHMiPjxsYWJlbD5UYWJsZSBOYW1lIDwvbGFiZWw+DQoJCQkJCQkJCTxzZWxlY3QgY2xhc3M9ImFsbF90YWJsZV9uYW1lcyI+DQoJCQkJCQkJCSA8b3B0aW9uPjwvb3B0aW9uPjxvcHRpb24gY2xhc3M9InNlbGVjdCB0YWJsZSBvcHRpb24iIHZhbHVlPSJhZGRyZXNzIj5hZGRyZXNzPC9vcHRpb24+PG9wdGlvbiBjbGFzcz0ic2VsZWN0IHRhYmxlIG9wdGlvbiIgdmFsdWU9ImFwX3BheW1lbnRfdGVybXMiPmFwX3BheW1lbnRfdGVybXM8L29wdGlvbj48b3B0aW9uIGNsYXNzPSJzZWxlY3QgdGFibGUgb3B0aW9uIiB2YWx1ZT0iYmxvY2siPmJsb2NrPC9vcHRpb24+PG9wdGlvbiBjbGFzcz0ic2VsZWN0IHRhYmxlIG9wdGlvbiIgdmFsdWU9ImJsb2NrX2NvbnRlbnQiPmJsb2NrX2NvbnRlbnQ8L29wdGlvbj48b3B0aW9uIGNsYXNzPSJzZWxlY3QgdGFibGUgb3B0aW9uIiB2YWx1ZT0iYnVzaW5lc3Nfb3JnIj5idXNpbmVzc19vcmc8L29wdGlvbj48b3B0aW9uIGNsYXNzPSJzZWxlY3QgdGFibGUgb3B0aW9uIiB2YWx1ZT0iY19jb250ZW50Ij5jX2NvbnRlbnQ8L29wdGlvbj48b3B0aW9uIGNsYXNzPSJzZWxlY3QgdGFibGUgb3B0aW9uIiB2YWx1ZT0iY19jdXN0b21lciI+Y19jdXN0b21lcjwvb3B0aW9uPjxvcHRpb24gY2xhc3M9InNlbGVjdCB0YWJsZSBvcHRpb24iIHZhbHVlPSJjX2ZvcnVtIj5jX2ZvcnVtPC9vcHRpb24+PG9wdGlvbiBjbGFzcz0ic2VsZWN0IHRhYmxlIG9wdGlvbiIgdmFsdWU9ImNfcGxhaW5fdGV4dCI+Y19wbGFpbl90ZXh0PC9vcHRpb24+PG9wdGlvbiBjbGFzcz0ic2VsZWN0IHRhYmxlIG9wdGlvbiIgdmFsdWU9ImNfc3VwcGxpZXIiPmNfc3VwcGxpZXI8L29wdGlvbj48b3B0aW9uIGNsYXNzPSJzZWxlY3QgdGFibGUgb3B0aW9uIiB2YWx1ZT0iY19zdXBwbGllcl9jb250YWN0Ij5jX3N1cHBsaWVyX2NvbnRhY3Q8L29wdGlvbj48b3B0aW9uIGNsYXNzPSJzZWxlY3QgdGFibGUgb3B0aW9uIiB2YWx1ZT0iY190ZXN0Ij5jX3Rlc3Q8L29wdGlvbj48b3B0aW9uIGNsYXNzPSJzZWxlY3QgdGFibGUgb3B0aW9uIiB2YWx1ZT0iY190ZXN0X2ZvcnVtIj5jX3Rlc3RfZm9ydW08L29wdGlvbj48b3B0aW9uIGNsYXNzPSJzZWxlY3QgdGFibGUgb3B0aW9uIiB2YWx1ZT0iY2F0ZWdvcnkiPmNhdGVnb3J5PC9vcHRpb24+PG9wdGlvbiBjbGFzcz0ic2VsZWN0IHRhYmxlIG9wdGlvbiIgdmFsdWU9ImNhdGVnb3J5X3JlZmVyZW5jZSI+Y2F0ZWdvcnlfcmVmZXJlbmNlPC9vcHRpb24+PG9wdGlvbiBjbGFzcz0ic2VsZWN0IHRhYmxlIG9wdGlvbiIgdmFsdWU9ImNvYSI+Y29hPC9vcHRpb24+PG9wdGlvbiBjbGFzcz0ic2VsZWN0IHRhYmxlIG9wdGlvbiIgdmFsdWU9ImNvYV9jb21iaW5hdGlvbiI+Y29hX2NvbWJpbmF0aW9uPC9vcHRpb24+PG9wdGlvbiBjbGFzcz0ic2VsZWN0IHRhYmxlIG9wdGlvbiIgdmFsdWU9ImNvYV9zZWdtZW50X3ZhbHVlcyI+Y29hX3NlZ21lbnRfdmFsdWVzPC9vcHRpb24+PG9wdGlvbiBjbGFzcz0ic2VsZWN0IHRhYmxlIG9wdGlvbiIgdmFsdWU9ImNvbW1lbnQiPmNvbW1lbnQ8L29wdGlvbj48b3B0aW9uIGNsYXNzPSJzZWxlY3QgdGFibGUgb3B0aW9uIiB2YWx1ZT0iY29udGVudCI+Y29udGVudDwvb3B0aW9uPjxvcHRpb24gY2xhc3M9InNlbGVjdCB0YWJsZSBvcHRpb24iIHZhbHVlPSJjb250ZW50X3R5cGUiPmNvbnRlbnRfdHlwZTwvb3B0aW9uPjxvcHRpb24gY2xhc3M9InNlbGVjdCB0YWJsZSBvcHRpb24iIHZhbHVlPSJjb250ZW50X3R5cGVfcmVmZXJlbmNlIj5jb250ZW50X3R5cGVfcmVmZXJlbmNlPC9vcHRpb24+PG9wdGlvbiBjbGFzcz0ic2VsZWN0IHRhYmxlIG9wdGlvbiIgdmFsdWU9ImVudGVycHJpc2UiPmVudGVycHJpc2U8L29wdGlvbj48b3B0aW9uIGNsYXNzPSJzZWxlY3QgdGFibGUgb3B0aW9uIiB2YWx1ZT0iZmlsZSI+ZmlsZTwvb3B0aW9uPjxvcHRpb24gY2xhc3M9InNlbGVjdCB0YWJsZSBvcHRpb24iIHZhbHVlPSJmaWxlX3JlZmVyZW5jZSI+ZmlsZV9yZWZlcmVuY2U8L29wdGlvbj48b3B0aW9uIGNsYXNzPSJzZWxlY3QgdGFibGUgb3B0aW9uIiB2YWx1ZT0iZm9ybSI+Zm9ybTwvb3B0aW9uPjxvcHRpb24gY2xhc3M9InNlbGVjdCB0YWJsZSBvcHRpb24iIHZhbHVlPSJpbnZfdHJhbnNhY3Rpb24iPmludl90cmFuc2FjdGlvbjwvb3B0aW9uPjxvcHRpb24gY2xhc3M9InNlbGVjdCB0YWJsZSBvcHRpb24iIHZhbHVlPSJpbnZlbnRvcnlfb3JnIj5pbnZlbnRvcnlfb3JnPC9vcHRpb24+PG9wdGlvbiBjbGFzcz0ic2VsZWN0IHRhYmxlIG9wdGlvbiIgdmFsdWU9Iml0ZW0iPml0ZW08L29wdGlvbj48b3B0aW9uIGNsYXNzPSJzZWxlY3QgdGFibGUgb3B0aW9uIiB2YWx1ZT0iaXRlbV9zdGF0dXMiPml0ZW1fc3RhdHVzPC9vcHRpb24+PG9wdGlvbiBjbGFzcz0ic2VsZWN0IHRhYmxlIG9wdGlvbiIgdmFsdWU9ImxlZGdlciI+bGVkZ2VyPC9vcHRpb24+PG9wdGlvbiBjbGFzcz0ic2VsZWN0IHRhYmxlIG9wdGlvbiIgdmFsdWU9ImxlZ2FsX29yZyI+bGVnYWxfb3JnPC9vcHRpb24+PG9wdGlvbiBjbGFzcz0ic2VsZWN0IHRhYmxlIG9wdGlvbiIgdmFsdWU9ImxvY2F0b3IiPmxvY2F0b3I8L29wdGlvbj48b3B0aW9uIGNsYXNzPSJzZWxlY3QgdGFibGUgb3B0aW9uIiB2YWx1ZT0ibW9kdWxlIj5tb2R1bGU8L29wdGlvbj48b3B0aW9uIGNsYXNzPSJzZWxlY3QgdGFibGUgb3B0aW9uIiB2YWx1ZT0ib25oYW5kIj5vbmhhbmQ8L29wdGlvbj48b3B0aW9uIGNsYXNzPSJzZWxlY3QgdGFibGUgb3B0aW9uIiB2YWx1ZT0ib3B0aW9uX2RldGFpbCI+b3B0aW9uX2RldGFpbDwvb3B0aW9uPjxvcHRpb24gY2xhc3M9InNlbGVjdCB0YWJsZSBvcHRpb24iIHZhbHVlPSJvcHRpb25faGVhZGVyIj5vcHRpb25faGVhZGVyPC9vcHRpb24+PG9wdGlvbiBjbGFzcz0ic2VsZWN0IHRhYmxlIG9wdGlvbiIgdmFsdWU9Im9wdGlvbl9saW5lIiBzZWxlY3RlZD0ic2VsZWN0ZWQiPm9wdGlvbl9saW5lPC9vcHRpb24+PG9wdGlvbiBjbGFzcz0ic2VsZWN0IHRhYmxlIG9wdGlvbiIgdmFsdWU9Im9yZyI+b3JnPC9vcHRpb24+PG9wdGlvbiBjbGFzcz0ic2VsZWN0IHRhYmxlIG9wdGlvbiIgdmFsdWU9InBhZ2UiPnBhZ2U8L29wdGlvbj48b3B0aW9uIGNsYXNzPSJzZWxlY3QgdGFibGUgb3B0aW9uIiB2YWx1ZT0icGF0aCI+cGF0aDwvb3B0aW9uPjxvcHRpb24gY2xhc3M9InNlbGVjdCB0YWJsZSBvcHRpb24iIHZhbHVlPSJwcm9kdWN0Ij5wcm9kdWN0PC9vcHRpb24+PG9wdGlvbiBjbGFzcz0ic2VsZWN0IHRhYmxlIG9wdGlvbiIgdmFsdWU9InJvbGUiPnJvbGU8L29wdGlvbj48b3B0aW9uIGNsYXNzPSJzZWxlY3QgdGFibGUgb3B0aW9uIiB2YWx1ZT0icm9sZV9hY2Nlc3MiPnJvbGVfYWNjZXNzPC9vcHRpb24+PG9wdGlvbiBjbGFzcz0ic2VsZWN0IHRhYmxlIG9wdGlvbiIgdmFsdWU9InJvbGVfdXNlcl9yZWZlcmVuY2UiPnJvbGVfdXNlcl9yZWZlcmVuY2U8L29wdGlvbj48b3B0aW9uIGNsYXNzPSJzZWxlY3QgdGFibGUgb3B0aW9uIiB2YWx1ZT0ic3ViaW52ZW50b3J5Ij5zdWJpbnZlbnRvcnk8L29wdGlvbj48b3B0aW9uIGNsYXNzPSJzZWxlY3QgdGFibGUgb3B0aW9uIiB2YWx1ZT0ic3VwcGxpZXIiPnN1cHBsaWVyPC9vcHRpb24+PG9wdGlvbiBjbGFzcz0ic2VsZWN0IHRhYmxlIG9wdGlvbiIgdmFsdWU9InN1cHBsaWVyMSI+c3VwcGxpZXIxPC9vcHRpb24+PG9wdGlvbiBjbGFzcz0ic2VsZWN0IHRhYmxlIG9wdGlvbiIgdmFsdWU9InN1cHBsaWVyX3NpdGUiPnN1cHBsaWVyX3NpdGU8L29wdGlvbj48b3B0aW9uIGNsYXNzPSJzZWxlY3QgdGFibGUgb3B0aW9uIiB2YWx1ZT0ic3VwcGxpZXJfc2l0ZTEiPnN1cHBsaWVyX3NpdGUxPC9vcHRpb24+PG9wdGlvbiBjbGFzcz0ic2VsZWN0IHRhYmxlIG9wdGlvbiIgdmFsdWU9InN5c3RlbV9wYXRoIj5zeXN0ZW1fcGF0aDwvb3B0aW9uPjxvcHRpb24gY2xhc3M9InNlbGVjdCB0YWJsZSBvcHRpb24iIHZhbHVlPSJ0cmFuc2FjdGlvbl90eXBlIj50cmFuc2FjdGlvbl90eXBlPC9vcHRpb24+PG9wdGlvbiBjbGFzcz0ic2VsZWN0IHRhYmxlIG9wdGlvbiIgdmFsdWU9InVvbSI+dW9tPC9vcHRpb24+PG9wdGlvbiBjbGFzcz0ic2VsZWN0IHRhYmxlIG9wdGlvbiIgdmFsdWU9InVzZXIiPnVzZXI8L29wdGlvbj48b3B0aW9uIGNsYXNzPSJzZWxlY3QgdGFibGUgb3B0aW9uIiB2YWx1ZT0idmlldyI+dmlldzwvb3B0aW9uPjxvcHRpb24gY2xhc3M9InNlbGVjdCB0YWJsZSBvcHRpb24iIHZhbHVlPSJ2aWV3X3BhdGgiPnZpZXdfcGF0aDwvb3B0aW9uPjxvcHRpb24gY2xhc3M9InNlbGVjdCB0YWJsZSBvcHRpb24iIHZhbHVlPSJ4eHhfYmxvZyI+eHh4X2Jsb2c8L29wdGlvbj48b3B0aW9uIGNsYXNzPSJzZWxlY3QgdGFibGUgb3B0aW9uIiB2YWx1ZT0ieHh4X2VudGVycHJpc2UiPnh4eF9lbnRlcnByaXNlPC9vcHRpb24+PG9wdGlvbiBjbGFzcz0ic2VsZWN0IHRhYmxlIG9wdGlvbiIgdmFsdWU9Inh4eF90cmFuc2FjdGlvbl90eXBlIj54eHhfdHJhbnNhY3Rpb25fdHlwZTwvb3B0aW9uPgkJCQkJCQkJIDxvcHRpb24gdmFsdWU9IiIgY2xhc3M9InJlbW92ZV90YWJsZSI+UmVtb3ZlIFRhYmxlPC9vcHRpb24+DQoJCQkJCQkJCTwvc2VsZWN0Pg0KCQkJCQkJCSA8L2xpPg0KCQkJCQkJCSA8bGkgaWQ9ImZpZWxkX3JlY29yZHMwIj48bGFiZWw+RmllbGQ8L2xhYmVsPg0KCQkJCQkJCQkNCiAgDQogIDxzZWxlY3QgY2xhc3M9InRhYmxlX2ZpZWxkcyI+PG9wdGlvbiBjbGFzcz0idGFibGVfZmllbGRzX29wdGlvbnMiIHZhbHVlPSJvcHRpb25fbGluZV9pZCIgc2VsZWN0ZWQ9InNlbGVjdGVkIj5vcHRpb25fbGluZV9pZDwvb3B0aW9uPjxvcHRpb24gY2xhc3M9InRhYmxlX2ZpZWxkc19vcHRpb25zIiB2YWx1ZT0ib3B0aW9uX2hlYWRlcl9pZCI+b3B0aW9uX2hlYWRlcl9pZDwvb3B0aW9uPjxvcHRpb24gY2xhc3M9InRhYmxlX2ZpZWxkc19vcHRpb25zIiB2YWx1ZT0ib3B0aW9uX2xpbmVfY29kZSI+b3B0aW9uX2xpbmVfY29kZTwvb3B0aW9uPjxvcHRpb24gY2xhc3M9InRhYmxlX2ZpZWxkc19vcHRpb25zIiB2YWx1ZT0idmFsdWVfbCI+dmFsdWVfbDwvb3B0aW9uPjxvcHRpb24gY2xhc3M9InRhYmxlX2ZpZWxkc19vcHRpb25zIiB2YWx1ZT0iZGVzY3JpcHRpb24iPmRlc2NyaXB0aW9uPC9vcHRpb24+PG9wdGlvbiBjbGFzcz0idGFibGVfZmllbGRzX29wdGlvbnMiIHZhbHVlPSJlZmlkIj5lZmlkPC9vcHRpb24+PG9wdGlvbiBjbGFzcz0idGFibGVfZmllbGRzX29wdGlvbnMiIHZhbHVlPSJzdGF0dXMiPnN0YXR1czwvb3B0aW9uPjxvcHRpb24gY2xhc3M9InRhYmxlX2ZpZWxkc19vcHRpb25zIiB2YWx1ZT0icmV2X2VuYWJsZWQiPnJldl9lbmFibGVkPC9vcHRpb24+PG9wdGlvbiBjbGFzcz0idGFibGVfZmllbGRzX29wdGlvbnMiIHZhbHVlPSJyZXZfbnVtYmVyIj5yZXZfbnVtYmVyPC9vcHRpb24+PG9wdGlvbiBjbGFzcz0idGFibGVfZmllbGRzX29wdGlvbnMiIHZhbHVlPSJlZmZlY3RpdmVfc3RhcnRfZGF0ZSI+ZWZmZWN0aXZlX3N0YXJ0X2RhdGU8L29wdGlvbj48b3B0aW9uIGNsYXNzPSJ0YWJsZV9maWVsZHNfb3B0aW9ucyIgdmFsdWU9ImVmZmVjdGl2ZV9lbmRfZGF0ZSI+ZWZmZWN0aXZlX2VuZF9kYXRlPC9vcHRpb24+PG9wdGlvbiBjbGFzcz0idGFibGVfZmllbGRzX29wdGlvbnMiIHZhbHVlPSJjcmVhdGVkX2J5Ij5jcmVhdGVkX2J5PC9vcHRpb24+PG9wdGlvbiBjbGFzcz0idGFibGVfZmllbGRzX29wdGlvbnMiIHZhbHVlPSJjcmVhdGlvbl9kYXRlIj5jcmVhdGlvbl9kYXRlPC9vcHRpb24+PG9wdGlvbiBjbGFzcz0idGFibGVfZmllbGRzX29wdGlvbnMiIHZhbHVlPSJsYXN0X3VwZGF0ZV9ieSI+bGFzdF91cGRhdGVfYnk8L29wdGlvbj48b3B0aW9uIGNsYXNzPSJ0YWJsZV9maWVsZHNfb3B0aW9ucyIgdmFsdWU9Imxhc3RfdXBkYXRlX2RhdGUiPmxhc3RfdXBkYXRlX2RhdGU8L29wdGlvbj48b3B0aW9uIHZhbHVlPSJyZW1vdmUiIGNsYXNzPSJyZW1vdmVfb3B0aW9uIj5SZW1vdmUgRmllbGQ8L29wdGlvbj48L3NlbGVjdD4NCgkJCQkJCQkgPC9saT4NCgkJCQkJCQk8bGkgaWQ9Im5ld19vYmplY3QxMCI+PGxhYmVsPkZpZWxkPC9sYWJlbD4NCgkJCQkJCQkJDQogIA0KICA8c2VsZWN0IGNsYXNzPSJ0YWJsZV9maWVsZHMiPjxvcHRpb24gY2xhc3M9InRhYmxlX2ZpZWxkc19vcHRpb25zIiB2YWx1ZT0ib3B0aW9uX2xpbmVfaWQiPm9wdGlvbl9saW5lX2lkPC9vcHRpb24+PG9wdGlvbiBjbGFzcz0idGFibGVfZmllbGRzX29wdGlvbnMiIHZhbHVlPSJvcHRpb25faGVhZGVyX2lkIiBzZWxlY3RlZD0ic2VsZWN0ZWQiPm9wdGlvbl9oZWFkZXJfaWQ8L29wdGlvbj48b3B0aW9uIGNsYXNzPSJ0YWJsZV9maWVsZHNfb3B0aW9ucyIgdmFsdWU9Im9wdGlvbl9saW5lX2NvZGUiPm9wdGlvbl9saW5lX2NvZGU8L29wdGlvbj48b3B0aW9uIGNsYXNzPSJ0YWJsZV9maWVsZHNfb3B0aW9ucyIgdmFsdWU9InZhbHVlX2wiPnZhbHVlX2w8L29wdGlvbj48b3B0aW9uIGNsYXNzPSJ0YWJsZV9maWVsZHNfb3B0aW9ucyIgdmFsdWU9ImRlc2NyaXB0aW9uIj5kZXNjcmlwdGlvbjwvb3B0aW9uPjxvcHRpb24gY2xhc3M9InRhYmxlX2ZpZWxkc19vcHRpb25zIiB2YWx1ZT0iZWZpZCI+ZWZpZDwvb3B0aW9uPjxvcHRpb24gY2xhc3M9InRhYmxlX2ZpZWxkc19vcHRpb25zIiB2YWx1ZT0ic3RhdHVzIj5zdGF0dXM8L29wdGlvbj48b3B0aW9uIGNsYXNzPSJ0YWJsZV9maWVsZHNfb3B0aW9ucyIgdmFsdWU9InJldl9lbmFibGVkIj5yZXZfZW5hYmxlZDwvb3B0aW9uPjxvcHRpb24gY2xhc3M9InRhYmxlX2ZpZWxkc19vcHRpb25zIiB2YWx1ZT0icmV2X251bWJlciI+cmV2X251bWJlcjwvb3B0aW9uPjxvcHRpb24gY2xhc3M9InRhYmxlX2ZpZWxkc19vcHRpb25zIiB2YWx1ZT0iZWZmZWN0aXZlX3N0YXJ0X2RhdGUiPmVmZmVjdGl2ZV9zdGFydF9kYXRlPC9vcHRpb24+PG9wdGlvbiBjbGFzcz0idGFibGVfZmllbGRzX29wdGlvbnMiIHZhbHVlPSJlZmZlY3RpdmVfZW5kX2RhdGUiPmVmZmVjdGl2ZV9lbmRfZGF0ZTwvb3B0aW9uPjxvcHRpb24gY2xhc3M9InRhYmxlX2ZpZWxkc19vcHRpb25zIiB2YWx1ZT0iY3JlYXRlZF9ieSI+Y3JlYXRlZF9ieTwvb3B0aW9uPjxvcHRpb24gY2xhc3M9InRhYmxlX2ZpZWxkc19vcHRpb25zIiB2YWx1ZT0iY3JlYXRpb25fZGF0ZSI+Y3JlYXRpb25fZGF0ZTwvb3B0aW9uPjxvcHRpb24gY2xhc3M9InRhYmxlX2ZpZWxkc19vcHRpb25zIiB2YWx1ZT0ibGFzdF91cGRhdGVfYnkiPmxhc3RfdXBkYXRlX2J5PC9vcHRpb24+PG9wdGlvbiBjbGFzcz0idGFibGVfZmllbGRzX29wdGlvbnMiIHZhbHVlPSJsYXN0X3VwZGF0ZV9kYXRlIj5sYXN0X3VwZGF0ZV9kYXRlPC9vcHRpb24+PG9wdGlvbiB2YWx1ZT0icmVtb3ZlIiBjbGFzcz0icmVtb3ZlX29wdGlvbiI+UmVtb3ZlIEZpZWxkPC9vcHRpb24+PC9zZWxlY3Q+DQoJCQkJCQkJIDwvbGk+PGxpIGlkPSJuZXdfb2JqZWN0MTEiPjxsYWJlbD5GaWVsZDwvbGFiZWw+DQoJCQkJCQkJCQ0KICANCiAgPHNlbGVjdCBjbGFzcz0idGFibGVfZmllbGRzIj48b3B0aW9uIGNsYXNzPSJ0YWJsZV9maWVsZHNfb3B0aW9ucyIgdmFsdWU9Im9wdGlvbl9saW5lX2lkIj5vcHRpb25fbGluZV9pZDwvb3B0aW9uPjxvcHRpb24gY2xhc3M9InRhYmxlX2ZpZWxkc19vcHRpb25zIiB2YWx1ZT0ib3B0aW9uX2hlYWRlcl9pZCI+b3B0aW9uX2hlYWRlcl9pZDwvb3B0aW9uPjxvcHRpb24gY2xhc3M9InRhYmxlX2ZpZWxkc19vcHRpb25zIiB2YWx1ZT0ib3B0aW9uX2xpbmVfY29kZSIgc2VsZWN0ZWQ9InNlbGVjdGVkIj5vcHRpb25fbGluZV9jb2RlPC9vcHRpb24+PG9wdGlvbiBjbGFzcz0idGFibGVfZmllbGRzX29wdGlvbnMiIHZhbHVlPSJ2YWx1ZV9sIj52YWx1ZV9sPC9vcHRpb24+PG9wdGlvbiBjbGFzcz0idGFibGVfZmllbGRzX29wdGlvbnMiIHZhbHVlPSJkZXNjcmlwdGlvbiI+ZGVzY3JpcHRpb248L29wdGlvbj48b3B0aW9uIGNsYXNzPSJ0YWJsZV9maWVsZHNfb3B0aW9ucyIgdmFsdWU9ImVmaWQiPmVmaWQ8L29wdGlvbj48b3B0aW9uIGNsYXNzPSJ0YWJsZV9maWVsZHNfb3B0aW9ucyIgdmFsdWU9InN0YXR1cyI+c3RhdHVzPC9vcHRpb24+PG9wdGlvbiBjbGFzcz0idGFibGVfZmllbGRzX29wdGlvbnMiIHZhbHVlPSJyZXZfZW5hYmxlZCI+cmV2X2VuYWJsZWQ8L29wdGlvbj48b3B0aW9uIGNsYXNzPSJ0YWJsZV9maWVsZHNfb3B0aW9ucyIgdmFsdWU9InJldl9udW1iZXIiPnJldl9udW1iZXI8L29wdGlvbj48b3B0aW9uIGNsYXNzPSJ0YWJsZV9maWVsZHNfb3B0aW9ucyIgdmFsdWU9ImVmZmVjdGl2ZV9zdGFydF9kYXRlIj5lZmZlY3RpdmVfc3RhcnRfZGF0ZTwvb3B0aW9uPjxvcHRpb24gY2xhc3M9InRhYmxlX2ZpZWxkc19vcHRpb25zIiB2YWx1ZT0iZWZmZWN0aXZlX2VuZF9kYXRlIj5lZmZlY3RpdmVfZW5kX2RhdGU8L29wdGlvbj48b3B0aW9uIGNsYXNzPSJ0YWJsZV9maWVsZHNfb3B0aW9ucyIgdmFsdWU9ImNyZWF0ZWRfYnkiPmNyZWF0ZWRfYnk8L29wdGlvbj48b3B0aW9uIGNsYXNzPSJ0YWJsZV9maWVsZHNfb3B0aW9ucyIgdmFsdWU9ImNyZWF0aW9uX2RhdGUiPmNyZWF0aW9uX2RhdGU8L29wdGlvbj48b3B0aW9uIGNsYXNzPSJ0YWJsZV9maWVsZHNfb3B0aW9ucyIgdmFsdWU9Imxhc3RfdXBkYXRlX2J5Ij5sYXN0X3VwZGF0ZV9ieTwvb3B0aW9uPjxvcHRpb24gY2xhc3M9InRhYmxlX2ZpZWxkc19vcHRpb25zIiB2YWx1ZT0ibGFzdF91cGRhdGVfZGF0ZSI+bGFzdF91cGRhdGVfZGF0ZTwvb3B0aW9uPjxvcHRpb24gdmFsdWU9InJlbW92ZSIgY2xhc3M9InJlbW92ZV9vcHRpb24iPlJlbW92ZSBGaWVsZDwvb3B0aW9uPjwvc2VsZWN0Pg0KCQkJCQkJCSA8L2xpPjwvdWw+PC9kaXY+DQoJCQkJCQkgPGxpIGlkPSJzaG93X2ZpZWxkX2xpIj48bGFiZWw+U2hvdyBGaWVsZHM8L2xhYmVsPg0KCQkJCQkJCTxkaXYgaWQ9InNob3dfZmllbGRfYnV0dG9ucyI+PGRpdiBjbGFzcz0iZHJhZ2dhYmxlX2VsZW1lbnQgdWktZHJhZ2dhYmxlIj48aW5wdXQgdHlwZT0idGV4dCIgdmFsdWU9Im9wdGlvbl9oZWFkZXIub3B0aW9uX2hlYWRlcl9pZCIgY2xhc3M9InNob3dGaWVsZF9idXR0b25zIG9wdGlvbl9oZWFkZXIub3B0aW9uX2hlYWRlcl9pZCI+PC9kaXY+PGRpdiBjbGFzcz0iZHJhZ2dhYmxlX2VsZW1lbnQgdWktZHJhZ2dhYmxlIj48aW5wdXQgdHlwZT0idGV4dCIgdmFsdWU9Im9wdGlvbl9oZWFkZXIub3B0aW9uX3R5cGUiIGNsYXNzPSJzaG93RmllbGRfYnV0dG9ucyBvcHRpb25faGVhZGVyLm9wdGlvbl90eXBlIj48L2Rpdj48ZGl2IGNsYXNzPSJkcmFnZ2FibGVfZWxlbWVudCB1aS1kcmFnZ2FibGUiPjxpbnB1dCB0eXBlPSJ0ZXh0IiB2YWx1ZT0ib3B0aW9uX2xpbmUub3B0aW9uX2xpbmVfaWQiIGNsYXNzPSJzaG93RmllbGRfYnV0dG9ucyBvcHRpb25fbGluZS5vcHRpb25fbGluZV9pZCI+PC9kaXY+PGRpdiBjbGFzcz0iZHJhZ2dhYmxlX2VsZW1lbnQgdWktZHJhZ2dhYmxlIj48aW5wdXQgdHlwZT0idGV4dCIgdmFsdWU9Im9wdGlvbl9saW5lLm9wdGlvbl9saW5lX2NvZGUiIGNsYXNzPSJzaG93RmllbGRfYnV0dG9ucyBvcHRpb25fbGluZS5vcHRpb25fbGluZV9jb2RlIj48L2Rpdj48L2Rpdj4NCgkJCQkJCSA8L2xpPg0KCQkJCQkJIDxsaSBpZD0iY29uZGl0aW9uX2xpIj48bGFiZWw+Q29uZGl0aW9uczwvbGFiZWw+DQoJCQkJCQkJPGRpdiBpZD0iY29uZGl0aW9uX2J1dHRvbnMiPg0KPCEtLQkJCQkJCQkgPGlucHV0IHR5cGU9ImJ1dHRvbiIgdmFsdWU9IlNhdmUgQ29uZHRpb25zIiBjbGFzcz0iYnV0dG9uIHNhdmVfY29uZGl0aW9ucyIgaWQ9InNhdmVfY29uZGl0aW9ucyI+LS0+DQoJCQkJCQkJIDxzcGFuIGNsYXNzPSJhZGRfbmV3X2NvbmRpdGlvbnMiPjxpbWcgc3JjPSJodHRwOi8vd3d3Lmlub2lkZWFzLmNvbS9pbm9lcnAvdGhlbWVzL2ltYWdlcy9wbHVzXzEwLnBuZyIgYWx0PSJhZGQgbmV3IGNvbmRpdGlvbnMiPk5ldyBDb25kaXRpb25zPC9zcGFuPg0KCQkJCQkJCTwvZGl2Pg0KDQoJCQkJCQkJPGRpdiBpZD0iY29uZGl0aW9uX2J1dHRvbnNfZGl2Ij48ZGl2IGNsYXNzPSJkcmFnZ2FibGVfZWxlbWVudCB1aS1kcmFnZ2FibGUiPjxpbnB1dCB0eXBlPSJ0ZXh0IiB2YWx1ZT0ib3B0aW9uX2hlYWRlci5vcHRpb25faGVhZGVyX2lkIiBjbGFzcz0iY29uZGl0aW9uX2J1dHRvbnMgb3B0aW9uX2hlYWRlci5vcHRpb25faGVhZGVyX2lkIj48L2Rpdj48ZGl2IGNsYXNzPSJkcmFnZ2FibGVfZWxlbWVudCB1aS1kcmFnZ2FibGUiPjxpbnB1dCB0eXBlPSJ0ZXh0IiB2YWx1ZT0ib3B0aW9uX2hlYWRlci5hY2Nlc3NfbGV2ZWwiIGNsYXNzPSJjb25kaXRpb25fYnV0dG9ucyBvcHRpb25faGVhZGVyLmFjY2Vzc19sZXZlbCI+PC9kaXY+PGRpdiBjbGFzcz0iZHJhZ2dhYmxlX2VsZW1lbnQgdWktZHJhZ2dhYmxlIj48aW5wdXQgdHlwZT0idGV4dCIgdmFsdWU9Im9wdGlvbl9oZWFkZXIub3B0aW9uX3R5cGUiIGNsYXNzPSJjb25kaXRpb25fYnV0dG9ucyBvcHRpb25faGVhZGVyLm9wdGlvbl90eXBlIj48L2Rpdj48ZGl2IGNsYXNzPSJkcmFnZ2FibGVfZWxlbWVudCB1aS1kcmFnZ2FibGUiPjxpbnB1dCB0eXBlPSJ0ZXh0IiB2YWx1ZT0ib3B0aW9uX2xpbmUub3B0aW9uX2xpbmVfaWQiIGNsYXNzPSJjb25kaXRpb25fYnV0dG9ucyBvcHRpb25fbGluZS5vcHRpb25fbGluZV9pZCI+PC9kaXY+PGRpdiBjbGFzcz0iZHJhZ2dhYmxlX2VsZW1lbnQgdWktZHJhZ2dhYmxlIj48aW5wdXQgdHlwZT0idGV4dCIgdmFsdWU9Im9wdGlvbl9saW5lLm9wdGlvbl9oZWFkZXJfaWQiIGNsYXNzPSJjb25kaXRpb25fYnV0dG9ucyBvcHRpb25fbGluZS5vcHRpb25faGVhZGVyX2lkIj48L2Rpdj48ZGl2IGNsYXNzPSJkcmFnZ2FibGVfZWxlbWVudCB1aS1kcmFnZ2FibGUiPjxpbnB1dCB0eXBlPSJ0ZXh0IiB2YWx1ZT0ib3B0aW9uX2xpbmUub3B0aW9uX2xpbmVfY29kZSIgY2xhc3M9ImNvbmRpdGlvbl9idXR0b25zIG9wdGlvbl9saW5lLm9wdGlvbl9saW5lX2NvZGUiPjwvZGl2PjwvZGl2Pg0KCQkJCQkJCTxkaXYgaWQ9ImNvbmRpdGlvbl9idXR0b25zX2luZm8iPg0KCQkJCQkJCTwvZGl2Pg0KCQkJCQkJCTx0YWJsZSBpZD0iY29uZGl0aW9uX2J1dHRvbnNfdGFibGUiPg0KCQkJCQkJCSA8dGhlYWQ+DQoJCQkJCQkJCTx0cj4NCgkJCQkJCQkJIDx0aD5QYXJhbWV0ZXI8L3RoPg0KCQkJCQkJCQkgPHRoPkNvbmRpdGlvbjwvdGg+DQoJCQkJCQkJCSA8dGg+VmFsdWU8L3RoPg0KCQkJCQkJCQk8L3RyPg0KCQkJCQkJCSA8L3RoZWFkPg0KCQkJCQkJCSA8dGJvZHk+DQoJCQkJCQkJCTx0ciBjbGFzcz0iY29uZGl0aW9uX3JvdyI+DQoJCQkJCQkJCSA8dGQgY2xhc3M9ImNvbmRpdGlvbl9yb3dfcGFyYW1ldGVyIHVpLWRyb3BwYWJsZSI+DQoNCgkJCQkJCQkJIDxkaXYgY2xhc3M9ImRyYWdnYWJsZV9lbGVtZW50IHVpLWRyYWdnYWJsZSI+PGlucHV0IHR5cGU9InRleHQiIHZhbHVlPSJvcHRpb25faGVhZGVyLm9wdGlvbl9oZWFkZXJfaWQiIGNsYXNzPSJjb25kaXRpb25fYnV0dG9ucyBvcHRpb25faGVhZGVyLm9wdGlvbl9oZWFkZXJfaWQiPjwvZGl2PjwvdGQ+DQoJCQkJCQkJCSA8dGQgY2xhc3M9ImNvbmRpdGlvbl9yb3dfY29uZGl0aW9uIj4NCgkJCQkJCQkJCTwhLS0JCQkJCQkJCQkgPGxhYmVsPk9wZXJhdG9yPC9sYWJlbD4tLT4NCgkJCQkJCQkJCTx1bD48bGk+DQoJCQkJCQkJCQkJPHNlbGVjdCBjbGFzcz0iY29uZGl0aW9uX29wZXJhdG9yX3R5cGUiPg0KCQkJCQkJCQkJCSA8b3B0aW9uIHZhbHVlPSIiPjwvb3B0aW9uPg0KCQkJCQkJCQkJCSA8b3B0aW9uIHZhbHVlPSJkYXRhYmFzZSI+RGF0YWJhc2U8L29wdGlvbj4NCgkJCQkJCQkJCQkgPG9wdGlvbiB2YWx1ZT0ibWFudWFsIj5NYW51YWwgRW50cnk8L29wdGlvbj4NCiAgICAgICAgICAgICAgICAgICAgIDxvcHRpb24gdmFsdWU9InJlbW92ZSI+UmVtb3ZlPC9vcHRpb24+DQoJCQkJCQkJCQkJPC9zZWxlY3Q+DQoNCgkJCQkJCQkJCSA8L2xpPjxsaT4NCgkJCQkJCQkJCQk8c2VsZWN0IGNsYXNzPSJjb25kaXRpb25fb3BlcmF0b3IiPg0KCQkJCQkJCQkJCSA8b3B0aW9uIHZhbHVlPSIgPSAiPiBpcyBlcXVhbCB0byA8L29wdGlvbj4NCgkJCQkJCQkJCQkgPG9wdGlvbiB2YWx1ZT0iICE9ICI+IGlzIG5vdCBlcXVhbCB0byA8L29wdGlvbj4NCgkJCQkJCQkJCQkgPG9wdGlvbiB2YWx1ZT0iICZndDsgIj4gaXMgZ3JlYXRlciB0aGFuIDwvb3B0aW9uPg0KCQkJCQkJCQkJCSA8b3B0aW9uIHZhbHVlPSIgJmd0Oz0gIj4gJmd0Oz0gPC9vcHRpb24+DQoJCQkJCQkJCQkJIDxvcHRpb24gdmFsdWU9IiAmbHQ7ICI+IGlzIGxlc3MgdGhhbiA8L29wdGlvbj4NCgkJCQkJCQkJCQkgPG9wdGlvbiB2YWx1ZT0iICZsdDs9ICI+ICZsdDs9IDwvb3B0aW9uPg0KCQkJCQkJCQkJCSA8b3B0aW9uIHZhbHVlPSIgTElLRSAiPiBjb250YWlucyA8L29wdGlvbj4NCgkJCQkJCQkJCQkgPG9wdGlvbiB2YWx1ZT0iIElTIE5VTEwgIj4gaXMgTlVMTCA8L29wdGlvbj4NCgkJCQkJCQkJCQkgPG9wdGlvbiB2YWx1ZT0iIElTIE5PVCBOVUxMICI+IGlzIG5vdCBOVUxMIDwvb3B0aW9uPg0KDQoJCQkJCQkJCQkJPC9zZWxlY3Q+DQoJCQkJCQkJCQkgPC9saT4NCgkJCQkJCQkJCTwvdWw+DQoJCQkJCQkJCSA8L3RkPg0KCQkJCQkJCQkgPHRkIGNsYXNzPSJjb25kaXRpb25fcm93X3ZhbHVlIHVpLWRyb3BwYWJsZSI+DQoJCQkJCQkJCQkNCgkJCQkJCQkJIDxkaXYgY2xhc3M9ImRyYWdnYWJsZV9lbGVtZW50IHVpLWRyYWdnYWJsZSI+PGlucHV0IHR5cGU9InRleHQiIHZhbHVlPSJvcHRpb25fbGluZS5vcHRpb25faGVhZGVyX2lkIiBjbGFzcz0iY29uZGl0aW9uX2J1dHRvbnMgb3B0aW9uX2xpbmUub3B0aW9uX2hlYWRlcl9pZCI+PC9kaXY+PC90ZD4NCgkJCQkJCQkJPC90cj4NCgkJCQkJCQkgPC90Ym9keT4NCgkJCQkJCQk8L3RhYmxlPg0KCQkJCQkJIDwvbGk+IA0KCQkJCQkJIDxsaSBpZD0ic29ydF9zcWxRdWVyeSI+DQoJCQkJCQkJPHVsPg0KCQkJCQkJCSA8bGkgaWQ9InNvcnRpbmdfbGkiPg0KCQkJCQkJCQk8bGFiZWw+U29ydGluZzwvbGFiZWw+DQoJCQkJCQkJCTxzcGFuIGNsYXNzPSJhZGRfbmV3X3NvcnRfY3JpdGVyaWEiPjxpbWcgc3JjPSJodHRwOi8vd3d3Lmlub2lkZWFzLmNvbS9pbm9lcnAvdGhlbWVzL2ltYWdlcy9wbHVzXzEwLnBuZyIgYWx0PSJhZGQgbmV3IGNvbmRpdGlvbnMiPk5ldyBTb3J0aW5nIENyaXRlcmlhPC9zcGFuPg0KCQkJCQkJCQk8dGFibGUgaWQ9InNvcnRfZmllbGRzX3RhYmxlIj4NCgkJCQkJCQkJIDx0aGVhZD4NCgkJCQkJCQkJCTx0cj4NCgkJCQkJCQkJCSA8dGg+RmllbGRzPC90aD4NCgkJCQkJCQkJCSA8dGg+U29ydCBieTwvdGg+DQoJCQkJCQkJCQk8L3RyPg0KCQkJCQkJCQkgPC90aGVhZD4NCgkJCQkJCQkJIDx0Ym9keT4NCgkJCQkJCQkJCTx0ciBjbGFzcz0ic29ydF9maWVsZHNfcm93Ij4NCgkJCQkJCQkJCSA8dGQgY2xhc3M9InNvcnRfZmllbGRzX2ZpZWxkX3ZhbHVlIHVpLWRyb3BwYWJsZSI+DQoNCgkJCQkJCQkJCSA8ZGl2IGNsYXNzPSJkcmFnZ2FibGVfZWxlbWVudCB1aS1kcmFnZ2FibGUiPjxpbnB1dCB0eXBlPSJ0ZXh0IiB2YWx1ZT0ib3B0aW9uX2xpbmUub3B0aW9uX2xpbmVfY29kZSIgY2xhc3M9InNob3dGaWVsZF9idXR0b25zIG9wdGlvbl9saW5lLm9wdGlvbl9saW5lX2NvZGUiPjwvZGl2PjwvdGQ+DQoJCQkJCQkJCQkgPHRkIGNsYXNzPSJzb3J0X2ZpZWxkc19zb3J0QnkiPg0KCQkJCQkJCQkJCTxzZWxlY3QgY2xhc3M9InNvcnRfZmllbGRzX3ZhbHVlcyI+DQoJCQkJCQkJCQkJIDxvcHRpb24gdmFsdWU9IiI+PC9vcHRpb24+DQoJCQkJCQkJCQkJIDxvcHRpb24gdmFsdWU9IkFTQyI+IEFzY2VuZGluZzwvb3B0aW9uPg0KCQkJCQkJCQkJCSA8b3B0aW9uIHZhbHVlPSJERVNDIj4gRGVzY2VuZGluZyA8L29wdGlvbj4NCiAgICAgICAgICAgICAgICAgICAgIDxvcHRpb24gdmFsdWU9InJlbW92ZSI+UmVtb3ZlPC9vcHRpb24+DQoJCQkJCQkJCQkJPC9zZWxlY3Q+DQoJCQkJCQkJCQkgPC90ZD4NCgkJCQkJCQkJCTwvdHI+DQoJCQkJCQkJCSA8L3Rib2R5Pg0KCQkJCQkJCQk8L3RhYmxlPg0KCQkJCQkJCSA8L2xpPiANCgkJCQkJCQkgPGxpPjxsYWJlbD5QYXJhbWV0ZXI8L2xhYmVsPjwvbGk+IA0KCQkJCQkJCSA8bGk+PGxhYmVsPlJlbGF0aW9uc2hpcHM8L2xhYmVsPjwvbGk+IA0KCQkJCQkJCSA8bGk+PGxhYmVsPkNhbGxiYWNrPC9sYWJlbD48L2xpPiANCgkJCQkJCSANCgkJCQkJCTwvdWw+DQoJCQkJCQk8L2xpPg0KCQkJCQkJ', 'U0VMRUNUIG9wdGlvbl9oZWFkZXIub3B0aW9uX2hlYWRlcl9pZCBBUyBvcHRpb25faGVhZGVyX19vcHRpb25faGVhZGVyX2lkLG9wdGlvbl9oZWFkZXIub3B0aW9uX3R5cGUgQVMgb3B0aW9uX2hlYWRlcl9fb3B0aW9uX3R5cGUsb3B0aW9uX2xpbmUub3B0aW9uX2xpbmVfaWQgQVMgb3B0aW9uX2xpbmVfX29wdGlvbl9saW5lX2lkLG9wdGlvbl9saW5lLm9wdGlvbl9saW5lX2NvZGUgQVMgb3B0aW9uX2xpbmVfX29wdGlvbl9saW5lX2NvZGUNCkZST00gDQpvcHRpb25faGVhZGVyLG9wdGlvbl9saW5lDQpXSEVSRSBvcHRpb25faGVhZGVyLm9wdGlvbl9oZWFkZXJfaWQgID0gIG9wdGlvbl9saW5lLm9wdGlvbl9oZWFkZXJfaWQNCk9SREVSIEJZIG9wdGlvbl9saW5lLm9wdGlvbl9saW5lX2NvZGUgREVTQw==', 'option_header.option_header_id AS option_header__option_header_id,option_header.option_type AS option_header__option_type,option_line.option_line_id AS option_line__option_line_id,option_line.option_line_code AS option_line__option_line_code', 'option_header,option_line', 'option_header.option_header_id  =  option_line.option_header_id', 'option_line.option_line_code DESC', NULL, 'option_header.option_header_id,option_header.access_level,option_header.option_type,option_line.option_line_id,option_line.option_header_id,option_line.option_line_code', NULL, NULL, NULL, NULL, NULL, NULL, NULL, NULL, NULL, NULL, NULL, NULL, NULL, NULL, NULL, NULL, 'inoerp', '2013-09-17 20:07:54', 'inoerp', '2013-09-17 20:07:54');

-- --------------------------------------------------------

--
-- Table structure for table `view_path`
--

CREATE TABLE IF NOT EXISTS `view_path` (
  `view_path_id` int(12) NOT NULL AUTO_INCREMENT,
  `view_id` int(12) NOT NULL,
  `column_name` varchar(100) NOT NULL,
  `path` varchar(256) NOT NULL,
  `description` varchar(256) DEFAULT NULL,
  PRIMARY KEY (`view_path_id`),
  UNIQUE KEY `view_id` (`view_id`,`column_name`)
) ENGINE=MyISAM  DEFAULT CHARSET=latin1 AUTO_INCREMENT=9 ;

--
-- Dumping data for table `view_path`
--

INSERT INTO `view_path` (`view_path_id`, `view_id`, `column_name`, `path`, `description`) VALUES
(1, 0, 'subinventory_id', 'modules/inv/subinventory/subinventory.php', NULL),
(2, 0, 'org_id', 'modules/org/org.php', NULL),
(3, 0, 'content_id', 'extensions/content/content.php?content_type=content', NULL),
(8, 8, 'content_id', 'extensions/content/content.php?content_type=content', NULL),
(6, 1, 'org_id', 'modules/org/org.php', NULL),
(7, 1, 'subinventory_id', 'modules/inv/subinventory/subinventory.php', NULL);

-- --------------------------------------------------------

--
-- Table structure for table `wip_move_transaction`
--

CREATE TABLE IF NOT EXISTS `wip_move_transaction` (
  `wip_move_transaction_id` int(12) unsigned NOT NULL AUTO_INCREMENT,
  `wip_wo_header_id` int(12) DEFAULT NULL,
  `wo_routing_line_id` int(12) unsigned NOT NULL,
  `wo_routing_detail_id` int(12) unsigned NOT NULL,
  `org_id` int(12) unsigned NOT NULL,
  `wo_number` varchar(50) DEFAULT NULL,
  `item_id` int(12) NOT NULL,
  `item_number` varchar(50) DEFAULT NULL,
  `from_routing_sequence` int(12) NOT NULL,
  `to_routing_sequence` int(12) NOT NULL,
  `from_operation_step` varchar(50) NOT NULL,
  `to_operation_step` varchar(50) NOT NULL,
  `transaction_type` varchar(50) DEFAULT NULL,
  `transaction_date` date NOT NULL,
  `move_quantity` decimal(20,5) NOT NULL,
  `reason` varchar(256) DEFAULT NULL,
  `reference` varchar(256) DEFAULT NULL,
  `scrap_account_id` int(12) DEFAULT NULL,
  `sales_order_header_id` int(12) DEFAULT NULL,
  `sales_order_line_id` int(12) DEFAULT NULL,
  `created_by` varchar(256) NOT NULL,
  `creation_date` datetime NOT NULL,
  `last_update_by` varchar(256) NOT NULL,
  `last_update_date` datetime NOT NULL,
  PRIMARY KEY (`wip_move_transaction_id`)
) ENGINE=MyISAM  DEFAULT CHARSET=latin1 AUTO_INCREMENT=68 ;

--
-- Dumping data for table `wip_move_transaction`
--

INSERT INTO `wip_move_transaction` (`wip_move_transaction_id`, `wip_wo_header_id`, `wo_routing_line_id`, `wo_routing_detail_id`, `org_id`, `wo_number`, `item_id`, `item_number`, `from_routing_sequence`, `to_routing_sequence`, `from_operation_step`, `to_operation_step`, `transaction_type`, `transaction_date`, `move_quantity`, `reason`, `reference`, `scrap_account_id`, `sales_order_header_id`, `sales_order_line_id`, `created_by`, `creation_date`, `last_update_by`, `last_update_date`) VALUES
(1, 21, 0, 0, 6, '0', 10043, '0', 10, 10, 'queue', 'running', 'WIP_MOVE', '2014-01-09', 3.00000, NULL, NULL, NULL, NULL, NULL, 'inoerp', '2014-01-07 16:59:44', 'inoerp', '2014-01-07 16:59:44'),
(2, 24, 0, 0, 6, '6-24', 10043, '0', 10, 10, 'queue', 'running', 'WIP_MOVE', '2014-01-13', 2.00000, NULL, NULL, NULL, NULL, NULL, 'inoerp', '2014-01-08 03:26:04', 'inoerp', '2014-01-08 03:26:04'),
(3, 24, 0, 0, 6, '6-24', 10043, '0', 10, 10, 'queue', 'running', 'WIP_MOVE', '2014-01-15', 3.00000, NULL, NULL, NULL, NULL, NULL, 'inoerp', '2014-01-08 04:53:06', 'inoerp', '2014-01-08 04:53:06'),
(4, 25, 0, 0, 6, '6-25', 10043, 'MI_CABINETA01', 10, 10, 'queue', 'running', 'WIP_MOVE', '2014-01-15', 1.00000, NULL, NULL, NULL, NULL, NULL, 'inoerp', '2014-01-08 05:21:21', 'inoerp', '2014-01-08 05:21:21'),
(5, 25, 0, 0, 6, '6-25', 10043, 'MI_CABINETA01', 10, 20, 'queue', 'queue', 'WIP_MOVE', '2014-01-09', 2.00000, NULL, NULL, NULL, NULL, NULL, 'inoerp', '2014-01-08 10:33:25', 'inoerp', '2014-01-08 10:33:25'),
(6, 25, 0, 0, 6, '6-25', 10043, 'MI_CABINETA01', 10, 20, 'queue', 'running', 'WIP_MOVE', '2014-01-14', 3.00000, NULL, NULL, NULL, NULL, NULL, 'inoerp', '2014-01-08 10:36:49', 'inoerp', '2014-01-08 10:36:49'),
(7, 25, 0, 0, 6, '6-25', 10043, 'MI_CABINETA01', 10, 10, 'running', 'tomove', 'WIP_MOVE', '2014-01-15', 3.00000, NULL, NULL, NULL, NULL, NULL, 'inoerp', '2014-01-08 10:43:38', 'inoerp', '2014-01-08 10:43:38'),
(8, 25, 0, 0, 6, '6-25', 10043, 'MI_CABINETA01', 10, 20, 'tomove', 'running', 'WIP_MOVE', '2014-01-14', 3.00000, NULL, NULL, NULL, NULL, NULL, 'inoerp', '2014-01-08 10:45:07', 'inoerp', '2014-01-08 10:45:07'),
(9, 25, 0, 0, 6, '6-25', 10043, 'MI_CABINETA01', 10, 20, 'tomove', 'queue', 'WIP_MOVE', '2014-01-10', 3.00000, NULL, NULL, NULL, NULL, NULL, 'inoerp', '2014-01-08 10:46:24', 'inoerp', '2014-01-08 10:46:24'),
(10, 25, 0, 0, 6, '6-25', 10043, 'MI_CABINETA01', 10, 10, 'running', 'tomove', 'WIP_MOVE', '2014-01-09', 6.00000, NULL, NULL, NULL, NULL, NULL, 'inoerp', '2014-01-08 10:47:12', 'inoerp', '2014-01-08 10:47:12'),
(11, 25, 0, 0, 6, '6-25', 10043, 'MI_CABINETA01', 10, 20, 'running', 'queue', 'WIP_MOVE', '2014-01-15', 6.00000, NULL, NULL, NULL, NULL, NULL, 'inoerp', '2014-01-08 10:48:06', 'inoerp', '2014-01-08 10:48:06'),
(12, 25, 0, 0, 6, '6-25', 10043, 'MI_CABINETA01', 20, 20, 'queue', 'running', 'WIP_MOVE', '2014-01-09', 5.00000, NULL, NULL, NULL, NULL, NULL, 'inoerp', '2014-01-08 10:48:44', 'inoerp', '2014-01-08 10:48:44'),
(13, 25, 0, 0, 6, '6-25', 10043, 'MI_CABINETA01', 20, 20, 'queue', 'running', 'WIP_MOVE', '2014-01-16', 9.00000, NULL, NULL, NULL, NULL, NULL, 'inoerp', '2014-01-08 10:51:16', 'inoerp', '2014-01-08 10:51:16'),
(14, 25, 0, 0, 6, '6-25', 10043, 'MI_CABINETA01', 10, 30, 'queue', 'tomove', 'WIP_MOVE', '2014-01-15', 6.00000, NULL, NULL, NULL, NULL, NULL, 'inoerp', '2014-01-08 10:52:01', 'inoerp', '2014-01-08 10:52:01'),
(15, 25, 0, 0, 6, '6-25', 10043, 'MI_CABINETA01', 30, 10, 'tomove', 'queue', 'WIP_MOVE', '2014-01-15', 2.00000, NULL, NULL, NULL, NULL, NULL, 'inoerp', '2014-01-08 10:52:45', 'inoerp', '2014-01-08 10:52:45'),
(16, 25, 0, 0, 6, '6-25', 10043, 'MI_CABINETA01', 10, 10, 'queue', 'running', 'WIP_MOVE', '2014-01-14', 1.00000, NULL, NULL, NULL, NULL, NULL, 'inoerp', '2014-01-08 16:41:23', 'inoerp', '2014-01-08 16:41:23'),
(17, 27, 0, 0, 6, '6-27', 10043, 'MI_CABINETA01', 10, 10, 'queue', 'running', 'WIP_MOVE', '2014-01-15', 1.00000, NULL, NULL, NULL, NULL, NULL, 'inoerp', '2014-01-08 16:48:30', 'inoerp', '2014-01-08 16:48:30'),
(18, 27, 0, 0, 6, '6-27', 10043, 'MI_CABINETA01', 10, 10, 'queue', 'running', 'WIP_MOVE', '2014-01-15', 1.00000, NULL, NULL, NULL, NULL, NULL, 'inoerp', '2014-01-08 16:49:46', 'inoerp', '2014-01-08 16:49:46'),
(19, 27, 0, 0, 6, '6-27', 10043, 'MI_CABINETA01', 10, 10, 'queue', 'running', 'WIP_MOVE', '2014-01-15', 1.00000, NULL, NULL, NULL, NULL, NULL, 'inoerp', '2014-01-08 16:50:13', 'inoerp', '2014-01-08 16:50:13'),
(20, 27, 0, 0, 6, '6-27', 10043, 'MI_CABINETA01', 10, 10, 'queue', 'running', 'WIP_MOVE', '2014-01-15', 1.00000, NULL, NULL, NULL, NULL, NULL, 'inoerp', '2014-01-08 16:51:08', 'inoerp', '2014-01-08 16:51:08'),
(21, 27, 0, 0, 6, '6-27', 10043, 'MI_CABINETA01', 10, 10, 'queue', 'running', 'WIP_MOVE', '2014-01-15', 1.00000, NULL, NULL, NULL, NULL, NULL, 'inoerp', '2014-01-08 16:56:49', 'inoerp', '2014-01-08 16:56:49'),
(22, 27, 0, 0, 6, '6-27', 10043, 'MI_CABINETA01', 10, 10, 'queue', 'tomove', 'WIP_MOVE', '2014-01-15', 1.00000, NULL, NULL, NULL, NULL, NULL, 'inoerp', '2014-01-09 03:58:16', 'inoerp', '2014-01-09 03:58:16'),
(23, 27, 0, 0, 6, '6-27', 10043, 'MI_CABINETA01', 10, 10, 'queue', 'tomove', 'WIP_MOVE', '2014-01-10', 1.00000, NULL, NULL, NULL, NULL, NULL, 'inoerp', '2014-01-09 05:28:13', 'inoerp', '2014-01-09 05:28:13'),
(24, 27, 0, 0, 6, '6-27', 10043, 'MI_CABINETA01', 10, 10, 'queue', 'tomove', 'WIP_MOVE', '2014-01-10', 2.00000, NULL, NULL, NULL, NULL, NULL, 'inoerp', '2014-01-09 05:30:34', 'inoerp', '2014-01-09 05:30:34'),
(25, 27, 0, 0, 6, '6-27', 10043, 'MI_CABINETA01', 10, 10, 'running', 'tomove', 'WIP_MOVE', '2014-01-16', 1.00000, NULL, NULL, NULL, NULL, NULL, 'inoerp', '2014-01-09 06:26:46', 'inoerp', '2014-01-09 06:26:46'),
(26, 28, 0, 0, 6, '6-28', 10043, 'MI_CABINETA01', 10, 10, 'queue', 'running', 'WIP_MOVE', '2014-01-14', 10.00000, NULL, NULL, NULL, NULL, NULL, 'inoerp', '2014-01-09 06:31:02', 'inoerp', '2014-01-09 06:31:02'),
(27, 28, 0, 0, 6, '6-28', 10043, 'MI_CABINETA01', 10, 10, 'running', 'tomove', 'WIP_MOVE', '2014-01-15', 4.00000, NULL, NULL, NULL, NULL, NULL, 'inoerp', '2014-01-09 06:33:53', 'inoerp', '2014-01-09 06:33:53'),
(28, 28, 0, 0, 6, '6-28', 10043, 'MI_CABINETA01', 10, 10, 'queue', 'running', 'WIP_MOVE', '2014-01-15', 4.00000, NULL, NULL, NULL, NULL, NULL, 'inoerp', '2014-01-09 06:45:36', 'inoerp', '2014-01-09 06:45:36'),
(29, 28, 0, 0, 6, '6-28', 10043, 'MI_CABINETA01', 10, 10, 'queue', 'running', 'WIP_MOVE', '2014-01-15', 5.00000, NULL, NULL, NULL, NULL, NULL, 'inoerp', '2014-01-09 06:46:46', 'inoerp', '2014-01-09 06:46:46'),
(30, 28, 0, 0, 6, '6-28', 10043, 'MI_CABINETA01', 10, 10, 'queue', 'tomove', 'WIP_MOVE', '2014-01-10', 1.00000, NULL, NULL, NULL, NULL, NULL, 'inoerp', '2014-01-09 07:16:52', 'inoerp', '2014-01-09 07:16:52'),
(31, 28, 0, 0, 6, '6-28', 10043, 'MI_CABINETA01', 10, 10, 'running', 'queue', 'WIP_MOVE', '2014-01-11', 5.00000, NULL, NULL, NULL, NULL, NULL, 'inoerp', '2014-01-09 07:19:16', 'inoerp', '2014-01-09 07:19:16'),
(32, 28, 0, 0, 6, '6-28', 10043, 'MI_CABINETA01', 10, 10, 'running', 'queue', 'WIP_MOVE', '2014-01-11', 5.00000, NULL, NULL, NULL, NULL, NULL, 'inoerp', '2014-01-09 08:43:36', 'inoerp', '2014-01-09 08:43:36'),
(33, 28, 0, 0, 6, '6-28', 10043, 'MI_CABINETA01', 10, 10, 'running', 'queue', 'WIP_MOVE', '2014-01-16', 1.00000, NULL, NULL, NULL, NULL, NULL, 'inoerp', '2014-01-09 09:00:05', 'inoerp', '2014-01-09 09:00:05'),
(34, 28, 0, 0, 6, '6-28', 10043, 'MI_CABINETA01', 10, 10, 'running', 'queue', 'WIP_MOVE', '2014-01-10', 1.00000, NULL, NULL, NULL, NULL, NULL, 'inoerp', '2014-01-09 09:06:21', 'inoerp', '2014-01-09 09:06:21'),
(35, 28, 0, 0, 6, '6-28', 10043, 'MI_CABINETA01', 10, 10, 'running', 'queue', 'WIP_MOVE', '2014-01-13', 1.00000, NULL, NULL, NULL, NULL, NULL, 'inoerp', '2014-01-09 09:12:11', 'inoerp', '2014-01-09 09:12:11'),
(36, 28, 0, 0, 6, '6-28', 10043, 'MI_CABINETA01', 10, 10, 'running', 'queue', 'WIP_MOVE', '2014-01-16', 1.00000, NULL, NULL, NULL, NULL, NULL, 'inoerp', '2014-01-09 09:34:58', 'inoerp', '2014-01-09 09:34:58'),
(37, 28, 0, 0, 6, '6-28', 10043, 'MI_CABINETA01', 10, 10, 'running', 'queue', 'WIP_MOVE', '2014-01-24', 1.00000, NULL, NULL, NULL, NULL, NULL, 'inoerp', '2014-01-09 09:35:44', 'inoerp', '2014-01-09 09:35:44'),
(38, 28, 0, 0, 6, '6-28', 10043, 'MI_CABINETA01', 10, 10, 'tomove', 'queue', 'WIP_MOVE', '2014-01-15', 1.00000, NULL, NULL, NULL, NULL, NULL, 'inoerp', '2014-01-09 10:11:07', 'inoerp', '2014-01-09 10:11:07'),
(39, 28, 0, 0, 6, '6-28', 10043, 'MI_CABINETA01', 10, 10, 'tomove', 'queue', 'WIP_MOVE', '2014-01-10', 1.00000, NULL, NULL, NULL, NULL, NULL, 'inoerp', '2014-01-09 10:13:11', 'inoerp', '2014-01-09 10:13:11'),
(40, 28, 0, 0, 6, '6-28', 10043, 'MI_CABINETA01', 10, 10, 'tomove', 'queue', 'WIP_MOVE', '2014-01-15', 1.00000, NULL, NULL, NULL, NULL, NULL, 'inoerp', '2014-01-09 10:15:25', 'inoerp', '2014-01-09 10:15:25'),
(41, 28, 0, 0, 6, '6-28', 10043, 'MI_CABINETA01', 10, 30, 'queue', 'queue', 'WIP_MOVE', '2014-01-10', 10.00000, NULL, NULL, NULL, NULL, NULL, 'inoerp', '2014-01-09 10:54:43', 'inoerp', '2014-01-09 10:54:43'),
(42, 29, 0, 0, 6, '6-29', 10043, 'MI_CABINETA01', 10, 30, 'queue', 'queue', 'WIP_MOVE', '2014-01-13', 10.00000, NULL, NULL, NULL, NULL, NULL, 'inoerp', '2014-01-09 14:32:34', 'inoerp', '2014-01-09 14:32:34'),
(43, 29, 0, 0, 6, '6-29', 10043, 'MI_CABINETA01', 10, 30, 'queue', 'queue', 'WIP_MOVE', '2014-01-10', 15.00000, NULL, NULL, NULL, NULL, NULL, 'inoerp', '2014-01-09 14:36:35', 'inoerp', '2014-01-09 14:36:35'),
(44, 29, 0, 0, 6, '6-29', 10043, 'MI_CABINETA01', 10, 30, 'queue', 'running', 'WIP_MOVE', '2014-01-15', 30.00000, NULL, NULL, NULL, NULL, NULL, 'inoerp', '2014-01-09 14:45:01', 'inoerp', '2014-01-09 14:45:01'),
(45, 29, 0, 0, 6, '6-29', 10043, 'MI_CABINETA01', 10, 30, 'queue', 'running', 'WIP_MOVE', '2014-01-16', 5.00000, NULL, NULL, NULL, NULL, NULL, 'inoerp', '2014-01-09 14:50:55', 'inoerp', '2014-01-09 14:50:55'),
(46, 29, 0, 0, 6, '6-29', 10043, 'MI_CABINETA01', 30, 10, 'running', 'queue', 'WIP_MOVE', '2014-01-13', 15.00000, NULL, NULL, NULL, NULL, NULL, 'inoerp', '2014-01-09 15:24:27', 'inoerp', '2014-01-09 15:24:27'),
(47, 29, 0, 0, 6, '6-29', 10043, 'MI_CABINETA01', 30, 10, 'running', 'queue', 'WIP_MOVE', '2014-01-16', 5.00000, NULL, NULL, NULL, NULL, NULL, 'inoerp', '2014-01-09 15:32:03', 'inoerp', '2014-01-09 15:32:03'),
(48, 29, 0, 0, 6, '6-29', 10043, 'MI_CABINETA01', 30, 10, 'running', 'queue', 'WIP_MOVE', '2014-01-16', 5.00000, NULL, NULL, NULL, NULL, NULL, 'inoerp', '2014-01-09 15:34:31', 'inoerp', '2014-01-09 15:34:31'),
(49, 29, 0, 0, 6, '6-29', 10043, 'MI_CABINETA01', 30, 10, 'running', 'queue', 'WIP_MOVE', '2014-01-16', 2.00000, NULL, NULL, NULL, NULL, NULL, 'inoerp', '2014-01-09 15:38:02', 'inoerp', '2014-01-09 15:38:02'),
(50, 29, 0, 0, 6, '6-29', 10043, 'MI_CABINETA01', 30, 10, 'running', 'queue', 'WIP_MOVE', '2014-01-15', 2.00000, NULL, NULL, NULL, NULL, NULL, 'inoerp', '2014-01-09 15:40:08', 'inoerp', '2014-01-09 15:40:08'),
(51, 29, 0, 0, 6, '6-29', 10043, 'MI_CABINETA01', 30, 10, 'running', 'queue', 'WIP_MOVE', '2014-01-14', 1.00000, NULL, NULL, NULL, NULL, NULL, 'inoerp', '2014-01-09 15:42:09', 'inoerp', '2014-01-09 15:42:09'),
(52, 29, 0, 0, 6, '6-29', 10043, 'MI_CABINETA01', 30, 10, 'running', 'queue', 'WIP_MOVE', '2014-01-13', 1.00000, NULL, NULL, NULL, NULL, NULL, 'inoerp', '2014-01-09 15:45:42', 'inoerp', '2014-01-09 15:45:42'),
(53, 30, 0, 0, 6, 'WO50', 10035, 'MI_DESKTOPA01', 10, 10, 'queue', 'running', 'WIP_MOVE', '2014-01-14', 5.00000, NULL, NULL, NULL, NULL, NULL, 'inoerp', '2014-01-13 14:09:33', 'inoerp', '2014-01-13 14:09:33'),
(54, 30, 0, 0, 6, 'WO50', 10035, 'MI_DESKTOPA01', 10, 10, 'queue', 'running', 'WIP_MOVE', '2014-01-15', 5.00000, NULL, NULL, NULL, NULL, NULL, 'inoerp', '2014-01-13 14:11:20', 'inoerp', '2014-01-13 14:11:20'),
(55, 30, 0, 0, 6, 'WO50', 10035, 'MI_DESKTOPA01', 10, 10, 'queue', 'running', 'WIP_MOVE', '2014-01-15', 5.00000, NULL, NULL, NULL, NULL, NULL, 'inoerp', '2014-01-13 14:12:13', 'inoerp', '2014-01-13 14:12:13'),
(56, 30, 0, 0, 6, 'WO50', 10035, 'MI_DESKTOPA01', 10, 10, 'queue', 'running', 'WIP_MOVE', '2014-01-15', 5.00000, NULL, NULL, NULL, NULL, NULL, 'inoerp', '2014-01-13 14:14:39', 'inoerp', '2014-01-13 14:14:39'),
(57, 30, 0, 0, 6, 'WO50', 10035, 'MI_DESKTOPA01', 10, 10, 'queue', 'running', 'WIP_MOVE', '2014-01-15', 5.00000, NULL, NULL, NULL, NULL, NULL, 'inoerp', '2014-01-13 14:17:27', 'inoerp', '2014-01-13 14:17:27'),
(58, 30, 0, 0, 6, 'WO50', 10035, 'MI_DESKTOPA01', 10, 10, 'queue', 'running', 'WIP_MOVE', '2014-01-15', 5.00000, NULL, NULL, NULL, NULL, NULL, 'inoerp', '2014-01-13 14:18:10', 'inoerp', '2014-01-13 14:18:10'),
(59, 30, 0, 0, 6, 'WO50', 10035, 'MI_DESKTOPA01', 10, 10, 'queue', 'running', 'WIP_MOVE', '2014-01-15', 5.00000, NULL, NULL, NULL, NULL, NULL, 'inoerp', '2014-01-13 14:19:02', 'inoerp', '2014-01-13 14:19:02'),
(60, 30, 0, 0, 6, 'WO50', 10035, 'MI_DESKTOPA01', 10, 10, 'queue', 'running', 'WIP_MOVE', '2014-01-15', 5.00000, NULL, NULL, NULL, NULL, NULL, 'inoerp', '2014-01-14 01:16:00', 'inoerp', '2014-01-14 01:16:00'),
(61, 30, 0, 0, 6, 'WO50', 10035, 'MI_DESKTOPA01', 10, 10, 'queue', 'running', 'WIP_MOVE', '2014-01-15', 3.00000, NULL, NULL, NULL, NULL, NULL, 'inoerp', '2014-01-14 01:37:00', 'inoerp', '2014-01-14 01:37:00'),
(62, 30, 0, 0, 6, 'WO50', 10035, 'MI_DESKTOPA01', 10, 10, 'queue', 'running', 'WIP_MOVE', '2014-01-15', 50.00000, NULL, NULL, NULL, NULL, NULL, 'inoerp', '2014-01-14 01:45:19', 'inoerp', '2014-01-14 01:45:19'),
(63, 30, 0, 0, 6, 'WO50', 10035, 'MI_DESKTOPA01', 10, 10, 'queue', 'running', 'WIP_MOVE', '2014-01-15', 1.00000, NULL, NULL, NULL, NULL, NULL, 'inoerp', '2014-01-14 02:57:46', 'inoerp', '2014-01-14 02:57:46'),
(64, 30, 0, 0, 6, 'WO50', 10035, 'MI_DESKTOPA01', 10, 10, 'running', 'queue', 'WIP_MOVE', '2014-01-16', 4.00000, NULL, NULL, NULL, NULL, NULL, 'inoerp', '2014-01-14 02:59:07', 'inoerp', '2014-01-14 02:59:07'),
(65, 30, 0, 0, 6, 'WO50', 10035, 'MI_DESKTOPA01', 10, 30, 'running', 'running', 'WIP_MOVE', '2014-01-16', 30.00000, NULL, NULL, NULL, NULL, NULL, 'inoerp', '2014-01-14 04:22:31', 'inoerp', '2014-01-14 04:22:31'),
(66, 30, 0, 0, 6, 'WO50', 10035, 'MI_DESKTOPA01', 30, 10, 'running', 'queue', 'WIP_MOVE', '2014-01-17', 12.00000, NULL, NULL, NULL, NULL, NULL, 'inoerp', '2014-01-14 04:45:34', 'inoerp', '2014-01-14 04:45:34'),
(67, 30, 0, 0, 6, 'WO50', 10035, 'MI_DESKTOPA01', 10, 30, 'queue', 'running', 'WIP_MOVE', '2014-01-23', 1.00000, NULL, NULL, NULL, NULL, NULL, 'inoerp', '2014-01-14 07:29:21', 'inoerp', '2014-01-14 07:29:21');

-- --------------------------------------------------------

--
-- Table structure for table `wip_resource_transaction`
--

CREATE TABLE IF NOT EXISTS `wip_resource_transaction` (
  `wip_resource_transaction_id` int(12) NOT NULL AUTO_INCREMENT,
  `wip_wo_header_id` int(12) unsigned NOT NULL,
  `wip_wo_routing_line_id` int(12) unsigned NOT NULL,
  `wip_wo_routing_detail_id` int(12) unsigned NOT NULL,
  `org_id` int(12) unsigned NOT NULL,
  `transaction_type` varchar(50) NOT NULL,
  `transaction_date` date NOT NULL,
  `transaction_quantity` decimal(20,5) NOT NULL,
  `reason` varchar(256) DEFAULT NULL,
  `reference` varchar(256) DEFAULT NULL,
  `scrap_account_id` int(12) DEFAULT NULL,
  `sales_order_header_id` int(12) DEFAULT NULL,
  `sales_order_line_id` int(12) DEFAULT NULL,
  `created_by` varchar(256) NOT NULL,
  `creation_date` datetime NOT NULL,
  `last_update_by` varchar(256) NOT NULL,
  `last_update_date` datetime NOT NULL,
  PRIMARY KEY (`wip_resource_transaction_id`)
) ENGINE=MyISAM  DEFAULT CHARSET=latin1 AUTO_INCREMENT=48 ;

--
-- Dumping data for table `wip_resource_transaction`
--

INSERT INTO `wip_resource_transaction` (`wip_resource_transaction_id`, `wip_wo_header_id`, `wip_wo_routing_line_id`, `wip_wo_routing_detail_id`, `org_id`, `transaction_type`, `transaction_date`, `transaction_quantity`, `reason`, `reference`, `scrap_account_id`, `sales_order_header_id`, `sales_order_line_id`, `created_by`, `creation_date`, `last_update_by`, `last_update_date`) VALUES
(1, 29, 52, 80, 6, 'WIP_RESOURCE_TRANSACTION', '2014-01-11', 4.00000, NULL, NULL, NULL, NULL, NULL, 'inoerp', '2014-01-11 13:36:15', 'inoerp', '2014-01-11 13:36:15'),
(2, 29, 52, 80, 6, 'WIP_RESOURCE_TRANSACTION', '2014-01-13', 5.00000, NULL, NULL, NULL, NULL, NULL, 'inoerp', '2014-01-13 02:57:47', 'inoerp', '2014-01-13 02:57:47'),
(3, 29, 52, 80, 6, 'WIP_RESOURCE_TRANSACTION', '2014-01-13', 20.00000, NULL, NULL, NULL, NULL, NULL, 'inoerp', '2014-01-13 04:46:54', 'inoerp', '2014-01-13 04:46:54'),
(4, 29, 52, 80, 6, 'WIP_RESOURCE_TRANSACTION', '2014-01-13', 10.00000, NULL, NULL, NULL, NULL, NULL, 'inoerp', '2014-01-13 04:47:39', 'inoerp', '2014-01-13 04:47:39'),
(5, 29, 54, 83, 6, 'WIP_RESOURCE_TRANSACTION', '2014-01-13', 10.00000, NULL, NULL, NULL, NULL, NULL, 'inoerp', '2014-01-13 04:47:39', 'inoerp', '2014-01-13 04:47:39'),
(6, 29, 52, 79, 6, 'WIP_RESOURCE_TRANSACTION', '2014-01-13', 10.00000, NULL, NULL, NULL, NULL, NULL, 'inoerp', '2014-01-13 04:47:40', 'inoerp', '2014-01-13 04:47:40'),
(7, 29, 53, 81, 6, 'WIP_RESOURCE_TRANSACTION', '2014-01-13', 10.00000, NULL, NULL, NULL, NULL, NULL, 'inoerp', '2014-01-13 04:47:40', 'inoerp', '2014-01-13 04:47:40'),
(8, 29, 54, 82, 6, 'WIP_RESOURCE_TRANSACTION', '2014-01-13', 10.00000, NULL, NULL, NULL, NULL, NULL, 'inoerp', '2014-01-13 04:47:40', 'inoerp', '2014-01-13 04:47:40'),
(9, 29, 52, 80, 6, 'WIP_RESOURCE_TRANSACTION', '2014-01-13', 10.00000, NULL, NULL, NULL, NULL, NULL, 'inoerp', '2014-01-13 04:47:41', 'inoerp', '2014-01-13 04:47:41'),
(10, 29, 54, 83, 6, 'WIP_RESOURCE_TRANSACTION', '2014-01-13', 10.00000, NULL, NULL, NULL, NULL, NULL, 'inoerp', '2014-01-13 04:47:41', 'inoerp', '2014-01-13 04:47:41'),
(11, 29, 52, 79, 6, 'WIP_RESOURCE_TRANSACTION', '2014-01-13', 10.00000, NULL, NULL, NULL, NULL, NULL, 'inoerp', '2014-01-13 04:47:42', 'inoerp', '2014-01-13 04:47:42'),
(12, 29, 53, 81, 6, 'WIP_RESOURCE_TRANSACTION', '2014-01-13', 10.00000, NULL, NULL, NULL, NULL, NULL, 'inoerp', '2014-01-13 04:47:42', 'inoerp', '2014-01-13 04:47:42'),
(13, 29, 54, 82, 6, 'WIP_RESOURCE_TRANSACTION', '2014-01-13', 10.00000, NULL, NULL, NULL, NULL, NULL, 'inoerp', '2014-01-13 04:47:42', 'inoerp', '2014-01-13 04:47:42'),
(14, 29, 52, 79, 6, 'WIP_RESOURCE_TRANSACTION', '2014-01-13', 10.00000, NULL, NULL, NULL, NULL, NULL, 'inoerp', '2014-01-13 04:47:43', 'inoerp', '2014-01-13 04:47:43'),
(15, 29, 53, 81, 6, 'WIP_RESOURCE_TRANSACTION', '2014-01-13', 10.00000, NULL, NULL, NULL, NULL, NULL, 'inoerp', '2014-01-13 04:47:43', 'inoerp', '2014-01-13 04:47:43'),
(16, 29, 54, 82, 6, 'WIP_RESOURCE_TRANSACTION', '2014-01-13', 10.00000, NULL, NULL, NULL, NULL, NULL, 'inoerp', '2014-01-13 04:47:43', 'inoerp', '2014-01-13 04:47:43'),
(17, 29, 52, 80, 6, 'WIP_RESOURCE_TRANSACTION', '2014-01-13', 5.00000, NULL, NULL, NULL, NULL, NULL, 'inoerp', '2014-01-13 04:50:27', 'inoerp', '2014-01-13 04:50:27'),
(18, 29, 52, 79, 6, 'WIP_RESOURCE_TRANSACTION', '2014-01-13', 20.00000, NULL, NULL, NULL, NULL, NULL, 'inoerp', '2014-01-13 04:50:27', 'inoerp', '2014-01-13 04:50:27'),
(19, 29, 53, 81, 6, 'WIP_RESOURCE_TRANSACTION', '2014-01-13', 20.00000, NULL, NULL, NULL, NULL, NULL, 'inoerp', '2014-01-13 04:50:27', 'inoerp', '2014-01-13 04:50:27'),
(20, 29, 54, 83, 6, 'WIP_RESOURCE_TRANSACTION', '2014-01-13', 30.00000, NULL, NULL, NULL, NULL, NULL, 'inoerp', '2014-01-13 04:50:27', 'inoerp', '2014-01-13 04:50:27'),
(21, 29, 54, 82, 6, 'WIP_RESOURCE_TRANSACTION', '2014-01-13', 20.00000, NULL, NULL, NULL, NULL, NULL, 'inoerp', '2014-01-13 04:50:28', 'inoerp', '2014-01-13 04:50:28'),
(22, 29, 52, 80, 6, 'WIP_RESOURCE_TRANSACTION', '2014-01-13', 10.00000, NULL, NULL, NULL, NULL, NULL, 'inoerp', '2014-01-13 12:21:32', 'inoerp', '2014-01-13 12:21:32'),
(23, 29, 52, 80, 6, 'WIP_RESOURCE_TRANSACTION', '2014-01-13', 10.00000, NULL, NULL, NULL, NULL, NULL, 'inoerp', '2014-01-13 12:23:37', 'inoerp', '2014-01-13 12:23:37'),
(24, 29, 52, 80, 6, 'WIP_RESOURCE_TRANSACTION', '2014-01-13', 10.00000, NULL, NULL, NULL, NULL, NULL, 'inoerp', '2014-01-13 12:25:03', 'inoerp', '2014-01-13 12:25:03'),
(25, 29, 52, 80, 6, 'WIP_RESOURCE_TRANSACTION', '2014-01-13', 10.00000, NULL, NULL, NULL, NULL, NULL, 'inoerp', '2014-01-13 12:25:34', 'inoerp', '2014-01-13 12:25:34'),
(26, 29, 52, 80, 6, 'WIP_RESOURCE_TRANSACTION', '2014-01-13', 3.00000, NULL, NULL, NULL, NULL, NULL, 'inoerp', '2014-01-13 12:46:00', 'inoerp', '2014-01-13 12:46:00'),
(27, 29, 52, 80, 6, 'WIP_RESOURCE_TRANSACTION', '2014-01-13', 3.00000, NULL, NULL, NULL, NULL, NULL, 'inoerp', '2014-01-13 13:30:56', 'inoerp', '2014-01-13 13:30:56'),
(28, 29, 52, 80, 6, 'WIP_RESOURCE_TRANSACTION', '2014-01-13', 3.00000, NULL, NULL, NULL, NULL, NULL, 'inoerp', '2014-01-13 14:13:54', 'inoerp', '2014-01-13 14:13:54'),
(29, 30, 55, 85, 6, 'WIP_RESOURCE_TRANSACTION', '2014-01-13', 10.00000, NULL, 'wip_wo_header_id|30', NULL, NULL, NULL, 'inoerp', '2014-01-13 14:19:02', 'inoerp', '2014-01-13 14:19:02'),
(30, 30, 55, 86, 6, 'WIP_RESOURCE_TRANSACTION', '2014-01-13', 5.00000, NULL, 'wip_wo_header_id|30', NULL, NULL, NULL, 'inoerp', '2014-01-13 14:19:02', 'inoerp', '2014-01-13 14:19:02'),
(31, 30, 55, 85, 6, 'WIP_RESOURCE_TRANSACTION', '2014-01-14', 10.00000, NULL, '30', NULL, NULL, NULL, 'inoerp', '2014-01-14 01:16:00', 'inoerp', '2014-01-14 01:16:00'),
(32, 30, 55, 86, 6, 'WIP_RESOURCE_TRANSACTION', '2014-01-14', 5.00000, NULL, '30', NULL, NULL, NULL, 'inoerp', '2014-01-14 01:16:00', 'inoerp', '2014-01-14 01:16:00'),
(33, 30, 55, 85, 6, 'WIP_RESOURCE_TRANSACTION', '2014-01-14', 6.00000, NULL, '30', NULL, NULL, NULL, 'inoerp', '2014-01-14 01:37:00', 'inoerp', '2014-01-14 01:37:00'),
(34, 30, 55, 86, 6, 'WIP_RESOURCE_TRANSACTION', '2014-01-14', 3.00000, NULL, '30', NULL, NULL, NULL, 'inoerp', '2014-01-14 01:37:00', 'inoerp', '2014-01-14 01:37:00'),
(35, 30, 55, 85, 6, 'WIP_RESOURCE_TRANSACTION', '2014-01-14', 10.00000, NULL, NULL, NULL, NULL, NULL, 'inoerp', '2014-01-14 01:38:13', 'inoerp', '2014-01-14 01:38:13'),
(36, 30, 55, 85, 6, 'WIP_RESOURCE_TRANSACTION', '2014-01-14', 100.00000, NULL, '30', NULL, NULL, NULL, 'inoerp', '2014-01-14 01:45:19', 'inoerp', '2014-01-14 01:45:19'),
(37, 30, 55, 86, 6, 'WIP_RESOURCE_TRANSACTION', '2014-01-14', 50.00000, NULL, '30', NULL, NULL, NULL, 'inoerp', '2014-01-14 01:45:19', 'inoerp', '2014-01-14 01:45:19'),
(38, 30, 55, 85, 6, 'WIP_RESOURCE_TRANSACTION', '2014-01-14', 2.00000, NULL, '30', NULL, NULL, NULL, 'inoerp', '2014-01-14 02:57:46', 'inoerp', '2014-01-14 02:57:46'),
(39, 30, 55, 85, 6, 'WIP_RESOURCE_TRANSACTION', '2014-01-14', -8.00000, NULL, '30', NULL, NULL, NULL, 'inoerp', '2014-01-14 02:59:08', 'inoerp', '2014-01-14 02:59:08'),
(40, 30, 56, 87, 6, 'WIP_RESOURCE_TRANSACTION', '2014-01-14', 30.00000, NULL, '30', NULL, NULL, NULL, 'inoerp', '2014-01-14 04:22:31', 'inoerp', '2014-01-14 04:22:31'),
(41, 30, 57, 88, 6, 'WIP_RESOURCE_TRANSACTION', '2014-01-14', 60.00000, NULL, '30', NULL, NULL, NULL, 'inoerp', '2014-01-14 04:22:31', 'inoerp', '2014-01-14 04:22:31'),
(42, 30, 57, 88, 6, 'WIP_RESOURCE_TRANSACTION', '2014-01-14', -24.00000, NULL, '30', NULL, NULL, NULL, 'inoerp', '2014-01-14 04:45:34', 'inoerp', '2014-01-14 04:45:34'),
(43, 30, 56, 87, 6, 'WIP_RESOURCE_TRANSACTION', '2014-01-14', -12.00000, NULL, '30', NULL, NULL, NULL, 'inoerp', '2014-01-14 04:45:34', 'inoerp', '2014-01-14 04:45:34'),
(44, 30, 55, 85, 6, 'WIP_RESOURCE_TRANSACTION', '2014-01-14', -24.00000, NULL, '30', NULL, NULL, NULL, 'inoerp', '2014-01-14 04:45:34', 'inoerp', '2014-01-14 04:45:34'),
(45, 30, 55, 85, 6, 'WIP_RESOURCE_TRANSACTION', '2014-01-14', 2.00000, NULL, '30', NULL, NULL, NULL, 'inoerp', '2014-01-14 07:29:21', 'inoerp', '2014-01-14 07:29:21'),
(46, 30, 56, 87, 6, 'WIP_RESOURCE_TRANSACTION', '2014-01-14', 1.00000, NULL, '30', NULL, NULL, NULL, 'inoerp', '2014-01-14 07:29:21', 'inoerp', '2014-01-14 07:29:21'),
(47, 30, 57, 88, 6, 'WIP_RESOURCE_TRANSACTION', '2014-01-14', 2.00000, NULL, '30', NULL, NULL, NULL, 'inoerp', '2014-01-14 07:29:21', 'inoerp', '2014-01-14 07:29:21');

-- --------------------------------------------------------

--
-- Table structure for table `wip_wo_bom`
--

CREATE TABLE IF NOT EXISTS `wip_wo_bom` (
  `wip_wo_bom_id` int(12) unsigned NOT NULL AUTO_INCREMENT,
  `wip_wo_header_id` int(12) unsigned NOT NULL,
  `bom_sequence` int(10) unsigned NOT NULL,
  `routing_sequence` int(12) DEFAULT NULL,
  `component_item_id` int(12) NOT NULL,
  `usage_basis` varchar(50) DEFAULT NULL,
  `usage_quantity` int(12) NOT NULL,
  `auto_request_material_cb` tinyint(1) DEFAULT NULL,
  `effective_start_date` date DEFAULT NULL,
  `effective_end_date` date DEFAULT NULL,
  `eco_number` varchar(50) DEFAULT NULL,
  `eco_implemented_cb` tinyint(1) DEFAULT NULL,
  `planning_percentage` decimal(6,2) DEFAULT NULL,
  `yield` decimal(6,6) DEFAULT NULL,
  `include_in_cost_rollup_cb` tinyint(1) DEFAULT NULL,
  `wip_supply_type` varchar(50) DEFAULT NULL,
  `supply_sub_inventory` int(12) DEFAULT NULL,
  `supply_locator` int(12) DEFAULT NULL,
  `required_quantity` int(12) DEFAULT NULL,
  `issued_quantity` int(12) DEFAULT NULL,
  `ef_id` int(12) DEFAULT NULL,
  `created_by` varchar(256) NOT NULL,
  `creation_date` datetime NOT NULL,
  `last_update_by` varchar(256) NOT NULL,
  `last_update_date` datetime NOT NULL,
  PRIMARY KEY (`wip_wo_bom_id`),
  UNIQUE KEY `bom_header_id` (`wip_wo_header_id`,`bom_sequence`),
  UNIQUE KEY `bom_header_id_2` (`wip_wo_header_id`,`routing_sequence`,`component_item_id`)
) ENGINE=MyISAM  DEFAULT CHARSET=latin1 AUTO_INCREMENT=53 ;

--
-- Dumping data for table `wip_wo_bom`
--

INSERT INTO `wip_wo_bom` (`wip_wo_bom_id`, `wip_wo_header_id`, `bom_sequence`, `routing_sequence`, `component_item_id`, `usage_basis`, `usage_quantity`, `auto_request_material_cb`, `effective_start_date`, `effective_end_date`, `eco_number`, `eco_implemented_cb`, `planning_percentage`, `yield`, `include_in_cost_rollup_cb`, `wip_supply_type`, `supply_sub_inventory`, `supply_locator`, `required_quantity`, `issued_quantity`, `ef_id`, `created_by`, `creation_date`, `last_update_by`, `last_update_date`) VALUES
(1, 1, 10, 1, 10057, NULL, 1, NULL, NULL, NULL, NULL, NULL, NULL, NULL, NULL, NULL, NULL, NULL, NULL, NULL, NULL, 'inoerp', '2014-01-02 08:49:41', 'inoerp', '2014-01-02 08:49:41'),
(2, 1, 20, 2, 10059, NULL, 1, NULL, NULL, NULL, NULL, NULL, NULL, NULL, NULL, NULL, NULL, NULL, NULL, NULL, NULL, 'inoerp', '2014-01-02 08:49:41', 'inoerp', '2014-01-02 08:49:41'),
(3, 6, 10, 1, 10057, NULL, 1, NULL, NULL, NULL, NULL, NULL, NULL, NULL, NULL, 'Push', NULL, NULL, NULL, NULL, NULL, 'inoerp', '2014-01-03 03:05:14', 'inoerp', '2014-01-03 03:05:14'),
(4, 6, 20, 2, 10059, NULL, 1, NULL, NULL, NULL, NULL, NULL, NULL, NULL, NULL, 'Push', NULL, NULL, NULL, NULL, NULL, 'inoerp', '2014-01-03 03:05:14', 'inoerp', '2014-01-03 03:05:14'),
(5, 7, 10, 1, 10057, NULL, 1, NULL, NULL, NULL, NULL, NULL, NULL, NULL, NULL, 'Push', NULL, NULL, NULL, NULL, NULL, 'inoerp', '2014-01-03 03:36:17', 'inoerp', '2014-01-03 03:36:17'),
(6, 7, 20, 2, 10059, NULL, 1, NULL, NULL, NULL, NULL, NULL, NULL, NULL, NULL, 'Push', NULL, NULL, NULL, NULL, NULL, 'inoerp', '2014-01-03 03:36:17', 'inoerp', '2014-01-03 03:36:17'),
(7, 8, 10, 1, 10057, NULL, 1, NULL, NULL, NULL, NULL, NULL, NULL, NULL, NULL, 'Push', NULL, NULL, NULL, NULL, NULL, 'inoerp', '2014-01-03 08:13:44', 'inoerp', '2014-01-03 08:13:44'),
(8, 8, 20, 2, 10059, NULL, 1, NULL, NULL, NULL, NULL, NULL, NULL, NULL, NULL, 'Push', NULL, NULL, NULL, NULL, NULL, 'inoerp', '2014-01-03 08:13:44', 'inoerp', '2014-01-03 08:13:44'),
(9, 9, 10, 1, 10057, NULL, 1, NULL, NULL, NULL, NULL, NULL, NULL, NULL, NULL, 'Push', NULL, NULL, NULL, NULL, NULL, 'inoerp', '2014-01-03 08:15:28', 'inoerp', '2014-01-03 08:15:28'),
(10, 9, 20, 2, 10059, NULL, 1, NULL, NULL, NULL, NULL, NULL, NULL, NULL, NULL, 'Push', NULL, NULL, NULL, NULL, NULL, 'inoerp', '2014-01-03 08:15:28', 'inoerp', '2014-01-03 08:15:28'),
(11, 10, 10, 1, 10057, '2', 2, NULL, NULL, NULL, NULL, NULL, NULL, NULL, NULL, 'Push', NULL, NULL, NULL, NULL, NULL, 'inoerp', '2014-01-03 09:33:26', 'inoerp', '2014-01-03 09:33:26'),
(12, 10, 20, 2, 10059, '2', 2, NULL, NULL, NULL, NULL, NULL, NULL, NULL, NULL, 'Push', NULL, NULL, NULL, NULL, NULL, 'inoerp', '2014-01-03 09:33:27', 'inoerp', '2014-01-03 09:33:27'),
(13, 11, 10, 1, 10057, NULL, 1, NULL, NULL, NULL, NULL, NULL, NULL, NULL, NULL, 'Push', NULL, NULL, NULL, NULL, NULL, 'inoerp', '2014-01-03 09:44:29', 'inoerp', '2014-01-03 09:44:29'),
(14, 11, 20, 2, 10059, NULL, 1, NULL, NULL, NULL, NULL, NULL, NULL, NULL, NULL, 'Push', NULL, NULL, NULL, NULL, NULL, 'inoerp', '2014-01-03 09:44:29', 'inoerp', '2014-01-03 09:44:29'),
(15, 13, 10, 1, 10057, NULL, 1, NULL, NULL, NULL, NULL, NULL, NULL, NULL, NULL, 'Push', NULL, NULL, NULL, NULL, NULL, 'inoerp', '2014-01-03 10:02:14', 'inoerp', '2014-01-03 10:02:14'),
(16, 13, 20, 2, 10059, NULL, 1, NULL, NULL, NULL, NULL, NULL, NULL, NULL, NULL, 'Push', NULL, NULL, NULL, NULL, NULL, 'inoerp', '2014-01-03 10:02:14', 'inoerp', '2014-01-03 10:02:14'),
(17, 14, 10, 1, 10057, NULL, 1, NULL, NULL, NULL, NULL, NULL, NULL, NULL, NULL, 'Push', NULL, NULL, NULL, NULL, NULL, 'inoerp', '2014-01-03 10:03:38', 'inoerp', '2014-01-03 10:03:38'),
(18, 14, 20, 2, 10059, NULL, 1, NULL, NULL, NULL, NULL, NULL, NULL, NULL, NULL, 'Push', NULL, NULL, NULL, NULL, NULL, 'inoerp', '2014-01-03 10:03:38', 'inoerp', '2014-01-03 10:03:38'),
(19, 15, 10, 1, 10057, NULL, 1, NULL, NULL, NULL, NULL, NULL, NULL, NULL, NULL, 'Push', NULL, NULL, NULL, NULL, NULL, 'inoerp', '2014-01-03 10:06:22', 'inoerp', '2014-01-03 10:06:22'),
(20, 15, 20, 2, 10059, NULL, 1, NULL, NULL, NULL, NULL, NULL, NULL, NULL, NULL, 'Push', NULL, NULL, NULL, NULL, NULL, 'inoerp', '2014-01-03 10:06:22', 'inoerp', '2014-01-03 10:06:22'),
(21, 16, 10, 40, 10057, 'ITEM', 4, NULL, NULL, NULL, NULL, NULL, NULL, NULL, NULL, 'PUSH', NULL, NULL, NULL, NULL, NULL, 'inoerp', '2014-01-07 02:09:53', 'inoerp', '2014-01-07 02:09:53'),
(22, 16, 20, 20, 10059, 'ITEM', 1, NULL, NULL, NULL, NULL, NULL, NULL, NULL, NULL, 'ASSEMBLY_PULL', NULL, NULL, NULL, NULL, NULL, 'inoerp', '2014-01-07 02:09:55', 'inoerp', '2014-01-07 02:09:55'),
(23, 16, 30, 40, 10047, 'ITEM', 2, NULL, NULL, NULL, NULL, NULL, NULL, NULL, NULL, 'BULK', NULL, NULL, NULL, NULL, NULL, 'inoerp', '2014-01-07 02:09:56', 'inoerp', '2014-01-07 02:09:56'),
(24, 17, 10, 10, 10045, 'ITEM', 2, NULL, NULL, NULL, NULL, NULL, NULL, NULL, NULL, 'BULK', NULL, NULL, NULL, NULL, NULL, 'inoerp', '2014-01-04 17:51:09', 'inoerp', '2014-01-04 17:51:09'),
(25, 18, 10, 10, 10045, 'ITEM', 2, NULL, NULL, NULL, NULL, NULL, NULL, NULL, NULL, 'PUSH', 3, 9, 20, NULL, NULL, 'inoerp', '2014-01-06 04:57:42', 'inoerp', '2014-01-06 04:57:42'),
(26, 18, 20, 20, 10035, 'ITEM', 6, NULL, NULL, NULL, NULL, NULL, NULL, NULL, NULL, 'ASSEMBLY_PULL', 2, 5, 60, NULL, NULL, 'inoerp', '2014-01-06 04:57:42', 'inoerp', '2014-01-06 04:57:42'),
(27, 19, 10, 10, 10057, 'ITEM', 1, NULL, NULL, NULL, NULL, NULL, NULL, 0.000000, NULL, 'PUSH', 2, 6, 2, NULL, NULL, 'inoerp', '2014-01-07 02:12:36', 'inoerp', '2014-01-07 02:12:36'),
(28, 19, 20, 20, 10059, 'ITEM', 1, NULL, NULL, NULL, NULL, NULL, NULL, 0.000000, NULL, 'ASSEMBLY_PULL', 3, 13, 2, NULL, NULL, 'inoerp', '2014-01-07 02:12:36', 'inoerp', '2014-01-07 02:12:36'),
(29, 20, 10, 10, 10057, 'ITEM', 1, NULL, NULL, NULL, NULL, NULL, NULL, 0.000000, NULL, 'PUSH', 2, 6, 4, NULL, NULL, 'inoerp', '2014-01-07 10:40:28', 'inoerp', '2014-01-07 10:40:28'),
(30, 20, 20, 20, 10059, 'ITEM', 1, NULL, NULL, NULL, NULL, NULL, NULL, 0.000000, NULL, 'ASSEMBLY_PULL', 3, 13, 4, NULL, NULL, 'inoerp', '2014-01-07 10:40:28', 'inoerp', '2014-01-07 10:40:28'),
(31, 21, 10, 10, 10057, 'ITEM', 2, NULL, NULL, NULL, NULL, NULL, NULL, 0.000000, NULL, 'PUSH', 2, 6, 10, NULL, NULL, 'inoerp', '2014-01-07 10:45:27', 'inoerp', '2014-01-07 10:45:27'),
(32, 21, 20, 20, 10059, 'ITEM', 1, NULL, NULL, NULL, NULL, NULL, NULL, 0.000000, NULL, 'ASSEMBLY_PULL', 3, 13, 5, NULL, NULL, 'inoerp', '2014-01-07 10:45:27', 'inoerp', '2014-01-07 10:45:27'),
(33, 22, 10, 10, 10045, 'ITEM', 2, NULL, NULL, NULL, NULL, NULL, NULL, NULL, NULL, 'PUSH', NULL, NULL, 20, NULL, NULL, 'inoerp', '2014-01-08 01:18:15', 'inoerp', '2014-01-08 01:18:15'),
(34, 23, 10, 10, 10045, 'ITEM', 2, NULL, NULL, NULL, NULL, NULL, NULL, NULL, NULL, 'PUSH', NULL, NULL, 10, NULL, NULL, 'inoerp', '2014-01-08 01:20:00', 'inoerp', '2014-01-08 01:20:00'),
(35, 24, 10, 10, 10057, 'ITEM', 1, NULL, NULL, NULL, NULL, NULL, NULL, 0.000000, NULL, 'PUSH', 2, 6, 10, NULL, NULL, 'inoerp', '2014-01-08 01:22:52', 'inoerp', '2014-01-08 01:22:52'),
(36, 24, 20, 20, 10059, 'ITEM', 1, NULL, NULL, NULL, NULL, NULL, NULL, 0.000000, NULL, 'ASSEMBLY_PULL', 3, 13, 10, NULL, NULL, 'inoerp', '2014-01-08 01:22:52', 'inoerp', '2014-01-08 01:22:52'),
(37, 25, 10, 10, 10057, 'ITEM', 1, NULL, NULL, NULL, NULL, NULL, NULL, 0.000000, NULL, 'PUSH', 2, 6, 4, NULL, NULL, 'inoerp', '2014-01-08 05:20:13', 'inoerp', '2014-01-08 05:20:13'),
(38, 25, 20, 20, 10059, 'ITEM', 1, NULL, NULL, NULL, NULL, NULL, NULL, 0.000000, NULL, 'ASSEMBLY_PULL', 3, 13, 4, NULL, NULL, 'inoerp', '2014-01-08 05:20:13', 'inoerp', '2014-01-08 05:20:13'),
(39, 26, 10, NULL, 10055, NULL, 1, NULL, NULL, NULL, NULL, NULL, NULL, NULL, NULL, 'Assembly Pull', NULL, NULL, 1000, NULL, NULL, 'inoerp', '2014-01-08 16:43:40', 'inoerp', '2014-01-08 16:43:40'),
(40, 27, 10, 10, 10057, 'ITEM', 1, NULL, NULL, NULL, NULL, NULL, NULL, 0.000000, NULL, 'PUSH', 2, 6, 10, 6, NULL, 'inoerp', '2014-01-09 03:56:52', 'inoerp', '2014-01-09 03:56:52'),
(41, 27, 20, 20, 10059, 'ITEM', 1, NULL, NULL, NULL, NULL, NULL, NULL, 0.000000, NULL, 'ASSEMBLY_PULL', 3, 13, 10, NULL, NULL, 'inoerp', '2014-01-09 03:56:49', 'inoerp', '2014-01-09 03:56:49'),
(42, 27, 30, 10, 10047, 'ITEM', 1, NULL, NULL, NULL, NULL, NULL, NULL, NULL, NULL, 'OPERATION_PULL', 2, 6, 10000, 4, NULL, 'inoerp', '2014-01-09 03:56:49', 'inoerp', '2014-01-09 03:56:49'),
(43, 28, 10, 10, 10057, 'ITEM', 1, NULL, NULL, NULL, NULL, NULL, NULL, 0.000000, NULL, 'PUSH', 2, 6, 100, 29, NULL, 'inoerp', '2014-01-09 06:28:41', 'inoerp', '2014-01-09 06:28:41'),
(44, 28, 20, 20, 10059, 'ITEM', 1, NULL, NULL, NULL, NULL, NULL, NULL, 0.000000, NULL, 'ASSEMBLY_PULL', 3, 13, 100, 10, NULL, 'inoerp', '2014-01-09 06:28:41', 'inoerp', '2014-01-09 06:28:41'),
(45, 29, 10, 10, 10057, 'ITEM', 1, NULL, NULL, NULL, NULL, NULL, NULL, 0.000000, NULL, 'OPERATION_PULL', 2, 6, 200, 59, NULL, 'inoerp', '2014-01-13 09:57:36', 'inoerp', '2014-01-13 09:57:36'),
(46, 29, 20, 20, 10059, 'ITEM', 1, NULL, NULL, NULL, NULL, NULL, NULL, 0.000000, NULL, 'ASSEMBLY_PULL', 3, 13, 200, 10, NULL, 'inoerp', '2014-01-13 09:57:37', 'inoerp', '2014-01-13 09:57:37'),
(47, 29, 30, 20, 10047, 'ITEM', 2, NULL, NULL, NULL, NULL, NULL, NULL, NULL, NULL, 'OPERATION_PULL', 2, 6, 400, 58, NULL, 'inoerp', '2014-01-13 09:57:37', 'inoerp', '2014-01-13 09:57:37'),
(48, 29, 40, 30, 10049, 'ITEM', 1, NULL, NULL, NULL, NULL, NULL, NULL, NULL, NULL, 'OPERATION_PULL', 2, 6, 100, -26, NULL, 'inoerp', '2014-01-13 09:57:36', 'inoerp', '2014-01-13 09:57:36'),
(49, 30, 10, 10, 10037, 'ITEM', 1, NULL, NULL, NULL, NULL, NULL, NULL, NULL, NULL, 'PUSH', 2, 5, 100, NULL, NULL, 'inoerp', '2014-01-16 09:20:39', 'inoerp', '2014-01-16 09:20:39'),
(50, 30, 20, 20, 10039, 'ITEM', 1, NULL, NULL, NULL, NULL, NULL, NULL, NULL, NULL, 'ASSEMBLY_PULL', 3, 5, 100, NULL, NULL, 'inoerp', '2014-01-16 09:20:40', 'inoerp', '2014-01-16 09:20:40'),
(51, 30, 30, 30, 10059, 'ITEM', 2, NULL, NULL, NULL, NULL, NULL, NULL, NULL, NULL, 'OPERATION_PULL', 2, 5, 200, 38, NULL, 'inoerp', '2014-01-16 09:20:40', 'inoerp', '2014-01-16 09:20:40'),
(52, 30, 40, 30, 10043, 'ITEM', 1, NULL, NULL, NULL, NULL, NULL, NULL, NULL, NULL, 'OPERATION_PULL', 2, 5, 100, 22, NULL, 'inoerp', '2014-01-16 09:20:40', 'inoerp', '2014-01-16 09:20:40');

-- --------------------------------------------------------

--
-- Table structure for table `wip_wo_header`
--

CREATE TABLE IF NOT EXISTS `wip_wo_header` (
  `wip_wo_header_id` int(12) NOT NULL AUTO_INCREMENT,
  `item_id` int(12) NOT NULL,
  `wo_number` varchar(50) DEFAULT NULL,
  `org_id` int(12) NOT NULL,
  `wip_class` varchar(12) NOT NULL,
  `wo_type` int(12) NOT NULL,
  `wo_status` varchar(50) DEFAULT NULL,
  `start_date` date NOT NULL,
  `completion_date` date DEFAULT NULL,
  `quantity` decimal(20,5) NOT NULL,
  `nettable_quantity` decimal(20,5) NOT NULL,
  `reference_bom_item_id` int(12) DEFAULT NULL,
  `bom_exploded_cb` tinyint(1) DEFAULT NULL,
  `routing_exploded_cb` tinyint(1) DEFAULT NULL,
  `reference_routing_item_id` int(12) DEFAULT NULL,
  `completion_sub_inventory` int(12) DEFAULT NULL,
  `completion_locator` int(12) DEFAULT NULL,
  `completed_quantity` decimal(20,5) DEFAULT NULL,
  `scrapped_quantity` decimal(20,5) DEFAULT NULL,
  `released_date` date DEFAULT NULL,
  `completed_date` date DEFAULT NULL,
  `schedule_group` varchar(20) DEFAULT NULL,
  `build_sequence` int(12) DEFAULT NULL,
  `line` varchar(20) DEFAULT NULL,
  `scheduling_priority` int(12) DEFAULT NULL,
  `closed_date` date DEFAULT NULL,
  `ef_id` int(12) DEFAULT NULL,
  `created_by` varchar(256) NOT NULL,
  `creation_date` datetime NOT NULL,
  `last_update_by` varchar(256) NOT NULL,
  `last_update_date` datetime NOT NULL,
  PRIMARY KEY (`wip_wo_header_id`),
  UNIQUE KEY `wo_number` (`wo_number`)
) ENGINE=MyISAM  DEFAULT CHARSET=latin1 AUTO_INCREMENT=31 ;

--
-- Dumping data for table `wip_wo_header`
--

INSERT INTO `wip_wo_header` (`wip_wo_header_id`, `item_id`, `wo_number`, `org_id`, `wip_class`, `wo_type`, `wo_status`, `start_date`, `completion_date`, `quantity`, `nettable_quantity`, `reference_bom_item_id`, `bom_exploded_cb`, `routing_exploded_cb`, `reference_routing_item_id`, `completion_sub_inventory`, `completion_locator`, `completed_quantity`, `scrapped_quantity`, `released_date`, `completed_date`, `schedule_group`, `build_sequence`, `line`, `scheduling_priority`, `closed_date`, `ef_id`, `created_by`, `creation_date`, `last_update_by`, `last_update_date`) VALUES
(1, 10043, 'WO001', 6, 'test01', 368, NULL, '2014-01-14', '2014-01-16', 2.00000, 2.00000, NULL, 0, 0, NULL, NULL, NULL, NULL, NULL, NULL, NULL, NULL, NULL, NULL, NULL, NULL, NULL, 'inoerp', '2014-01-03 04:13:10', 'inoerp', '2014-01-03 04:13:10'),
(2, 10035, 'WO002', 6, 'TEST', 368, NULL, '2014-01-15', '2014-01-15', 1.00000, 1.00000, NULL, NULL, NULL, NULL, NULL, NULL, NULL, NULL, NULL, NULL, NULL, NULL, NULL, NULL, NULL, NULL, 'inoerp', '2014-01-02 07:35:56', 'inoerp', '2014-01-02 07:35:56'),
(3, 10039, 'WO003', 6, 'test', 368, NULL, '2014-01-29', '2014-01-31', 2.00000, 2.00000, NULL, NULL, NULL, NULL, NULL, NULL, NULL, NULL, NULL, NULL, NULL, NULL, NULL, NULL, NULL, NULL, 'inoerp', '2014-01-02 08:09:37', 'inoerp', '2014-01-02 08:09:37'),
(4, 10057, 'WO005', 6, 'test', 368, NULL, '2014-01-22', '2014-01-24', 2.00000, 2.00000, NULL, NULL, NULL, NULL, NULL, NULL, NULL, NULL, NULL, NULL, NULL, NULL, NULL, NULL, NULL, NULL, 'inoerp', '2014-01-02 08:37:01', 'inoerp', '2014-01-02 08:37:01'),
(5, 10053, 'WO007', 6, 'test01', 368, NULL, '2014-01-22', '2014-01-24', 2.00000, 2.00000, NULL, NULL, NULL, NULL, NULL, NULL, NULL, NULL, NULL, NULL, NULL, NULL, NULL, NULL, NULL, NULL, 'inoerp', '2014-01-02 08:32:33', 'inoerp', '2014-01-02 08:32:33'),
(6, 10043, 'WO009', 6, 'test', 368, '0', '2014-01-21', '2014-01-22', 2.00000, 2.00000, NULL, 0, 0, NULL, NULL, NULL, NULL, NULL, NULL, NULL, NULL, NULL, NULL, NULL, NULL, NULL, 'inoerp', '2014-01-03 03:32:52', 'inoerp', '2014-01-03 03:32:52'),
(7, 10043, 'WO010', 6, 'test', 368, 'Released', '2014-01-14', '2014-01-22', 3.00000, 3.00000, NULL, 1, 0, NULL, NULL, NULL, NULL, NULL, NULL, NULL, NULL, NULL, NULL, NULL, NULL, NULL, 'inoerp', '2014-01-03 08:12:47', 'inoerp', '2014-01-03 08:12:47'),
(8, 10043, 'WO011', 6, 'test', 368, 'Released', '2014-01-08', '2014-01-10', 3.00000, 3.00000, NULL, 1, 0, NULL, NULL, NULL, NULL, NULL, NULL, NULL, NULL, NULL, NULL, NULL, NULL, NULL, 'inoerp', '2014-01-03 08:13:44', 'inoerp', '2014-01-03 08:13:44'),
(9, 10043, 'WO012', 6, 'test', 368, 'Released', '2014-01-08', '2014-01-15', 3.00000, 3.00000, NULL, 1, 0, NULL, NULL, NULL, NULL, NULL, NULL, NULL, NULL, NULL, NULL, NULL, NULL, NULL, 'inoerp', '2014-01-03 08:32:41', 'inoerp', '2014-01-03 08:32:41'),
(10, 10043, 'WO103', 6, 'test', 368, 'Released', '2014-01-09', '2014-01-23', 2.00000, 2.00000, NULL, 1, 1, NULL, NULL, NULL, NULL, NULL, NULL, NULL, NULL, NULL, NULL, NULL, NULL, NULL, 'inoerp', '2014-01-03 09:33:24', 'inoerp', '2014-01-03 09:33:24'),
(11, 10043, 'WO015', 6, 'test', 368, 'Released', '2014-01-09', '2014-01-15', 2.00000, 2.00000, NULL, 1, 1, NULL, NULL, NULL, NULL, NULL, NULL, NULL, NULL, NULL, NULL, NULL, NULL, NULL, 'inoerp', '2014-01-03 09:44:29', 'inoerp', '2014-01-03 09:44:29'),
(12, 10059, 'WO017', 6, 'test', 368, 'Released', '2014-01-09', '2014-01-11', 3.00000, 3.00000, NULL, NULL, NULL, NULL, NULL, NULL, NULL, NULL, NULL, NULL, NULL, NULL, NULL, NULL, NULL, NULL, 'inoerp', '2014-01-03 09:59:43', 'inoerp', '2014-01-03 09:59:43'),
(13, 10043, 'WO018', 6, 'test01', 368, 'Released', '2014-01-10', '2014-01-18', 4.00000, 4.00000, NULL, 1, 1, NULL, NULL, NULL, NULL, NULL, NULL, NULL, NULL, NULL, NULL, NULL, NULL, NULL, 'inoerp', '2014-01-03 10:02:14', 'inoerp', '2014-01-03 10:02:14'),
(14, 10043, 'WO020', 6, 'test01', 368, 'Released', '2014-01-16', '2014-01-17', 4.00000, 4.00000, NULL, 1, 1, NULL, NULL, NULL, NULL, NULL, NULL, NULL, NULL, NULL, NULL, NULL, NULL, NULL, 'inoerp', '2014-01-03 10:03:38', 'inoerp', '2014-01-03 10:03:38'),
(15, 10043, 'WO021', 6, 'tesdt', 368, 'Released', '2014-01-16', '2014-01-16', 4.00000, 4.00000, NULL, 0, 0, NULL, NULL, NULL, NULL, NULL, NULL, NULL, NULL, NULL, NULL, NULL, NULL, NULL, 'inoerp', '2014-01-03 10:07:45', 'inoerp', '2014-01-03 10:07:45'),
(16, 10043, 'WO022', 6, 'tesdt', 368, 'RELEASED', '2014-01-16', '2014-01-16', 4.00000, 4.00000, NULL, 1, 1, NULL, NULL, NULL, NULL, NULL, NULL, NULL, NULL, NULL, NULL, NULL, NULL, NULL, 'inoerp', '2014-01-07 02:09:54', 'inoerp', '2014-01-07 02:09:54'),
(17, 10063, '6-17', 6, 'test01', 368, 'RELEASED', '2014-01-09', '2014-01-10', 20.00000, 20.00000, NULL, 1, 1, NULL, NULL, NULL, NULL, NULL, NULL, NULL, NULL, NULL, NULL, NULL, NULL, NULL, 'inoerp', '2014-01-04 17:51:10', 'inoerp', '2014-01-04 17:51:10'),
(18, 10063, '6-18', 6, 'testing', 368, 'RELEASED', '2014-01-15', '2014-01-23', 10.00000, 10.00000, NULL, 1, 1, NULL, NULL, NULL, NULL, NULL, NULL, NULL, NULL, NULL, NULL, NULL, NULL, NULL, 'inoerp', '2014-01-06 04:57:42', 'inoerp', '2014-01-06 04:57:42'),
(19, 10043, 'WO22', 6, 'test', 368, 'RELEASED', '2014-01-09', '2014-01-09', 2.00000, 2.00000, NULL, 1, 1, NULL, NULL, NULL, NULL, NULL, NULL, NULL, NULL, NULL, NULL, NULL, NULL, NULL, 'inoerp', '2014-01-07 02:12:36', 'inoerp', '2014-01-07 02:12:36'),
(20, 10043, 'WO30', 6, 'testing', 368, 'RELEASED', '2014-01-08', '2014-01-10', 4.00000, 4.00000, NULL, 1, 1, NULL, NULL, NULL, NULL, NULL, NULL, NULL, NULL, NULL, NULL, NULL, NULL, NULL, 'inoerp', '2014-01-07 10:40:28', 'inoerp', '2014-01-07 10:40:28'),
(21, 10043, 'WO31', 6, 'testing', 368, 'RELEASED', '2014-01-09', '2014-01-09', 5.00000, 5.00000, NULL, 1, 1, NULL, NULL, NULL, NULL, NULL, NULL, NULL, NULL, NULL, NULL, NULL, NULL, NULL, 'inoerp', '2014-01-07 10:45:27', 'inoerp', '2014-01-07 10:45:27'),
(22, 10063, '6-22', 6, 'testing', 368, 'RELEASED', '2014-01-15', '2014-01-16', 10.00000, 10.00000, NULL, 1, 1, NULL, NULL, NULL, NULL, NULL, NULL, NULL, NULL, NULL, NULL, NULL, NULL, NULL, 'inoerp', '2014-01-08 01:18:15', 'inoerp', '2014-01-08 01:18:15'),
(23, 10063, '6-23', 6, 'Testing', 368, 'RELEASED', '2014-01-13', '2014-01-13', 5.00000, 5.00000, NULL, 1, 1, NULL, NULL, NULL, NULL, NULL, NULL, NULL, NULL, NULL, NULL, NULL, NULL, NULL, 'inoerp', '2014-01-08 01:20:00', 'inoerp', '2014-01-08 01:20:00'),
(24, 10043, '6-24', 6, 'testing', 368, 'RELEASED', '2014-01-13', '2014-01-13', 10.00000, 10.00000, NULL, 1, 1, NULL, NULL, NULL, NULL, NULL, NULL, NULL, NULL, NULL, NULL, NULL, NULL, NULL, 'inoerp', '2014-01-08 01:22:52', 'inoerp', '2014-01-08 01:22:52'),
(25, 10043, '6-25', 6, 'testing', 368, 'RELEASED', '2014-01-30', '2014-01-25', 4.00000, 4.00000, NULL, 1, 1, NULL, NULL, NULL, NULL, NULL, NULL, NULL, NULL, NULL, NULL, NULL, NULL, NULL, 'inoerp', '2014-01-08 05:20:13', 'inoerp', '2014-01-08 05:20:13'),
(26, 10057, '6-26', 6, 'test', 368, 'RELEASED', '2014-01-16', '2014-01-16', 1000.00000, 1000.00000, NULL, 1, 0, NULL, NULL, NULL, NULL, NULL, NULL, NULL, NULL, NULL, NULL, NULL, NULL, NULL, 'inoerp', '2014-01-08 16:43:40', 'inoerp', '2014-01-08 16:43:40'),
(27, 10043, '6-27', 6, 'testing', 368, 'RELEASED', '2014-01-16', '2014-01-18', 10.00000, 10.00000, NULL, 1, 1, NULL, NULL, NULL, NULL, NULL, NULL, NULL, NULL, NULL, NULL, NULL, NULL, NULL, 'inoerp', '2014-01-09 03:56:49', 'inoerp', '2014-01-09 03:56:49'),
(28, 10043, '6-28', 6, 'test', 368, 'RELEASED', '2014-01-16', '2014-01-18', 100.00000, 100.00000, NULL, 1, 1, NULL, NULL, NULL, NULL, NULL, NULL, NULL, NULL, NULL, NULL, NULL, NULL, NULL, 'inoerp', '2014-01-09 06:28:41', 'inoerp', '2014-01-09 06:28:41'),
(29, 10043, '6-29', 6, 'testing', 368, 'RELEASED', '2014-01-10', '2014-01-18', 200.00000, 200.00000, NULL, 1, 1, NULL, NULL, NULL, NULL, NULL, NULL, NULL, NULL, NULL, NULL, NULL, NULL, NULL, 'inoerp', '2014-01-13 09:57:35', 'inoerp', '2014-01-13 09:57:35'),
(30, 10035, 'WO50', 6, 'testing', 368, 'RELEASED', '2014-01-14', '2014-01-15', 100.00000, 100.00000, NULL, 1, 1, NULL, 2, 7, 10.00000, NULL, NULL, '2014-01-16', NULL, NULL, NULL, NULL, NULL, NULL, 'inoerp', '2014-01-16 09:20:39', 'inoerp', '2014-01-16 09:20:39');

-- --------------------------------------------------------

--
-- Table structure for table `wip_wo_routing_detail`
--

CREATE TABLE IF NOT EXISTS `wip_wo_routing_detail` (
  `wip_wo_routing_detail_id` int(12) NOT NULL AUTO_INCREMENT,
  `wip_wo_routing_line_id` int(12) NOT NULL,
  `wip_wo_header_id` int(12) NOT NULL,
  `resource_sequence` int(12) NOT NULL,
  `charge_basis` varchar(50) DEFAULT NULL,
  `resource_id` int(12) NOT NULL,
  `usage` int(12) NOT NULL,
  `schedule` varchar(50) DEFAULT NULL,
  `assigned_units` int(12) DEFAULT NULL,
  `required_quantity` decimal(20,5) DEFAULT NULL,
  `applied_quantity` decimal(20,5) DEFAULT NULL,
  `charge_type` varchar(50) DEFAULT NULL,
  `standard_rate_cb` tinyint(1) DEFAULT NULL,
  `created_by` varchar(256) NOT NULL,
  `creation_date` datetime NOT NULL,
  `last_update_by` varchar(256) NOT NULL,
  `last_update_date` datetime NOT NULL,
  PRIMARY KEY (`wip_wo_routing_detail_id`),
  UNIQUE KEY `wip_wo_routing_line_id` (`wip_wo_routing_line_id`,`resource_sequence`)
) ENGINE=MyISAM  DEFAULT CHARSET=latin1 AUTO_INCREMENT=89 ;

--
-- Dumping data for table `wip_wo_routing_detail`
--

INSERT INTO `wip_wo_routing_detail` (`wip_wo_routing_detail_id`, `wip_wo_routing_line_id`, `wip_wo_header_id`, `resource_sequence`, `charge_basis`, `resource_id`, `usage`, `schedule`, `assigned_units`, `required_quantity`, `applied_quantity`, `charge_type`, `standard_rate_cb`, `created_by`, `creation_date`, `last_update_by`, `last_update_date`) VALUES
(1, 3, 9, 10, '351', 1, 1, '362', 1, NULL, NULL, 'WIP Move', 1, 'inoerp', '2014-01-03 08:15:29', 'inoerp', '2014-01-03 08:15:29'),
(2, 3, 9, 20, '351', 2, 1, '362', 1, NULL, NULL, 'WIP Move', 1, 'inoerp', '2014-01-03 08:15:29', 'inoerp', '2014-01-03 08:15:29'),
(3, 4, 9, 10, '351', 3, 1, '362', 1, NULL, NULL, 'WIP Move', 1, 'inoerp', '2014-01-03 08:15:29', 'inoerp', '2014-01-03 08:15:29'),
(4, 5, 9, 15, '351', 1, 1, '362', 1, NULL, NULL, 'WIP Move', 1, 'inoerp', '2014-01-03 08:15:29', 'inoerp', '2014-01-03 08:15:29'),
(5, 5, 9, 25, '351', 2, 1, '362', 1, NULL, NULL, 'WIP Move', 1, 'inoerp', '2014-01-03 08:15:29', 'inoerp', '2014-01-03 08:15:29'),
(6, 6, 10, 10, '351', 1, 1, '362', 5, NULL, NULL, 'WIP Move', 1, 'inoerp', '2014-01-03 09:33:25', 'inoerp', '2014-01-03 09:33:25'),
(7, 6, 10, 20, '351', 2, 1, '362', 5, NULL, NULL, 'WIP Move', 1, 'inoerp', '2014-01-03 09:33:25', 'inoerp', '2014-01-03 09:33:25'),
(8, 7, 10, 10, '351', 3, 1, '362', 1, NULL, NULL, 'WIP Move', 1, 'inoerp', '2014-01-03 09:33:25', 'inoerp', '2014-01-03 09:33:25'),
(9, 8, 10, 15, '351', 1, 1, '362', 1, NULL, NULL, 'WIP Move', 1, 'inoerp', '2014-01-03 09:33:25', 'inoerp', '2014-01-03 09:33:25'),
(10, 8, 10, 25, '351', 2, 1, '362', 1, NULL, NULL, 'WIP Move', 1, 'inoerp', '2014-01-03 09:33:25', 'inoerp', '2014-01-03 09:33:25'),
(11, 9, 10, 10, '351', 1, 2, '362', 2, NULL, NULL, 'WIP Move', 1, 'inoerp', '2014-01-03 09:33:24', 'inoerp', '2014-01-03 09:33:24'),
(12, 10, 11, 10, '351', 1, 1, '362', 1, NULL, NULL, 'WIP Move', 1, 'inoerp', '2014-01-03 09:44:29', 'inoerp', '2014-01-03 09:44:29'),
(13, 10, 11, 20, '351', 2, 1, '362', 1, NULL, NULL, 'WIP Move', 1, 'inoerp', '2014-01-03 09:44:29', 'inoerp', '2014-01-03 09:44:29'),
(14, 11, 11, 10, '351', 3, 1, '362', 1, NULL, NULL, 'WIP Move', 1, 'inoerp', '2014-01-03 09:44:29', 'inoerp', '2014-01-03 09:44:29'),
(15, 12, 11, 15, '351', 1, 1, '362', 1, NULL, NULL, 'WIP Move', 1, 'inoerp', '2014-01-03 09:44:29', 'inoerp', '2014-01-03 09:44:29'),
(16, 12, 11, 25, '351', 2, 1, '362', 1, NULL, NULL, 'WIP Move', 1, 'inoerp', '2014-01-03 09:44:29', 'inoerp', '2014-01-03 09:44:29'),
(17, 13, 13, 10, '351', 1, 1, '362', 1, NULL, NULL, 'WIP Move', 1, 'inoerp', '2014-01-03 10:02:14', 'inoerp', '2014-01-03 10:02:14'),
(18, 13, 13, 20, '351', 2, 1, '362', 1, NULL, NULL, 'WIP Move', 1, 'inoerp', '2014-01-03 10:02:14', 'inoerp', '2014-01-03 10:02:14'),
(19, 14, 13, 10, '351', 3, 1, '362', 1, NULL, NULL, 'WIP Move', 1, 'inoerp', '2014-01-03 10:02:14', 'inoerp', '2014-01-03 10:02:14'),
(20, 15, 13, 15, '351', 1, 1, '362', 1, NULL, NULL, 'WIP Move', 1, 'inoerp', '2014-01-03 10:02:14', 'inoerp', '2014-01-03 10:02:14'),
(21, 15, 13, 25, '351', 2, 1, '362', 1, NULL, NULL, 'WIP Move', 1, 'inoerp', '2014-01-03 10:02:14', 'inoerp', '2014-01-03 10:02:14'),
(22, 16, 14, 10, '351', 1, 1, '362', 1, NULL, NULL, 'WIP Move', 1, 'inoerp', '2014-01-03 10:03:38', 'inoerp', '2014-01-03 10:03:38'),
(23, 16, 14, 20, '351', 2, 1, '362', 1, NULL, NULL, 'WIP Move', 1, 'inoerp', '2014-01-03 10:03:38', 'inoerp', '2014-01-03 10:03:38'),
(24, 17, 14, 10, '351', 3, 1, '362', 1, NULL, NULL, 'WIP Move', 1, 'inoerp', '2014-01-03 10:03:38', 'inoerp', '2014-01-03 10:03:38'),
(25, 18, 14, 15, '351', 1, 1, '362', 1, NULL, NULL, 'WIP Move', 1, 'inoerp', '2014-01-03 10:03:38', 'inoerp', '2014-01-03 10:03:38'),
(26, 18, 14, 25, '351', 2, 1, '362', 1, NULL, NULL, 'WIP Move', 1, 'inoerp', '2014-01-03 10:03:38', 'inoerp', '2014-01-03 10:03:38'),
(27, 19, 15, 10, '351', 1, 1, '362', 1, NULL, NULL, 'WIP Move', 1, 'inoerp', '2014-01-03 10:06:22', 'inoerp', '2014-01-03 10:06:22'),
(28, 19, 15, 20, '351', 2, 1, '362', 1, NULL, NULL, 'WIP Move', 1, 'inoerp', '2014-01-03 10:06:22', 'inoerp', '2014-01-03 10:06:22'),
(29, 20, 15, 10, '351', 3, 1, '362', 1, NULL, NULL, 'WIP Move', 1, 'inoerp', '2014-01-03 10:06:22', 'inoerp', '2014-01-03 10:06:22'),
(30, 21, 15, 15, '351', 1, 1, '362', 1, NULL, NULL, 'WIP Move', 1, 'inoerp', '2014-01-03 10:06:22', 'inoerp', '2014-01-03 10:06:22'),
(31, 21, 15, 25, '351', 2, 1, '362', 1, NULL, NULL, 'WIP Move', 1, 'inoerp', '2014-01-03 10:06:22', 'inoerp', '2014-01-03 10:06:22'),
(32, 22, 16, 10, 'ITEM', 1, 1, 'YES', 1, NULL, NULL, 'WIP_MOVE', 1, 'inoerp', '2014-01-07 02:09:55', 'inoerp', '2014-01-07 02:09:55'),
(33, 22, 16, 20, 'ITEM', 2, 1, 'YES', 1, NULL, NULL, 'WIP_MOVE', 1, 'inoerp', '2014-01-07 02:09:55', 'inoerp', '2014-01-07 02:09:55'),
(34, 23, 16, 10, 'ITEM', 3, 1, 'YES', 1, NULL, NULL, 'WIP_MOVE', 1, 'inoerp', '2014-01-07 02:09:55', 'inoerp', '2014-01-07 02:09:55'),
(35, 24, 16, 15, 'ITEM', 1, 1, 'YES', 1, NULL, NULL, 'MANUAL', 1, 'inoerp', '2014-01-07 02:09:55', 'inoerp', '2014-01-07 02:09:55'),
(36, 24, 16, 25, 'ITEM', 2, 1, 'YES', 1, NULL, NULL, 'MANUAL', 1, 'inoerp', '2014-01-07 02:09:55', 'inoerp', '2014-01-07 02:09:55'),
(37, 25, 16, 10, 'ITEM', 1, 2, 'YES', 2, NULL, NULL, 'WIP_MOVE', 1, 'inoerp', '2014-01-07 02:09:54', 'inoerp', '2014-01-07 02:09:54'),
(38, 26, 17, 10, 'ITEM', 1, 5, 'YES', 2, NULL, NULL, 'WIP_MOVE', 1, 'inoerp', '2014-01-04 17:51:10', 'inoerp', '2014-01-04 17:51:10'),
(39, 27, 18, 10, 'ITEM', 1, 5, 'YES', 2, 50.00000, NULL, 'WIP_MOVE', 1, 'inoerp', '2014-01-05 04:45:46', 'inoerp', '2014-01-05 04:45:46'),
(40, 28, 18, 10, 'ITEM', 1, 4, 'YES', 7, 40.00000, NULL, 'MANUAL', 1, 'inoerp', '2014-01-06 04:52:30', 'inoerp', '2014-01-06 04:52:30'),
(41, 28, 18, 20, 'ITEM', 1, 8, 'YES', 9, 80.00000, NULL, 'WIP_MOVE', 1, 'inoerp', '2014-01-06 04:52:30', 'inoerp', '2014-01-06 04:52:30'),
(42, 29, 19, 10, 'ITEM', 1, 1, 'YES', 1, 2.00000, NULL, 'WIP_MOVE', 1, 'inoerp', '2014-01-07 02:12:36', 'inoerp', '2014-01-07 02:12:36'),
(43, 29, 19, 20, 'ITEM', 2, 1, 'YES', 1, 2.00000, NULL, 'WIP_MOVE', 1, 'inoerp', '2014-01-07 02:12:36', 'inoerp', '2014-01-07 02:12:36'),
(44, 30, 19, 10, 'ITEM', 3, 1, 'NO', 1, 2.00000, NULL, 'WIP_MOVE', 1, 'inoerp', '2014-01-07 02:12:36', 'inoerp', '2014-01-07 02:12:36'),
(45, 31, 19, 15, 'ITEM', 1, 1, 'YES', 1, 2.00000, NULL, 'WIP_MOVE', 1, 'inoerp', '2014-01-07 02:12:36', 'inoerp', '2014-01-07 02:12:36'),
(46, 31, 19, 25, 'ITEM', 2, 1, 'YES', 1, 2.00000, NULL, 'WIP_MOVE', 1, 'inoerp', '2014-01-07 02:12:36', 'inoerp', '2014-01-07 02:12:36'),
(47, 32, 20, 10, 'ITEM', 1, 1, 'YES', 1, 4.00000, NULL, 'WIP_MOVE', 1, 'inoerp', '2014-01-07 10:40:28', 'inoerp', '2014-01-07 10:40:28'),
(48, 32, 20, 20, 'ITEM', 2, 1, 'YES', 1, 4.00000, NULL, 'WIP_MOVE', 1, 'inoerp', '2014-01-07 10:40:28', 'inoerp', '2014-01-07 10:40:28'),
(49, 33, 20, 10, 'ITEM', 3, 1, 'NO', 1, 4.00000, NULL, 'WIP_MOVE', 1, 'inoerp', '2014-01-07 10:40:28', 'inoerp', '2014-01-07 10:40:28'),
(50, 34, 20, 15, 'ITEM', 1, 1, 'YES', 1, 4.00000, NULL, 'WIP_MOVE', 1, 'inoerp', '2014-01-07 10:40:28', 'inoerp', '2014-01-07 10:40:28'),
(51, 34, 20, 25, 'ITEM', 2, 1, 'YES', 1, 4.00000, NULL, 'WIP_MOVE', 1, 'inoerp', '2014-01-07 10:40:28', 'inoerp', '2014-01-07 10:40:28'),
(52, 35, 21, 10, 'ITEM', 1, 2, 'YES', 1, 10.00000, NULL, 'WIP_MOVE', 1, 'inoerp', '2014-01-07 10:45:28', 'inoerp', '2014-01-07 10:45:28'),
(53, 35, 21, 20, 'ITEM', 2, 0, 'YES', 1, 2.00000, NULL, 'WIP_MOVE', 1, 'inoerp', '2014-01-07 10:45:28', 'inoerp', '2014-01-07 10:45:28'),
(54, 36, 21, 10, 'ITEM', 3, 1, 'NO', 1, 5.00000, NULL, 'WIP_MOVE', 1, 'inoerp', '2014-01-07 10:45:27', 'inoerp', '2014-01-07 10:45:27'),
(55, 37, 21, 15, 'ITEM', 1, 1, 'YES', 1, 5.00000, NULL, 'WIP_MOVE', 1, 'inoerp', '2014-01-07 10:45:28', 'inoerp', '2014-01-07 10:45:28'),
(56, 37, 21, 25, 'ITEM', 2, 1, 'YES', 1, 5.00000, NULL, 'WIP_MOVE', 1, 'inoerp', '2014-01-07 10:45:28', 'inoerp', '2014-01-07 10:45:28'),
(57, 38, 22, 10, 'ITEM', 1, 5, 'YES', 2, 50.00000, NULL, 'WIP_MOVE', 1, 'inoerp', '2014-01-08 01:18:15', 'inoerp', '2014-01-08 01:18:15'),
(58, 39, 23, 10, 'ITEM', 1, 5, 'YES', 2, 25.00000, NULL, 'WIP_MOVE', 1, 'inoerp', '2014-01-08 01:20:00', 'inoerp', '2014-01-08 01:20:00'),
(59, 40, 24, 10, 'ITEM', 1, 1, 'YES', 1, 10.00000, NULL, 'WIP_MOVE', 1, 'inoerp', '2014-01-08 01:22:52', 'inoerp', '2014-01-08 01:22:52'),
(60, 40, 24, 20, 'ITEM', 2, 1, 'YES', 1, 10.00000, NULL, 'WIP_MOVE', 1, 'inoerp', '2014-01-08 01:22:52', 'inoerp', '2014-01-08 01:22:52'),
(61, 41, 24, 10, 'ITEM', 3, 1, 'NO', 1, 10.00000, NULL, 'WIP_MOVE', 1, 'inoerp', '2014-01-08 01:22:52', 'inoerp', '2014-01-08 01:22:52'),
(62, 42, 24, 15, 'ITEM', 1, 1, 'YES', 1, 10.00000, NULL, 'WIP_MOVE', 1, 'inoerp', '2014-01-08 01:22:52', 'inoerp', '2014-01-08 01:22:52'),
(63, 42, 24, 25, 'ITEM', 2, 1, 'YES', 1, 10.00000, NULL, 'WIP_MOVE', 1, 'inoerp', '2014-01-08 01:22:52', 'inoerp', '2014-01-08 01:22:52'),
(64, 43, 25, 10, 'ITEM', 1, 1, 'YES', 1, 4.00000, NULL, 'WIP_MOVE', 1, 'inoerp', '2014-01-08 05:20:13', 'inoerp', '2014-01-08 05:20:13'),
(65, 43, 25, 20, 'ITEM', 2, 1, 'YES', 1, 4.00000, NULL, 'WIP_MOVE', 1, 'inoerp', '2014-01-08 05:20:13', 'inoerp', '2014-01-08 05:20:13'),
(66, 44, 25, 10, 'ITEM', 3, 1, 'NO', 1, 4.00000, NULL, 'WIP_MOVE', 1, 'inoerp', '2014-01-08 05:20:13', 'inoerp', '2014-01-08 05:20:13'),
(67, 45, 25, 15, 'ITEM', 1, 1, 'YES', 1, 4.00000, NULL, 'WIP_MOVE', 1, 'inoerp', '2014-01-08 05:20:13', 'inoerp', '2014-01-08 05:20:13'),
(68, 45, 25, 25, 'ITEM', 2, 1, 'YES', 1, 4.00000, NULL, 'WIP_MOVE', 1, 'inoerp', '2014-01-08 05:20:13', 'inoerp', '2014-01-08 05:20:13'),
(69, 46, 27, 10, 'ITEM', 1, 1, 'YES', 1, 10.00000, NULL, 'WIP_MOVE', 1, 'inoerp', '2014-01-09 03:56:52', 'inoerp', '2014-01-09 03:56:52'),
(70, 46, 27, 20, 'ITEM', 2, 1, 'YES', 1, 10.00000, NULL, 'WIP_MOVE', 1, 'inoerp', '2014-01-09 03:56:52', 'inoerp', '2014-01-09 03:56:52'),
(71, 47, 27, 10, 'ITEM', 3, 1, 'NO', 1, 10.00000, NULL, 'WIP_MOVE', 1, 'inoerp', '2014-01-09 03:56:52', 'inoerp', '2014-01-09 03:56:52'),
(72, 48, 27, 15, 'ITEM', 1, 1, 'YES', 1, 10.00000, NULL, 'WIP_MOVE', 1, 'inoerp', '2014-01-09 03:56:52', 'inoerp', '2014-01-09 03:56:52'),
(73, 48, 27, 25, 'ITEM', 2, 1, 'YES', 1, 10.00000, NULL, 'WIP_MOVE', 1, 'inoerp', '2014-01-09 03:56:52', 'inoerp', '2014-01-09 03:56:52'),
(74, 49, 28, 10, 'ITEM', 1, 1, 'YES', 1, 100.00000, NULL, 'WIP_MOVE', 1, 'inoerp', '2014-01-09 06:28:41', 'inoerp', '2014-01-09 06:28:41'),
(75, 49, 28, 20, 'ITEM', 2, 1, 'YES', 1, 100.00000, NULL, 'WIP_MOVE', 1, 'inoerp', '2014-01-09 06:28:41', 'inoerp', '2014-01-09 06:28:41'),
(76, 50, 28, 10, 'ITEM', 3, 1, 'NO', 1, 100.00000, NULL, 'WIP_MOVE', 1, 'inoerp', '2014-01-09 06:28:41', 'inoerp', '2014-01-09 06:28:41'),
(77, 51, 28, 15, 'ITEM', 1, 1, 'YES', 1, 100.00000, NULL, 'WIP_MOVE', 1, 'inoerp', '2014-01-09 06:28:41', 'inoerp', '2014-01-09 06:28:41'),
(78, 51, 28, 25, 'ITEM', 2, 1, 'YES', 1, 100.00000, NULL, 'WIP_MOVE', 1, 'inoerp', '2014-01-09 06:28:41', 'inoerp', '2014-01-09 06:28:41'),
(79, 52, 29, 10, 'ITEM', 1, 1, 'YES', 1, 200.00000, 50.00000, 'WIP_MOVE', 1, 'inoerp', '2014-01-13 09:56:09', 'inoerp', '2014-01-13 09:56:09'),
(80, 52, 29, 20, 'ITEM', 2, 1, 'YES', 1, 200.00000, 99.00000, 'WIP_MOVE', 1, 'inoerp', '2014-01-13 09:56:09', 'inoerp', '2014-01-13 09:56:09'),
(81, 53, 29, 10, 'ITEM', 3, 1, 'NO', 1, 200.00000, 50.00000, 'WIP_MOVE', 1, 'inoerp', '2014-01-13 09:56:08', 'inoerp', '2014-01-13 09:56:08'),
(82, 54, 29, 15, 'ITEM', 1, 1, 'YES', 1, 200.00000, 50.00000, 'WIP_MOVE', 1, 'inoerp', '2014-01-13 09:57:37', 'inoerp', '2014-01-13 09:57:37'),
(83, 54, 29, 25, 'ITEM', 2, 1, 'YES', 1, 200.00000, 50.00000, 'WIP_MOVE', 1, 'inoerp', '2014-01-13 09:57:37', 'inoerp', '2014-01-13 09:57:37'),
(84, 54, 29, 30, 'ITEM', 3, 3, 'YES', 2, 600.00000, NULL, 'WIP_MOVE', 1, 'inoerp', '2014-01-13 09:57:37', 'inoerp', '2014-01-13 09:57:37'),
(85, 55, 30, 10, 'ITEM', 1, 2, 'YES', NULL, 200.00000, 82.00000, 'WIP_MOVE', 1, 'inoerp', '2014-01-16 09:20:40', 'inoerp', '2014-01-16 09:20:40'),
(86, 55, 30, 20, 'ITEM', 3, 1, 'YES', NULL, 100.00000, 50.00000, 'MANUAL', 1, 'inoerp', '2014-01-16 09:20:40', 'inoerp', '2014-01-16 09:20:40'),
(87, 56, 30, 10, 'ITEM', 1, 1, 'YES', 2, 100.00000, 19.00000, 'WIP_MOVE', 1, 'inoerp', '2014-01-16 09:20:40', 'inoerp', '2014-01-16 09:20:40'),
(88, 57, 30, 10, 'ITEM', 1, 2, 'YES', 1, 200.00000, 38.00000, 'WIP_MOVE', 1, 'inoerp', '2014-01-16 09:20:40', 'inoerp', '2014-01-16 09:20:40');

-- --------------------------------------------------------

--
-- Table structure for table `wip_wo_routing_line`
--

CREATE TABLE IF NOT EXISTS `wip_wo_routing_line` (
  `wip_wo_routing_line_id` int(12) NOT NULL AUTO_INCREMENT,
  `wip_wo_header_id` int(12) NOT NULL,
  `routing_sequence` int(12) NOT NULL DEFAULT '1',
  `standard_operation_id` int(12) DEFAULT NULL,
  `department_id` int(12) DEFAULT NULL,
  `description` varchar(256) DEFAULT NULL,
  `start_date` date DEFAULT NULL,
  `count_point_cb` tinyint(1) DEFAULT NULL,
  `auto_charge_cb` tinyint(1) DEFAULT NULL,
  `completion_date` date DEFAULT NULL,
  `queue_quantity` int(12) DEFAULT NULL,
  `running_quantity` int(12) DEFAULT NULL,
  `rejected_quantity` int(12) DEFAULT NULL,
  `backflush_cb` tinyint(1) DEFAULT NULL,
  `yield` decimal(6,6) DEFAULT NULL,
  `scrapped_quantity` int(12) DEFAULT NULL,
  `minimum_transfer_quantity` int(12) DEFAULT NULL,
  `tomove_quantity` int(12) DEFAULT NULL,
  `completed_quantity` int(12) DEFAULT NULL,
  `progress_percentage` int(12) DEFAULT NULL,
  `created_by` varchar(256) NOT NULL,
  `creation_date` datetime NOT NULL,
  `last_update_by` varchar(256) NOT NULL,
  `last_update_date` datetime NOT NULL,
  PRIMARY KEY (`wip_wo_routing_line_id`),
  UNIQUE KEY `bom_header_id` (`wip_wo_header_id`,`routing_sequence`)
) ENGINE=MyISAM  DEFAULT CHARSET=latin1 AUTO_INCREMENT=58 ;

--
-- Dumping data for table `wip_wo_routing_line`
--

INSERT INTO `wip_wo_routing_line` (`wip_wo_routing_line_id`, `wip_wo_header_id`, `routing_sequence`, `standard_operation_id`, `department_id`, `description`, `start_date`, `count_point_cb`, `auto_charge_cb`, `completion_date`, `queue_quantity`, `running_quantity`, `rejected_quantity`, `backflush_cb`, `yield`, `scrapped_quantity`, `minimum_transfer_quantity`, `tomove_quantity`, `completed_quantity`, `progress_percentage`, `created_by`, `creation_date`, `last_update_by`, `last_update_date`) VALUES
(1, 7, 10, NULL, 1, '10 Manuall Assmbly', NULL, 1, 1, NULL, NULL, NULL, NULL, 1, NULL, NULL, NULL, NULL, NULL, NULL, 'inoerp', '2014-01-03 07:49:08', 'inoerp', '2014-01-03 07:49:08'),
(2, 8, 10, NULL, 1, '10 Manuall Assmbly', NULL, 1, 1, NULL, NULL, NULL, NULL, 1, NULL, NULL, NULL, NULL, NULL, NULL, 'inoerp', '2014-01-03 08:13:44', 'inoerp', '2014-01-03 08:13:44'),
(3, 9, 10, NULL, 1, '10 Manuall Assmbly', NULL, 1, 1, NULL, NULL, NULL, NULL, 1, NULL, NULL, NULL, NULL, NULL, NULL, 'inoerp', '2014-01-03 08:15:29', 'inoerp', '2014-01-03 08:15:29'),
(4, 9, 20, NULL, 2, 'Cleaning', NULL, 1, 1, NULL, NULL, NULL, NULL, 1, NULL, NULL, NULL, NULL, NULL, NULL, 'inoerp', '2014-01-03 08:15:29', 'inoerp', '2014-01-03 08:15:29'),
(5, 9, 30, NULL, 1, '20 Second Assembly', NULL, 1, 1, NULL, NULL, NULL, NULL, 1, NULL, NULL, 10, NULL, NULL, NULL, 'inoerp', '2014-01-03 08:15:29', 'inoerp', '2014-01-03 08:15:29'),
(6, 10, 10, NULL, 1, '10 Manuall Assmbly', '1970-01-01', 1, 1, '1970-01-01', NULL, NULL, NULL, 1, NULL, NULL, 10, NULL, NULL, NULL, 'inoerp', '2014-01-03 09:33:25', 'inoerp', '2014-01-03 09:33:25'),
(7, 10, 20, NULL, 2, 'Cleaning', '1970-01-01', 1, 1, '1970-01-01', NULL, NULL, NULL, 1, NULL, NULL, 20, NULL, NULL, NULL, 'inoerp', '2014-01-03 09:33:25', 'inoerp', '2014-01-03 09:33:25'),
(8, 10, 30, NULL, 1, '20 Second Assembly', '1970-01-01', 1, 1, '1970-01-01', NULL, NULL, NULL, 1, NULL, NULL, 30, NULL, NULL, NULL, 'inoerp', '2014-01-03 09:33:25', 'inoerp', '2014-01-03 09:33:25'),
(9, 10, 40, NULL, 1, 'Rework', '2014-01-28', 1, 1, '0000-00-00', NULL, NULL, NULL, 1, NULL, NULL, NULL, NULL, NULL, NULL, 'inoerp', '2014-01-03 09:33:24', 'inoerp', '2014-01-03 09:33:24'),
(10, 11, 10, NULL, 1, '10 Manuall Assmbly', NULL, 1, 1, NULL, NULL, NULL, NULL, 1, NULL, NULL, NULL, NULL, NULL, NULL, 'inoerp', '2014-01-03 09:44:29', 'inoerp', '2014-01-03 09:44:29'),
(11, 11, 20, NULL, 2, 'Cleaning', NULL, 1, 1, NULL, NULL, NULL, NULL, 1, NULL, NULL, NULL, NULL, NULL, NULL, 'inoerp', '2014-01-03 09:44:29', 'inoerp', '2014-01-03 09:44:29'),
(12, 11, 30, NULL, 1, '20 Second Assembly', NULL, 1, 1, NULL, NULL, NULL, NULL, 1, NULL, NULL, 10, NULL, NULL, NULL, 'inoerp', '2014-01-03 09:44:29', 'inoerp', '2014-01-03 09:44:29'),
(13, 13, 10, NULL, 1, '10 Manuall Assmbly', NULL, 1, 1, NULL, NULL, NULL, NULL, 1, NULL, NULL, NULL, NULL, NULL, NULL, 'inoerp', '2014-01-03 10:02:14', 'inoerp', '2014-01-03 10:02:14'),
(14, 13, 20, NULL, 2, 'Cleaning', NULL, 1, 1, NULL, NULL, NULL, NULL, 1, NULL, NULL, NULL, NULL, NULL, NULL, 'inoerp', '2014-01-03 10:02:14', 'inoerp', '2014-01-03 10:02:14'),
(15, 13, 30, NULL, 1, '20 Second Assembly', NULL, 1, 1, NULL, NULL, NULL, NULL, 1, NULL, NULL, 10, NULL, NULL, NULL, 'inoerp', '2014-01-03 10:02:14', 'inoerp', '2014-01-03 10:02:14'),
(16, 14, 10, NULL, 1, '10 Manuall Assmbly', NULL, 1, 1, NULL, NULL, NULL, NULL, 1, NULL, NULL, NULL, NULL, NULL, NULL, 'inoerp', '2014-01-03 10:03:38', 'inoerp', '2014-01-03 10:03:38'),
(17, 14, 20, NULL, 2, 'Cleaning', NULL, 1, 1, NULL, NULL, NULL, NULL, 1, NULL, NULL, NULL, NULL, NULL, NULL, 'inoerp', '2014-01-03 10:03:38', 'inoerp', '2014-01-03 10:03:38'),
(18, 14, 30, NULL, 1, '20 Second Assembly', NULL, 1, 1, NULL, NULL, NULL, NULL, 1, NULL, NULL, 10, NULL, NULL, NULL, 'inoerp', '2014-01-03 10:03:38', 'inoerp', '2014-01-03 10:03:38'),
(19, 15, 10, NULL, 1, '10 Manuall Assmbly', NULL, 1, 1, NULL, NULL, NULL, NULL, 1, NULL, NULL, NULL, NULL, NULL, NULL, 'inoerp', '2014-01-03 10:06:22', 'inoerp', '2014-01-03 10:06:22'),
(20, 15, 20, NULL, 2, 'Cleaning', NULL, 1, 1, NULL, NULL, NULL, NULL, 1, NULL, NULL, NULL, NULL, NULL, NULL, 'inoerp', '2014-01-03 10:06:22', 'inoerp', '2014-01-03 10:06:22'),
(21, 15, 30, NULL, 1, '20 Second Assembly', NULL, 1, 1, NULL, NULL, NULL, NULL, 1, NULL, NULL, 10, NULL, NULL, NULL, 'inoerp', '2014-01-03 10:06:22', 'inoerp', '2014-01-03 10:06:22'),
(22, 16, 10, NULL, 1, '10 Manuall Assmbly', '1970-01-01', 1, 1, '1970-01-01', NULL, NULL, NULL, 1, NULL, NULL, NULL, NULL, NULL, NULL, 'inoerp', '2014-01-07 02:09:55', 'inoerp', '2014-01-07 02:09:55'),
(23, 16, 20, NULL, 2, 'Cleaning', '1970-01-01', 1, 1, '1970-01-01', NULL, NULL, NULL, 1, NULL, NULL, NULL, NULL, NULL, NULL, 'inoerp', '2014-01-07 02:09:55', 'inoerp', '2014-01-07 02:09:55'),
(24, 16, 30, NULL, 1, '20 Second Assembly', '1970-01-01', 1, 1, '1970-01-01', NULL, NULL, NULL, 1, NULL, NULL, 10, NULL, NULL, NULL, 'inoerp', '2014-01-07 02:09:55', 'inoerp', '2014-01-07 02:09:55'),
(25, 16, 40, NULL, 2, 'Re qork', '1970-01-01', 1, 1, '0000-00-00', NULL, NULL, NULL, 1, NULL, NULL, NULL, NULL, NULL, NULL, 'inoerp', '2014-01-07 02:09:54', 'inoerp', '2014-01-07 02:09:54'),
(26, 17, 10, NULL, 1, 'First Step', NULL, 1, 1, NULL, NULL, NULL, NULL, 1, NULL, NULL, NULL, NULL, NULL, NULL, 'inoerp', '2014-01-04 17:51:10', 'inoerp', '2014-01-04 17:51:10'),
(27, 18, 10, NULL, 1, 'First Step', NULL, 1, 1, NULL, NULL, NULL, NULL, 1, NULL, NULL, NULL, NULL, NULL, NULL, 'inoerp', '2014-01-05 04:45:46', 'inoerp', '2014-01-05 04:45:46'),
(28, 18, 20, NULL, 1, 'Seond', NULL, 1, 1, NULL, NULL, NULL, NULL, 1, NULL, NULL, NULL, NULL, NULL, NULL, 'inoerp', '2014-01-06 04:52:30', 'inoerp', '2014-01-06 04:52:30'),
(29, 19, 10, NULL, 1, '10 Manuall Assmbly', NULL, 1, 1, NULL, NULL, NULL, NULL, 1, NULL, NULL, NULL, NULL, NULL, NULL, 'inoerp', '2014-01-07 02:12:36', 'inoerp', '2014-01-07 02:12:36'),
(30, 19, 20, NULL, 2, 'Cleaning', NULL, 1, 1, NULL, NULL, NULL, NULL, 1, NULL, NULL, NULL, NULL, NULL, NULL, 'inoerp', '2014-01-07 02:12:36', 'inoerp', '2014-01-07 02:12:36'),
(31, 19, 30, NULL, 1, '20 Second Assembly', NULL, 1, 1, NULL, NULL, NULL, NULL, 1, NULL, NULL, 10, NULL, NULL, NULL, 'inoerp', '2014-01-07 02:12:36', 'inoerp', '2014-01-07 02:12:36'),
(32, 20, 10, NULL, 1, '10 Manuall Assmbly', NULL, 1, 1, NULL, NULL, NULL, NULL, 1, NULL, NULL, NULL, NULL, NULL, NULL, 'inoerp', '2014-01-07 10:40:28', 'inoerp', '2014-01-07 10:40:28'),
(33, 20, 20, NULL, 2, 'Cleaning', NULL, 1, 1, NULL, NULL, NULL, NULL, 1, NULL, NULL, NULL, NULL, NULL, NULL, 'inoerp', '2014-01-07 10:40:28', 'inoerp', '2014-01-07 10:40:28'),
(34, 20, 30, NULL, 1, '20 Second Assembly', NULL, 1, 1, NULL, NULL, NULL, NULL, 1, NULL, NULL, 10, NULL, NULL, NULL, 'inoerp', '2014-01-07 10:40:28', 'inoerp', '2014-01-07 10:40:28'),
(35, 21, 10, NULL, 1, '10 Manuall Assmbly', NULL, 1, 1, NULL, 5, NULL, NULL, 1, NULL, NULL, NULL, NULL, NULL, NULL, 'inoerp', '2014-01-07 10:45:28', 'inoerp', '2014-01-07 10:45:28'),
(36, 21, 20, NULL, 2, 'Cleaning', NULL, 1, 1, NULL, NULL, NULL, NULL, 1, NULL, NULL, NULL, NULL, NULL, NULL, 'inoerp', '2014-01-07 10:45:27', 'inoerp', '2014-01-07 10:45:27'),
(37, 21, 30, NULL, 1, '20 Second Assembly', NULL, 1, 1, NULL, NULL, NULL, NULL, 1, NULL, NULL, 10, NULL, NULL, NULL, 'inoerp', '2014-01-07 10:45:28', 'inoerp', '2014-01-07 10:45:28'),
(38, 22, 10, NULL, 1, 'First Step', NULL, 1, 1, NULL, 10, NULL, NULL, 1, NULL, NULL, NULL, NULL, NULL, NULL, 'inoerp', '2014-01-08 01:18:15', 'inoerp', '2014-01-08 01:18:15'),
(39, 23, 10, NULL, 1, 'First Step', NULL, 1, 1, NULL, 5, NULL, NULL, 1, NULL, NULL, NULL, NULL, NULL, NULL, 'inoerp', '2014-01-08 01:20:00', 'inoerp', '2014-01-08 01:20:00'),
(40, 24, 10, NULL, 1, '10 Manuall Assmbly', NULL, 1, 1, NULL, 10, NULL, NULL, 1, NULL, NULL, NULL, NULL, NULL, NULL, 'inoerp', '2014-01-08 01:22:52', 'inoerp', '2014-01-08 01:22:52'),
(41, 24, 20, NULL, 2, 'Cleaning', NULL, 1, 1, NULL, NULL, NULL, NULL, 1, NULL, NULL, NULL, NULL, NULL, NULL, 'inoerp', '2014-01-08 01:22:52', 'inoerp', '2014-01-08 01:22:52'),
(42, 24, 30, NULL, 1, '20 Second Assembly', NULL, 1, 1, NULL, NULL, NULL, NULL, 1, NULL, NULL, 10, NULL, NULL, NULL, 'inoerp', '2014-01-08 01:22:52', 'inoerp', '2014-01-08 01:22:52'),
(43, 25, 10, NULL, 1, '10 Manuall Assmbly', NULL, 1, 1, NULL, 1, 0, NULL, 1, NULL, NULL, NULL, 6, NULL, NULL, 'inoerp', '2014-01-08 05:20:13', 'inoerp', '2014-01-08 05:20:13'),
(44, 25, 20, NULL, 2, 'Cleaning', NULL, 1, 1, NULL, 0, 14, NULL, 1, NULL, NULL, NULL, NULL, NULL, NULL, 'inoerp', '2014-01-08 05:20:13', 'inoerp', '2014-01-08 05:20:13'),
(45, 25, 30, NULL, 1, '20 Second Assembly', NULL, 1, 1, NULL, NULL, NULL, NULL, 1, NULL, NULL, 10, 4, NULL, NULL, 'inoerp', '2014-01-08 05:20:13', 'inoerp', '2014-01-08 05:20:13'),
(46, 27, 10, NULL, 1, '10 Manuall Assmbly', NULL, 1, 1, NULL, 9996, 1, NULL, 1, NULL, NULL, NULL, 5, NULL, NULL, 'inoerp', '2014-01-09 03:56:52', 'inoerp', '2014-01-09 03:56:52'),
(47, 27, 20, NULL, 2, 'Cleaning', NULL, 1, 1, NULL, NULL, NULL, NULL, 1, NULL, NULL, NULL, NULL, NULL, NULL, 'inoerp', '2014-01-09 03:56:52', 'inoerp', '2014-01-09 03:56:52'),
(48, 27, 30, NULL, 1, '20 Second Assembly', NULL, 1, 1, NULL, NULL, NULL, NULL, 1, NULL, NULL, 10, NULL, NULL, NULL, 'inoerp', '2014-01-09 03:56:52', 'inoerp', '2014-01-09 03:56:52'),
(49, 28, 10, NULL, 1, '10 Manuall Assmbly', NULL, 1, 1, NULL, 83, 0, NULL, 1, NULL, NULL, NULL, 2, NULL, NULL, 'inoerp', '2014-01-09 06:28:41', 'inoerp', '2014-01-09 06:28:41'),
(50, 28, 20, NULL, 2, 'Cleaning', NULL, 1, 1, NULL, NULL, NULL, NULL, 1, NULL, NULL, NULL, NULL, NULL, NULL, 'inoerp', '2014-01-09 06:28:41', 'inoerp', '2014-01-09 06:28:41'),
(51, 28, 30, NULL, 1, '20 Second Assembly', NULL, 1, 1, NULL, 10, NULL, NULL, 1, NULL, NULL, 10, NULL, NULL, NULL, 'inoerp', '2014-01-09 06:28:41', 'inoerp', '2014-01-09 06:28:41'),
(52, 29, 10, NULL, 1, '10 Manuall Assmbly', NULL, 1, 1, NULL, 171, NULL, NULL, 1, NULL, NULL, NULL, NULL, NULL, NULL, 'inoerp', '2014-01-13 09:56:09', 'inoerp', '2014-01-13 09:56:09'),
(53, 29, 20, NULL, 2, 'Cleaning', NULL, 1, 1, NULL, NULL, NULL, NULL, 1, NULL, NULL, NULL, NULL, NULL, NULL, 'inoerp', '2014-01-13 09:56:08', 'inoerp', '2014-01-13 09:56:08'),
(54, 29, 30, NULL, 1, '20 Second Assembly', NULL, 1, 1, NULL, 25, 4, NULL, 1, NULL, NULL, 10, NULL, NULL, NULL, 'inoerp', '2014-01-13 09:57:37', 'inoerp', '2014-01-13 09:57:37'),
(55, 30, 10, NULL, 2, NULL, NULL, 1, 1, NULL, 21, 30, NULL, 1, NULL, NULL, NULL, NULL, NULL, NULL, 'inoerp', '2014-01-16 09:20:40', 'inoerp', '2014-01-16 09:20:40'),
(56, 30, 20, NULL, 1, NULL, NULL, 1, 1, NULL, NULL, NULL, NULL, 1, NULL, NULL, NULL, NULL, NULL, NULL, 'inoerp', '2014-01-16 09:20:40', 'inoerp', '2014-01-16 09:20:40'),
(57, 30, 30, NULL, 2, NULL, NULL, 1, 1, NULL, NULL, 19, NULL, 1, NULL, NULL, NULL, NULL, NULL, NULL, 'inoerp', '2014-01-16 09:20:40', 'inoerp', '2014-01-16 09:20:40');

-- --------------------------------------------------------

--
-- Structure for view `all_po_v`
--
DROP TABLE IF EXISTS `all_po_v`;

CREATE ALGORITHM=UNDEFINED DEFINER=`root`@`localhost` SQL SECURITY DEFINER VIEW `all_po_v` AS select `po_header`.`po_header_id` AS `po_header_id`,`po_header`.`bu_org_id` AS `bu_org_id`,`po_header`.`po_type` AS `po_type`,`po_header`.`po_number` AS `po_number`,`po_header`.`supplier_id` AS `supplier_id`,`po_header`.`supplier_site_id` AS `supplier_site_id`,`po_header`.`buyer` AS `buyer`,`po_header`.`currency` AS `currency`,`po_header`.`header_amount` AS `header_amount`,`po_header`.`po_status` AS `po_status`,`po_header`.`payment_term_id` AS `payment_term_id`,`supplier`.`supplier_name` AS `supplier_name`,`supplier`.`supplier_number` AS `supplier_number`,`supplier_site`.`supplier_site_name` AS `supplier_site_name`,`supplier_site`.`supplier_site_number` AS `supplier_site_number`,`payment_term`.`payment_term` AS `payment_term`,`payment_term`.`description` AS `payment_term_description`,`po_line`.`po_line_id` AS `po_line_id`,`po_line`.`line_type` AS `line_type`,`po_line`.`line_number` AS `line_number`,`po_line`.`item_id` AS `item_id`,`po_line`.`item_description` AS `item_description`,`po_line`.`line_description` AS `line_description`,`po_line`.`line_quantity` AS `line_quantity`,`po_line`.`unit_price` AS `unit_price`,`po_line`.`line_price` AS `line_price`,`po_line`.`uom` AS `uom_id`,`item`.`item_number` AS `item_number`,`item`.`item_status` AS `item_status`,`po_detail`.`po_detail_id` AS `po_detail_id`,`po_detail`.`shipment_number` AS `shipment_number`,`po_detail`.`ship_to_inventory` AS `ship_to_id`,`po_detail`.`sub_inventory_id` AS `sub_inventory_id`,`po_detail`.`locator_id` AS `locator_id`,`po_detail`.`requestor` AS `requestor`,`po_detail`.`quantity` AS `quantity`,`po_detail`.`need_by_date` AS `need_by_date`,`po_detail`.`promise_date` AS `promise_date`,`po_detail`.`received_quantity` AS `po_received_quantity`,`po_detail`.`accepted_quantity` AS `po_accepted_quantity`,`po_detail`.`delivered_quantity` AS `po_delivered_quantity`,`po_detail`.`invoiced_quantity` AS `po_invoiced_quantity`,`po_detail`.`paid_quantity` AS `po_paid_quantity`,`org`.`org` AS `ship_to_org` from (((((((`po_header` left join `supplier` on((`po_header`.`supplier_id` = `supplier`.`supplier_id`))) left join `supplier_site` on((`po_header`.`supplier_site_id` = `supplier_site`.`supplier_site_id`))) left join `payment_term` on((`po_header`.`payment_term_id` = `payment_term`.`payment_term_id`))) left join `po_line` on((`po_header`.`po_header_id` = `po_line`.`po_header_id`))) left join `item` on((`po_line`.`item_id` = `item`.`item_id`))) left join `po_detail` on((`po_line`.`po_line_id` = `po_detail`.`po_line_id`))) left join `org` on((`po_detail`.`ship_to_inventory` = `org`.`org_id`)));

-- --------------------------------------------------------

--
-- Structure for view `all_receipt_v`
--
DROP TABLE IF EXISTS `all_receipt_v`;

CREATE ALGORITHM=UNDEFINED DEFINER=`root`@`localhost` SQL SECURITY DEFINER VIEW `all_receipt_v` AS select `receipt_header`.`receipt_number` AS `receipt_number`,`receipt_header`.`carrier` AS `carrier`,`receipt_header`.`vechile_number` AS `vechile_number`,`receipt_line`.`receipt_line_id` AS `receipt_line_id`,`receipt_line`.`receipt_header_id` AS `receipt_header_id`,`receipt_line`.`subinventory_id` AS `subinventory_id`,`receipt_line`.`locator_id` AS `locator_id`,`receipt_line`.`received_quantity` AS `received_quantity`,`receipt_line`.`receving_account_id` AS `receving_account_id`,`receipt_line`.`accrual_account_id` AS `accrual_account_id`,`receipt_line`.`country_of_origin` AS `country_of_origin`,`receipt_line`.`lot_number` AS `lot_number`,`receipt_line`.`serial_number` AS `serial_number`,`po_header`.`po_header_id` AS `po_header_id`,`po_header`.`bu_org_id` AS `bu_org_id`,`po_header`.`po_type` AS `po_type`,`po_header`.`po_number` AS `po_number`,`po_header`.`supplier_id` AS `supplier_id`,`po_header`.`supplier_site_id` AS `supplier_site_id`,`po_header`.`buyer` AS `buyer`,`po_header`.`currency` AS `currency`,`po_header`.`header_amount` AS `header_amount`,`po_header`.`po_status` AS `po_status`,`po_header`.`payment_term_id` AS `payment_term_id`,`supplier`.`supplier_name` AS `supplier_name`,`supplier`.`supplier_number` AS `supplier_number`,`supplier_site`.`supplier_site_name` AS `supplier_site_name`,`supplier_site`.`supplier_site_number` AS `supplier_site_number`,`payment_term`.`payment_term` AS `payment_term`,`payment_term`.`description` AS `payment_term_description`,`po_line`.`po_line_id` AS `po_line_id`,`po_line`.`line_type` AS `line_type`,`po_line`.`line_number` AS `line_number`,`po_line`.`item_id` AS `item_id`,`po_line`.`item_description` AS `item_description`,`po_line`.`line_description` AS `line_description`,`po_line`.`line_quantity` AS `line_quantity`,`po_line`.`unit_price` AS `unit_price`,`po_line`.`line_price` AS `line_price`,`po_line`.`uom` AS `uom_id`,`item`.`item_number` AS `item_number`,`item`.`item_status` AS `item_status`,`po_detail`.`po_detail_id` AS `po_detail_id`,`po_detail`.`shipment_number` AS `shipment_number`,`po_detail`.`ship_to_inventory` AS `ship_to_id`,`po_detail`.`sub_inventory_id` AS `sub_inventory_id`,`po_detail`.`requestor` AS `requestor`,`po_detail`.`quantity` AS `quantity`,`po_detail`.`need_by_date` AS `need_by_date`,`po_detail`.`promise_date` AS `promise_date`,`po_detail`.`received_quantity` AS `po_received_quantity`,`po_detail`.`accepted_quantity` AS `po_accepted_quantity`,`po_detail`.`delivered_quantity` AS `po_delivered_quantity`,`po_detail`.`invoiced_quantity` AS `po_invoiced_quantity`,`po_detail`.`paid_quantity` AS `po_paid_quantity`,`org`.`org` AS `ship_to_org` from (((((((((`receipt_header` left join `receipt_line` on((`receipt_header`.`receipt_header_id` = `receipt_line`.`receipt_header_id`))) left join `po_detail` on((`receipt_line`.`po_detail_id` = `po_detail`.`po_detail_id`))) left join `po_line` on((`po_detail`.`po_line_id` = `po_line`.`po_line_id`))) left join `po_header` on((`po_line`.`po_header_id` = `po_header`.`po_header_id`))) left join `supplier` on((`po_header`.`supplier_id` = `supplier`.`supplier_id`))) left join `supplier_site` on((`po_header`.`supplier_site_id` = `supplier_site`.`supplier_site_id`))) left join `payment_term` on((`po_header`.`payment_term_id` = `payment_term`.`payment_term_id`))) left join `item` on((`po_line`.`item_id` = `item`.`item_id`))) left join `org` on((`po_detail`.`ship_to_inventory` = `org`.`org_id`)));

-- --------------------------------------------------------

--
-- Structure for view `onhand_v`
--
DROP TABLE IF EXISTS `onhand_v`;

CREATE ALGORITHM=UNDEFINED DEFINER=`root`@`localhost` SQL SECURITY DEFINER VIEW `onhand_v` AS select `onhand`.`onhand_id` AS `onhand_id`,`item`.`item_number` AS `item_number`,`item`.`item_description` AS `item_description`,`org`.`org` AS `org_name`,`subinventory`.`subinventory` AS `subinventory`,`locator`.`locator` AS `locator`,`onhand`.`uom_id` AS `uom_id`,`onhand`.`onhand` AS `onhand`,`onhand`.`item_id` AS `item_id`,`onhand`.`org_id` AS `org_id`,`onhand`.`subinventory_id` AS `subinventory_id`,`onhand`.`locator_id` AS `locator_id`,`onhand`.`lot_id` AS `lot_id`,`onhand`.`serial_id` AS `serial_id`,`onhand`.`reservable_onhand` AS `reservable_onhand`,`onhand`.`transactable_onhand` AS `transactable_onhand`,`onhand`.`lot_status` AS `lot_status`,`onhand`.`serial_status` AS `serial_status`,`onhand`.`secondary_uom_id` AS `secondary_uom_id`,`onhand`.`onhand_status` AS `onhand_status`,`onhand`.`ef_id` AS `ef_id`,`onhand`.`created_by` AS `created_by`,`onhand`.`creation_date` AS `creation_date`,`onhand`.`last_update_by` AS `last_update_by`,`onhand`.`last_update_date` AS `last_update_date` from ((((`onhand` left join `item` on((`onhand`.`item_id` = `item`.`item_id`))) left join `org` on((`onhand`.`org_id` = `org`.`org_id`))) left join `subinventory` on((`onhand`.`subinventory_id` = `subinventory`.`subinventory_id`))) left join `locator` on((`onhand`.`locator_id` = `locator`.`locator_id`)));

--
-- Constraints for dumped tables
--

--
-- Constraints for table `coa_combination`
--
ALTER TABLE `coa_combination`
  ADD CONSTRAINT `coa_combination_ibfk_1` FOREIGN KEY (`coa_id`) REFERENCES `coa` (`coa_id`);

--
-- Constraints for table `option_detail`
--
ALTER TABLE `option_detail`
  ADD CONSTRAINT `option_detail_ibfk_1` FOREIGN KEY (`option_header_id`) REFERENCES `option_header` (`option_header_id`);

--
-- Constraints for table `option_line`
--
ALTER TABLE `option_line`
  ADD CONSTRAINT `option_line_ibfk_1` FOREIGN KEY (`option_header_id`) REFERENCES `option_header` (`option_header_id`);

/*!40101 SET CHARACTER_SET_CLIENT=@OLD_CHARACTER_SET_CLIENT */;
/*!40101 SET CHARACTER_SET_RESULTS=@OLD_CHARACTER_SET_RESULTS */;
/*!40101 SET COLLATION_CONNECTION=@OLD_COLLATION_CONNECTION */;
