-- phpMyAdmin SQL Dump
-- version 4.5.5.1
-- http://www.phpmyadmin.net
--
-- Host: 127.0.0.1
-- Generation Time: Sep 02, 2016 at 08:46 AM
-- Server version: 5.7.11
-- PHP Version: 7.0.4

SET SQL_MODE = "NO_AUTO_VALUE_ON_ZERO";
SET time_zone = "+00:00";


/*!40101 SET @OLD_CHARACTER_SET_CLIENT=@@CHARACTER_SET_CLIENT */;
/*!40101 SET @OLD_CHARACTER_SET_RESULTS=@@CHARACTER_SET_RESULTS */;
/*!40101 SET @OLD_COLLATION_CONNECTION=@@COLLATION_CONNECTION */;
/*!40101 SET NAMES utf8mb4 */;

--
-- Database: `inoerp_prod2`
--

-- --------------------------------------------------------

--
-- Table structure for table `address`
--

CREATE TABLE `address` (
  `address_id` int(10) UNSIGNED NOT NULL,
  `type` varchar(20) DEFAULT 'both',
  `address_name` varchar(50) DEFAULT NULL,
  `mdm_tax_region_id` int(12) DEFAULT NULL,
  `description` varchar(200) DEFAULT NULL,
  `phone` varchar(50) DEFAULT NULL,
  `email` varchar(100) DEFAULT NULL,
  `website` varchar(200) DEFAULT NULL,
  `address` text,
  `country` varchar(40) DEFAULT NULL,
  `postal_code` varchar(20) DEFAULT NULL,
  `default_cb` tinyint(1) DEFAULT NULL,
  `status` varchar(20) DEFAULT NULL,
  `usage_type` varchar(25) DEFAULT NULL,
  `rev_number` int(10) DEFAULT NULL,
  `created_by` int(12) NOT NULL,
  `creation_date` datetime DEFAULT NULL,
  `last_update_by` int(12) NOT NULL,
  `last_update_date` datetime DEFAULT NULL
) ENGINE=InnoDB DEFAULT CHARSET=latin1;

-- --------------------------------------------------------

--
-- Table structure for table `address_reference`
--

CREATE TABLE `address_reference` (
  `address_reference_id` int(12) UNSIGNED NOT NULL,
  `address_id` int(12) NOT NULL,
  `reference_table` varchar(50) NOT NULL,
  `reference_id` int(12) NOT NULL,
  `status` varchar(25) DEFAULT NULL
) ENGINE=InnoDB DEFAULT CHARSET=latin1;

-- --------------------------------------------------------

--
-- Table structure for table `adm_task_status`
--

CREATE TABLE `adm_task_status` (
  `adm_task_status_id` int(12) NOT NULL,
  `status` varchar(25) NOT NULL,
  `access_level` varchar(25) DEFAULT NULL,
  `start_by` varchar(50) NOT NULL,
  `due_date` int(12) DEFAULT NULL,
  `description` varchar(255) DEFAULT NULL,
  `from_date` date DEFAULT NULL,
  `to_date` date DEFAULT NULL,
  `usage` varchar(25) DEFAULT NULL,
  `primary_task_type` varchar(25) DEFAULT NULL,
  `send_notification_cb` tinyint(1) DEFAULT NULL,
  `schedule_cb` tinyint(1) DEFAULT NULL,
  `created_by` int(12) NOT NULL,
  `creation_date` datetime DEFAULT NULL,
  `last_update_by` int(12) NOT NULL,
  `last_update_date` datetime DEFAULT NULL
) ENGINE=InnoDB DEFAULT CHARSET=latin1;

-- --------------------------------------------------------

--
-- Table structure for table `adm_task_template_header`
--

CREATE TABLE `adm_task_template_header` (
  `adm_task_template_header_id` int(12) NOT NULL,
  `template_name` varchar(25) NOT NULL,
  `description` varchar(255) DEFAULT NULL,
  `application` varchar(25) DEFAULT NULL,
  `document_type` varchar(25) DEFAULT NULL,
  `from_date` date DEFAULT NULL,
  `end_date` date DEFAULT NULL,
  `created_by` int(12) NOT NULL,
  `creation_date` datetime NOT NULL,
  `last_update_by` int(12) NOT NULL,
  `last_update_date` datetime NOT NULL
) ENGINE=InnoDB DEFAULT CHARSET=latin1;

-- --------------------------------------------------------

--
-- Table structure for table `adm_task_template_line`
--

CREATE TABLE `adm_task_template_line` (
  `adm_task_template_line_id` int(12) NOT NULL,
  `adm_task_template_header_id` int(12) NOT NULL,
  `status` varchar(25) NOT NULL,
  `task_type_id` int(12) NOT NULL,
  `priority_code` varchar(25) NOT NULL,
  `subject` varchar(255) DEFAULT NULL,
  `description` varchar(255) DEFAULT NULL,
  `duration_uom_id` int(12) DEFAULT NULL,
  `duration` decimal(15,5) DEFAULT NULL,
  `planned_uom_id` int(12) DEFAULT NULL,
  `planned_uom` varchar(25) DEFAULT NULL,
  `holiday_cb` tinyint(1) DEFAULT NULL,
  `milestone_cb` tinyint(1) DEFAULT NULL,
  `confirm_required_cb` tinyint(1) DEFAULT NULL,
  `publish_cb` tinyint(1) DEFAULT NULL,
  `billable_cb` tinyint(1) DEFAULT NULL,
  `private_cb` tinyint(1) DEFAULT NULL,
  `created_by` int(12) NOT NULL,
  `creation_date` datetime NOT NULL,
  `last_update_by` int(12) NOT NULL,
  `last_update_date` datetime NOT NULL
) ENGINE=InnoDB DEFAULT CHARSET=latin1;

-- --------------------------------------------------------

--
-- Table structure for table `adm_task_type`
--

CREATE TABLE `adm_task_type` (
  `adm_task_type_id` int(12) NOT NULL,
  `access_level` varchar(25) NOT NULL,
  `task_type` varchar(50) NOT NULL,
  `process_flow_header_id` int(12) DEFAULT NULL,
  `description` varchar(255) DEFAULT NULL,
  `from_date` date DEFAULT NULL,
  `to_date` date DEFAULT NULL,
  `effort_uom_id` int(12) DEFAULT NULL,
  `effort_value` decimal(15,5) DEFAULT NULL,
  `send_notification_cb` tinyint(1) DEFAULT NULL,
  `schedule_cb` tinyint(1) DEFAULT NULL,
  `created_by` int(12) NOT NULL,
  `creation_date` datetime DEFAULT NULL,
  `last_update_by` int(12) NOT NULL,
  `last_update_date` datetime DEFAULT NULL
) ENGINE=InnoDB DEFAULT CHARSET=latin1;

--
-- Dumping data for table `adm_task_type`
--

INSERT INTO `adm_task_type` (`adm_task_type_id`, `access_level`, `task_type`, `process_flow_header_id`, `description`, `from_date`, `to_date`, `effort_uom_id`, `effort_value`, `send_notification_cb`, `schedule_cb`, `created_by`, `creation_date`, `last_update_by`, `last_update_date`) VALUES
(1, 'BOTH', 'Meeting', NULL, 'Meeting', '2000-01-01', NULL, NULL, NULL, 1, 1, 34, '2015-05-25 08:14:01', 34, '2015-05-25 10:50:58'),
(2, 'BOTH', 'Telephone', 1, 'Telephone', '2000-01-01', NULL, NULL, NULL, 1, 1, 34, '2015-05-25 08:36:35', 34, '2015-05-25 10:50:58');

-- --------------------------------------------------------

--
-- Table structure for table `ag_job`
--

CREATE TABLE `ag_job` (
  `ag_job_id` int(10) UNSIGNED NOT NULL,
  `job_code` varchar(25) DEFAULT NULL,
  `job_name` varchar(50) DEFAULT NULL,
  `start_date` date DEFAULT NULL,
  `end_date` decimal(12,0) DEFAULT NULL,
  `description` varchar(256) DEFAULT NULL,
  `min_education` varchar(256) DEFAULT NULL,
  `min_experience` varchar(256) DEFAULT NULL,
  `technology` varchar(256) DEFAULT NULL,
  `skillset` varchar(256) DEFAULT NULL,
  `position_type` varchar(25) DEFAULT NULL,
  `job_usage` varchar(25) DEFAULT NULL,
  `group_hr_job_id` int(25) DEFAULT NULL,
  `functional_area` varchar(50) DEFAULT NULL,
  `location` varchar(50) DEFAULT NULL,
  `job_level` int(4) DEFAULT NULL,
  `status` varchar(20) DEFAULT NULL,
  `job_details` text,
  `primary_responsibility` text,
  `created_by` int(12) NOT NULL,
  `creation_date` datetime DEFAULT NULL,
  `last_update_by` int(12) NOT NULL,
  `last_update_date` datetime DEFAULT NULL
) ENGINE=InnoDB DEFAULT CHARSET=latin1;

-- --------------------------------------------------------

--
-- Table structure for table `ag_org`
--

CREATE TABLE `ag_org` (
  `ag_org_id` int(10) UNSIGNED NOT NULL,
  `org_code` varchar(25) DEFAULT NULL,
  `org_name` varchar(50) DEFAULT NULL,
  `start_date` date DEFAULT NULL,
  `end_date` decimal(12,0) DEFAULT NULL,
  `description` varchar(256) DEFAULT NULL,
  `key_contact` varchar(256) DEFAULT NULL,
  `location` varchar(256) DEFAULT NULL,
  `technology` varchar(256) DEFAULT NULL,
  `skillset` varchar(256) DEFAULT NULL,
  `position_type` varchar(25) DEFAULT NULL,
  `job_usage` varchar(25) DEFAULT NULL,
  `group_hr_job_id` int(25) DEFAULT NULL,
  `functional_area` varchar(50) DEFAULT NULL,
  `country` varchar(50) DEFAULT NULL,
  `job_level` int(4) DEFAULT NULL,
  `status` varchar(20) DEFAULT NULL,
  `job_details` text,
  `primary_responsibility` text,
  `created_by` int(12) NOT NULL,
  `creation_date` datetime DEFAULT NULL,
  `last_update_by` int(12) NOT NULL,
  `last_update_date` datetime DEFAULT NULL
) ENGINE=InnoDB DEFAULT CHARSET=latin1;

-- --------------------------------------------------------

--
-- Table structure for table `am_activity_reference`
--

CREATE TABLE `am_activity_reference` (
  `am_activity_reference_id` int(10) UNSIGNED NOT NULL,
  `am_asset_id` int(12) NOT NULL,
  `activity_item_id_m` int(12) NOT NULL,
  `priority` int(14) DEFAULT NULL,
  `start_date` date DEFAULT NULL,
  `end_date` date DEFAULT NULL,
  `description` varchar(256) DEFAULT NULL,
  `activity_cause` varchar(25) DEFAULT NULL,
  `activity_type` varchar(25) DEFAULT NULL,
  `accounting_class_id` int(12) DEFAULT NULL,
  `owning_department_id` int(12) DEFAULT NULL,
  `shutdown_type` varchar(25) DEFAULT NULL,
  `activity_source` varchar(25) DEFAULT NULL,
  `created_by` int(12) NOT NULL,
  `creation_date` datetime DEFAULT NULL,
  `last_update_by` int(12) NOT NULL,
  `last_update_date` datetime DEFAULT NULL
) ENGINE=InnoDB DEFAULT CHARSET=latin1;

-- --------------------------------------------------------

--
-- Table structure for table `am_asset`
--

CREATE TABLE `am_asset` (
  `am_asset_id` int(10) UNSIGNED NOT NULL,
  `asset_number` varchar(50) NOT NULL,
  `type` varchar(25) NOT NULL,
  `tag_number` varchar(50) DEFAULT NULL,
  `serial_number` varchar(30) DEFAULT NULL,
  `owning_department_id` int(12) DEFAULT NULL,
  `owning_employee_id` int(12) DEFAULT NULL,
  `description` varchar(256) DEFAULT NULL,
  `status` varchar(25) DEFAULT NULL,
  `am_asset_category_id` int(12) NOT NULL,
  `wip_accounting_group_id` int(12) DEFAULT NULL,
  `parent_asset_id` int(12) DEFAULT NULL,
  `manufacturer` varchar(30) DEFAULT NULL,
  `org_id` int(12) DEFAULT NULL,
  `item_id_m` int(12) DEFAULT NULL,
  `model_number` varchar(30) DEFAULT NULL,
  `warranty_number` varchar(30) DEFAULT NULL,
  `warranty_exp_date` date DEFAULT NULL,
  `maintainable_cb` tinyint(1) DEFAULT NULL,
  `subinventory_id` int(12) DEFAULT NULL,
  `locator_id` int(12) DEFAULT NULL,
  `equipment_item_id_m` int(12) DEFAULT NULL,
  `address_id` int(12) DEFAULT NULL,
  `fa_asset_id` int(12) DEFAULT NULL,
  `production_org_id` int(12) DEFAULT NULL,
  `created_by` int(12) NOT NULL,
  `creation_date` datetime DEFAULT NULL,
  `last_update_by` int(12) NOT NULL,
  `last_update_date` datetime DEFAULT NULL
) ENGINE=InnoDB DEFAULT CHARSET=latin1;

-- --------------------------------------------------------

--
-- Table structure for table `am_maintenance_schedule`
--

CREATE TABLE `am_maintenance_schedule` (
  `am_maintenance_schedule_id` int(10) UNSIGNED NOT NULL,
  `schedule_name` varchar(25) NOT NULL,
  `schedule_number` int(12) DEFAULT NULL,
  `item_id_m` int(12) DEFAULT NULL,
  `am_asset_id` int(12) DEFAULT NULL,
  `effective_end_date` date DEFAULT NULL,
  `effective_start_date` date DEFAULT NULL,
  `wo_status` varchar(25) DEFAULT NULL,
  `description` varchar(256) DEFAULT NULL,
  `intervals_per_cycle` decimal(15,5) DEFAULT NULL,
  `create_wo_cb` tinyint(1) DEFAULT NULL,
  `current_cycle` decimal(1,0) DEFAULT NULL,
  `current_cycle_interval` decimal(20,5) DEFAULT NULL,
  `schedule_basis` varchar(25) DEFAULT NULL,
  `schedule_basis_date` date DEFAULT NULL,
  `schedule_method` varchar(25) DEFAULT NULL,
  `reschedule_wo_cb` tinyint(1) DEFAULT NULL,
  `org_id` int(12) DEFAULT NULL,
  `address_id` int(12) DEFAULT NULL,
  `status` varchar(20) DEFAULT NULL,
  `created_by` int(12) NOT NULL,
  `creation_date` datetime DEFAULT NULL,
  `last_update_by` int(12) NOT NULL,
  `last_update_date` datetime DEFAULT NULL
) ENGINE=InnoDB DEFAULT CHARSET=latin1;

-- --------------------------------------------------------

--
-- Table structure for table `am_meter`
--

CREATE TABLE `am_meter` (
  `am_meter_id` int(12) UNSIGNED NOT NULL,
  `org_id` int(12) NOT NULL,
  `name` varchar(50) NOT NULL,
  `type` varchar(25) DEFAULT NULL,
  `uom_id` int(12) DEFAULT NULL,
  `from_date` date DEFAULT NULL,
  `to_date` date DEFAULT NULL,
  `description` varchar(256) DEFAULT NULL,
  `value_change` varchar(25) NOT NULL,
  `initial_reading` decimal(15,5) DEFAULT NULL,
  `initial_reading_date` date DEFAULT NULL,
  `rate_per_day` date DEFAULT NULL,
  `no_of_past_readings` decimal(10,5) DEFAULT NULL,
  `created_by` int(12) NOT NULL,
  `creation_date` datetime DEFAULT NULL,
  `last_update_by` int(12) NOT NULL,
  `last_update_date` datetime DEFAULT NULL
) ENGINE=InnoDB DEFAULT CHARSET=latin1;

--
-- Dumping data for table `am_meter`
--

INSERT INTO `am_meter` (`am_meter_id`, `org_id`, `name`, `type`, `uom_id`, `from_date`, `to_date`, `description`, `value_change`, `initial_reading`, `initial_reading_date`, `rate_per_day`, `no_of_past_readings`, `created_by`, `creation_date`, `last_update_by`, `last_update_date`) VALUES
(1, 6, 'MI_MET01', 'ABSOLUTE', 26, '2015-03-09', NULL, 'MI Meter 01', 'ASCENDING', NULL, NULL, '0000-00-00', '1.00000', 34, '2015-03-20 05:50:40', 34, '2015-03-26 13:51:27');

-- --------------------------------------------------------

--
-- Table structure for table `am_ms_activity_reference`
--

CREATE TABLE `am_ms_activity_reference` (
  `am_ms_activity_reference_id` int(12) UNSIGNED NOT NULL,
  `am_maintenance_schedule_id` int(12) NOT NULL,
  `activity_item_id_m` int(12) NOT NULL,
  `last_date` date DEFAULT NULL,
  `start_date` date DEFAULT NULL,
  `end_date` date DEFAULT NULL,
  `description` varchar(256) DEFAULT NULL,
  `interval_multiple` decimal(15,5) DEFAULT NULL,
  `repeat_in_cycle_cb` tinyint(1) DEFAULT NULL,
  `last_cb` tinyint(1) DEFAULT NULL,
  `created_by` int(12) NOT NULL,
  `creation_date` datetime DEFAULT NULL,
  `last_update_by` int(12) NOT NULL,
  `last_update_date` datetime DEFAULT NULL
) ENGINE=InnoDB DEFAULT CHARSET=latin1;

-- --------------------------------------------------------

--
-- Table structure for table `am_ms_calendar_date`
--

CREATE TABLE `am_ms_calendar_date` (
  `am_ms_calendar_date_id` int(12) UNSIGNED NOT NULL,
  `am_maintenance_schedule_id` int(12) NOT NULL,
  `date` date DEFAULT NULL,
  `description` varchar(256) DEFAULT NULL,
  `created_by` int(12) NOT NULL,
  `creation_date` datetime DEFAULT NULL,
  `last_update_by` int(12) NOT NULL,
  `last_update_date` datetime DEFAULT NULL
) ENGINE=InnoDB DEFAULT CHARSET=latin1;

--
-- Dumping data for table `am_ms_calendar_date`
--

INSERT INTO `am_ms_calendar_date` (`am_ms_calendar_date_id`, `am_maintenance_schedule_id`, `date`, `description`, `created_by`, `creation_date`, `last_update_by`, `last_update_date`) VALUES
(6, 3, '2015-04-11', NULL, 34, '2015-03-25 07:40:23', 34, '2015-03-25 07:40:23'),
(7, 3, '2015-03-11', NULL, 34, '2015-03-25 07:40:23', 34, '2015-03-25 07:40:23'),
(8, 3, '2015-05-11', NULL, 34, '2015-03-25 07:40:24', 34, '2015-03-25 07:40:24');

-- --------------------------------------------------------

--
-- Table structure for table `am_ms_date_rule`
--

CREATE TABLE `am_ms_date_rule` (
  `am_ms_date_rule_id` int(12) UNSIGNED NOT NULL,
  `am_maintenance_schedule_id` int(12) NOT NULL,
  `base_interval_days` decimal(15,5) DEFAULT NULL,
  `cycle_interval_days` decimal(15,5) DEFAULT NULL,
  `from_date` date DEFAULT NULL,
  `to_date` date DEFAULT NULL,
  `description` varchar(256) DEFAULT NULL,
  `created_by` int(12) NOT NULL,
  `creation_date` datetime DEFAULT NULL,
  `last_update_by` int(12) NOT NULL,
  `last_update_date` datetime DEFAULT NULL
) ENGINE=InnoDB DEFAULT CHARSET=latin1;

--
-- Dumping data for table `am_ms_date_rule`
--

INSERT INTO `am_ms_date_rule` (`am_ms_date_rule_id`, `am_maintenance_schedule_id`, `base_interval_days`, `cycle_interval_days`, `from_date`, `to_date`, `description`, `created_by`, `creation_date`, `last_update_by`, `last_update_date`) VALUES
(2, 2, '20.00000', '240.00000', '2016-01-01', NULL, NULL, 34, '2015-03-18 10:49:09', 34, '2015-03-18 10:49:09'),
(3, 1, '30.00000', '360.00000', NULL, NULL, NULL, 34, '2015-03-25 17:57:53', 34, '2015-03-25 17:57:53');

-- --------------------------------------------------------

--
-- Table structure for table `am_ms_meter_rule`
--

CREATE TABLE `am_ms_meter_rule` (
  `am_ms_meter_rule_id` int(12) UNSIGNED NOT NULL,
  `am_maintenance_schedule_id` int(12) NOT NULL,
  `am_meter_id` int(12) DEFAULT NULL,
  `from_date` date DEFAULT NULL,
  `to_date` date DEFAULT NULL,
  `base_interval` decimal(15,5) DEFAULT NULL,
  `cycle_interval` decimal(15,5) DEFAULT NULL,
  `last_reading` decimal(15,5) DEFAULT NULL,
  `created_by` int(12) NOT NULL,
  `creation_date` datetime DEFAULT NULL,
  `last_update_by` int(12) NOT NULL,
  `last_update_date` datetime DEFAULT NULL
) ENGINE=InnoDB DEFAULT CHARSET=latin1;

--
-- Dumping data for table `am_ms_meter_rule`
--

INSERT INTO `am_ms_meter_rule` (`am_ms_meter_rule_id`, `am_maintenance_schedule_id`, `am_meter_id`, `from_date`, `to_date`, `base_interval`, `cycle_interval`, `last_reading`, `created_by`, `creation_date`, `last_update_by`, `last_update_date`) VALUES
(1, 2, 1, NULL, NULL, '10.00000', '120.00000', NULL, 34, '2015-03-20 13:43:55', 34, '2015-03-20 13:43:55'),
(3, 1, 1, NULL, NULL, '12.00000', '720.00000', NULL, 34, '2015-03-20 15:53:37', 34, '2015-03-20 15:53:37');

-- --------------------------------------------------------

--
-- Table structure for table `am_planned_wo`
--

CREATE TABLE `am_planned_wo` (
  `am_wo_header_id` int(12) NOT NULL,
  `am_asset_id` int(12) NOT NULL,
  `activity_item_id_m` int(12) NOT NULL,
  `wo_number` varchar(50) DEFAULT NULL,
  `parent_wo_id` int(12) DEFAULT NULL,
  `org_id` int(12) NOT NULL,
  `wip_accounting_group_id` int(12) NOT NULL,
  `wo_type` varchar(25) DEFAULT NULL,
  `wo_status` varchar(50) DEFAULT NULL,
  `start_date` date NOT NULL,
  `completion_date` date DEFAULT NULL,
  `quantity` decimal(20,5) DEFAULT NULL,
  `reference_bom_item_id_m` int(12) DEFAULT NULL,
  `bom_exploded_cb` tinyint(1) DEFAULT NULL,
  `routing_exploded_cb` tinyint(1) DEFAULT NULL,
  `reference_routing_item_id_m` int(12) DEFAULT NULL,
  `department_id` int(12) DEFAULT NULL,
  `shutdown_type` varchar(25) DEFAULT NULL,
  `failure_type` varchar(25) DEFAULT NULL,
  `failure_cause` varchar(25) DEFAULT NULL,
  `released_date` date DEFAULT NULL,
  `failure_resolution` varchar(25) DEFAULT NULL,
  `suggested_start_date` date DEFAULT NULL,
  `schedule_group` varchar(20) DEFAULT NULL,
  `build_sequence` int(12) DEFAULT NULL,
  `line` varchar(20) DEFAULT NULL,
  `scheduling_priority` int(12) DEFAULT NULL,
  `closed_date` date DEFAULT NULL,
  `suggested_end_date` decimal(10,0) DEFAULT NULL,
  `created_by` int(12) NOT NULL,
  `creation_date` datetime NOT NULL,
  `last_update_by` int(12) NOT NULL,
  `last_update_date` datetime NOT NULL
) ENGINE=InnoDB DEFAULT CHARSET=latin1;

-- --------------------------------------------------------

--
-- Table structure for table `am_wo_bom`
--

CREATE TABLE `am_wo_bom` (
  `am_wo_bom_id` int(12) UNSIGNED NOT NULL,
  `am_wo_header_id` int(12) UNSIGNED NOT NULL,
  `bom_sequence` int(10) UNSIGNED NOT NULL,
  `routing_sequence` int(12) DEFAULT NULL,
  `component_item_id_m` int(12) NOT NULL,
  `component_revision` varchar(10) DEFAULT NULL,
  `usage_basis` varchar(50) DEFAULT NULL,
  `usage_quantity` decimal(15,5) NOT NULL,
  `auto_request_material_cb` tinyint(1) DEFAULT NULL,
  `effective_start_date` date DEFAULT NULL,
  `effective_end_date` date DEFAULT NULL,
  `eco_number` varchar(50) DEFAULT NULL,
  `eco_implemented_cb` tinyint(1) DEFAULT NULL,
  `planning_percentage` decimal(6,2) DEFAULT NULL,
  `yield` decimal(6,6) DEFAULT NULL,
  `include_in_cost_rollup_cb` tinyint(1) DEFAULT NULL,
  `wip_supply_type` varchar(50) DEFAULT NULL,
  `supply_sub_inventory` int(12) DEFAULT NULL,
  `supply_locator` int(12) DEFAULT NULL,
  `required_quantity` int(12) DEFAULT NULL,
  `issued_quantity` int(12) DEFAULT NULL,
  `ef_id` int(12) DEFAULT NULL,
  `created_by` int(12) NOT NULL,
  `creation_date` datetime NOT NULL,
  `last_update_by` int(12) NOT NULL,
  `last_update_date` datetime NOT NULL
) ENGINE=InnoDB DEFAULT CHARSET=latin1;

-- --------------------------------------------------------

--
-- Table structure for table `am_wo_header`
--

CREATE TABLE `am_wo_header` (
  `am_wo_header_id` int(12) NOT NULL,
  `am_asset_id` int(12) NOT NULL,
  `activity_item_id_m` int(12) NOT NULL,
  `wo_number` varchar(50) DEFAULT NULL,
  `parent_wo_id` int(12) DEFAULT NULL,
  `org_id` int(12) NOT NULL,
  `wip_accounting_group_id` int(12) NOT NULL,
  `wo_type` varchar(25) DEFAULT NULL,
  `wo_status` varchar(50) DEFAULT NULL,
  `cycle` int(5) DEFAULT NULL,
  `cycle_interval` int(5) DEFAULT NULL,
  `start_date` date NOT NULL,
  `completion_date` date DEFAULT NULL,
  `quantity` decimal(20,5) DEFAULT NULL,
  `reference_bom_item_id_m` int(12) DEFAULT NULL,
  `bom_exploded_cb` tinyint(1) DEFAULT NULL,
  `routing_exploded_cb` tinyint(1) DEFAULT NULL,
  `reference_routing_item_id_m` int(12) DEFAULT NULL,
  `department_id` int(12) DEFAULT NULL,
  `shutdown_type` varchar(25) DEFAULT NULL,
  `failure_type` varchar(25) DEFAULT NULL,
  `failure_cause` varchar(25) DEFAULT NULL,
  `released_date` date DEFAULT NULL,
  `failure_resolution` varchar(25) DEFAULT NULL,
  `suggested_start_date` date DEFAULT NULL,
  `schedule_group` varchar(20) DEFAULT NULL,
  `build_sequence` int(12) DEFAULT NULL,
  `line` varchar(20) DEFAULT NULL,
  `scheduling_priority` int(12) DEFAULT NULL,
  `closed_date` date DEFAULT NULL,
  `suggested_end_date` decimal(10,0) DEFAULT NULL,
  `am_maintenance_schedule_id` int(12) DEFAULT NULL,
  `created_by` int(12) NOT NULL,
  `creation_date` datetime NOT NULL,
  `last_update_by` int(12) NOT NULL,
  `last_update_date` datetime NOT NULL
) ENGINE=InnoDB DEFAULT CHARSET=latin1;

-- --------------------------------------------------------

--
-- Table structure for table `am_wo_routing_detail`
--

CREATE TABLE `am_wo_routing_detail` (
  `am_wo_routing_detail_id` int(12) NOT NULL,
  `am_wo_routing_line_id` int(12) NOT NULL,
  `am_wo_header_id` int(12) NOT NULL,
  `resource_sequence` int(12) NOT NULL,
  `charge_basis` varchar(50) DEFAULT NULL,
  `resource_id` int(12) NOT NULL,
  `resource_usage` varchar(20) DEFAULT NULL,
  `resource_schedule` varchar(20) DEFAULT NULL,
  `assigned_units` int(12) DEFAULT NULL,
  `required_quantity` decimal(20,5) DEFAULT NULL,
  `applied_quantity` decimal(20,5) DEFAULT NULL,
  `charge_type` varchar(50) DEFAULT NULL,
  `standard_rate_cb` tinyint(1) DEFAULT NULL,
  `created_by` int(12) NOT NULL,
  `creation_date` datetime NOT NULL,
  `last_update_by` int(12) NOT NULL,
  `last_update_date` datetime NOT NULL
) ENGINE=InnoDB DEFAULT CHARSET=latin1;

-- --------------------------------------------------------

--
-- Table structure for table `am_wo_routing_line`
--

CREATE TABLE `am_wo_routing_line` (
  `am_wo_routing_line_id` int(12) NOT NULL,
  `am_wo_header_id` int(12) NOT NULL,
  `routing_sequence` int(12) NOT NULL DEFAULT '1',
  `standard_operation_id` int(12) DEFAULT NULL,
  `department_id` int(12) DEFAULT NULL,
  `description` varchar(256) DEFAULT NULL,
  `start_date` date DEFAULT NULL,
  `count_point_cb` tinyint(1) DEFAULT NULL,
  `auto_charge_cb` tinyint(1) DEFAULT NULL,
  `completion_date` date DEFAULT NULL,
  `queue_quantity` int(12) DEFAULT NULL,
  `running_quantity` int(12) DEFAULT NULL,
  `rejected_quantity` int(12) DEFAULT NULL,
  `backflush_cb` tinyint(1) DEFAULT NULL,
  `yield` decimal(6,6) DEFAULT NULL,
  `scrapped_quantity` int(12) DEFAULT NULL,
  `minimum_transfer_quantity` int(12) DEFAULT NULL,
  `tomove_quantity` int(12) DEFAULT NULL,
  `completed_quantity` int(12) DEFAULT NULL,
  `progress_percentage` int(12) DEFAULT NULL,
  `created_by` int(12) NOT NULL,
  `creation_date` datetime NOT NULL,
  `last_update_by` int(12) NOT NULL,
  `last_update_date` datetime NOT NULL
) ENGINE=InnoDB DEFAULT CHARSET=latin1;

-- --------------------------------------------------------

--
-- Stand-in structure for view `ap_import_claim_v`
--
CREATE TABLE `ap_import_claim_v` (
`claim_number` varchar(25)
,`hr_expense_header_id` int(12) unsigned
,`bu_org_id` int(12)
,`hr_employee_id` int(12)
,`claim_date` date
,`status` varchar(25)
,`purpose` varchar(255)
,`doc_currency` varchar(25)
,`department_id` int(12)
,`reason` varchar(256)
,`currency` varchar(20)
,`exchange_rate_type` varchar(25)
,`exchange_rate` decimal(15,5)
,`header_amount` decimal(20,5)
,`supplier_id` int(12)
,`first_name` varchar(50)
,`last_name` varchar(50)
,`identification_id` varchar(50)
);

-- --------------------------------------------------------

--
-- Table structure for table `ap_payable_control`
--

CREATE TABLE `ap_payable_control` (
  `ap_payable_control_id` int(12) UNSIGNED NOT NULL,
  `org_id` int(12) NOT NULL,
  `payment_term_id` int(12) DEFAULT NULL,
  `ship_to_id` int(12) DEFAULT NULL,
  `bill_to_id` int(12) DEFAULT NULL,
  `inv_approval_hierarchy` varchar(25) DEFAULT NULL,
  `payment_approval_hierarchy` varchar(25) DEFAULT NULL,
  `tax_ac_id` int(12) DEFAULT NULL,
  `liability_ac_id` int(12) DEFAULT NULL,
  `pre_payment_ac_id` int(12) DEFAULT NULL,
  `discount_ac_id` int(12) DEFAULT NULL,
  `rate_gain_ac_id` int(12) DEFAULT NULL,
  `rate_loss_ac_id` int(12) DEFAULT NULL,
  `cash_ac_id` int(12) DEFAULT NULL,
  `default_exchange_rate_type` int(12) DEFAULT NULL,
  `expense_payment_term` int(12) DEFAULT NULL,
  `expense_pay_group` varchar(25) DEFAULT NULL,
  `expense_payment_priority` int(12) DEFAULT NULL,
  `expense_template_id` int(12) DEFAULT NULL,
  `created_by` int(12) NOT NULL,
  `creation_date` datetime DEFAULT NULL,
  `last_update_by` int(12) NOT NULL,
  `last_update_date` datetime DEFAULT NULL
) ENGINE=InnoDB DEFAULT CHARSET=latin1;

-- --------------------------------------------------------

--
-- Stand-in structure for view `ap_payment_all_v`
--
CREATE TABLE `ap_payment_all_v` (
`ap_payment_header_id` int(12)
,`bu_org_id` int(12)
,`payment_type` varchar(25)
,`payment_number` varchar(25)
,`supplier_id` int(12)
,`supplier_site_id` int(12)
,`from_bank_header_id` int(12)
,`header_amount` decimal(20,5)
,`currency` varchar(256)
,`document_number` varchar(50)
,`payment_status` varchar(25)
,`gl_journal_header_id` int(12)
,`ap_payment_line_id` int(12)
,`line_number` int(12)
,`amount` decimal(20,5)
,`line_description` varchar(256)
,`ap_transaction_header_id` int(12)
,`transaction_type` varchar(50)
,`transaction_number` varchar(50)
,`hr_employee_id` varchar(12)
,`apth_currency` varchar(256)
,`apth_header_amount` decimal(20,5)
,`transaction_status` varchar(25)
,`paid_amount` decimal(20,5)
,`apth_payment_status` varchar(25)
,`supplier_name` varchar(60)
,`supplier_number` int(12)
,`supplier_site_name` varchar(60)
,`supplier_site_number` int(12)
);

-- --------------------------------------------------------

--
-- Table structure for table `ap_payment_header`
--

CREATE TABLE `ap_payment_header` (
  `ap_payment_header_id` int(12) NOT NULL,
  `bu_org_id` int(12) NOT NULL,
  `payment_type` varchar(25) DEFAULT NULL,
  `payment_number` varchar(25) DEFAULT NULL,
  `supplier_id` int(12) NOT NULL,
  `supplier_site_id` int(12) NOT NULL,
  `from_bank_header_id` int(12) DEFAULT NULL,
  `description` varchar(256) DEFAULT NULL,
  `from_bank_line_id` int(12) DEFAULT NULL,
  `to_bank_header_id` int(12) DEFAULT NULL,
  `header_amount` decimal(20,5) DEFAULT NULL,
  `currency` varchar(256) NOT NULL,
  `doc_currency` varchar(25) DEFAULT NULL,
  `to_bank_line_id` int(12) DEFAULT NULL,
  `exchange_rate_type` varchar(50) DEFAULT NULL,
  `exchange_rate` decimal(20,5) DEFAULT NULL,
  `processing_method` varchar(25) DEFAULT NULL,
  `document_date` date DEFAULT NULL,
  `document_number` varchar(50) DEFAULT NULL,
  `ledger_id` int(12) DEFAULT NULL,
  `period_id` int(12) DEFAULT NULL,
  `pay_group` varchar(25) DEFAULT NULL,
  `payment_method` varchar(25) DEFAULT NULL,
  `approval_status` varchar(25) DEFAULT NULL,
  `payment_status` varchar(25) DEFAULT NULL,
  `reference_type` varchar(25) DEFAULT NULL,
  `reference_key_name` varchar(25) DEFAULT NULL,
  `reference_key_value` varchar(25) DEFAULT NULL,
  `gl_journal_header_id` int(12) DEFAULT NULL,
  `created_by` int(12) NOT NULL,
  `creation_date` datetime DEFAULT NULL,
  `last_update_by` int(12) NOT NULL,
  `last_update_date` datetime DEFAULT NULL
) ENGINE=InnoDB DEFAULT CHARSET=latin1;

-- --------------------------------------------------------

--
-- Table structure for table `ap_payment_interface`
--

CREATE TABLE `ap_payment_interface` (
  `ap_payment_interface_id` int(12) NOT NULL,
  `ap_transaction_header_id` int(12) NOT NULL,
  `bu_org_id` int(12) NOT NULL,
  `payment_type` varchar(25) DEFAULT NULL,
  `supplier_id` int(12) NOT NULL,
  `supplier_site_id` int(12) NOT NULL,
  `from_bank_header_id` int(12) DEFAULT NULL,
  `description` varchar(256) DEFAULT NULL,
  `from_bank_line_id` int(12) DEFAULT NULL,
  `to_bank_header_id` int(12) DEFAULT NULL,
  `amount` decimal(20,5) DEFAULT NULL,
  `currency` varchar(256) NOT NULL,
  `document_currency` varchar(25) DEFAULT NULL,
  `to_bank_line_id` int(12) DEFAULT NULL,
  `exchange_rate_type` varchar(50) DEFAULT NULL,
  `exchange_rate` decimal(20,5) DEFAULT NULL,
  `ef_id` int(12) DEFAULT NULL,
  `document_date` date DEFAULT NULL,
  `document_number` varchar(50) DEFAULT NULL,
  `ledger_id` int(12) DEFAULT NULL,
  `period_id` int(12) DEFAULT NULL,
  `pay_group` varchar(25) DEFAULT NULL,
  `payment_method` varchar(25) DEFAULT NULL,
  `approval_status` varchar(25) DEFAULT NULL,
  `payment_status` varchar(25) DEFAULT NULL,
  `reference_type` varchar(25) DEFAULT NULL,
  `reference_key_name` varchar(25) DEFAULT NULL,
  `reference_key_value` varchar(25) DEFAULT NULL,
  `gl_journal_header_id` int(12) DEFAULT NULL,
  `created_by` int(12) NOT NULL,
  `creation_date` datetime DEFAULT NULL,
  `last_update_by` int(12) NOT NULL,
  `last_update_date` datetime DEFAULT NULL
) ENGINE=InnoDB DEFAULT CHARSET=latin1;

-- --------------------------------------------------------

--
-- Table structure for table `ap_payment_line`
--

CREATE TABLE `ap_payment_line` (
  `ap_payment_line_id` int(12) NOT NULL,
  `ap_payment_header_id` int(12) NOT NULL,
  `ap_transaction_header_id` int(12) NOT NULL,
  `line_number` int(12) NOT NULL,
  `amount` decimal(20,5) DEFAULT NULL,
  `line_description` varchar(256) DEFAULT NULL,
  `gl_amount` decimal(15,5) DEFAULT NULL,
  `exchange_rate` decimal(15,5) DEFAULT NULL,
  `status` varchar(50) DEFAULT NULL,
  `line_source` varchar(25) DEFAULT NULL,
  `reference_type` varchar(25) DEFAULT NULL,
  `reference_key_name` varchar(25) DEFAULT NULL,
  `reference_key_value` varchar(25) DEFAULT NULL,
  `period_id` int(12) DEFAULT NULL,
  `created_by` int(12) NOT NULL,
  `creation_date` datetime DEFAULT NULL,
  `last_update_by` int(12) NOT NULL,
  `last_update_date` datetime DEFAULT NULL
) ENGINE=InnoDB DEFAULT CHARSET=latin1;

-- --------------------------------------------------------

--
-- Table structure for table `ap_payment_process`
--

CREATE TABLE `ap_payment_process` (
  `ap_payment_process_id` int(12) NOT NULL,
  `payment_process` varchar(50) NOT NULL,
  `payment_type` varchar(25) NOT NULL,
  `cash_ac_id` int(12) NOT NULL,
  `bu_org_id` int(12) NOT NULL,
  `description` varchar(256) DEFAULT NULL,
  `format_class_name` varchar(100) DEFAULT NULL,
  `format_method_name` varchar(100) DEFAULT NULL,
  `bank_account_id` int(12) DEFAULT NULL,
  `sync_payment_number_cb` tinyint(1) DEFAULT NULL,
  `status` char(20) DEFAULT NULL,
  `created_by` int(12) NOT NULL,
  `creation_date` datetime DEFAULT NULL,
  `last_update_by` int(12) NOT NULL,
  `last_update_date` datetime DEFAULT NULL
) ENGINE=InnoDB DEFAULT CHARSET=latin1;

-- --------------------------------------------------------

--
-- Table structure for table `ap_payment_terms`
--

CREATE TABLE `ap_payment_terms` (
  `term_id` int(12) NOT NULL,
  `term_name` varchar(12) DEFAULT NULL,
  `term_description` varchar(50) NOT NULL,
  `end_date` date NOT NULL
) ENGINE=InnoDB DEFAULT CHARSET=latin1;

--
-- Dumping data for table `ap_payment_terms`
--

INSERT INTO `ap_payment_terms` (`term_id`, `term_name`, `term_description`, `end_date`) VALUES
(1, 'NET 30', 'Payment in 30 dates', '0000-00-00'),
(2, 'NET 45', 'Payment in 45 days', '0000-00-00'),
(3, 'Immediate', 'Payment due Immediately', '0000-00-00');

-- --------------------------------------------------------

--
-- Stand-in structure for view `ap_payment_trnx_v`
--
CREATE TABLE `ap_payment_trnx_v` (
`ap_transaction_header_id` int(12)
,`bu_org_id` int(12)
,`transaction_type` varchar(50)
,`transaction_number` varchar(50)
,`supplier_id` int(12)
,`supplier_site_id` int(12)
,`exchange_rate` decimal(20,5)
,`hr_employee_id` varchar(12)
,`currency` varchar(256)
,`header_amount` decimal(20,5)
,`transaction_status` varchar(25)
,`payment_term_id` int(12)
,`paid_amount` decimal(20,5)
,`payment_status` varchar(25)
,`ledger_id` int(12)
,`period_id` int(12)
,`supplier_name` varchar(60)
,`supplier_number` int(12)
,`supplier_site_name` varchar(60)
,`supplier_site_number` int(12)
,`po_number` varchar(20)
,`po_type` varchar(20)
,`buyer` varchar(50)
,`payment_term` varchar(50)
,`description` varchar(256)
,`ap_transaction_line_id` int(12)
,`line_type` varchar(50)
,`line_number` int(12)
,`item_id_m` int(12)
,`item_description` varchar(256)
,`line_description` varchar(256)
,`inv_line_quantity` decimal(20,5)
,`inv_unit_price` decimal(20,5)
,`inv_line_price` decimal(20,5)
,`gl_inv_line_price` decimal(15,5)
,`po_header_id` int(12)
,`po_line_id` int(12)
,`po_detail_id` int(12)
,`ref_transaction_header_id` int(12)
,`ref_transaction_line_id` int(12)
,`item_number` varchar(50)
,`uom_id` int(12)
,`item_status` varchar(15)
,`created_by` int(12)
,`creation_date` datetime
,`last_update_by` int(12)
,`last_update_date` datetime
);

-- --------------------------------------------------------

--
-- Stand-in structure for view `ap_po_matching_v`
--
CREATE TABLE `ap_po_matching_v` (
`po_header_id` int(12)
,`bu_org_id` int(12)
,`po_type` varchar(20)
,`po_number` varchar(20)
,`supplier_id` int(12)
,`supplier_site_id` int(12)
,`buyer` varchar(50)
,`currency` varchar(5)
,`doc_currency` varchar(5)
,`header_amount` decimal(20,5)
,`po_status` varchar(20)
,`payment_term_id` int(12)
,`supplier_name` varchar(60)
,`supplier_number` int(12)
,`supplier_site_name` varchar(60)
,`supplier_site_number` int(12)
,`payment_term` varchar(50)
,`payment_term_description` varchar(256)
,`po_line_id` int(12)
,`line_type` varchar(50)
,`po_line_number` int(12)
,`item_id_m` int(12)
,`item_description` varchar(256)
,`line_description` varchar(256)
,`line_quantity` decimal(20,5)
,`unit_price` decimal(20,5)
,`line_price` decimal(20,5)
,`gl_line_price` decimal(15,5)
,`gl_tax_amount` decimal(15,5)
,`tax_amount` decimal(20,5)
,`item_number` varchar(50)
,`uom_id` int(12)
,`item_status` varchar(15)
,`po_detail_id` int(12)
,`shipment_number` int(12)
,`receving_org_id` int(12)
,`subinventory_id` int(12)
,`locator_id` int(12)
,`requestor` varchar(256)
,`quantity` decimal(20,5)
,`received_quantity` bigint(12)
,`receiving_open_quantity` decimal(21,5)
,`need_by_date` date
,`promise_date` date
,`accepted_quantity` int(12)
,`delivered_quantity` int(12)
,`invoiced_quantity` int(12)
,`paid_quantity` int(12)
,`invoicing_open_quantity` decimal(21,5)
,`charge_ac_id` int(12)
,`accrual_ac_id` int(12)
,`budget_ac_id` int(12)
,`ppv_ac_id` int(12)
,`receving_org` varchar(50)
,`created_by` int(12)
,`creation_date` datetime
,`last_update_by` int(12)
,`last_update_date` datetime
);

-- --------------------------------------------------------

--
-- Stand-in structure for view `ap_transaction_all_v`
--
CREATE TABLE `ap_transaction_all_v` (
`ap_transaction_header_id` int(12)
,`bu_org_id` int(12)
,`transaction_type` varchar(50)
,`transaction_number` varchar(50)
,`supplier_id` int(12)
,`supplier_site_id` int(12)
,`hr_employee_id` varchar(12)
,`currency` varchar(256)
,`header_amount` decimal(20,5)
,`transaction_status` varchar(25)
,`payment_term_id` int(12)
,`paid_amount` decimal(20,5)
,`payment_status` varchar(25)
,`supplier_name` varchar(60)
,`supplier_number` int(12)
,`supplier_site_name` varchar(60)
,`supplier_site_number` int(12)
,`po_number` varchar(20)
,`po_type` varchar(20)
,`buyer` varchar(50)
,`payment_term` varchar(50)
,`payment_term_description` varchar(256)
,`ap_transaction_line_id` int(12)
,`line_type` varchar(50)
,`line_number` int(12)
,`item_id_m` int(12)
,`item_description` varchar(256)
,`line_description` varchar(256)
,`inv_line_quantity` decimal(20,5)
,`inv_unit_price` decimal(20,5)
,`inv_line_price` decimal(20,5)
,`po_header_id` int(12)
,`po_line_id` int(12)
,`po_detail_id` int(12)
,`ref_transaction_header_id` int(12)
,`ref_transaction_line_id` int(12)
,`item_number` varchar(50)
,`uom_id` int(12)
,`item_status` varchar(15)
,`ap_transaction_detail_id` int(12)
,`account_type` varchar(25)
,`detail_description` varchar(256)
,`amount` decimal(20,5)
,`detail_ac_id` int(12)
,`created_by` int(12)
,`creation_date` datetime
,`last_update_by` int(12)
,`last_update_date` datetime
);

-- --------------------------------------------------------

--
-- Table structure for table `ap_transaction_detail`
--

CREATE TABLE `ap_transaction_detail` (
  `ap_transaction_detail_id` int(12) NOT NULL,
  `ap_transaction_line_id` int(12) NOT NULL,
  `ap_transaction_header_id` int(12) NOT NULL,
  `detail_number` int(12) NOT NULL,
  `account_type` varchar(25) NOT NULL,
  `amount` decimal(20,5) DEFAULT NULL,
  `gl_amount` decimal(15,5) NOT NULL,
  `detail_ac_id` int(12) DEFAULT NULL,
  `journal_created_cb` tinyint(1) DEFAULT NULL,
  `status` varchar(50) DEFAULT NULL,
  `reference_type` varchar(25) DEFAULT NULL,
  `reference_key_name` varchar(25) DEFAULT NULL,
  `reference_key_value` varchar(25) DEFAULT NULL,
  `description` varchar(256) DEFAULT NULL,
  `po_header_id` int(12) DEFAULT NULL,
  `po_line_id` int(12) DEFAULT NULL,
  `po_detail_id` int(12) DEFAULT NULL,
  `period_id` int(12) DEFAULT NULL,
  `created_by` int(12) NOT NULL,
  `creation_date` datetime DEFAULT NULL,
  `last_update_by` int(12) NOT NULL,
  `last_update_date` datetime DEFAULT NULL
) ENGINE=InnoDB DEFAULT CHARSET=latin1;

-- --------------------------------------------------------

--
-- Table structure for table `ap_transaction_header`
--

CREATE TABLE `ap_transaction_header` (
  `ap_transaction_header_id` int(12) NOT NULL,
  `bu_org_id` int(12) NOT NULL,
  `transaction_type` varchar(50) NOT NULL,
  `transaction_number` varchar(50) DEFAULT NULL,
  `supplier_id` int(12) NOT NULL,
  `supplier_site_id` int(12) NOT NULL,
  `hr_employee_id` varchar(12) DEFAULT NULL,
  `description` varchar(256) DEFAULT NULL,
  `ship_to_id` int(12) DEFAULT NULL,
  `bill_to_id` int(12) DEFAULT NULL,
  `header_amount` decimal(20,5) DEFAULT NULL,
  `paid_amount` decimal(20,5) DEFAULT NULL,
  `pay_group` varchar(25) DEFAULT NULL,
  `payment_status` varchar(25) DEFAULT NULL,
  `payment_term_id` int(12) NOT NULL,
  `payment_term_date` date DEFAULT NULL,
  `payment_method` varchar(25) DEFAULT NULL,
  `tax_amount` decimal(20,5) DEFAULT NULL,
  `exchange_rate_type` varchar(50) DEFAULT NULL,
  `exchange_rate` decimal(20,5) DEFAULT NULL,
  `ef_id` int(12) DEFAULT NULL,
  `doc_currency` varchar(25) DEFAULT NULL,
  `currency` varchar(256) NOT NULL,
  `transaction_status` varchar(25) DEFAULT NULL,
  `document_date` date DEFAULT NULL,
  `document_number` varchar(50) DEFAULT NULL,
  `ledger_id` int(12) DEFAULT NULL,
  `period_id` int(12) DEFAULT NULL,
  `approval_status` varchar(25) DEFAULT NULL,
  `reference_type` varchar(25) DEFAULT NULL,
  `reference_key_name` varchar(25) DEFAULT NULL,
  `reference_key_value` varchar(25) DEFAULT NULL,
  `po_header_id` int(12) DEFAULT NULL,
  `gl_journal_header_id` int(12) DEFAULT NULL,
  `ar_revenue_rule_header_id` int(12) DEFAULT NULL,
  `created_by` int(12) NOT NULL,
  `creation_date` datetime DEFAULT NULL,
  `last_update_by` int(12) NOT NULL,
  `last_update_date` datetime DEFAULT NULL
) ENGINE=InnoDB DEFAULT CHARSET=latin1;

-- --------------------------------------------------------

--
-- Table structure for table `ap_transaction_line`
--

CREATE TABLE `ap_transaction_line` (
  `ap_transaction_line_id` int(12) NOT NULL,
  `ap_transaction_header_id` int(12) NOT NULL,
  `line_number` int(12) NOT NULL,
  `item_id_m` int(12) DEFAULT NULL,
  `item_description` varchar(256) NOT NULL,
  `inv_line_quantity` decimal(20,5) DEFAULT NULL,
  `inv_unit_price` decimal(20,5) DEFAULT NULL,
  `inv_line_price` decimal(20,5) DEFAULT NULL,
  `tax_code_id` int(12) DEFAULT NULL,
  `tax_amount` decimal(20,5) DEFAULT NULL,
  `line_type` varchar(50) NOT NULL,
  `line_description` varchar(256) DEFAULT NULL,
  `asset_cb` tinyint(1) DEFAULT NULL,
  `fa_asset_category_id` int(12) DEFAULT NULL,
  `prj_project_header_id` int(12) DEFAULT NULL,
  `prj_project_line_id` int(12) DEFAULT NULL,
  `uom_id` int(12) DEFAULT NULL,
  `revenue_ac_id` int(12) DEFAULT NULL,
  `tax_ac_id` int(12) DEFAULT NULL,
  `gl_tax_amount` decimal(15,5) DEFAULT NULL,
  `gl_inv_line_price` decimal(15,5) DEFAULT NULL,
  `status` varchar(50) DEFAULT NULL,
  `line_source` varchar(25) DEFAULT NULL,
  `reference_type` varchar(25) DEFAULT NULL,
  `reference_key_name` varchar(25) DEFAULT NULL,
  `reference_key_value` varchar(25) DEFAULT NULL,
  `po_header_id` int(12) DEFAULT NULL,
  `po_line_id` int(12) DEFAULT NULL,
  `po_detail_id` int(12) DEFAULT NULL,
  `ref_transaction_header_id` int(12) DEFAULT NULL,
  `ref_transaction_line_id` int(12) DEFAULT NULL,
  `period_id` int(12) DEFAULT NULL,
  `created_by` int(12) NOT NULL,
  `creation_date` datetime DEFAULT NULL,
  `last_update_by` int(12) NOT NULL,
  `last_update_date` datetime DEFAULT NULL
) ENGINE=InnoDB DEFAULT CHARSET=latin1;

-- --------------------------------------------------------

--
-- Table structure for table `ar_customer`
--

CREATE TABLE `ar_customer` (
  `ar_customer_id` int(12) NOT NULL,
  `customer_number` varchar(25) NOT NULL,
  `customer_name` varchar(60) NOT NULL,
  `customer_relationship` varchar(25) DEFAULT NULL,
  `alt_name` varchar(50) CHARACTER SET utf8 COLLATE utf8_unicode_ci DEFAULT NULL,
  `supplier_id` int(12) DEFAULT NULL,
  `customer_type` varchar(50) DEFAULT NULL,
  `customer_category` varchar(25) DEFAULT NULL,
  `tax_country` varchar(40) DEFAULT NULL,
  `tax_reg_no` varchar(40) DEFAULT NULL,
  `tax_payer_id` varchar(40) DEFAULT NULL,
  `ship_to_id` int(12) DEFAULT NULL,
  `bill_to_id` int(12) DEFAULT NULL,
  `customer_contact_id` int(12) DEFAULT NULL,
  `customer_credit_class` int(12) DEFAULT NULL,
  `profile_name` varchar(25) DEFAULT NULL,
  `status` varchar(50) DEFAULT NULL,
  `rev_enabled_cb` tinyint(1) DEFAULT NULL,
  `rev_number` int(12) DEFAULT NULL,
  `created_by` int(12) NOT NULL,
  `creation_date` datetime DEFAULT NULL,
  `last_update_by` int(12) NOT NULL,
  `last_update_date` datetime DEFAULT NULL
) ENGINE=InnoDB DEFAULT CHARSET=latin1;

-- --------------------------------------------------------

--
-- Table structure for table `ar_customer_bu`
--

CREATE TABLE `ar_customer_bu` (
  `ar_customer_bu_id` int(12) NOT NULL,
  `ar_customer_id` int(12) NOT NULL,
  `org_id` int(12) NOT NULL,
  `status` varchar(12) DEFAULT NULL,
  `profile_id` int(12) DEFAULT NULL,
  `currency` varchar(12) DEFAULT NULL,
  `payment_term_id` int(12) DEFAULT NULL,
  `finance_profile_id` int(12) UNSIGNED DEFAULT NULL,
  `payment_method_id` int(12) DEFAULT NULL,
  `order_type_id` int(12) DEFAULT NULL,
  `price_list_id` int(12) DEFAULT NULL,
  `internal_org_id` int(12) DEFAULT NULL,
  `fob` varchar(50) DEFAULT NULL,
  `freight_terms` int(12) DEFAULT NULL,
  `transportation` varchar(50) DEFAULT NULL,
  `country_of_origin` varchar(50) DEFAULT NULL,
  `site_address_id` int(12) DEFAULT NULL,
  `site_contact_id` int(12) DEFAULT NULL,
  `customer_site_attachement_id` int(12) DEFAULT NULL,
  `ef_id` int(12) DEFAULT NULL,
  `bank_id` int(12) DEFAULT NULL,
  `bank_account_id` int(12) DEFAULT NULL,
  `receivable_ac_id` int(12) DEFAULT NULL,
  `revenue_ac_id` int(12) DEFAULT NULL,
  `tax_ac_id` int(12) DEFAULT NULL,
  `freight_ac_id` int(12) DEFAULT NULL,
  `clearing_ac_id` int(12) DEFAULT NULL,
  `unbilled_receivable_ac_id` int(12) DEFAULT NULL,
  `unearned_revenue_ac_id` int(12) DEFAULT NULL,
  `rev_enabled_cb` tinyint(1) DEFAULT NULL,
  `rev_number` int(12) DEFAULT NULL,
  `created_by` int(12) NOT NULL,
  `creation_date` datetime DEFAULT NULL,
  `last_update_by` int(12) NOT NULL,
  `last_update_date` datetime DEFAULT NULL
) ENGINE=InnoDB DEFAULT CHARSET=latin1;

-- --------------------------------------------------------

--
-- Table structure for table `ar_customer_relation`
--

CREATE TABLE `ar_customer_relation` (
  `ar_customer_relation_id` int(12) NOT NULL,
  `ar_customer_id` int(12) NOT NULL,
  `org_id` int(12) NOT NULL,
  `reciprocal_cb` tinyint(1) DEFAULT NULL,
  `bill_to_cb` tinyint(1) DEFAULT NULL,
  `ship_to_cb` tinyint(1) DEFAULT NULL,
  `created_by` int(12) NOT NULL,
  `creation_date` datetime DEFAULT NULL,
  `last_update_by` int(12) NOT NULL,
  `last_update_date` datetime DEFAULT NULL
) ENGINE=InnoDB DEFAULT CHARSET=latin1;

-- --------------------------------------------------------

--
-- Table structure for table `ar_customer_site`
--

CREATE TABLE `ar_customer_site` (
  `ar_customer_site_id` int(12) NOT NULL,
  `ar_customer_id` int(12) NOT NULL,
  `customer_site_number` int(12) NOT NULL,
  `customer_site_name` varchar(60) NOT NULL,
  `site_tax_country` varchar(256) DEFAULT NULL,
  `site_tax_reg_no` varchar(100) DEFAULT NULL,
  `site_tax_payer_id` varchar(100) DEFAULT NULL,
  `primary_cb` tinyint(1) DEFAULT NULL,
  `customer_site_ref` varchar(30) DEFAULT NULL,
  `customer_site_type` varchar(12) DEFAULT NULL,
  `status` varchar(12) DEFAULT NULL,
  `profile_id` int(12) DEFAULT NULL,
  `currency` varchar(12) DEFAULT NULL,
  `payment_term_id` int(12) DEFAULT NULL,
  `finance_profile_id` int(12) UNSIGNED DEFAULT NULL,
  `payment_method_id` int(12) DEFAULT NULL,
  `order_type_id` int(12) DEFAULT NULL,
  `price_list_id` int(12) DEFAULT NULL,
  `internal_org_id` int(12) DEFAULT NULL,
  `fob` varchar(50) DEFAULT NULL,
  `freight_terms` int(12) DEFAULT NULL,
  `transportation` varchar(50) DEFAULT NULL,
  `country_of_origin` varchar(50) DEFAULT NULL,
  `ship_to_id` int(12) DEFAULT NULL,
  `bill_to_id` int(12) DEFAULT NULL,
  `site_contact_id` int(12) DEFAULT NULL,
  `customer_site_attachement_id` int(12) DEFAULT NULL,
  `ar_sales_region_id` int(12) DEFAULT NULL,
  `bank_id` int(12) DEFAULT NULL,
  `bank_account_id` int(12) DEFAULT NULL,
  `rev_enabled_cb` tinyint(1) DEFAULT NULL,
  `rev_number` int(12) DEFAULT NULL,
  `created_by` int(12) NOT NULL,
  `creation_date` datetime DEFAULT NULL,
  `last_update_by` int(12) NOT NULL,
  `last_update_date` datetime DEFAULT NULL
) ENGINE=InnoDB DEFAULT CHARSET=latin1;

-- --------------------------------------------------------

--
-- Stand-in structure for view `ar_customer_v`
--
CREATE TABLE `ar_customer_v` (
`ar_customer_id` int(12)
,`customer_number` varchar(25)
,`customer_name` varchar(60)
,`ar_customer_site_id` int(12)
,`customer_site_number` int(12)
,`customer_site_name` varchar(60)
,`status` varchar(50)
,`creation_date` datetime
,`last_update_by` int(12)
,`last_update_date` datetime
,`site_tax_country` varchar(256)
,`site_tax_reg_no` varchar(100)
,`site_status` varchar(12)
,`currency` varchar(12)
,`payment_term_id` int(12)
);

-- --------------------------------------------------------

--
-- Table structure for table `ar_payment_process`
--

CREATE TABLE `ar_payment_process` (
  `ar_receipt_source_id` int(12) NOT NULL,
  `receipt_source` varchar(50) NOT NULL,
  `receipt_type` varchar(25) NOT NULL,
  `creation_method` varchar(25) NOT NULL,
  `bu_org_id` int(12) NOT NULL,
  `description` varchar(256) DEFAULT NULL,
  `remittance` varchar(25) DEFAULT NULL,
  `clearance` varchar(25) DEFAULT NULL,
  `bank_account_id` int(12) DEFAULT NULL,
  `sync_receipt_number_cb` tinyint(1) DEFAULT NULL,
  `status` enum('active','inactive','','') DEFAULT NULL,
  `created_by` int(12) NOT NULL,
  `creation_date` datetime DEFAULT NULL,
  `last_update_by` int(12) NOT NULL,
  `last_update_date` datetime DEFAULT NULL
) ENGINE=InnoDB DEFAULT CHARSET=latin1;

-- --------------------------------------------------------

--
-- Table structure for table `ar_receipt_header`
--

CREATE TABLE `ar_receipt_header` (
  `ar_receipt_header_id` int(12) NOT NULL,
  `bu_org_id` int(12) NOT NULL,
  `ar_receipt_source_id` int(12) NOT NULL,
  `receipt_type` varchar(25) DEFAULT NULL,
  `receipt_number` varchar(25) DEFAULT NULL,
  `ar_customer_id` int(12) DEFAULT NULL,
  `ar_customer_site_id` int(12) DEFAULT NULL,
  `from_bank_header_id` int(12) DEFAULT NULL,
  `description` varchar(256) DEFAULT NULL,
  `from_bank_line_id` int(12) DEFAULT NULL,
  `to_bank_header_id` int(12) DEFAULT NULL,
  `header_amount` decimal(15,5) DEFAULT NULL,
  `currency` varchar(256) NOT NULL,
  `doc_currency` varchar(25) DEFAULT NULL,
  `to_bank_line_id` int(12) DEFAULT NULL,
  `exchange_rate_type` varchar(50) DEFAULT NULL,
  `exchange_rate` decimal(20,5) DEFAULT NULL,
  `ef_id` int(12) DEFAULT NULL,
  `document_date` date DEFAULT NULL,
  `document_number` varchar(50) DEFAULT NULL,
  `ledger_id` int(12) DEFAULT NULL,
  `period_id` int(12) DEFAULT NULL,
  `pay_group` varchar(25) DEFAULT NULL,
  `receipt_method` varchar(25) DEFAULT NULL,
  `approval_status` varchar(25) DEFAULT NULL,
  `receipt_status` varchar(25) DEFAULT NULL,
  `reference_type` varchar(25) DEFAULT NULL,
  `reference_key_name` varchar(25) DEFAULT NULL,
  `reference_key_value` varchar(25) DEFAULT NULL,
  `gl_journal_header_id` int(12) DEFAULT NULL,
  `created_by` int(12) NOT NULL,
  `creation_date` datetime DEFAULT NULL,
  `last_update_by` int(12) NOT NULL,
  `last_update_date` datetime DEFAULT NULL
) ENGINE=InnoDB DEFAULT CHARSET=latin1;

-- --------------------------------------------------------

--
-- Table structure for table `ar_receipt_interface`
--

CREATE TABLE `ar_receipt_interface` (
  `ar_receipt_interface_id` int(12) NOT NULL,
  `ar_transaction_header_id` int(12) NOT NULL,
  `bu_org_id` int(12) NOT NULL,
  `receipt_type` varchar(25) DEFAULT NULL,
  `ar_customer_id` int(12) NOT NULL,
  `ar_customer_site_id` int(12) NOT NULL,
  `from_bank_header_id` int(12) DEFAULT NULL,
  `description` varchar(256) DEFAULT NULL,
  `from_bank_line_id` int(12) DEFAULT NULL,
  `to_bank_header_id` int(12) DEFAULT NULL,
  `amount` decimal(20,5) DEFAULT NULL,
  `currency` varchar(256) NOT NULL,
  `doc_currency` varchar(25) DEFAULT NULL,
  `to_bank_line_id` int(12) DEFAULT NULL,
  `exchange_rate_type` varchar(50) DEFAULT NULL,
  `exchange_rate` decimal(20,5) DEFAULT NULL,
  `ef_id` int(12) DEFAULT NULL,
  `document_date` date DEFAULT NULL,
  `document_number` varchar(50) DEFAULT NULL,
  `ledger_id` int(12) DEFAULT NULL,
  `period_id` int(12) DEFAULT NULL,
  `sales_person` varchar(50) DEFAULT NULL,
  `receipt_method` varchar(25) DEFAULT NULL,
  `approval_status` varchar(25) DEFAULT NULL,
  `receipt_status` varchar(25) DEFAULT NULL,
  `reference_type` varchar(25) DEFAULT NULL,
  `reference_key_name` varchar(25) DEFAULT NULL,
  `reference_key_value` varchar(25) DEFAULT NULL,
  `gl_journal_header_id` int(12) DEFAULT NULL,
  `created_by` int(12) NOT NULL,
  `creation_date` datetime DEFAULT NULL,
  `last_update_by` int(12) NOT NULL,
  `last_update_date` datetime DEFAULT NULL
) ENGINE=InnoDB DEFAULT CHARSET=latin1;

-- --------------------------------------------------------

--
-- Table structure for table `ar_receipt_line`
--

CREATE TABLE `ar_receipt_line` (
  `ar_receipt_line_id` int(12) NOT NULL,
  `ar_receipt_header_id` int(12) NOT NULL,
  `ar_transaction_header_id` int(12) NOT NULL,
  `line_number` int(12) NOT NULL,
  `line_type` varchar(20) DEFAULT NULL,
  `ar_receivable_activity_id` int(12) DEFAULT NULL,
  `amount` decimal(20,5) DEFAULT NULL,
  `exchange_rate` decimal(15,5) DEFAULT NULL,
  `line_description` varchar(256) DEFAULT NULL,
  `gl_amount` decimal(15,5) DEFAULT NULL,
  `status` varchar(50) DEFAULT NULL,
  `line_source` varchar(25) DEFAULT NULL,
  `reference_type` varchar(25) DEFAULT NULL,
  `reference_key_name` varchar(25) DEFAULT NULL,
  `reference_key_value` varchar(25) DEFAULT NULL,
  `period_id` int(12) DEFAULT NULL,
  `created_by` int(12) NOT NULL,
  `creation_date` datetime DEFAULT NULL,
  `last_update_by` int(12) NOT NULL,
  `last_update_date` datetime DEFAULT NULL
) ENGINE=InnoDB DEFAULT CHARSET=latin1;

-- --------------------------------------------------------

--
-- Table structure for table `ar_receipt_source`
--

CREATE TABLE `ar_receipt_source` (
  `ar_receipt_source_id` int(12) NOT NULL,
  `receipt_source` varchar(50) NOT NULL,
  `receipt_type` varchar(25) NOT NULL,
  `creation_method` varchar(25) NOT NULL,
  `bu_org_id` int(12) NOT NULL,
  `description` varchar(256) DEFAULT NULL,
  `remittance` varchar(25) DEFAULT NULL,
  `clearance` varchar(25) DEFAULT NULL,
  `bank_account_id` int(12) DEFAULT NULL,
  `sync_receipt_number_cb` tinyint(1) DEFAULT NULL,
  `status` enum('active','inactive','','') DEFAULT NULL,
  `created_by` int(12) NOT NULL,
  `creation_date` datetime DEFAULT NULL,
  `last_update_by` int(12) NOT NULL,
  `last_update_date` datetime DEFAULT NULL
) ENGINE=InnoDB DEFAULT CHARSET=latin1;

--
-- Dumping data for table `ar_receipt_source`
--

INSERT INTO `ar_receipt_source` (`ar_receipt_source_id`, `receipt_source`, `receipt_type`, `creation_method`, `bu_org_id`, `description`, `remittance`, `clearance`, `bank_account_id`, `sync_receipt_number_cb`, `status`, `created_by`, `creation_date`, `last_update_by`, `last_update_date`) VALUES
(1, 'Manual CIti', 'STANDARD', 'MANUAL', 5, NULL, 'NO_REMITTANCE', 'DIRECT', 1, NULL, 'active', 0, '2014-07-18 09:53:29', 0, '2018-07-14 09:53:29'),
(2, 'Pune Manual Citi', 'STANDARD', 'MANUAL', 8, 'errete', 'STANDARD', 'DIRECT', 1, NULL, 'active', 0, '2014-07-18 10:25:40', 34, '2014-12-16 20:16:16');

-- --------------------------------------------------------

--
-- Table structure for table `ar_receivable_activity`
--

CREATE TABLE `ar_receivable_activity` (
  `ar_receivable_activity_id` int(12) NOT NULL,
  `activity_name` varchar(50) NOT NULL,
  `activity_type` int(2) NOT NULL,
  `active_cb` tinyint(1) DEFAULT NULL,
  `account_source` int(2) NOT NULL,
  `description` varchar(256) DEFAULT NULL,
  `activity_ac_id` int(12) DEFAULT NULL,
  `tax_code_source` varchar(15) DEFAULT NULL,
  `tax_code_id` int(12) DEFAULT NULL,
  `bu_org_id` int(12) DEFAULT NULL,
  `created_by` int(12) NOT NULL,
  `creation_date` datetime DEFAULT NULL,
  `last_update_by` int(12) NOT NULL,
  `last_update_date` datetime DEFAULT NULL
) ENGINE=InnoDB DEFAULT CHARSET=latin1;

-- --------------------------------------------------------

--
-- Table structure for table `ar_revenue_rule_header`
--

CREATE TABLE `ar_revenue_rule_header` (
  `ar_revenue_rule_header_id` int(12) NOT NULL,
  `bu_org_id` int(12) NOT NULL,
  `rule_type` varchar(25) NOT NULL,
  `rule_name` varchar(25) NOT NULL,
  `description` varchar(50) DEFAULT NULL,
  `period` varchar(12) DEFAULT NULL,
  `no_of_period` int(4) DEFAULT NULL,
  `created_by` int(12) NOT NULL,
  `creation_date` datetime DEFAULT NULL,
  `last_update_by` int(12) NOT NULL,
  `last_update_date` datetime DEFAULT NULL
) ENGINE=InnoDB DEFAULT CHARSET=latin1;

--
-- Dumping data for table `ar_revenue_rule_header`
--

INSERT INTO `ar_revenue_rule_header` (`ar_revenue_rule_header_id`, `bu_org_id`, `rule_type`, `rule_name`, `description`, `period`, `no_of_period`, `created_by`, `creation_date`, `last_update_by`, `last_update_date`) VALUES
(1, 0, 'AUTO', 'On Time', 'Automatic On Time Rule', NULL, NULL, 1, '2016-07-19 08:06:34', 1, '2016-07-19 08:06:34');

-- --------------------------------------------------------

--
-- Table structure for table `ar_revenue_rule_line`
--

CREATE TABLE `ar_revenue_rule_line` (
  `ar_revenue_rule_line_id` int(12) NOT NULL,
  `ar_revenue_rule_header_id` int(12) NOT NULL,
  `period_number` int(4) DEFAULT NULL,
  `percent` decimal(6,3) DEFAULT NULL,
  `schedule_date` datetime DEFAULT NULL,
  `description` varchar(255) DEFAULT NULL,
  `created_by` int(12) NOT NULL,
  `creation_date` datetime DEFAULT NULL,
  `last_update_by` int(12) NOT NULL,
  `last_update_date` datetime DEFAULT NULL
) ENGINE=InnoDB DEFAULT CHARSET=latin1;

-- --------------------------------------------------------

--
-- Table structure for table `ar_revenue_schedule`
--

CREATE TABLE `ar_revenue_schedule` (
  `revenue_schedule_id` int(12) NOT NULL,
  `ar_transaction_header_id` int(12) NOT NULL,
  `ar_transaction_line_id` int(12) NOT NULL,
  `gl_ac_id` int(12) NOT NULL,
  `gl_date` date NOT NULL,
  `amount` decimal(15,5) DEFAULT NULL,
  `percentage` decimal(6,3) DEFAULT NULL,
  `description` varchar(256) DEFAULT NULL,
  `account_class` varchar(30) DEFAULT NULL,
  `status` decimal(15,5) NOT NULL,
  `reference_type` varchar(25) DEFAULT NULL,
  `reference_key_name` varchar(25) DEFAULT NULL,
  `reference_key_value` varchar(25) DEFAULT NULL,
  `gl_journal_header_id` int(12) DEFAULT NULL,
  `gl_journal_line_id` int(12) DEFAULT NULL,
  `created_by` int(12) NOT NULL,
  `creation_date` datetime DEFAULT NULL,
  `last_update_by` int(12) NOT NULL,
  `last_update_date` datetime DEFAULT NULL
) ENGINE=InnoDB DEFAULT CHARSET=latin1;

-- --------------------------------------------------------

--
-- Table structure for table `ar_sales_region`
--

CREATE TABLE `ar_sales_region` (
  `ar_sales_region_id` int(12) UNSIGNED NOT NULL,
  `country_code` varchar(5) NOT NULL,
  `state` varchar(25) DEFAULT NULL,
  `city` varchar(25) DEFAULT NULL,
  `sales_region_name` varchar(100) DEFAULT NULL,
  `description` varchar(256) DEFAULT NULL,
  `street` varchar(50) DEFAULT NULL,
  `mdm_tax_region_id` int(12) DEFAULT NULL,
  `status` varchar(25) DEFAULT NULL,
  `created_by` int(12) NOT NULL,
  `creation_date` datetime DEFAULT NULL,
  `last_update_by` int(12) NOT NULL,
  `last_update_date` datetime DEFAULT NULL
) ENGINE=InnoDB DEFAULT CHARSET=latin1;

--
-- Dumping data for table `ar_sales_region`
--

INSERT INTO `ar_sales_region` (`ar_sales_region_id`, `country_code`, `state`, `city`, `sales_region_name`, `description`, `street`, `mdm_tax_region_id`, `status`, `created_by`, `creation_date`, `last_update_by`, `last_update_date`) VALUES
(1, 'IN', 'MH', 'Mumbai', 'IN-MH-Mumbai-Kolaba', NULL, 'Kolaba', NULL, 'ACTIVE', 34, '2015-03-05 16:14:57', 34, '2015-03-05 16:15:53');

-- --------------------------------------------------------

--
-- Table structure for table `ar_transaction_adjustment`
--

CREATE TABLE `ar_transaction_adjustment` (
  `ar_transaction_adjustment_id` int(12) NOT NULL,
  `ar_transaction_header_id` int(12) NOT NULL,
  `ar_transaction_line_id` int(12) NOT NULL,
  `ar_receivable_activity_id` int(12) NOT NULL,
  `adjustment_quantity` decimal(15,5) DEFAULT NULL,
  `adjustment_amount` decimal(15,5) NOT NULL,
  `description` varchar(256) DEFAULT NULL,
  `adjustment_date` date DEFAULT NULL,
  `gl_adjustment_amount` decimal(15,5) NOT NULL,
  `exchange_rate` decimal(15,5) DEFAULT NULL,
  `adjustment_ac_id` int(12) NOT NULL,
  `reason` varchar(50) DEFAULT NULL,
  `status` varchar(30) DEFAULT NULL,
  `line_source` varchar(25) DEFAULT NULL,
  `reference_type` varchar(25) DEFAULT NULL,
  `reference_key_name` varchar(25) DEFAULT NULL,
  `reference_key_value` varchar(25) DEFAULT NULL,
  `period_id` int(12) DEFAULT NULL,
  `gl_journal_header_id` int(12) DEFAULT NULL,
  `created_by` int(12) NOT NULL,
  `creation_date` datetime DEFAULT NULL,
  `last_update_by` int(12) NOT NULL,
  `last_update_date` datetime DEFAULT NULL
) ENGINE=InnoDB DEFAULT CHARSET=latin1;

-- --------------------------------------------------------

--
-- Stand-in structure for view `ar_transaction_all_v`
--
CREATE TABLE `ar_transaction_all_v` (
`ar_transaction_header_id` int(12)
,`bu_org_id` int(12)
,`transaction_type` varchar(50)
,`transaction_class` varchar(25)
,`transaction_number` varchar(50)
,`ar_customer_id` int(12)
,`ar_customer_site_id` int(12)
,`document_owner` varchar(256)
,`description` varchar(256)
,`ship_to_id` int(12)
,`bill_to_id` int(12)
,`header_amount` decimal(20,5)
,`receipt_amount` decimal(20,5)
,`tax_amount` decimal(20,5)
,`currency` varchar(256)
,`doc_currency` varchar(25)
,`receivable_ac_id` int(12)
,`payment_term_id` int(12)
,`exchange_rate_type` varchar(50)
,`exchange_rate` decimal(20,5)
,`transaction_status` varchar(25)
,`document_date` date
,`document_number` varchar(50)
,`ledger_id` int(12)
,`trnx_period_id` int(12)
,`payment_term_date` date
,`sales_person` varchar(50)
,`receipt_method` varchar(25)
,`approval_status` varchar(25)
,`receipt_status` varchar(25)
,`trnx_reference_type` varchar(25)
,`trnx_reference_key_name` varchar(25)
,`trnx_reference_key_value` varchar(25)
,`trnx_sd_so_header_id` int(12)
,`ar_transaction_line_id` int(12)
,`line_number` int(12)
,`item_id_m` int(12)
,`item_description` varchar(256)
,`inv_line_quantity` decimal(20,5)
,`inv_unit_price` decimal(20,5)
,`tax_code_id` int(12)
,`so_tax_amount` decimal(20,5)
,`gl_inv_line_price` decimal(15,5)
,`gl_tax_amount` decimal(15,5)
,`inv_line_price` decimal(20,5)
,`trnx_line_type` varchar(50)
,`line_description` varchar(256)
,`asset_cb` tinyint(1)
,`uom_id` int(12)
,`status` varchar(50)
,`line_source` varchar(25)
,`sd_so_header_id` int(12)
,`trnx_sd_so_line_id` int(12)
,`sd_so_detail_id` int(12)
,`period_id` int(12)
,`reference_type` varchar(25)
,`reference_key_name` varchar(25)
,`reference_key_value` varchar(25)
,`customer_name` varchar(60)
,`customer_number` varchar(25)
,`customer_site_name` varchar(60)
,`customer_site_number` int(12)
,`sd_so_line_id` int(12)
,`line_type` varchar(25)
,`so_line_number` int(12)
,`kit_cb` tinyint(1)
,`kit_configured_cb` tinyint(1)
,`bom_config_header_id` int(12)
,`wip_wo_header_id` int(12)
,`line_quantity` decimal(20,5)
,`picked_quantity` decimal(15,5)
,`shipped_quantity` decimal(15,5)
,`unit_price` decimal(20,5)
,`line_price` decimal(20,5)
,`line_status` varchar(25)
,`requested_date` date
,`promise_date` date
,`schedule_ship_date` date
,`actual_ship_date` date
,`item_number` varchar(50)
,`item_uom_id` int(12)
,`item_status` varchar(15)
,`org` varchar(50)
,`shipping_org_id` int(12)
,`created_by` int(12)
,`creation_date` datetime
,`last_update_by` int(12)
,`last_update_date` datetime
,`address` text
,`country` varchar(40)
,`postal_code` varchar(20)
,`phone` varchar(50)
,`email` varchar(100)
,`website` varchar(200)
,`address_b` text
,`country_b` varchar(40)
,`postal_code_b` varchar(20)
,`phone_b` varchar(50)
,`email_b` varchar(100)
,`website_b` varchar(200)
,`payment_term` varchar(50)
,`payment_term_description` varchar(256)
);

-- --------------------------------------------------------

--
-- Table structure for table `ar_transaction_detail`
--

CREATE TABLE `ar_transaction_detail` (
  `ar_transaction_detail_id` int(12) NOT NULL,
  `ar_transaction_line_id` int(12) NOT NULL,
  `ar_transaction_header_id` int(12) NOT NULL,
  `detail_number` int(12) NOT NULL,
  `account_type` varchar(25) NOT NULL,
  `amount` decimal(20,5) DEFAULT NULL,
  `gl_amount` decimal(15,5) DEFAULT NULL,
  `detail_ac_id` int(12) DEFAULT NULL,
  `journal_created_cb` tinyint(1) DEFAULT NULL,
  `status` varchar(50) DEFAULT NULL,
  `reference_type` varchar(25) DEFAULT NULL,
  `reference_key_name` varchar(25) DEFAULT NULL,
  `reference_key_value` varchar(25) DEFAULT NULL,
  `description` varchar(256) DEFAULT NULL,
  `sd_so_header_id` int(12) DEFAULT NULL,
  `sd_so_line_id` int(12) DEFAULT NULL,
  `sd_so_detail_id` int(12) DEFAULT NULL,
  `period_id` int(12) DEFAULT NULL,
  `created_by` int(12) NOT NULL,
  `creation_date` datetime DEFAULT NULL,
  `last_update_by` int(12) NOT NULL,
  `last_update_date` datetime DEFAULT NULL
) ENGINE=InnoDB DEFAULT CHARSET=latin1;

-- --------------------------------------------------------

--
-- Table structure for table `ar_transaction_header`
--

CREATE TABLE `ar_transaction_header` (
  `ar_transaction_header_id` int(12) NOT NULL,
  `bu_org_id` int(12) NOT NULL,
  `transaction_type` varchar(50) NOT NULL,
  `transaction_class` varchar(25) DEFAULT NULL,
  `transaction_number` varchar(50) DEFAULT NULL,
  `ar_customer_id` int(12) NOT NULL,
  `ar_customer_site_id` int(12) NOT NULL,
  `document_owner` varchar(256) DEFAULT NULL,
  `description` varchar(256) DEFAULT NULL,
  `ship_to_id` int(12) DEFAULT NULL,
  `bill_to_id` int(12) DEFAULT NULL,
  `header_amount` decimal(20,5) DEFAULT NULL,
  `tax_amount` decimal(20,5) DEFAULT NULL,
  `receipt_amount` decimal(20,5) DEFAULT NULL,
  `currency` varchar(256) NOT NULL,
  `doc_currency` varchar(25) DEFAULT NULL,
  `receivable_ac_id` int(12) NOT NULL,
  `payment_term_id` int(12) NOT NULL,
  `exchange_rate_type` varchar(50) DEFAULT NULL,
  `exchange_rate` decimal(20,5) DEFAULT NULL,
  `ef_id` int(12) DEFAULT NULL,
  `transaction_status` varchar(25) DEFAULT NULL,
  `document_date` date DEFAULT NULL,
  `document_number` varchar(50) DEFAULT NULL,
  `ledger_id` int(12) DEFAULT NULL,
  `period_id` int(12) DEFAULT NULL,
  `payment_term_date` date DEFAULT NULL,
  `sales_person` varchar(50) DEFAULT NULL,
  `receipt_method` varchar(25) DEFAULT NULL,
  `approval_status` varchar(25) DEFAULT NULL,
  `receipt_status` varchar(25) DEFAULT NULL,
  `reference_type` varchar(25) DEFAULT NULL,
  `reference_key_name` varchar(25) DEFAULT NULL,
  `reference_key_value` varchar(25) DEFAULT NULL,
  `sd_so_header_id` int(12) DEFAULT NULL,
  `gl_journal_header_id` int(12) DEFAULT NULL,
  `created_by` int(12) NOT NULL,
  `creation_date` datetime DEFAULT NULL,
  `last_update_by` int(12) NOT NULL,
  `last_update_date` datetime DEFAULT NULL
) ENGINE=InnoDB DEFAULT CHARSET=latin1;

-- --------------------------------------------------------

--
-- Table structure for table `ar_transaction_interface`
--

CREATE TABLE `ar_transaction_interface` (
  `ar_transaction_interface_id` int(12) NOT NULL,
  `ar_transaction_header_id` int(12) DEFAULT NULL,
  `bu_org_id` int(12) NOT NULL,
  `transaction_type` varchar(25) NOT NULL,
  `ar_customer_id` int(12) NOT NULL,
  `ar_customer_site_id` int(12) NOT NULL,
  `currency` varchar(25) NOT NULL,
  `payment_term_id` int(12) NOT NULL,
  `payment_term_date` date DEFAULT NULL,
  `document_date` date DEFAULT NULL,
  `ledger_id` int(12) DEFAULT NULL,
  `receivable_ac_id` int(12) DEFAULT NULL,
  `revenue_ac_id` int(12) NOT NULL,
  `line_number` int(12) DEFAULT NULL,
  `item_id_m` int(12) DEFAULT NULL,
  `item_description` varchar(256) NOT NULL,
  `inv_line_quantity` decimal(20,5) DEFAULT NULL,
  `inv_unit_price` decimal(20,5) DEFAULT NULL,
  `inv_line_price` decimal(20,5) DEFAULT NULL,
  `gl_tax_amount` decimal(15,5) DEFAULT NULL,
  `gl_inv_line_price` decimal(15,5) DEFAULT NULL,
  `tax_code_id` int(12) DEFAULT NULL,
  `tax_amount` decimal(20,5) DEFAULT NULL,
  `line_type` varchar(50) NOT NULL,
  `line_description` varchar(256) DEFAULT NULL,
  `asset_cb` tinyint(1) DEFAULT NULL,
  `fa_asset_category_id` int(12) DEFAULT NULL,
  `prj_project_header_id` int(12) DEFAULT NULL,
  `prj_project_line_id` int(12) DEFAULT NULL,
  `uom_id` int(12) DEFAULT NULL,
  `ef_id` int(12) DEFAULT NULL,
  `status` varchar(50) DEFAULT NULL,
  `line_source` varchar(25) DEFAULT NULL,
  `reference_type` varchar(25) DEFAULT NULL,
  `reference_key_name` varchar(25) DEFAULT NULL,
  `reference_key_value` varchar(25) DEFAULT NULL,
  `sd_so_header_id` int(12) DEFAULT NULL,
  `sd_so_line_id` int(12) DEFAULT NULL,
  `sd_so_detail_id` int(12) DEFAULT NULL,
  `period_id` int(12) DEFAULT NULL,
  `created_by` int(12) NOT NULL,
  `creation_date` datetime DEFAULT NULL,
  `last_update_by` int(12) NOT NULL,
  `last_update_date` datetime DEFAULT NULL
) ENGINE=InnoDB DEFAULT CHARSET=latin1;

-- --------------------------------------------------------

--
-- Table structure for table `ar_transaction_line`
--

CREATE TABLE `ar_transaction_line` (
  `ar_transaction_line_id` int(12) NOT NULL,
  `ar_transaction_header_id` int(12) NOT NULL,
  `line_number` int(12) NOT NULL,
  `item_id_m` int(12) DEFAULT NULL,
  `item_description` varchar(256) NOT NULL,
  `inv_line_quantity` decimal(20,5) DEFAULT NULL,
  `inv_unit_price` decimal(20,5) DEFAULT NULL,
  `inv_line_price` decimal(20,5) DEFAULT NULL,
  `tax_code_id` int(12) DEFAULT NULL,
  `tax_amount` decimal(20,5) DEFAULT NULL,
  `gl_inv_line_price` decimal(15,5) DEFAULT NULL,
  `gl_tax_amount` decimal(15,5) DEFAULT NULL,
  `line_type` varchar(50) NOT NULL,
  `line_description` varchar(256) DEFAULT NULL,
  `asset_cb` tinyint(1) DEFAULT NULL,
  `fa_asset_category_id` int(12) DEFAULT NULL,
  `prj_project_header_id` int(12) DEFAULT NULL,
  `prj_project_line_id` int(12) DEFAULT NULL,
  `uom_id` int(12) DEFAULT NULL,
  `status` varchar(50) DEFAULT NULL,
  `line_source` varchar(25) DEFAULT NULL,
  `reference_type` varchar(25) DEFAULT NULL,
  `reference_key_name` varchar(25) DEFAULT NULL,
  `reference_key_value` varchar(25) DEFAULT NULL,
  `sd_so_header_id` int(12) DEFAULT NULL,
  `sd_so_line_id` int(12) DEFAULT NULL,
  `sd_so_detail_id` int(12) DEFAULT NULL,
  `revenue_ac_id` int(12) DEFAULT NULL,
  `tax_ac_id` int(12) DEFAULT NULL,
  `period_id` int(12) DEFAULT NULL,
  `created_by` int(12) NOT NULL,
  `creation_date` datetime DEFAULT NULL,
  `last_update_by` int(12) NOT NULL,
  `last_update_date` datetime DEFAULT NULL
) ENGINE=InnoDB DEFAULT CHARSET=latin1;

-- --------------------------------------------------------

--
-- Table structure for table `ar_transaction_source`
--

CREATE TABLE `ar_transaction_source` (
  `ar_transaction_source_id` int(12) NOT NULL,
  `transaction_source` varchar(50) NOT NULL,
  `source_type` varchar(25) NOT NULL,
  `bu_org_id` int(12) NOT NULL,
  `legal_org_id` int(12) NOT NULL,
  `invoice_type_id` int(12) DEFAULT NULL,
  `description` varchar(256) DEFAULT NULL,
  `cm_type_id` int(12) DEFAULT NULL,
  `payment_term_id` int(12) DEFAULT NULL,
  `status` enum('active','inactive','','') DEFAULT NULL,
  `create_clearing_cb` tinyint(1) DEFAULT NULL,
  `created_by` int(12) NOT NULL,
  `creation_date` datetime DEFAULT NULL,
  `last_update_by` int(12) NOT NULL,
  `last_update_date` datetime DEFAULT NULL
) ENGINE=InnoDB DEFAULT CHARSET=latin1;

--
-- Dumping data for table `ar_transaction_source`
--

INSERT INTO `ar_transaction_source` (`ar_transaction_source_id`, `transaction_source`, `source_type`, `bu_org_id`, `legal_org_id`, `invoice_type_id`, `description`, `cm_type_id`, `payment_term_id`, `status`, `create_clearing_cb`, `created_by`, `creation_date`, `last_update_by`, `last_update_date`) VALUES
(1, 'Manual Invoice', 'MANUAL', 5, 19, NULL, 'Manual Invoice', NULL, 1, 'active', 1, 0, '2014-07-04 09:51:22', 0, '2014-07-04 09:51:22'),
(2, 'Manual External', 'MANUAL', 5, 19, 0, '', 0, 1, 'active', 1, 0, '2014-07-04 12:08:30', 0, '2004-07-14 12:08:30');

-- --------------------------------------------------------

--
-- Table structure for table `ar_transaction_type`
--

CREATE TABLE `ar_transaction_type` (
  `ar_transaction_type_id` int(12) NOT NULL,
  `ar_transaction_type` varchar(50) NOT NULL,
  `transaction_class` varchar(25) DEFAULT NULL,
  `bu_org_id` int(12) NOT NULL,
  `legal_org_id` int(12) NOT NULL,
  `invoice_type_id` int(12) DEFAULT NULL,
  `description` varchar(256) DEFAULT NULL,
  `cm_type_id` int(12) DEFAULT NULL,
  `payment_term_id` int(12) DEFAULT NULL,
  `status` enum('active','inactive','','') DEFAULT NULL,
  `receivable_ac_id` int(12) DEFAULT NULL,
  `revenue_ac_id` int(12) DEFAULT NULL,
  `freight_ac_id` int(12) DEFAULT NULL,
  `tax_ac_id` int(12) DEFAULT NULL,
  `clearing_ac_id` int(12) DEFAULT NULL,
  `unbilled_receivable_ac_id` int(12) DEFAULT NULL,
  `unearned_revenue_ac_id` int(12) DEFAULT NULL,
  `br_receivable_ac_id` int(12) DEFAULT NULL,
  `br_offset_ac_id` int(12) DEFAULT NULL,
  `receivable_rule` varchar(25) DEFAULT NULL,
  `ar_revenue_rule_header_id` int(12) DEFAULT NULL,
  `created_by` int(12) NOT NULL,
  `creation_date` datetime DEFAULT NULL,
  `last_update_by` int(12) NOT NULL,
  `last_update_date` datetime DEFAULT NULL
) ENGINE=InnoDB DEFAULT CHARSET=latin1;

--
-- Dumping data for table `ar_transaction_type`
--

INSERT INTO `ar_transaction_type` (`ar_transaction_type_id`, `ar_transaction_type`, `transaction_class`, `bu_org_id`, `legal_org_id`, `invoice_type_id`, `description`, `cm_type_id`, `payment_term_id`, `status`, `receivable_ac_id`, `revenue_ac_id`, `freight_ac_id`, `tax_ac_id`, `clearing_ac_id`, `unbilled_receivable_ac_id`, `unearned_revenue_ac_id`, `br_receivable_ac_id`, `br_offset_ac_id`, `receivable_rule`, `ar_revenue_rule_header_id`, `created_by`, `creation_date`, `last_update_by`, `last_update_date`) VALUES
(1, 'External Sales - SD', 'INVOICE', 5, 19, NULL, 'External Sales  from SD', NULL, 1, NULL, 125, 916, 905, 905, 905, 905, 905, NULL, NULL, NULL, NULL, 0, '2014-07-03 15:43:04', 1, '2016-06-24 09:38:15'),
(2, 'External Sales - SD2', 'INVOICE', 5, 19, NULL, 'External Sales  from SD2', NULL, 1, NULL, 126, 905, 905, 905, 905, 905, 905, NULL, NULL, NULL, NULL, 34, '2015-07-05 12:53:08', 1, '2016-06-24 09:37:50');

-- --------------------------------------------------------

--
-- Stand-in structure for view `ar_unpaid_transaction_v`
--
CREATE TABLE `ar_unpaid_transaction_v` (
`ar_transaction_header_id` int(12)
,`bu_org_id` int(12)
,`transaction_class` varchar(25)
,`transaction_number` varchar(50)
,`header_amount` decimal(20,5)
,`tax_amount` decimal(20,5)
,`receipt_amount` decimal(20,5)
,`exchange_rate` decimal(20,5)
,`remaing_amount` decimal(21,5)
,`currency` varchar(256)
,`doc_currency` varchar(25)
,`document_date` date
,`document_number` varchar(50)
,`gl_journal_header_id` int(12)
,`ledger_id` int(12)
,`sd_so_header_id` int(12)
,`ar_customer_id` int(12)
,`ar_customer_site_id` int(12)
,`customer_name` varchar(60)
,`customer_number` varchar(25)
,`customer_site_name` varchar(60)
,`customer_site_number` int(12)
,`so_number` varchar(50)
,`org` varchar(50)
);

-- --------------------------------------------------------

--
-- Table structure for table `bc_label_auto_trigger`
--

CREATE TABLE `bc_label_auto_trigger` (
  `bc_label_auto_trigger_id` int(12) NOT NULL,
  `transaction_type_id` int(12) NOT NULL,
  `bc_label_format_header_id` int(12) NOT NULL,
  `association_level` varchar(25) NOT NULL,
  `association_level_value` int(12) DEFAULT NULL,
  `sys_printer_id` int(12) NOT NULL,
  `enabled_cb` tinyint(1) DEFAULT NULL,
  `description` varchar(256) DEFAULT NULL,
  `created_by` int(12) NOT NULL,
  `creation_date` datetime DEFAULT NULL,
  `last_update_by` int(12) NOT NULL,
  `last_update_date` datetime DEFAULT NULL
) ENGINE=InnoDB DEFAULT CHARSET=latin1;

--
-- Dumping data for table `bc_label_auto_trigger`
--

INSERT INTO `bc_label_auto_trigger` (`bc_label_auto_trigger_id`, `transaction_type_id`, `bc_label_format_header_id`, `association_level`, `association_level_value`, `sys_printer_id`, `enabled_cb`, `description`, `created_by`, `creation_date`, `last_update_by`, `last_update_date`) VALUES
(9, 4, 6, 'INVENTORY', 6, 1, NULL, NULL, 34, '2015-02-05 11:31:08', 34, '2015-02-05 11:31:08'),
(11, 3, 6, 'FROM_SUBINV', 40, 1, NULL, NULL, 34, '2015-02-05 13:34:16', 34, '2015-07-11 20:45:34'),
(13, 2, 1, 'FROM_SUBINV', 1, 1, NULL, NULL, 34, '2015-03-08 11:45:35', 34, '2015-03-08 11:45:35'),
(14, 1, 1, 'FROM_SUBINV', 1, 1, NULL, NULL, 34, '2015-06-26 09:51:45', 34, '2015-06-26 09:51:45');

-- --------------------------------------------------------

--
-- Table structure for table `bc_label_format_header`
--

CREATE TABLE `bc_label_format_header` (
  `bc_label_format_header_id` int(12) NOT NULL,
  `label_type` varchar(25) NOT NULL,
  `format_name` varchar(256) NOT NULL,
  `disable_date` date DEFAULT NULL,
  `default_cb` tinyint(1) DEFAULT NULL,
  `generator_class_name` varchar(100) DEFAULT NULL,
  `generator_function_name` varchar(100) DEFAULT NULL,
  `description` varchar(256) DEFAULT NULL,
  `created_by` int(12) NOT NULL,
  `creation_date` datetime DEFAULT NULL,
  `last_update_by` int(12) NOT NULL,
  `last_update_date` datetime DEFAULT NULL
) ENGINE=InnoDB DEFAULT CHARSET=latin1;

--
-- Dumping data for table `bc_label_format_header`
--

INSERT INTO `bc_label_format_header` (`bc_label_format_header_id`, `label_type`, `format_name`, `disable_date`, `default_cb`, `generator_class_name`, `generator_function_name`, `description`, `created_by`, `creation_date`, `last_update_by`, `last_update_date`) VALUES
(1, 'LOCATION', 'E:LOCATOR.ZPL', NULL, NULL, NULL, NULL, 'All Locators', 34, '2014-12-01 09:07:53', 1, '2014-12-05 04:23:10'),
(2, 'LOCATION', 'E:SUBINVEN.ZPL', NULL, NULL, NULL, NULL, 'All Subinventories', 1, '2014-12-04 08:30:59', 1, '2014-12-05 11:04:35'),
(3, 'LOCATION', 'E:ORG.ZPL', NULL, NULL, NULL, NULL, 'All Organizations', 1, '2014-12-05 02:57:04', 1, '2014-12-05 02:57:07'),
(4, 'MATERIAL', 'E:ITEM.ZPL', NULL, NULL, NULL, NULL, 'All Items 01', 1, '2014-12-05 08:30:03', 34, '2014-12-27 17:06:19'),
(5, 'RECEVING', 'E:RECEIPT.ZPL', NULL, NULL, NULL, NULL, 'All Receving', 1, '2014-12-05 09:20:47', 1, '2014-12-05 12:08:36'),
(6, 'POS', 'E:POS_LIST.ZPL', NULL, NULL, 'pos_barcode_list_header', 'generate_label', 'POS Item List', 34, '2015-02-05 03:20:01', 34, '2015-03-08 12:10:49');

-- --------------------------------------------------------

--
-- Table structure for table `bc_label_format_line`
--

CREATE TABLE `bc_label_format_line` (
  `bc_label_format_line_id` int(12) NOT NULL,
  `bc_label_format_header_id` int(12) NOT NULL,
  `object_name` varchar(50) NOT NULL,
  `sys_field_name` varchar(50) NOT NULL,
  `field_name` varchar(100) DEFAULT NULL,
  `description` varchar(256) DEFAULT NULL,
  `created_by` int(12) NOT NULL,
  `creation_date` datetime DEFAULT NULL,
  `last_update_by` int(12) NOT NULL,
  `last_update_date` datetime DEFAULT NULL
) ENGINE=InnoDB DEFAULT CHARSET=latin1;

--
-- Dumping data for table `bc_label_format_line`
--

INSERT INTO `bc_label_format_line` (`bc_label_format_line_id`, `bc_label_format_header_id`, `object_name`, `sys_field_name`, `field_name`, `description`, `created_by`, `creation_date`, `last_update_by`, `last_update_date`) VALUES
(1, 1, 'locator', 'locator', 'ZB_LOCATOR', 'Locator Name', 34, '2014-12-01 09:10:22', 1, '2014-12-05 04:23:11'),
(2, 1, 'locator', 'alias', 'ZB_ALIAS', 'Alias', 34, '2014-12-01 09:10:22', 1, '2014-12-05 04:23:11'),
(3, 1, 'subinventory', 'subinventory', 'ZB_SUB_INVENTORY', 'Subinventory', 34, '2014-12-01 09:10:22', 1, '2014-12-05 04:23:11'),
(4, 1, 'org', 'org', 'ZB_ORGANIZATION', 'Organization', 1, '2014-12-03 16:14:20', 1, '2014-12-05 04:23:11'),
(5, 2, 'subinventory', 'subinventory', 'ZB_SUB_INVENTORY', 'Subinventory', 1, '2014-12-04 08:31:04', 1, '2014-12-05 11:04:35'),
(6, 2, 'org', 'org', 'ZB_ORGANIZATION', 'Organization', 1, '2014-12-04 08:31:04', 1, '2014-12-05 11:04:35'),
(7, 3, 'org', 'org', 'ZB_ORGANIZATION', 'Organization', 1, '2014-12-05 02:57:06', 1, '2014-12-05 02:57:06'),
(8, 4, 'item', 'item_number', 'ZB_ITEM_NUMBER', 'Item Number', 1, '2014-12-05 08:31:14', 34, '2014-12-27 17:06:20'),
(9, 4, 'item', 'item_description', 'ZB_ITEM_DESCRIPTION', 'Item Description01', 1, '2014-12-05 08:31:14', 34, '2014-12-27 17:06:20'),
(10, 5, 'item', 'item_number', 'ZB_ITEM_NUMBER', 'Item Number', 1, '2014-12-05 09:21:11', 1, '2014-12-05 12:08:36'),
(11, 5, 'item', 'item_description', 'ZB_ITEM_DESCRIPTION', 'Item Description', 1, '2014-12-05 09:21:11', 1, '2014-12-05 12:08:36'),
(12, 5, 'inv_receipt_header', 'receipt_number', 'ZB_RECEIPT_NO', 'Receipt Number', 1, '2014-12-05 09:21:11', 1, '2014-12-05 12:08:36'),
(13, 5, 'inv_transaction', 'creation_date', 'ZB_RECEIPT_DATE', 'Receipt Date', 1, '2014-12-05 09:21:11', 1, '2014-12-05 12:08:36'),
(14, 5, 'locator_v', 'subinventory', 'ZB_SUB_INVENTORY', 'Sub Inventory', 1, '2014-12-05 09:21:11', 1, '2014-12-05 12:08:36'),
(15, 5, 'locator_v', 'locator', 'ZB_LOCATOR', 'Locator', 1, '2014-12-05 09:21:11', 1, '2014-12-05 12:08:36'),
(16, 5, 'inv_serial_number', 'serial_number', 'ZB_SERIAL_NO', 'Serial Number', 1, '2014-12-05 09:21:11', 1, '2014-12-05 12:08:36'),
(17, 5, 'inv_lot_number', 'lot_number', 'ZB_LOT_NO', 'Lot Number', 1, '2014-12-05 09:21:11', 1, '2014-12-05 12:08:36'),
(18, 5, 'inv_transaction', 'quantity', 'ZB_QTY', 'Quantity', 1, '2014-12-05 12:06:22', 1, '2014-12-05 12:08:36'),
(19, 6, 'pos_barcode_list_line', 'item_number', 'ZB_ITEM_NUMBER', 'Item Number', 34, '2015-02-05 03:25:17', 34, '2015-03-08 12:10:49'),
(20, 6, 'pos_barcode_list_line', 'unit_price', 'ZB_UNIT_PRICE', 'Unit Price', 34, '2015-02-05 03:25:17', 34, '2015-03-08 12:10:49'),
(21, 6, 'pos_barcode_list_line', 'quantity', 'ZB_QUANTITY', 'Quantity', 34, '2015-02-05 03:25:17', 34, '2015-03-08 12:10:49'),
(22, 6, 'pos_barcode_list_line', 'discount_code', 'ZB_DIS_CODE', 'Discount Code', 34, '2015-02-05 03:25:17', 34, '2015-03-08 12:10:49'),
(23, 6, 'pos_barcode_list_line', 'discount_amount', 'ZB_DIS_AMOUNT', 'Discount Amount', 34, '2015-02-05 03:25:17', 34, '2015-03-08 12:10:49'),
(24, 6, 'pos_barcode_list_line', 'pos_barcode_list_line_id', 'ZB_LINE_AMOUNT', 'Line Amount', 34, '2015-02-05 03:25:17', 34, '2015-03-08 12:10:49'),
(25, 6, 'pos_barcode_list_line', 'amount_after_discount', 'ZB_AMOUNT_AFTER_DIS', 'Amout after discount', 34, '2015-02-05 03:25:17', 34, '2015-03-08 12:10:49');

-- --------------------------------------------------------

--
-- Table structure for table `bc_label_request`
--

CREATE TABLE `bc_label_request` (
  `bc_label_request_id` int(12) NOT NULL,
  `transaction_type_id` int(12) NOT NULL,
  `bc_label_format_header_id` int(12) NOT NULL,
  `status` varchar(25) DEFAULT NULL,
  `label_content` varchar(256) DEFAULT NULL,
  `sys_printer_id` int(12) NOT NULL,
  `output_file_path` varchar(256) DEFAULT NULL,
  `file_name` varchar(256) DEFAULT NULL,
  `created_by` int(12) NOT NULL,
  `creation_date` datetime DEFAULT NULL,
  `last_update_by` int(12) NOT NULL,
  `last_update_date` datetime DEFAULT NULL
) ENGINE=InnoDB DEFAULT CHARSET=latin1;

-- --------------------------------------------------------

--
-- Table structure for table `bc_static_label`
--

CREATE TABLE `bc_static_label` (
  `bc_static_label_id` int(12) NOT NULL,
  `label_type` varchar(25) NOT NULL,
  `bc_label_format_header_id` int(12) NOT NULL,
  `status` varchar(25) DEFAULT NULL,
  `label_content` varchar(256) DEFAULT NULL,
  `sys_printer_id` int(12) NOT NULL,
  `generate_label_class_name` varchar(70) DEFAULT NULL,
  `generate_label_function_name` varchar(70) DEFAULT NULL,
  `output_file_path` varchar(256) DEFAULT NULL,
  `file_name` varchar(256) DEFAULT NULL,
  `created_by` int(12) NOT NULL,
  `creation_date` datetime NOT NULL,
  `last_update_by` int(12) NOT NULL,
  `last_update_date` datetime NOT NULL
) ENGINE=InnoDB DEFAULT CHARSET=latin1;

--
-- Dumping data for table `bc_static_label`
--

INSERT INTO `bc_static_label` (`bc_static_label_id`, `label_type`, `bc_label_format_header_id`, `status`, `label_content`, `sys_printer_id`, `generate_label_class_name`, `generate_label_function_name`, `output_file_path`, `file_name`, `created_by`, `creation_date`, `last_update_by`, `last_update_date`) VALUES
(1, 'LOCATOR', 1, NULL, NULL, 1, NULL, NULL, NULL, NULL, 34, '2014-12-03 11:24:26', 1, '2014-12-05 04:23:53'),
(2, 'SUBINV', 2, NULL, NULL, 1, NULL, NULL, NULL, NULL, 1, '2014-12-05 02:56:26', 1, '2014-12-05 02:56:26'),
(3, 'INV', 3, NULL, NULL, 3, NULL, NULL, NULL, NULL, 1, '2014-12-05 02:57:28', 34, '2015-03-08 11:57:19'),
(4, 'ITEM', 4, NULL, NULL, 1, NULL, NULL, NULL, NULL, 1, '2014-12-05 08:31:44', 34, '2015-02-05 03:30:53'),
(5, 'POS_LIST', 6, NULL, NULL, 1, 'pos_barcode_list_header', 'generate_label', NULL, NULL, 34, '2015-02-05 03:27:37', 34, '2016-01-01 17:05:41');

-- --------------------------------------------------------

--
-- Table structure for table `block`
--

CREATE TABLE `block` (
  `block_id` int(12) UNSIGNED NOT NULL,
  `reference_table` varchar(50) DEFAULT NULL,
  `name` varchar(50) DEFAULT NULL,
  `reference_key_value` int(12) DEFAULT NULL,
  `enabled_cb` tinyint(1) DEFAULT NULL,
  `cached_cb` tinyint(1) DEFAULT NULL,
  `restrict_to_role` varchar(25) DEFAULT NULL,
  `visibility_option` int(2) DEFAULT NULL,
  `visibility` text,
  `visibility_php_cb` tinyint(1) DEFAULT NULL,
  `title` varchar(256) NOT NULL,
  `show_title_cb` tinyint(1) DEFAULT '1',
  `rev_enabled_cb` float DEFAULT '1',
  `rev_number` int(12) DEFAULT NULL,
  `position` varchar(50) DEFAULT NULL,
  `weight` int(12) DEFAULT NULL,
  `created_by` int(12) NOT NULL,
  `creation_date` datetime DEFAULT NULL,
  `last_update_by` int(12) NOT NULL,
  `last_update_date` datetime DEFAULT NULL
) ENGINE=InnoDB DEFAULT CHARSET=latin1;

--
-- Dumping data for table `block`
--

INSERT INTO `block` (`block_id`, `reference_table`, `name`, `reference_key_value`, `enabled_cb`, `cached_cb`, `restrict_to_role`, `visibility_option`, `visibility`, `visibility_php_cb`, `title`, `show_title_cb`, `rev_enabled_cb`, `rev_number`, `position`, `weight`, `created_by`, `creation_date`, `last_update_by`, `last_update_date`) VALUES
(44, 'path', 'path_allpaths', NULL, NULL, 1, NULL, 1, 'Zm9ybQ0Kc2VhcmNoDQptdWx0aV9zZWxlY3QNCnByb2dyYW0NCm1hc3N1cGxvYWQ=', NULL, 'All Paths', NULL, NULL, NULL, 'header_top', 3, 0, '2014-06-17 02:10:46', 1, '2016-08-18 12:40:47'),
(47, 'block_content', 'New Forum Posts', NULL, 1, 1, NULL, 1, 'Y29udGVudA0KaW5kZXgNCi8NCg==', NULL, 'New Forum Posts', 1, NULL, NULL, 'footer_top', 1, 0, '2014-07-02 08:30:25', 34, '2014-12-31 17:31:27'),
(48, 'block_content', 'Quick Navigation', NULL, 1, NULL, NULL, 2, 'Zm9ybQ0KdXNlcg0Kc2VhcmNoDQpzZWxlY3QNCnByb2dyYW0NCm1hc3N1cGxvYWQ=', NULL, 'Quick Navigation', 1, NULL, NULL, 'content_right_right', 9, 0, '2014-07-14 09:22:21', 34, '2015-01-02 08:58:16'),
(49, 'block_content', 'documentation', NULL, 1, 1, NULL, 1, 'Y29udGVudA0KaW5kZXgNCi8=', NULL, 'Latest Documentations', 1, NULL, NULL, 'footer_top', NULL, 0, '2014-07-02 08:40:07', 34, '2014-11-23 03:36:25'),
(52, 'extn_comment', 'comment_recent_comments', NULL, 1, NULL, NULL, 1, 'Y29udGVudA0KaW5kZXgNCi8NCg==', NULL, 'Recent Comments', 1, NULL, NULL, 'footer_top', 2, 0, '2014-06-18 19:03:25', 34, '2014-12-31 18:27:26'),
(53, 'block_content', 'issue_log', NULL, NULL, NULL, NULL, 1, 'Y29udGVudA0KaW5kZXgNCi8=', NULL, 'Help Requests', 1, NULL, NULL, 'footer_top', NULL, 0, '2014-06-18 19:03:15', 1, '2016-07-23 05:02:46'),
(54, 'block_content', 'user_guide', NULL, NULL, NULL, NULL, 2, 'Zm9ybQ0KdXNlcg0Kc2VhcmNoDQpzZWxlY3Q=', NULL, 'User Guide', 1, NULL, NULL, 'content_right_right', NULL, 0, '2014-07-02 08:36:19', 1, '2014-11-16 17:01:05'),
(55, 'sys_notification', 'all_notification', NULL, 1, NULL, NULL, 1, 'Zm9ybQ==', NULL, 'All Notifications', 1, NULL, NULL, 'content_bottom', NULL, 0, '2014-08-22 10:44:14', 1, '2015-01-06 11:14:58'),
(56, 'block_content', 'recent_visit', NULL, 1, NULL, NULL, 1, NULL, NULL, 'Recent Visits', 1, NULL, NULL, 'content_bottom', 19, 34, '2014-10-26 09:07:19', 1, '2015-01-06 11:14:59'),
(57, 'view', 'inoview', NULL, NULL, NULL, NULL, 1, 'dXNlcl9kYXNoYm9hcmRfdg==', NULL, 'View of Inventory Onhand Unsort', NULL, NULL, NULL, 'content_right_bottom', NULL, 34, '2014-10-31 12:48:49', 34, '2014-11-01 14:12:31'),
(58, 'block_content', 'urgent_card', NULL, NULL, NULL, NULL, 1, 'ZnBfbWlubWF4X2JvYXJkX3Y=', NULL, 'Urgent Cards', 1, NULL, NULL, 'content_left', NULL, 34, '2014-11-13 06:55:43', 34, '2014-11-13 11:36:01'),
(59, 'block_content', 'youtube_videos', NULL, 1, NULL, NULL, 2, 'Zm9ybQ0KdXNlcg0Kc2VhcmNoDQpzZWxlY3QNCm11bHRpX3NlbGVjdA0KcHJvZ3JhbQ0KbWFzc3VwbG9hZA==', NULL, 'Youtube Videos', NULL, NULL, NULL, 'content_bottom', NULL, 1, '2014-11-16 05:43:33', 1, '2015-01-03 15:10:38'),
(60, 'block_content', 'erp_dashboard_menu', NULL, NULL, 1, NULL, 2, 'Zm9ybQ0KdXNlcg0Kc2VhcmNoDQpzZWxlY3QNCm11bHRpX3NlbGVjdA0KcHJvZ3JhbQ0KbWFzc3VwbG9hZA==', NULL, 'ERP Dashborad Menu', NULL, NULL, NULL, 'header_top', NULL, 34, '2014-12-31 18:15:38', 1, '2015-01-03 15:42:01'),
(61, 'block_content', 'product_offer', NULL, 1, NULL, NULL, NULL, NULL, NULL, 'Product Offer', NULL, NULL, NULL, 'content_right_top', NULL, 34, '2015-04-03 06:14:15', 34, '2016-04-25 13:22:48'),
(62, 'block_content', 'site_navigation', NULL, 1, NULL, NULL, 1, 'Y29udGVudA0KaW5kZXgNCi8=', NULL, 'Navigation', 1, NULL, NULL, 'footer_top', NULL, 34, '2016-06-18 11:04:02', 34, '2016-06-18 11:11:06');

-- --------------------------------------------------------

--
-- Table structure for table `block_cache`
--

CREATE TABLE `block_cache` (
  `block_id` int(12) NOT NULL,
  `session_id` varchar(128) NOT NULL,
  `block_data` longblob
) ENGINE=InnoDB DEFAULT CHARSET=latin1;

-- --------------------------------------------------------

--
-- Table structure for table `block_content`
--

CREATE TABLE `block_content` (
  `block_content_id` int(12) NOT NULL,
  `block_id` int(12) NOT NULL,
  `info` varchar(256) DEFAULT NULL,
  `content` text NOT NULL,
  `content_php_cb` tinyint(1) DEFAULT NULL,
  `created_by` int(12) NOT NULL,
  `creation_date` datetime DEFAULT NULL,
  `last_update_by` int(12) NOT NULL,
  `last_update_date` datetime DEFAULT NULL
) ENGINE=InnoDB DEFAULT CHARSET=latin1;

--
-- Dumping data for table `block_content`
--

INSERT INTO `block_content` (`block_content_id`, `block_id`, `info`, `content`, `content_php_cb`, `created_by`, `creation_date`, `last_update_by`, `last_update_date`) VALUES
(5, 47, 'New Forum Posts', 'Z2xvYmFsICRkYjsNCiRzcWwgPSAiU0VMRUNUIGNvbnRlbnQuY29udGVudF9pZCBhcyBjb250ZW50X2lkLCBjb250ZW50LnN1YmplY3QgYXMgc3ViamVjdCAsIGV1YS5hbGlhcyBhcyBhbGlhcw0KCQkJCWZyb20gY29udGVudCwgDQogICAgICAgIGNfZm9ydW0NCgkJCQlMRUZUIEpPSU4gZXh0X3VybF9hbGlhcyBldWEgT04gZXVhLmNvbnRlbnRfaWQ9Y19mb3J1bS5jb250ZW50X2lkIA0KICAgICAgICBXSEVSRSBjX2ZvcnVtLmNvbnRlbnRfaWQ9Y29udGVudC5jb250ZW50X2lkDQoJCQkJb3JkZXIgYnkgY29udGVudC5jcmVhdGlvbl9kYXRlIGRlc2MgTElNSVQgMCwgMTAiOw0KJHJlc3VsdCA9ICRkYi0+ZmluZF9ieV9zcWwoJHNxbCk7DQoNCmVjaG8gJzx1bCBjbGFzcz0iZm9ydW1fbGlzdCI+JzsNCmlmICgkcmVzdWx0KSB7DQogZm9yZWFjaCAoJHJlc3VsdCBhcyAkcmVjb3Jkcykgew0KICAkZGF0YSA9ICc8bGk+JzsNCiAgJGRhdGEgLj0gJzxhIGhyZWY9Iic7DQogICRkYXRhIC49IEhPTUVfVVJMOw0KICBpZiAoIWVtcHR5KCRyZWNvcmRzLT5hbGlhcykpIHsNCiAgICRkYXRhIC49ICJjb250ZW50LyRyZWNvcmRzLT5hbGlhcyI7DQogIH0gZWxzZSB7DQogICAkZGF0YSAuPSAnY29udGVudC5waHA/Y29udGVudF9pZD0nOw0KICAgJGRhdGEgLj0gJHJlY29yZHMtPmNvbnRlbnRfaWQ7DQogICAkZGF0YSAuPSAnJmNvbnRlbnRfdHlwZT1mb3J1bSc7DQogIH0NCiAgJGRhdGEgLj0gJyI+JzsNCiAgJGRhdGEgLj0gJHJlY29yZHMtPnN1YmplY3Q7DQogICRkYXRhIC49ICc8L2E+PC9saT4nOw0KICBlY2hvICRkYXRhOw0KIH0NCn0NCg0KZWNobyAnPC91bD4nOw==', 1, 0, '2002-07-14 08:30:25', 34, '2014-11-23 03:33:29'),
(6, 48, 'Navigation Manu', '<div id=\'navigation_menu\' class=\'menu\'>\r\n <ul class=\'first_level tree_view\'>\r\n	<li><a href="http://inoideas.org">Home</a></li>\r\n	<li><a href="http://inoideas.org/content.php?content_type=forum&category_id=1">Forum</a>\r\n	 <ul class=\'second_level\'>\r\n		<li><a href="http://localhost/inoerp/content.php?content_type=forum&category_id=5">General</a>\r\n		 <ul class=\'third_level\'>\r\n			<li><a href="http://localhost/inoerp/content.php?content_type=forum&category_id=7">General Discussions</a></li>\r\n			<li><a href="http://localhost/inoerp/content.php?content_type=forum&category_id=6">News and announcements</a></li>\r\n		 </ul>\r\n		</li>\r\n		<li><a href="http://localhost/inoerp/content.php?content_type=forum&category_id=2">Support</a>\r\n		 <ul class=\'third_level\'>\r\n			<li><a href="http://localhost/inoerp/content.php?content_type=forum&category_id=4">Business Functionalities</a></li>\r\n			<li><a href="http://localhost/inoerp/content.php?content_type=forum&category_id=3">Installing inoERP</a>\r\n			 <ul class=\'fourth_level\'>\r\n				<li><a href="http://localhost/inoerp/content.php?content_type=forum&category_id=18">Future Feature</a></li>\r\n			 </ul>\r\n			</li>\r\n			<li><a href="http://localhost/inoerp/content.php?content_type=forum&category_id=29">Snippets</a>\r\n			 <ul class=\'fourth_level\'>\r\n				<li><a href="http://localhost/inoerp/content.php?content_type=forum&category_id=34">Programming Laguage</a></li>\r\n			 </ul>\r\n			</li>\r\n		 </ul>\r\n		</li>\r\n	 </ul>\r\n	</li>\r\n	<li><a href="content.php?content_type=documentation&category_id=30">Documentation</a></li>\r\n	<li><a href="search.php?class_name=content&content_type_id=46">Issue Log</a></li>\r\n	<li><a id="contact_us" href=" ">Contact</a>\r\n	  <ul class=\'second_level\'>\r\n		<li class="contact_us">e-mail : contact@inoideas.org</li>\r\n		</ul>\r\n	</li>\r\n </ul>\r\n</div>\r\n', 0, 0, '2014-07-14 09:22:21', 1, '2014-11-07 11:20:51'),
(8, 49, NULL, 'Z2xvYmFsICRkYjsNCiRzcWwgPSAiU0VMRUNUIGNvbnRlbnQuY29udGVudF9pZCBhcyBjb250ZW50X2lkLCBjb250ZW50LnN1YmplY3QgYXMgc3ViamVjdCAsIGV1YS5hbGlhcyBhcyBhbGlhcw0KCQkJCWZyb20gY29udGVudCwgDQogICAgICAgIGNfZG9jdW1lbnRhdGlvbg0KCQkJCUxFRlQgSk9JTiBleHRfdXJsX2FsaWFzIGV1YSBPTiBldWEuY29udGVudF9pZD1jX2RvY3VtZW50YXRpb24uY29udGVudF9pZCANCiAgICAgICAgV0hFUkUgY19kb2N1bWVudGF0aW9uLmNvbnRlbnRfaWQ9Y29udGVudC5jb250ZW50X2lkDQoJCQkJb3JkZXIgYnkgY29udGVudC5jcmVhdGlvbl9kYXRlIGRlc2MgTElNSVQgMCwgMTAiOw0KJHJlc3VsdCA9ICRkYi0+ZmluZF9ieV9zcWwoJHNxbCk7DQoNCmVjaG8gJzx1bCBjbGFzcz0iZm9ydW1fbGlzdCI+JzsNCmlmICgkcmVzdWx0KSB7DQogZm9yZWFjaCAoJHJlc3VsdCBhcyAkcmVjb3Jkcykgew0KICAkZGF0YSA9ICc8bGk+JzsNCiAgJGRhdGEgLj0gJzxhIGhyZWY9Iic7DQogICRkYXRhIC49IEhPTUVfVVJMOw0KICBpZiAoIWVtcHR5KCRyZWNvcmRzLT5hbGlhcykpIHsNCiAgICRkYXRhIC49ICJjb250ZW50LyRyZWNvcmRzLT5hbGlhcyI7DQogIH0gZWxzZSB7DQogICAkZGF0YSAuPSAnY29udGVudC5waHA/Y29udGVudF9pZD0nOw0KICAgJGRhdGEgLj0gJHJlY29yZHMtPmNvbnRlbnRfaWQ7DQogICAkZGF0YSAuPSAnJmNvbnRlbnRfdHlwZT1kb2N1bWVudGF0aW9uJzsNCiAgfQ0KICAkZGF0YSAuPSAnIj4nOw0KICAkZGF0YSAuPSAkcmVjb3Jkcy0+c3ViamVjdDsNCiAgJGRhdGEgLj0gJzwvYT48L2xpPic7DQogIGVjaG8gJGRhdGE7DQogfQ0KfQ0KDQplY2hvICc8L3VsPic7DQo=', 1, 0, '2002-07-14 08:40:07', 34, '2014-11-23 03:36:25'),
(9, 50, NULL, 'dsfdsf\r\ndsfdsf\r\ndsfdsf\r\ndsfdsf\r\ndsfdsf', NULL, 0, '2006-06-14 08:21:22', 0, '2006-06-14 08:21:22'),
(10, 51, NULL, 'testahin\r\ntestahin\r\ntestahin\r\ntestahin', NULL, 0, '2006-06-14 10:14:06', 0, '2006-06-14 10:14:06'),
(11, 62, NULL, '<ul class="bottom-nav-block">\r\n<li><a href="http://inoideas.org/content/demo" >Demo </a></li>\r\n<li><a href="https://github.com/inoerp/inoERP" >Download</a></li>\r\n <li class="active"><a href=""http://inoideas.org/content.php?mode=9&content_type=forum&category_id=7" >Ask a Question</a></li>\r\n<li><a href="http://inoideas.org/content.php?content_type=documentation&amp;category_id=30">Documentation </a></li>\r\n<li><a href="http://inoideas.org/content.php?content_type=forum&amp;category_id=1">Forum</a></li>\r\n<li><a href="http://inoideas.org/content.php?mode=2&amp;content_id=197&amp;content_type_id=47">About</a> </li>\r\n<li><a href="http://inoideas.org/">Home</a> </li>\r\n</ul>', 0, 0, '2018-06-14 19:03:15', 34, '2016-06-18 11:11:06'),
(12, 53, NULL, 'Z2xvYmFsICRkYjsNCiRzcWw9IlNFTEVDVCBjb250ZW50LmNvbnRlbnRfaWQgYXMgY29udGVudF9pZCwgY29udGVudC5zdWJqZWN0IGFzIHN1YmplY3QgZnJvbSBjb250ZW50LCBjX2lzc3VlICANCndoZXJlIGNfaXNzdWUuY29udGVudF9pZD1jb250ZW50LmNvbnRlbnRfaWQgb3JkZXIgYnkgY29udGVudC5jcmVhdGlvbl9kYXRlIGRlc2MgTElNSVQgMCwgMTAiOw0KJHJlc3VsdCA9ICRkYi0+ZmluZF9ieV9zcWwoJHNxbCk7DQoNCmVjaG8gJzx1bCBjbGFzcz0iaXNzdWVfbGlzdCI+JzsNCmZvcmVhY2goJHJlc3VsdCBhcyAkcmVjb3Jkcyl7DQokZGF0YSA9ICc8bGk+JzsNCiRkYXRhIC49ICc8YSBocmVmPSInOw0KJGRhdGEgLj0gSE9NRV9VUkw7DQokZGF0YSAuPSAnY29udGVudC5waHA/Y29udGVudF9pZD0nOw0KJGRhdGEgLj0gJHJlY29yZHMtPmNvbnRlbnRfaWQ7DQokZGF0YSAuPSAnJmNvbnRlbnRfdHlwZT1pc3N1ZSc7DQokZGF0YSAuPSAnIj4nOw0KJGRhdGEgLj0gJHJlY29yZHMtPnN1YmplY3Q7DQokZGF0YSAuPSAnPC9hPjwvbGk+JzsNCmVjaG8gJGRhdGEgOw0KfQ0KZWNobyAnPC91bD4nOyA=', 1, 0, '2013-06-14 15:43:57', 0, '2013-06-14 15:43:57'),
(13, 54, NULL, 'Z2xvYmFsICRkYjsNCiRzcWwgPSAiU0VMRUNUIGNvbnRlbnQuY29udGVudF9pZCBhcyBjb250ZW50X2lkLCBjb250ZW50LnN1YmplY3QgYXMgc3ViamVjdCAsIGV1YS5hbGlhcyBhcyBhbGlhcw0KCQkJCWZyb20gY29udGVudA0KCQkJCUxFRlQgSk9JTiBjX2RvY3VtZW50YXRpb24gT04gY19kb2N1bWVudGF0aW9uLmNvbnRlbnRfaWQ9Y29udGVudC5jb250ZW50X2lkDQoJCQkJTEVGVCBKT0lOIGNhdGVnb3J5X3JlZmVyZW5jZSBjciBPTiBjX2RvY3VtZW50YXRpb24uY29udGVudF9pZD1jci5yZWZlcmVuY2VfaWQgQU5EIGNyLmNhdGVnb3J5X2lkID0gMjcgDQoJCQkJTEVGVCBKT0lOIGV4dF91cmxfYWxpYXMgZXVhIE9OIGV1YS5jb250ZW50X2lkPWNvbnRlbnQuY29udGVudF9pZCANCgkJCQlvcmRlciBieSBjb250ZW50LmNyZWF0aW9uX2RhdGUgZGVzYyBMSU1JVCAwLCAxMCI7DQokcmVzdWx0ID0gJGRiLT5maW5kX2J5X3NxbCgkc3FsKTsNCg0KZWNobyAnPHVsIGNsYXNzPSJ1c2VyX2d1aWRlIHRyZWVfdmlldyI+JzsNCmZvcmVhY2ggKCRyZXN1bHQgYXMgJHJlY29yZHMpIHsNCiAkZGF0YSA9ICc8bGk+JzsNCiAJJGRhdGEgLj0gJzxhIGhyZWY9Iic7DQoJJGRhdGEgLj0gSE9NRV9VUkw7DQogaWYgKCFlbXB0eSgkcmVjb3Jkcy0+YWxpYXMpKSB7DQoJJGRhdGEgLj0gImNvbnRlbnQvJHJlY29yZHMtPmFsaWFzIjsNCiB9IGVsc2Ugew0KCSRkYXRhIC49ICdjb250ZW50LnBocD9jb250ZW50X2lkPSc7DQoJJGRhdGEgLj0gJHJlY29yZHMtPmNvbnRlbnRfaWQ7DQoJJGRhdGEgLj0gJyZjb250ZW50X3R5cGU9ZG9jdW1lbnRhdGlvbic7DQogfQ0KICRkYXRhIC49ICciPic7DQogJGRhdGEgLj0gJHJlY29yZHMtPnN1YmplY3Q7DQogJGRhdGEgLj0gJzwvYT48L2xpPic7DQogZWNobyAkZGF0YTsNCn0NCmVjaG8gJzwvdWw+Jzs=', 1, 0, '2002-07-14 08:36:19', 0, '2002-07-14 08:36:19'),
(14, 54, NULL, 'Z2xvYmFsICRkYjsNCiRzcWw9Ig0KU0VMRUNUIGNvbnRlbnQuY29udGVudF9pZCBhcyBjb250ZW50X2lkLCBjb250ZW50LnN1YmplY3QgYXMgc3ViamVjdA0KIGZyb20gY29udGVudCwgY19kb2N1bWVudGF0aW9uICANCiBMRUZUIEpPSU4gY2F0ZWdvcnlfcmVmZXJlbmNlIGNyIE9OIGNfZG9jdW1lbnRhdGlvbi5jb250ZW50X2lkPWNyLnJlZmVyZW5jZV9pZCBBTkQgY3IuY2F0ZWdvcnlfaWQgPSAyNyANCiB3aGVyZSBjX2RvY3VtZW50YXRpb24uY29udGVudF9pZD1jb250ZW50LmNvbnRlbnRfaWQgDQogb3JkZXIgYnkgY29udGVudC5jcmVhdGlvbl9kYXRlIA0KIGRlc2MgTElNSVQgMCwgMTAwDQogIjsNCiRyZXN1bHQgPSAkZGItPmZpbmRfYnlfc3FsKCRzcWwpOw0KDQplY2hvICc8dWwgY2xhc3M9InVzZXJfZ3VpZGUgdHJlZV92aWV3Ij4nOw0KZm9yZWFjaCgkcmVzdWx0IGFzICRyZWNvcmRzKXsNCiRkYXRhID0gJzxsaT4nOw0KJGRhdGEgLj0gJzxhIGhyZWY9Iic7DQokZGF0YSAuPSBIT01FX1VSTDsNCiRkYXRhIC49ICdjb250ZW50LnBocD9jb250ZW50X2lkPSc7DQokZGF0YSAuPSAkcmVjb3Jkcy0+Y29udGVudF9pZDsNCiRkYXRhIC49ICcmY29udGVudF90eXBlPWRvY3VtZW50YXRpb24nOw0KJGRhdGEgLj0gJyI+JzsNCiRkYXRhIC49ICRyZWNvcmRzLT5zdWJqZWN0Ow0KJGRhdGEgLj0gJzwvYT48L2xpPic7DQplY2hvICRkYXRhIDsNCn0NCmVjaG8gJzwvdWw+Jzsg', 1, 0, '2015-06-14 05:34:56', 0, '2015-06-14 05:34:56'),
(15, 56, NULL, 'aWYoaXNzZXQoJF9TRVNTSU9OWydyZWNlbnRfdmlzaXQnXSkpew0KJHJlY2VudF92aXNpdCA9ICc8dWwgaWQ9InJlY2VudF92aXNpdCI+JzsNCiRyZXZfYSA9IGFycmF5X3JldmVyc2UoJF9TRVNTSU9OWydyZWNlbnRfdmlzaXQnXSk7DQokY291bnQgPSAwOw0KZm9yZWFjaCgkcmV2X2EgYXMgJGsgPT4gJHYpew0KICRjb3VudCsrOw0KIGlmKCRjb3VudCA+PSA1KXsNCiAgYnJlYWs7DQogfQ0KIGlmKCFpc19udW1lcmljKCRrKSl7DQokcmVjZW50X3Zpc2l0IC49ICc8bGk+PGEgaHJlZj0iJy4kdi4nIj4nLnN1YnN0cigkaywgMCwgMzApLic8L2E+JzsNCiB9IGVsc2V7DQogJHJlY2VudF92aXNpdCAuPSAnPGxpPjxhIGhyZWY9IicuJHYuJyI+IFZzaXRpICcuJGsuJzwvYT4nOw0KfQ0KfQ0KJHJlY2VudF92aXNpdCAuPSAnPGxpIGNsYXNzPSJ2aWV3X2FsbCI+PGEgaHJlZj0iJy5IT01FX1VSTC4nZm9ybS5waHA/Y2xhc3NfbmFtZT11c2VyX2FjdGl2aXR5X3YmbW9kZT0yIj4gVmlldyBNb3JlIC4uLjwvYT4nOw0KJHJlY2VudF92aXNpdCAuPSAnPC91bD4nOw0KfQ0KZWNobyAkcmVjZW50X3Zpc2l0Ow==', 1, 34, '2014-10-26 09:07:19', 34, '2014-11-01 16:21:53'),
(16, 58, NULL, 'ICAgICAgICAgZWNobyAnPHNwYW4gY2xhc3M9ImluZm8iPkRyYWcgdGhlIHVyZ2VudCBjYXJkcyB0byBoZXJlPGJyPkRvdWJsZSBjbGljayB0byByZW1vdmUgaXQ8L3NwYW4+PHNwYW4gY2xhc3M9ImJ1dHRvbiIgaWQ9InNhdmVfdXJnZW50X2NhcmQiPlNhdmU8L3NwYW4+JzsNCiRleGlzdGluZ19kYXRhID0gZnBfdXJnZW50X2NhcmQ6OmZpbmRfY3VycmVudF9jYXJkTGlzdCgpOw0KICAgICAgICAgaWYgKCRleGlzdGluZ19kYXRhKSB7DQogICAgICAgICAgZWNobyAnPHVsIGlkPSJ1cmdlbnRfY2FyZF9ibG9jayI+JzsNCiAgICAgICAgICBlY2hvICRleGlzdGluZ19kYXRhOw0KICAgICAgICAgIGVjaG8gJzwvdWw+JzsNCiAgICAgICAgIH0gZWxzZSB7DQogICAgICAgICAgZWNobyAnPHVsIGlkPSJ1cmdlbnRfY2FyZF9ibG9jayI+JzsNCiAgICAgICAgICBlY2hvICc8L3VsPic7DQogICAgICAgICB9DQplY2hvICc8c2NyaXB0Pg0KICQoZG9jdW1lbnQpLnJlYWR5KGZ1bmN0aW9uKCl7DQogIGRyYWdfZHJvcF91cmdlbnRfY2FyZCgpOw0KIHNhdmVVcmdlbnRDYXJkcygpOw0KIH0pOzwvc2NyaXB0Pic7', 1, 34, '2014-11-13 06:55:43', 34, '2014-11-13 11:33:04'),
(17, 59, NULL, '     <div class="embed-responsive embed-responsive-16by9">\r\n      <iframe class="embed-responsive-item" src="//www.youtube.com/embed/AS8idx2Cg_U?list=PLI9s_lIFpC099xADLymQcDCmrDhnkxcjM"></iframe>\r\n     </div>', 0, 1, '2014-11-16 05:43:33', 1, '2015-01-03 15:10:38'),
(18, 59, NULL, '<iframe width="480" height="270" src="//www.youtube.com/embed/AS8idx2Cg_U?list=PLI9s_lIFpC099xADLymQcDCmrDhnkxcjM" frameborder="0" allowfullscreen></iframe>', NULL, 1, '2014-11-16 05:44:15', 1, '2014-11-16 05:44:15'),
(19, 60, NULL, '<a class="flaticon-list90 clickable erp_dashborad" href="form.php?class_name=user_dashboard_v&mode=2" title="ERP Dashboard"> ERP Dashboard </a>', 0, 34, '2014-12-31 18:15:38', 34, '2014-12-31 18:33:16'),
(20, 60, NULL, '<a id="new_object_button" class="flaticon-list90 clickable erp_dashborad" href="form.php?class_name=user_dashboard_v&mode=2" title="ERP Dashboard"> ERP Dashboard </a>', NULL, 34, '2014-12-31 18:30:59', 34, '2014-12-31 18:30:59'),
(21, 61, NULL, '        <div class="jumbotron">\r\n        <h1>Special Offers</h1>\r\n        <p class="lead">Buy products for more than $50 for free shipping.</p>\r\n        <p class="lead">Buy products for more than $200 and get 10% off.</p>\r\n        <p class="lead">Buy products for more than $300 and get 30% off.</p>\r\n        <p><a class="btn btn-lg btn-success" href="#" role="button">Shop Now</a></p>\r\n      </div>', 0, 34, '2015-04-03 06:14:15', 34, '2016-04-25 13:22:48');

-- --------------------------------------------------------

--
-- Stand-in structure for view `bom_all_v`
--
CREATE TABLE `bom_all_v` (
`bom_header_id` int(12)
,`item_id_m` int(12)
,`alternate_bom` varchar(50)
,`org_id` int(12)
,`bom_revision` varchar(12)
,`effective_date` date
,`common_bom_item_id_m` int(12)
,`item_number` varchar(50)
,`item_description` varchar(256)
,`uom_id` int(12)
,`item_type` varchar(20)
,`item_status` varchar(15)
,`bom_type` varchar(15)
,`costing_enabled_cb` tinyint(1)
,`make_buy` varchar(10)
,`org` varchar(50)
,`org_type` varchar(50)
,`org_status` varchar(50)
,`org_description` varchar(200)
,`org_code` varchar(5)
);

-- --------------------------------------------------------

--
-- Table structure for table `bom_commonbom_line`
--

CREATE TABLE `bom_commonbom_line` (
  `bom_commonbom_line_id` int(12) NOT NULL,
  `bom_header_id` int(12) UNSIGNED NOT NULL,
  `bom_line_id` int(12) UNSIGNED NOT NULL,
  `routing_sequence` int(10) DEFAULT NULL,
  `planning_percentage` decimal(6,2) DEFAULT NULL,
  `yield` decimal(6,6) DEFAULT NULL,
  `include_in_cost_rollup_cb` tinyint(1) DEFAULT NULL,
  `wip_supply_type` varchar(20) DEFAULT NULL,
  `supply_sub_inventory` int(12) DEFAULT NULL,
  `supply_locator` int(12) DEFAULT NULL,
  `created_by` int(12) NOT NULL,
  `creation_date` datetime DEFAULT NULL,
  `last_update_by` int(12) NOT NULL,
  `last_update_date` datetime DEFAULT NULL
) ENGINE=InnoDB DEFAULT CHARSET=latin1;

-- --------------------------------------------------------

--
-- Table structure for table `bom_config_header`
--

CREATE TABLE `bom_config_header` (
  `bom_config_header_id` int(12) NOT NULL,
  `item_id_m` int(12) NOT NULL,
  `bom_header_id` int(12) DEFAULT NULL,
  `org_id` int(12) NOT NULL,
  `reference_key_name` varchar(60) DEFAULT NULL,
  `reference_key_value` int(12) DEFAULT NULL,
  `created_by` int(12) NOT NULL,
  `creation_date` datetime NOT NULL,
  `last_update_by` int(12) NOT NULL,
  `last_update_date` datetime NOT NULL
) ENGINE=InnoDB DEFAULT CHARSET=latin1;

-- --------------------------------------------------------

--
-- Table structure for table `bom_config_line`
--

CREATE TABLE `bom_config_line` (
  `bom_config_line_id` int(12) NOT NULL,
  `bom_config_header_id` int(12) UNSIGNED NOT NULL,
  `bom_sequence` int(10) UNSIGNED NOT NULL,
  `routing_sequence` int(12) DEFAULT NULL,
  `component_item_id_m` int(12) NOT NULL,
  `component_revision` varchar(10) DEFAULT NULL,
  `usage_basis` varchar(50) DEFAULT NULL,
  `usage_quantity` decimal(15,5) DEFAULT NULL,
  `line_quantity` decimal(15,5) NOT NULL,
  `transacted_quantity` decimal(15,5) DEFAULT NULL,
  `auto_request_material_cb` tinyint(1) DEFAULT NULL,
  `planning_percentage` decimal(6,2) DEFAULT NULL,
  `yield` decimal(6,6) DEFAULT NULL,
  `wip_supply_type` varchar(20) DEFAULT NULL,
  `supply_sub_inventory` int(12) DEFAULT NULL,
  `supply_locator` int(12) DEFAULT NULL,
  `created_by` int(12) NOT NULL,
  `creation_date` datetime NOT NULL,
  `last_update_by` int(12) NOT NULL,
  `last_update_date` datetime NOT NULL
) ENGINE=InnoDB DEFAULT CHARSET=latin1;

-- --------------------------------------------------------

--
-- Table structure for table `bom_cost_type`
--

CREATE TABLE `bom_cost_type` (
  `bom_cost_type_id` int(12) NOT NULL,
  `cost_type_code` varchar(25) NOT NULL,
  `cost_type` varchar(50) NOT NULL,
  `description` varchar(256) NOT NULL,
  `org_id` int(12) NOT NULL,
  `status` varchar(50) DEFAULT NULL,
  `multi_org_cb` tinyint(1) DEFAULT NULL,
  `default_cost_type` int(12) DEFAULT NULL,
  `ef_id` int(12) DEFAULT NULL,
  `created_by` int(12) NOT NULL,
  `creation_date` datetime DEFAULT NULL,
  `last_update_by` int(12) NOT NULL,
  `last_update_date` datetime DEFAULT NULL
) ENGINE=InnoDB DEFAULT CHARSET=latin1;

--
-- Dumping data for table `bom_cost_type`
--

INSERT INTO `bom_cost_type` (`bom_cost_type_id`, `cost_type_code`, `cost_type`, `description`, `org_id`, `status`, `multi_org_cb`, `default_cost_type`, `ef_id`, `created_by`, `creation_date`, `last_update_by`, `last_update_date`) VALUES
(1, 'FROZEN', 'Frozen', 'Frozen Cost Type', 6, 'active', 1, 1, NULL, 0, '2014-04-09 00:00:00', 0, '2009-04-14 00:00:00'),
(2, 'PENDING', 'Pending', 'Pending 02', 6, 'active', 1, 0, NULL, 0, '2013-12-16 00:00:00', 0, '2013-12-16 00:00:00'),
(3, 'GLOBAL', 'Global', 'Global 01', 6, 'active', 1, 1, NULL, 0, '2014-04-04 00:00:00', 0, '2004-04-14 00:00:00'),
(4, 'FUTURE', 'Future', 'Future Cost Type', 6, 'ACTIVE', 1, 1, NULL, 0, '2014-02-19 00:00:00', 34, '2014-12-30 08:23:19'),
(5, 'AVERAGE', 'Average', 'Average 01', 9, 'ACTIVE', 1, 1, NULL, 0, '2014-04-04 00:00:00', 34, '2015-02-28 07:13:03'),
(7, 'AVERAGE2', 'Average2', 'Average 01', 16, 'ACTIVE', 1, 1, NULL, 34, '2015-06-29 08:58:17', 34, '2015-06-29 08:58:17'),
(8, 'Training01', 'Training Cost Type', 'Training Cost Type Description', 6, 'ACTIVE', 1, 2, NULL, 1, '2016-08-03 09:32:00', 1, '2016-08-03 09:32:00');

-- --------------------------------------------------------

--
-- Table structure for table `bom_department`
--

CREATE TABLE `bom_department` (
  `bom_department_id` int(12) UNSIGNED NOT NULL,
  `department` varchar(50) NOT NULL,
  `description` varchar(256) NOT NULL,
  `org_id` int(12) NOT NULL,
  `status` enum('active','inactive') DEFAULT NULL,
  `location_id` int(11) DEFAULT NULL,
  `department_type` varchar(50) DEFAULT NULL,
  `default_basis` varchar(50) DEFAULT NULL,
  `absorption_ac_id` int(12) DEFAULT NULL,
  `resource_assignment_id` int(12) DEFAULT NULL,
  `ef_id` int(12) DEFAULT NULL,
  `created_by` int(12) NOT NULL,
  `creation_date` datetime DEFAULT NULL,
  `last_update_by` int(12) NOT NULL,
  `last_update_date` datetime DEFAULT NULL
) ENGINE=InnoDB DEFAULT CHARSET=latin1;

--
-- Dumping data for table `bom_department`
--

INSERT INTO `bom_department` (`bom_department_id`, `department`, `description`, `org_id`, `status`, `location_id`, `department_type`, `default_basis`, `absorption_ac_id`, `resource_assignment_id`, `ef_id`, `created_by`, `creation_date`, `last_update_by`, `last_update_date`) VALUES
(1, 'Assembly01', 'Main Assembly Area 01', 6, 'active', NULL, '361', NULL, NULL, NULL, NULL, 0, '2014-02-19 00:00:00', 19, '0000-00-00 00:00:00'),
(2, 'CleanRoom01', 'Clean Room 01', 6, 'active', NULL, '357', NULL, NULL, NULL, NULL, 0, '2014-02-19 00:00:00', 19, '0000-00-00 00:00:00'),
(3, 'MFG_03A', 'Third MFG Dept01', 6, NULL, NULL, '361', NULL, NULL, NULL, NULL, 0, '2014-04-05 00:00:00', 34, '2014-12-30 12:34:54'),
(4, 'MFG_05', 'FifthMFG Dept11', 6, NULL, NULL, '361', NULL, NULL, NULL, NULL, 0, '2014-09-23 00:00:00', 1, '2016-08-13 15:37:44'),
(5, 'Testing Dept01', 'Testing Department 01', 6, NULL, NULL, '361', NULL, NULL, NULL, NULL, 1, '2016-08-02 18:14:40', 1, '2016-08-02 18:15:35');

-- --------------------------------------------------------

--
-- Table structure for table `bom_dept_res_assignment`
--

CREATE TABLE `bom_dept_res_assignment` (
  `bom_dept_res_assignment_id` int(12) NOT NULL,
  `bom_department_id` int(12) NOT NULL,
  `cost_type_id` int(12) NOT NULL,
  `resource_id` int(12) NOT NULL,
  `created_by` int(12) NOT NULL,
  `creation_date` datetime DEFAULT NULL,
  `last_update_by` int(12) NOT NULL,
  `last_update_date` datetime DEFAULT NULL,
  `no_of_units` int(12) DEFAULT NULL,
  `efficiency` int(12) DEFAULT NULL,
  `utilization` int(12) DEFAULT NULL
) ENGINE=InnoDB DEFAULT CHARSET=latin1;

--
-- Dumping data for table `bom_dept_res_assignment`
--

INSERT INTO `bom_dept_res_assignment` (`bom_dept_res_assignment_id`, `bom_department_id`, `cost_type_id`, `resource_id`, `created_by`, `creation_date`, `last_update_by`, `last_update_date`, `no_of_units`, `efficiency`, `utilization`) VALUES
(1, 1, 1, 1, 0, '2013-12-19 00:00:00', 0, '2013-12-19 00:00:00', 5, 100, 95),
(2, 1, 1, 3, 0, '2013-12-19 00:00:00', 0, '2013-12-19 00:00:00', 2, 90, 90),
(3, 2, 1, 1, 0, '2014-02-19 00:00:00', 19, '0000-00-00 00:00:00', 5, 10, 10),
(4, 2, 2, 3, 0, '2014-02-19 00:00:00', 19, '0000-00-00 00:00:00', 2, NULL, NULL),
(5, 0, 0, 0, 0, NULL, 0, NULL, NULL, NULL, NULL),
(6, 0, 0, 0, 0, NULL, 0, NULL, NULL, NULL, NULL),
(7, 0, 0, 0, 0, NULL, 0, NULL, NULL, NULL, NULL),
(8, 0, 0, 0, 0, NULL, 0, NULL, NULL, NULL, NULL),
(9, 0, 0, 0, 0, NULL, 0, NULL, NULL, NULL, NULL),
(10, 0, 0, 0, 0, NULL, 0, NULL, NULL, NULL, NULL),
(11, 0, 0, 0, 0, NULL, 0, NULL, NULL, NULL, NULL),
(12, 0, 0, 0, 0, NULL, 0, NULL, NULL, NULL, NULL),
(13, 0, 0, 0, 0, NULL, 0, NULL, NULL, NULL, NULL),
(14, 0, 0, 0, 0, NULL, 0, NULL, NULL, NULL, NULL),
(15, 2, 2, 1, 0, '2014-02-19 00:00:00', 0, '2014-02-19 00:00:00', 3, 100, 100),
(16, 3, 2, 2, 0, '2014-04-05 00:00:00', 0, '2005-04-14 00:00:00', 5, 90, 95),
(17, 3, 1, 1, 0, '2014-04-05 00:00:00', 0, '2005-04-14 00:00:00', 2, 90, 95),
(18, 3, 2, 2, 0, '2014-04-05 00:00:00', 0, '2014-04-05 00:00:00', NULL, 40, 100),
(19, 4, 2, 1, 0, '2014-09-23 00:00:00', 1, '2016-08-13 15:37:44', 2, 100, 80),
(20, 5, 1, 1, 1, '2016-08-02 18:15:35', 1, '2016-08-02 18:15:35', 1, 100, 100),
(21, 5, 2, 1, 1, '2016-08-02 18:15:35', 1, '2016-08-02 18:15:35', 1, 100, 100);

-- --------------------------------------------------------

--
-- Table structure for table `bom_header`
--

CREATE TABLE `bom_header` (
  `bom_header_id` int(12) NOT NULL,
  `item_id_m` int(12) NOT NULL,
  `alternate_bom` varchar(50) DEFAULT NULL,
  `org_id` int(12) NOT NULL,
  `bom_revision` varchar(12) DEFAULT NULL,
  `effective_date` date DEFAULT NULL,
  `common_bom_item_id_m` int(12) DEFAULT NULL,
  `common_bom_org_id` int(12) DEFAULT NULL,
  `ef_id` int(12) DEFAULT NULL,
  `created_by` int(12) NOT NULL,
  `creation_date` datetime NOT NULL,
  `last_update_by` int(12) NOT NULL,
  `last_update_date` datetime NOT NULL
) ENGINE=InnoDB DEFAULT CHARSET=latin1;

-- --------------------------------------------------------

--
-- Table structure for table `bom_line`
--

CREATE TABLE `bom_line` (
  `bom_line_id` int(12) NOT NULL,
  `bom_header_id` int(12) UNSIGNED NOT NULL,
  `bom_sequence` int(10) UNSIGNED NOT NULL,
  `routing_sequence` int(12) DEFAULT NULL,
  `component_item_id_m` int(12) NOT NULL,
  `component_revision` varchar(10) DEFAULT NULL,
  `usage_basis` varchar(50) DEFAULT NULL,
  `usage_quantity` decimal(15,5) DEFAULT NULL,
  `auto_request_material_cb` tinyint(1) DEFAULT NULL,
  `effective_start_date` date DEFAULT NULL,
  `effective_end_date` date DEFAULT NULL,
  `eco_number` varchar(50) DEFAULT NULL,
  `eco_implemented_cb` tinyint(1) DEFAULT NULL,
  `planning_percentage` decimal(6,2) DEFAULT NULL,
  `yield` decimal(6,6) DEFAULT NULL,
  `include_in_cost_rollup_cb` tinyint(1) DEFAULT NULL,
  `wip_supply_type` varchar(20) DEFAULT NULL,
  `supply_sub_inventory` int(12) DEFAULT NULL,
  `supply_locator` int(12) DEFAULT NULL,
  `ef_id` int(12) DEFAULT NULL,
  `created_by` int(12) NOT NULL,
  `creation_date` datetime NOT NULL,
  `last_update_by` int(12) NOT NULL,
  `last_update_date` datetime NOT NULL
) ENGINE=InnoDB DEFAULT CHARSET=latin1;

-- --------------------------------------------------------

--
-- Stand-in structure for view `bom_line_v`
--
CREATE TABLE `bom_line_v` (
`bom_header_id_h` int(12)
,`item_id_m` int(12)
,`org_id` int(12)
,`alternate_bom` varchar(50)
,`effective_date` date
,`common_bom_item_id_m` int(12)
,`common_bom_org_id` int(12)
,`h_created_by` int(12)
,`h_creation_date` datetime
,`h_last_update_by` int(12)
,`h_last_update_date` datetime
,`bom_header_id` int(12) unsigned
,`bom_line_id` int(12)
,`bom_sequence` int(11) unsigned
,`routing_sequence` int(12)
,`component_item_id_m` int(12)
,`usage_basis` varchar(50)
,`usage_quantity` decimal(15,5)
,`auto_request_material_cb` tinyint(4)
,`effective_start_date` date
,`effective_end_date` date
,`eco_number` varchar(50)
,`eco_implemented_cb` tinyint(4)
,`planning_percentage` decimal(6,2)
,`yield` decimal(6,6)
,`include_in_cost_rollup_cb` tinyint(4)
,`wip_supply_type` varchar(20)
,`supply_sub_inventory` int(12)
,`supply_locator` int(12)
,`created_by` int(12)
,`creation_date` datetime
,`last_update_by` int(12)
,`last_update_date` datetime
);

-- --------------------------------------------------------

--
-- Table structure for table `bom_material_element`
--

CREATE TABLE `bom_material_element` (
  `bom_material_element_id` int(12) NOT NULL,
  `material_element` varchar(50) NOT NULL,
  `description` varchar(256) NOT NULL,
  `org_id` int(12) NOT NULL,
  `status` varchar(50) DEFAULT NULL,
  `default_basis` int(50) DEFAULT NULL,
  `ef_id` int(12) DEFAULT NULL,
  `created_by` int(12) NOT NULL,
  `creation_date` datetime DEFAULT NULL,
  `last_update_by` int(12) NOT NULL,
  `last_update_date` datetime DEFAULT NULL
) ENGINE=InnoDB DEFAULT CHARSET=latin1;

--
-- Dumping data for table `bom_material_element`
--

INSERT INTO `bom_material_element` (`bom_material_element_id`, `material_element`, `description`, `org_id`, `status`, `default_basis`, `ef_id`, `created_by`, `creation_date`, `last_update_by`, `last_update_date`) VALUES
(1, 'Material', 'Material Element', 6, 'active', 351, NULL, 0, '2013-12-17 00:00:00', 0, '2013-12-17 00:00:00'),
(2, 'Global_MAT', 'Global Material Element01', 6, 'active', 351, NULL, 0, '2014-04-04 00:00:00', 0, '2004-04-14 00:00:00'),
(3, 'SPG_MAT02', 'Singapore MAT 02', 9, 'ACTIVE', 351, NULL, 0, '2014-04-04 00:00:00', 34, '2014-12-30 08:31:55'),
(4, 'Training Resource 01', 'Training Resource 01', 6, NULL, 351, NULL, 1, '2016-08-02 13:10:19', 1, '2016-08-02 13:10:19');

-- --------------------------------------------------------

--
-- Table structure for table `bom_oh_rate_assignment`
--

CREATE TABLE `bom_oh_rate_assignment` (
  `bom_oh_rate_assignment_id` int(12) NOT NULL,
  `bom_overhead_id` int(12) NOT NULL,
  `bom_cost_type` varchar(25) NOT NULL,
  `default_basis` varchar(25) NOT NULL,
  `rate` int(12) NOT NULL,
  `created_by` int(12) NOT NULL,
  `creation_date` datetime DEFAULT NULL,
  `last_update_by` int(12) NOT NULL,
  `last_update_date` datetime DEFAULT NULL
) ENGINE=InnoDB DEFAULT CHARSET=latin1;

--
-- Dumping data for table `bom_oh_rate_assignment`
--

INSERT INTO `bom_oh_rate_assignment` (`bom_oh_rate_assignment_id`, `bom_overhead_id`, `bom_cost_type`, `default_basis`, `rate`, `created_by`, `creation_date`, `last_update_by`, `last_update_date`) VALUES
(1, 1, 'PENDING', 'ITEM', 22, 0, '2014-04-30 00:00:00', 0, '2030-04-14 00:00:00'),
(2, 1, 'GLOBAL', 'ITEM', 22, 0, '2014-04-30 00:00:00', 0, '2030-04-14 00:00:00'),
(4, 3, 'PENDING', 'ITEM', 650, 0, '2014-09-26 00:00:00', 34, '2015-06-22 17:17:26'),
(5, 3, 'FROZEN', 'ITEM', 650, 0, '2014-09-26 00:00:00', 0, '2026-09-14 00:00:00'),
(6, 2, 'PENDING', 'ITEM', 300, 0, '2014-04-30 00:00:00', 0, '2014-04-30 00:00:00'),
(7, 4, 'PENDING', 'ITEM', 3, 1, '2016-08-02 13:30:18', 1, '2016-08-02 13:30:18'),
(8, 4, 'FROZEN', 'ITEM', 2, 1, '2016-08-02 13:30:18', 1, '2016-08-02 13:30:18'),
(9, 5, 'PENDING', 'ITEM', 3, 1, '2016-08-02 13:46:50', 1, '2016-08-02 13:46:50'),
(10, 5, 'FROZEN', 'ITEM', 3, 1, '2016-08-02 13:46:51', 1, '2016-08-02 13:46:51'),
(11, 5, 'AVERAGE', 'ITEM', 10, 1, '2016-08-13 17:46:23', 1, '2016-08-13 17:46:23');

-- --------------------------------------------------------

--
-- Table structure for table `bom_oh_res_assignment`
--

CREATE TABLE `bom_oh_res_assignment` (
  `bom_oh_res_assignment_id` int(12) NOT NULL,
  `bom_overhead_id` int(12) NOT NULL,
  `bom_cost_type` varchar(25) NOT NULL,
  `resource_id` int(12) NOT NULL,
  `created_by` int(12) NOT NULL,
  `creation_date` datetime DEFAULT NULL,
  `last_update_by` int(12) NOT NULL,
  `last_update_date` datetime DEFAULT NULL
) ENGINE=InnoDB DEFAULT CHARSET=latin1;

--
-- Dumping data for table `bom_oh_res_assignment`
--

INSERT INTO `bom_oh_res_assignment` (`bom_oh_res_assignment_id`, `bom_overhead_id`, `bom_cost_type`, `resource_id`, `created_by`, `creation_date`, `last_update_by`, `last_update_date`) VALUES
(1, 2, 'PENDING', 1, 0, '2014-04-30 00:00:00', 0, '2030-04-14 00:00:00'),
(2, 2, 'FROZEN', 1, 0, '2014-04-30 00:00:00', 0, '2030-04-14 00:00:00'),
(3, 1, 'PENDING', 1, 0, '2014-04-30 00:00:00', 0, '2030-04-14 00:00:00'),
(4, 1, 'PENDING', 3, 0, '2014-04-30 00:00:00', 0, '2030-04-14 00:00:00'),
(5, 3, 'PENDING', 2, 0, '2014-09-26 00:00:00', 34, '2015-06-22 17:17:24'),
(6, 3, 'FROZEN', 2, 0, '2014-09-26 00:00:00', 34, '2015-06-22 17:17:25'),
(9, 1, 'GLOBAL', 4, 34, '2014-12-30 12:15:54', 34, '2014-12-30 12:15:54'),
(10, 4, 'PENDING', 1, 1, '2016-08-02 13:30:17', 1, '2016-08-02 13:30:17'),
(11, 4, 'FROZEN', 1, 1, '2016-08-02 13:30:18', 1, '2016-08-02 13:30:18'),
(12, 5, 'FROZEN', 1, 1, '2016-08-02 13:46:50', 1, '2016-08-02 13:46:50'),
(13, 5, 'PENDING', 1, 1, '2016-08-02 13:46:50', 1, '2016-08-02 13:46:50'),
(14, 5, 'AVERAGE', 1, 1, '2016-08-13 17:46:23', 1, '2016-08-13 17:46:23');

-- --------------------------------------------------------

--
-- Table structure for table `bom_overhead`
--

CREATE TABLE `bom_overhead` (
  `bom_overhead_id` int(12) UNSIGNED NOT NULL,
  `overhead` varchar(50) NOT NULL,
  `description` varchar(256) NOT NULL,
  `org_id` int(12) NOT NULL,
  `status` enum('active','inactive') DEFAULT NULL,
  `overhead_type` varchar(50) NOT NULL,
  `default_basis` varchar(50) DEFAULT NULL,
  `absorption_ac_id` int(12) NOT NULL,
  `resource_assignment_id` int(12) DEFAULT NULL,
  `rate_assignment_id` int(12) DEFAULT NULL,
  `ef_id` int(12) DEFAULT NULL,
  `created_by` int(12) NOT NULL,
  `creation_date` datetime DEFAULT NULL,
  `last_update_by` int(12) NOT NULL,
  `last_update_date` datetime DEFAULT NULL
) ENGINE=InnoDB DEFAULT CHARSET=latin1;

--
-- Dumping data for table `bom_overhead`
--

INSERT INTO `bom_overhead` (`bom_overhead_id`, `overhead`, `description`, `org_id`, `status`, `overhead_type`, `default_basis`, `absorption_ac_id`, `resource_assignment_id`, `rate_assignment_id`, `ef_id`, `created_by`, `creation_date`, `last_update_by`, `last_update_date`) VALUES
(1, 'MTL_OH', 'Material Over Head01', 6, NULL, 'MOH', 'ITEM', 541, NULL, NULL, NULL, 0, '2014-04-30 00:00:00', 34, '2014-12-30 12:15:54'),
(2, 'MFG_PRODA_OH01', 'Mfg Overhead for Product A', 6, '', 'MOH', 'ITEM', 0, NULL, NULL, NULL, 0, '2014-04-30 00:00:00', 0, '2030-04-14 00:00:00'),
(3, 'MI_RESOH02', 'Resource OH 02AA', 6, NULL, 'OH', 'ITEM', 83, NULL, NULL, NULL, 0, '2014-09-26 00:00:00', 34, '2015-06-22 17:17:25'),
(4, 'Training OH', 'Training Over Heade', 6, 'active', 'MOH', 'ITEM', 1179, NULL, NULL, NULL, 1, '2016-08-02 13:29:09', 1, '2016-08-02 13:29:09'),
(5, 'Training OH2', 'Trainning Over Head 02', 6, NULL, 'MOH', 'ITEM', 1179, NULL, NULL, NULL, 1, '2016-08-02 13:45:44', 1, '2016-08-13 17:46:23');

-- --------------------------------------------------------

--
-- Stand-in structure for view `bom_overhead_v`
--
CREATE TABLE `bom_overhead_v` (
`bom_oh_res_assignment_id` int(12)
,`resource_bom_cost_type` varchar(25)
,`resource_id` int(12)
,`bom_oh_rate_assignment_id` int(12)
,`bom_overhead_id` int(12)
,`rate_bom_cost_type` varchar(25)
,`default_basis` varchar(25)
,`rate` int(12)
,`overhead` varchar(50)
,`description` varchar(256)
,`org_id` int(12)
,`overhead_type` varchar(50)
,`absorption_ac_id` int(12)
);

-- --------------------------------------------------------

--
-- Table structure for table `bom_resource`
--

CREATE TABLE `bom_resource` (
  `bom_resource_id` int(12) NOT NULL,
  `resource` varchar(50) NOT NULL,
  `description` varchar(256) DEFAULT NULL,
  `org_id` int(12) DEFAULT NULL,
  `status` varchar(12) DEFAULT NULL,
  `resource_type` varchar(12) DEFAULT NULL,
  `charge_type` varchar(12) DEFAULT NULL,
  `uom` int(12) DEFAULT NULL,
  `basis` varchar(50) DEFAULT NULL,
  `osp_cb` tinyint(1) DEFAULT NULL,
  `osp_item_id` int(12) DEFAULT NULL,
  `costed_cb` tinyint(1) DEFAULT NULL,
  `standard_rate_cb` tinyint(1) DEFAULT NULL,
  `absorption_ac_id` int(12) DEFAULT NULL,
  `variance_ac_id` int(12) DEFAULT NULL,
  `overheads` varchar(50) DEFAULT NULL,
  `rate_reference_id` int(12) DEFAULT NULL,
  `ef_id` int(12) DEFAULT NULL,
  `created_by` int(12) NOT NULL,
  `creation_date` datetime NOT NULL,
  `last_update_by` int(12) NOT NULL,
  `last_update_date` datetime NOT NULL
) ENGINE=InnoDB DEFAULT CHARSET=latin1;

--
-- Dumping data for table `bom_resource`
--

INSERT INTO `bom_resource` (`bom_resource_id`, `resource`, `description`, `org_id`, `status`, `resource_type`, `charge_type`, `uom`, `basis`, `osp_cb`, `osp_item_id`, `costed_cb`, `standard_rate_cb`, `absorption_ac_id`, `variance_ac_id`, `overheads`, `rate_reference_id`, `ef_id`, `created_by`, `creation_date`, `last_update_by`, `last_update_date`) VALUES
(1, 'MI_MFG01', 'MI Manufacturing 01', 6, 'ACTIVE', 'Person', 'WIP_MOVE', 26, NULL, NULL, NULL, 1, 1, 83, NULL, NULL, NULL, NULL, 0, '2014-09-27 16:52:31', 34, '2014-12-30 08:03:51'),
(2, 'MI_MFG02', 'MI Manufacturing 02', 6, 'active', 'Person', 'WIP_MOVE', 29, NULL, 0, 0, 1, 1, 0, 0, NULL, NULL, NULL, 0, '2014-04-30 10:46:21', 0, '2030-04-14 10:46:21'),
(3, 'MI_MACHINE01', 'MI Machine 01', 6, NULL, 'AMOUNT', 'WIP_MOVE', 26, NULL, 1, NULL, 1, 1, 3721, 3721, NULL, NULL, NULL, 0, '2014-09-23 08:22:16', 34, '2016-05-29 07:57:30'),
(4, 'MFG_01', 'Mfg 01', 9, NULL, 'MACHINE', 'WIP_MOVE', 26, NULL, NULL, NULL, 1, 1, 1180, NULL, NULL, NULL, NULL, 0, '2014-09-23 07:36:02', 34, '2015-05-01 04:36:49'),
(5, 'Training Resource 01', 'Training Resource 01', 6, 'ACTIVE', 'MACHINE', 'WIP_MOVE', 29, NULL, NULL, NULL, 1, 1, 1180, 1180, NULL, NULL, NULL, 1, '2016-08-02 12:37:31', 1, '2016-08-02 12:39:03');

-- --------------------------------------------------------

--
-- Table structure for table `bom_resource_cost`
--

CREATE TABLE `bom_resource_cost` (
  `bom_resource_cost_id` int(12) NOT NULL,
  `bom_resource_id` int(12) NOT NULL,
  `bom_cost_type` varchar(25) NOT NULL,
  `resource_rate` decimal(20,5) NOT NULL,
  `created_by` int(12) NOT NULL,
  `creation_date` datetime DEFAULT NULL,
  `last_update_by` int(12) NOT NULL,
  `last_update_date` datetime DEFAULT NULL
) ENGINE=InnoDB DEFAULT CHARSET=latin1;

--
-- Dumping data for table `bom_resource_cost`
--

INSERT INTO `bom_resource_cost` (`bom_resource_cost_id`, `bom_resource_id`, `bom_cost_type`, `resource_rate`, `created_by`, `creation_date`, `last_update_by`, `last_update_date`) VALUES
(1, 4, 'PENDING', '10.70000', 0, '2014-09-23 00:00:00', 34, '2015-05-01 04:36:48'),
(2, 4, 'GLOBAL', '15.00000', 0, '2014-09-23 00:00:00', 34, '2015-05-01 04:36:48'),
(3, 4, 'FROZEN', '11.00000', 0, '2014-09-23 00:00:00', 34, '2015-05-01 04:36:48'),
(4, 1, 'FROZEN', '11.00000', 0, '2014-09-27 00:00:00', 34, '2014-12-30 08:03:51'),
(5, 1, 'PENDING', '12.00000', 0, '2014-04-30 00:00:00', 34, '2014-12-30 08:03:51'),
(6, 2, 'PENDING', '12.00000', 0, '2014-04-30 00:00:00', 0, '2014-04-30 00:00:00'),
(7, 2, 'FROZEN', '15.00000', 0, '2014-04-30 00:00:00', 0, '2014-04-30 00:00:00'),
(8, 3, 'PENDING', '11.00000', 0, '2014-09-23 00:00:00', 34, '2016-05-29 07:57:31'),
(9, 1, 'GLOBAL', '18.00000', 34, '2014-12-30 08:03:51', 34, '2014-12-30 08:03:51'),
(10, 3, 'FROZEN', '11.00000', 34, '2016-05-29 07:53:24', 34, '2016-05-29 07:57:31'),
(11, 5, 'PENDING', '10.00000', 1, '2016-08-02 12:38:18', 1, '2016-08-02 12:39:03'),
(12, 5, 'FROZEN', '15.00000', 1, '2016-08-02 12:39:03', 1, '2016-08-02 12:39:03');

-- --------------------------------------------------------

--
-- Table structure for table `bom_routing_detail`
--

CREATE TABLE `bom_routing_detail` (
  `bom_routing_detail_id` int(12) NOT NULL,
  `bom_routing_line_id` int(12) DEFAULT NULL,
  `bom_routing_header_id` int(12) DEFAULT NULL,
  `bom_standard_operation_id` int(12) DEFAULT NULL,
  `resource_sequence` int(12) DEFAULT NULL,
  `charge_basis` varchar(50) DEFAULT NULL,
  `resource_id` int(12) DEFAULT NULL,
  `resource_usage` decimal(20,5) DEFAULT NULL,
  `resource_schedule` varchar(50) DEFAULT NULL,
  `assigned_units` int(12) DEFAULT NULL,
  `twenty_four_hr_cb` tinyint(1) DEFAULT NULL,
  `charge_type` varchar(50) DEFAULT NULL,
  `standard_rate_cb` tinyint(1) DEFAULT NULL,
  `created_by` int(12) NOT NULL,
  `creation_date` datetime NOT NULL,
  `last_update_by` int(12) NOT NULL,
  `last_update_date` datetime NOT NULL
) ENGINE=InnoDB DEFAULT CHARSET=latin1;

-- --------------------------------------------------------

--
-- Table structure for table `bom_routing_header`
--

CREATE TABLE `bom_routing_header` (
  `bom_routing_header_id` int(12) NOT NULL,
  `item_id_m` int(12) NOT NULL,
  `alternate_routing` varchar(50) DEFAULT NULL,
  `org_id` int(12) NOT NULL,
  `routing_revision` varchar(10) DEFAULT NULL,
  `effective_date` date DEFAULT NULL,
  `common_routing_item_id_m` int(12) DEFAULT NULL,
  `description` int(12) DEFAULT NULL,
  `completion_subinventory` int(12) DEFAULT NULL,
  `completion_locator` int(12) DEFAULT NULL,
  `ef_id` int(12) DEFAULT NULL,
  `created_by` int(12) NOT NULL,
  `creation_date` datetime NOT NULL,
  `last_update_by` int(12) NOT NULL,
  `last_update_date` datetime NOT NULL
) ENGINE=InnoDB DEFAULT CHARSET=latin1;

-- --------------------------------------------------------

--
-- Table structure for table `bom_routing_line`
--

CREATE TABLE `bom_routing_line` (
  `bom_routing_line_id` int(12) NOT NULL,
  `bom_routing_header_id` int(12) NOT NULL,
  `routing_sequence` int(12) NOT NULL,
  `standard_operation_id` int(12) DEFAULT NULL,
  `department_id` int(12) NOT NULL,
  `description` varchar(256) DEFAULT NULL,
  `lead_time_percentage` int(12) DEFAULT NULL,
  `count_point_cb` tinyint(1) DEFAULT NULL,
  `auto_charge_cb` tinyint(1) DEFAULT NULL,
  `effective_start_date` date DEFAULT NULL,
  `effective_end_date` date DEFAULT NULL,
  `eco_number` varchar(50) DEFAULT NULL,
  `eco_implemented_cb` tinyint(1) DEFAULT NULL,
  `backflush_cb` tinyint(1) DEFAULT NULL,
  `yield` decimal(6,6) DEFAULT NULL,
  `include_in_rollup_cb` tinyint(1) DEFAULT NULL,
  `minimum_transfer_quantity` int(12) DEFAULT NULL,
  `referenced_cb` tinyint(1) DEFAULT NULL,
  `cumm_yield` tinyint(1) DEFAULT NULL,
  `ef_id` int(12) DEFAULT NULL,
  `created_by` int(12) NOT NULL,
  `creation_date` datetime NOT NULL,
  `last_update_by` int(12) NOT NULL,
  `last_update_date` datetime NOT NULL
) ENGINE=InnoDB DEFAULT CHARSET=latin1;

-- --------------------------------------------------------

--
-- Stand-in structure for view `bom_routing_line_v`
--
CREATE TABLE `bom_routing_line_v` (
`bom_routing_header_id_h` int(12)
,`item_id_m` int(12)
,`alternate_routing` varchar(50)
,`org_id` int(12)
,`routing_revision` varchar(10)
,`effective_date` date
,`common_routing_item_id_m` int(12)
,`description_h` int(12)
,`completion_subinventory` int(12)
,`completion_locator` int(12)
,`bom_routing_line_id` int(12)
,`bom_routing_header_id` int(12)
,`routing_sequence` int(12)
,`standard_operation_id` int(12)
,`department_id` int(12)
,`description` varchar(256)
,`count_point_cb` tinyint(4)
,`auto_charge_cb` tinyint(4)
,`backflush_cb` tinyint(4)
,`minimum_transfer_quantity` int(12)
,`lead_time_percentage` int(12)
,`effective_start_date` date
,`effective_end_date` date
,`eco_number` varchar(50)
,`eco_implemented_cb` tinyint(4)
,`include_in_rollup_cb` tinyint(4)
,`referenced_cb` tinyint(4)
,`yield` decimal(6,6)
,`cumm_yield` tinyint(4)
);

-- --------------------------------------------------------

--
-- Stand-in structure for view `bom_routing_v`
--
CREATE TABLE `bom_routing_v` (
`bom_routing_header_id` int(12)
,`item_id_m` int(12)
,`alternate_routing` varchar(50)
,`org_id` int(12)
,`routing_revision` varchar(10)
,`effective_date` date
,`common_routing_item_id_m` int(12)
,`description` int(12)
,`completion_subinventory` int(12)
,`completion_locator` int(12)
,`ef_id` int(12)
,`created_by` int(12)
,`creation_date` datetime
,`last_update_by` int(12)
,`last_update_date` datetime
,`item_number` varchar(50)
,`item_description` varchar(256)
,`uom_id` int(12)
,`item_type` varchar(20)
,`item_status` varchar(15)
,`bom_type` varchar(15)
,`costing_enabled_cb` tinyint(1)
,`make_buy` varchar(10)
,`org` varchar(50)
,`type` varchar(50)
,`status` varchar(50)
,`org_description` varchar(200)
,`code` varchar(5)
,`subinventory` varchar(25)
,`locator` varchar(256)
);

-- --------------------------------------------------------

--
-- Table structure for table `bom_standard_operation`
--

CREATE TABLE `bom_standard_operation` (
  `bom_standard_operation_id` int(12) NOT NULL,
  `standard_operation` varchar(50) NOT NULL,
  `org_id` int(12) NOT NULL,
  `department_id` int(12) NOT NULL,
  `description` varchar(256) NOT NULL,
  `count_point_cb` tinyint(1) DEFAULT NULL,
  `auto_charge_cb` tinyint(1) DEFAULT NULL,
  `backflush_cb` tinyint(1) DEFAULT NULL,
  `status` enum('active','inactive') DEFAULT NULL,
  `ef_id` int(12) DEFAULT NULL,
  `created_by` int(12) NOT NULL,
  `creation_date` datetime DEFAULT NULL,
  `last_update_by` int(12) NOT NULL,
  `last_update_date` datetime DEFAULT NULL
) ENGINE=InnoDB DEFAULT CHARSET=latin1;

-- --------------------------------------------------------

--
-- Table structure for table `bom_stnd_op_res_assignment`
--

CREATE TABLE `bom_stnd_op_res_assignment` (
  `bom_stnd_op_res_assignment_id` int(12) NOT NULL,
  `resource_sequence` int(12) DEFAULT NULL,
  `bom_standard_operation_id` int(12) DEFAULT NULL,
  `charge_basis` int(12) NOT NULL,
  `resource_id` int(12) NOT NULL,
  `resource_usage` decimal(20,5) DEFAULT NULL,
  `resource_schedule` varchar(25) DEFAULT NULL,
  `assigned_units` int(12) DEFAULT NULL,
  `twenty_four_hr_cb` tinyint(1) DEFAULT NULL,
  `standard_rate_cb` tinyint(1) DEFAULT NULL,
  `charge_type` varchar(50) DEFAULT NULL,
  `created_by` int(12) NOT NULL,
  `creation_date` datetime DEFAULT NULL,
  `last_update_by` int(12) NOT NULL,
  `last_update_date` datetime DEFAULT NULL
) ENGINE=InnoDB DEFAULT CHARSET=latin1;

-- --------------------------------------------------------

--
-- Table structure for table `business`
--

CREATE TABLE `business` (
  `business_id` int(12) NOT NULL,
  `org_id` int(12) NOT NULL,
  `business_org_type` varchar(50) DEFAULT NULL,
  `manager` varchar(50) DEFAULT NULL,
  `ef_id` int(12) DEFAULT NULL,
  `rev_enabled` enum('enabled','disabled') DEFAULT NULL,
  `rev_number` int(12) DEFAULT NULL,
  `status` enum('active','inactive') DEFAULT NULL,
  `enterprise_org_id` int(12) DEFAULT NULL,
  `legal_org_id` int(12) DEFAULT NULL,
  `cash_ac_id` int(12) DEFAULT NULL,
  `created_by` int(12) NOT NULL,
  `creation_date` datetime DEFAULT NULL,
  `last_update_by` int(12) NOT NULL,
  `last_update_date` datetime DEFAULT NULL
) ENGINE=InnoDB DEFAULT CHARSET=latin1;

--
-- Dumping data for table `business`
--

INSERT INTO `business` (`business_id`, `org_id`, `business_org_type`, `manager`, `ef_id`, `rev_enabled`, `rev_number`, `status`, `enterprise_org_id`, `legal_org_id`, `cash_ac_id`, `created_by`, `creation_date`, `last_update_by`, `last_update_date`) VALUES
(1, 5, 'Globally', 'HE Manloni', NULL, NULL, 1, NULL, 1, 4, 269, 0, '2014-03-21 00:00:00', 34, '2015-07-21 19:24:00'),
(2, 8, 'Mfg Plant', 'SK Bandial', NULL, NULL, NULL, NULL, 1, 4, 264, 0, '2014-03-21 00:00:00', 34, '2015-07-21 19:23:42'),
(3, 10, 'MFG', 'ES Yuli', NULL, NULL, NULL, NULL, 1, 12, 264, 0, '2014-08-02 00:00:00', 34, '2015-07-21 19:23:20'),
(4, 15, NULL, NULL, NULL, NULL, NULL, 'active', 13, 14, 95, 34, '2014-11-17 17:06:56', 34, '2014-11-17 17:06:56');

-- --------------------------------------------------------

--
-- Table structure for table `category`
--

CREATE TABLE `category` (
  `category_id` int(12) NOT NULL,
  `major_category_id` int(12) DEFAULT NULL,
  `parent_id` int(12) DEFAULT NULL,
  `category` varchar(50) NOT NULL DEFAULT 'none',
  `category_type` varchar(25) DEFAULT NULL,
  `content_relation` varchar(25) DEFAULT NULL,
  `priority` int(5) DEFAULT NULL,
  `description` varchar(512) DEFAULT NULL,
  `image_file_id` int(12) DEFAULT NULL,
  `long_description` text,
  `content_block_id` int(12) DEFAULT NULL,
  `filter_catalog_id` int(12) DEFAULT NULL,
  `primary_cb` float DEFAULT '0',
  `created_by` int(12) NOT NULL,
  `creation_date` datetime DEFAULT NULL,
  `last_update_by` int(12) NOT NULL,
  `last_update_date` datetime DEFAULT NULL
) ENGINE=InnoDB DEFAULT CHARSET=latin1;

--
-- Dumping data for table `category`
--

INSERT INTO `category` (`category_id`, `major_category_id`, `parent_id`, `category`, `category_type`, `content_relation`, `priority`, `description`, `image_file_id`, `long_description`, `content_block_id`, `filter_catalog_id`, `primary_cb`, `created_by`, `creation_date`, `last_update_by`, `last_update_date`) VALUES
(1, NULL, NULL, 'Forum', NULL, NULL, NULL, 'Forum - A list of topics for discussion', NULL, NULL, NULL, NULL, 1, 0, '2013-08-23 20:00:00', 0, '2013-08-23 20:00:00'),
(2, 1, 1, 'Support', NULL, NULL, NULL, 'Ask the community', NULL, NULL, NULL, NULL, 1, 0, '2013-08-23 20:00:00', 0, '2013-08-23 20:00:00'),
(3, 1, 2, 'Installing inoERP', NULL, NULL, NULL, 'Installing inoERP', NULL, NULL, NULL, NULL, NULL, 0, '2013-08-23 20:00:00', 0, '2013-08-23 20:00:00'),
(4, NULL, 2, 'Business Functionalities', NULL, NULL, NULL, 'Business functionalities available in inoERP', NULL, NULL, NULL, NULL, 0, 0, '2014-06-17 22:36:17', 0, '2018-06-13 22:36:17'),
(5, 1, 1, 'General', NULL, NULL, NULL, 'News and announcement and other general community discussions', NULL, NULL, NULL, NULL, 1, 0, '2013-08-23 20:00:00', 0, '2013-08-23 20:00:00'),
(6, NULL, 5, 'News and announcements', NULL, NULL, NULL, 'News and announcements on the project', NULL, NULL, NULL, NULL, 0, 0, '2014-06-17 22:30:03', 0, '2018-06-13 22:30:03'),
(7, 1, 5, 'General discussion', NULL, NULL, NULL, 'For less technical discussions about the Inoerp project', NULL, NULL, NULL, NULL, NULL, 0, '2013-08-23 20:00:00', 0, '2013-08-23 20:00:00'),
(8, NULL, NULL, 'Issue', NULL, NULL, NULL, 'Issue List', NULL, NULL, NULL, NULL, 1, 0, '2013-08-23 20:00:00', 0, '2013-08-23 20:00:00'),
(9, NULL, NULL, 'Extension', NULL, NULL, NULL, 'Extensions', NULL, NULL, NULL, NULL, 1, 0, '2014-06-06 12:39:11', 0, '2006-06-14 12:39:11'),
(10, 8, 9, 'Content Types', NULL, NULL, NULL, 'Content Types', NULL, NULL, NULL, NULL, NULL, 0, '2013-08-23 20:00:00', 0, '2013-08-23 20:00:00'),
(11, 0, 9, 'Content_Extension', NULL, NULL, NULL, 'Contents', NULL, NULL, NULL, NULL, 0, 0, '2013-08-29 00:03:11', 0, '2013-08-29 00:03:11'),
(12, 0, 8, 'Modules', NULL, NULL, NULL, 'Modules', NULL, NULL, NULL, NULL, 1, 0, '2013-08-28 21:58:50', 0, '2013-08-28 21:58:50'),
(14, NULL, 12, 'System', NULL, NULL, NULL, 'Issues related to system & extensions', NULL, NULL, NULL, NULL, 0, 0, '2014-06-17 22:34:52', 0, '2018-06-13 22:34:52'),
(15, NULL, 0, 'Module', NULL, NULL, NULL, 'All Modules', NULL, NULL, NULL, NULL, 1, 0, '2014-06-16 06:10:39', 0, '2016-06-14 06:10:39'),
(16, NULL, 15, 'Finance', NULL, NULL, NULL, 'Finance Modules', NULL, NULL, NULL, NULL, 1, 0, '2014-06-16 06:24:35', 0, '2016-06-14 06:24:35'),
(17, NULL, 15, 'SCM', NULL, NULL, NULL, 'Supply Chain Management', NULL, NULL, NULL, NULL, 1, 0, '2014-06-16 06:24:16', 0, '2016-06-14 06:24:16'),
(18, NULL, 3, 'Future Feature', NULL, NULL, NULL, 'Request & discuss about upcoming features', NULL, NULL, NULL, NULL, 0, 0, '2014-06-17 22:37:42', 0, '2018-06-13 22:37:42'),
(19, NULL, 12, 'Business Functionalities', NULL, NULL, NULL, 'Related to all Supply Chain & Financial Modules', NULL, NULL, NULL, NULL, 0, 0, '2014-06-17 22:32:53', 0, '2018-06-13 22:32:53'),
(21, NULL, NULL, 'Content', NULL, NULL, NULL, 'All contents', NULL, NULL, NULL, NULL, 1, 0, '2013-08-26 20:00:00', 0, '2013-08-26 20:00:00'),
(24, 21, 21, 'Static', NULL, NULL, NULL, 'Static pages', NULL, NULL, NULL, NULL, NULL, 0, '2013-08-27 13:17:13', 0, '2013-08-27 13:17:13'),
(26, 21, 24, 'Static2', NULL, NULL, NULL, 'Static pages', NULL, NULL, NULL, NULL, NULL, 0, '2013-08-27 13:25:31', 0, '2013-08-27 13:25:31'),
(27, 21, 26, 'Static3', NULL, NULL, NULL, 'Static pages', NULL, NULL, NULL, NULL, NULL, 0, '2013-08-27 13:26:16', 0, '2013-08-27 13:26:16'),
(28, NULL, 21, 'normal', NULL, NULL, NULL, 'normal contents', NULL, NULL, NULL, NULL, NULL, 0, '2013-08-29 00:01:34', 0, '2013-08-29 00:01:34'),
(29, 0, 2, 'Snippets', NULL, NULL, NULL, 'PHP, C++, JQuery & MySQL Snippets', NULL, NULL, NULL, NULL, 0, 0, '2014-02-08 03:15:56', 0, '2014-02-08 03:15:56'),
(30, NULL, NULL, 'Documentation', NULL, NULL, NULL, NULL, NULL, NULL, NULL, NULL, 1, 0, '2013-10-29 17:26:21', 88, '2015-05-16 12:50:16'),
(31, NULL, 30, 'User Guides', NULL, NULL, NULL, 'Community Maintained User Guides', NULL, NULL, NULL, NULL, NULL, 0, '2014-06-05 05:53:48', 88, '2015-04-28 05:12:41'),
(32, NULL, 21, 'Snippets', NULL, NULL, NULL, 'SQL & PHP Snippets', NULL, NULL, NULL, NULL, NULL, 0, '2013-10-29 17:28:19', 88, '2015-04-28 05:09:33'),
(33, NULL, NULL, 'Features', NULL, NULL, NULL, 'All EMS Module Features', NULL, NULL, NULL, NULL, 1, 0, '2014-06-06 09:52:05', 0, '2006-06-14 09:52:05'),
(34, NULL, 29, 'Programming Laguage', NULL, NULL, NULL, 'PHP & C++ related discussions', NULL, NULL, NULL, NULL, NULL, 0, '2014-02-08 03:15:37', 0, '2014-02-08 03:15:37'),
(35, NULL, 32, 'Programming Laguage', NULL, NULL, NULL, 'PHP & C++ related topics', NULL, NULL, NULL, NULL, NULL, 0, '2014-02-08 03:19:02', 0, '2014-02-08 03:19:02'),
(36, NULL, 31, 'Inventory', NULL, NULL, NULL, 'Inventory', NULL, NULL, NULL, NULL, NULL, 0, '2014-07-30 01:10:19', 0, '2014-07-30 01:10:19'),
(37, NULL, 36, 'INV Transacion', NULL, NULL, NULL, 'Inventory Transactions', NULL, NULL, NULL, NULL, NULL, 0, '2014-07-30 01:11:20', 0, '2014-07-30 01:11:20'),
(38, NULL, 36, 'Item Master', NULL, NULL, NULL, 'Item Master', NULL, NULL, NULL, NULL, NULL, 34, '2015-01-05 05:02:29', 34, '2015-01-05 05:02:29'),
(39, NULL, 36, 'Inventory On Hand', 'DOCUMENTATION', NULL, NULL, 'Inventory On Hand', NULL, NULL, NULL, NULL, NULL, 88, '2015-03-22 08:11:01', 88, '2015-03-22 08:11:01'),
(40, NULL, 36, 'Receipt Transaction', 'DOCUMENTATION', NULL, NULL, 'Receipt Transaction', NULL, NULL, NULL, NULL, NULL, 88, '2015-04-25 06:39:16', 88, '2015-04-25 06:39:16'),
(41, NULL, 31, 'Purchasing', 'DOCUMENTATION', NULL, NULL, 'Purchasing', NULL, NULL, NULL, NULL, 1, 88, '2015-04-25 07:01:38', 88, '2015-04-30 08:44:16'),
(42, NULL, 31, 'Sales & Distribution', 'DOCUMENTATION', NULL, NULL, 'Sales & Distribution', NULL, NULL, NULL, NULL, 1, 88, '2015-04-29 03:21:05', 88, '2015-04-30 08:45:50'),
(43, NULL, 31, 'Bill Of Materials', 'DOCUMENTATION', NULL, NULL, 'Bill Of Materials', NULL, NULL, NULL, NULL, 1, 88, '2015-04-30 08:44:11', 88, '2015-04-30 08:45:33'),
(44, NULL, 31, 'WIP & MES', 'DOCUMENTATION', NULL, NULL, 'Work In Process & Manufacturing Execution System', NULL, NULL, NULL, NULL, 1, 88, '2015-05-01 06:08:21', 88, '2015-05-01 06:08:21'),
(45, NULL, 31, 'Accounts Payable', 'DOCUMENTATION', NULL, NULL, 'Accounts Payable', NULL, NULL, NULL, NULL, 1, 88, '2015-05-08 11:20:52', 88, '2015-05-08 11:20:52'),
(46, NULL, 31, 'Accounts Receivable', 'DOCUMENTATION', NULL, NULL, 'Accounts Receivable', NULL, NULL, NULL, NULL, 1, 88, '2015-05-11 04:14:59', 88, '2015-05-11 04:14:59'),
(47, NULL, 31, 'General Ledger', 'DOCUMENTATION', NULL, NULL, 'General Ledger', NULL, NULL, NULL, NULL, 1, 88, '2015-05-13 08:35:02', 88, '2015-05-13 08:35:02'),
(48, NULL, 31, 'Basics of inoERP', 'DOCUMENTATION', NULL, 1, 'Basics of inoERP', NULL, NULL, NULL, NULL, 1, 88, '2015-05-16 12:46:13', 88, '2015-05-16 12:46:13'),
(49, NULL, 31, 'Forecast & Planning', 'DOCUMENTATION', NULL, 1, 'Forecast & Planning', NULL, NULL, NULL, NULL, 1, 88, '2015-05-16 12:46:46', 88, '2015-05-16 12:46:46'),
(50, NULL, NULL, 'Projects', 'DOCUMENTATION', NULL, 1, 'Projects', NULL, NULL, NULL, NULL, 1, 88, '2015-08-18 08:52:31', 88, '2015-08-18 08:52:31'),
(51, NULL, 31, 'Project', 'DOCUMENTATION', NULL, 1, 'Project', NULL, NULL, NULL, NULL, 1, 88, '2015-08-18 08:57:09', 88, '2015-08-18 08:57:09'),
(52, NULL, NULL, 'Entity Structure', NULL, NULL, NULL, NULL, NULL, NULL, NULL, NULL, 1, 88, '2016-06-26 05:47:12', 88, '2016-06-26 05:58:51'),
(53, NULL, 55, 'ap', 'CONTENT', NULL, NULL, 'Accounts Payable', NULL, NULL, NULL, NULL, NULL, 88, '2016-06-26 05:49:28', 88, '2016-06-26 06:00:50'),
(54, NULL, 55, 'ar', 'CONTENT', NULL, NULL, 'Accounts Receviable', NULL, NULL, NULL, NULL, NULL, 88, '2016-06-26 05:57:06', 88, '2016-06-26 06:01:18'),
(55, NULL, 52, 'Modules', NULL, NULL, NULL, NULL, NULL, NULL, NULL, NULL, 1, 88, '2016-06-26 05:59:56', 88, '2016-06-26 05:59:56'),
(56, NULL, 52, 'Extensions', NULL, NULL, NULL, NULL, NULL, NULL, NULL, NULL, 1, 88, '2016-06-26 06:00:07', 88, '2016-06-26 06:00:07'),
(57, NULL, 55, 'gl', 'CONTENT', NULL, NULL, 'General Ledger', NULL, NULL, NULL, NULL, NULL, 88, '2016-06-26 06:55:10', 88, '2016-06-26 06:55:10'),
(58, NULL, 55, 'fa', 'CONTENT', NULL, NULL, 'Fixed Asset', NULL, NULL, NULL, NULL, NULL, 88, '2016-06-26 06:55:30', 88, '2016-06-26 06:55:30'),
(59, NULL, 55, 'cm', 'CONTENT', NULL, NULL, 'Cash Managment', NULL, NULL, NULL, NULL, NULL, 88, '2016-06-26 06:55:46', 88, '2016-06-26 06:55:46'),
(60, NULL, 55, 'inv', 'CONTENT', NULL, NULL, 'Inventory', NULL, NULL, NULL, NULL, NULL, 88, '2016-06-26 06:56:05', 88, '2016-06-26 06:56:05'),
(61, NULL, 55, 'pur', 'CONTENT', NULL, NULL, 'Purchasing', NULL, NULL, NULL, NULL, NULL, 88, '2016-06-26 06:56:20', 88, '2016-06-26 06:56:20'),
(62, NULL, 55, 'sd', 'CONTENT', NULL, NULL, 'Sales & Distribution', NULL, NULL, NULL, NULL, NULL, 88, '2016-06-26 06:56:37', 88, '2016-06-26 06:56:37'),
(63, NULL, 55, 'bom', 'CONTENT', NULL, NULL, 'Bills of Material', NULL, NULL, NULL, NULL, NULL, 88, '2016-06-26 06:56:52', 88, '2016-06-26 06:56:52'),
(64, NULL, 55, 'wip', 'CONTENT', NULL, NULL, 'Work In Process', NULL, NULL, NULL, NULL, NULL, 88, '2016-06-26 06:57:07', 88, '2016-06-26 06:57:07'),
(65, NULL, 55, 'fp', 'CONTENT', NULL, NULL, 'Forecast & Planning', NULL, NULL, NULL, NULL, NULL, 88, '2016-06-26 06:57:21', 88, '2016-06-26 06:57:21'),
(66, NULL, 55, 'sys', 'CONTENT', NULL, NULL, 'System', NULL, NULL, NULL, NULL, NULL, 88, '2016-06-26 06:57:33', 88, '2016-06-26 06:57:33'),
(67, NULL, 55, 'org', 'CONTENT', NULL, NULL, 'Organization', NULL, NULL, NULL, NULL, NULL, 88, '2016-06-26 06:57:48', 88, '2016-06-26 06:57:48'),
(68, NULL, 55, 'hr', 'CONTENT', NULL, NULL, 'Human Resource', NULL, NULL, NULL, NULL, NULL, 88, '2016-06-26 06:58:04', 88, '2016-06-26 06:58:04'),
(69, NULL, 55, 'cc', 'CONTENT', NULL, NULL, 'Change Control', NULL, NULL, NULL, NULL, NULL, 88, '2016-06-26 06:58:22', 88, '2016-06-26 06:58:22'),
(70, NULL, 56, 'da', 'CONTENT', NULL, NULL, 'Document & Analysis', NULL, NULL, NULL, NULL, NULL, 88, '2016-06-26 06:58:42', 88, '2016-06-26 06:58:42'),
(71, NULL, 55, 'pos', 'CONTENT', NULL, NULL, 'Point Of Sale', NULL, NULL, NULL, NULL, NULL, 88, '2016-06-26 06:59:02', 88, '2016-06-26 06:59:02'),
(72, NULL, 55, 'am', 'CONTENT', NULL, NULL, 'Asset Maintenance', NULL, NULL, NULL, NULL, NULL, 88, '2016-06-26 06:59:19', 88, '2016-06-26 06:59:19'),
(73, NULL, 55, 'adm', 'CONTENT', NULL, NULL, 'Admin', NULL, NULL, NULL, NULL, NULL, 88, '2016-06-26 06:59:36', 88, '2016-06-26 06:59:36'),
(74, NULL, 55, 'ec', 'CONTENT', NULL, NULL, 'eCommerce', NULL, NULL, NULL, NULL, NULL, 88, '2016-06-26 06:59:52', 88, '2016-06-26 06:59:52'),
(75, NULL, 55, 'hd', 'CONTENT', NULL, NULL, 'Help Desk', NULL, NULL, NULL, NULL, NULL, 88, '2016-06-26 07:00:04', 88, '2016-06-26 07:00:04'),
(76, NULL, 55, 'cst', 'CONTENT', NULL, NULL, 'Costing', NULL, NULL, NULL, NULL, NULL, 88, '2016-06-26 07:00:19', 88, '2016-06-26 07:00:19'),
(77, NULL, 55, 'prj', 'CONTENT', NULL, NULL, 'Projects', NULL, NULL, NULL, NULL, NULL, 88, '2016-06-26 07:00:31', 88, '2016-06-26 07:00:31'),
(78, NULL, 55, 'qa', 'CONTENT', NULL, NULL, 'Quality', NULL, NULL, NULL, NULL, NULL, 88, '2016-06-26 07:00:43', 88, '2016-06-26 07:00:43'),
(79, NULL, 55, 'pm', 'CONTENT', NULL, NULL, 'Process Manufacturing', NULL, NULL, NULL, NULL, NULL, 88, '2016-06-26 07:00:56', 88, '2016-06-26 07:00:56'),
(80, NULL, NULL, 'Item Category', 'ITEM', NULL, NULL, 'Item Category', NULL, NULL, NULL, NULL, 1, 1, '2016-06-29 14:37:31', 1, '2016-06-29 14:37:31'),
(81, NULL, 80, 'Item Category 1', 'ITEM', NULL, NULL, 'Item Category 1', NULL, NULL, NULL, NULL, NULL, 1, '2016-06-29 14:38:07', 1, '2016-06-29 14:38:11'),
(82, NULL, 80, 'Item Category 2', 'ITEM', NULL, NULL, 'Item Category 2', NULL, NULL, NULL, NULL, NULL, 1, '2016-06-29 14:38:21', 1, '2016-06-29 14:38:21'),
(83, NULL, 81, 'Item Category 1A', 'ITEM', NULL, NULL, 'Item Category 1A', NULL, NULL, NULL, NULL, NULL, 1, '2016-06-29 14:39:06', 1, '2016-06-29 14:39:06'),
(84, NULL, 81, 'Item Category 1B', 'ITEM', NULL, NULL, 'Item Category 1B', NULL, NULL, NULL, NULL, NULL, 1, '2016-06-29 14:39:21', 1, '2016-06-29 14:39:21'),
(85, NULL, 83, 'Item Category 1Ai', 'ITEM', NULL, NULL, 'Item Category 1Ai', NULL, NULL, NULL, NULL, NULL, 1, '2016-06-29 14:39:42', 1, '2016-06-29 14:39:42');

-- --------------------------------------------------------

--
-- Table structure for table `category_reference`
--

CREATE TABLE `category_reference` (
  `category_reference_id` int(12) NOT NULL,
  `major_category_id` int(12) DEFAULT NULL,
  `category_id` int(12) NOT NULL,
  `reference_type` varchar(50) DEFAULT NULL,
  `reference_table` varchar(50) NOT NULL,
  `reference_id` int(12) NOT NULL,
  `created_by` int(12) NOT NULL,
  `creation_date` datetime DEFAULT NULL,
  `last_update_by` int(12) NOT NULL,
  `last_update_date` datetime DEFAULT NULL
) ENGINE=InnoDB DEFAULT CHARSET=latin1;

--
-- Dumping data for table `category_reference`
--

INSERT INTO `category_reference` (`category_reference_id`, `major_category_id`, `category_id`, `reference_type`, `reference_table`, `reference_id`, `created_by`, `creation_date`, `last_update_by`, `last_update_date`) VALUES
(8, NULL, 1, '1', 'content_type', 32, 0, NULL, 0, NULL),
(9, NULL, 1, '1', 'content_type', 33, 0, NULL, 0, NULL),
(10, NULL, 8, '1', 'content_type', 27, 0, NULL, 0, NULL),
(11, NULL, 7, '2', 'content', 90, 0, NULL, 0, NULL),
(13, NULL, 6, '2', 'content', 91, 0, NULL, 0, NULL),
(14, NULL, 21, '1', 'content_type', 34, 0, NULL, 0, NULL),
(15, NULL, 21, '1', 'content_type', 35, 0, NULL, 0, NULL),
(40, 8, 8, '1', 'content_type', 36, 0, NULL, 0, NULL),
(65, 1, 29, '2', 'content', 116, 0, NULL, 0, NULL),
(80, 1, 1, '1', 'content_type', 25, 0, NULL, 0, NULL),
(81, 30, 30, '1', 'content_type', 25, 0, NULL, 0, NULL),
(82, 8, 8, '1', 'content_type', 42, 0, NULL, 0, NULL),
(84, 1, 1, '1', 'content_type', 29, 0, NULL, 0, NULL),
(86, 21, 21, '1', 'content_type', 43, 0, NULL, 0, NULL),
(92, 8, 8, '1', 'content_type', 43, 0, NULL, 0, NULL),
(101, 1, 1, '1', 'content_type', 1, 0, NULL, 34, '2015-10-16 03:36:17'),
(103, 21, 21, '1', 'content_type', 46, 0, NULL, 34, '2014-12-26 08:48:10'),
(106, 30, 30, '1', 'content_type', 47, 0, NULL, 34, '2015-10-16 03:36:06'),
(109, 30, 31, '2', 'content', 159, 0, NULL, 34, '2015-02-18 09:24:32'),
(110, 30, 31, '2', 'content', 160, 0, NULL, 0, NULL),
(113, 30, 35, '2', 'content', 165, 0, NULL, 0, '2013-06-14 02:42:55'),
(124, NULL, 0, NULL, '', 0, 0, NULL, 0, NULL),
(125, NULL, 0, NULL, '', 0, 0, NULL, 0, NULL),
(126, NULL, 0, NULL, '', 0, 0, NULL, 0, NULL),
(127, NULL, 0, NULL, '', 0, 0, NULL, 0, NULL),
(128, NULL, 0, NULL, '', 0, 0, NULL, 0, NULL),
(129, NULL, 0, NULL, '', 0, 0, NULL, 0, NULL),
(149, 30, 31, '2', 'content', 197, 0, NULL, 0, '2013-06-14 02:42:54'),
(150, 30, 31, '2', 'content', 198, 0, NULL, 0, '2013-06-14 02:42:48'),
(151, 30, 31, '2', 'content', 199, 0, NULL, 0, '2013-06-14 02:42:51'),
(152, 30, 31, '2', 'content', 200, 0, NULL, 0, '2019-06-14 16:57:52'),
(159, 30, 31, '2', 'content', 207, 0, NULL, 0, '2014-06-14 12:53:33'),
(160, 30, 31, '2', 'content', 208, 0, NULL, 34, '2014-11-20 07:55:26'),
(161, 30, 31, '2', 'content', 209, 0, NULL, 0, NULL),
(163, 30, 31, '2', 'content', 210, 0, NULL, 0, NULL),
(164, 30, 31, '2', 'content', 211, 0, NULL, 0, NULL),
(165, 30, 31, '2', 'content', 212, 0, NULL, 0, NULL),
(166, 30, 31, '2', 'content', 213, 0, NULL, 0, NULL),
(168, 1, 3, '2', 'content', 215, 0, NULL, 0, NULL),
(169, 30, 31, '2', 'content', 216, 0, NULL, 0, NULL),
(170, 30, 31, '2', 'content', 217, 0, NULL, 0, NULL),
(171, 30, 31, '2', 'content', 218, 0, NULL, 0, NULL),
(172, 30, 31, '2', 'content', 219, 0, NULL, 0, NULL),
(173, 30, 31, '2', 'content', 220, 0, NULL, 0, '2014-10-17 15:46:23'),
(174, 30, 31, '2', 'content', 221, 0, NULL, 0, NULL),
(175, 1, 18, '2', 'content', 222, 0, NULL, 0, NULL),
(176, 1, 3, '2', 'content', 223, 0, NULL, 0, NULL),
(177, 1, 3, '2', 'content', 224, 0, NULL, 0, NULL),
(178, 1, 3, '2', 'content', 225, 0, NULL, 0, NULL),
(179, 1, 3, '2', 'content', 226, 0, NULL, 0, NULL),
(180, 1, 3, '2', 'content', 227, 0, NULL, 0, NULL),
(181, 1, 3, '2', 'content', 228, 0, NULL, 0, NULL),
(182, 1, 3, '2', 'content', 229, 0, NULL, 0, NULL),
(183, 1, 3, '2', 'content', 230, 0, NULL, 0, NULL),
(184, 1, 3, '2', 'content', 231, 0, NULL, 0, NULL),
(185, 1, 4, '2', 'content', 232, 0, NULL, 34, '2014-10-20 08:33:29'),
(186, 1, 3, '2', 'content', 233, 0, NULL, 34, '2014-10-20 11:43:41'),
(187, 1, 3, '2', 'content', 234, 0, NULL, 0, NULL),
(188, 1, 34, '2', 'content', 235, 0, NULL, 34, '2014-10-20 08:32:55'),
(189, 30, 32, '2', 'content', 236, 0, NULL, 34, '2014-10-20 11:40:14'),
(190, 30, 31, '2', 'content', 237, -99, '2014-10-31 15:40:02', -99, '2014-10-31 15:40:02'),
(191, 30, 37, '2', 'content', 240, 34, '2015-01-05 06:28:34', 34, '2015-01-05 06:28:34'),
(192, 1, 7, '2', 'content', 242, 1, '2015-02-17 14:08:26', 1, '2015-02-17 14:08:26'),
(193, 1, 7, '2', 'content', 243, -99, '2015-02-17 14:09:22', -99, '2015-02-17 14:09:22'),
(194, 1, 7, '2', 'content', 244, -99, '2015-02-17 14:32:33', -99, '2015-02-17 14:32:33'),
(195, 1, 7, '2', 'content', 245, -99, '2015-02-17 14:37:27', -99, '2015-02-17 14:37:27'),
(196, 1, 7, '2', 'content', 251, -99, '2015-03-04 12:31:10', -99, '2015-03-04 12:31:10'),
(197, 1, 7, '2', 'content', 252, -99, '2015-03-04 12:32:13', -99, '2015-03-04 12:32:13'),
(198, 1, 7, '2', 'content', 256, 34, '2015-03-20 14:30:38', 34, '2015-03-20 14:31:27'),
(199, 1, 18, '2', 'content', 257, 34, '2015-03-23 07:54:27', 34, '2015-03-28 06:51:16'),
(200, 1, 7, '2', 'content', 258, 34, '2015-03-23 08:17:02', 34, '2015-03-23 08:17:02'),
(201, 1, 7, '2', 'content', 259, -99, '2015-03-23 08:17:21', -99, '2015-03-23 08:17:21'),
(202, 38, 52, '2', 'item', 10187, 34, '2015-03-28 05:44:08', 34, '2015-03-28 06:06:14'),
(203, 38, 65, '2', 'item', 10187, 34, '2015-03-28 06:51:56', 34, '2015-03-28 06:51:56'),
(204, 38, 51, '2', 'item', 10188, 34, '2015-03-28 07:35:54', 34, '2015-03-28 07:35:54'),
(205, 38, 65, '2', 'ec_product', 1, 34, '2015-03-29 18:00:38', 34, '2015-03-29 18:00:38'),
(206, 38, 60, '2', 'ec_product', 1, 34, '2015-03-29 18:00:38', 34, '2015-03-29 18:00:38'),
(207, 38, 58, '2', 'ec_product', 4, 34, '2015-04-01 13:04:28', 34, '2015-04-01 13:04:28'),
(208, 38, 58, '2', 'ec_product', 5, 34, '2015-04-01 13:09:51', 34, '2015-04-01 13:09:51'),
(209, 38, 58, '2', 'ec_product', 7, 34, '2015-04-01 13:13:07', 34, '2015-04-01 13:13:07'),
(211, 38, 58, '2', 'ec_product', 8, 34, '2015-04-01 13:18:58', 34, '2015-04-01 13:18:58'),
(212, 38, 58, '2', 'ec_product', 9, 34, '2015-04-01 13:20:43', 34, '2015-04-01 13:20:43'),
(213, 38, 58, '2', 'ec_product', 13, 34, '2015-04-02 06:43:28', 34, '2015-04-02 06:43:28'),
(214, 38, 58, '2', 'ec_product', 12, 34, '2015-04-02 06:43:46', 34, '2015-04-02 06:43:46'),
(215, 38, 58, '2', 'ec_product', 11, 34, '2015-04-02 06:44:04', 34, '2015-04-02 06:44:04'),
(216, 38, 58, '2', 'ec_product', 10, 34, '2015-04-02 06:44:56', 34, '2015-04-02 06:44:56'),
(217, 1, 7, '2', 'content', 260, 34, '2015-05-02 13:35:54', 34, '2015-05-02 13:35:54'),
(218, 1, 4, '2', 'content', 261, 34, '2015-05-02 13:39:22', 34, '2015-05-02 13:43:45'),
(219, 1, 7, '2', 'content', 263, 34, '2015-08-05 16:41:48', 34, '2015-08-05 16:41:48'),
(220, 1, 7, '2', 'content', 264, 34, '2015-08-05 17:31:40', 34, '2015-08-05 17:38:24'),
(221, 38, 67, '2', 'ec_product', 14, 34, '2015-09-16 04:13:05', 34, '2015-09-16 04:13:05'),
(222, 38, 67, '2', 'ec_product', 16, 34, '2015-09-16 04:16:26', 34, '2015-09-16 04:16:26'),
(223, 38, 58, '2', 'ec_product', 16, 34, '2015-09-16 04:18:20', 34, '2015-09-16 04:18:20'),
(224, 38, 58, '2', 'ec_product', 17, 34, '2015-09-16 04:20:49', 34, '2015-09-16 04:20:49'),
(225, 38, 58, '2', 'ec_product', 18, 34, '2015-09-17 10:43:10', 34, '2015-09-17 10:43:10'),
(226, 38, 70, '2', 'ec_product', 18, 34, '2015-09-17 11:09:48', 34, '2015-09-17 11:09:48'),
(227, 38, 69, '2', 'ec_product', 17, 34, '2015-09-17 11:10:08', 34, '2015-09-17 11:10:08'),
(228, 38, 71, '2', 'ec_product', 17, 34, '2015-09-17 11:18:32', 34, '2015-09-17 11:18:32'),
(229, 1, 7, '2', 'content', 265, 34, '2015-10-01 16:26:06', 34, '2015-10-01 16:39:11'),
(230, 1, 7, '2', 'content', 266, -99, '2015-10-02 05:24:50', -99, '2015-10-02 05:24:50'),
(231, 66, 74, '2', 'item', 10204, 34, '2015-11-12 05:12:16', 34, '2015-11-12 05:12:16'),
(232, 66, 75, '2', 'item', 10204, 34, '2015-11-12 05:14:47', 34, '2015-11-12 05:14:47'),
(233, 66, 75, '2', 'item', 10035, 34, '2015-11-15 02:23:02', 34, '2015-11-15 02:23:02'),
(234, 66, 74, '2', 'item', 10035, 34, '2015-11-15 02:23:17', 34, '2015-11-15 02:23:17'),
(235, 1, 4, '2', 'content', 267, 34, '2016-01-04 05:47:51', 34, '2016-01-04 05:57:24'),
(236, 1, 1, '2', 'content', 268, 34, '2016-01-04 05:49:03', 34, '2016-01-04 05:49:03'),
(237, 1, 7, '2', 'content', 269, 34, '2016-04-20 09:06:02', 34, '2016-04-20 09:06:02'),
(238, 1, 7, '2', 'content', 270, 34, '2016-04-20 11:33:04', 34, '2016-04-20 11:33:04'),
(239, 1, 7, '2', 'content', 271, -99, '2016-06-05 09:15:10', -99, '2016-06-05 09:15:10'),
(240, 1, 7, '2', 'content', 272, -99, '2016-06-05 09:19:09', -99, '2016-06-05 09:19:09'),
(241, 1, 7, '2', 'content', 273, -99, '2016-06-05 09:21:03', -99, '2016-06-05 09:21:03'),
(242, 1, 7, '2', 'content', 274, -99, '2016-06-05 09:23:24', -99, '2016-06-05 09:23:24'),
(243, 30, 30, '2', 'content', 275, 34, '2016-06-20 14:24:03', 34, '2016-06-20 14:27:17'),
(244, 30, 30, '2', 'content', 276, 34, '2016-06-20 14:32:18', 34, '2016-06-20 14:33:40'),
(246, 30, 30, '1', 'content_type', 50, 34, '2016-06-26 06:50:52', 34, '2016-06-26 09:09:39'),
(247, 30, 46, '2', 'content', 277, 34, '2016-06-26 07:11:25', 1, '2016-07-04 07:14:40'),
(248, 52, 60, '2', 'content', 278, 34, '2016-06-26 09:12:02', 34, '2016-06-26 09:12:02'),
(249, 80, 83, '2', 'item', 62392, 1, '2016-07-03 07:50:41', 1, '2016-07-03 07:50:41'),
(250, 52, 73, '2', 'content', 1589, 88, '2016-07-09 18:49:52', 88, '2016-07-09 18:49:52'),
(251, 52, 72, '2', 'content', 1590, 88, '2016-07-09 18:49:52', 88, '2016-07-09 18:49:52'),
(252, 52, 73, '2', 'content', 1587, 88, '2016-07-09 18:49:52', 88, '2016-07-09 18:49:52'),
(253, 52, 73, '2', 'content', 1586, 88, '2016-07-09 18:49:52', 88, '2016-07-09 18:49:52'),
(254, 52, 67, '2', 'content', 1585, 88, '2016-07-09 18:49:52', 88, '2016-07-09 18:49:52'),
(255, 52, 72, '2', 'content', 1593, 88, '2016-07-09 18:49:52', 88, '2016-07-09 18:49:52'),
(256, 52, 72, '2', 'content', 1595, 88, '2016-07-09 18:49:52', 88, '2016-07-09 18:49:52'),
(257, 52, 72, '2', 'content', 1597, 88, '2016-07-09 18:49:52', 88, '2016-07-09 18:49:52'),
(258, 52, 72, '2', 'content', 1599, 88, '2016-07-09 18:49:52', 88, '2016-07-09 18:49:52'),
(259, 52, 72, '2', 'content', 1601, 88, '2016-07-09 18:49:52', 88, '2016-07-09 18:49:52'),
(260, 52, 53, '2', 'content', 1603, 88, '2016-07-09 18:49:52', 88, '2016-07-09 18:49:52'),
(261, 52, 53, '2', 'content', 1605, 88, '2016-07-09 18:49:52', 88, '2016-07-09 18:49:52'),
(262, 52, 53, '2', 'content', 1607, 88, '2016-07-09 18:49:52', 88, '2016-07-09 18:49:52'),
(263, 52, 53, '2', 'content', 1609, 88, '2016-07-09 18:49:52', 88, '2016-07-09 18:49:52'),
(264, 52, 53, '2', 'content', 1611, 88, '2016-07-09 18:49:52', 88, '2016-07-09 18:49:52'),
(265, 52, 53, '2', 'content', 1613, 88, '2016-07-09 18:49:52', 88, '2016-07-09 18:49:52'),
(266, 52, 53, '2', 'content', 1615, 88, '2016-07-09 18:49:52', 88, '2016-07-09 18:49:52'),
(267, 52, 54, '2', 'content', 1617, 88, '2016-07-09 18:49:52', 88, '2016-07-09 18:49:52'),
(268, 52, 54, '2', 'content', 1619, 88, '2016-07-09 18:49:52', 88, '2016-07-09 18:49:52'),
(269, 52, 54, '2', 'content', 1621, 88, '2016-07-09 18:49:52', 88, '2016-07-09 18:49:52'),
(270, 52, 54, '2', 'content', 1623, 88, '2016-07-09 18:49:52', 88, '2016-07-09 18:49:52'),
(271, 52, 54, '2', 'content', 1625, 88, '2016-07-09 18:49:52', 88, '2016-07-09 18:49:52'),
(272, 52, 54, '2', 'content', 1627, 88, '2016-07-09 18:49:52', 88, '2016-07-09 18:49:52'),
(273, 52, 54, '2', 'content', 1629, 88, '2016-07-09 18:49:52', 88, '2016-07-09 18:49:52'),
(274, 52, 54, '2', 'content', 1631, 88, '2016-07-09 18:49:52', 88, '2016-07-09 18:49:52'),
(275, 52, 54, '2', 'content', 1633, 88, '2016-07-09 18:49:52', 88, '2016-07-09 18:49:52'),
(276, 52, 54, '2', 'content', 1635, 88, '2016-07-09 18:49:52', 88, '2016-07-09 18:49:52'),
(277, 52, 54, '2', 'content', 1637, 88, '2016-07-09 18:49:52', 88, '2016-07-09 18:49:52'),
(278, 52, 56, '2', 'content', 1639, 88, '2016-07-09 18:49:52', 88, '2016-07-09 18:49:52'),
(279, 52, 56, '2', 'content', 1641, 88, '2016-07-09 18:49:52', 88, '2016-07-09 18:49:52'),
(280, 52, 56, '2', 'content', 1643, 88, '2016-07-09 18:49:52', 88, '2016-07-09 18:49:52'),
(281, 52, 56, '2', 'content', 1645, 88, '2016-07-09 18:49:52', 88, '2016-07-09 18:49:52'),
(282, 52, 63, '2', 'content', 1647, 88, '2016-07-09 18:49:52', 88, '2016-07-09 18:49:52'),
(283, 52, 63, '2', 'content', 1649, 88, '2016-07-09 18:49:52', 88, '2016-07-09 18:49:52'),
(284, 52, 63, '2', 'content', 1651, 88, '2016-07-09 18:49:52', 88, '2016-07-09 18:49:52'),
(285, 52, 63, '2', 'content', 1653, 88, '2016-07-09 18:49:52', 88, '2016-07-09 18:49:52'),
(286, 52, 63, '2', 'content', 1655, 88, '2016-07-09 18:49:52', 88, '2016-07-09 18:49:52'),
(287, 52, 63, '2', 'content', 1657, 88, '2016-07-09 18:49:52', 88, '2016-07-09 18:49:52'),
(288, 52, 63, '2', 'content', 1659, 88, '2016-07-09 18:49:52', 88, '2016-07-09 18:49:52'),
(289, 52, 63, '2', 'content', 1661, 88, '2016-07-09 18:49:52', 88, '2016-07-09 18:49:52'),
(290, 52, 63, '2', 'content', 1663, 88, '2016-07-09 18:49:52', 88, '2016-07-09 18:49:52'),
(291, 52, 63, '2', 'content', 1665, 88, '2016-07-09 18:49:52', 88, '2016-07-09 18:49:52'),
(292, 52, 63, '2', 'content', 1667, 88, '2016-07-09 18:49:52', 88, '2016-07-09 18:49:52'),
(293, 52, 63, '2', 'content', 1669, 88, '2016-07-09 18:49:52', 88, '2016-07-09 18:49:52'),
(294, 52, 56, '2', 'content', 1671, 88, '2016-07-09 18:49:52', 88, '2016-07-09 18:49:52'),
(295, 52, 56, '2', 'content', 1673, 88, '2016-07-09 18:49:52', 88, '2016-07-09 18:49:52'),
(296, 52, 56, '2', 'content', 1675, 88, '2016-07-09 18:49:52', 88, '2016-07-09 18:49:52'),
(297, 52, 56, '2', 'content', 1677, 88, '2016-07-09 18:49:52', 88, '2016-07-09 18:49:52'),
(298, 52, 56, '2', 'content', 1679, 88, '2016-07-09 18:49:52', 88, '2016-07-09 18:49:52'),
(299, 52, 56, '2', 'content', 1681, 88, '2016-07-09 18:49:52', 88, '2016-07-09 18:49:52'),
(300, 52, 56, '2', 'content', 1683, 88, '2016-07-09 18:49:52', 88, '2016-07-09 18:49:52'),
(301, 52, 56, '2', 'content', 1685, 88, '2016-07-09 18:49:52', 88, '2016-07-09 18:49:52'),
(302, 52, 57, '2', 'content', 1687, 88, '2016-07-09 18:49:52', 88, '2016-07-09 18:49:52'),
(303, 52, 57, '2', 'content', 1689, 88, '2016-07-09 18:49:52', 88, '2016-07-09 18:49:52'),
(304, 52, 56, '2', 'content', 1691, 88, '2016-07-09 18:49:52', 88, '2016-07-09 18:49:52'),
(305, 52, 56, '2', 'content', 1693, 88, '2016-07-09 18:49:52', 88, '2016-07-09 18:49:52'),
(306, 52, 76, '2', 'content', 1695, 88, '2016-07-09 18:49:52', 88, '2016-07-09 18:49:52'),
(307, 52, 76, '2', 'content', 1697, 88, '2016-07-09 18:49:52', 88, '2016-07-09 18:49:52'),
(308, 52, 76, '2', 'content', 1699, 88, '2016-07-09 18:49:52', 88, '2016-07-09 18:49:52'),
(309, 52, 74, '2', 'content', 1701, 88, '2016-07-09 18:49:52', 88, '2016-07-09 18:49:52'),
(310, 52, 74, '2', 'content', 1703, 88, '2016-07-09 18:49:52', 88, '2016-07-09 18:49:52'),
(311, 52, 74, '2', 'content', 1705, 88, '2016-07-09 18:49:52', 88, '2016-07-09 18:49:52'),
(312, 52, 67, '2', 'content', 1707, 88, '2016-07-09 18:49:52', 88, '2016-07-09 18:49:52'),
(313, 52, 56, '2', 'content', 1709, 88, '2016-07-09 18:49:52', 88, '2016-07-09 18:49:52'),
(314, 52, 56, '2', 'content', 1711, 88, '2016-07-09 18:49:52', 88, '2016-07-09 18:49:52'),
(315, 52, 56, '2', 'content', 1713, 88, '2016-07-09 18:49:52', 88, '2016-07-09 18:49:52'),
(316, 52, 56, '2', 'content', 1715, 88, '2016-07-09 18:49:52', 88, '2016-07-09 18:49:52'),
(317, 52, 56, '2', 'content', 1717, 88, '2016-07-09 18:49:52', 88, '2016-07-09 18:49:52'),
(318, 52, 56, '2', 'content', 1719, 88, '2016-07-09 18:49:52', 88, '2016-07-09 18:49:52'),
(319, 52, 56, '2', 'content', 1721, 88, '2016-07-09 18:49:52', 88, '2016-07-09 18:49:52'),
(320, 52, 56, '2', 'content', 1723, 88, '2016-07-09 18:49:52', 88, '2016-07-09 18:49:52'),
(321, 52, 56, '2', 'content', 1725, 88, '2016-07-09 18:49:52', 88, '2016-07-09 18:49:52'),
(322, 52, 56, '2', 'content', 1727, 88, '2016-07-09 18:49:52', 88, '2016-07-09 18:49:52'),
(323, 52, 56, '2', 'content', 1729, 88, '2016-07-09 18:49:52', 88, '2016-07-09 18:49:52'),
(324, 52, 56, '2', 'content', 1731, 88, '2016-07-09 18:49:52', 88, '2016-07-09 18:49:52'),
(325, 52, 58, '2', 'content', 1733, 88, '2016-07-09 18:49:52', 88, '2016-07-09 18:49:52'),
(326, 52, 58, '2', 'content', 1735, 88, '2016-07-09 18:49:52', 88, '2016-07-09 18:49:52'),
(327, 52, 58, '2', 'content', 1737, 88, '2016-07-09 18:49:52', 88, '2016-07-09 18:49:52'),
(328, 52, 58, '2', 'content', 1739, 88, '2016-07-09 18:49:52', 88, '2016-07-09 18:49:52'),
(329, 52, 58, '2', 'content', 1741, 88, '2016-07-09 18:49:52', 88, '2016-07-09 18:49:52'),
(330, 52, 58, '2', 'content', 1743, 88, '2016-07-09 18:49:52', 88, '2016-07-09 18:49:52'),
(331, 52, 58, '2', 'content', 1745, 88, '2016-07-09 18:49:52', 88, '2016-07-09 18:49:52'),
(332, 52, 56, '2', 'content', 1747, 88, '2016-07-09 18:49:52', 88, '2016-07-09 18:49:52'),
(333, 52, 65, '2', 'content', 1749, 88, '2016-07-09 18:49:52', 88, '2016-07-09 18:49:52'),
(334, 52, 65, '2', 'content', 1751, 88, '2016-07-09 18:49:52', 88, '2016-07-09 18:49:52'),
(335, 52, 65, '2', 'content', 1753, 88, '2016-07-09 18:49:52', 88, '2016-07-09 18:49:52'),
(336, 52, 65, '2', 'content', 1755, 88, '2016-07-09 18:49:52', 88, '2016-07-09 18:49:52'),
(337, 52, 65, '2', 'content', 1757, 88, '2016-07-09 18:49:52', 88, '2016-07-09 18:49:52'),
(338, 52, 65, '2', 'content', 1759, 88, '2016-07-09 18:49:52', 88, '2016-07-09 18:49:52'),
(339, 52, 65, '2', 'content', 1761, 88, '2016-07-09 18:49:52', 88, '2016-07-09 18:49:52'),
(340, 52, 65, '2', 'content', 1763, 88, '2016-07-09 18:49:52', 88, '2016-07-09 18:49:52'),
(341, 52, 65, '2', 'content', 1765, 88, '2016-07-09 18:49:52', 88, '2016-07-09 18:49:52'),
(342, 52, 65, '2', 'content', 1767, 88, '2016-07-09 18:49:52', 88, '2016-07-09 18:49:52'),
(343, 52, 65, '2', 'content', 1769, 88, '2016-07-09 18:49:52', 88, '2016-07-09 18:49:52'),
(344, 52, 65, '2', 'content', 1771, 88, '2016-07-09 18:49:52', 88, '2016-07-09 18:49:52'),
(345, 52, 65, '2', 'content', 1773, 88, '2016-07-09 18:49:52', 88, '2016-07-09 18:49:52'),
(346, 52, 65, '2', 'content', 1775, 88, '2016-07-09 18:49:52', 88, '2016-07-09 18:49:52'),
(347, 52, 65, '2', 'content', 1777, 88, '2016-07-09 18:49:52', 88, '2016-07-09 18:49:52'),
(348, 52, 65, '2', 'content', 1779, 88, '2016-07-09 18:49:52', 88, '2016-07-09 18:49:52'),
(349, 52, 65, '2', 'content', 1781, 88, '2016-07-09 18:49:52', 88, '2016-07-09 18:49:52'),
(350, 52, 57, '2', 'content', 1783, 88, '2016-07-09 18:49:52', 88, '2016-07-09 18:49:52'),
(351, 52, 57, '2', 'content', 1785, 88, '2016-07-09 18:49:52', 88, '2016-07-09 18:49:52'),
(352, 52, 57, '2', 'content', 1787, 88, '2016-07-09 18:49:52', 88, '2016-07-09 18:49:52'),
(353, 52, 57, '2', 'content', 1789, 88, '2016-07-09 18:49:52', 88, '2016-07-09 18:49:52'),
(354, 52, 57, '2', 'content', 1791, 88, '2016-07-09 18:49:52', 88, '2016-07-09 18:49:52'),
(355, 52, 57, '2', 'content', 1793, 88, '2016-07-09 18:49:52', 88, '2016-07-09 18:49:52'),
(356, 52, 57, '2', 'content', 1795, 88, '2016-07-09 18:49:52', 88, '2016-07-09 18:49:52'),
(357, 52, 75, '2', 'content', 1797, 88, '2016-07-09 18:49:52', 88, '2016-07-09 18:49:52'),
(358, 52, 75, '2', 'content', 1799, 88, '2016-07-09 18:49:52', 88, '2016-07-09 18:49:52'),
(359, 52, 75, '2', 'content', 1801, 88, '2016-07-09 18:49:52', 88, '2016-07-09 18:49:52'),
(360, 52, 75, '2', 'content', 1803, 88, '2016-07-09 18:49:52', 88, '2016-07-09 18:49:52'),
(361, 52, 75, '2', 'content', 1805, 88, '2016-07-09 18:49:52', 88, '2016-07-09 18:49:52'),
(362, 52, 75, '2', 'content', 1807, 88, '2016-07-09 18:49:52', 88, '2016-07-09 18:49:52'),
(363, 52, 75, '2', 'content', 1809, 88, '2016-07-09 18:49:52', 88, '2016-07-09 18:49:52'),
(364, 52, 75, '2', 'content', 1811, 88, '2016-07-09 18:49:52', 88, '2016-07-09 18:49:52'),
(365, 52, 75, '2', 'content', 1813, 88, '2016-07-09 18:49:52', 88, '2016-07-09 18:49:52'),
(366, 52, 75, '2', 'content', 1815, 88, '2016-07-09 18:49:52', 88, '2016-07-09 18:49:52'),
(367, 52, 75, '2', 'content', 1817, 88, '2016-07-09 18:49:52', 88, '2016-07-09 18:49:52'),
(368, 52, 68, '2', 'content', 1819, 88, '2016-07-09 18:49:52', 88, '2016-07-09 18:49:52'),
(369, 52, 68, '2', 'content', 1821, 88, '2016-07-09 18:49:52', 88, '2016-07-09 18:49:52'),
(370, 52, 68, '2', 'content', 1823, 88, '2016-07-09 18:49:52', 88, '2016-07-09 18:49:52'),
(371, 52, 68, '2', 'content', 1825, 88, '2016-07-09 18:49:52', 88, '2016-07-09 18:49:52'),
(372, 52, 68, '2', 'content', 1827, 88, '2016-07-09 18:49:52', 88, '2016-07-09 18:49:52'),
(373, 52, 68, '2', 'content', 1829, 88, '2016-07-09 18:49:52', 88, '2016-07-09 18:49:52'),
(374, 52, 68, '2', 'content', 1831, 88, '2016-07-09 18:49:52', 88, '2016-07-09 18:49:52'),
(375, 52, 68, '2', 'content', 1833, 88, '2016-07-09 18:49:52', 88, '2016-07-09 18:49:52'),
(376, 52, 68, '2', 'content', 1835, 88, '2016-07-09 18:49:52', 88, '2016-07-09 18:49:52'),
(377, 52, 68, '2', 'content', 1837, 88, '2016-07-09 18:49:52', 88, '2016-07-09 18:49:52'),
(378, 52, 68, '2', 'content', 1839, 88, '2016-07-09 18:49:52', 88, '2016-07-09 18:49:52'),
(379, 52, 68, '2', 'content', 1841, 88, '2016-07-09 18:49:52', 88, '2016-07-09 18:49:52'),
(380, 52, 68, '2', 'content', 1843, 88, '2016-07-09 18:49:52', 88, '2016-07-09 18:49:52'),
(381, 52, 68, '2', 'content', 1845, 88, '2016-07-09 18:49:52', 88, '2016-07-09 18:49:52'),
(382, 52, 68, '2', 'content', 1847, 88, '2016-07-09 18:49:52', 88, '2016-07-09 18:49:52'),
(383, 52, 68, '2', 'content', 1849, 88, '2016-07-09 18:49:52', 88, '2016-07-09 18:49:52'),
(384, 52, 68, '2', 'content', 1851, 88, '2016-07-09 18:49:52', 88, '2016-07-09 18:49:52'),
(385, 52, 68, '2', 'content', 1853, 88, '2016-07-09 18:49:52', 88, '2016-07-09 18:49:52'),
(386, 52, 68, '2', 'content', 1855, 88, '2016-07-09 18:49:52', 88, '2016-07-09 18:49:52'),
(387, 52, 68, '2', 'content', 1857, 88, '2016-07-09 18:49:52', 88, '2016-07-09 18:49:52'),
(388, 52, 68, '2', 'content', 1859, 88, '2016-07-09 18:49:52', 88, '2016-07-09 18:49:52'),
(389, 52, 68, '2', 'content', 1861, 88, '2016-07-09 18:49:52', 88, '2016-07-09 18:49:52'),
(390, 52, 68, '2', 'content', 1863, 88, '2016-07-09 18:49:52', 88, '2016-07-09 18:49:52'),
(391, 52, 68, '2', 'content', 1865, 88, '2016-07-09 18:49:52', 88, '2016-07-09 18:49:52'),
(392, 52, 60, '2', 'content', 1867, 88, '2016-07-09 18:49:52', 88, '2016-07-09 18:49:52'),
(393, 52, 60, '2', 'content', 1869, 88, '2016-07-09 18:49:52', 88, '2016-07-09 18:49:52'),
(394, 52, 60, '2', 'content', 1871, 88, '2016-07-09 18:49:52', 88, '2016-07-09 18:49:52'),
(395, 52, 60, '2', 'content', 1873, 88, '2016-07-09 18:49:52', 88, '2016-07-09 18:49:52'),
(396, 52, 60, '2', 'content', 1875, 88, '2016-07-09 18:49:52', 88, '2016-07-09 18:49:52'),
(397, 52, 60, '2', 'content', 1877, 88, '2016-07-09 18:49:52', 88, '2016-07-09 18:49:52'),
(398, 52, 60, '2', 'content', 1879, 88, '2016-07-09 18:49:52', 88, '2016-07-09 18:49:52'),
(399, 52, 60, '2', 'content', 1881, 88, '2016-07-09 18:49:52', 88, '2016-07-09 18:49:52'),
(400, 52, 60, '2', 'content', 1883, 88, '2016-07-09 18:49:52', 88, '2016-07-09 18:49:52'),
(401, 52, 60, '2', 'content', 1885, 88, '2016-07-09 18:49:52', 88, '2016-07-09 18:49:52'),
(402, 52, 60, '2', 'content', 1887, 88, '2016-07-09 18:49:52', 88, '2016-07-09 18:49:52'),
(403, 52, 60, '2', 'content', 1889, 88, '2016-07-09 18:49:52', 88, '2016-07-09 18:49:52'),
(404, 52, 60, '2', 'content', 1891, 88, '2016-07-09 18:49:52', 88, '2016-07-09 18:49:52'),
(405, 52, 60, '2', 'content', 1893, 88, '2016-07-09 18:49:52', 88, '2016-07-09 18:49:52'),
(406, 52, 60, '2', 'content', 1895, 88, '2016-07-09 18:49:52', 88, '2016-07-09 18:49:52'),
(407, 52, 67, '2', 'content', 1897, 88, '2016-07-09 18:49:52', 88, '2016-07-09 18:49:52'),
(408, 52, 60, '2', 'content', 1899, 88, '2016-07-09 18:49:52', 88, '2016-07-09 18:49:52'),
(409, 52, 60, '2', 'content', 1901, 88, '2016-07-09 18:49:52', 88, '2016-07-09 18:49:52'),
(410, 52, 60, '2', 'content', 1903, 88, '2016-07-09 18:49:52', 88, '2016-07-09 18:49:52'),
(411, 52, 73, '2', 'content', 1905, 88, '2016-07-09 18:49:52', 88, '2016-07-09 18:49:52'),
(412, 52, 73, '2', 'content', 1907, 88, '2016-07-09 18:49:52', 88, '2016-07-09 18:49:52'),
(413, 52, 73, '2', 'content', 1909, 88, '2016-07-09 18:49:52', 88, '2016-07-09 18:49:52'),
(414, 52, 73, '2', 'content', 1911, 88, '2016-07-09 18:49:52', 88, '2016-07-09 18:49:52'),
(415, 52, 73, '2', 'content', 1913, 88, '2016-07-09 18:49:52', 88, '2016-07-09 18:49:52'),
(416, 52, 73, '2', 'content', 1915, 88, '2016-07-09 18:49:52', 88, '2016-07-09 18:49:52'),
(417, 52, 60, '2', 'content', 1917, 88, '2016-07-09 18:49:52', 88, '2016-07-09 18:49:52'),
(418, 52, 73, '2', 'content', 1919, 88, '2016-07-09 18:49:52', 88, '2016-07-09 18:49:52'),
(419, 52, 73, '2', 'content', 1921, 88, '2016-07-09 18:49:52', 88, '2016-07-09 18:49:52'),
(420, 52, 67, '2', 'content', 1923, 88, '2016-07-09 18:49:52', 88, '2016-07-09 18:49:52'),
(421, 52, 73, '2', 'content', 1925, 88, '2016-07-09 18:49:52', 88, '2016-07-09 18:49:52'),
(422, 52, 53, '2', 'content', 1927, 88, '2016-07-09 18:49:52', 88, '2016-07-09 18:49:52'),
(423, 52, 79, '2', 'content', 1929, 88, '2016-07-09 18:49:52', 88, '2016-07-09 18:49:52'),
(424, 52, 79, '2', 'content', 1931, 88, '2016-07-09 18:49:52', 88, '2016-07-09 18:49:52'),
(425, 52, 79, '2', 'content', 1933, 88, '2016-07-09 18:49:52', 88, '2016-07-09 18:49:52'),
(426, 52, 79, '2', 'content', 1935, 88, '2016-07-09 18:49:52', 88, '2016-07-09 18:49:52'),
(427, 52, 79, '2', 'content', 1937, 88, '2016-07-09 18:49:52', 88, '2016-07-09 18:49:52'),
(428, 52, 79, '2', 'content', 1939, 88, '2016-07-09 18:49:52', 88, '2016-07-09 18:49:52'),
(429, 52, 79, '2', 'content', 1941, 88, '2016-07-09 18:49:52', 88, '2016-07-09 18:49:52'),
(430, 52, 79, '2', 'content', 1943, 88, '2016-07-09 18:49:52', 88, '2016-07-09 18:49:52'),
(431, 52, 79, '2', 'content', 1945, 88, '2016-07-09 18:49:52', 88, '2016-07-09 18:49:52'),
(432, 52, 79, '2', 'content', 1947, 88, '2016-07-09 18:49:52', 88, '2016-07-09 18:49:52'),
(433, 52, 79, '2', 'content', 1949, 88, '2016-07-09 18:49:52', 88, '2016-07-09 18:49:52'),
(434, 52, 61, '2', 'content', 1951, 88, '2016-07-09 18:49:52', 88, '2016-07-09 18:49:52'),
(435, 52, 61, '2', 'content', 1953, 88, '2016-07-09 18:49:52', 88, '2016-07-09 18:49:52'),
(436, 52, 61, '2', 'content', 1955, 88, '2016-07-09 18:49:52', 88, '2016-07-09 18:49:52'),
(437, 52, 61, '2', 'content', 1957, 88, '2016-07-09 18:49:52', 88, '2016-07-09 18:49:52'),
(438, 52, 61, '2', 'content', 1959, 88, '2016-07-09 18:49:52', 88, '2016-07-09 18:49:52'),
(439, 52, 61, '2', 'content', 1961, 88, '2016-07-09 18:49:52', 88, '2016-07-09 18:49:52'),
(440, 52, 61, '2', 'content', 1963, 88, '2016-07-09 18:49:52', 88, '2016-07-09 18:49:52'),
(441, 52, 61, '2', 'content', 1965, 88, '2016-07-09 18:49:52', 88, '2016-07-09 18:49:52'),
(442, 52, 61, '2', 'content', 1967, 88, '2016-07-09 18:49:52', 88, '2016-07-09 18:49:52'),
(443, 52, 61, '2', 'content', 1969, 88, '2016-07-09 18:49:52', 88, '2016-07-09 18:49:52'),
(444, 52, 61, '2', 'content', 1971, 88, '2016-07-09 18:49:52', 88, '2016-07-09 18:49:52'),
(445, 52, 61, '2', 'content', 1973, 88, '2016-07-09 18:49:52', 88, '2016-07-09 18:49:52'),
(446, 52, 61, '2', 'content', 1975, 88, '2016-07-09 18:49:52', 88, '2016-07-09 18:49:52'),
(447, 52, 71, '2', 'content', 1977, 88, '2016-07-09 18:49:52', 88, '2016-07-09 18:49:52'),
(448, 52, 71, '2', 'content', 1979, 88, '2016-07-09 18:49:52', 88, '2016-07-09 18:49:52'),
(449, 52, 71, '2', 'content', 1981, 88, '2016-07-09 18:49:52', 88, '2016-07-09 18:49:52'),
(450, 52, 77, '2', 'content', 1983, 88, '2016-07-09 18:49:52', 88, '2016-07-09 18:49:52'),
(451, 52, 77, '2', 'content', 1985, 88, '2016-07-09 18:49:52', 88, '2016-07-09 18:49:52'),
(452, 52, 77, '2', 'content', 1987, 88, '2016-07-09 18:49:52', 88, '2016-07-09 18:49:52'),
(453, 52, 77, '2', 'content', 1989, 88, '2016-07-09 18:49:52', 88, '2016-07-09 18:49:52'),
(454, 52, 77, '2', 'content', 1991, 88, '2016-07-09 18:49:52', 88, '2016-07-09 18:49:52'),
(455, 52, 77, '2', 'content', 1993, 88, '2016-07-09 18:49:52', 88, '2016-07-09 18:49:52'),
(456, 52, 77, '2', 'content', 1995, 88, '2016-07-09 18:49:52', 88, '2016-07-09 18:49:52'),
(457, 52, 77, '2', 'content', 1997, 88, '2016-07-09 18:49:52', 88, '2016-07-09 18:49:52'),
(458, 52, 77, '2', 'content', 1999, 88, '2016-07-09 18:49:52', 88, '2016-07-09 18:49:52'),
(459, 52, 77, '2', 'content', 2001, 88, '2016-07-09 18:49:52', 88, '2016-07-09 18:49:52'),
(460, 52, 77, '2', 'content', 2003, 88, '2016-07-09 18:49:52', 88, '2016-07-09 18:49:52'),
(461, 52, 77, '2', 'content', 2005, 88, '2016-07-09 18:49:52', 88, '2016-07-09 18:49:52'),
(462, 52, 77, '2', 'content', 2007, 88, '2016-07-09 18:49:52', 88, '2016-07-09 18:49:52'),
(463, 52, 77, '2', 'content', 2009, 88, '2016-07-09 18:49:52', 88, '2016-07-09 18:49:52'),
(464, 52, 77, '2', 'content', 2011, 88, '2016-07-09 18:49:52', 88, '2016-07-09 18:49:52'),
(465, 52, 77, '2', 'content', 2013, 88, '2016-07-09 18:49:52', 88, '2016-07-09 18:49:52'),
(466, 52, 77, '2', 'content', 2015, 88, '2016-07-09 18:49:52', 88, '2016-07-09 18:49:52'),
(467, 52, 77, '2', 'content', 2017, 88, '2016-07-09 18:49:52', 88, '2016-07-09 18:49:52'),
(468, 52, 77, '2', 'content', 2019, 88, '2016-07-09 18:49:52', 88, '2016-07-09 18:49:52'),
(469, 52, 77, '2', 'content', 2021, 88, '2016-07-09 18:49:52', 88, '2016-07-09 18:49:52'),
(470, 52, 77, '2', 'content', 2023, 88, '2016-07-09 18:49:52', 88, '2016-07-09 18:49:52'),
(471, 52, 77, '2', 'content', 2025, 88, '2016-07-09 18:49:52', 88, '2016-07-09 18:49:52'),
(472, 52, 77, '2', 'content', 2027, 88, '2016-07-09 18:49:52', 88, '2016-07-09 18:49:52'),
(473, 52, 77, '2', 'content', 2029, 88, '2016-07-09 18:49:52', 88, '2016-07-09 18:49:52'),
(474, 52, 77, '2', 'content', 2031, 88, '2016-07-09 18:49:52', 88, '2016-07-09 18:49:52'),
(475, 52, 77, '2', 'content', 2033, 88, '2016-07-09 18:49:52', 88, '2016-07-09 18:49:52'),
(476, 52, 77, '2', 'content', 2035, 88, '2016-07-09 18:49:52', 88, '2016-07-09 18:49:52'),
(477, 52, 77, '2', 'content', 2037, 88, '2016-07-09 18:49:52', 88, '2016-07-09 18:49:52'),
(478, 52, 77, '2', 'content', 2039, 88, '2016-07-09 18:49:52', 88, '2016-07-09 18:49:52'),
(479, 52, 60, '2', 'content', 2041, 88, '2016-07-09 18:49:52', 88, '2016-07-09 18:49:52'),
(480, 52, 78, '2', 'content', 2043, 88, '2016-07-09 18:49:52', 88, '2016-07-09 18:49:52'),
(481, 52, 78, '2', 'content', 2045, 88, '2016-07-09 18:49:52', 88, '2016-07-09 18:49:52'),
(482, 52, 78, '2', 'content', 2047, 88, '2016-07-09 18:49:52', 88, '2016-07-09 18:49:52'),
(483, 52, 78, '2', 'content', 2049, 88, '2016-07-09 18:49:52', 88, '2016-07-09 18:49:52'),
(484, 52, 78, '2', 'content', 2051, 88, '2016-07-09 18:49:52', 88, '2016-07-09 18:49:52'),
(485, 52, 78, '2', 'content', 2053, 88, '2016-07-09 18:49:52', 88, '2016-07-09 18:49:52'),
(486, 52, 78, '2', 'content', 2055, 88, '2016-07-09 18:49:52', 88, '2016-07-09 18:49:52'),
(487, 52, 78, '2', 'content', 2057, 88, '2016-07-09 18:49:52', 88, '2016-07-09 18:49:52'),
(488, 52, 78, '2', 'content', 2059, 88, '2016-07-09 18:49:52', 88, '2016-07-09 18:49:52'),
(489, 52, 73, '2', 'content', 2061, 88, '2016-07-09 18:49:52', 88, '2016-07-09 18:49:52'),
(490, 52, 62, '2', 'content', 2063, 88, '2016-07-09 18:49:52', 88, '2016-07-09 18:49:52'),
(491, 52, 62, '2', 'content', 2065, 88, '2016-07-09 18:49:52', 88, '2016-07-09 18:49:52'),
(492, 52, 62, '2', 'content', 2067, 88, '2016-07-09 18:49:52', 88, '2016-07-09 18:49:52'),
(493, 52, 62, '2', 'content', 2069, 88, '2016-07-09 18:49:52', 88, '2016-07-09 18:49:52'),
(494, 52, 62, '2', 'content', 2071, 88, '2016-07-09 18:49:52', 88, '2016-07-09 18:49:52'),
(495, 52, 62, '2', 'content', 2073, 88, '2016-07-09 18:49:52', 88, '2016-07-09 18:49:52'),
(496, 52, 62, '2', 'content', 2075, 88, '2016-07-09 18:49:52', 88, '2016-07-09 18:49:52'),
(497, 52, 62, '2', 'content', 2077, 88, '2016-07-09 18:49:52', 88, '2016-07-09 18:49:52'),
(498, 52, 62, '2', 'content', 2079, 88, '2016-07-09 18:49:52', 88, '2016-07-09 18:49:52'),
(499, 52, 56, '2', 'content', 2081, 88, '2016-07-09 18:49:52', 88, '2016-07-09 18:49:52'),
(500, 52, 56, '2', 'content', 2083, 88, '2016-07-09 18:49:52', 88, '2016-07-09 18:49:52'),
(501, 52, 56, '2', 'content', 2085, 88, '2016-07-09 18:49:52', 88, '2016-07-09 18:49:52'),
(502, 52, 60, '2', 'content', 2087, 88, '2016-07-09 18:49:52', 88, '2016-07-09 18:49:52'),
(503, 52, 53, '2', 'content', 2089, 88, '2016-07-09 18:49:52', 88, '2016-07-09 18:49:52'),
(504, 52, 53, '2', 'content', 2091, 88, '2016-07-09 18:49:52', 88, '2016-07-09 18:49:52'),
(505, 52, 73, '2', 'content', 2093, 88, '2016-07-09 18:49:52', 88, '2016-07-09 18:49:52'),
(506, 52, 73, '2', 'content', 2095, 88, '2016-07-09 18:49:52', 88, '2016-07-09 18:49:52'),
(507, 52, 73, '2', 'content', 2097, 88, '2016-07-09 18:49:52', 88, '2016-07-09 18:49:52'),
(508, 52, 73, '2', 'content', 2099, 88, '2016-07-09 18:49:52', 88, '2016-07-09 18:49:52'),
(509, 52, 73, '2', 'content', 2101, 88, '2016-07-09 18:49:52', 88, '2016-07-09 18:49:52'),
(510, 52, 73, '2', 'content', 2103, 88, '2016-07-09 18:49:52', 88, '2016-07-09 18:49:52'),
(511, 52, 73, '2', 'content', 2105, 88, '2016-07-09 18:49:52', 88, '2016-07-09 18:49:52'),
(512, 52, 73, '2', 'content', 2107, 88, '2016-07-09 18:49:52', 88, '2016-07-09 18:49:52'),
(513, 52, 73, '2', 'content', 2109, 88, '2016-07-09 18:49:52', 88, '2016-07-09 18:49:52'),
(514, 52, 73, '2', 'content', 2111, 88, '2016-07-09 18:49:52', 88, '2016-07-09 18:49:52'),
(515, 52, 73, '2', 'content', 2113, 88, '2016-07-09 18:49:52', 88, '2016-07-09 18:49:52'),
(516, 52, 73, '2', 'content', 2115, 88, '2016-07-09 18:49:52', 88, '2016-07-09 18:49:52'),
(517, 52, 73, '2', 'content', 2117, 88, '2016-07-09 18:49:52', 88, '2016-07-09 18:49:52'),
(518, 52, 73, '2', 'content', 2119, 88, '2016-07-09 18:49:52', 88, '2016-07-09 18:49:52'),
(519, 52, 73, '2', 'content', 2121, 88, '2016-07-09 18:49:52', 88, '2016-07-09 18:49:52'),
(520, 52, 73, '2', 'content', 2123, 88, '2016-07-09 18:49:52', 88, '2016-07-09 18:49:52'),
(521, 52, 73, '2', 'content', 2125, 88, '2016-07-09 18:49:52', 88, '2016-07-09 18:49:52'),
(522, 52, 73, '2', 'content', 2127, 88, '2016-07-09 18:49:52', 88, '2016-07-09 18:49:52'),
(523, 52, 60, '2', 'content', 2129, 88, '2016-07-09 18:49:52', 88, '2016-07-09 18:49:52'),
(524, 52, 56, '2', 'content', 2131, 88, '2016-07-09 18:49:52', 88, '2016-07-09 18:49:52'),
(525, 52, 56, '2', 'content', 2133, 88, '2016-07-09 18:49:52', 88, '2016-07-09 18:49:52'),
(526, 52, 56, '2', 'content', 2135, 88, '2016-07-09 18:49:52', 88, '2016-07-09 18:49:52'),
(527, 52, 56, '2', 'content', 2137, 88, '2016-07-09 18:49:52', 88, '2016-07-09 18:49:52'),
(528, 52, 73, '2', 'content', 2139, 88, '2016-07-09 18:49:52', 88, '2016-07-09 18:49:52'),
(529, 52, 64, '2', 'content', 2141, 88, '2016-07-09 18:49:52', 88, '2016-07-09 18:49:52'),
(530, 52, 64, '2', 'content', 2143, 88, '2016-07-09 18:49:52', 88, '2016-07-09 18:49:52'),
(531, 52, 64, '2', 'content', 2145, 88, '2016-07-09 18:49:52', 88, '2016-07-09 18:49:52'),
(532, 52, 64, '2', 'content', 2147, 88, '2016-07-09 18:49:52', 88, '2016-07-09 18:49:52'),
(533, 52, 64, '2', 'content', 2149, 88, '2016-07-09 18:49:52', 88, '2016-07-09 18:49:52'),
(534, 1, 7, '2', 'content', 2150, 1, '2016-07-13 15:01:38', 1, '2016-07-13 15:40:56'),
(535, 1, 7, '2', 'content', 2151, 1, '2016-07-13 15:46:19', 1, '2016-07-17 18:20:06');

-- --------------------------------------------------------

--
-- Table structure for table `cc_co_header`
--

CREATE TABLE `cc_co_header` (
  `cc_co_header_id` int(12) NOT NULL,
  `org_id` int(12) NOT NULL,
  `change_number` varchar(20) DEFAULT NULL,
  `status` varchar(25) DEFAULT NULL,
  `security_level` varchar(25) DEFAULT NULL,
  `template_id` int(12) DEFAULT NULL,
  `change_type` varchar(25) DEFAULT NULL,
  `originator` varchar(256) DEFAULT NULL,
  `description` text,
  `reason_code` varchar(100) DEFAULT NULL,
  `product_line` varchar(50) DEFAULT NULL,
  `process_flow_header_id` int(12) NOT NULL,
  `current_process_flow_line_id` int(12) DEFAULT NULL,
  `origination_date` date DEFAULT NULL,
  `owner_user_id` int(12) DEFAULT NULL,
  `release_date` date DEFAULT NULL,
  `completion_date` date DEFAULT NULL,
  `project_task_id` int(12) DEFAULT NULL,
  `access_org` text,
  `related_changes` text,
  `priority` int(4) DEFAULT NULL,
  `created_by` int(12) NOT NULL,
  `creation_date` datetime NOT NULL,
  `last_update_by` int(12) NOT NULL,
  `last_update_date` datetime NOT NULL
) ENGINE=InnoDB DEFAULT CHARSET=latin1;

-- --------------------------------------------------------

--
-- Table structure for table `cc_co_line`
--

CREATE TABLE `cc_co_line` (
  `cc_co_line_id` int(12) NOT NULL,
  `cc_co_header_id` int(12) NOT NULL,
  `item_id_m` int(12) NOT NULL,
  `item_description` varchar(256) DEFAULT NULL,
  `new_revision` varchar(10) DEFAULT NULL,
  `status` varchar(50) DEFAULT NULL,
  `created_by` int(12) NOT NULL,
  `creation_date` datetime NOT NULL,
  `last_update_by` int(12) NOT NULL,
  `last_update_date` datetime NOT NULL
) ENGINE=InnoDB DEFAULT CHARSET=latin1;

-- --------------------------------------------------------

--
-- Table structure for table `cc_co_line_value`
--

CREATE TABLE `cc_co_line_value` (
  `cc_co_line_value_id` int(12) NOT NULL,
  `cc_co_line_id` int(12) NOT NULL,
  `cc_co_template_line_id` int(12) DEFAULT NULL,
  `field_value` varchar(256) DEFAULT NULL,
  `created_by` int(12) NOT NULL,
  `creation_date` datetime DEFAULT NULL,
  `last_update_by` int(12) NOT NULL,
  `last_update_date` datetime DEFAULT NULL
) ENGINE=InnoDB DEFAULT CHARSET=latin1;

-- --------------------------------------------------------

--
-- Table structure for table `cc_co_pflow_action_value`
--

CREATE TABLE `cc_co_pflow_action_value` (
  `cc_co_pflow_action_value_id` int(12) NOT NULL,
  `sys_process_flow_action_id` int(12) NOT NULL,
  `value` varchar(256) NOT NULL,
  `comment` varchar(256) DEFAULT NULL,
  `action_user_id` int(12) NOT NULL,
  `action_duration` decimal(10,2) DEFAULT NULL,
  `created_by` int(12) NOT NULL,
  `creation_date` datetime DEFAULT NULL,
  `last_update_by` int(12) NOT NULL,
  `last_update_date` datetime DEFAULT NULL
) ENGINE=InnoDB DEFAULT CHARSET=latin1;

-- --------------------------------------------------------

--
-- Table structure for table `cc_co_process_flow_action`
--

CREATE TABLE `cc_co_process_flow_action` (
  `cc_co_process_flow_action_id` int(12) NOT NULL,
  `cc_co_header_id` int(12) NOT NULL,
  `sys_process_flow_line_id` int(12) NOT NULL,
  `action_number` mediumint(6) NOT NULL,
  `role_code` varchar(25) DEFAULT NULL,
  `user_id` int(12) DEFAULT NULL,
  `pf_action_type` varchar(25) DEFAULT NULL,
  `required_cb` varchar(5) DEFAULT NULL,
  `field_value` varchar(25) DEFAULT NULL,
  `comment` varchar(256) DEFAULT NULL,
  `action_user_id` int(12) DEFAULT NULL,
  `action_duration` decimal(20,5) DEFAULT NULL,
  `created_by` int(12) NOT NULL,
  `creation_date` datetime DEFAULT NULL,
  `last_update_by` int(12) NOT NULL,
  `last_update_date` datetime DEFAULT NULL
) ENGINE=InnoDB DEFAULT CHARSET=latin1;

-- --------------------------------------------------------

--
-- Table structure for table `cc_co_template_header`
--

CREATE TABLE `cc_co_template_header` (
  `cc_co_template_header_id` int(12) NOT NULL,
  `template_name` varchar(25) NOT NULL,
  `org_id` int(12) DEFAULT NULL,
  `description` varchar(256) DEFAULT NULL,
  `status` varchar(50) DEFAULT NULL,
  `created_by` int(12) NOT NULL,
  `creation_date` datetime NOT NULL,
  `last_update_by` int(12) NOT NULL,
  `last_update_date` datetime NOT NULL
) ENGINE=InnoDB DEFAULT CHARSET=latin1;

--
-- Dumping data for table `cc_co_template_header`
--

INSERT INTO `cc_co_template_header` (`cc_co_template_header_id`, `template_name`, `org_id`, `description`, `status`, `created_by`, `creation_date`, `last_update_by`, `last_update_date`) VALUES
(1, 'ECO_01', 6, 'Template For ECO01A', NULL, 34, '2014-11-08 13:46:42', 34, '2015-03-08 04:12:22');

-- --------------------------------------------------------

--
-- Table structure for table `cc_co_template_line`
--

CREATE TABLE `cc_co_template_line` (
  `cc_co_template_line_id` int(12) NOT NULL,
  `cc_co_template_header_id` int(12) NOT NULL,
  `field_name` varchar(25) DEFAULT NULL,
  `required_cb` varchar(25) DEFAULT NULL,
  `label` varchar(50) DEFAULT NULL,
  `value_type` varchar(25) DEFAULT NULL,
  `control_type` varchar(10) DEFAULT NULL,
  `control_value` varchar(50) DEFAULT NULL,
  `control_uom` int(12) DEFAULT NULL,
  `active_cb` tinyint(1) DEFAULT NULL,
  `display_weight` int(11) DEFAULT NULL,
  `list_values` blob,
  `lower_limit` varchar(50) DEFAULT NULL,
  `upper_limit` varchar(50) DEFAULT NULL,
  `list_value_option_type` varchar(50) DEFAULT NULL,
  `created_by` int(12) NOT NULL,
  `creation_date` datetime DEFAULT NULL,
  `last_update_by` int(12) NOT NULL,
  `last_update_date` datetime DEFAULT NULL
) ENGINE=InnoDB DEFAULT CHARSET=latin1;

--
-- Dumping data for table `cc_co_template_line`
--

INSERT INTO `cc_co_template_line` (`cc_co_template_line_id`, `cc_co_template_header_id`, `field_name`, `required_cb`, `label`, `value_type`, `control_type`, `control_value`, `control_uom`, `active_cb`, `display_weight`, `list_values`, `lower_limit`, `upper_limit`, `list_value_option_type`, `created_by`, `creation_date`, `last_update_by`, `last_update_date`) VALUES
(1, 1, 'stockable_cb', '1', NULL, 'CHECK_BOX', NULL, NULL, NULL, NULL, NULL, NULL, NULL, NULL, NULL, 34, '2014-11-08 13:49:02', 34, '2015-03-08 04:12:22'),
(2, 1, 'serial_generation', '1', NULL, 'SELECT', NULL, NULL, NULL, NULL, NULL, 0x733a33343a225052455f444546494e45442c41545f524543454950542c41545f534849504d454e54223b, NULL, NULL, NULL, 34, '2014-11-08 13:49:02', 34, '2015-03-08 04:12:22'),
(3, 1, 'purchased_cb', NULL, NULL, 'CHECK_BOX', NULL, NULL, NULL, NULL, NULL, NULL, NULL, NULL, NULL, 34, '2014-11-08 13:49:02', 34, '2015-03-08 04:12:22'),
(5, 1, 'planner', NULL, NULL, 'TEXT', NULL, NULL, NULL, NULL, NULL, NULL, NULL, NULL, NULL, 34, '2014-11-10 05:13:00', 34, '2015-03-08 04:12:22'),
(6, 1, 'default_buyer', NULL, NULL, 'TEXT', NULL, NULL, NULL, NULL, NULL, NULL, NULL, NULL, NULL, 34, '2014-11-10 05:14:04', 34, '2015-03-08 04:12:22'),
(7, 1, 'fda_accession', NULL, 'FDA Accession', 'TEXT', NULL, NULL, NULL, NULL, NULL, NULL, NULL, NULL, NULL, 34, '2014-11-10 05:48:55', 34, '2015-03-08 04:12:22'),
(8, 1, 'lot_generation', NULL, NULL, 'TEXT', NULL, NULL, NULL, NULL, NULL, NULL, NULL, NULL, NULL, 34, '2014-12-28 09:50:20', 34, '2015-03-08 04:12:22'),
(9, 1, 'overhead_ac_id', NULL, NULL, 'TEXT', NULL, NULL, NULL, NULL, NULL, NULL, NULL, NULL, NULL, 34, '2015-03-08 04:12:22', 34, '2015-03-08 04:12:22');

-- --------------------------------------------------------

--
-- Table structure for table `coa`
--

CREATE TABLE `coa` (
  `coa_id` int(12) NOT NULL,
  `coa_structure_id` int(12) NOT NULL,
  `coa_name` varchar(50) NOT NULL,
  `description` varchar(200) DEFAULT NULL,
  `balancing` varchar(25) NOT NULL,
  `cost_center` varchar(25) NOT NULL,
  `natural_account` varchar(25) NOT NULL,
  `inter_company` varchar(25) NOT NULL,
  `field1` varchar(25) DEFAULT NULL,
  `field2` varchar(25) DEFAULT NULL,
  `field3` varchar(25) DEFAULT NULL,
  `field4` varchar(25) DEFAULT NULL,
  `field5` varchar(25) DEFAULT NULL,
  `field6` varchar(25) DEFAULT NULL,
  `field7` varchar(25) DEFAULT NULL,
  `field8` varchar(25) DEFAULT NULL,
  `status` varchar(50) DEFAULT NULL,
  `rev_enabled_cb` tinyint(1) DEFAULT NULL,
  `rev_number` int(12) DEFAULT NULL,
  `created_by` int(12) NOT NULL,
  `creation_date` datetime DEFAULT NULL,
  `last_update_by` int(12) NOT NULL,
  `last_update_date` datetime DEFAULT NULL
) ENGINE=InnoDB DEFAULT CHARSET=latin1;

--
-- Dumping data for table `coa`
--

INSERT INTO `coa` (`coa_id`, `coa_structure_id`, `coa_name`, `description`, `balancing`, `cost_center`, `natural_account`, `inter_company`, `field1`, `field2`, `field3`, `field4`, `field5`, `field6`, `field7`, `field8`, `status`, `rev_enabled_cb`, `rev_number`, `created_by`, `creation_date`, `last_update_by`, `last_update_date`) VALUES
(1, 82, 'Main COA', 'Corporate Char Of Account', 'LEGAL_UNIT', 'COST_CENTER', 'ACCOUNT', 'LEGAL_UNIT', 'LEGAL_UNIT', 'BUSINESS_UNIT', 'COST_CENTER', 'ACCOUNT', 'PRODUCT_CODE', 'INTERCOMPANY', NULL, NULL, 'active', NULL, 1, 0, '2014-02-25 05:21:18', 34, '2014-12-18 08:07:46'),
(2, 82, 'XX Main COA', 'Ino corp COA 01', '', '', '', '', NULL, NULL, NULL, NULL, NULL, NULL, NULL, NULL, NULL, NULL, NULL, 0, '0000-00-00 00:00:00', 34, '2014-12-18 08:06:37'),
(3, 80, 'Long COA', '8 Segment COA', 'SEGMENT1', 'SEGMENT3', 'SEGMENT4', 'SEGMENT7', 'SEGMENT1', 'SEGMENT2', 'SEGMENT3', 'SEGMENT4', 'SEGMENT5', 'SEGMENT6', 'SEGMENT7', 'SEGMENT8', NULL, NULL, NULL, 34, '2015-07-25 16:51:57', 34, '2015-07-25 16:51:57');

-- --------------------------------------------------------

--
-- Table structure for table `coa_combination`
--

CREATE TABLE `coa_combination` (
  `coa_combination_id` int(12) NOT NULL,
  `coa_id` int(12) NOT NULL,
  `coa_structure_id` int(12) DEFAULT NULL,
  `field1` varchar(12) DEFAULT NULL,
  `field2` varchar(12) DEFAULT NULL,
  `field3` varchar(12) DEFAULT NULL,
  `field4` varchar(12) DEFAULT NULL,
  `field5` varchar(12) DEFAULT NULL,
  `field6` varchar(12) DEFAULT NULL,
  `field7` varchar(12) DEFAULT NULL,
  `field8` varchar(12) DEFAULT NULL,
  `combination` varchar(256) NOT NULL,
  `ac_type` varchar(2) NOT NULL,
  `description` varchar(200) DEFAULT NULL,
  `ef_id` int(12) DEFAULT NULL,
  `status` varchar(50) DEFAULT NULL,
  `rev_enabled_cb` tinyint(1) DEFAULT NULL,
  `rev_number` int(12) DEFAULT NULL,
  `effective_start_date` varchar(200) DEFAULT NULL,
  `effective_end_date` varchar(200) DEFAULT NULL,
  `created_by` int(12) NOT NULL,
  `creation_date` datetime DEFAULT NULL,
  `last_update_by` int(12) NOT NULL,
  `last_update_date` datetime DEFAULT NULL
) ENGINE=InnoDB DEFAULT CHARSET=latin1;

-- --------------------------------------------------------

--
-- Table structure for table `coa_combination_1`
--

CREATE TABLE `coa_combination_1` (
  `coa_combination_id` int(12) NOT NULL,
  `coa_id` int(12) NOT NULL,
  `coa_structure_id` int(12) DEFAULT NULL,
  `field1` varchar(12) DEFAULT NULL,
  `field2` varchar(12) DEFAULT NULL,
  `field3` varchar(12) DEFAULT NULL,
  `field4` varchar(12) DEFAULT NULL,
  `field5` varchar(12) DEFAULT NULL,
  `field6` varchar(12) DEFAULT NULL,
  `field7` varchar(12) DEFAULT NULL,
  `field8` varchar(12) DEFAULT NULL,
  `combination` varchar(256) NOT NULL,
  `ac_type` varchar(2) NOT NULL,
  `description` varchar(200) DEFAULT NULL,
  `ef_id` int(12) DEFAULT NULL,
  `status` varchar(50) DEFAULT NULL,
  `rev_enabled_cb` tinyint(1) DEFAULT NULL,
  `rev_number` int(12) DEFAULT NULL,
  `effective_start_date` varchar(200) DEFAULT NULL,
  `effective_end_date` varchar(200) DEFAULT NULL,
  `created_by` int(12) NOT NULL,
  `creation_date` varchar(30) DEFAULT NULL,
  `last_update_by` int(12) NOT NULL,
  `last_update_date` varchar(30) DEFAULT NULL
) ENGINE=InnoDB DEFAULT CHARSET=latin1;

-- --------------------------------------------------------

--
-- Table structure for table `coa_segment_values`
--

CREATE TABLE `coa_segment_values` (
  `coa_segment_values_id` int(12) UNSIGNED NOT NULL,
  `coa_id` int(12) NOT NULL,
  `coa_segments` varchar(50) NOT NULL,
  `account_type` varchar(50) DEFAULT NULL,
  `segment_code` varchar(50) NOT NULL,
  `description` varchar(255) DEFAULT NULL,
  `efid` int(12) DEFAULT NULL,
  `status` varchar(50) DEFAULT 'disabled',
  `rev_enabled` varchar(50) DEFAULT 'disabled',
  `rev_number` int(10) DEFAULT NULL,
  `effective_start_date` varchar(50) DEFAULT NULL,
  `effective_end_date` varchar(50) DEFAULT NULL,
  `created_by` int(12) NOT NULL,
  `creation_date` datetime DEFAULT NULL,
  `last_update_by` int(12) NOT NULL,
  `last_update_date` datetime DEFAULT NULL
) ENGINE=InnoDB DEFAULT CHARSET=latin1;

-- --------------------------------------------------------

--
-- Table structure for table `common_bom_line`
--

CREATE TABLE `common_bom_line` (
  `bom_line_id` int(12) NOT NULL,
  `bom_header_id` int(12) UNSIGNED NOT NULL,
  `bom_sequence` int(10) UNSIGNED NOT NULL,
  `routing_sequence` int(12) DEFAULT NULL,
  `component_item_id_m` int(12) NOT NULL,
  `usage_basis` varchar(50) DEFAULT NULL,
  `usage_quantity` int(12) NOT NULL,
  `auto_request_material_cb` tinyint(1) DEFAULT NULL,
  `effective_start_date` date DEFAULT NULL,
  `effective_end_date` date DEFAULT NULL,
  `eco_number` varchar(50) DEFAULT NULL,
  `eco_implemented_cb` tinyint(1) DEFAULT NULL,
  `planning_percentage` decimal(6,2) DEFAULT NULL,
  `yield` decimal(6,6) DEFAULT NULL,
  `include_in_cost_rollup_cb` tinyint(1) DEFAULT NULL,
  `wip_supply_type` varchar(20) DEFAULT NULL,
  `supply_sub_inventory` int(12) DEFAULT NULL,
  `supply_locator` int(12) DEFAULT NULL,
  `ef_id` int(12) DEFAULT NULL,
  `created_by` int(12) NOT NULL,
  `creation_date` datetime NOT NULL,
  `last_update_by` int(12) NOT NULL,
  `last_update_date` datetime NOT NULL
) ENGINE=InnoDB DEFAULT CHARSET=latin1;

-- --------------------------------------------------------

--
-- Table structure for table `content`
--

CREATE TABLE `content` (
  `content_id` int(12) NOT NULL,
  `content_type_id` int(12) NOT NULL,
  `parent_id` int(12) DEFAULT NULL,
  `subject` varchar(256) DEFAULT NULL,
  `terms` varchar(256) DEFAULT NULL,
  `published_cb` tinyint(1) DEFAULT NULL,
  `weightage` int(12) DEFAULT NULL,
  `rev_enabled_cb` tinyint(1) DEFAULT NULL,
  `rev_number` varchar(256) DEFAULT NULL,
  `show_in_fp_cb` tinyint(1) DEFAULT NULL,
  `content_by` varchar(50) DEFAULT NULL,
  `created_by` int(12) NOT NULL,
  `creation_date` datetime DEFAULT NULL,
  `last_update_by` int(12) NOT NULL,
  `last_update_date` datetime DEFAULT NULL
) ENGINE=MyISAM DEFAULT CHARSET=latin1;

-- --------------------------------------------------------

--
-- Table structure for table `content_type`
--

CREATE TABLE `content_type` (
  `content_type_id` int(12) NOT NULL,
  `allow_file_cb` tinyint(1) DEFAULT NULL,
  `allow_comment_cb` tinyint(1) DEFAULT NULL,
  `content_type` varchar(25) NOT NULL,
  `read_role` varchar(25) DEFAULT NULL,
  `write_role` varchar(25) DEFAULT NULL,
  `update_role` varchar(25) DEFAULT NULL,
  `comment_read_role` varchar(25) DEFAULT NULL,
  `comment_write_role` varchar(25) DEFAULT NULL,
  `comment_update_role` varchar(25) DEFAULT NULL,
  `comment_order_by` varchar(25) DEFAULT NULL,
  `comments_perpage` int(5) DEFAULT NULL,
  `description` varchar(256) DEFAULT NULL,
  `has_subject_cb` tinyint(1) DEFAULT '1',
  `subject_label` varchar(25) DEFAULT NULL,
  `has_content_cb` tinyint(1) DEFAULT '1',
  `content_label` varchar(25) DEFAULT NULL,
  `summary_display_type` varchar(50) DEFAULT NULL,
  `auto_url_alias_cb` tinyint(1) DEFAULT NULL,
  `show_category_onsummary_cb` tinyint(1) DEFAULT NULL,
  `rev_enabled_cb` tinyint(1) DEFAULT NULL,
  `rev_number` varchar(256) DEFAULT NULL,
  `created_by` int(12) NOT NULL,
  `creation_date` datetime DEFAULT NULL,
  `last_update_by` int(12) NOT NULL,
  `last_update_date` datetime DEFAULT NULL
) ENGINE=MyISAM DEFAULT CHARSET=latin1;

--
-- Dumping data for table `content_type`
--

INSERT INTO `content_type` (`content_type_id`, `allow_file_cb`, `allow_comment_cb`, `content_type`, `read_role`, `write_role`, `update_role`, `comment_read_role`, `comment_write_role`, `comment_update_role`, `comment_order_by`, `comments_perpage`, `description`, `has_subject_cb`, `subject_label`, `has_content_cb`, `content_label`, `summary_display_type`, `auto_url_alias_cb`, `show_category_onsummary_cb`, `rev_enabled_cb`, `rev_number`, `created_by`, `creation_date`, `last_update_by`, `last_update_date`) VALUES
(1, 1, 1, 'forum', 'ANONYMOUS', 'ANONYMOUS', 'ADMIN', NULL, NULL, 'ADMIN', 'DATE_DESC', 10, 'Forum - A list of discussion topics', 1, 'Subject', NULL, NULL, NULL, NULL, NULL, NULL, NULL, 0, '2014-06-18 09:48:21', 34, '2015-10-16 03:36:17'),
(45, NULL, NULL, 'content', 'ANONYMOUS', 'ADMIN', 'ADMIN', 'ADMIN', 'ADMIN', 'ADMIN', 'DATE_DESC', 10, 'Content', 1, 'Subject', NULL, NULL, NULL, NULL, NULL, NULL, NULL, 0, '2014-06-12 16:11:08', 34, '2015-10-16 03:36:11'),
(46, 1, 1, 'issue', NULL, NULL, NULL, NULL, NULL, 'ADMIN', NULL, NULL, 'Issue Log 01', 1, 'Summary', NULL, NULL, NULL, NULL, NULL, NULL, NULL, 0, '2014-06-17 18:49:29', 34, '2014-12-26 08:48:10'),
(47, 1, NULL, 'documentation', 'ANONYMOUS', 'ADMIN', 'ADMIN', NULL, 'BASIC', 'ADMIN', 'DATE_DESC', 10, 'Documentation', 1, 'Subject', NULL, NULL, NULL, 1, 1, NULL, NULL, 0, '2014-07-02 07:30:36', 34, '2015-10-16 03:36:06'),
(49, 1, 1, 'collections', 'BASIC', 'BASIC', 'BASIC', NULL, NULL, NULL, NULL, NULL, 'Data Collections', 1, 'Main Element', NULL, NULL, NULL, NULL, NULL, NULL, NULL, 34, '2015-02-20 18:25:27', 34, '2015-02-20 18:25:27'),
(50, 1, NULL, 'dataentity', 'ANONYMOUS', 'ADMIN', 'ADMIN', NULL, 'BASIC', 'ADMIN', 'DATE_DESC', 10, 'Database Entity', 1, 'Entity Name', NULL, NULL, NULL, 1, 1, NULL, NULL, 34, '2016-06-26 06:45:02', 34, '2016-06-26 09:09:39');

-- --------------------------------------------------------

--
-- Table structure for table `content_type_reference`
--

CREATE TABLE `content_type_reference` (
  `content_type_reference_id` int(12) NOT NULL,
  `content_type_id` int(12) NOT NULL,
  `field_name` varchar(256) NOT NULL,
  `field_label` varchar(256) DEFAULT NULL,
  `field_position` int(12) DEFAULT NULL,
  `required_cb` tinyint(1) DEFAULT NULL,
  `option_type` varchar(256) DEFAULT NULL,
  `created_by` int(12) NOT NULL,
  `creation_date` datetime DEFAULT NULL,
  `last_update_by` int(12) NOT NULL,
  `last_update_date` datetime DEFAULT NULL
) ENGINE=InnoDB DEFAULT CHARSET=latin1;

--
-- Dumping data for table `content_type_reference`
--

INSERT INTO `content_type_reference` (`content_type_reference_id`, `content_type_id`, `field_name`, `field_label`, `field_position`, `required_cb`, `option_type`, `created_by`, `creation_date`, `last_update_by`, `last_update_date`) VALUES
(1, 43, 'listb', 'Field 6', 1, 0, '119', 0, '0000-00-00 00:00:00', 0, '0000-00-00 00:00:00'),
(2, 43, 'bbb', 'Field 2', 13, 1, '', 0, '0000-00-00 00:00:00', 0, '0000-00-00 00:00:00'),
(3, 43, 'textare', 'Field 3', 2, 1, '', 0, '0000-00-00 00:00:00', 0, '0000-00-00 00:00:00'),
(4, 43, 'ohhgodey', 'Field 4', 3, 1, '', 0, '0000-00-00 00:00:00', 0, '0000-00-00 00:00:00'),
(5, 43, 'lista', 'Field 5', 9, 0, '', 0, '0000-00-00 00:00:00', 0, '0000-00-00 00:00:00'),
(6, 43, 'content_id', 'Field 1', 7, 1, '', 0, '0000-00-00 00:00:00', 0, '0000-00-00 00:00:00'),
(7, 1, 'content_id', '', 0, 0, '', 0, '0000-00-00 00:00:00', 34, '2015-10-16 03:36:17'),
(8, 1, 'content', 'Content', 0, 0, '', 0, '0000-00-00 00:00:00', 34, '2015-10-16 03:36:17'),
(9, 46, 'issue', 'Issue', 1, NULL, NULL, 0, NULL, 17, '0000-00-00 00:00:00'),
(10, 46, 'content_id', 'Content Id', 0, 0, '', 0, '0000-00-00 00:00:00', 34, '2014-12-26 08:48:10'),
(11, 46, 'priority', 'Priority', 2, 0, '118', 0, '0000-00-00 00:00:00', 34, '2014-12-26 08:48:10'),
(12, 46, 'category', 'Category', 3, 0, '98', 0, '0000-00-00 00:00:00', 34, '2014-12-26 08:48:10'),
(13, 46, 'component', 'Component', 4, 0, '117', 0, '0000-00-00 00:00:00', 34, '2014-12-26 08:48:10'),
(14, 46, 'testabab', 'TESST', 1, 0, '', 0, '0000-00-00 00:00:00', 34, '2014-12-26 08:48:10'),
(15, 50, 'content_id', '', 0, 0, '', 0, '0000-00-00 00:00:00', 34, '2016-06-26 09:09:39'),
(16, 50, 'content', 'Content', 1, 0, '', 0, '0000-00-00 00:00:00', 34, '2016-06-26 09:09:39'),
(17, 47, 'chapter', 'Chapter', 2, 0, '117', 0, '0000-00-00 00:00:00', 34, '2015-10-16 03:36:06'),
(18, 45, 'content_id', '', 9, 0, '', 0, '0000-00-00 00:00:00', 34, '2015-10-16 03:36:11'),
(19, 45, 'content', 'Content', 14, 0, '', 0, '0000-00-00 00:00:00', 34, '2015-10-16 03:36:11'),
(20, 48, 'testf', 'etstf', NULL, NULL, NULL, 0, NULL, 17, '0000-00-00 00:00:00'),
(21, 48, 'dsfsd', 'sdfkjsdf', 19, NULL, NULL, 0, NULL, 17, '0000-00-00 00:00:00'),
(22, 48, 'whjefheg', 'yeyeye', 5, NULL, NULL, 0, NULL, 0, NULL),
(23, 48, 'dsfds', 'dfdfd', 3, NULL, NULL, 0, NULL, 17, '0000-00-00 00:00:00'),
(24, 48, 'gfgh', 'hgghj', NULL, NULL, NULL, 0, NULL, 0, NULL),
(25, 48, 'content_id', NULL, NULL, NULL, NULL, 0, NULL, 0, NULL),
(26, 48, 'rgdf', 'rfdg', 4, NULL, NULL, 0, NULL, 0, NULL),
(27, 49, 'test_01_a', 'TEST03', 0, 0, '80', 0, '0000-00-00 00:00:00', 0, '2004-06-14 00:00:00'),
(28, 49, 'content_id', 'TEST01', 0, 0, '', 0, '0000-00-00 00:00:00', 0, '2004-06-14 00:00:00'),
(29, 49, 'content_a', 'TEST033', 0, 0, '', 0, '0000-00-00 00:00:00', 0, '2004-06-14 00:00:00'),
(30, 50, 'sadas', 'ASDASD', NULL, NULL, NULL, 0, NULL, 0, NULL),
(31, 51, 'newretsqqq', 'newretsqqq', NULL, NULL, NULL, 0, NULL, 0, NULL),
(32, 52, 'sdfsdf', 'ssdfdsdd', NULL, NULL, NULL, 0, NULL, 0, NULL),
(33, 46, 'status', 'Status', 0, 0, '', 0, '0000-00-00 00:00:00', 34, '2014-12-26 08:48:10'),
(34, 46, 'content', 'Content', NULL, NULL, NULL, 34, '2014-12-26 08:48:10', 34, '2014-12-26 08:48:10'),
(35, 48, 'length', 'length', NULL, NULL, NULL, 34, '2015-02-20 18:18:49', 34, '2015-02-20 18:18:49'),
(37, 49, 'length', 'length', NULL, NULL, NULL, 34, '2015-02-20 18:25:27', 34, '2015-02-20 18:25:27'),
(38, 49, 'height', 'height', 1, NULL, NULL, 34, '2015-02-20 18:25:27', 34, '2015-02-20 18:25:27'),
(39, 50, 'elements', 'Columns', 3, 0, '', 34, '2016-06-26 06:47:41', 34, '2016-06-26 09:09:39'),
(40, 50, 'module', 'Module', 0, 0, '', 34, '2016-06-26 09:08:22', 34, '2016-06-26 09:09:39');

-- --------------------------------------------------------

--
-- Stand-in structure for view `cst_gross_margin_v`
--
CREATE TABLE `cst_gross_margin_v` (
`ar_transaction_header_id` int(12)
,`bu_org_id` int(12)
,`transaction_type` varchar(50)
,`transaction_class` varchar(25)
,`transaction_number` varchar(50)
,`ar_customer_id` int(12)
,`ar_customer_site_id` int(12)
,`document_owner` varchar(256)
,`description` varchar(256)
,`ship_to_id` int(12)
,`bill_to_id` int(12)
,`header_amount` decimal(20,5)
,`currency` varchar(256)
,`exchange_rate` decimal(20,5)
,`doc_currency` varchar(25)
,`document_number` varchar(50)
,`ledger_id` int(12)
,`period_id` int(12)
,`period_name` varchar(25)
,`sales_person` varchar(50)
,`reference_key_name_ath` varchar(25)
,`reference_key_value_ath` varchar(25)
,`sd_so_header_id_ath` int(12)
,`ar_transaction_line_id` int(12)
,`line_number` int(12)
,`item_id_m` int(12)
,`ar_transaction_header_id_atl` int(12)
,`item_description` varchar(256)
,`inv_line_quantity` decimal(20,5)
,`inv_unit_price` decimal(20,5)
,`line_type` varchar(50)
,`line_description` varchar(256)
,`sd_so_header_id` int(12)
,`reference_key_name` varchar(25)
,`reference_key_value` varchar(25)
,`customer_name` varchar(60)
,`customer_number` varchar(25)
,`customer_site_name` varchar(60)
,`customer_site_number` int(12)
,`sd_so_line_id` int(12)
,`line_type_so_line` varchar(25)
,`unit_price` decimal(20,5)
,`item_number` varchar(50)
,`org` varchar(50)
,`shipping_org_id` int(12)
,`inv_unit_price_ledgc` decimal(40,10)
,`address` text
,`country` varchar(40)
,`cst_item_cost_header_id` int(12)
,`frozen_cost` decimal(42,5)
,`gross_profit` decimal(48,10)
,`gross_margin` decimal(57,5)
);

-- --------------------------------------------------------

--
-- Table structure for table `cst_item_cost_header`
--

CREATE TABLE `cst_item_cost_header` (
  `cst_item_cost_header_id` int(12) NOT NULL,
  `bom_cost_type` varchar(25) NOT NULL,
  `org_id` int(12) DEFAULT NULL,
  `item_id_m` int(12) DEFAULT NULL,
  `based_on_rollup_cb` tinyint(1) DEFAULT NULL,
  `include_in_rollup_cb` tinyint(1) DEFAULT NULL,
  `sales_price` decimal(20,5) DEFAULT NULL,
  `purchase_price` decimal(20,5) DEFAULT NULL,
  `created_by` int(12) NOT NULL,
  `creation_date` datetime DEFAULT NULL,
  `last_update_by` int(12) NOT NULL,
  `last_update_date` datetime DEFAULT NULL
) ENGINE=InnoDB DEFAULT CHARSET=latin1;

-- --------------------------------------------------------

--
-- Table structure for table `cst_item_cost_line`
--

CREATE TABLE `cst_item_cost_line` (
  `cst_item_cost_line_id` int(12) NOT NULL,
  `cst_item_cost_header_id` int(12) NOT NULL,
  `cost_element_type` enum('MAT','MOH','OH','RES','OSP') NOT NULL,
  `cost_element_id` int(12) DEFAULT NULL,
  `amount` decimal(20,5) NOT NULL,
  `cost_basis` varchar(25) DEFAULT NULL,
  `this_level_cb` tinyint(1) DEFAULT NULL,
  `status` varchar(50) DEFAULT NULL,
  `created_by` int(12) NOT NULL,
  `creation_date` datetime DEFAULT NULL,
  `last_update_by` int(12) NOT NULL,
  `last_update_date` datetime DEFAULT NULL
) ENGINE=InnoDB DEFAULT CHARSET=latin1;

-- --------------------------------------------------------

--
-- Table structure for table `cst_item_cost_line_pre`
--

CREATE TABLE `cst_item_cost_line_pre` (
  `cst_item_cost_line_id` int(12) NOT NULL,
  `cst_item_cost_header_id` int(12) NOT NULL,
  `cost_element_type` enum('MAT','MOH','OH','RES','OSP') NOT NULL,
  `cost_element_id` int(12) DEFAULT NULL,
  `amount` decimal(20,5) NOT NULL,
  `cost_basis` varchar(25) DEFAULT NULL,
  `ef_id` int(12) DEFAULT NULL,
  `status` varchar(50) DEFAULT NULL,
  `created_by` int(12) NOT NULL,
  `creation_date` datetime DEFAULT NULL,
  `last_update_by` int(12) NOT NULL,
  `last_update_date` datetime DEFAULT NULL,
  `cst_item_cost_line_pre_id` int(12) NOT NULL
) ENGINE=InnoDB DEFAULT CHARSET=latin1;

-- --------------------------------------------------------

--
-- Stand-in structure for view `cst_item_cost_sum_v`
--
CREATE TABLE `cst_item_cost_sum_v` (
`cst_item_cost_header_id` int(12)
,`standard_cost` decimal(42,5)
);

-- --------------------------------------------------------

--
-- Stand-in structure for view `cst_item_cost_v`
--
CREATE TABLE `cst_item_cost_v` (
`item_number` varchar(50)
,`item_description` varchar(256)
,`item_id_m` int(12)
,`org_id` int(12)
,`org` varchar(50)
,`sales_price` decimal(20,5)
,`purchase_price` decimal(20,5)
,`cst_item_cost_header_id` int(12)
,`bom_cost_type` varchar(25)
,`standard_cost` decimal(42,5)
);

-- --------------------------------------------------------

--
-- Table structure for table `c_article`
--

CREATE TABLE `c_article` (
  `content_id` int(12) NOT NULL,
  `content` text
) ENGINE=InnoDB DEFAULT CHARSET=latin1;

-- --------------------------------------------------------

--
-- Table structure for table `c_collections`
--

CREATE TABLE `c_collections` (
  `content_id` int(12) NOT NULL,
  `length` varchar(200) DEFAULT NULL,
  `height` varchar(200) DEFAULT NULL
) ENGINE=MyISAM DEFAULT CHARSET=latin1;

-- --------------------------------------------------------

--
-- Table structure for table `c_content`
--

CREATE TABLE `c_content` (
  `content_id` int(12) NOT NULL,
  `content` text
) ENGINE=InnoDB DEFAULT CHARSET=latin1;

-- --------------------------------------------------------

--
-- Table structure for table `c_dataentity`
--

CREATE TABLE `c_dataentity` (
  `content_id` int(12) NOT NULL,
  `content` text,
  `module` varchar(256) DEFAULT NULL,
  `elements` text
) ENGINE=MyISAM DEFAULT CHARSET=latin1;

-- --------------------------------------------------------

--
-- Table structure for table `c_documentation`
--

CREATE TABLE `c_documentation` (
  `content_id` int(12) NOT NULL,
  `content` text,
  `chapter` varchar(256) DEFAULT NULL
) ENGINE=InnoDB DEFAULT CHARSET=latin1;

-- --------------------------------------------------------

--
-- Table structure for table `c_forum`
--

CREATE TABLE `c_forum` (
  `content_id` int(12) NOT NULL,
  `content` text
) ENGINE=InnoDB DEFAULT CHARSET=latin1;

-- --------------------------------------------------------

--
-- Table structure for table `c_issue`
--

CREATE TABLE `c_issue` (
  `content_id` int(12) NOT NULL,
  `priority` varchar(256) DEFAULT NULL,
  `category` varchar(256) DEFAULT NULL,
  `component` varchar(256) DEFAULT NULL,
  `status` varchar(256) DEFAULT NULL,
  `content` text,
  `testabab` text
) ENGINE=InnoDB DEFAULT CHARSET=latin1;

-- --------------------------------------------------------

--
-- Table structure for table `ec_cart`
--

CREATE TABLE `ec_cart` (
  `ec_cart_id` int(12) UNSIGNED NOT NULL,
  `ec_product_id` int(12) DEFAULT NULL,
  `quantity` decimal(15,5) DEFAULT NULL,
  `price` decimal(15,5) DEFAULT NULL,
  `user_id` int(12) NOT NULL,
  `description` varchar(255) DEFAULT NULL,
  `created_by` int(12) NOT NULL,
  `creation_date` datetime DEFAULT NULL,
  `last_update_by` int(12) NOT NULL,
  `last_update_date` datetime DEFAULT NULL
) ENGINE=InnoDB DEFAULT CHARSET=latin1;

-- --------------------------------------------------------

--
-- Table structure for table `ec_control`
--

CREATE TABLE `ec_control` (
  `default_home_page` varchar(50) NOT NULL,
  `site_name` varchar(256) NOT NULL,
  `price_round` tinyint(2) DEFAULT NULL,
  `tax_code_id` int(12) DEFAULT NULL,
  `shipping_org_id` int(12) NOT NULL,
  `bu_org_id` int(12) NOT NULL,
  `sales_document_type` int(12) NOT NULL,
  `line_type` varchar(25) DEFAULT NULL,
  `order_source_type` varchar(25) DEFAULT NULL,
  `payment_term_id` int(12) DEFAULT NULL,
  `exchange_rate_type` varchar(25) DEFAULT NULL,
  `email_template` text,
  `send_email_cb` tinyint(1) DEFAULT NULL,
  `email_cc` varchar(255) DEFAULT NULL,
  `last_update_by` int(12) NOT NULL,
  `last_update_date` datetime DEFAULT NULL
) ENGINE=InnoDB DEFAULT CHARSET=latin1;

-- --------------------------------------------------------

--
-- Table structure for table `ec_paid_order`
--

CREATE TABLE `ec_paid_order` (
  `ec_paid_order_id` int(12) UNSIGNED NOT NULL,
  `payment_method_id` int(12) DEFAULT NULL,
  `total_amount` decimal(15,5) DEFAULT NULL,
  `doc_currency` varchar(25) DEFAULT NULL,
  `service_provider` varchar(50) DEFAULT NULL,
  `sp_transaction_id` varchar(255) DEFAULT NULL,
  `user_id` int(12) NOT NULL,
  `email` varchar(100) DEFAULT NULL,
  `confirm_order_details` text NOT NULL,
  `sp_return_data` text,
  `status` varchar(25) DEFAULT NULL,
  `created_by` int(12) NOT NULL,
  `creation_date` datetime DEFAULT NULL,
  `last_update_by` int(12) NOT NULL,
  `last_update_date` datetime DEFAULT NULL
) ENGINE=InnoDB DEFAULT CHARSET=latin1;

-- --------------------------------------------------------

--
-- Table structure for table `ec_payment_method`
--

CREATE TABLE `ec_payment_method` (
  `ec_payment_method_id` int(12) UNSIGNED NOT NULL,
  `type` varchar(25) DEFAULT NULL,
  `payment_method_name` varchar(25) DEFAULT NULL,
  `mode` varchar(255) DEFAULT NULL,
  `display_name` varchar(25) DEFAULT NULL,
  `user_message` text,
  `username` varchar(255) DEFAULT NULL,
  `submit_button_name` varchar(25) DEFAULT NULL,
  `password` varchar(255) DEFAULT NULL,
  `signature` varchar(255) DEFAULT NULL,
  `doc_currency` varchar(25) DEFAULT NULL,
  `return_url` varchar(255) DEFAULT NULL,
  `cancel_url` varchar(255) DEFAULT NULL,
  `confirm_url` varchar(255) DEFAULT NULL,
  `image_file_id` int(12) DEFAULT NULL,
  `status` varchar(25) DEFAULT NULL,
  `created_by` int(12) NOT NULL,
  `creation_date` datetime DEFAULT NULL,
  `last_update_by` int(12) NOT NULL,
  `last_update_date` datetime DEFAULT NULL
) ENGINE=InnoDB DEFAULT CHARSET=latin1;

-- --------------------------------------------------------

--
-- Table structure for table `ec_product`
--

CREATE TABLE `ec_product` (
  `ec_product_id` int(12) UNSIGNED NOT NULL,
  `item_id_m` int(12) DEFAULT NULL,
  `org_id` int(12) DEFAULT NULL,
  `product_name` varchar(255) DEFAULT NULL,
  `product_description` text,
  `new_date_trom` date DEFAULT NULL,
  `new_date_to` date DEFAULT NULL,
  `status` varchar(25) DEFAULT NULL,
  `visibility` varbinary(25) DEFAULT NULL,
  `tax_code_id` int(12) DEFAULT NULL,
  `meta_title` varchar(255) DEFAULT NULL,
  `meta_keywords` varchar(255) DEFAULT NULL,
  `meta_description` varchar(255) DEFAULT NULL,
  `price_list_id` int(12) DEFAULT NULL,
  `list_price` decimal(15,5) DEFAULT NULL,
  `no_of_view` int(12) DEFAULT NULL,
  `sales_price` decimal(15,5) DEFAULT NULL,
  `sp_from_date` date DEFAULT NULL,
  `sp_to_date` date DEFAULT NULL,
  `featured_product_cb` tinyint(1) DEFAULT NULL,
  `created_by` int(12) NOT NULL,
  `creation_date` datetime DEFAULT NULL,
  `last_update_by` int(12) NOT NULL,
  `last_update_date` datetime DEFAULT NULL
) ENGINE=InnoDB DEFAULT CHARSET=latin1;

-- --------------------------------------------------------

--
-- Table structure for table `ef_f_wavelength`
--

CREATE TABLE `ef_f_wavelength` (
  `ef_f_wavelength_id` int(12) NOT NULL,
  `reference_type` varchar(30) DEFAULT NULL,
  `reference_entity` varchar(50) DEFAULT NULL,
  `reference_key_name` varchar(50) DEFAULT NULL,
  `reference_key_value` int(12) DEFAULT NULL,
  `created_by` varchar(256) NOT NULL,
  `creation_date` date NOT NULL,
  `last_update_by` varchar(256) NOT NULL,
  `last_update_date` date NOT NULL,
  `ef_f_wavelength_value` int(10) DEFAULT NULL
) ENGINE=InnoDB DEFAULT CHARSET=latin1;

-- --------------------------------------------------------

--
-- Table structure for table `ef_grade`
--

CREATE TABLE `ef_grade` (
  `ef_grade_id` int(12) NOT NULL,
  `reference_type` varchar(30) DEFAULT NULL,
  `reference_entity` varchar(50) DEFAULT NULL,
  `reference_key_name` varchar(50) DEFAULT NULL,
  `reference_key_value` int(12) DEFAULT NULL,
  `created_by` int(12) NOT NULL,
  `creation_date` datetime DEFAULT NULL,
  `last_update_by` int(12) NOT NULL,
  `last_update_date` datetime DEFAULT NULL,
  `ef_grade_value` varchar(25) DEFAULT NULL
) ENGINE=InnoDB DEFAULT CHARSET=latin1;

-- --------------------------------------------------------

--
-- Table structure for table `ef_length`
--

CREATE TABLE `ef_length` (
  `ef_length_id` int(12) NOT NULL,
  `reference_type` varchar(30) DEFAULT NULL,
  `reference_entity` varchar(50) DEFAULT NULL,
  `reference_key_name` varchar(50) DEFAULT NULL,
  `reference_key_value` int(12) DEFAULT NULL,
  `created_by` int(12) NOT NULL,
  `creation_date` datetime DEFAULT NULL,
  `last_update_by` int(12) NOT NULL,
  `last_update_date` datetime DEFAULT NULL,
  `ef_length_value` varchar(20) DEFAULT NULL
) ENGINE=InnoDB DEFAULT CHARSET=latin1;

-- --------------------------------------------------------

--
-- Table structure for table `ef_per_master_file`
--

CREATE TABLE `ef_per_master_file` (
  `ef_per_master_file_id` int(12) NOT NULL,
  `reference_type` varchar(30) DEFAULT NULL,
  `reference_entity` varchar(50) DEFAULT NULL,
  `reference_key_name` varchar(50) DEFAULT NULL,
  `reference_key_value` int(12) DEFAULT NULL,
  `created_by` int(12) NOT NULL,
  `creation_date` datetime DEFAULT NULL,
  `last_update_by` int(12) NOT NULL,
  `last_update_date` datetime DEFAULT NULL,
  `ef_per_master_file_value` int(12) DEFAULT NULL
) ENGINE=InnoDB DEFAULT CHARSET=latin1;

-- --------------------------------------------------------

--
-- Table structure for table `ef_power_cable`
--

CREATE TABLE `ef_power_cable` (
  `ef_power_cable_id` int(12) NOT NULL,
  `reference_type` varchar(30) DEFAULT NULL,
  `reference_entity` varchar(50) DEFAULT NULL,
  `reference_key_name` varchar(50) DEFAULT NULL,
  `reference_key_value` int(12) DEFAULT NULL,
  `created_by` int(12) NOT NULL,
  `creation_date` datetime DEFAULT NULL,
  `last_update_by` int(12) NOT NULL,
  `last_update_date` datetime DEFAULT NULL,
  `ef_power_cable_value` tinyint(1) DEFAULT NULL
) ENGINE=InnoDB DEFAULT CHARSET=latin1;

-- --------------------------------------------------------

--
-- Table structure for table `ef_serial_status`
--

CREATE TABLE `ef_serial_status` (
  `ef_serial_status_id` int(12) NOT NULL,
  `reference_type` varchar(30) DEFAULT NULL,
  `reference_entity` varchar(50) DEFAULT NULL,
  `reference_key_name` varchar(50) DEFAULT NULL,
  `reference_key_value` int(12) DEFAULT NULL,
  `created_by` int(12) NOT NULL,
  `creation_date` datetime DEFAULT NULL,
  `last_update_by` int(12) NOT NULL,
  `last_update_date` datetime DEFAULT NULL,
  `ef_serial_status_value` varchar(50) DEFAULT NULL
) ENGINE=InnoDB DEFAULT CHARSET=latin1;

-- --------------------------------------------------------

--
-- Table structure for table `engine`
--

CREATE TABLE `engine` (
  `engine_id` int(12) UNSIGNED NOT NULL,
  `obj_class_name` varchar(100) NOT NULL,
  `number` int(12) UNSIGNED NOT NULL,
  `type` varchar(50) NOT NULL,
  `enabled_cb` tinyint(1) DEFAULT NULL,
  `db_version` varchar(25) DEFAULT NULL,
  `primary_entity_cb` tinyint(1) DEFAULT NULL,
  `module_name` varchar(25) DEFAULT NULL,
  `path` varchar(256) DEFAULT NULL,
  `dependent_class` varchar(256) DEFAULT NULL,
  `weight` int(12) DEFAULT NULL,
  `created_by` int(12) NOT NULL,
  `creation_date` datetime DEFAULT NULL,
  `last_update_by` int(12) NOT NULL,
  `last_update_date` datetime DEFAULT NULL
) ENGINE=InnoDB DEFAULT CHARSET=latin1;

--
-- Dumping data for table `engine`
--

INSERT INTO `engine` (`engine_id`, `obj_class_name`, `number`, `type`, `enabled_cb`, `db_version`, `primary_entity_cb`, `module_name`, `path`, `dependent_class`, `weight`, `created_by`, `creation_date`, `last_update_by`, `last_update_date`) VALUES
(1, 'ap_payment_header', 1204, 'modules', 1, '1001', NULL, 'ap', NULL, NULL, NULL, 34, '2014-12-13 19:21:55', 34, '2014-12-13 19:30:28'),
(2, 'supplier_bu', 1202, 'modules', 1, '1001', NULL, 'ap', NULL, NULL, NULL, 34, '2014-12-13 19:21:55', 34, '2014-12-13 19:21:55'),
(3, 'supplier', 1201, 'modules', 1, '1001', NULL, 'ap', NULL, NULL, NULL, 34, '2014-12-13 19:21:56', 34, '2014-12-13 19:21:56'),
(4, 'ar_customer', 1301, 'modules', 1, '1001', NULL, 'ar', NULL, NULL, NULL, 34, '2014-12-13 19:21:56', 34, '2014-12-13 19:21:56'),
(5, 'ap_transaction_header', 1203, 'modules', 1, '1001', NULL, 'ap', NULL, NULL, NULL, 34, '2014-12-13 19:21:56', 34, '2014-12-13 19:21:56'),
(6, 'ar_customer_bu', 1302, 'modules', 1, '1001', NULL, 'ar', NULL, NULL, NULL, 34, '2014-12-13 19:21:56', 34, '2014-12-13 19:21:56'),
(7, 'ar_receipt_header', 1304, 'modules', 1, '1001', NULL, 'ar', NULL, NULL, NULL, 34, '2014-12-13 19:21:57', 34, '2014-12-13 19:21:57'),
(8, 'ar_receipt_source', 1305, 'modules', 1, '1001', NULL, 'ar', NULL, NULL, NULL, 34, '2014-12-13 19:21:57', 34, '2014-12-13 19:21:57'),
(9, 'ar_transaction_header', 1303, 'modules', 1, '1001', NULL, 'ar', NULL, NULL, NULL, 34, '2014-12-13 19:21:57', 34, '2014-12-13 19:21:57'),
(10, 'ar_transaction_interface', 1306, 'modules', 1, '1001', NULL, 'ar', NULL, NULL, NULL, 34, '2014-12-13 19:21:58', 34, '2014-12-13 19:21:58'),
(11, 'ar_transaction_source', 1308, 'modules', 1, '1001', NULL, 'ar', NULL, NULL, NULL, 34, '2014-12-13 19:21:58', 34, '2014-12-13 19:21:58'),
(12, 'ar_transaction_type', 1307, 'modules', 1, '1001', NULL, 'smartview', NULL, NULL, NULL, 34, '2014-12-13 19:21:58', 34, '2015-05-06 13:26:54'),
(13, 'bc_auto_trigger', 9201, 'modules', 1, '1001', NULL, 'bc', NULL, NULL, NULL, 34, '2014-12-13 19:21:59', 34, '2014-12-13 19:21:59'),
(14, 'bc_label_format_header', 9202, 'modules', 1, '1001', NULL, 'bc', NULL, NULL, NULL, 34, '2014-12-13 19:21:59', 34, '2014-12-13 19:21:59'),
(15, 'bc_label_request', 9203, 'modules', 1, '1001', NULL, 'bc', NULL, NULL, NULL, 34, '2014-12-13 19:21:59', 34, '2014-12-13 19:21:59'),
(17, 'bc_static_label', 9204, 'modules', 1, '1001', NULL, 'bc', NULL, NULL, NULL, 34, '2014-12-13 19:22:00', 34, '2014-12-13 19:22:00'),
(18, 'bom_cost_type', 2403, 'modules', 1, '1001', NULL, 'bom', NULL, NULL, NULL, 34, '2014-12-13 19:22:00', 34, '2014-12-13 19:22:00'),
(19, 'bom_department', 2402, 'modules', 1, '1001', NULL, 'bom', NULL, NULL, NULL, 34, '2014-12-13 19:22:00', 34, '2014-12-13 19:22:00'),
(20, 'bom_material_element', 2404, 'modules', 1, '1001', NULL, 'bom', NULL, NULL, NULL, 34, '2014-12-13 19:22:01', 34, '2014-12-13 19:22:01'),
(21, 'bom_overhead', 2405, 'modules', 1, '1001', NULL, 'bom', NULL, NULL, NULL, 34, '2014-12-13 19:22:01', 34, '2014-12-13 19:22:01'),
(22, 'bom_resource', 2406, 'modules', 1, '1001', NULL, 'bom', NULL, NULL, NULL, 34, '2014-12-13 19:22:01', 34, '2014-12-13 19:22:01'),
(23, 'bom_routing_header', 2407, 'modules', 1, '1001', NULL, 'bom', NULL, NULL, NULL, 34, '2014-12-13 19:22:01', 34, '2014-12-13 19:22:01'),
(24, 'bom_standard_operation', 2408, 'modules', 1, '1001', NULL, 'bom', NULL, NULL, NULL, 34, '2014-12-13 19:22:02', 34, '2014-12-13 19:22:02'),
(25, 'bom_header', 2401, 'modules', 1, '1001', NULL, 'bom', NULL, NULL, NULL, 34, '2014-12-13 19:22:02', 34, '2014-12-13 19:22:02'),
(26, 'indented_bom', 2409, 'modules', 1, '1001', NULL, 'bom', NULL, NULL, NULL, 34, '2014-12-13 19:22:02', 34, '2014-12-13 19:22:02'),
(27, 'cc_co_header', 9301, 'modules', 1, '1001', NULL, 'cc', NULL, NULL, NULL, 34, '2014-12-13 19:22:03', 34, '2014-12-13 19:22:03'),
(28, 'cc_co_process_flow_action', 9302, 'modules', 1, '1001', NULL, 'cc', NULL, NULL, NULL, 34, '2014-12-13 19:22:03', 34, '2014-12-13 19:22:03'),
(29, 'cc_co_template_header', 9303, 'modules', 1, '1001', NULL, 'cc', NULL, NULL, NULL, 34, '2014-12-13 19:22:03', 34, '2014-12-13 19:22:03'),
(30, 'cst_item_cost_header', 2701, 'modules', 1, '1001', NULL, 'cst', NULL, NULL, NULL, 34, '2014-12-13 19:22:03', 34, '2014-12-13 19:24:35'),
(32, 'fp_forecast_consumption', 2503, 'modules', 1, '1001', NULL, 'fp', NULL, NULL, NULL, 34, '2014-12-13 19:22:04', 34, '2014-12-13 19:22:04'),
(33, 'fp_forecast_group', 2502, 'modules', 1, '1001', NULL, 'fp', NULL, NULL, NULL, 34, '2014-12-13 19:22:04', 34, '2014-12-13 19:22:04'),
(34, 'fp_mds_header', 2504, 'modules', 1, '1001', NULL, 'fp', NULL, NULL, NULL, 34, '2014-12-13 19:22:05', 34, '2014-12-13 19:22:05'),
(35, 'fp_minmax_header', 2505, 'modules', 1, '1001', NULL, 'fp', NULL, NULL, NULL, 34, '2014-12-13 19:22:05', 34, '2014-12-13 19:22:05'),
(36, 'fp_mrp_header', 2506, 'modules', 1, '1001', NULL, 'fp', NULL, NULL, NULL, 34, '2014-12-13 19:22:05', 34, '2014-12-13 19:22:05'),
(37, 'fp_planning_control', 2507, 'modules', 1, '1001', NULL, 'fp', NULL, NULL, NULL, 34, '2014-12-13 19:22:05', 34, '2014-12-13 19:22:05'),
(38, 'fp_source_list_header', 2508, 'modules', 1, '1001', NULL, 'fp', NULL, NULL, NULL, 34, '2014-12-13 19:22:06', 34, '2014-12-13 19:22:06'),
(39, 'fp_urgent_card', 2509, 'modules', 1, '1001', NULL, 'fp', NULL, NULL, NULL, 34, '2014-12-13 19:22:06', 34, '2014-12-13 19:22:06'),
(40, 'gl_balance', 1101, 'modules', 1, '1001', NULL, 'gl', NULL, NULL, NULL, 34, '2014-12-13 19:22:06', 34, '2014-12-13 19:22:06'),
(41, 'gl_calendar', 1102, 'modules', 1, '1001', NULL, 'gl', NULL, NULL, NULL, 34, '2014-12-13 19:22:07', 34, '2014-12-13 19:22:07'),
(42, 'coa', 1103, 'modules', 1, '1001', NULL, 'gl', NULL, NULL, NULL, 34, '2014-12-13 19:22:07', 34, '2014-12-13 19:22:07'),
(43, 'coa_combination', 1104, 'modules', 1, '1001', NULL, 'gl', NULL, NULL, NULL, 34, '2014-12-13 19:22:07', 34, '2014-12-13 19:22:07'),
(44, 'gl_currency_conversion', 1105, 'modules', 1, '1001', NULL, 'gl', NULL, NULL, NULL, 34, '2014-12-13 19:22:07', 34, '2014-12-13 19:22:07'),
(45, 'gl_journal_header', 1106, 'modules', 1, '1001', NULL, 'gl', NULL, NULL, NULL, 34, '2014-12-13 19:22:08', 34, '2014-12-13 19:22:08'),
(46, 'gl_ledger', 1107, 'modules', 1, '1001', NULL, 'gl', NULL, NULL, NULL, 34, '2014-12-13 19:22:08', 34, '2014-12-13 19:22:08'),
(47, 'payment_term', 1108, 'modules', 1, '1001', NULL, 'gl', NULL, NULL, NULL, 34, '2014-12-13 19:22:08', 34, '2014-12-13 19:22:08'),
(48, 'gl_period', 1109, 'modules', 1, '1001', NULL, 'gl', NULL, NULL, NULL, 34, '2014-12-13 19:22:09', 34, '2014-12-13 19:22:09'),
(49, 'hr_approval_limit_header', 3101, 'modules', 1, '1001', NULL, 'hr', NULL, NULL, NULL, 34, '2014-12-13 19:22:09', 34, '2014-12-13 19:22:09'),
(50, 'hr_approval_limit_assignment', 3102, 'modules', 1, '1001', NULL, 'hr', NULL, NULL, NULL, 34, '2014-12-13 19:22:09', 34, '2014-12-13 19:22:09'),
(51, 'hr_approval_object', 3103, 'modules', 1, '1001', NULL, 'hr', NULL, NULL, NULL, 34, '2014-12-13 19:22:10', 34, '2014-12-13 19:22:10'),
(52, 'hr_approval_validation', 3104, 'modules', 1, '1001', NULL, 'hr', NULL, NULL, NULL, 34, '2014-12-13 19:22:10', 34, '2014-12-13 19:22:10'),
(53, 'hr_compensation_element', 3105, 'modules', 1, '1001', NULL, 'hr', NULL, NULL, NULL, 34, '2014-12-13 19:22:10', 34, '2014-12-13 19:22:10'),
(54, 'hr_employee', 3107, 'modules', 1, '1001', NULL, 'hr', NULL, NULL, NULL, 34, '2014-12-13 19:22:11', 34, '2014-12-13 19:22:11'),
(55, 'hr_employee_salary', 3106, 'modules', 1, '1001', NULL, 'hr', NULL, NULL, NULL, 34, '2014-12-13 19:22:11', 34, '2014-12-13 19:22:11'),
(56, 'hr_job', 3108, 'modules', 1, '1001', NULL, 'hr', NULL, NULL, NULL, 34, '2014-12-13 19:22:11', 34, '2014-12-13 19:22:11'),
(57, 'hr_leave_balance', 3202, 'modules', 1, '1001', NULL, 'hr', NULL, NULL, NULL, 34, '2014-12-13 19:22:11', 34, '2014-12-13 19:22:11'),
(58, 'hr_leave_balance_user', 3203, 'modules', 1, '1001', NULL, 'hr', NULL, NULL, NULL, 34, '2014-12-13 19:22:12', 34, '2014-12-13 19:22:12'),
(59, 'hr_leave_entitlement_header', 3204, 'modules', 1, '1001', NULL, 'hr', NULL, NULL, NULL, 34, '2014-12-13 19:22:12', 34, '2014-12-13 19:22:12'),
(60, 'hr_leave_type', 3201, 'modules', 1, '1001', NULL, 'hr', NULL, NULL, NULL, 34, '2014-12-13 19:22:12', 34, '2014-12-13 19:22:12'),
(61, 'hr_payroll', 3301, 'modules', 1, '1001', NULL, 'hr', NULL, NULL, NULL, 34, '2014-12-13 19:22:12', 34, '2014-12-13 19:22:12'),
(62, 'hr_payroll_payment_method', 3302, 'modules', 1, '1001', NULL, 'hr', NULL, NULL, NULL, 34, '2014-12-13 19:22:13', 34, '2014-12-16 05:08:23'),
(63, 'hr_payroll_process', 3303, 'modules', 1, '1001', NULL, 'hr', NULL, NULL, NULL, 34, '2014-12-13 19:22:13', 34, '2014-12-13 19:22:13'),
(64, 'hr_payslip_header', 3304, 'modules', 1, '1001', NULL, 'hr', NULL, NULL, NULL, 34, '2014-12-13 19:22:13', 34, '2014-12-13 19:22:13'),
(65, 'hr_payslip_user', 3305, 'modules', 1, '1001', NULL, 'hr', NULL, NULL, NULL, 34, '2014-12-13 19:22:14', 34, '2014-12-13 19:22:14'),
(66, 'hr_position', 3111, 'modules', 1, '1001', NULL, 'hr', NULL, NULL, NULL, 34, '2014-12-13 19:22:14', 34, '2014-12-13 19:22:14'),
(67, 'hr_position_hierarchy_header', 3112, 'modules', 1, '1001', NULL, 'hr', NULL, NULL, NULL, 34, '2014-12-13 19:22:14', 34, '2014-12-13 19:22:14'),
(68, 'hr_team_header', 3113, 'modules', 1, '1001', NULL, 'hr', NULL, NULL, NULL, 34, '2014-12-13 19:22:15', 34, '2014-12-13 19:22:15'),
(69, 'inv_abc_assignment_header', 2103, 'modules', 1, '1001', NULL, 'inv', NULL, NULL, NULL, 34, '2014-12-13 19:22:15', 34, '2014-12-13 19:22:15'),
(70, 'inv_abc_valuation', 2102, 'modules', 1, '1001', NULL, 'inv', NULL, NULL, NULL, 34, '2014-12-13 19:22:15', 34, '2014-12-13 19:22:15'),
(71, 'inv_count_header', 2104, 'modules', 1, '1001', NULL, 'inv', NULL, NULL, NULL, 34, '2014-12-13 19:22:15', 34, '2014-12-13 19:22:15'),
(72, 'inv_count_entries', 2105, 'modules', 1, '1001', NULL, 'inv', NULL, NULL, NULL, 34, '2014-12-13 19:22:16', 34, '2014-12-13 19:22:16'),
(73, 'inv_count_schedule', 2106, 'modules', 1, '1001', NULL, 'inv', NULL, NULL, NULL, 34, '2014-12-13 19:22:16', 34, '2014-12-13 19:22:16'),
(74, 'inv_transaction', 2107, 'modules', 1, '1001', NULL, 'inv', NULL, NULL, NULL, 34, '2014-12-13 19:22:16', 34, '2014-12-13 19:22:16'),
(75, 'item', 2101, 'modules', 1, '1001', NULL, 'inv', NULL, NULL, NULL, 34, '2014-12-13 19:22:17', 34, '2014-12-13 19:22:17'),
(76, 'locator', 2108, 'modules', 1, '1001', NULL, 'inv', NULL, NULL, NULL, 34, '2014-12-13 19:22:17', 34, '2014-12-13 19:22:17'),
(77, 'inv_lot_number', 2109, 'modules', 1, '1001', NULL, 'inv', NULL, NULL, NULL, 34, '2014-12-13 19:22:17', 34, '2014-12-13 19:22:17'),
(78, 'inv_lot_onhand', 2110, 'modules', 1, '1001', NULL, 'inv', NULL, NULL, NULL, 34, '2014-12-13 19:22:17', 34, '2014-12-13 19:22:17'),
(79, 'onhand', 2111, 'modules', 1, '1001', NULL, 'inv', NULL, NULL, NULL, 34, '2014-12-13 19:22:18', 34, '2014-12-13 19:22:18'),
(80, 'inv_onhand_serial', 2114, 'modules', 1, '1001', NULL, 'inv', NULL, NULL, NULL, 34, '2014-12-13 19:22:18', 34, '2014-12-13 19:22:18'),
(81, 'inv_receipt_header', 2112, 'modules', 1, '1001', NULL, 'inv', NULL, NULL, NULL, 34, '2014-12-13 19:22:18', 34, '2014-12-13 19:22:18'),
(82, 'inv_serial_number', 2113, 'modules', 1, '1001', NULL, 'inv', NULL, NULL, NULL, 34, '2014-12-13 19:22:19', 34, '2014-12-13 19:22:19'),
(84, 'transaction_type', 2115, 'modules', 1, '1001', NULL, 'inv', NULL, NULL, NULL, 34, '2014-12-13 19:22:19', 34, '2014-12-13 19:22:19'),
(85, 'uom', 2116, 'modules', 1, '1001', NULL, 'inv', NULL, NULL, NULL, 34, '2014-12-13 19:22:20', 34, '2014-12-13 19:22:20'),
(89, 'mdm_tax_code', 9404, 'modules', 1, '1001', NULL, 'smartview', NULL, NULL, NULL, 34, '2014-12-13 19:22:21', 34, '2014-12-26 16:30:45'),
(90, 'address', 2006, 'modules', 1, '1001', NULL, 'org', NULL, NULL, NULL, 34, '2014-12-13 19:22:22', 34, '2014-12-13 19:22:22'),
(91, 'business', 2004, 'modules', 1, '1001', NULL, 'org', NULL, NULL, NULL, 34, '2014-12-13 19:22:22', 34, '2014-12-13 19:22:22'),
(92, 'org', 2001, 'modules', 1, '1001', NULL, 'org', NULL, NULL, NULL, 34, '2014-12-13 19:22:22', 34, '2014-12-13 19:22:22'),
(93, 'enterprise', 2002, 'modules', 1, '1001', NULL, 'org', NULL, NULL, NULL, 34, '2014-12-13 19:22:23', 34, '2014-12-13 19:22:23'),
(94, 'inventory', 2005, 'modules', 1, '1001', NULL, 'org', NULL, NULL, NULL, 34, '2014-12-13 19:22:23', 34, '2014-12-13 19:22:23'),
(95, 'legal', 2003, 'modules', 1, '1001', NULL, 'org', NULL, NULL, NULL, 34, '2014-12-13 19:22:23', 34, '2014-12-13 19:22:23'),
(96, 'po_asl_header', 2203, 'modules', 1, '1001', NULL, 'po', NULL, NULL, NULL, 34, '2014-12-13 19:22:23', 34, '2014-12-13 19:22:23'),
(97, 'po_header', 2212, 'modules', 1, '1001', NULL, 'po', NULL, NULL, NULL, 34, '2014-12-13 19:22:24', 34, '2014-12-13 19:22:24'),
(98, 'po_purchasing_control', 2201, 'modules', 1, '1001', NULL, 'po', NULL, NULL, NULL, 34, '2014-12-13 19:22:24', 34, '2014-12-13 19:22:24'),
(99, 'po_quote_header', 2216, 'modules', 1, '1001', NULL, 'po', NULL, NULL, NULL, 34, '2014-12-13 19:22:24', 34, '2014-12-13 19:22:24'),
(100, 'po_release', 2213, 'modules', 1, '1001', NULL, 'po', NULL, NULL, NULL, 34, '2014-12-13 19:22:25', 34, '2014-12-13 19:22:25'),
(101, 'po_requisition_header', 2211, 'modules', 1, '1001', NULL, 'po', NULL, NULL, NULL, 34, '2014-12-13 19:22:25', 34, '2014-12-13 19:22:25'),
(102, 'po_rfq_header', 2215, 'modules', 1, '1001', NULL, 'po', NULL, NULL, NULL, 34, '2014-12-13 19:22:25', 34, '2014-12-13 19:22:25'),
(103, 'po_sourcing_rule_header', 2202, 'modules', 1, '1001', NULL, 'smartview', NULL, NULL, NULL, 34, '2014-12-13 19:22:25', 34, '2015-09-28 12:01:52'),
(104, 'sd_delivery_header', 2307, 'modules', 1, '1001', NULL, 'sd', NULL, NULL, NULL, 34, '2014-12-13 19:22:26', 34, '2014-12-13 19:22:26'),
(105, 'sd_document_type', 2306, 'modules', 1, '1001', NULL, 'sd', NULL, NULL, NULL, 34, '2014-12-13 19:22:26', 34, '2014-12-13 19:22:26'),
(106, 'sd_lead', 2305, 'modules', 1, '1001', NULL, 'sd', NULL, NULL, NULL, 34, '2014-12-13 19:22:26', 34, '2014-12-13 19:22:26'),
(107, 'sd_opportunity', 2304, 'modules', 1, '1001', NULL, 'sd', NULL, NULL, NULL, 34, '2014-12-13 19:22:27', 34, '2014-12-13 19:22:27'),
(108, 'sd_quote_header', 2303, 'modules', 1, '1001', NULL, 'sd', NULL, NULL, NULL, 34, '2014-12-13 19:22:27', 34, '2014-12-13 19:22:27'),
(109, 'sd_shipping_control', 2302, 'modules', 1, '1001', NULL, 'sd', NULL, NULL, NULL, 34, '2014-12-13 19:22:27', 34, '2014-12-13 19:22:27'),
(110, 'sd_so_header', 2301, 'modules', 1, '1001', NULL, 'sd', NULL, NULL, NULL, 34, '2014-12-13 19:22:27', 34, '2014-12-13 19:22:27'),
(111, 'sys_document_sequence', 9101, 'modules', 1, '1001', NULL, 'sys', NULL, NULL, NULL, 34, '2014-12-13 19:22:28', 34, '2014-12-13 19:22:28'),
(112, 'sys_extra_field', 9102, 'modules', 1, '1001', NULL, 'sys', NULL, NULL, NULL, 34, '2014-12-13 19:22:28', 34, '2014-12-13 19:22:28'),
(113, 'sys_hold', 9103, 'modules', 1, '1001', NULL, 'sys', NULL, NULL, NULL, 34, '2014-12-13 19:22:28', 34, '2014-12-13 19:22:28'),
(114, 'sys_notification', 9104, 'modules', 1, '1001', NULL, 'sys', NULL, NULL, NULL, 34, '2014-12-13 19:22:29', 34, '2014-12-13 19:22:29'),
(115, 'sys_notification_user', 9107, 'modules', 1, '1001', NULL, 'sys', NULL, NULL, NULL, 34, '2014-12-13 19:22:29', 34, '2014-12-13 19:22:29'),
(116, 'option_header', 9105, 'modules', 1, '1001', NULL, 'sys', NULL, NULL, NULL, 34, '2014-12-13 19:22:29', 34, '2014-12-13 19:22:29'),
(117, 'sys_printer', 9106, 'modules', 1, '1001', NULL, 'sys', NULL, NULL, NULL, 34, '2014-12-13 19:22:29', 34, '2014-12-13 19:22:29'),
(118, 'sys_profile_header', 9108, 'modules', 1, '1001', NULL, 'sys', NULL, NULL, NULL, 34, '2014-12-13 19:22:30', 34, '2014-12-13 19:22:30'),
(119, 'sys_program', 9109, 'modules', 1, '1001', NULL, 'sys', NULL, NULL, NULL, 34, '2014-12-13 19:22:30', 34, '2014-12-13 19:22:30'),
(120, 'sys_secondary_field', 9110, 'modules', 1, '1001', NULL, 'wamp64', NULL, NULL, NULL, 34, '2014-12-13 19:22:30', 1, '2016-09-01 07:33:05'),
(121, 'sys_value_group_header', 9111, 'modules', 1, '1001', NULL, 'sys', NULL, NULL, NULL, 34, '2014-12-13 19:22:31', 34, '2014-12-13 19:22:31'),
(122, 'wip_accounting_group', 2601, 'modules', 1, '1001', NULL, 'wip', NULL, NULL, NULL, 34, '2014-12-13 19:22:31', 34, '2014-12-13 19:22:31'),
(123, 'wip_material_transaction', 2603, 'modules', 1, '1001', NULL, 'wip', NULL, NULL, NULL, 34, '2014-12-13 19:22:31', 34, '2014-12-13 19:22:31'),
(124, 'wip_move_transaction', 2604, 'modules', 1, '1001', NULL, 'wip', NULL, NULL, NULL, 34, '2014-12-13 19:22:32', 34, '2014-12-13 19:22:32'),
(125, 'wip_resource_transaction', 2605, 'modules', 1, '1001', NULL, 'wip', NULL, NULL, NULL, 34, '2014-12-13 19:22:32', 34, '2014-12-13 19:22:32'),
(126, 'wip_wo_header', 2606, 'modules', 1, '1001', NULL, 'wip', NULL, NULL, NULL, 34, '2014-12-13 19:22:32', 34, '2014-12-13 19:22:32'),
(127, 'wip_wo_completion', 2607, 'modules', 1, '1001', NULL, 'wip', NULL, NULL, NULL, 34, '2014-12-13 19:22:33', 34, '2014-12-13 19:22:33'),
(129, 'fp_forecast_header', 2501, 'modules', 1, '1001', NULL, 'fp', NULL, NULL, NULL, 34, '2014-12-13 19:26:24', 34, '2014-12-13 19:26:24'),
(130, 'wip_wo_work_bench', 2608, 'modules', 1, '1001', NULL, 'wip', NULL, NULL, NULL, 34, '2014-12-13 19:26:57', 34, '2014-12-13 19:26:57'),
(131, 'subinventory', 2117, 'modules', 1, '1001', NULL, 'inv', NULL, NULL, NULL, 34, '2014-12-13 19:26:57', 34, '2014-12-13 19:26:57'),
(133, 'mdm_bank_header', 9401, 'modules', 1, '1001', NULL, 'mdm', NULL, NULL, NULL, 34, '2014-12-13 19:29:35', 34, '2014-12-13 19:29:35'),
(134, 'mdm_tax_region', 9403, 'modules', 1, '1001', NULL, 'mdm', NULL, NULL, NULL, 34, '2014-12-13 19:29:35', 34, '2014-12-13 19:29:35'),
(135, 'mdm_price_list_header', 9402, 'modules', 1, '1001', NULL, 'mdm', NULL, NULL, NULL, 34, '2014-12-13 19:29:35', 34, '2014-12-13 19:29:35'),
(136, 'extn_contact', 10013, 'extensions', 1, '1001', NULL, 'contact', NULL, NULL, NULL, 34, '2014-12-13 20:19:22', 34, '2014-12-13 20:19:22'),
(137, 'block', 10010, 'extensions', 1, '1001', NULL, 'block', NULL, NULL, NULL, 34, '2014-12-13 20:19:23', 34, '2014-12-13 20:19:23'),
(138, 'block_list', 10024, 'extensions', 1, '1001', NULL, 'block', NULL, NULL, NULL, 34, '2014-12-13 20:19:23', 34, '2014-12-13 20:19:23'),
(139, 'content', 10014, 'extensions', 1, '1001', NULL, 'content', NULL, NULL, NULL, 34, '2014-12-13 20:19:23', 34, '2014-12-13 20:19:23'),
(140, 'comment', 10012, 'extensions', 1, '1001', NULL, 'comment', NULL, NULL, NULL, 34, '2014-12-13 20:19:23', 34, '2014-12-13 20:19:23'),
(141, 'category', 10011, 'extensions', 1, '1001', NULL, 'category', NULL, NULL, NULL, 34, '2014-12-13 20:19:24', 34, '2014-12-13 20:19:24'),
(144, 'engine', 10001, 'extensions', 1, '1001', NULL, 'engine', NULL, NULL, NULL, 34, '2014-12-13 20:19:25', 34, '2014-12-13 20:19:25'),
(145, 'file', 10016, 'extensions', 1, '1001', NULL, 'file', NULL, NULL, NULL, 34, '2014-12-13 20:19:25', 34, '2014-12-13 20:19:25'),
(146, 'page', 10017, 'extensions', 1, '1001', NULL, 'page', NULL, NULL, NULL, 34, '2014-12-13 20:19:25', 34, '2014-12-13 20:19:25'),
(147, 'path', 10018, 'extensions', 1, '1001', NULL, 'path', NULL, NULL, NULL, 34, '2014-12-13 20:19:26', 34, '2014-12-13 20:19:26'),
(148, 'role_access', 10019, 'extensions', 1, '1001', NULL, 'role_access', NULL, NULL, NULL, 34, '2014-12-13 20:19:26', 34, '2014-12-13 20:19:26'),
(149, 'role_path', 10020, 'extensions', 1, '1001', NULL, 'role_path', NULL, NULL, NULL, 34, '2014-12-13 20:19:26', 34, '2014-12-13 20:19:26'),
(150, 'site_info', 10021, 'extensions', 1, '1001', NULL, 'site_info', NULL, NULL, NULL, 34, '2014-12-13 20:19:26', 34, '2014-12-13 20:19:26'),
(152, 'user_activity_v', 10026, 'extensions', 1, '1001', NULL, 'user', NULL, NULL, NULL, 34, '2014-12-13 20:19:27', 34, '2014-12-13 20:19:27'),
(153, 'ino_user', 10022, 'extensions', 1, '1001', NULL, 'user', NULL, NULL, NULL, 34, '2014-12-13 20:19:27', 34, '2014-12-13 20:19:27'),
(154, 'user_dashboard_v', 10027, 'extensions', 1, '1001', NULL, 'user', NULL, NULL, NULL, 34, '2014-12-13 20:19:28', 34, '2014-12-13 20:19:28'),
(155, 'user_dashboard_config', 10028, 'extensions', 1, '1001', NULL, 'user', NULL, NULL, NULL, 34, '2014-12-13 20:19:28', 34, '2014-12-13 20:19:28'),
(156, 'user_favourite', 10029, 'extensions', 1, '1001', NULL, 'user', NULL, NULL, NULL, 34, '2014-12-13 20:19:28', 34, '2014-12-13 20:19:28'),
(157, 'view', 10023, 'extensions', 1, '1001', NULL, 'view', NULL, NULL, NULL, 34, '2014-12-13 20:19:29', 34, '2014-12-13 20:19:29'),
(158, 'view_result', 10025, 'extensions', 1, '1001', NULL, 'view', NULL, NULL, NULL, 34, '2014-12-13 20:19:29', 34, '2014-12-13 20:19:29'),
(161, 'content_type', 10030, 'extensions', 1, '1001', NULL, 'content_type', NULL, NULL, NULL, 34, '2014-12-13 20:21:26', 34, '2014-12-13 20:21:26'),
(162, 'new_content_type', 10031, 'extensions', 1, '1001', NULL, 'content_type', NULL, NULL, NULL, 34, '2014-12-13 20:21:26', 34, '2014-12-13 20:21:26'),
(163, 'ext_url_alias', 10032, 'extensions', 1, '1001', NULL, 'wamp64', NULL, NULL, NULL, 34, '2014-12-13 20:22:21', 1, '2016-09-01 07:37:47'),
(166, 'po_all_v', 2220, 'modules', 1, '1001', NULL, 'smartview', NULL, NULL, NULL, 34, '2015-02-22 13:55:34', 34, '2015-02-22 13:55:34'),
(167, 'am_asset', 4101, 'modules', 1, '1001', NULL, 'smartview', NULL, NULL, NULL, 34, '2015-05-06 11:58:19', 34, '2015-05-06 12:05:14'),
(169, 'am_maintenance_schedule', 4104, 'modules', 1, '1001', NULL, 'smartview', NULL, NULL, NULL, 34, '2015-05-06 11:58:21', 34, '2015-05-06 12:05:15'),
(182, 'am_activity_reference', 4102, 'modules', 1, '1001', NULL, 'smartview', NULL, NULL, NULL, 34, '2015-05-06 12:05:13', 1, '2015-12-18 02:34:19'),
(183, 'am_asset_activity', 4103, 'modules', 1, '1001', NULL, 'smartview', NULL, NULL, NULL, 34, '2015-05-06 12:05:15', 34, '2015-05-06 12:05:15'),
(184, 'am_ms_activity_reference', 1401, 'modules', 1, '1001', NULL, 'smartview', NULL, NULL, NULL, 34, '2015-05-06 12:05:16', 34, '2015-05-06 12:05:16'),
(185, 'am_material_transaction', 4105, 'modules', 1, '1001', NULL, 'smartview', NULL, NULL, NULL, 34, '2015-05-06 12:05:16', 34, '2015-05-06 12:05:16'),
(186, 'am_meter', 4106, 'modules', 1, '1001', NULL, 'wamp64', NULL, NULL, NULL, 34, '2015-05-06 12:05:17', 1, '2016-08-31 14:44:44'),
(187, 'am_move_transaction', 4107, 'modules', 1, '1001', NULL, 'smartview', NULL, NULL, NULL, 34, '2015-05-06 12:05:17', 34, '2015-05-06 12:05:17'),
(188, 'am_ms_calendar_date', 4108, 'modules', 1, '1001', NULL, 'smartview', NULL, NULL, NULL, 34, '2015-05-06 12:05:18', 34, '2015-05-06 12:05:18'),
(189, 'am_ms_date_rule', 4109, 'modules', 1, '1001', NULL, 'smartview', NULL, NULL, NULL, 34, '2015-05-06 12:05:19', 34, '2015-05-06 12:05:19'),
(190, 'am_ms_meter_rule', 4111, 'modules', 1, '1001', NULL, 'smartview', NULL, NULL, NULL, 34, '2015-05-06 12:05:19', 34, '2015-05-06 12:05:19'),
(191, 'am_resource_transaction', 4113, 'modules', 1, '1001', NULL, 'smartview', NULL, NULL, NULL, 34, '2015-05-06 12:05:20', 34, '2015-05-06 12:05:20'),
(192, 'am_wo_header', 4114, 'modules', 1, '1001', NULL, 'smartview', NULL, NULL, NULL, 34, '2015-05-06 12:05:21', 34, '2015-05-06 12:05:21'),
(195, 'am_wo_work_bench', 4115, 'modules', 1, '1001', NULL, 'smartview', NULL, NULL, NULL, 34, '2015-05-06 12:05:50', 34, '2015-05-06 12:05:50'),
(196, 'ar_sales_region', 1310, 'modules', 1, '1001', NULL, 'wamp64', NULL, NULL, NULL, 34, '2015-05-06 13:05:46', 1, '2016-08-31 14:52:18'),
(199, 'bc_label_auto_trigger', 9220, 'modules', 1, '1001', NULL, 'smartview', NULL, NULL, NULL, 34, '2015-05-06 13:27:21', 34, '2015-05-06 13:27:21'),
(200, 'bom_config_header', 2410, 'modules', 1, '1001', NULL, 'smartview', NULL, NULL, NULL, 34, '2015-05-06 13:28:54', 34, '2015-05-06 13:28:54'),
(201, 'ec_user_cart', 4202, 'modules', 1, '1001', NULL, 'smartview', NULL, NULL, NULL, 34, '2015-05-06 13:45:55', 34, '2015-05-06 13:45:55'),
(202, 'ec_cart', 4201, 'modules', 1, '1001', NULL, 'smartview', NULL, NULL, NULL, 34, '2015-05-06 13:45:56', 34, '2015-05-06 13:45:56'),
(203, 'ec_confirm_order', 4203, 'modules', 1, '1001', NULL, 'smartview', NULL, NULL, NULL, 34, '2015-05-06 13:45:56', 34, '2015-05-06 13:45:56'),
(206, 'ec_control', 4204, 'modules', 1, '1001', NULL, 'smartview', NULL, NULL, NULL, 34, '2015-05-06 13:45:58', 34, '2015-05-06 13:45:58'),
(208, 'ec_order_success', 4205, 'modules', 1, '1001', NULL, 'smartview', NULL, NULL, NULL, 34, '2015-05-06 13:45:59', 34, '2015-05-06 13:45:59'),
(211, 'ec_payment_method', 4207, 'modules', 1, '1001', NULL, 'smartview', NULL, NULL, NULL, 34, '2015-05-06 13:46:01', 34, '2015-05-06 13:46:01'),
(213, 'ec_paid_order', 4206, 'modules', 1, '1001', NULL, 'smartview', NULL, NULL, NULL, 34, '2015-05-06 13:46:37', 34, '2015-05-06 13:46:37'),
(214, 'ec_product', 4208, 'modules', 1, '1001', NULL, 'smartview', NULL, NULL, NULL, 34, '2015-05-06 13:49:21', 34, '2015-05-06 13:49:21'),
(216, 'ec_product_view', 4209, 'modules', 1, '1001', NULL, 'smartview', NULL, NULL, NULL, 34, '2015-05-06 13:49:23', 34, '2015-05-06 13:49:23'),
(218, 'fa_asset_book_info', 1405, 'modules', 1, '1001', NULL, 'smartview', NULL, NULL, NULL, 34, '2015-05-06 13:49:24', 34, '2015-05-06 13:49:24'),
(219, 'fa_asset_category', 1402, 'modules', 1, '1001', NULL, 'smartview', NULL, NULL, NULL, 34, '2015-05-06 13:49:24', 34, '2015-05-06 13:49:24'),
(221, 'fa_depreciation_method', 1403, 'modules', 1, '1001', NULL, 'smartview', NULL, NULL, NULL, 34, '2015-05-06 13:49:26', 34, '2015-05-06 13:49:26'),
(223, 'fa_depreciation_header', 1406, 'modules', 1, '1001', NULL, 'smartview', NULL, NULL, NULL, 34, '2015-05-06 13:52:42', 34, '2015-05-06 13:52:42'),
(224, 'fa_asset_book', 1404, 'modules', 1, '1001', NULL, 'smartview', NULL, NULL, NULL, 34, '2015-05-06 13:52:42', 34, '2015-05-06 13:52:42'),
(227, 'fa_asset', 1407, 'modules', 1, '1001', NULL, 'smartview', NULL, NULL, NULL, 34, '2015-05-06 13:54:07', 34, '2015-05-06 13:54:07'),
(228, 'hd_change_request', 5101, 'modules', 1, '1001', NULL, 'smartview', NULL, NULL, NULL, 34, '2015-05-06 13:55:33', 34, '2015-05-06 13:55:33'),
(229, 'hd_support_request', 5104, 'modules', 1, '1001', NULL, 'smartview', NULL, NULL, NULL, 34, '2015-05-06 13:55:34', 34, '2015-05-06 13:55:34'),
(230, 'hr_employee_education', 311, 'modules', 1, '1001', NULL, 'smartview', NULL, NULL, NULL, 34, '2015-05-06 13:58:31', 34, '2015-05-06 13:58:31'),
(232, 'hr_employee_experience', 3114, 'modules', 1, '1001', NULL, 'smartview', NULL, NULL, NULL, 34, '2015-05-06 13:59:18', 34, '2015-05-06 13:59:18'),
(233, 'hr_employee_education_ss', 3115, 'modules', 1, '1001', NULL, 'smartview', NULL, NULL, NULL, 34, '2015-05-06 14:00:29', 34, '2015-05-06 14:00:29'),
(234, 'hr_employee_experience_ss', 3116, 'modules', 1, '1001', NULL, 'smartview', NULL, NULL, NULL, 34, '2015-05-06 14:00:29', 34, '2015-05-06 14:00:29'),
(235, 'inv_item_relation', 2119, 'modules', 1, '1001', NULL, 'smartview', NULL, NULL, NULL, 34, '2015-05-06 14:02:56', 34, '2015-05-06 14:02:56'),
(236, 'inv_location_default', 2118, 'modules', 1, '1001', NULL, 'smartview', NULL, NULL, NULL, 34, '2015-05-06 14:02:57', 34, '2015-05-06 14:02:57'),
(237, 'inv_rma_receipt_header', 2120, 'modules', 1, '1001', NULL, 'smartview', NULL, NULL, NULL, 34, '2015-05-06 14:02:57', 34, '2015-05-06 14:02:57'),
(238, 'pos_terminal', 2723, 'modules', 1, '1001', NULL, 'smartview', NULL, NULL, NULL, 34, '2015-05-06 14:05:21', 34, '2015-05-06 14:05:21'),
(239, 'pos_inv_control', 2722, 'modules', 1, '1001', NULL, 'smartview', NULL, NULL, NULL, 34, '2015-05-06 14:05:22', 34, '2015-05-06 14:05:22'),
(240, 'pos_barcode_list_header', 2721, 'modules', 1, '1001', NULL, 'smartview', NULL, NULL, NULL, 34, '2015-05-06 14:05:22', 34, '2015-05-06 14:05:22'),
(241, 'pos_transaction_header', 2724, 'modules', 1, '1001', NULL, 'smartview', NULL, NULL, NULL, 34, '2015-05-06 14:05:23', 34, '2015-05-06 14:05:23'),
(242, 'pos_tt_with_search_header', 2726, 'modules', 1, '1001', NULL, 'smartview', NULL, NULL, NULL, 34, '2015-05-06 14:05:23', 34, '2015-05-06 14:05:23'),
(243, 'pos_tt_header', 2725, 'modules', 1, '1001', NULL, 'smartview', NULL, NULL, NULL, 34, '2015-05-06 14:05:24', 34, '2015-05-06 14:05:24'),
(244, 'sd_sales_control', 2315, 'modules', 1, '1001', NULL, 'smartview', NULL, NULL, NULL, 34, '2015-05-06 14:06:21', 34, '2015-05-06 14:06:21'),
(245, 'sd_store', 2019, 'modules', 1, '1001', NULL, 'smartview', NULL, NULL, NULL, 34, '2015-05-06 14:06:22', 34, '2015-05-06 14:06:22'),
(246, 'sys_catalog_header', 9118, 'modules', 1, '1001', NULL, 'smartview', NULL, NULL, NULL, 34, '2015-05-06 14:06:28', 34, '2015-05-06 14:06:28'),
(249, 'sys_message_format', 8101, 'modules', 1, '1001', NULL, 'smartview', NULL, NULL, NULL, 34, '2015-05-06 14:08:24', 34, '2015-05-06 14:08:24'),
(251, 'sys_program_schedule', 8201, 'modules', 1, '1001', NULL, 'smartview', NULL, NULL, NULL, 34, '2015-05-06 14:09:30', 34, '2015-05-06 14:09:30'),
(252, 'wip_wol_transaction', 2609, 'modules', 1, '1001', NULL, 'smartview', NULL, NULL, NULL, 34, '2015-05-06 14:10:11', 34, '2015-05-06 14:10:11'),
(254, 'extn_social_login', 10033, 'extensions', 1, '1001', NULL, 'smartview', NULL, NULL, NULL, 34, '2015-05-22 07:03:42', 34, '2015-05-22 17:32:55'),
(255, 'adm_task_status', 8002, 'modules', 1, '1001', NULL, 'smartview', NULL, NULL, NULL, 1, '2015-12-18 02:34:18', 1, '2015-12-18 02:34:18'),
(256, 'adm_task_type', 8001, 'modules', 1, '1001', NULL, 'smartview', NULL, NULL, NULL, 1, '2015-12-18 02:34:18', 1, '2015-12-18 02:34:18'),
(258, 'am_planned_wo', 4112, 'modules', 1, '1001', NULL, 'wamp64', NULL, NULL, NULL, 1, '2016-08-31 14:44:44', 1, '2016-08-31 14:58:12'),
(259, 'ar_receivable_activity', 1315, 'modules', 1, '1001', NULL, 'wamp64', NULL, NULL, NULL, 1, '2016-08-31 14:44:45', 1, '2016-08-31 14:58:12'),
(260, 'ap_payment_process', 1311, 'modules', 1, '1001', NULL, 'wamp64', NULL, NULL, NULL, 1, '2016-08-31 14:44:45', 1, '2016-08-31 14:58:12'),
(261, 'ap_payable_control', 1312, 'modules', 1, '1001', NULL, 'wamp64', NULL, NULL, NULL, 1, '2016-08-31 14:44:45', 1, '2016-08-31 14:58:11'),
(263, 'ar_revenue_rule_header', 5108, 'modules', 1, '1001', NULL, 'wamp64', NULL, NULL, NULL, 1, '2016-08-31 14:44:46', 1, '2016-08-31 14:58:12'),
(265, 'ap_import_claim_v', 1205, 'modules', 1, '1001', NULL, 'wamp64', NULL, NULL, NULL, 1, '2016-08-31 14:49:34', 1, '2016-08-31 14:58:11'),
(267, 'ar_transaction_adjustment', 2610, 'modules', 1, '1001', NULL, 'wamp64', NULL, NULL, NULL, 1, '2016-08-31 14:49:34', 1, '2016-08-31 14:58:13'),
(268, 'ar_revenue_schedule', 1309, 'modules', 1, '1001', NULL, 'wamp64', NULL, NULL, NULL, 1, '2016-08-31 14:52:18', 1, '2016-08-31 14:58:13'),
(269, 'bom_indented_bom', 2429, 'modules', 1, '1001', NULL, 'wamp64', NULL, NULL, NULL, 1, '2016-08-31 14:52:18', 1, '2016-08-31 14:58:13'),
(270, 'fa_asset_component', 1410, 'modules', 1, '1001', NULL, 'wamp64', NULL, NULL, NULL, 1, '2016-08-31 14:57:19', 1, '2016-08-31 14:59:16'),
(271, 'fa_asset_source', 1412, 'modules', 1, '1001', NULL, 'wamp64', NULL, NULL, NULL, 1, '2016-08-31 14:57:20', 1, '2016-08-31 14:59:17'),
(272, 'fa_asset_transaction_v', 1414, 'modules', 1, '1001', NULL, 'wamp64', NULL, NULL, NULL, 1, '2016-08-31 14:57:20', 1, '2016-08-31 14:59:17'),
(273, 'fa_depreciation_v', 2137, 'modules', 1, '1001', NULL, 'wamp64', NULL, NULL, NULL, 1, '2016-08-31 14:57:20', 1, '2016-08-31 14:59:17'),
(274, 'fa_asset_retirement', 1411, 'modules', 1, '1001', NULL, 'wamp64', NULL, NULL, NULL, 1, '2016-08-31 14:57:20', 1, '2016-08-31 14:59:16'),
(275, 'fa_asset_transaction', 1413, 'modules', 1, '1001', NULL, 'wamp64', NULL, NULL, NULL, 1, '2016-08-31 14:57:21', 1, '2016-08-31 14:59:17'),
(276, 'fp_kanban_header', 2511, 'modules', 1, '1001', NULL, 'wamp64', NULL, NULL, NULL, 1, '2016-08-31 14:57:21', 1, '2016-08-31 14:59:17'),
(277, 'fp_kanban_planner_header', 2512, 'modules', 1, '1001', NULL, 'wamp64', NULL, NULL, NULL, 1, '2016-08-31 14:57:21', 1, '2016-08-31 14:59:18'),
(278, 'gl_journal_interface', 110, 'modules', 1, '1001', NULL, 'wamp64', NULL, NULL, NULL, 1, '2016-08-31 14:57:21', 1, '2016-08-31 14:59:18'),
(279, 'fp_kanban_release', 2525, 'modules', 1, '1001', NULL, 'wamp64', NULL, NULL, NULL, 1, '2016-09-01 02:53:47', 1, '2016-09-01 02:55:59'),
(280, 'hd_subscription_header', 5109, 'modules', 1, '1001', NULL, 'wamp64', NULL, NULL, NULL, 1, '2016-09-01 02:54:33', 1, '2016-09-01 03:23:39'),
(281, 'hd_service_type_header', 5107, 'modules', 1, '1001', NULL, 'wamp64', NULL, NULL, NULL, 1, '2016-09-01 02:54:34', 1, '2016-09-01 03:23:39'),
(282, 'hd_sbp_header', 5102, 'modules', 1, '1001', NULL, 'wamp64', NULL, NULL, NULL, 1, '2016-09-01 02:54:34', 1, '2016-09-01 03:23:39'),
(283, 'hd_service_request', 5103, 'modules', 1, '1001', NULL, 'wamp64', NULL, NULL, NULL, 1, '2016-09-01 02:54:34', 1, '2016-09-01 03:23:39'),
(285, 'hd_service_contract_header', 5106, 'modules', 1, '1001', NULL, 'wamp64', NULL, NULL, NULL, 1, '2016-09-01 02:54:35', 1, '2016-09-01 03:23:39'),
(286, 'hd_subscription_user', 5110, 'modules', 1, '1001', NULL, 'wamp64', NULL, NULL, NULL, 1, '2016-09-01 02:54:35', 1, '2016-09-01 03:23:39'),
(287, 'hd_svo_header', 5111, 'modules', 1, '1001', NULL, 'wamp64', NULL, NULL, NULL, 1, '2016-09-01 02:54:35', 1, '2016-09-01 03:23:40'),
(289, 'hd_service_activity_header', 5113, 'modules', 1, '1001', NULL, 'wamp64', NULL, NULL, NULL, 1, '2016-09-01 03:10:44', 1, '2016-09-01 03:23:38'),
(290, 'hd_task_type', 5112, 'modules', 1, '1001', NULL, 'wamp64', NULL, NULL, NULL, 1, '2016-09-01 03:10:44', 1, '2016-09-01 03:23:40'),
(291, 'hr_control', 3118, 'modules', 1, '1001', NULL, 'wamp64', NULL, NULL, NULL, 1, '2016-09-01 03:10:44', 1, '2016-09-01 03:23:40'),
(292, 'hr_attendance', 3130, 'modules', 1, '1001', NULL, 'wamp64', NULL, NULL, NULL, 1, '2016-09-01 03:10:45', 1, '2016-09-01 03:27:21'),
(293, 'hr_element_entry_header', 3120, 'modules', 1, '1001', NULL, 'wamp64', NULL, NULL, NULL, 1, '2016-09-01 03:10:45', 1, '2016-09-01 03:23:40'),
(294, 'hr_element_history_header', 3122, 'modules', 1, '1001', NULL, 'wamp64', NULL, NULL, NULL, 1, '2016-09-01 03:10:45', 1, '2016-09-01 03:23:41'),
(296, 'hr_event_header', 3119, 'modules', 1, '1001', NULL, 'wamp64', NULL, NULL, NULL, 1, '2016-09-01 03:10:46', 1, '2016-09-01 03:23:41'),
(299, 'hr_location', 3121, 'modules', 1, '1001', NULL, 'wamp64', NULL, NULL, NULL, 1, '2016-09-01 03:10:46', 1, '2016-09-01 03:23:41'),
(301, 'hr_timesheet_period', 3123, 'modules', 1, '1001', NULL, 'wamp64', NULL, NULL, NULL, 1, '2016-09-01 03:10:47', 1, '2016-09-01 03:23:42'),
(303, 'hr_perdiem_rate', 3126, 'modules', 1, '1001', NULL, 'wamp64', NULL, NULL, NULL, 1, '2016-09-01 03:21:48', 1, '2016-09-01 03:23:42'),
(304, 'hr_grade', 3127, 'modules', 1, '1001', NULL, 'wamp64', NULL, NULL, NULL, 1, '2016-09-01 03:21:48', 1, '2016-09-01 03:23:41'),
(305, 'hr_approval_limit_assign', 3124, 'modules', 1, '1001', NULL, 'wamp64', NULL, NULL, NULL, 1, '2016-09-01 03:21:48', 1, '2016-09-01 03:23:40'),
(307, 'hr_pos_hierarchy_header', 3125, 'modules', 1, '1001', NULL, 'wamp64', NULL, NULL, NULL, 1, '2016-09-01 03:21:48', 1, '2016-09-01 03:23:42'),
(309, 'hr_expense_all_v', 3129, 'modules', 1, '1001', NULL, 'wamp64', NULL, NULL, NULL, 1, '2016-09-01 03:23:41', 1, '2016-09-01 03:23:41'),
(311, 'hr_employee_termination_ss', 3117, 'modules', 1, '1001', NULL, 'wamp64', NULL, NULL, NULL, 1, '2016-09-01 03:27:21', 1, '2016-09-01 03:27:50'),
(313, 'inv_lot_transaction_v', 2133, 'modules', 1, '1001', NULL, 'wamp64', NULL, NULL, NULL, 1, '2016-09-01 03:31:16', 1, '2016-09-01 07:05:06'),
(314, 'inv_lot_transaction', 2132, 'modules', 1, '1001', NULL, 'wamp64', NULL, NULL, NULL, 1, '2016-09-01 03:31:16', 1, '2016-09-01 07:05:06'),
(315, 'inv_serial_transaction', 2136, 'modules', 1, '1001', NULL, 'wamp64', NULL, NULL, NULL, 1, '2016-09-01 03:31:16', 1, '2016-09-01 07:05:06'),
(316, 'inv_ir_receipt_header', 2135, 'modules', 1, '1001', NULL, 'wamp64', NULL, NULL, NULL, 1, '2016-09-01 03:31:16', 1, '2016-09-01 07:05:05'),
(317, 'inv_intorg_transfer_header', 2134, 'modules', 1, '1001', NULL, 'wamp64', NULL, NULL, NULL, 1, '2016-09-01 03:31:17', 1, '2016-09-01 07:05:05'),
(318, 'inv_reservation', 2121, 'modules', 1, '1001', NULL, 'wamp64', NULL, NULL, NULL, 1, '2016-09-01 03:36:23', 1, '2016-09-01 07:05:06'),
(320, 'pm_batch_operation_header', 2802, 'modules', 1, '1001', NULL, 'wamp64', NULL, NULL, NULL, 1, '2016-09-01 03:36:23', 1, '2016-09-01 07:05:07'),
(321, 'inv_moveorder_header', 2139, 'modules', 1, '1001', NULL, 'wamp64', NULL, NULL, NULL, 1, '2016-09-01 03:36:23', 1, '2016-09-01 07:05:05'),
(323, 'pm_batch_header', 2801, 'modules', 1, '1001', NULL, 'wamp64', NULL, NULL, NULL, 1, '2016-09-01 03:36:23', 1, '2016-09-01 07:05:07'),
(324, 'pm_completion_transaction', 2803, 'modules', 1, '1001', NULL, 'wamp64', NULL, NULL, NULL, 1, '2016-09-01 03:36:24', 1, '2016-09-01 07:05:07'),
(325, 'pm_formula_header', 2804, 'modules', 1, '1001', NULL, 'wamp64', NULL, NULL, NULL, 1, '2016-09-01 03:36:24', 1, '2016-09-01 07:05:07'),
(326, 'pm_material_transaction', 2805, 'modules', 1, '1001', NULL, 'wamp64', NULL, NULL, NULL, 1, '2016-09-01 03:36:24', 1, '2016-09-01 07:05:07'),
(327, 'pm_process_operation_header', 2806, 'modules', 1, '1001', NULL, 'wamp64', NULL, NULL, NULL, 1, '2016-09-01 03:36:24', 1, '2016-09-01 07:05:08'),
(328, 'pm_process_routing_header', 2807, 'modules', 1, '1001', NULL, 'wamp64', NULL, NULL, NULL, 1, '2016-09-01 03:36:24', 1, '2016-09-01 07:05:08'),
(329, 'pm_recipe_header', 2808, 'modules', 1, '1001', NULL, 'wamp64', NULL, NULL, NULL, 1, '2016-09-01 03:36:25', 1, '2016-09-01 07:05:08'),
(330, 'pm_recipe_all_v', 2810, 'modules', 1, '1001', NULL, 'wamp64', NULL, NULL, NULL, 1, '2016-09-01 03:36:25', 1, '2016-09-01 07:05:08'),
(332, 'pm_resource_transaction', 2809, 'modules', 1, '1001', NULL, 'wamp64', NULL, NULL, NULL, 1, '2016-09-01 03:36:25', 1, '2016-09-01 07:05:08'),
(334, 'inv_interorg_receipt_header', 2138, 'modules', 1, '1001', NULL, 'wamp64', NULL, NULL, NULL, 1, '2016-09-01 03:39:04', 1, '2016-09-01 07:05:06'),
(337, 'inv_serial_transaction_v', 2140, 'modules', 1, '1001', NULL, 'wamp64', NULL, NULL, NULL, 1, '2016-09-01 03:40:32', 1, '2016-09-01 07:05:07'),
(338, 'pm_recipe_material_header', 2812, 'modules', 1, '1001', NULL, 'wamp64', NULL, NULL, NULL, 1, '2016-09-01 03:40:32', 1, '2016-09-01 07:05:08'),
(339, 'prj_agreement_header', 6001, 'modules', 1, '1001', NULL, 'wamp64', NULL, NULL, NULL, 1, '2016-09-01 03:41:41', 1, '2016-09-01 07:25:35'),
(340, 'prj_budget_rev_header', 6003, 'modules', 1, '1001', NULL, 'wamp64', NULL, NULL, NULL, 1, '2016-09-01 03:41:41', 1, '2016-09-01 07:25:35'),
(342, 'prj_burden_cost_base', 6004, 'modules', 1, '1001', NULL, 'wamp64', NULL, NULL, NULL, 1, '2016-09-01 03:41:42', 1, '2016-09-01 07:25:35'),
(343, 'prj_burden_costcode', 6005, 'modules', 1, '1001', NULL, 'wamp64', NULL, NULL, NULL, 1, '2016-09-01 03:41:42', 1, '2016-09-01 07:25:35'),
(344, 'prj_bem', 6002, 'modules', 1, '1001', NULL, 'wamp64', NULL, NULL, NULL, 1, '2016-09-01 03:41:42', 1, '2016-09-01 07:25:34'),
(346, 'prj_burden_list_header', 6006, 'modules', 1, '1001', NULL, 'wamp64', NULL, NULL, NULL, 1, '2016-09-01 03:41:42', 1, '2016-09-01 07:25:36'),
(347, 'prj_burden_structure_header', 6007, 'modules', 1, '1001', NULL, 'wamp64', NULL, NULL, NULL, 1, '2016-09-01 03:41:42', 1, '2016-09-01 07:25:36'),
(348, 'prj_category_header', 6008, 'modules', 1, '1001', NULL, 'wamp64', NULL, NULL, NULL, 1, '2016-09-01 03:41:43', 1, '2016-09-01 07:25:36'),
(349, 'prj_event_header', 6009, 'modules', 1, '1001', NULL, 'wamp64', NULL, NULL, NULL, 1, '2016-09-01 03:41:43', 1, '2016-09-01 07:25:36'),
(350, 'prj_event_type', 6010, 'modules', 1, '1001', NULL, 'wamp64', NULL, NULL, NULL, 1, '2016-09-01 03:41:43', 1, '2016-09-01 07:25:36'),
(351, 'prj_expenditure_header', 6011, 'modules', 1, '1001', NULL, 'wamp64', NULL, NULL, NULL, 1, '2016-09-01 03:41:43', 1, '2016-09-01 07:25:36'),
(352, 'prj_expenditure_type_header', 6012, 'modules', 1, '1001', NULL, 'wamp64', NULL, NULL, NULL, 1, '2016-09-01 03:41:43', 1, '2016-09-01 07:25:37'),
(354, 'prj_nlr_header', 6013, 'modules', 1, '1001', NULL, 'wamp64', NULL, NULL, NULL, 1, '2016-09-01 03:41:44', 1, '2016-09-01 07:25:37'),
(355, 'prj_project_type_header', 6015, 'modules', 1, '1001', NULL, 'wamp64', NULL, NULL, NULL, 1, '2016-09-01 03:41:44', 1, '2016-09-01 07:25:37'),
(356, 'prj_rate_schedule_header', 6016, 'modules', 1, '1001', NULL, 'wamp64', NULL, NULL, NULL, 1, '2016-09-01 03:41:44', 1, '2016-09-01 07:25:38'),
(357, 'prj_resource_list_header', 6017, 'modules', 1, '1001', NULL, 'wamp64', NULL, NULL, NULL, 1, '2016-09-01 03:41:44', 1, '2016-09-01 07:25:38'),
(359, 'prj_role', 6018, 'modules', 1, '1001', NULL, 'wamp64', NULL, NULL, NULL, 1, '2016-09-01 03:41:44', 1, '2016-09-01 07:25:38'),
(360, 'prj_status_header', 6019, 'modules', 1, '1001', NULL, 'wamp64', NULL, NULL, NULL, 1, '2016-09-01 03:41:44', 1, '2016-09-01 07:25:38'),
(361, 'prj_work_type', 6020, 'modules', 1, '1001', NULL, 'wamp64', NULL, NULL, NULL, 1, '2016-09-01 03:41:45', 1, '2016-09-01 07:25:38'),
(363, 'prj_budget_header', 6025, 'modules', 1, '1001', NULL, 'wamp64', NULL, NULL, NULL, 1, '2016-09-01 03:43:24', 1, '2016-09-01 07:25:35'),
(364, 'prj_percent_header', 6030, 'modules', NULL, '1001', NULL, 'wamp64', NULL, NULL, NULL, 1, '2016-09-01 07:05:55', 1, '2016-09-01 07:05:55'),
(365, 'prj_percent_headerrev', 6031, 'modules', 1, '1001', NULL, 'wamp64', NULL, NULL, NULL, 1, '2016-09-01 07:05:55', 1, '2016-09-01 07:25:37'),
(366, 'qa_cp_assignment_header', 2903, 'modules', 1, '1001', NULL, 'wamp64', NULL, NULL, NULL, 1, '2016-09-01 07:05:56', 1, '2016-09-01 07:25:39'),
(367, 'prj_project_header', 6014, 'modules', 1, '1001', NULL, 'wamp64', NULL, NULL, NULL, 1, '2016-09-01 07:05:56', 1, '2016-09-01 07:25:37'),
(368, 'qa_ce_header', 2901, 'modules', 1, '1001', NULL, 'wamp64', NULL, NULL, NULL, 1, '2016-09-01 07:05:56', 1, '2016-09-01 07:25:39'),
(369, 'qa_cp_header', 2902, 'modules', NULL, '1001', NULL, 'wamp64', NULL, NULL, NULL, 1, '2016-09-01 07:05:56', 1, '2016-09-01 07:05:56'),
(370, 'qa_specification_header', 2904, 'modules', 1, '1001', NULL, 'wamp64', NULL, NULL, NULL, 1, '2016-09-01 07:05:56', 1, '2016-09-01 07:25:39'),
(371, 'prj_burden_expenditure', 6026, 'modules', 1, '1001', NULL, 'wamp64', NULL, NULL, NULL, 1, '2016-09-01 07:14:21', 1, '2016-09-01 07:25:35'),
(372, 'prj_default_account', 6027, 'modules', 1, '1001', NULL, 'wamp64', NULL, NULL, NULL, 1, '2016-09-01 07:14:21', 1, '2016-09-01 07:25:36'),
(373, 'prj_invoice_header', 6029, 'modules', 1, '1001', NULL, 'wamp64', NULL, NULL, NULL, 1, '2016-09-01 07:14:21', 1, '2016-09-01 07:25:37'),
(374, 'qa_ce_action', 2907, 'modules', 1, '1001', NULL, 'wamp64', NULL, NULL, NULL, 1, '2016-09-01 07:14:21', 1, '2016-09-01 07:25:39'),
(375, 'prj_revenue_header', 6032, 'modules', 1, '1001', NULL, 'wamp64', NULL, NULL, NULL, 1, '2016-09-01 07:14:21', 1, '2016-09-01 07:25:38'),
(376, 'qa_quality_result', 2908, 'modules', NULL, '1001', NULL, 'wamp64', NULL, NULL, NULL, 1, '2016-09-01 07:14:21', 1, '2016-09-01 07:25:39'),
(377, 'sys_form_personalization', 9112, 'modules', 1, '1001', NULL, 'wamp64', NULL, NULL, NULL, 1, '2016-09-01 07:27:48', 1, '2016-09-01 07:29:33'),
(378, 'sys_pd_header', 9441, 'modules', 1, '1001', NULL, 'wamp64', NULL, NULL, NULL, 1, '2016-09-01 07:28:27', 1, '2016-09-01 07:29:34'),
(379, 'sys_process_flow_header', 9445, 'modules', 1, '1001', NULL, 'wamp64', NULL, NULL, NULL, 1, '2016-09-01 07:28:27', 1, '2016-09-01 07:29:34'),
(380, 'sys_spd_header', 9443, 'modules', 1, '1001', NULL, 'wamp64', NULL, NULL, NULL, 1, '2016-09-01 07:28:27', 1, '2016-09-01 07:29:33'),
(381, 'sys_spd_process_flow_action', 9444, 'modules', 1, '1001', NULL, 'wamp64', NULL, NULL, NULL, 1, '2016-09-01 07:28:28', 1, '2016-09-01 07:29:34'),
(382, 'sys_pd_process_flow_action', 9442, 'modules', 1, '1001', NULL, 'wamp64', NULL, NULL, NULL, 1, '2016-09-01 07:28:28', 1, '2016-09-01 07:29:34'),
(383, 'sys_rfid_interface', 9113, 'modules', NULL, '1001', NULL, 'wamp64', NULL, NULL, NULL, 1, '2016-09-01 07:31:34', 1, '2016-09-01 07:31:34'),
(385, 'extn_comment', 10040, 'extensions', 1, '1001', NULL, 'wamp64', NULL, NULL, NULL, 1, '2016-09-01 07:35:38', 1, '2016-09-01 07:40:35'),
(386, 'extn_emessage_header', 10041, 'extensions', 1, '1001', NULL, 'wamp64', NULL, NULL, NULL, 1, '2016-09-01 07:36:47', 1, '2016-09-01 07:40:36'),
(387, 'extn_file', 10042, 'extensions', 1, '1001', NULL, 'wamp64', NULL, NULL, NULL, 1, '2016-09-01 07:36:47', 1, '2016-09-01 07:40:36'),
(388, 'extn_image', 10034, 'extensions', 1, '1001', NULL, 'wamp64', NULL, NULL, NULL, 1, '2016-09-01 07:36:47', 1, '2016-09-01 07:40:35'),
(389, 'extn_report_result', 10037, 'extensions', 1, '1001', NULL, 'wamp64', NULL, NULL, NULL, 1, '2016-09-01 07:37:46', 1, '2016-09-01 07:40:38'),
(390, 'extn_site_search', 10038, 'extensions', 1, '1001', NULL, 'wamp64', NULL, NULL, NULL, 1, '2016-09-01 07:37:46', 1, '2016-09-01 07:40:39'),
(391, 'extn_rating_values', 10035, 'extensions', 1, '1001', NULL, 'wamp64', NULL, NULL, NULL, 1, '2016-09-01 07:37:46', 1, '2016-09-01 07:40:37'),
(392, 'extn_report', 10036, 'extensions', 1, '1001', NULL, 'wamp64', NULL, NULL, NULL, 1, '2016-09-01 07:37:46', 1, '2016-09-01 07:40:38'),
(393, 'extn_subscribe', 10039, 'extensions', 1, '1001', NULL, 'wamp64', NULL, NULL, NULL, 1, '2016-09-01 07:37:46', 1, '2016-09-01 07:40:39'),
(398, 'extn_menu_header', 10043, 'extensions', 1, '1001', NULL, 'wamp64', NULL, NULL, NULL, 1, '2016-09-01 07:38:19', 1, '2016-09-01 07:40:38'),
(402, 'extn_theme', 10045, 'extensions', 1, '1001', NULL, 'wamp64', NULL, NULL, NULL, 1, '2016-09-01 07:39:32', 1, '2016-09-01 07:40:39'),
(403, 'extn_uprofile', 10046, 'extensions', 1, '1001', NULL, 'wamp64', NULL, NULL, NULL, 1, '2016-09-01 07:39:32', 1, '2016-09-01 07:40:39'),
(405, 'user_group_access', 10044, 'extensions', 1, '1001', NULL, 'wamp64', NULL, NULL, NULL, 1, '2016-09-01 07:39:32', 1, '2016-09-01 07:40:40'),
(406, 'extn_view', 10047, 'extensions', 1, '1001', NULL, 'wamp64', NULL, NULL, NULL, 1, '2016-09-01 07:40:02', 1, '2016-09-01 07:40:40');

-- --------------------------------------------------------

--
-- Table structure for table `enterprise`
--

CREATE TABLE `enterprise` (
  `enterprise_id` int(12) UNSIGNED NOT NULL,
  `org_id` int(10) UNSIGNED NOT NULL,
  `designation_option_header_id` int(12) DEFAULT NULL,
  `type_option_header_id` int(12) DEFAULT NULL,
  `efid` int(12) DEFAULT NULL,
  `status` enum('active','inactive') DEFAULT NULL,
  `rev_enabled` enum('enabled','disabled') DEFAULT NULL,
  `rev_number` int(2) DEFAULT NULL,
  `created_by` int(12) NOT NULL,
  `creation_date` datetime DEFAULT NULL,
  `last_update_by` int(12) NOT NULL,
  `last_update_date` datetime DEFAULT NULL
) ENGINE=InnoDB DEFAULT CHARSET=latin1;

--
-- Dumping data for table `enterprise`
--

INSERT INTO `enterprise` (`enterprise_id`, `org_id`, `designation_option_header_id`, `type_option_header_id`, `efid`, `status`, `rev_enabled`, `rev_number`, `created_by`, `creation_date`, `last_update_by`, `last_update_date`) VALUES
(40, 1, 2, NULL, 1, NULL, NULL, 1, 0, '2014-03-27 04:35:32', 34, '2015-03-08 12:38:25'),
(41, 2, NULL, NULL, 1, 'inactive', 'enabled', 1, 0, '2014-03-27 04:36:27', 0, '2027-03-14 04:36:27'),
(42, 13, 0, NULL, NULL, NULL, NULL, 1, 34, '2014-11-17 17:02:41', 34, '2014-12-27 17:44:44'),
(43, 20, NULL, NULL, NULL, 'active', NULL, NULL, 34, '2015-10-10 09:05:20', 34, '2015-10-10 09:05:20');

-- --------------------------------------------------------

--
-- Table structure for table `extn_comment`
--

CREATE TABLE `extn_comment` (
  `extn_comment_id` int(12) NOT NULL,
  `reference_table` varchar(50) NOT NULL,
  `reference_id` int(12) NOT NULL,
  `subject` varchar(256) DEFAULT NULL,
  `extn_comment` text NOT NULL,
  `terms` varchar(256) DEFAULT NULL,
  `published_cb` tinyint(1) DEFAULT NULL,
  `weightage` int(12) DEFAULT NULL,
  `comment_by` varchar(256) DEFAULT NULL,
  `created_by` int(12) NOT NULL,
  `creation_date` datetime DEFAULT NULL,
  `last_update_by` int(12) NOT NULL,
  `last_update_date` datetime DEFAULT NULL
) ENGINE=MyISAM DEFAULT CHARSET=latin1;

-- --------------------------------------------------------

--
-- Table structure for table `extn_contact`
--

CREATE TABLE `extn_contact` (
  `extn_contact_id` int(12) UNSIGNED NOT NULL,
  `contact_name` varchar(25) NOT NULL,
  `last_name` varchar(25) NOT NULL,
  `first_name` varchar(100) DEFAULT NULL,
  `middle_name` varchar(50) DEFAULT NULL,
  `mobile_number` varchar(20) DEFAULT NULL,
  `office_number` varchar(20) DEFAULT NULL,
  `contact_number2` varchar(20) DEFAULT NULL,
  `email_id` varchar(40) DEFAULT NULL,
  `website` varchar(50) DEFAULT NULL,
  `email_id2` varchar(40) DEFAULT NULL,
  `fax_no` varchar(30) DEFAULT NULL,
  `timezone` varchar(30) DEFAULT NULL,
  `time_to_contact` varchar(40) DEFAULT NULL,
  `type` varchar(25) DEFAULT NULL,
  `status` varchar(25) DEFAULT NULL,
  `job_titile` varchar(30) DEFAULT NULL,
  `created_by` int(12) NOT NULL,
  `creation_date` datetime DEFAULT NULL,
  `last_update_by` int(12) NOT NULL,
  `last_update_date` datetime DEFAULT NULL
) ENGINE=InnoDB DEFAULT CHARSET=latin1;

-- --------------------------------------------------------

--
-- Table structure for table `extn_contact_reference`
--

CREATE TABLE `extn_contact_reference` (
  `extn_contact_reference_id` int(12) NOT NULL,
  `extn_contact_id` int(12) NOT NULL,
  `status` varchar(20) DEFAULT NULL,
  `reference_type` varchar(50) DEFAULT NULL,
  `reference_table` varchar(50) NOT NULL,
  `reference_id` int(12) NOT NULL,
  `created_by` int(12) NOT NULL,
  `creation_date` datetime DEFAULT NULL,
  `last_update_by` int(12) NOT NULL,
  `last_update_date` datetime DEFAULT NULL
) ENGINE=InnoDB DEFAULT CHARSET=latin1;

-- --------------------------------------------------------

--
-- Table structure for table `extn_emessage_header`
--

CREATE TABLE `extn_emessage_header` (
  `extn_emessage_header_id` int(12) UNSIGNED NOT NULL,
  `user_id` int(12) NOT NULL,
  `from_user_id` int(12) NOT NULL,
  `user_id_comb` varchar(25) NOT NULL,
  `user_deleted_cb` int(12) DEFAULT NULL,
  `from_user_deleted_cb` int(12) DEFAULT NULL,
  `created_by` int(12) NOT NULL,
  `creation_date` datetime DEFAULT NULL,
  `last_update_by` int(12) NOT NULL,
  `last_update_date` datetime DEFAULT NULL
) ENGINE=InnoDB DEFAULT CHARSET=latin1;

-- --------------------------------------------------------

--
-- Table structure for table `extn_emessage_line`
--

CREATE TABLE `extn_emessage_line` (
  `extn_emessage_line_id` int(12) UNSIGNED NOT NULL,
  `extn_emessage_header_id` int(12) NOT NULL,
  `from_user_id` int(12) NOT NULL,
  `user_id` int(12) NOT NULL,
  `text_message` text,
  `created_by` int(12) NOT NULL,
  `creation_date` datetime DEFAULT NULL,
  `last_update_by` int(12) NOT NULL,
  `last_update_date` datetime DEFAULT NULL
) ENGINE=InnoDB DEFAULT CHARSET=latin1;

-- --------------------------------------------------------

--
-- Table structure for table `extn_file`
--

CREATE TABLE `extn_file` (
  `extn_file_id` int(12) UNSIGNED NOT NULL,
  `file_path` varchar(256) NOT NULL,
  `file_name` varchar(50) NOT NULL,
  `file_size` varchar(50) NOT NULL,
  `file_type` varchar(50) NOT NULL,
  `display_type` varchar(25) DEFAULT NULL,
  `description` varchar(200) DEFAULT NULL,
  `created_by` int(12) NOT NULL,
  `creation_date` datetime DEFAULT NULL,
  `last_update_by` int(12) NOT NULL,
  `last_update_date` datetime DEFAULT NULL,
  `module_name` varchar(20) DEFAULT NULL,
  `document_type` varchar(50) DEFAULT NULL
) ENGINE=InnoDB DEFAULT CHARSET=latin1;

-- --------------------------------------------------------

--
-- Table structure for table `extn_image`
--

CREATE TABLE `extn_image` (
  `extn_image_id` int(12) UNSIGNED NOT NULL,
  `file_path` varchar(255) NOT NULL,
  `file_name` varchar(50) NOT NULL,
  `file_size` varchar(25) NOT NULL,
  `file_type` varchar(25) NOT NULL,
  `display_type` varchar(25) DEFAULT NULL,
  `description` varchar(200) DEFAULT NULL,
  `document_type` varchar(50) DEFAULT NULL,
  `module_name` varchar(20) DEFAULT NULL,
  `created_by` int(12) NOT NULL,
  `creation_date` datetime DEFAULT NULL,
  `last_update_by` int(12) NOT NULL,
  `last_update_date` datetime DEFAULT NULL
) ENGINE=InnoDB DEFAULT CHARSET=latin1;

-- --------------------------------------------------------

--
-- Table structure for table `extn_image_reference`
--

CREATE TABLE `extn_image_reference` (
  `extn_image_reference_id` int(12) UNSIGNED NOT NULL,
  `extn_image_id` int(12) NOT NULL,
  `reference_table` varchar(50) NOT NULL,
  `reference_id` int(12) NOT NULL,
  `img_description1` varchar(255) DEFAULT NULL,
  `img_description2` varchar(255) DEFAULT NULL,
  `status` varchar(25) DEFAULT NULL
) ENGINE=InnoDB DEFAULT CHARSET=latin1;

-- --------------------------------------------------------

--
-- Table structure for table `extn_menu_header`
--

CREATE TABLE `extn_menu_header` (
  `extn_menu_header_id` int(12) NOT NULL,
  `menu_name` varchar(30) NOT NULL,
  `description` varchar(255) DEFAULT NULL,
  `active_cb` tinyint(1) DEFAULT NULL,
  `priority` int(12) DEFAULT NULL,
  `css_class` varchar(50) DEFAULT NULL,
  `image_file_id` int(12) DEFAULT NULL,
  `created_by` int(12) NOT NULL,
  `creation_date` datetime DEFAULT NULL,
  `last_update_by` int(12) NOT NULL,
  `last_update_date` datetime DEFAULT NULL
) ENGINE=InnoDB DEFAULT CHARSET=latin1;

--
-- Dumping data for table `extn_menu_header`
--

INSERT INTO `extn_menu_header` (`extn_menu_header_id`, `menu_name`, `description`, `active_cb`, `priority`, `css_class`, `image_file_id`, `created_by`, `creation_date`, `last_update_by`, `last_update_date`) VALUES
(1, 'CMS Top', 'Top menu shown on CMS', NULL, NULL, 'nav nav-pills', NULL, 1, '2016-07-10 09:53:49', 1, '2016-08-06 13:46:25'),
(2, 'User Login', 'Use Login Menu', NULL, NULL, 'dropdown-menu ino-user-login', NULL, 1, '2016-07-11 08:35:25', 1, '2016-08-26 11:05:36');

-- --------------------------------------------------------

--
-- Table structure for table `extn_menu_line`
--

CREATE TABLE `extn_menu_line` (
  `extn_menu_line_id` int(12) NOT NULL,
  `extn_menu_header_id` int(12) NOT NULL,
  `link_name` varchar(30) NOT NULL,
  `description` varchar(255) DEFAULT NULL,
  `link_title` varchar(255) DEFAULT NULL,
  `path_id` int(12) DEFAULT NULL,
  `external_link` varchar(256) DEFAULT NULL,
  `interanl_link` varchar(255) DEFAULT NULL,
  `parent_id` int(12) DEFAULT NULL,
  `css_class` varchar(50) DEFAULT NULL,
  `icon_css_class` varchar(255) DEFAULT NULL,
  `priority` int(12) DEFAULT NULL,
  `dropdown_cb` tinyint(1) DEFAULT NULL,
  `created_by` int(12) NOT NULL,
  `creation_date` datetime DEFAULT NULL,
  `last_update_by` int(12) NOT NULL,
  `last_update_date` datetime DEFAULT NULL
) ENGINE=InnoDB DEFAULT CHARSET=latin1;

--
-- Dumping data for table `extn_menu_line`
--

INSERT INTO `extn_menu_line` (`extn_menu_line_id`, `extn_menu_header_id`, `link_name`, `description`, `link_title`, `path_id`, `external_link`, `interanl_link`, `parent_id`, `css_class`, `icon_css_class`, `priority`, `dropdown_cb`, `created_by`, `creation_date`, `last_update_by`, `last_update_date`) VALUES
(1, 1, 'Home', 'Home Page', 'Home Page', NULL, NULL, NULL, NULL, NULL, NULL, NULL, NULL, 1, '2016-07-10 09:53:50', 1, '2016-07-11 08:29:04'),
(2, 1, 'All Topics', 'All Form Topics', 'All Form Topics', NULL, 'http://inoideas.org/content.php?content_type=forum&category_id=1', NULL, 3, NULL, NULL, 1, NULL, 1, '2016-07-10 09:54:03', 1, '2016-07-11 08:42:53'),
(3, 1, 'Forum', 'Discussion about inoERP', 'Discussion about inoERP', NULL, NULL, 'content.php?mode=9&content_type=forum&category_id=7', NULL, 'caret', NULL, 1, 1, 1, '2016-07-10 10:09:26', 1, '2016-07-11 08:42:53'),
(4, 1, 'Ask a Question', 'Ask a Question in Forum', 'Ask a Question', NULL, NULL, 'content.php?mode=9&content_type=forum&category_id=7', 3, NULL, NULL, 2, NULL, 1, '2016-07-11 06:54:22', 1, '2016-07-11 08:57:13'),
(5, 1, 'Demo', 'Demo', 'Demo', NULL, NULL, NULL, NULL, 'caret', NULL, 1, 1, 1, '2016-07-11 06:58:05', 1, '2016-07-11 08:42:08'),
(7, 1, 'Shared Demo', 'Shared Demo', 'Shared Demo', NULL, 'http://try-inoerp.inoerp.org/extensions/user/user_login.php', NULL, 5, NULL, NULL, 1, NULL, 1, '2016-07-11 06:58:51', 1, '2016-07-11 06:58:51'),
(8, 1, 'Cloud Service', 'Cloud Service', 'Cloud Service', NULL, 'https://inoerp.stratus5.net/signUp?planCode=inoerp-basic', NULL, 5, NULL, NULL, 5, NULL, 1, '2016-07-11 07:06:50', 1, '2016-07-11 07:06:50'),
(9, 1, 'Other Options', 'Other Options', 'Other Options', NULL, 'http://inoideas.org/content/demo', NULL, 5, NULL, NULL, 1, NULL, 1, '2016-07-11 07:06:50', 1, '2016-07-11 07:06:50'),
(10, 1, 'Download', 'Download', 'Download', NULL, NULL, NULL, NULL, 'caret', NULL, 1, 1, 1, '2016-07-11 07:06:50', 1, '2016-07-11 08:42:08'),
(11, 1, 'Docs', 'Documentation', 'Documentation', NULL, NULL, NULL, NULL, 'caret', NULL, 1, 1, 1, '2016-07-11 07:06:51', 1, '2016-08-06 13:46:25'),
(12, 1, 'User Guide', 'User Guide', 'User Guide', NULL, NULL, 'content.php?content_type=documentation&category_id=30', 11, NULL, NULL, 1, NULL, 1, '2016-07-11 07:08:33', 1, '2016-07-11 08:19:57'),
(13, 1, 'Source Forge', 'Source Forge', 'Source Forge', NULL, 'https://sourceforge.net/projects/inoerp/', NULL, 10, NULL, NULL, 1, NULL, 1, '2016-07-11 07:08:33', 1, '2016-07-11 07:08:33'),
(14, 1, 'gitHub', 'gitHub', 'gitHub', NULL, 'https://github.com/inoerp/inoERP', NULL, 10, NULL, NULL, 1, NULL, 1, '2016-07-11 07:08:33', 1, '2016-07-11 08:27:50'),
(15, 1, 'Data Structure', 'Data Structure', 'Data Structure', NULL, 'http://inoideas.org/content.php?content_type=dataentity&category_id=52', NULL, 11, NULL, NULL, 1, NULL, 1, '2016-07-11 07:08:33', 1, '2016-07-11 07:08:33'),
(16, 2, 'Home', 'Home Page', 'Home Page', NULL, NULL, NULL, NULL, NULL, 'fa fa-home', NULL, NULL, 1, '2016-07-11 08:35:26', 1, '2016-07-11 09:10:24'),
(17, 2, 'My Details', 'My Details', 'My Details', NULL, NULL, 'form.php?class_name=ino_user&mode=9', NULL, 'getAjaxForm', 'fa fa-user-secret ', 2, 1, 1, '2016-07-11 08:35:27', 1, '2016-08-26 11:05:36'),
(18, 2, 'Dashboard', 'Dashboard', 'Dashboard', NULL, NULL, 'form.php?class_name=user_dashboard_v&mode=2', NULL, NULL, 'fa fa-dashboard', 1, NULL, 1, '2016-07-11 08:35:27', 1, '2016-07-11 09:21:03'),
(19, 2, 'Configure', 'Configure', 'Configure', NULL, NULL, 'form.php?class_name=user_dashboard_config&mode=9', NULL, NULL, 'fa fa-cog', 5, 1, 1, '2016-07-11 08:35:27', 1, '2016-07-11 09:10:24'),
(20, 2, 'Activities', 'Activities', 'Activities', NULL, NULL, 'form.php?class_name=user_activity_v&mode=2', NULL, NULL, 'fa fa-sign-out', 6, NULL, 1, '2016-07-11 08:35:27', 1, '2016-07-11 09:26:03'),
(21, 2, 'Notification', 'Notification', 'Notification', NULL, NULL, 'search.php?class_name=sys_notification_user', NULL, NULL, 'fa fa-bell-slash-o', 3, NULL, 1, '2016-07-11 08:37:24', 1, '2016-07-11 09:22:19'),
(22, 2, 'Logout', 'Logout', 'Logout', NULL, NULL, 'extensions/ino_user/user_logout.php', NULL, NULL, 'fa fa-tasks', 21, 1, 1, '2016-07-11 08:37:25', 1, '2016-08-10 05:33:31');

-- --------------------------------------------------------

--
-- Table structure for table `extn_rating_control`
--

CREATE TABLE `extn_rating_control` (
  `pos_inv_control_id` int(12) UNSIGNED NOT NULL,
  `org_id` int(12) NOT NULL,
  `cogs_ac_id` int(12) DEFAULT NULL,
  `ar_transaction_type_id` int(12) DEFAULT NULL,
  `customer_id` int(12) DEFAULT NULL,
  `transaction_subinventory_id` int(12) DEFAULT NULL,
  `transaction_locator_id` int(12) DEFAULT NULL,
  `return_subinventory_id` int(12) DEFAULT NULL,
  `return_locator_id` int(12) DEFAULT NULL,
  `item_id_m` int(12) DEFAULT NULL,
  `allow_negative_onhand_cb` tinyint(1) DEFAULT NULL,
  `customer_site_id` int(12) DEFAULT NULL,
  `created_by` int(12) NOT NULL,
  `creation_date` datetime DEFAULT NULL,
  `last_update_by` int(12) NOT NULL,
  `last_update_date` datetime DEFAULT NULL
) ENGINE=InnoDB DEFAULT CHARSET=latin1;

-- --------------------------------------------------------

--
-- Table structure for table `extn_rating_values`
--

CREATE TABLE `extn_rating_values` (
  `extn_rating_values_id` int(12) NOT NULL,
  `reference_table` varchar(50) NOT NULL,
  `reference_id` int(12) NOT NULL,
  `rating` int(5) DEFAULT NULL,
  `vote_time` datetime NOT NULL,
  `ip_address` varchar(25) DEFAULT NULL,
  `created_by` int(12) NOT NULL,
  `creation_date` datetime DEFAULT NULL,
  `last_update_by` int(12) NOT NULL,
  `last_update_date` datetime DEFAULT NULL
) ENGINE=InnoDB DEFAULT CHARSET=latin1;

-- --------------------------------------------------------

--
-- Table structure for table `extn_report`
--

CREATE TABLE `extn_report` (
  `extn_report_id` int(12) UNSIGNED NOT NULL,
  `report_name` varchar(100) NOT NULL,
  `module_code` varchar(10) DEFAULT NULL,
  `description` varchar(255) DEFAULT NULL,
  `custom_div_class` varchar(255) DEFAULT NULL,
  `logical_settings` text,
  `query_v` longtext,
  `report_columns` text NOT NULL,
  `display_type` varchar(100) DEFAULT NULL,
  `page` int(1) DEFAULT NULL,
  `page_title` varchar(255) DEFAULT NULL,
  `page_header` longtext,
  `page_footer` longtext,
  `use_pager_cb` int(1) DEFAULT NULL,
  `default_per_page` int(5) DEFAULT NULL,
  `no_of_grid_columns` int(4) DEFAULT NULL,
  `path` varchar(255) DEFAULT NULL,
  `path_id` int(12) DEFAULT NULL,
  `block_id` int(12) DEFAULT NULL,
  `block_title` varchar(255) DEFAULT NULL,
  `show_graph_only_cb` tinyint(1) DEFAULT NULL,
  `rev_enabled_cb` tinyint(1) DEFAULT NULL,
  `rev_number` varchar(15) DEFAULT NULL,
  `header_text` text,
  `footer_text` text,
  `remove_default_header_cb` tinyint(1) DEFAULT NULL,
  `list_type` varchar(25) DEFAULT NULL,
  `chart_type` varchar(25) DEFAULT NULL,
  `chart_width` int(12) DEFAULT NULL,
  `chart_height` int(12) DEFAULT NULL,
  `chart_label` varchar(255) DEFAULT NULL,
  `chart_value` varchar(255) DEFAULT NULL,
  `chart_legend` varchar(255) DEFAULT NULL,
  `chart_legend2` varchar(255) DEFAULT NULL,
  `created_by` int(12) NOT NULL,
  `creation_date` datetime DEFAULT NULL,
  `last_update_by` int(12) NOT NULL,
  `last_update_date` datetime DEFAULT NULL
) ENGINE=InnoDB DEFAULT CHARSET=latin1;

--
-- Dumping data for table `extn_report`
--

INSERT INTO `extn_report` (`extn_report_id`, `report_name`, `module_code`, `description`, `custom_div_class`, `logical_settings`, `query_v`, `report_columns`, `display_type`, `page`, `page_title`, `page_header`, `page_footer`, `use_pager_cb`, `default_per_page`, `no_of_grid_columns`, `path`, `path_id`, `block_id`, `block_title`, `show_graph_only_cb`, `rev_enabled_cb`, `rev_number`, `header_text`, `footer_text`, `remove_default_header_cb`, `list_type`, `chart_type`, `chart_width`, `chart_height`, `chart_label`, `chart_value`, `chart_legend`, `chart_legend2`, `created_by`, `creation_date`, `last_update_by`, `last_update_date`) VALUES
(1, 'Supplier Balance', 'ap', 'Supplier Balance', NULL, NULL, 'U0VMRUNUIA0KIHN1cHAuc3VwcGxpZXJfbmFtZSwgc3VwcF9zLnN1cHBsaWVyX3NpdGVfbmFtZSwgYXRoLmJ1X29yZ19pZCwgYXRoLnN1cHBsaWVyX2lkLCBzdXBwX3Muc3VwcGxpZXJfc2l0ZV9pZCwgb3JnLm9yZyBhcyBvcmcsDQogIFRSVU5DQVRFKFNVTShhdGguaGVhZGVyX2Ftb3VudCAqIElGTlVMTChhdGguZXhjaGFuZ2VfcmF0ZSwxKSksMikgYXMgaGVhZGVyX2Ftb3VudCwgDQogIFRSVU5DQVRFKFNVTShhdGguaGVhZGVyX2Ftb3VudCAqIElGTlVMTChhdGguZXhjaGFuZ2VfcmF0ZSwxKSkgLSBTVU0oYXRoLnBhaWRfYW1vdW50ICogSUZOVUxMKGF0aC5leGNoYW5nZV9yYXRlLDEpKSAsMikgYXMgb3Blbl9iYWxhbmNlICwNCiBUUlVOQ0FURShTVU0oYXRoLnBhaWRfYW1vdW50ICogSUZOVUxMKGF0aC5leGNoYW5nZV9yYXRlLDEpKSAsMikgYXMgcGFpZF9hbW91bnQNCg0KRlJPTSBhcF90cmFuc2FjdGlvbl9oZWFkZXIgIGF0aCwNCiBzdXBwbGllciBzdXBwICwNCnN1cHBsaWVyX3NpdGUgc3VwcF9zLA0KYXBfdHJhbnNhY3Rpb25fbGluZSBhdGwgLA0Kb3JnDQoNCldIRVJFICBhdGguc3VwcGxpZXJfaWQgPSBzdXBwLnN1cHBsaWVyX2lkDQpBTkQgYXRoLnN1cHBsaWVyX3NpdGVfaWQgPSBzdXBwX3Muc3VwcGxpZXJfc2l0ZV9pZA0KQU5EICBhdGwuYXBfdHJhbnNhY3Rpb25faGVhZGVyX2lkID0gYXRoLmFwX3RyYW5zYWN0aW9uX2hlYWRlcl9pZA0KQU5EICBvcmcub3JnX2lkID0gYXRoLmJ1X29yZ19pZA0KDQpHUk9VUCBCWSBhdGguYnVfb3JnX2lkLCBhdGguc3VwcGxpZXJfaWQsc3VwcC5zdXBwbGllcl9uYW1lLA0Kc3VwcF9zLnN1cHBsaWVyX3NpdGVfbmFtZSwgc3VwcF9zLnN1cHBsaWVyX3NpdGVfaWQ=', '["supplier_name","supplier_site_name","bu_org_id","supplier_id","supplier_site_id","org","header_amount","open_balance","paid_amount"]', 'TABLE', NULL, NULL, NULL, NULL, NULL, NULL, NULL, 'form.php?class_name=extn_report_result&mode=2&extn_report_id=1', NULL, NULL, NULL, NULL, NULL, NULL, NULL, NULL, NULL, NULL, 'vertical_column', 400, 400, 'supplier_name', 'open_balance', 'org', NULL, 34, '2015-06-17 08:46:43', 34, '2015-06-17 10:41:12'),
(2, 'Supplier Payments Summary', 'ap', 'Supplier Payments Summary', NULL, NULL, 'U0VMRUNUIA0KIHN1cHAuc3VwcGxpZXJfbmFtZSwgc3VwcF9zLnN1cHBsaWVyX3NpdGVfbmFtZSwgYXBhLmJ1X29yZ19pZCwgb3JnLm9yZyBhcyBvcmcsDQogIFRSVU5DQVRFKFNVTShhcGEuaGVhZGVyX2Ftb3VudCksMikgYXMgcGF5bWVudF9hbW91bnQsIGFwYS5zdXBwbGllcl9pZCwgc3VwcF9zLnN1cHBsaWVyX3NpdGVfaWQNCg0KRlJPTSBhcF9wYXltZW50X2FsbF92ICBhcGEsDQogc3VwcGxpZXIgc3VwcCAsDQpzdXBwbGllcl9zaXRlIHN1cHBfcywNCm9yZw0KDQpXSEVSRSAgYXBhLnN1cHBsaWVyX2lkID0gc3VwcC5zdXBwbGllcl9pZA0KQU5EIGFwYS5zdXBwbGllcl9zaXRlX2lkID0gc3VwcF9zLnN1cHBsaWVyX3NpdGVfaWQNCkFORCAgb3JnLm9yZ19pZCA9IGFwYS5idV9vcmdfaWQNCg0KR1JPVVAgQlkgYXBhLmJ1X29yZ19pZCwgYXBhLnN1cHBsaWVyX2lkLHN1cHAuc3VwcGxpZXJfbmFtZSwNCnN1cHBfcy5zdXBwbGllcl9zaXRlX25hbWUsIHN1cHBfcy5zdXBwbGllcl9zaXRlX2lk', '["supplier_name","supplier_site_name","bu_org_id","org","payment_amount","supplier_id","supplier_site_id"]', 'TABLE', NULL, NULL, NULL, NULL, NULL, NULL, NULL, 'form.php?class_name=extn_report_result&mode=2&extn_report_id=2', NULL, NULL, NULL, NULL, NULL, NULL, NULL, NULL, NULL, NULL, 'vertical_column', 400, 400, 'supplier_name', 'payment_amount', 'org', NULL, 34, '2015-06-17 10:06:30', 34, '2015-06-17 10:30:44'),
(3, 'Onhand Summary', 'inv', 'Onhand Summary', NULL, NULL, 'U0VMRUNUIG9uaGFuZF92Lm9yZ19uYW1lLCBvbmhhbmRfdi5pdGVtX251bWJlciwgb25oYW5kX3YuaXRlbV9kZXNjcmlwdGlvbixvbmhhbmRfdi5wcm9kdWN0X2xpbmUsIFNVTShvbmhhbmRfdi5vbmhhbmRfdmFsdWUpIGFzIG9uaGFuZF92YWx1ZSwgDQogb25oYW5kX3Yuc3RhbmRhcmRfY29zdCwgb25oYW5kX3YuaXRlbV9pZF9tLCAgb25oYW5kX3Yub25oYW5kLCBpdGVtLml0ZW1faWQsIGl0ZW0ub3JnX2lkLCBpdGVtLml0ZW1fdHlwZQ0KDQpGUk9NIA0Kb25oYW5kX3YsDQppdGVtDQoNCldIRVJFIG9uaGFuZF92Lml0ZW1faWRfbSA9IGl0ZW0uaXRlbV9pZF9tDQpBTkQgaXRlbS5vcmdfaWQgPSBvbmhhbmRfdi5vcmdfaWQNCkdST1VQIEJZIG9uaGFuZF92Lml0ZW1fbnVtYmVyLCBvbmhhbmRfdi5pdGVtX2Rlc2NyaXB0aW9uLG9uaGFuZF92LnByb2R1Y3RfbGluZSwNCm9uaGFuZF92Lm9yZ19uYW1lLCBvbmhhbmRfdi5zdGFuZGFyZF9jb3N0LCBvbmhhbmRfdi5pdGVtX2lkX20sICBvbmhhbmRfdi5vbmhhbmQsIGl0ZW0uaXRlbV9pZCwgaXRlbS5vcmdfaWQsIGl0ZW0uaXRlbV90eXBlDQoNCk9SREVSIEJZIG9uaGFuZF92YWx1ZSBERVND', '["org_name","item_number","item_description","product_line","onhand_value","standard_cost","item_id_m","onhand","item_id","org_id","item_type"]', 'TABLE', NULL, NULL, NULL, NULL, NULL, NULL, NULL, 'form.php?class_name=extn_report_result&mode=2&extn_report_id=3', NULL, NULL, NULL, NULL, NULL, NULL, NULL, NULL, NULL, NULL, 'vertical_column', 700, 400, 'item_number', 'onhand_value', 'org_name', NULL, 34, '2015-10-31 11:35:00', 1, '2016-08-21 14:48:25'),
(4, 'Sales Funel', 'sd', 'Sales Funnel', NULL, NULL, 'U0VMRUNUIENPVU5UKHNzZHYuZG9jdW1lbnRfaWQpIEFTIGNvdW50X3NhbGVzX2RvY3VtZW50cywgc3Nkdi5kb2N1ZW1udF9udW1iZXIsICBzc2R2LnN0YXR1cyAsc3Nkdi5kb2N1bWVudF90eXBlLCANCnNzZHYuY3JlYXRpb25fZGF0ZQ0KRlJPTSANCnNkX3NhbGVzX2RvY3VtZW50c192IHNzZHYNCkdST1VQIEJZIHNzZHYuZG9jdW1lbnRfdHlwZQ==', '["count_sales_documents","docuemnt_number","status","document_type","creation_date"]', 'TABLE', NULL, NULL, NULL, NULL, NULL, NULL, NULL, 'form.php?class_name=extn_report_result&mode=2&extn_report_id=4', NULL, NULL, NULL, NULL, NULL, NULL, NULL, NULL, NULL, NULL, 'funnel', 700, 400, 'document_type', 'count_sales_documents', NULL, NULL, 34, '2015-11-01 06:02:18', 34, '2015-11-01 06:03:13'),
(5, 'Open PO', 'pur', 'Open PO', NULL, NULL, 'U0VMRUNUIHBhdi5wb19zdGF0dXMsIHBhdi5zdXBwbGllcl9uYW1lLCBTVU0ocGF2LmhlYWRlcl9hbW91bnQpIEFTIHN1bV9oZWFkZXJfYW1vdW50LA0KcGF2Lml0ZW1fbnVtYmVyLCBTVU0ocGF2Lm9wZW5fcXVhbnRpdHkpIEFTIHN1bV9vcGVuX3F1YW50aXR5LA0KcGF2LmNyZWF0aW9uX2RhdGUgLHBhdi5idV9vcmdfaWQsU1VNKHBhdi5xdWFudGl0eSkgQVMgc3VtX3F1YW50aXR5LA0Kb3JnX3Yub3JnX2lkLG9yZ192Lm9yZw0KRlJPTSANCnBvX2FsbF92IHBhdiwNCm9yZ192DQpXSEVSRSBwYXYuYnVfb3JnX2lkID0gb3JnX3Yub3JnX2lkDQpHUk9VUCBCWSBwYXYuc3VwcGxpZXJfbmFtZQ0KT1JERVIgQlkgU1VNKHBhdi5oZWFkZXJfYW1vdW50KSBBU0M=', '["po_status","supplier_name","sum_header_amount","item_number","sum_open_quantity","creation_date","bu_org_id","sum_quantity","org_id","org"]', 'TABLE', NULL, NULL, NULL, NULL, NULL, NULL, NULL, 'form.php?class_name=extn_report_result&mode=2&extn_report_id=4', NULL, NULL, NULL, NULL, NULL, NULL, NULL, NULL, NULL, NULL, 'vertical_column', 480, 400, 'supplier_name', 'sum_open_quantity', 'org', NULL, 34, '2015-11-01 06:09:40', 34, '2015-11-01 06:14:18'),
(6, 'Customer Balance', 'ar', 'Customer Open Balance', NULL, NULL, 'U0VMRUNUIA0Kb3JnLCBjdXN0b21lcl9uYW1lLCBjdXN0b21lcl9udW1iZXIsIA0KU1VNKGhlYWRlcl9hbW91bnQpIGFzIGFtb3VudCwgIFNVTShyZW1haW5nX2Ftb3VudCkgYXMgb3Blbl9iYWxhbmNlLCBjdXJyZW5jeSwgYnVfb3JnX2lkDQoNCkZST00gDQphcl91bnBhaWRfdHJhbnNhY3Rpb25fdg0KDQpHUk9VUCBCWSBvcmcsY3VzdG9tZXJfbmFtZSxjdXN0b21lcl9udW1iZXIsY3VycmVuY3k=', '["org","customer_name","customer_number","amount","open_balance","currency","bu_org_id"]', 'TABLE', NULL, NULL, NULL, NULL, NULL, NULL, NULL, 'form.php?class_name=extn_report_result&mode=2&extn_report_id=6', NULL, NULL, NULL, NULL, NULL, NULL, NULL, NULL, NULL, NULL, 'vertical_column', 400, 400, 'customer_name', 'open_balance', 'org', NULL, 34, '2015-11-01 08:04:10', 34, '2015-11-01 08:10:54'),
(7, 'P&L Snapshot', 'gl', 'P&L Snapshot', NULL, NULL, 'U0VMRUNUIHBlcmlvZF9uYW1lLCBmaWVsZDEsIFRSSU0odHJhaWxpbmcgJy4nIGZyb20gVFJJTSh0cmFpbGluZyAnMCcgZnJvbSBhYnMoSUZOVUxMKFNVTShgcGVyaW9kX25ldF9jcmApLDApIC0gSUZOVUxMKFNVTShgcGVyaW9kX25ldF9kcmApLCAwKSkpKSBhcyBhbW91bnQsICdSZXZlbnVlJyBhcyBiYWxhbmNlX3R5cGUNCkZST00gYGdsX2JhbGFuY2VfdmANCldIRVJFIGdsX3BlcmlvZF9pZCA+IDUNCkFORCBmaWVsZDQgPj0gNDAwMDAwIA0KQU5EIGZpZWxkNCA8IDUwMDAwMA0KR1JPVVAgQlkgZmllbGQxLCBgcGVyaW9kX25hbWVgDQpVTklPTg0KU0VMRUNUIHBlcmlvZF9uYW1lLCBmaWVsZDEsIFRSSU0odHJhaWxpbmcgJy4nIGZyb20gVFJJTSh0cmFpbGluZyAnMCcgZnJvbSBhYnMoSUZOVUxMKFNVTShgcGVyaW9kX25ldF9kcmApLDApIC0gSUZOVUxMKFNVTShgcGVyaW9kX25ldF9jcmApLCAwKSkpKSBhcyBhbW91bnQsICdDT0dTJyBhcyBiYWxhbmNlX3R5cGUNCkZST00gYGdsX2JhbGFuY2VfdmANCldIRVJFIGdsX3BlcmlvZF9pZCA+IDUNCkFORCBmaWVsZDQgPj0gNTAwMDAwIA0KQU5EIGZpZWxkNCA8IDYwMDAwMA0KR1JPVVAgQlkgZmllbGQxLCBgcGVyaW9kX25hbWVgDQpVTklPTg0KU0VMRUNUIHBlcmlvZF9uYW1lLCBmaWVsZDEsIFRSSU0odHJhaWxpbmcgJy4nIGZyb20gVFJJTSh0cmFpbGluZyAnMCcgZnJvbSBhYnMoSUZOVUxMKFNVTShgcGVyaW9kX25ldF9kcmApLDApIC0gSUZOVUxMKFNVTShgcGVyaW9kX25ldF9jcmApLCAwKSkpKSBhcyBhbW91bnQsICdPdGhlciBPcGVyYXRpbmcgRXhwZW5zZScgYXMgYmFsYW5jZV90eXBlDQpGUk9NIGBnbF9iYWxhbmNlX3ZgDQpXSEVSRSBnbF9wZXJpb2RfaWQgPiA1DQpBTkQgZmllbGQ0ID49IDYwMDAwMCANCkFORCBmaWVsZDQgPCA3MDAwMDANCkdST1VQIEJZIGZpZWxkMSwgYHBlcmlvZF9uYW1lYA0KVU5JT04NClNFTEVDVCBwZXJpb2RfbmFtZSwgZmllbGQxLCBUUklNKHRyYWlsaW5nICcuJyBmcm9tIFRSSU0odHJhaWxpbmcgJzAnIGZyb20gYWJzKElGTlVMTChTVU0oYHBlcmlvZF9uZXRfZHJgKSwwKSAtIElGTlVMTChTVU0oYHBlcmlvZF9uZXRfY3JgKSwgMCkpKSkgYXMgYW1vdW50LCAnT3RoZXIgSW5jb21lICYgRXhwZW5zZScgYXMgYmFsYW5jZV90eXBlDQpGUk9NIGBnbF9iYWxhbmNlX3ZgDQpXSEVSRSBnbF9wZXJpb2RfaWQgPiA1DQpBTkQgZmllbGQ0ID49IDcwMDAwMCANCkdST1VQIEJZIGZpZWxkMSwgYHBlcmlvZF9uYW1lYA==', '["period_name","field1","amount","balance_type"]', 'TABLE', NULL, NULL, NULL, NULL, NULL, NULL, NULL, 'form.php?class_name=extn_report_result&mode=2&extn_report_id=7', NULL, NULL, NULL, NULL, NULL, NULL, NULL, NULL, NULL, NULL, 'vertical_column', 600, 400, 'balance_type', 'amount', 'period_name', NULL, 1, '2016-06-23 12:32:19', 1, '2016-08-21 15:23:45'),
(8, 'Accumulated Depreciation', 'fa', 'All Accumulated Depreciation', NULL, NULL, 'U0VMRUNUDQphc3QuYXNzZXRfbnVtYmVyLCAgYXN0LmRlc2NyaXB0aW9uIGFzIGFzc2V0X2Rlc2NyaXB0aW9uLA0KZmFiLmFzc2V0X2Jvb2tfbmFtZSwgZmFiLmJ1X29yZ19pZCwgZmFiLnR5cGUsIGZhYi5kZXNjcmlwdGlvbiwgZmFiaS5jdXJyZW50X2Nvc3QsIGZhYmkub3JpZ2luYWxfY29zdCwgDQpTVU0oZmRsLmRlcHJlY2lhdGlvbl9hbW91bnQpIGFzIGRlcHJlY2lhdGlvbl9hbW91bnQsIFNVTShmZGwudW5zY2hlZHVsZV9hbW91bnQpIGFzIHVuc2NoZWR1bGVfYW1vdW50LCBTVU0oZmRsLnRvdGFsX2RlcHJlY2lhdGlvbl9hbW91bnQpIGFzIHRvdGFsX2RlcHJlY2lhdGlvbl9hbW91bnQsICANCmZhYmkubGlmZV9tb250aHMsIGZhYmkuZGVwcmVjaWF0aW9uX3N0YXJ0X2RhdGUsDQpmZGguZmFfYXNzZXRfYm9va19pZCAsIGZkaC5nbF9wZXJpb2RfaWQgLCBmZGwuYXNzZXRfaWQgDQoNCkZST00NCmZhX2RlcHJlY2lhdGlvbl9saW5lIGZkbCwNCmZhX2RlcHJlY2lhdGlvbl9oZWFkZXIgZmRoLA0KZmFfYXNzZXQgYXN0LA0KZmFfYXNzZXRfYm9vayBmYWIsDQpmYV9hc3NldF9ib29rX2luZm8gZmFiaQ0KDQpXSEVSRSBmZGguZmFfZGVwcmVjaWF0aW9uX2hlYWRlcl9pZCA9IGZkbC5mYV9kZXByZWNpYXRpb25faGVhZGVyX2lkDQpBTkQgYXN0LmZhX2Fzc2V0X2lkID0gZmRsLmFzc2V0X2lkDQpBTkQgZmFiLmZhX2Fzc2V0X2Jvb2tfaWQgPSBmZGguZmFfYXNzZXRfYm9va19pZA0KQU5EIGZhYmkuZmFfYXNzZXRfYm9va19pZCA9IGZkaC5mYV9hc3NldF9ib29rX2lkDQpBTkQgZmFiaS5mYV9hc3NldF9pZCA9IGZkbC5hc3NldF9pZA0KDQoNCkdST1VQIEJZIGZkaC5mYV9hc3NldF9ib29rX2lkICwgZmRoLmdsX3BlcmlvZF9pZCAsIGZkbC5hc3NldF9pZCAsIGFzdC5hc3NldF9udW1iZXIsICBhc3QuZGVzY3JpcHRpb24sIGZhYi5hc3NldF9ib29rX25hbWUsIGZhYi5idV9vcmdfaWQsIGZhYi50eXBlLCBmYWIuZGVzY3JpcHRpb24sDQpmYWJpLmN1cnJlbnRfY29zdCwgZmFiaS5vcmlnaW5hbF9jb3N0LGZhYmkubGlmZV9tb250aHMsIGZhYmkuZGVwcmVjaWF0aW9uX3N0YXJ0X2RhdGU=', '["asset_number","asset_description","asset_book_name","bu_org_id","type","description","current_cost","original_cost","depreciation_amount","unschedule_amount","total_depreciation_amount","life_months","depreciation_start_date","fa_asset_book_id","gl_period_id","asset_id"]', 'TABLE', NULL, NULL, NULL, NULL, NULL, NULL, NULL, 'form.php?class_name=extn_report_result&mode=2&extn_report_id=8', NULL, NULL, NULL, NULL, NULL, NULL, NULL, NULL, NULL, NULL, 'vertical_column', 600, 400, 'asset_number', 'total_depreciation_amount', 'bu_org_id', NULL, 1, '2016-07-28 10:05:01', 1, '2016-07-28 10:06:21'),
(9, 'YTD Depreciation', 'fa', 'All YTD Depreciation', NULL, NULL, 'U0VMRUNUDQphc3QuYXNzZXRfbnVtYmVyLCAgYXN0LmRlc2NyaXB0aW9uIGFzIGFzc2V0X2Rlc2NyaXB0aW9uLA0KZmFiLmFzc2V0X2Jvb2tfbmFtZSwgZmFiLmJ1X29yZ19pZCwgZmFiLnR5cGUsIGZhYi5kZXNjcmlwdGlvbiwgZmFiaS5jdXJyZW50X2Nvc3QsIGZhYmkub3JpZ2luYWxfY29zdCwgDQpTVU0oZmRsLmRlcHJlY2lhdGlvbl9hbW91bnQpIGFzIGRlcHJlY2lhdGlvbl9hbW91bnQsIFNVTShmZGwudW5zY2hlZHVsZV9hbW91bnQpIGFzIHVuc2NoZWR1bGVfYW1vdW50LCBTVU0oZmRsLnRvdGFsX2RlcHJlY2lhdGlvbl9hbW91bnQpIGFzIHRvdGFsX2RlcHJlY2lhdGlvbl9hbW91bnQsICANCmZhYmkubGlmZV9tb250aHMsIGZhYmkuZGVwcmVjaWF0aW9uX3N0YXJ0X2RhdGUsDQpmZGguZmFfYXNzZXRfYm9va19pZCAsIGZkaC5nbF9wZXJpb2RfaWQgLCBmZGwuYXNzZXRfaWQgLCBnYy55ZWFyDQoNCkZST00NCmZhX2RlcHJlY2lhdGlvbl9saW5lIGZkbCwNCmZhX2RlcHJlY2lhdGlvbl9oZWFkZXIgZmRoLA0KZmFfYXNzZXQgYXN0LA0KZmFfYXNzZXRfYm9vayBmYWIsDQpmYV9hc3NldF9ib29rX2luZm8gZmFiaSwNCmdsX3BlcmlvZCBncCwNCmdsX2NhbGVuZGFyIGdjDQoNCldIRVJFIGZkaC5mYV9kZXByZWNpYXRpb25faGVhZGVyX2lkID0gZmRsLmZhX2RlcHJlY2lhdGlvbl9oZWFkZXJfaWQNCkFORCBhc3QuZmFfYXNzZXRfaWQgPSBmZGwuYXNzZXRfaWQNCkFORCBmYWIuZmFfYXNzZXRfYm9va19pZCA9IGZkaC5mYV9hc3NldF9ib29rX2lkDQpBTkQgZmFiaS5mYV9hc3NldF9ib29rX2lkID0gZmRoLmZhX2Fzc2V0X2Jvb2tfaWQNCkFORCBmYWJpLmZhX2Fzc2V0X2lkID0gZmRsLmFzc2V0X2lkDQpBTkQgZ3AuZ2xfcGVyaW9kX2lkID0gZmRoLmdsX3BlcmlvZF9pZA0KQU5EIGdwLmdsX2NhbGVuZGFyX2lkID0gZ2MuZ2xfY2FsZW5kYXJfaWQNCg0KDQpHUk9VUCBCWSBmZGguZmFfYXNzZXRfYm9va19pZCAsIGZkaC5nbF9wZXJpb2RfaWQgLCBmZGwuYXNzZXRfaWQgLCBhc3QuYXNzZXRfbnVtYmVyLCAgYXN0LmRlc2NyaXB0aW9uLCBmYWIuYXNzZXRfYm9va19uYW1lLCBmYWIuYnVfb3JnX2lkLCBmYWIudHlwZSwgZmFiLmRlc2NyaXB0aW9uLA0KZmFiaS5jdXJyZW50X2Nvc3QsIGZhYmkub3JpZ2luYWxfY29zdCxmYWJpLmxpZmVfbW9udGhzLCBmYWJpLmRlcHJlY2lhdGlvbl9zdGFydF9kYXRl', '["asset_number","asset_description","asset_book_name","bu_org_id","type","description","current_cost","original_cost","depreciation_amount","unschedule_amount","total_depreciation_amount","life_months","depreciation_start_date","fa_asset_book_id","gl_period_id","asset_id","year"]', 'TABLE', NULL, NULL, NULL, NULL, NULL, NULL, NULL, 'form.php?class_name=extn_report_result&mode=2&extn_report_id=9', NULL, NULL, NULL, NULL, NULL, NULL, NULL, NULL, NULL, NULL, 'vertical_column', 600, 400, 'asset_number', 'total_depreciation_amount', 'bu_org_id', NULL, 1, '2016-07-28 10:15:39', 1, '2016-07-28 10:15:39'),
(10, 'WIP Value By Item', 'wip', 'WIP Value By Item', NULL, NULL, 'U0VMRUNUIGNpYy5pdGVtX251bWJlciwgY2ljLml0ZW1fZGVzY3JpcHRpb24sIGNpYy5vcmcsY2ljLnN0YW5kYXJkX2Nvc3QsY2ljLnNhbGVzX3ByaWNlLCB3aC5pdGVtX2lkX20sIA0KUk9VTkQoSUZOVUxMKGNpYy5zdGFuZGFyZF9jb3N0LCAwLjAxKSpTdW0od2gucXVhbnRpdHkgLSB3aC5jb21wbGV0ZWRfcXVhbnRpdHkpKSBhcyAncmVtYWluaW5nX3ZhbHVlJw0KDQpGUk9NIHdpcF93b19oZWFkZXIgd2gNCkxFRlQgSk9JTiBjc3RfaXRlbV9jb3N0X3YgY2ljIE9OIGNpYy5pdGVtX2lkX20gPSB3aC5pdGVtX2lkX20gQU5EIGNpYy5ib21fY29zdF90eXBlPSdGUk9aRU4nICBBTkQgY2ljLm9yZ19pZCA9ICB3aC5vcmdfaWQNCldIRVJFIHdvX3N0YXR1cyA9ICdSRUxFQVNFRCcNCkFORCBjaWMuaXRlbV9udW1iZXIgSVMgTk9UIE5VTEwNCkdST1VQIEJZIGNpYy5pdGVtX251bWJlciwgY2ljLml0ZW1fZGVzY3JpcHRpb24sIGNpYy5vcmcsY2ljLnN0YW5kYXJkX2Nvc3QsY2ljLnNhbGVzX3ByaWNlLCB3aC5pdGVtX2lkX20=', '["item_number","item_description","org","standard_cost","sales_price","item_id_m","remaining_value"]', 'TABLE', NULL, NULL, NULL, NULL, NULL, NULL, NULL, 'form.php?class_name=extn_report_result&mode=2&extn_report_id=10', NULL, NULL, NULL, NULL, NULL, NULL, NULL, NULL, NULL, NULL, 'vertical_column', 600, 400, 'item_number', 'remaining_value', 'org', NULL, 1, '2016-07-28 12:00:05', 1, '2016-07-28 13:17:23'),
(11, 'WIP Quantity By Item', 'wip', 'WIP Quantity By Item', NULL, NULL, 'U0VMRUNUIGNpYy5pdGVtX251bWJlciwgY2ljLml0ZW1fZGVzY3JpcHRpb24sIGNpYy5vcmcsY2ljLnN0YW5kYXJkX2Nvc3QsY2ljLnNhbGVzX3ByaWNlLCB3aC5pdGVtX2lkX20sIA0KUk9VTkQoU1VNKHdoLnF1YW50aXR5IC0gd2guY29tcGxldGVkX3F1YW50aXR5KSkgYXMgJ3JlbWFpbmluZ19xdWFudGl0eScNCg0KRlJPTSB3aXBfd29faGVhZGVyIHdoDQpMRUZUIEpPSU4gY3N0X2l0ZW1fY29zdF92IGNpYyBPTiBjaWMuaXRlbV9pZF9tID0gd2guaXRlbV9pZF9tIEFORCBjaWMuYm9tX2Nvc3RfdHlwZT0nRlJPWkVOJw0KV0hFUkUgd29fc3RhdHVzID0gJ1JFTEVBU0VEJw0KQU5EIGNpYy5pdGVtX251bWJlciBJUyBOT1QgTlVMTA0KR1JPVVAgQlkgY2ljLml0ZW1fbnVtYmVyLCBjaWMuaXRlbV9kZXNjcmlwdGlvbiwgY2ljLm9yZyxjaWMuc3RhbmRhcmRfY29zdCxjaWMuc2FsZXNfcHJpY2UsIHdoLml0ZW1faWRfbQ==', '["item_number","item_description","org","standard_cost","sales_price","item_id_m","remaining_quantity"]', 'TABLE', NULL, NULL, NULL, NULL, NULL, NULL, NULL, 'form.php?class_name=extn_report_result&mode=2&extn_report_id=11', NULL, NULL, NULL, NULL, NULL, NULL, NULL, NULL, NULL, NULL, 'vertical_column', 600, 400, 'item_number', 'remaining_quantity', 'org', NULL, 1, '2016-07-28 12:03:05', 1, '2016-07-28 12:03:20'),
(12, 'Past Due Order', 'wip', 'WIP Past Due Orders', NULL, NULL, 'U0VMRUNUIGl0ZW0uaXRlbV9udW1iZXIsIHdoLml0ZW1faWRfbSwgb3JnLm9yZywNCgkJCUNBU0UgDQoJCQlXSEVOICAoREFURURJRkYoQ1VSREFURSgpLCB3aC5jb21wbGV0aW9uX2RhdGUpKSA8IDUgVEhFTiAnMC00Jw0KCQkJV0hFTiAgKERBVEVESUZGKENVUkRBVEUoKSwgd2guY29tcGxldGlvbl9kYXRlKSkgPCAxMCBUSEVOICc1LTknDQoJCQlXSEVOICAoREFURURJRkYoQ1VSREFURSgpLCB3aC5jb21wbGV0aW9uX2RhdGUpKSA8IDE1IFRIRU4gJzEwLTE0Jw0KCQkJV0hFTiAgKERBVEVESUZGKENVUkRBVEUoKSwgd2guY29tcGxldGlvbl9kYXRlKSkgPCAzMCBUSEVOICcxNS0yOScNCgkJCVdIRU4gIChEQVRFRElGRihDVVJEQVRFKCksIHdoLmNvbXBsZXRpb25fZGF0ZSkpIDwgNjAgVEhFTiAnMzEtNTknDQoJCQlFTFNFICc2MCsnDQoJCQlFTkQgYXMgUGFzdF9EdWUsDQoJCQlST1VORChTVU0od2gucXVhbnRpdHkgLSB3aC5jb21wbGV0ZWRfcXVhbnRpdHkpKSBhcyAncmVtYWluaW5nX3F1YW50aXR5Jw0KCQkJRlJPTQ0KICAgICAgICAgICAgb3JnLA0KCQkJd2lwX3dvX2hlYWRlciB3aA0KICAgICAgICAgICAgTEVGVCBKT0lOIGl0ZW0gT04gaXRlbS5pdGVtX2lkX20gPSB3aC5pdGVtX2lkX20NCgkJCVdIRVJFIHdoLndvX3N0YXR1cyA9ICdSRUxFQVNFRCcNCiAgICAgICAgICAgIEFORCBvcmcub3JnX2lkID0gd2gub3JnX2lkDQogICAgICAgICAgICBBTkQgaXRlbS5pdGVtX251bWJlciBJUyBOT1QgTlVMTA0KCQkJR1JPVVAgQlkgd2guaXRlbV9pZF9tLCBQYXN0X0R1ZQ==', '["item_number","item_id_m","org","Past_Due","remaining_quantity"]', 'TABLE', NULL, NULL, NULL, NULL, NULL, NULL, NULL, 'form.php?class_name=extn_report_result&mode=2&extn_report_id=12', NULL, NULL, NULL, NULL, NULL, NULL, NULL, NULL, NULL, NULL, 'vertical_column', 600, 400, 'item_number', 'remaining_quantity', 'org', NULL, 1, '2016-07-28 12:04:35', 1, '2016-07-28 12:13:12'),
(13, 'Resource Usage', 'wip', 'Resource Usage', NULL, NULL, 'U0VMRUNUIA0Kd3J0Lm9yZ19pZCwgYnIucmVzb3VyY2UsIHdydC50cmFuc2FjdGlvbl90eXBlLCBNT05USCh3cnQudHJhbnNhY3Rpb25fZGF0ZSkgYXMgbW9udGggLCBZRUFSKHdydC50cmFuc2FjdGlvbl9kYXRlKSBhcyB5ZWFyLCBpdGVtLml0ZW1fbnVtYmVyLCBpdGVtLml0ZW1fZGVzY3JpcHRpb24sIA0KIFJPVU5EKFNVTSh3cnQudHJhbnNhY3Rpb25fcXVhbnRpdHkpKSBhcyBxdWFudGl0eSwgIFJPVU5EKFNVTSh3cnQudHJhbnNhY3Rpb25fcXVhbnRpdHkgKiBJRk5VTEwoYnJjLnJlc291cmNlX3JhdGUsIDAgKSkpIGFzIHZhbHVlDQoNCkZST00gd2lwX3Jlc291cmNlX3RyYW5zYWN0aW9uIHdydCwNCndpcF93b19oZWFkZXIgd3doLA0KaXRlbSwNCmJvbV9yZXNvdXJjZSBiciwNCndpcF93b19yb3V0aW5nX2RldGFpbCAgd3dyZCwNCmJvbV9yZXNvdXJjZV9jb3N0IGJyYw0KDQpXSEVSRSB3cnQud2lwX3dvX2hlYWRlcl9pZCA9IHd3aC53aXBfd29faGVhZGVyX2lkDQpBTkQgaXRlbS5pdGVtX2lkX20gPSB3d2guaXRlbV9pZF9tIEFORCBpdGVtLml0ZW1faWQgPSBpdGVtLml0ZW1faWRfbQ0KQU5EIHd3cmQud2lwX3dvX3JvdXRpbmdfZGV0YWlsX2lkID0gd3J0LndpcF93b19yb3V0aW5nX2RldGFpbF9pZA0KQU5EIHd3cmQucmVzb3VyY2VfaWQgPSBici5ib21fcmVzb3VyY2VfaWQNCkFORCB3d3JkLnJlc291cmNlX2lkID0gYnJjLmJvbV9yZXNvdXJjZV9pZA0KQU5EIGJyYy5ib21fY29zdF90eXBlID0gJ0ZST1pFTicNCg0KR1JPVVAgQlkgd3J0Lm9yZ19pZCwgd3J0LnRyYW5zYWN0aW9uX3R5cGUsIG1vbnRoICwgeWVhciwgaXRlbS5pdGVtX251bWJlciwgaXRlbS5pdGVtX2Rlc2NyaXB0aW9uLCBici5yZXNvdXJjZSwgIGJyYy5yZXNvdXJjZV9yYXRl', '["org_id","resource","transaction_type","month","year","item_number","item_description","quantity","value"]', 'TABLE', NULL, NULL, NULL, NULL, NULL, NULL, NULL, 'form.php?class_name=extn_report_result&mode=2&extn_report_id=13', NULL, NULL, NULL, NULL, NULL, NULL, NULL, NULL, NULL, NULL, 'vertical_column', 600, 400, 'item_number', 'value', 'resource', NULL, 1, '2016-07-28 12:51:02', 1, '2016-08-01 06:11:47'),
(14, 'Monthly Production', 'wip', 'Monthly Production', NULL, NULL, 'U0VMRUNUIHd3Yy5vcmdfaWQsIG9yZy5vcmcsIGl0ZW0uaXRlbV9udW1iZXIsIHd3Yy5pdGVtX2lkX20sICBNT05USCh3d2MuY3JlYXRpb25fZGF0ZSkgYXMgbW9udGgsIFlFQVIod3djLmNyZWF0aW9uX2RhdGUpIGFzIHllYXIsIA0KU1VNKHd3Yy5xdWFudGl0eSkgYXMgcXVhbnRpdHksIFJPVU5EKFNVTSh3d2MucXVhbnRpdHkgKiBJRk5VTEwoY2ljLnN0YW5kYXJkX2Nvc3QsIDAuMDEpKSkgYXMgdmFsdWUNCg0KRlJPTSANCm9yZywNCml0ZW0sDQppbnZfdHJhbnNhY3Rpb24gd3djDQpMRUZUIEpPSU4gY3N0X2l0ZW1fY29zdF92IGNpYyBPTiBjaWMuaXRlbV9pZF9tID0gd3djLml0ZW1faWRfbSBBTkQgY2ljLmJvbV9jb3N0X3R5cGU9J0ZST1pFTicgQU5EIGNpYy5vcmdfaWQgPSAgd3djLm9yZ19pZA0KDQpXSEVSRSB3d2MudHJhbnNhY3Rpb25fdHlwZV9pZCA9ICAxMQ0KQU5EIG9yZy5vcmdfaWQgPSB3d2Mub3JnX2lkDQpBTkQgaXRlbS5pdGVtX2lkX20gPSB3d2MuaXRlbV9pZF9tIEFORCBpdGVtLml0ZW1faWRfbSA9IGl0ZW0uaXRlbV9pZA0KR1JPVVAgQlkgd3djLm9yZ19pZCwgb3JnLm9yZywgaXRlbS5pdGVtX251bWJlciwgd3djLml0ZW1faWRfbSwgbW9udGgsIHllYXI=', '["org_id","org","item_number","item_id_m","month","year","quantity","value"]', 'TABLE', NULL, NULL, NULL, NULL, NULL, NULL, NULL, 'form.php?class_name=extn_report_result&mode=2&extn_report_id=13', NULL, NULL, NULL, NULL, NULL, NULL, NULL, NULL, NULL, NULL, 'vertical_column', 600, 400, 'item_number', 'quantity', 'org', NULL, 1, '2016-07-28 13:22:55', 1, '2016-07-28 13:28:07'),
(15, 'Total Shipment', 'sd', 'Total Shipment', NULL, NULL, 'U0VMRUNUIHd3Yy5vcmdfaWQsIG9yZy5vcmcsIGl0ZW0uaXRlbV9udW1iZXIsIHd3Yy5pdGVtX2lkX20sICBNT05USCh3d2MuY3JlYXRpb25fZGF0ZSkgYXMgbW9udGgsIFlFQVIod3djLmNyZWF0aW9uX2RhdGUpIGFzIHllYXIsIA0KQ09OQ0FUKE1PTlRIKHd3Yy5jcmVhdGlvbl9kYXRlKSwgICctJywgIFlFQVIod3djLmNyZWF0aW9uX2RhdGUpICkgYXMgcGVyaW9kLA0KU1VNKHd3Yy5xdWFudGl0eSkgYXMgcXVhbnRpdHksIFJPVU5EKFNVTSh3d2MucXVhbnRpdHkgKiBJRk5VTEwoY2ljLnN0YW5kYXJkX2Nvc3QsIDAuMDEpKSkgYXMgdmFsdWUNCg0KRlJPTSANCm9yZywNCml0ZW0sDQppbnZfdHJhbnNhY3Rpb24gd3djDQpMRUZUIEpPSU4gY3N0X2l0ZW1fY29zdF92IGNpYyBPTiBjaWMuaXRlbV9pZF9tID0gd3djLml0ZW1faWRfbSBBTkQgY2ljLmJvbV9jb3N0X3R5cGU9J0ZST1pFTicgQU5EIGNpYy5vcmdfaWQgPSAgd3djLm9yZ19pZA0KDQpXSEVSRSB3d2MudHJhbnNhY3Rpb25fdHlwZV9pZCA9ICAxNQ0KQU5EIG9yZy5vcmdfaWQgPSB3d2Mub3JnX2lkDQpBTkQgaXRlbS5pdGVtX2lkX20gPSB3d2MuaXRlbV9pZF9tIEFORCBpdGVtLml0ZW1faWRfbSA9IGl0ZW0uaXRlbV9pZA0KDQpHUk9VUCBCWSB3d2Mub3JnX2lkLCBvcmcub3JnLCBpdGVtLml0ZW1fbnVtYmVyLCB3d2MuaXRlbV9pZF9tLCBtb250aCwgeWVhcg==', '["org_id","org","item_number","item_id_m","month","year","period","quantity","value"]', 'TABLE', NULL, NULL, NULL, NULL, NULL, NULL, NULL, 'form.php?class_name=extn_report_result&mode=2&extn_report_id=13', NULL, NULL, NULL, NULL, NULL, NULL, NULL, NULL, NULL, NULL, 'vertical_column', 600, 400, 'item_number', 'quantity', 'month', NULL, 1, '2016-07-28 13:24:55', 1, '2016-08-01 06:13:18'),
(16, 'Past Due SO', 'sd', 'Past Due Sales Orders', NULL, NULL, 'U0VMRUNUIGl0ZW0uaXRlbV9udW1iZXIsIHNvaC5idV9vcmdfaWQsIG9yZy5vcmcsDQpDQVNFIA0KV0hFTiAgKERBVEVESUZGKENVUkRBVEUoKSwgc29sLnJlcXVlc3RlZF9kYXRlKSkgPCA1IFRIRU4gJzAtNCcNCldIRU4gIChEQVRFRElGRihDVVJEQVRFKCksIHNvbC5yZXF1ZXN0ZWRfZGF0ZSkpIDwgMTAgVEhFTiAnNS05Jw0KV0hFTiAgKERBVEVESUZGKENVUkRBVEUoKSwgc29sLnJlcXVlc3RlZF9kYXRlKSkgPCAxNSBUSEVOICcxMC0xNCcNCldIRU4gIChEQVRFRElGRihDVVJEQVRFKCksIHNvbC5yZXF1ZXN0ZWRfZGF0ZSkpIDwgMzAgVEhFTiAnMTUtMjknDQpXSEVOICAoREFURURJRkYoQ1VSREFURSgpLCBzb2wucmVxdWVzdGVkX2RhdGUpKSA8IDYwIFRIRU4gJzMxLTU5Jw0KRUxTRSAnNjArJw0KRU5EIGFzIHBhc3RfZHVlLA0KUk9VTkQoU1VNKHNvbC5saW5lX3F1YW50aXR5IC0gc29sLnNoaXBwZWRfcXVhbnRpdHkpKSBhcyByZW1haW5pbmdfcXVhbnRpdHkNCg0KRlJPTQ0Kb3JnLA0Kc2Rfc29faGVhZGVyIHNvaCwNCnNkX3NvX2xpbmUgc29sLA0KaXRlbSANCg0KV0hFUkUgb3JnLm9yZ19pZCA9IHNvaC5idV9vcmdfaWQNCkFORCBzb2wuc2Rfc29faGVhZGVyX2lkID0gc29oLnNkX3NvX2hlYWRlcl9pZA0KQU5EIGl0ZW0uaXRlbV9udW1iZXIgSVMgTk9UIE5VTEwNCkFORCBpdGVtLml0ZW1faWRfbSA9IHNvbC5pdGVtX2lkX20gQU5EIGl0ZW0uaXRlbV9pZF9tID0gaXRlbS5pdGVtX2lkDQoNCkdST1VQIEJZIGl0ZW0uaXRlbV9udW1iZXIsIHNvaC5idV9vcmdfaWQsIG9yZy5vcmcsIHBhc3RfZHVl', '["item_number","bu_org_id","org","past_due","remaining_quantity"]', 'TABLE', NULL, NULL, NULL, NULL, NULL, NULL, NULL, 'form.php?class_name=extn_report_result&mode=2&extn_report_id=16', NULL, NULL, NULL, NULL, NULL, NULL, NULL, NULL, NULL, NULL, 'clustered_column', 600, 400, 'item_number', 'remaining_quantity', 'past_due', 'bu_org_id', 1, '2016-07-28 13:44:27', 1, '2016-07-29 09:36:51'),
(17, 'Monthly Shipment - Qty', 'sd', 'Monthly Shipment', NULL, NULL, 'U0VMRUNUIHd3Yy5vcmdfaWQsIG9yZy5vcmcsIGl0ZW0uaXRlbV9udW1iZXIsIHd3Yy5pdGVtX2lkX20sICBNT05USCh3d2MuY3JlYXRpb25fZGF0ZSkgYXMgbW9udGgsIFlFQVIod3djLmNyZWF0aW9uX2RhdGUpIGFzIHllYXIsIA0KQ09OQ0FUKE1PTlRIKHd3Yy5jcmVhdGlvbl9kYXRlKSwgICctJywgIFlFQVIod3djLmNyZWF0aW9uX2RhdGUpICkgYXMgcGVyaW9kLA0KU1VNKHd3Yy5xdWFudGl0eSkgYXMgcXVhbnRpdHksIFJPVU5EKFNVTSh3d2MucXVhbnRpdHkgKiBJRk5VTEwoY2ljLnN0YW5kYXJkX2Nvc3QsIDAuMDEpKSkgYXMgdmFsdWUNCg0KRlJPTSANCm9yZywNCml0ZW0sDQppbnZfdHJhbnNhY3Rpb24gd3djDQpMRUZUIEpPSU4gY3N0X2l0ZW1fY29zdF92IGNpYyBPTiBjaWMuaXRlbV9pZF9tID0gd3djLml0ZW1faWRfbSBBTkQgY2ljLmJvbV9jb3N0X3R5cGU9J0ZST1pFTicgQU5EIGNpYy5vcmdfaWQgPSAgd3djLm9yZ19pZA0KDQpXSEVSRSB3d2MudHJhbnNhY3Rpb25fdHlwZV9pZCA9ICAxNQ0KQU5EIG9yZy5vcmdfaWQgPSB3d2Mub3JnX2lkDQpBTkQgaXRlbS5pdGVtX2lkX20gPSB3d2MuaXRlbV9pZF9tIEFORCBpdGVtLml0ZW1faWRfbSA9IGl0ZW0uaXRlbV9pZA0KR1JPVVAgQlkgd3djLm9yZ19pZCwgb3JnLm9yZywgaXRlbS5pdGVtX251bWJlciwgd3djLml0ZW1faWRfbSwgbW9udGgsIHllYXI=', '["org_id","org","item_number","item_id_m","month","year","period","quantity","value"]', 'TABLE', NULL, NULL, NULL, NULL, NULL, NULL, NULL, 'form.php?class_name=extn_report_result&mode=2&extn_report_id=13', NULL, NULL, NULL, NULL, NULL, NULL, NULL, NULL, NULL, NULL, 'clustered_column', 600, 400, 'item_number', 'quantity', 'period', 'org', 1, '2016-07-29 08:21:51', 1, '2016-07-29 09:31:26'),
(18, 'Sales By Customer', 'sd', 'Sales By Customer', NULL, NULL, 'U0VMRUNUIHNzb2guYnVfb3JnX2lkLCBvcmcub3JnLCBzc29oLmFyX2N1c3RvbWVyX2lkLCBjdXN0LmN1c3RvbWVyX25hbWUgLCANCkNPTkNBVChNT05USChzc29sLmFjdHVhbF9zaGlwX2RhdGUpLCctJyxZRUFSKHNzb2wuYWN0dWFsX3NoaXBfZGF0ZSkpIGFzIHBlcmlvZCwNClJPVU5EKChTVU0oSUZOVUxMKHNzb2guZXhjaGFuZ2VfcmF0ZSwgMSkgKiBzc29sLnVuaXRfcHJpY2UgKiBzZGwucXVhbnRpdHkpKSkgYXMgc2FsZXNfdmFsdWUsDQpST1VORCggU1VNKHNkbC5xdWFudGl0eSkpIGFzIHNhbGVzX3F0eQ0KDQpmcm9tIHNkX3NvX2hlYWRlciBzc29oLA0Kc2Rfc29fbGluZSBzc29sLA0Kc2RfZGVsaXZlcnlfbGluZSBzZGwsDQpvcmcsDQphcl9jdXN0b21lciBjdXN0DQoNCldIRVJFIHNzb2wuc2Rfc29faGVhZGVyX2lkID0gc3NvaC5zZF9zb19oZWFkZXJfaWQNCkFORCBzZGwuc2Rfc29fbGluZV9pZCA9IHNzb2wuc2Rfc29fbGluZV9pZA0KQU5EIHNkbC5xdWFudGl0eSA+IDANCkFORCBzc29sLnVuaXRfcHJpY2UgPiAwDQpBTkQgc3NvbC5hY3R1YWxfc2hpcF9kYXRlIElTIE5PVCBOVUxMDQpBTkQgb3JnLm9yZ19pZCA9IHNzb2guYnVfb3JnX2lkDQpBTkQgY3VzdC5hcl9jdXN0b21lcl9pZCA9IHNzb2guYXJfY3VzdG9tZXJfaWQNCg0KR1JPVVAgQlkgc3NvaC5idV9vcmdfaWQsIG9yZy5vcmcsIHNzb2guYXJfY3VzdG9tZXJfaWQsIGN1c3QuY3VzdG9tZXJfbmFtZSwgIHBlcmlvZA==', '["bu_org_id","org","ar_customer_id","customer_name","period","sales_value","sales_qty"]', 'TABLE', NULL, NULL, NULL, NULL, NULL, NULL, NULL, 'form.php?class_name=extn_report_result&mode=2&extn_report_id=17', NULL, NULL, NULL, NULL, NULL, NULL, NULL, NULL, NULL, NULL, 'stacked_column', 600, 400, 'customer_name', 'sales_value', 'period', 'org', 1, '2016-07-29 10:51:08', 1, '2016-07-29 10:55:13'),
(19, 'Supplier Volume', 'pur', 'Supplier Volume', NULL, NULL, 'U0VMRUNUIA0KIHN1cHAuc3VwcGxpZXJfbmFtZSwgc3VwcF9zLnN1cHBsaWVyX3NpdGVfbmFtZSwgYXRoLmJ1X29yZ19pZCwgYXRoLnN1cHBsaWVyX2lkLCBzdXBwX3Muc3VwcGxpZXJfc2l0ZV9pZCwgb3JnLm9yZyBhcyBvcmcsDQogUk9VTkQoU1VNKGF0aC5oZWFkZXJfYW1vdW50ICogSUZOVUxMKGF0aC5leGNoYW5nZV9yYXRlLDEpKSwyKSBhcyBoZWFkZXJfYW1vdW50LCANCkNPTkNBVChNT05USChhdGguY3JlYXRpb25fZGF0ZSksJy0nLFlFQVIoYXRoLmNyZWF0aW9uX2RhdGUpKSBhcyBwZXJpb2QNCg0KRlJPTSBhcF90cmFuc2FjdGlvbl9oZWFkZXIgIGF0aCwNCiBzdXBwbGllciBzdXBwICwNCnN1cHBsaWVyX3NpdGUgc3VwcF9zLA0KYXBfdHJhbnNhY3Rpb25fbGluZSBhdGwgLA0Kb3JnDQoNCldIRVJFICBhdGguc3VwcGxpZXJfaWQgPSBzdXBwLnN1cHBsaWVyX2lkDQpBTkQgYXRoLnN1cHBsaWVyX3NpdGVfaWQgPSBzdXBwX3Muc3VwcGxpZXJfc2l0ZV9pZA0KQU5EICBhdGwuYXBfdHJhbnNhY3Rpb25faGVhZGVyX2lkID0gYXRoLmFwX3RyYW5zYWN0aW9uX2hlYWRlcl9pZA0KQU5EICBvcmcub3JnX2lkID0gYXRoLmJ1X29yZ19pZA0KDQpHUk9VUCBCWSBhdGguYnVfb3JnX2lkLCBhdGguc3VwcGxpZXJfaWQsc3VwcC5zdXBwbGllcl9uYW1lLCBzdXBwX3Muc3VwcGxpZXJfc2l0ZV9uYW1lLCBzdXBwX3Muc3VwcGxpZXJfc2l0ZV9pZCwgcGVyaW9k', '["supplier_name","supplier_site_name","bu_org_id","supplier_id","supplier_site_id","org","header_amount","period"]', 'TABLE', NULL, NULL, NULL, NULL, NULL, NULL, NULL, 'form.php?class_name=extn_report_result&mode=2&extn_report_id=1', NULL, NULL, NULL, NULL, NULL, NULL, NULL, NULL, NULL, NULL, 'clustered_column', 1000, 400, 'supplier_name', 'header_amount', 'period', 'org', 1, '2016-07-29 11:31:39', 1, '2016-07-29 11:33:19');

-- --------------------------------------------------------

--
-- Table structure for table `extn_report_path`
--

CREATE TABLE `extn_report_path` (
  `extn_report_path_id` int(12) NOT NULL,
  `extn_report_id` int(12) NOT NULL,
  `column_name` varchar(100) NOT NULL,
  `path` varchar(255) NOT NULL,
  `description` varchar(255) DEFAULT NULL
) ENGINE=InnoDB DEFAULT CHARSET=latin1;

-- --------------------------------------------------------

--
-- Table structure for table `extn_social_login`
--

CREATE TABLE `extn_social_login` (
  `extn_social_login_id` int(12) NOT NULL,
  `provider_name` varchar(50) DEFAULT NULL,
  `enabled_cb` tinyint(1) DEFAULT NULL,
  `sl_key` varchar(255) DEFAULT NULL,
  `description` varchar(255) DEFAULT NULL,
  `slid` varchar(255) DEFAULT NULL,
  `sl_secret` varchar(255) DEFAULT NULL,
  `sl_scope` text,
  `display_weight` int(10) DEFAULT NULL,
  `created_by` int(12) NOT NULL,
  `creation_date` datetime DEFAULT NULL,
  `last_update_by` int(12) NOT NULL,
  `last_update_date` datetime DEFAULT NULL
) ENGINE=InnoDB DEFAULT CHARSET=latin1;

--
-- Dumping data for table `extn_social_login`
--

INSERT INTO `extn_social_login` (`extn_social_login_id`, `provider_name`, `enabled_cb`, `sl_key`, `description`, `slid`, `sl_secret`, `sl_scope`, `display_weight`, `created_by`, `creation_date`, `last_update_by`, `last_update_date`) VALUES
(1, 'Google', 1, NULL, 'Google', '617053223931-7nvfcm0p88i9njtf9cluk47kk5iqiceh.apps.googleusercontent.com', '4hJWLWPCsxorG6tLLUXjVjhw', NULL, NULL, 34, '2015-05-22 06:31:20', 34, '2016-04-30 10:01:18'),
(2, 'Facebook', 1, NULL, 'Facebook', '613949338739358', '1a06c307fd04a5502b176a1e47bfb093', NULL, NULL, 34, '2015-05-22 06:32:27', 34, '2016-04-30 10:45:41');

-- --------------------------------------------------------

--
-- Table structure for table `extn_subscribe`
--

CREATE TABLE `extn_subscribe` (
  `extn_subscribe_id` int(20) UNSIGNED NOT NULL,
  `reference_key_name` varchar(50) NOT NULL,
  `reference_key_value` int(12) NOT NULL,
  `user_email` varchar(50) NOT NULL,
  `user_id` int(12) DEFAULT NULL,
  `username` varchar(25) DEFAULT NULL,
  `unsubscribe_reason` varchar(255) DEFAULT NULL,
  `enabled_cb` tinyint(1) DEFAULT NULL,
  `created_by` int(12) NOT NULL,
  `creation_date` datetime DEFAULT NULL,
  `last_update_by` int(12) NOT NULL,
  `last_update_date` datetime DEFAULT NULL
) ENGINE=InnoDB DEFAULT CHARSET=latin1;

-- --------------------------------------------------------

--
-- Table structure for table `extn_theme`
--

CREATE TABLE `extn_theme` (
  `extn_theme_id` int(12) UNSIGNED NOT NULL,
  `theme_name` varchar(100) NOT NULL,
  `developer_name` varchar(50) DEFAULT NULL,
  `developer_email` varchar(50) DEFAULT NULL,
  `enabled_cb` tinyint(1) DEFAULT NULL,
  `default_cb` tinyint(1) DEFAULT NULL,
  `version_number` varchar(25) DEFAULT NULL,
  `developer_details` varchar(255) DEFAULT NULL,
  `path` varchar(255) DEFAULT NULL,
  `dependent_class` varchar(255) DEFAULT NULL,
  `weight` int(12) DEFAULT NULL,
  `created_by` int(12) NOT NULL,
  `creation_date` datetime DEFAULT NULL,
  `last_update_by` int(12) NOT NULL,
  `last_update_date` datetime DEFAULT NULL
) ENGINE=InnoDB DEFAULT CHARSET=latin1;

-- --------------------------------------------------------

--
-- Table structure for table `extn_uprofile`
--

CREATE TABLE `extn_uprofile` (
  `extn_uprofile_id` int(12) NOT NULL,
  `user_id` int(12) NOT NULL,
  `website` varchar(100) DEFAULT NULL,
  `google_page` varchar(255) DEFAULT NULL,
  `profile_name` varchar(50) DEFAULT NULL,
  `about` text,
  `facebook_page` varchar(255) DEFAULT NULL,
  `linkedin_page` varchar(255) DEFAULT NULL,
  `allow_private_msg_cb` tinyint(1) DEFAULT NULL,
  `show_my_email_cb` tinyint(1) DEFAULT NULL,
  `show_my_phone_cb` tinyint(1) DEFAULT NULL,
  `created_by` int(12) NOT NULL,
  `creation_date` datetime DEFAULT NULL,
  `last_update_by` int(12) NOT NULL,
  `last_update_date` datetime DEFAULT NULL
) ENGINE=InnoDB DEFAULT CHARSET=latin1;

-- --------------------------------------------------------

--
-- Table structure for table `extn_view`
--

CREATE TABLE `extn_view` (
  `view_id` int(12) UNSIGNED NOT NULL,
  `view_name` varchar(256) NOT NULL,
  `description` varchar(255) DEFAULT NULL,
  `custom_div_class` varchar(256) DEFAULT NULL,
  `logical_settings` text,
  `query_v` longtext,
  `select_v` text NOT NULL,
  `from_v` text NOT NULL,
  `where_v` text,
  `group_by_v` text,
  `order_by` text,
  `query_end` text,
  `filters` text,
  `display_type` varchar(100) DEFAULT NULL,
  `page` int(1) DEFAULT NULL,
  `page_title` varchar(255) DEFAULT NULL,
  `page_header` longtext,
  `page_footer` longtext,
  `use_pager_cb` int(1) DEFAULT NULL,
  `default_per_page` int(5) DEFAULT NULL,
  `no_of_grid_columns` int(4) DEFAULT NULL,
  `path` varchar(255) DEFAULT NULL,
  `path_id` int(12) DEFAULT NULL,
  `block_id` int(12) DEFAULT NULL,
  `block_title` varchar(255) DEFAULT NULL,
  `show_graph_only_cb` tinyint(1) DEFAULT NULL,
  `rev_enabled_cb` tinyint(1) DEFAULT NULL,
  `rev_number` varchar(256) DEFAULT NULL,
  `header_text` text,
  `footer_text` text,
  `remove_default_header_cb` tinyint(1) DEFAULT NULL,
  `list_type` varchar(25) DEFAULT NULL,
  `chart_type` varchar(25) DEFAULT NULL,
  `chart_width` int(12) DEFAULT NULL,
  `chart_height` int(12) DEFAULT NULL,
  `chart_label` varchar(256) DEFAULT NULL,
  `chart_value` varchar(256) DEFAULT NULL,
  `chart_legend` varchar(256) DEFAULT NULL,
  `created_by` int(12) NOT NULL,
  `creation_date` datetime DEFAULT NULL,
  `last_update_by` int(12) NOT NULL,
  `last_update_date` datetime DEFAULT NULL
) ENGINE=InnoDB DEFAULT CHARSET=latin1;

-- --------------------------------------------------------

--
-- Table structure for table `extn_web_tracking`
--

CREATE TABLE `extn_web_tracking` (
  `extn_web_tracking_id` int(12) NOT NULL,
  `page_visited` varchar(256) DEFAULT NULL,
  `referrer` varchar(256) DEFAULT NULL,
  `query_string` varchar(256) DEFAULT NULL,
  `hostname` varchar(50) DEFAULT NULL,
  `user_id` int(12) DEFAULT NULL,
  `country` varchar(60) DEFAULT NULL,
  `city` varchar(128) DEFAULT NULL,
  `http_user_agent` varchar(256) DEFAULT NULL,
  `creation_date` datetime DEFAULT NULL
) ENGINE=InnoDB DEFAULT CHARSET=latin1;

-- --------------------------------------------------------

--
-- Table structure for table `extra_field_calculated_power`
--

CREATE TABLE `extra_field_calculated_power` (
  `extra_field_calculated_power_id` int(12) NOT NULL,
  `reference_type` varchar(30) DEFAULT NULL,
  `reference_entity` varchar(50) DEFAULT NULL,
  `reference_key_name` varchar(50) DEFAULT NULL,
  `reference_key_value` int(12) DEFAULT NULL,
  `created_by` int(12) NOT NULL,
  `creation_date` datetime DEFAULT NULL,
  `last_update_by` int(12) NOT NULL,
  `last_update_date` datetime DEFAULT NULL,
  `extra_field_calculated_power_value` decimal(20,8) DEFAULT NULL
) ENGINE=InnoDB DEFAULT CHARSET=latin1;

-- --------------------------------------------------------

--
-- Table structure for table `ext_test_case_header`
--

CREATE TABLE `ext_test_case_header` (
  `ext_test_case_header_id` int(12) NOT NULL,
  `module_name` varchar(50) NOT NULL,
  `name` varchar(256) NOT NULL,
  `description` varchar(512) DEFAULT NULL,
  `created_by` int(12) NOT NULL,
  `creation_date` datetime DEFAULT NULL,
  `last_update_by` int(12) NOT NULL,
  `last_update_date` datetime DEFAULT NULL
) ENGINE=InnoDB DEFAULT CHARSET=latin1;

-- --------------------------------------------------------

--
-- Table structure for table `ext_test_case_line`
--

CREATE TABLE `ext_test_case_line` (
  `ext_test_case_line_id` int(12) NOT NULL,
  `ext_test_case_header_id` int(12) NOT NULL,
  `line_number` int(12) NOT NULL,
  `step_action` text NOT NULL,
  `input` text NOT NULL,
  `expected_result` text NOT NULL,
  `created_by` int(12) NOT NULL,
  `creation_date` datetime DEFAULT NULL,
  `last_update_by` int(12) NOT NULL,
  `last_update_date` datetime DEFAULT NULL
) ENGINE=InnoDB DEFAULT CHARSET=latin1;

-- --------------------------------------------------------

--
-- Table structure for table `ext_url_alias`
--

CREATE TABLE `ext_url_alias` (
  `ext_url_alias_id` int(12) NOT NULL,
  `content_id` int(12) NOT NULL,
  `original_url` varchar(256) NOT NULL,
  `alias` varchar(256) NOT NULL,
  `created_by` int(12) NOT NULL,
  `creation_date` datetime DEFAULT NULL,
  `last_update_by` int(12) NOT NULL,
  `last_update_date` datetime DEFAULT NULL
) ENGINE=InnoDB DEFAULT CHARSET=latin1;

--
-- Dumping data for table `ext_url_alias`
--

INSERT INTO `ext_url_alias` (`ext_url_alias_id`, `content_id`, `original_url`, `alias`, `created_by`, `creation_date`, `last_update_by`, `last_update_date`) VALUES
(1, 221, 'content.php?content_id=221&content_type=documentation', 'accounts-payable', 0, '2014-07-02 00:00:00', 0, '2014-07-02 00:00:00'),
(2, 220, 'content_id=220&content_type=documentation', 'purchasing01', 0, '2014-10-17 00:00:00', 0, '2014-10-17 00:00:00'),
(3, 160, 'content_id=160&content_type=forum', 'welcome', 0, '2014-07-02 00:00:00', 0, '2002-07-14 00:00:00'),
(4, 235, 'content_id=235&content_type=forum', 'asdasd', 0, '2014-07-07 00:00:00', 34, '2014-10-20 08:32:55'),
(5, 236, 'content_id=236&content_type=documentation', 'TEST-DOcumentation', 34, '2014-10-20 11:26:53', 34, '2014-10-20 11:40:14'),
(6, 233, 'content_id=233&content_type=documentation', 'test-for-4', 34, '2014-10-20 11:43:41', 34, '2014-10-20 11:43:41'),
(7, 208, 'content_id=208&content_type=documentation', 'Inventory-&-Production-Planning', 34, '2014-11-20 07:55:26', 34, '2014-11-20 07:55:26'),
(8, 240, 'content_id=240&content_type=documentation', 'Item-Master', 34, '2015-01-05 06:28:34', 34, '2015-01-05 06:28:34'),
(9, 241, 'content_id=241&content_type=content', 'demo', 34, '2015-01-16 14:39:33', 34, '2015-01-16 18:22:25'),
(10, 159, 'content_id=159&content_type=documentation', 'Form-Type', 34, '2015-02-18 09:24:32', 34, '2015-02-18 09:24:32'),
(11, 262, 'content_id=262&content_type=documentation', 'Welcome-to-inoERP', 34, '2015-05-21 16:46:23', 34, '2016-06-26 10:19:41'),
(12, 267, 'content_id=267&content_type=forum', 'asds', 34, '2016-01-04 05:57:24', 34, '2016-01-04 05:57:24'),
(13, 275, 'content_id=275&content_type=documentation', 'dafsfds', 34, '2016-06-20 14:24:03', 34, '2016-06-20 14:27:17'),
(14, 276, 'content_id=276&content_type=documentation', 'asfasf', 34, '2016-06-20 14:32:18', 34, '2016-06-20 14:33:40'),
(15, 277, 'content_id=277&content_type=dataentity', 'artransactionadjustment', 34, '2016-06-26 07:11:25', 1, '2016-07-04 07:14:40'),
(16, 278, 'content_id=278&content_type=dataentity', 'invtransaction', 34, '2016-06-26 09:12:02', 34, '2016-06-26 09:12:02');

-- --------------------------------------------------------

--
-- Table structure for table `fa_asset`
--

CREATE TABLE `fa_asset` (
  `fa_asset_id` int(10) UNSIGNED NOT NULL,
  `asset_number` varchar(30) NOT NULL,
  `type` varchar(25) NOT NULL,
  `tag_number` varchar(50) DEFAULT NULL,
  `serial_number` varchar(30) DEFAULT NULL,
  `key_number` varchar(30) DEFAULT NULL,
  `description` varchar(256) DEFAULT NULL,
  `status` varchar(25) DEFAULT NULL,
  `fa_asset_category_id` int(12) NOT NULL,
  `units` decimal(10,5) NOT NULL,
  `parent_asset_id` int(12) DEFAULT NULL,
  `manufacturer` varchar(30) DEFAULT NULL,
  `ap_supplier_id` int(12) DEFAULT NULL,
  `ap_supplier_site_id` tinyint(12) DEFAULT NULL,
  `model_number` varchar(30) DEFAULT NULL,
  `warrranty_number` varchar(30) DEFAULT NULL,
  `lease_number` varchar(30) DEFAULT NULL,
  `physical_inventory_cb` tinyint(1) DEFAULT NULL,
  `rev_enabled` varchar(20) DEFAULT NULL,
  `rev_number` int(10) DEFAULT NULL,
  `created_by` int(12) NOT NULL,
  `creation_date` datetime DEFAULT NULL,
  `last_update_by` int(12) NOT NULL,
  `last_update_date` datetime DEFAULT NULL
) ENGINE=InnoDB DEFAULT CHARSET=latin1;

-- --------------------------------------------------------

--
-- Table structure for table `fa_asset_assignment`
--

CREATE TABLE `fa_asset_assignment` (
  `fa_asset_assignment_id` int(12) UNSIGNED NOT NULL,
  `fa_asset_id` int(12) NOT NULL,
  `units` decimal(10,5) NOT NULL,
  `hr_employee_id` int(12) DEFAULT NULL,
  `address_id` int(12) DEFAULT NULL,
  `expense_ac_id` int(12) NOT NULL,
  `description` varchar(256) DEFAULT NULL,
  `created_by` int(12) NOT NULL,
  `creation_date` datetime DEFAULT NULL,
  `last_update_by` int(12) NOT NULL,
  `last_update_date` datetime DEFAULT NULL
) ENGINE=InnoDB DEFAULT CHARSET=latin1;

-- --------------------------------------------------------

--
-- Table structure for table `fa_asset_book`
--

CREATE TABLE `fa_asset_book` (
  `fa_asset_book_id` int(10) UNSIGNED NOT NULL,
  `asset_book_name` varchar(25) NOT NULL,
  `bu_org_id` int(12) NOT NULL,
  `type` varchar(25) NOT NULL,
  `primary_fa_asset_book_id` int(12) DEFAULT NULL,
  `description` varchar(200) DEFAULT NULL,
  `inactive_on` date DEFAULT NULL,
  `ledger_id` int(12) DEFAULT NULL,
  `gl_calendar_id` int(12) DEFAULT NULL,
  `allow_gl_posting_cb` tinyint(1) DEFAULT NULL,
  `fa_calendar_code` varchar(25) DEFAULT NULL,
  `revalue_accum_depriciation_cb` tinyint(1) DEFAULT NULL,
  `retire_revaluation_reserve_cb` tinyint(1) DEFAULT NULL,
  `revalue_ytd_depriciation_cb` tinyint(1) NOT NULL,
  `sale_proceeds_gain_id` int(12) DEFAULT NULL,
  `sale_proceeds_loss_id` int(12) DEFAULT NULL,
  `sale_proceeds_clearing_id` int(12) DEFAULT NULL,
  `removal_cost_gain_id` int(12) DEFAULT NULL,
  `removal_cost_loss_id` int(12) DEFAULT NULL,
  `removal_cost_clearing_id` int(12) DEFAULT NULL,
  `nbv_retired_gain_id` int(12) DEFAULT NULL,
  `nbv_retired_loss_id` int(12) DEFAULT NULL,
  `reval_reserve_retired_gain_id` int(12) DEFAULT NULL,
  `status` varchar(20) DEFAULT NULL,
  `rev_enabled` varchar(20) DEFAULT NULL,
  `rev_number` int(10) DEFAULT NULL,
  `reval_reserve_retired_loss_id` int(12) DEFAULT NULL,
  `deff_depriciation_reserve_id` int(12) DEFAULT NULL,
  `deff_depriciation_expense_id` int(12) DEFAULT NULL,
  `deff_depriciation_adjustment_id` int(12) DEFAULT NULL,
  `default_ac_id` int(12) DEFAULT NULL,
  `created_by` int(12) NOT NULL,
  `creation_date` datetime DEFAULT NULL,
  `last_update_by` int(12) NOT NULL,
  `last_update_date` datetime DEFAULT NULL
) ENGINE=InnoDB DEFAULT CHARSET=latin1;

-- --------------------------------------------------------

--
-- Table structure for table `fa_asset_book_info`
--

CREATE TABLE `fa_asset_book_info` (
  `fa_asset_book_info_id` int(10) UNSIGNED NOT NULL,
  `fa_asset_book_id` int(12) NOT NULL,
  `fa_asset_id` int(12) NOT NULL,
  `referece` varchar(50) DEFAULT NULL,
  `original_cost` decimal(20,5) NOT NULL,
  `current_cost` decimal(20,5) DEFAULT NULL,
  `description` varchar(200) DEFAULT NULL,
  `ytd_depreciation` decimal(20,5) DEFAULT NULL,
  `accumulated_depreciation` decimal(20,5) DEFAULT NULL,
  `salvage_value_type` varchar(20) DEFAULT NULL,
  `salvage_value_amount` decimal(20,5) DEFAULT NULL,
  `salvage_value_percentage` decimal(7,5) DEFAULT NULL,
  `fa_depreciation_method_id` int(12) NOT NULL,
  `life_months` int(4) DEFAULT NULL,
  `depreciation_cb` tinyint(1) DEFAULT NULL,
  `status` int(2) DEFAULT NULL,
  `date_in_service` date DEFAULT NULL,
  `depreciation_start_date` date DEFAULT NULL,
  `depreciation_limit_amount` decimal(15,5) DEFAULT NULL,
  `depreciation_limit_percentage` decimal(7,5) DEFAULT NULL,
  `created_by` int(12) NOT NULL,
  `creation_date` datetime DEFAULT NULL,
  `last_update_by` int(12) NOT NULL,
  `last_update_date` datetime DEFAULT NULL
) ENGINE=InnoDB DEFAULT CHARSET=latin1;

-- --------------------------------------------------------

--
-- Table structure for table `fa_asset_category`
--

CREATE TABLE `fa_asset_category` (
  `fa_asset_category_id` int(12) UNSIGNED NOT NULL,
  `asset_category` varchar(25) DEFAULT NULL,
  `segment1` varchar(50) DEFAULT NULL,
  `segment2` varchar(50) DEFAULT NULL,
  `segment3` varchar(50) DEFAULT NULL,
  `type` varchar(25) DEFAULT NULL,
  `description` varchar(200) DEFAULT NULL,
  `enabled_cb` tinyint(1) DEFAULT NULL,
  `capitalize_cb` tinyint(1) DEFAULT NULL,
  `in_physical_inv_cb` tinyint(1) DEFAULT NULL,
  `created_by` int(12) NOT NULL,
  `creation_date` datetime DEFAULT NULL,
  `last_update_by` int(12) NOT NULL,
  `last_update_date` datetime DEFAULT NULL
) ENGINE=InnoDB DEFAULT CHARSET=latin1;

-- --------------------------------------------------------

--
-- Table structure for table `fa_asset_component`
--

CREATE TABLE `fa_asset_component` (
  `fa_asset_component_id` int(12) UNSIGNED NOT NULL,
  `fa_asset_id` int(12) NOT NULL,
  `component_asset_id` int(12) NOT NULL,
  `source_type` varchar(15) DEFAULT NULL,
  `component_type` varchar(25) DEFAULT NULL,
  `line_number` int(12) DEFAULT NULL,
  `description` varchar(255) DEFAULT NULL,
  `reference1` varchar(255) DEFAULT NULL,
  `reference2` varchar(255) DEFAULT NULL,
  `created_by` int(12) NOT NULL,
  `creation_date` datetime DEFAULT NULL,
  `last_update_by` int(12) NOT NULL,
  `last_update_date` datetime DEFAULT NULL
) ENGINE=InnoDB DEFAULT CHARSET=latin1;

-- --------------------------------------------------------

--
-- Table structure for table `fa_asset_retirement`
--

CREATE TABLE `fa_asset_retirement` (
  `fa_asset_retirement_id` int(12) UNSIGNED NOT NULL,
  `fa_asset_id` int(12) NOT NULL,
  `fa_asset_book_id` int(12) NOT NULL,
  `source_type` varchar(255) DEFAULT NULL,
  `reference` varchar(255) DEFAULT NULL,
  `status` varchar(25) DEFAULT NULL,
  `description` varchar(255) DEFAULT NULL,
  `retired_units` decimal(15,5) DEFAULT NULL,
  `retired_cost` decimal(15,5) DEFAULT NULL,
  `proceed_of_sales` decimal(15,5) DEFAULT NULL,
  `gl_journal_header_id` int(12) DEFAULT NULL,
  `cost_of_removals` decimal(15,5) DEFAULT NULL,
  `retirement_convention` varchar(25) DEFAULT NULL,
  `adjustment_amount` decimal(15,5) DEFAULT NULL,
  `retire_date` date DEFAULT NULL,
  `created_by` int(12) NOT NULL,
  `creation_date` datetime DEFAULT NULL,
  `last_update_by` int(12) NOT NULL,
  `last_update_date` datetime DEFAULT NULL
) ENGINE=InnoDB DEFAULT CHARSET=latin1;

-- --------------------------------------------------------

--
-- Table structure for table `fa_asset_source`
--

CREATE TABLE `fa_asset_source` (
  `fa_asset_source_id` int(12) UNSIGNED NOT NULL,
  `fa_asset_id` int(12) NOT NULL,
  `source_type` varchar(15) DEFAULT NULL,
  `line_number` int(12) DEFAULT NULL,
  `legacy_invoice_num` varchar(40) DEFAULT NULL,
  `ap_transaction_line_id` int(12) DEFAULT NULL,
  `reference_bumber` varchar(50) DEFAULT NULL,
  `fa_distribution_line_id` int(12) DEFAULT NULL,
  `active_cb` tinyint(1) DEFAULT NULL,
  `line_amount` decimal(20,5) DEFAULT NULL,
  `created_by` int(12) NOT NULL,
  `creation_date` datetime DEFAULT NULL,
  `last_update_by` int(12) NOT NULL,
  `last_update_date` datetime DEFAULT NULL
) ENGINE=InnoDB DEFAULT CHARSET=latin1;

--
-- Dumping data for table `fa_asset_source`
--

INSERT INTO `fa_asset_source` (`fa_asset_source_id`, `fa_asset_id`, `source_type`, `line_number`, `legacy_invoice_num`, `ap_transaction_line_id`, `reference_bumber`, `fa_distribution_line_id`, `active_cb`, `line_amount`, `created_by`, `creation_date`, `last_update_by`, `last_update_date`) VALUES
(1, 5, 'Manual', 1, 'INV001', NULL, NULL, NULL, NULL, '1000.00000', 34, '2015-08-07 18:41:35', 34, '2015-08-07 18:41:35'),
(2, 5, 'Manual', 1, 'INV002', NULL, NULL, NULL, NULL, '500.00000', 34, '2015-08-07 18:41:52', 34, '2015-08-07 18:41:52');

-- --------------------------------------------------------

--
-- Table structure for table `fa_asset_transaction`
--

CREATE TABLE `fa_asset_transaction` (
  `fa_asset_transaction_id` int(12) NOT NULL,
  `fa_asset_id` int(12) NOT NULL,
  `fa_asset_book_id` int(12) DEFAULT NULL,
  `fa_asset_book_info_id` int(12) DEFAULT NULL,
  `transaction_type` varchar(20) NOT NULL,
  `quantity` decimal(15,5) DEFAULT NULL,
  `amout` decimal(15,5) DEFAULT NULL,
  `gl_journal_header_id` int(12) DEFAULT NULL,
  `gl_journal_line_id` int(12) DEFAULT NULL,
  `description` varchar(255) DEFAULT NULL,
  `reference_type` varchar(20) DEFAULT NULL,
  `reference_key_name` varchar(50) DEFAULT NULL,
  `reference_key_value` int(12) DEFAULT NULL,
  `created_by` int(12) NOT NULL,
  `creation_date` datetime DEFAULT NULL,
  `last_update_by` int(12) NOT NULL,
  `last_update_date` datetime DEFAULT NULL
) ENGINE=InnoDB DEFAULT CHARSET=latin1;

-- --------------------------------------------------------

--
-- Stand-in structure for view `fa_asset_transaction_v`
--
CREATE TABLE `fa_asset_transaction_v` (
`fa_asset_transaction_id` int(12)
,`fa_asset_id` int(12)
,`fa_asset_book_info_id` int(12)
,`fa_asset_book_id` int(12)
,`transaction_type` varchar(20)
,`quantity` decimal(15,5)
,`amout` decimal(15,5)
,`gl_journal_header_id` int(12)
,`gl_journal_line_id` int(12)
,`description` varchar(255)
,`created_by` int(12)
,`creation_date` datetime
,`last_update_by` int(12)
,`last_update_date` datetime
,`asset_number` varchar(30)
,`tag_number` varchar(50)
,`serial_number` varchar(30)
,`key_number` varchar(30)
,`asset_description` varchar(256)
,`manufacturer` varchar(30)
,`model_number` varchar(30)
,`warrranty_number` varchar(30)
,`lease_number` varchar(30)
,`physical_inventory_cb` tinyint(1)
,`asset_book_name` varchar(25)
,`bu_org_id` int(12)
,`type` varchar(25)
,`primary_fa_asset_book_id` int(12)
,`book_description` varchar(200)
);

-- --------------------------------------------------------

--
-- Table structure for table `fa_book_category_assoc`
--

CREATE TABLE `fa_book_category_assoc` (
  `fa_book_category_assoc_id` int(12) UNSIGNED NOT NULL,
  `fa_asset_category_id` int(12) DEFAULT NULL,
  `fa_asset_book_id` int(12) DEFAULT NULL,
  `asset_cost_ac_id` int(12) DEFAULT NULL,
  `asset_clearing_ac_id` int(12) DEFAULT NULL,
  `depreciation_expense_ac_id` int(12) DEFAULT NULL,
  `accumulated_depreciation_ac_id` int(12) DEFAULT NULL,
  `description` int(12) DEFAULT NULL,
  `bonus_expense_ac_id` int(12) DEFAULT NULL,
  `bonus_reserve_ac_id` int(12) DEFAULT NULL,
  `revalue_reserve_ac_id` int(12) DEFAULT NULL,
  `cip_cost_ac_id` int(12) DEFAULT NULL,
  `cip_clearing_ac_id` int(12) DEFAULT NULL,
  `unplanned_depreciation_expense_ac_id` int(12) NOT NULL,
  `retirement_gl_ac_id` int(12) DEFAULT NULL,
  `created_by` int(12) NOT NULL,
  `creation_date` datetime DEFAULT NULL,
  `last_update_by` int(12) NOT NULL,
  `last_update_date` datetime DEFAULT NULL
) ENGINE=InnoDB DEFAULT CHARSET=latin1;

-- --------------------------------------------------------

--
-- Table structure for table `fa_depreciation_header`
--

CREATE TABLE `fa_depreciation_header` (
  `fa_depreciation_header_id` int(12) UNSIGNED NOT NULL,
  `fa_asset_book_id` int(12) NOT NULL,
  `gl_period_id` int(12) NOT NULL,
  `status` varchar(15) DEFAULT NULL,
  `description` varchar(256) DEFAULT NULL,
  `gl_journal_header_id` int(12) DEFAULT NULL,
  `created_by` int(12) NOT NULL,
  `creation_date` datetime DEFAULT NULL,
  `last_update_by` int(12) NOT NULL,
  `last_update_date` datetime DEFAULT NULL
) ENGINE=InnoDB DEFAULT CHARSET=latin1;

-- --------------------------------------------------------

--
-- Table structure for table `fa_depreciation_line`
--

CREATE TABLE `fa_depreciation_line` (
  `fa_depreciation_line_id` int(12) UNSIGNED NOT NULL,
  `fa_depreciation_header_id` int(12) NOT NULL,
  `asset_id` int(12) DEFAULT NULL,
  `depreciation_amount` decimal(15,5) DEFAULT NULL,
  `unschedule_amount` decimal(15,5) DEFAULT NULL,
  `total_depreciation_amount` decimal(15,5) NOT NULL,
  `depreciation_account_id` int(12) NOT NULL,
  `cost_before_depreciation` decimal(15,5) DEFAULT NULL,
  `nbv_before_depreciation` decimal(15,5) DEFAULT NULL,
  `salvage_value_bd` decimal(15,5) DEFAULT NULL,
  `created_by` int(12) NOT NULL,
  `creation_date` datetime DEFAULT NULL,
  `last_update_by` int(12) NOT NULL,
  `last_update_date` datetime DEFAULT NULL
) ENGINE=InnoDB DEFAULT CHARSET=latin1;

-- --------------------------------------------------------

--
-- Table structure for table `fa_depreciation_method`
--

CREATE TABLE `fa_depreciation_method` (
  `fa_depreciation_method_id` int(12) UNSIGNED NOT NULL,
  `depreciation_method` varchar(25) NOT NULL,
  `method_type` varchar(25) DEFAULT NULL,
  `calculation_basis` varchar(25) DEFAULT NULL,
  `life_month` int(5) DEFAULT NULL,
  `reducing_balance_rate` decimal(6,3) DEFAULT NULL,
  `status` varchar(15) DEFAULT NULL,
  `description` varchar(256) DEFAULT NULL,
  `created_by` int(12) NOT NULL,
  `creation_date` datetime DEFAULT NULL,
  `last_update_by` int(12) NOT NULL,
  `last_update_date` datetime DEFAULT NULL
) ENGINE=InnoDB DEFAULT CHARSET=latin1;

-- --------------------------------------------------------

--
-- Table structure for table `fa_depreciation_method_rate`
--

CREATE TABLE `fa_depreciation_method_rate` (
  `fa_depreciation_method_rate_id` int(12) UNSIGNED NOT NULL,
  `fa_depreciation_method_id` int(12) DEFAULT NULL,
  `year` int(12) DEFAULT NULL,
  `period` int(12) DEFAULT NULL,
  `rate` decimal(20,5) DEFAULT NULL,
  `description` varchar(256) DEFAULT NULL,
  `created_by` int(12) NOT NULL,
  `creation_date` datetime DEFAULT NULL,
  `last_update_by` int(12) NOT NULL,
  `last_update_date` datetime DEFAULT NULL
) ENGINE=InnoDB DEFAULT CHARSET=latin1;

-- --------------------------------------------------------

--
-- Table structure for table `file_reference`
--

CREATE TABLE `file_reference` (
  `file_reference_id` int(12) UNSIGNED NOT NULL,
  `file_id` int(12) NOT NULL,
  `reference_table` varchar(50) NOT NULL,
  `reference_id` int(12) NOT NULL,
  `status` varchar(25) DEFAULT NULL
) ENGINE=InnoDB DEFAULT CHARSET=latin1;

-- --------------------------------------------------------

--
-- Table structure for table `form`
--

CREATE TABLE `form` (
  `form_id` int(12) NOT NULL,
  `form` varchar(50) NOT NULL,
  `description` varchar(256) DEFAULT NULL,
  `submit_button` text,
  `action_link` varchar(256) DEFAULT NULL,
  `created_by` int(12) NOT NULL,
  `creation_date` datetime DEFAULT NULL,
  `last_update_by` int(12) NOT NULL,
  `last_update_date` datetime DEFAULT NULL
) ENGINE=InnoDB DEFAULT CHARSET=latin1;

-- --------------------------------------------------------

--
-- Table structure for table `fp_forecast_consumption`
--

CREATE TABLE `fp_forecast_consumption` (
  `fp_forecast_consumption_id` int(12) NOT NULL,
  `fp_forecast_line_date_id` int(12) DEFAULT NULL,
  `fp_forecast_line_id` int(12) DEFAULT NULL,
  `fp_forecast_group_id` int(12) DEFAULT NULL,
  `sd_so_line_id` int(12) NOT NULL,
  `quantity` decimal(20,5) DEFAULT NULL,
  `reason` varchar(256) DEFAULT NULL,
  `created_by` int(12) NOT NULL,
  `creation_date` datetime NOT NULL,
  `last_update_by` int(12) NOT NULL,
  `last_update_date` datetime NOT NULL
) ENGINE=InnoDB DEFAULT CHARSET=latin1;

-- --------------------------------------------------------

--
-- Table structure for table `fp_forecast_group`
--

CREATE TABLE `fp_forecast_group` (
  `fp_forecast_group_id` int(12) NOT NULL,
  `org_id` int(12) NOT NULL,
  `forecast_group` varchar(25) NOT NULL,
  `description` varchar(256) NOT NULL,
  `status` enum('active','inactive','','') DEFAULT NULL,
  `bucket_type` varchar(25) NOT NULL,
  `level` varchar(25) DEFAULT NULL,
  `consume_cb` tinyint(1) DEFAULT NULL,
  `backward_days` int(5) DEFAULT NULL,
  `forward_days` int(5) DEFAULT NULL,
  `created_by` int(12) NOT NULL,
  `creation_date` datetime DEFAULT NULL,
  `last_update_by` int(12) NOT NULL,
  `last_update_date` datetime DEFAULT NULL
) ENGINE=InnoDB DEFAULT CHARSET=latin1;

-- --------------------------------------------------------

--
-- Table structure for table `fp_forecast_header`
--

CREATE TABLE `fp_forecast_header` (
  `fp_forecast_header_id` int(12) NOT NULL,
  `org_id` int(12) NOT NULL,
  `forecast` varchar(25) NOT NULL,
  `description` varchar(256) NOT NULL,
  `forecast_group_id` int(12) DEFAULT NULL,
  `status` enum('active','inactive','','') DEFAULT NULL,
  `demand_class` varchar(25) DEFAULT NULL,
  `ar_customer_id` int(12) DEFAULT NULL,
  `created_by` int(12) NOT NULL,
  `creation_date` datetime DEFAULT NULL,
  `last_update_by` int(12) NOT NULL,
  `last_update_date` datetime DEFAULT NULL
) ENGINE=InnoDB DEFAULT CHARSET=latin1;

-- --------------------------------------------------------

--
-- Table structure for table `fp_forecast_line`
--

CREATE TABLE `fp_forecast_line` (
  `fp_forecast_line_id` int(12) NOT NULL,
  `fp_forecast_header_id` int(12) NOT NULL,
  `item_id_m` int(12) NOT NULL,
  `bucket_type` varchar(25) NOT NULL,
  `start_date` date NOT NULL,
  `end_date` date DEFAULT NULL,
  `no_of_bucket` int(5) DEFAULT NULL,
  `original` decimal(20,5) NOT NULL,
  `total_original` decimal(20,5) DEFAULT NULL,
  `fp_consumption_id` int(12) DEFAULT NULL,
  `created_by` int(12) NOT NULL,
  `creation_date` datetime DEFAULT NULL,
  `last_update_by` int(12) NOT NULL,
  `last_update_date` datetime DEFAULT NULL
) ENGINE=InnoDB DEFAULT CHARSET=latin1;

-- --------------------------------------------------------

--
-- Table structure for table `fp_forecast_line_date`
--

CREATE TABLE `fp_forecast_line_date` (
  `fp_forecast_line_date_id` int(12) NOT NULL,
  `fp_forecast_line_id` int(12) NOT NULL,
  `forecast_date` date NOT NULL,
  `original_quantity` decimal(20,5) NOT NULL,
  `current_quantity` decimal(20,5) NOT NULL,
  `source` varchar(25) DEFAULT NULL,
  `created_by` int(12) NOT NULL,
  `creation_date` datetime DEFAULT NULL,
  `last_update_by` int(12) NOT NULL,
  `last_update_date` datetime DEFAULT NULL
) ENGINE=InnoDB DEFAULT CHARSET=latin1;

-- --------------------------------------------------------

--
-- Stand-in structure for view `fp_forecast_line_date_v`
--
CREATE TABLE `fp_forecast_line_date_v` (
`fp_forecast_line_date_id` int(12)
,`fp_forecast_line_id` int(12)
,`forecast` varchar(25)
,`forecast_group` varchar(25)
,`org` varchar(50)
,`item_number` varchar(50)
,`uom_name` varchar(25)
,`item_description` varchar(256)
,`forecast_date` date
,`bucket_type` varchar(25)
,`original_quantity` decimal(20,5)
,`current_quantity` decimal(20,5)
,`source` varchar(25)
,`item_id_m` int(12)
,`uom_id` int(12)
);

-- --------------------------------------------------------

--
-- Stand-in structure for view `fp_forecast_over_consumption_v`
--
CREATE TABLE `fp_forecast_over_consumption_v` (
`forecast_group` varchar(25)
,`org` varchar(50)
,`so_number` varchar(50)
,`line_number` int(12)
,`item_number` varchar(50)
,`uom_name` varchar(25)
,`item_description` varchar(256)
,`schedule_ship_date` date
,`quantity` decimal(20,5)
,`item_id_m` int(12)
,`uom_id` int(12)
,`fp_forecast_consumption_id` int(12)
,`sd_so_line_id` int(12)
,`sd_so_header_id` int(12)
);

-- --------------------------------------------------------

--
-- Table structure for table `fp_kanban_demand`
--

CREATE TABLE `fp_kanban_demand` (
  `fp_kanban_demand_id` int(12) NOT NULL,
  `plan_id` int(12) NOT NULL,
  `item_id_m` int(12) NOT NULL,
  `quantity` decimal(20,5) DEFAULT NULL,
  `demand_item_id_m` int(12) DEFAULT NULL,
  `toplevel_demand_item_id_m` int(12) DEFAULT NULL,
  `demand_type` varchar(25) DEFAULT NULL,
  `source` varchar(25) DEFAULT NULL,
  `created_by` int(12) NOT NULL,
  `creation_date` datetime DEFAULT NULL,
  `last_update_by` int(12) NOT NULL,
  `last_update_date` datetime DEFAULT NULL
) ENGINE=InnoDB DEFAULT CHARSET=latin1;

-- --------------------------------------------------------

--
-- Stand-in structure for view `fp_kanban_demand_v`
--
CREATE TABLE `fp_kanban_demand_v` (
`plan_name` varchar(25)
,`org_id` int(12)
,`planning_horizon_days` int(12)
,`org` varchar(50)
,`forecast` varchar(25)
,`forecast_description` varchar(256)
,`fp_kanban_demand_id` int(12)
,`plan_id` int(12)
,`item_id_m` int(12)
,`quantity` decimal(20,5)
,`demand_item_id_m` int(12)
,`toplevel_demand_item_id_m` int(12)
,`demand_type` varchar(25)
,`source` varchar(25)
,`item_number` varchar(50)
,`item_description` varchar(256)
,`top_level_item_number` varchar(50)
,`top_level_item_description` varchar(256)
,`demand_item_number` varchar(50)
,`demand_item_description` varchar(256)
,`created_by` int(12)
,`creation_date` datetime
,`last_update_by` int(12)
,`last_update_date` datetime
);

-- --------------------------------------------------------

--
-- Table structure for table `fp_kanban_header`
--

CREATE TABLE `fp_kanban_header` (
  `fp_kanban_header_id` int(12) UNSIGNED NOT NULL,
  `org_id` int(12) NOT NULL,
  `description` varchar(255) DEFAULT NULL,
  `item_id_m` int(12) NOT NULL,
  `effective_from` date DEFAULT NULL,
  `effective_to` date DEFAULT NULL,
  `subinventory_id` int(12) NOT NULL,
  `locator_id` int(12) DEFAULT NULL,
  `source_type` varchar(25) NOT NULL,
  `supplier_id` int(12) DEFAULT NULL,
  `supplier_site_id` int(12) DEFAULT NULL,
  `from_org_id` int(12) DEFAULT NULL,
  `from_subinventory_id` int(12) DEFAULT NULL,
  `from_locator_id` int(12) DEFAULT NULL,
  `planning_only_cb` tinyint(1) DEFAULT NULL,
  `auto_request_cb` tinyint(1) DEFAULT NULL,
  `calculate` varchar(25) NOT NULL,
  `card_size` decimal(15,5) DEFAULT NULL,
  `size_roundup` int(2) DEFAULT NULL,
  `noof_card` int(4) DEFAULT NULL,
  `moq` decimal(15,5) DEFAULT NULL,
  `lead_time` int(4) DEFAULT NULL,
  `allocation_per` decimal(5,3) DEFAULT NULL,
  `flm` int(3) DEFAULT NULL,
  `ssd` int(3) DEFAULT NULL,
  `rfid_reference` varchar(100) DEFAULT NULL,
  `created_by` int(12) NOT NULL,
  `creation_date` datetime DEFAULT NULL,
  `last_update_by` int(12) NOT NULL,
  `last_update_date` datetime DEFAULT NULL
) ENGINE=InnoDB DEFAULT CHARSET=latin1;

-- --------------------------------------------------------

--
-- Table structure for table `fp_kanban_line`
--

CREATE TABLE `fp_kanban_line` (
  `fp_kanban_line_id` int(12) UNSIGNED NOT NULL,
  `fp_kanban_header_id` int(12) NOT NULL,
  `description` varchar(255) DEFAULT NULL,
  `card_number` varchar(25) DEFAULT NULL,
  `replenish_cb` tinyint(1) DEFAULT NULL,
  `card_status` varchar(25) DEFAULT NULL,
  `supply_status` varchar(25) DEFAULT NULL,
  `kanban_size` decimal(15,5) DEFAULT NULL,
  `card_type` varchar(25) NOT NULL,
  `created_by` int(12) NOT NULL,
  `creation_date` datetime DEFAULT NULL,
  `last_update_by` int(12) NOT NULL,
  `last_update_date` datetime DEFAULT NULL
) ENGINE=InnoDB DEFAULT CHARSET=latin1;

-- --------------------------------------------------------

--
-- Stand-in structure for view `fp_kanban_line_v`
--
CREATE TABLE `fp_kanban_line_v` (
`fp_kanban_line_id` int(12) unsigned
,`fp_kanban_header_id` int(12)
,`description` varchar(255)
,`card_number` varchar(25)
,`card_status` varchar(25)
,`supply_status` varchar(25)
,`kanban_size` decimal(15,5)
,`card_type` varchar(25)
,`org_id` int(12)
,`kbh_description` varchar(255)
,`item_id_m` int(12)
,`effective_from` date
,`effective_to` date
,`subinventory_id` int(12)
,`locator_id` int(12)
,`source_type` varchar(25)
,`supplier_id` int(12)
,`supplier_site_id` int(12)
,`from_org_id` int(12)
,`from_subinventory_id` int(12)
,`from_locator_id` int(12)
,`item_number` varchar(50)
,`item_description` varchar(256)
,`uom_id` int(12)
,`list_price` decimal(15,5)
,`sourcing_rule_id` int(12)
,`lead_time` bigint(13)
,`subinventory` varchar(25)
,`locator` varchar(256)
,`org` varchar(50)
,`bu_org_id` int(12) unsigned
);

-- --------------------------------------------------------

--
-- Table structure for table `fp_kanban_planner_header`
--

CREATE TABLE `fp_kanban_planner_header` (
  `fp_kanban_planner_header_id` int(12) NOT NULL,
  `org_id` int(12) NOT NULL,
  `plan_name` varchar(25) NOT NULL,
  `planning_horizon_days` int(12) NOT NULL,
  `size_roundup` int(3) DEFAULT NULL,
  `description` varchar(256) DEFAULT NULL,
  `status` varchar(25) DEFAULT NULL,
  `demand_source` varchar(25) DEFAULT NULL,
  `created_by` int(12) NOT NULL,
  `creation_date` datetime DEFAULT NULL,
  `last_update_by` int(12) NOT NULL,
  `last_update_date` datetime DEFAULT NULL
) ENGINE=InnoDB DEFAULT CHARSET=latin1;

-- --------------------------------------------------------

--
-- Table structure for table `fp_kanban_release`
--

CREATE TABLE `fp_kanban_release` (
  `fp_kanban_release_id` int(12) UNSIGNED NOT NULL,
  `card_numbers` text NOT NULL,
  `description` varchar(255) DEFAULT NULL,
  `status` varchar(25) DEFAULT NULL,
  `no_of_cards` decimal(12,0) DEFAULT NULL,
  `invalid_card_numbers` text,
  `created_by` int(12) NOT NULL,
  `creation_date` datetime DEFAULT NULL,
  `last_update_by` int(12) NOT NULL,
  `last_update_date` datetime DEFAULT NULL
) ENGINE=InnoDB DEFAULT CHARSET=latin1;

-- --------------------------------------------------------

--
-- Stand-in structure for view `fp_kanban_suggestion_v`
--
CREATE TABLE `fp_kanban_suggestion_v` (
`plan_name` varchar(25)
,`org_id` int(12)
,`planning_horizon_days` int(12)
,`org` varchar(50)
,`item_id_m` int(12)
,`item_number` varchar(50)
,`total_demand` decimal(42,5)
,`avg_daily_demand` decimal(46,9)
,`saftey_stock_quantity` int(12)
,`lead_time` bigint(14)
,`saftey_stock_days` int(12)
,`minimum_quantity` decimal(61,9)
,`fix_days_supply` int(12)
,`maximum_quantity` decimal(63,10)
,`multibin_fix_days_supply` bigint(12)
,`kanban_multibin_number` decimal(17,0)
,`kanban_multibin_size` decimal(65,13)
,`kanban_twobin_size` decimal(61,9)
,`forecast` varchar(25)
,`forecast_description` varchar(256)
,`fp_kanban_demand_id` int(12)
,`plan_id` int(12)
,`demand_item_id_m` int(12)
,`toplevel_demand_item_id_m` int(12)
,`demand_type` varchar(25)
,`source` varchar(25)
,`item_description` varchar(256)
,`top_level_item_number` varchar(50)
,`top_level_item_description` varchar(256)
,`demand_item_number` varchar(50)
,`demand_item_description` varchar(256)
,`created_by` int(12)
,`creation_date` datetime
,`last_update_by` int(12)
,`last_update_date` datetime
,`fp_kanban_header_id` int(12) unsigned
);

-- --------------------------------------------------------

--
-- Table structure for table `fp_mds_header`
--

CREATE TABLE `fp_mds_header` (
  `org_id` int(12) NOT NULL,
  `mds_name` varchar(25) NOT NULL,
  `description` varchar(256) NOT NULL,
  `fp_source_list_header_id` int(12) DEFAULT NULL,
  `include_so_cb` tinyint(1) DEFAULT NULL,
  `status` varchar(25) DEFAULT NULL,
  `created_by` int(12) NOT NULL,
  `creation_date` datetime DEFAULT NULL,
  `last_update_by` int(12) NOT NULL,
  `last_update_date` datetime DEFAULT NULL,
  `fp_mds_header_id` int(12) NOT NULL
) ENGINE=InnoDB DEFAULT CHARSET=latin1;

-- --------------------------------------------------------

--
-- Table structure for table `fp_mds_line`
--

CREATE TABLE `fp_mds_line` (
  `fp_mds_line_id` int(12) NOT NULL,
  `fp_mds_header_id` int(12) DEFAULT NULL,
  `item_id_m` int(12) NOT NULL,
  `demand_date` date DEFAULT NULL,
  `quantity` decimal(20,5) DEFAULT NULL,
  `source_type` varchar(25) DEFAULT NULL,
  `source_header_id` int(12) NOT NULL,
  `source_line_id` int(12) NOT NULL,
  `created_by` int(12) NOT NULL,
  `creation_date` datetime DEFAULT NULL,
  `last_update_by` int(12) NOT NULL,
  `last_update_date` datetime DEFAULT NULL
) ENGINE=InnoDB DEFAULT CHARSET=latin1;

-- --------------------------------------------------------

--
-- Table structure for table `fp_minmax_demand`
--

CREATE TABLE `fp_minmax_demand` (
  `fp_minmax_demand_id` int(12) NOT NULL,
  `plan_id` int(12) NOT NULL,
  `item_id_m` int(12) NOT NULL,
  `quantity` decimal(20,5) DEFAULT NULL,
  `demand_item_id_m` int(12) DEFAULT NULL,
  `toplevel_demand_item_id_m` int(12) DEFAULT NULL,
  `demand_type` varchar(25) DEFAULT NULL,
  `source` varchar(25) DEFAULT NULL,
  `created_by` int(12) NOT NULL,
  `creation_date` datetime DEFAULT NULL,
  `last_update_by` int(12) NOT NULL,
  `last_update_date` datetime DEFAULT NULL
) ENGINE=InnoDB DEFAULT CHARSET=latin1;

-- --------------------------------------------------------

--
-- Stand-in structure for view `fp_minmax_demand_v`
--
CREATE TABLE `fp_minmax_demand_v` (
`fp_minmax_header_id` int(12)
,`plan_name` varchar(25)
,`org_id` int(12)
,`planning_horizon_days` int(12)
,`org` varchar(50)
,`forecast` varchar(25)
,`forecast_description` varchar(256)
,`fp_minmax_demand_id` int(12)
,`plan_id` int(12)
,`item_id_m` int(12)
,`quantity` decimal(20,5)
,`demand_item_id_m` int(12)
,`toplevel_demand_item_id_m` int(12)
,`demand_type` varchar(25)
,`source` varchar(25)
,`item_number` varchar(50)
,`item_description` varchar(256)
,`top_level_item_number` varchar(50)
,`top_level_item_description` varchar(256)
,`demand_item_number` varchar(50)
,`demand_item_description` varchar(256)
,`created_by` int(12)
,`creation_date` datetime
,`last_update_by` int(12)
,`last_update_date` datetime
);

-- --------------------------------------------------------

--
-- Table structure for table `fp_minmax_header`
--

CREATE TABLE `fp_minmax_header` (
  `fp_minmax_header_id` int(12) NOT NULL,
  `org_id` int(12) NOT NULL,
  `plan_name` varchar(25) NOT NULL,
  `planning_horizon_days` int(12) NOT NULL,
  `description` varchar(256) DEFAULT NULL,
  `status` enum('active','inactive','','') DEFAULT NULL,
  `demand_source` varchar(25) DEFAULT NULL,
  `created_by` int(12) NOT NULL,
  `creation_date` datetime DEFAULT NULL,
  `last_update_by` int(12) NOT NULL,
  `last_update_date` datetime DEFAULT NULL
) ENGINE=InnoDB DEFAULT CHARSET=latin1;

-- --------------------------------------------------------

--
-- Table structure for table `fp_minmax_line`
--

CREATE TABLE `fp_minmax_line` (
  `fp_minmax_line_id` int(12) NOT NULL,
  `fp_minmax_header_id` int(12) NOT NULL,
  `item_id_m` int(12) NOT NULL,
  `min_quantity` decimal(20,5) DEFAULT NULL,
  `max_quantity` decimal(20,5) DEFAULT NULL,
  `mb_min_quantity` decimal(20,5) DEFAULT NULL,
  `mb_max_quantity` decimal(20,5) DEFAULT NULL,
  `mb_bin_size` int(5) DEFAULT NULL,
  `total_demand` decimal(20,5) NOT NULL,
  `avg_daily_demand` decimal(20,5) DEFAULT NULL,
  `lead_time` decimal(20,5) DEFAULT NULL,
  `created_by` int(12) NOT NULL,
  `creation_date` datetime DEFAULT NULL,
  `last_update_by` int(12) NOT NULL,
  `last_update_date` datetime DEFAULT NULL
) ENGINE=InnoDB DEFAULT CHARSET=latin1;

-- --------------------------------------------------------

--
-- Stand-in structure for view `fp_minmax_suggestion_v`
--
CREATE TABLE `fp_minmax_suggestion_v` (
`fp_minmax_header_id` int(12)
,`plan_name` varchar(25)
,`org_id` int(12)
,`planning_horizon_days` int(12)
,`org` varchar(50)
,`item_id_m` int(12)
,`item_number` varchar(50)
,`total_demand` decimal(42,5)
,`avg_daily_demand` decimal(46,9)
,`saftey_stock_quantity` int(12)
,`lead_time` bigint(14)
,`saftey_stock_days` int(12)
,`minmax_min_quantity` decimal(61,9)
,`fix_days_supply` int(12)
,`minmax_max_quantity` decimal(63,10)
,`multibin_fix_days_supply` bigint(12)
,`minmax_multibin_number` bigint(17)
,`minmax_multibin_size` decimal(65,13)
,`multibin_minmax_quantity` decimal(62,9)
,`forecast` varchar(25)
,`forecast_description` varchar(256)
,`fp_minmax_demand_id` int(12)
,`plan_id` int(12)
,`demand_item_id_m` int(12)
,`toplevel_demand_item_id_m` int(12)
,`demand_type` varchar(25)
,`source` varchar(25)
,`item_description` varchar(256)
,`top_level_item_number` varchar(50)
,`top_level_item_description` varchar(256)
,`demand_item_number` varchar(50)
,`demand_item_description` varchar(256)
,`created_by` int(12)
,`creation_date` datetime
,`last_update_by` int(12)
,`last_update_date` datetime
);

-- --------------------------------------------------------

--
-- Table structure for table `fp_mrp_demand`
--

CREATE TABLE `fp_mrp_demand` (
  `fp_mrp_demand_id` int(12) NOT NULL,
  `org_id` int(12) NOT NULL,
  `fp_mrp_header_id` int(12) DEFAULT NULL,
  `item_id_m` int(12) NOT NULL,
  `demand_date` date DEFAULT NULL,
  `quantity` decimal(20,5) DEFAULT NULL,
  `demand_item_id_m` int(12) DEFAULT NULL,
  `toplevel_demand_item_id_m` int(12) DEFAULT NULL,
  `source_type` varchar(25) NOT NULL,
  `primary_source_type` varchar(25) NOT NULL,
  `source_header_id` int(12) NOT NULL,
  `source_line_id` int(12) NOT NULL,
  `created_by` int(12) NOT NULL,
  `creation_date` datetime DEFAULT NULL,
  `last_update_by` int(12) NOT NULL,
  `last_update_date` datetime DEFAULT NULL
) ENGINE=InnoDB DEFAULT CHARSET=latin1;

-- --------------------------------------------------------

--
-- Stand-in structure for view `fp_mrp_demand_v`
--
CREATE TABLE `fp_mrp_demand_v` (
`fp_mrp_demand_id` int(12)
,`fp_mrp_header_id` int(12)
,`mrp_name` varchar(25)
,`org_id` int(12)
,`item_id_m` int(12)
,`demand_date` date
,`quantity` decimal(20,5)
,`demand_item_id_m` int(12)
,`toplevel_demand_item_id_m` int(12)
,`source_type` varchar(25)
,`primary_source_type` varchar(25)
,`source_header_id` int(12)
,`source_line_id` int(12)
,`item_number` varchar(50)
,`item_description` varchar(256)
,`planner` varchar(20)
,`product_line` varchar(20)
,`standard_cost` decimal(42,5)
,`sales_price` decimal(20,5)
,`purchase_price` decimal(20,5)
);

-- --------------------------------------------------------

--
-- Table structure for table `fp_mrp_exception`
--

CREATE TABLE `fp_mrp_exception` (
  `fp_mrp_exception_id` int(12) NOT NULL,
  `org_id` int(12) NOT NULL,
  `fp_mrp_header_id` int(12) NOT NULL,
  `exception_message` varchar(256) NOT NULL,
  `detailed_message` text,
  `exception_type` varchar(25) NOT NULL,
  `reference_type` varchar(25) DEFAULT NULL,
  `reference_key_name` varchar(50) DEFAULT NULL,
  `reference_key_value` varchar(25) DEFAULT NULL,
  `created_by` int(12) NOT NULL,
  `creation_date` datetime DEFAULT NULL,
  `last_update_by` int(12) NOT NULL,
  `last_update_date` datetime DEFAULT NULL
) ENGINE=InnoDB DEFAULT CHARSET=latin1;

-- --------------------------------------------------------

--
-- Stand-in structure for view `fp_mrp_existing_supply_v`
--
CREATE TABLE `fp_mrp_existing_supply_v` (
`item_id_m` int(12)
,`document_type` varchar(11)
,`quantity` double
,`supply_date` date
,`document_id` int(12)
);

-- --------------------------------------------------------

--
-- Table structure for table `fp_mrp_header`
--

CREATE TABLE `fp_mrp_header` (
  `fp_mrp_header_id` int(12) NOT NULL,
  `org_id` int(12) NOT NULL,
  `mrp_name` varchar(25) NOT NULL,
  `description` varchar(256) DEFAULT NULL,
  `status` varchar(25) DEFAULT NULL,
  `demand_source` varchar(25) DEFAULT NULL,
  `include_so_cb` tinyint(1) DEFAULT NULL,
  `planning_horizon_days` int(12) DEFAULT NULL,
  `created_by` int(12) NOT NULL,
  `creation_date` datetime DEFAULT NULL,
  `last_update_by` int(12) NOT NULL,
  `last_update_date` datetime DEFAULT NULL
) ENGINE=InnoDB DEFAULT CHARSET=latin1;

-- --------------------------------------------------------

--
-- Table structure for table `fp_mrp_lowlevel_code`
--

CREATE TABLE `fp_mrp_lowlevel_code` (
  `fp_mrp_lowlevel_code_id` int(12) NOT NULL,
  `org_id` int(12) NOT NULL,
  `item_id_m` int(12) NOT NULL,
  `level` int(5) NOT NULL,
  `created_by` int(12) NOT NULL,
  `creation_date` datetime DEFAULT NULL,
  `last_update_by` int(12) NOT NULL,
  `last_update_date` datetime DEFAULT NULL
) ENGINE=InnoDB DEFAULT CHARSET=latin1;

-- --------------------------------------------------------

--
-- Table structure for table `fp_mrp_planned_order`
--

CREATE TABLE `fp_mrp_planned_order` (
  `fp_mrp_header_id` int(12) DEFAULT NULL,
  `order_type` varchar(25) DEFAULT NULL,
  `order_action` varchar(25) NOT NULL,
  `item_id_m` int(12) NOT NULL,
  `need_by_date` date DEFAULT NULL,
  `quantity` decimal(20,5) DEFAULT NULL,
  `demand_item_id_m` int(12) DEFAULT NULL,
  `toplevel_demand_item_id_m` int(12) DEFAULT NULL,
  `source_type` varchar(25) NOT NULL,
  `primary_source_type` varchar(25) NOT NULL,
  `source_header_id` int(12) NOT NULL,
  `source_line_id` int(12) NOT NULL,
  `supplier_id` int(12) DEFAULT NULL,
  `supplier_site_id` int(12) DEFAULT NULL,
  `created_by` int(12) NOT NULL,
  `creation_date` datetime DEFAULT NULL,
  `last_update_by` int(12) NOT NULL,
  `last_update_date` datetime DEFAULT NULL,
  `fp_mrp_planned_order_id` int(12) NOT NULL,
  `org_id` int(12) DEFAULT NULL
) ENGINE=InnoDB DEFAULT CHARSET=latin1;

-- --------------------------------------------------------

--
-- Table structure for table `fp_mrp_supply`
--

CREATE TABLE `fp_mrp_supply` (
  `fp_mrp_supply_id` int(12) NOT NULL,
  `fp_mrp_header_id` int(12) DEFAULT NULL,
  `item_id_m` int(12) NOT NULL,
  `supply_date` date DEFAULT NULL,
  `quantity` decimal(20,5) DEFAULT NULL,
  `supply_item_id_m` int(12) DEFAULT NULL,
  `toplevel_supply_item_id_m` int(12) DEFAULT NULL,
  `supply_type` varchar(25) NOT NULL,
  `primary_supply_type` varchar(25) NOT NULL,
  `supply_header_id` int(12) NOT NULL,
  `supply_line_id` int(12) NOT NULL,
  `created_by` int(12) NOT NULL,
  `creation_date` datetime DEFAULT NULL,
  `last_update_by` int(12) NOT NULL,
  `last_update_date` datetime DEFAULT NULL
) ENGINE=InnoDB DEFAULT CHARSET=latin1;

-- --------------------------------------------------------

--
-- Stand-in structure for view `fp_mrp_v`
--
CREATE TABLE `fp_mrp_v` (
`mrp_name` varchar(25)
,`org_id` int(12)
,`org` varchar(50)
,`item_number` varchar(50)
,`item_description` varchar(256)
,`demand_item_number` varchar(50)
,`demand_item_description` varchar(256)
,`toplevel_demand_item_number` varchar(50)
,`toplevel_demand_item_desc` varchar(256)
,`sourcing_rule_id` int(12)
,`fp_mrp_planned_order_id` int(12)
,`fp_mrp_header_id` int(12)
,`order_type` varchar(25)
,`order_action` varchar(25)
,`item_id_m` int(12)
,`quantity` decimal(20,5)
,`need_by_date` date
,`supplier_id` int(12)
,`supplier_site_id` int(12)
,`demand_item_id_m` int(12)
,`toplevel_demand_item_id_m` int(12)
,`source_type` varchar(25)
,`primary_source_type` varchar(25)
,`source_header_id` int(12)
,`source_line_id` int(12)
,`so_number` varchar(50)
,`forecast` varchar(25)
,`sales_order_line` int(12)
);

-- --------------------------------------------------------

--
-- Table structure for table `fp_planning_control`
--

CREATE TABLE `fp_planning_control` (
  `fp_planning_control_id` int(12) UNSIGNED NOT NULL,
  `org_id` int(12) NOT NULL,
  `auto_consumed_group_id` int(12) DEFAULT NULL,
  `auto_consumed_frwd_days` int(12) DEFAULT NULL,
  `auto_consumed_backwd_days` int(12) DEFAULT NULL,
  `default_abc` varchar(25) DEFAULT NULL,
  `net_wip_cb` tinyint(1) DEFAULT NULL,
  `net_po_cb` tinyint(1) DEFAULT NULL,
  `created_by` int(12) NOT NULL,
  `creation_date` datetime DEFAULT NULL,
  `last_update_by` int(12) NOT NULL,
  `last_update_date` datetime DEFAULT NULL
) ENGINE=InnoDB DEFAULT CHARSET=latin1;

--
-- Dumping data for table `fp_planning_control`
--

INSERT INTO `fp_planning_control` (`fp_planning_control_id`, `org_id`, `auto_consumed_group_id`, `auto_consumed_frwd_days`, `auto_consumed_backwd_days`, `default_abc`, `net_wip_cb`, `net_po_cb`, `created_by`, `creation_date`, `last_update_by`, `last_update_date`) VALUES
(1, 6, 1, 30, 10, NULL, 1, 1, 0, '2014-10-07 00:00:00', 1, '2016-07-25 18:06:46'),
(2, 6, 1, 20, 20, '111', NULL, NULL, 34, '2015-06-23 04:04:39', 34, '2015-06-23 04:04:39'),
(3, 6, 1, 40, 40, '111', 1, 1, 34, '2015-06-23 04:04:52', 34, '2015-06-23 04:04:52'),
(4, 6, 1, 20, 20, '111', NULL, NULL, 34, '2015-06-23 04:05:43', 34, '2015-06-23 04:05:43');

-- --------------------------------------------------------

--
-- Table structure for table `fp_source_list_header`
--

CREATE TABLE `fp_source_list_header` (
  `fp_source_list_header_id` int(12) NOT NULL,
  `org_id` int(12) NOT NULL,
  `source_list` varchar(25) DEFAULT NULL,
  `description` varchar(256) NOT NULL,
  `status` enum('active','inactive','','') DEFAULT NULL,
  `source_list_type` varchar(50) DEFAULT NULL,
  `ar_customer_id` int(12) DEFAULT NULL,
  `created_by` int(12) NOT NULL,
  `creation_date` datetime DEFAULT NULL,
  `last_update_by` int(12) NOT NULL,
  `last_update_date` datetime DEFAULT NULL
) ENGINE=InnoDB DEFAULT CHARSET=latin1;

-- --------------------------------------------------------

--
-- Table structure for table `fp_source_list_line`
--

CREATE TABLE `fp_source_list_line` (
  `fp_source_list_line_id` int(12) NOT NULL,
  `fp_source_list_header_id` int(12) DEFAULT NULL,
  `source_list_line_type` varchar(50) DEFAULT NULL,
  `source_list_id` int(12) DEFAULT NULL,
  `description` varchar(256) DEFAULT NULL,
  `total_original` decimal(20,5) DEFAULT NULL,
  `fp_consumption_id` int(12) DEFAULT NULL,
  `created_by` int(12) NOT NULL,
  `creation_date` datetime DEFAULT NULL,
  `last_update_by` int(12) NOT NULL,
  `last_update_date` datetime DEFAULT NULL
) ENGINE=InnoDB DEFAULT CHARSET=latin1;

-- --------------------------------------------------------

--
-- Table structure for table `fp_urgent_card`
--

CREATE TABLE `fp_urgent_card` (
  `fp_urgent_card_id` int(12) NOT NULL,
  `card_details` blob,
  `created_by` int(12) NOT NULL,
  `creation_date` datetime DEFAULT NULL,
  `last_update_by` int(12) NOT NULL,
  `last_update_date` datetime DEFAULT NULL
) ENGINE=InnoDB DEFAULT CHARSET=latin1;

-- --------------------------------------------------------

--
-- Table structure for table `gl_balance`
--

CREATE TABLE `gl_balance` (
  `gl_balance_id` int(12) NOT NULL,
  `ledger_id` int(12) NOT NULL,
  `coa_combination_id` int(12) NOT NULL,
  `period_id` int(12) NOT NULL,
  `balance_type` varchar(25) NOT NULL,
  `period_net_dr` decimal(20,5) DEFAULT NULL,
  `period_net_cr` decimal(20,5) DEFAULT NULL,
  `begin_balance_dr` decimal(20,5) DEFAULT NULL,
  `begin_balance_cr` decimal(20,5) DEFAULT NULL,
  `created_by` int(12) NOT NULL,
  `creation_date` datetime NOT NULL,
  `last_update_by` int(12) NOT NULL,
  `last_update_date` datetime NOT NULL
) ENGINE=InnoDB DEFAULT CHARSET=latin1;

-- --------------------------------------------------------

--
-- Stand-in structure for view `gl_balance_v`
--
CREATE TABLE `gl_balance_v` (
`period_name` varchar(25)
,`gl_period_id` int(12) unsigned
,`combination` varchar(256)
,`description` varchar(200)
,`gl_balance_id` int(12)
,`ledger_id` int(12)
,`coa_combination_id` int(12)
,`period_id` int(12)
,`balance_type` varchar(25)
,`period_net_dr` decimal(20,5)
,`period_net_cr` decimal(20,5)
,`begin_balance_dr` decimal(20,5)
,`begin_balance_cr` decimal(20,5)
,`last_update_by` int(12)
,`last_update_date` datetime
,`field1` varchar(12)
,`field2` varchar(12)
,`field3` varchar(12)
,`field4` varchar(12)
,`field5` varchar(12)
,`field6` varchar(12)
,`field7` varchar(12)
,`field8` varchar(12)
);

-- --------------------------------------------------------

--
-- Table structure for table `gl_calendar`
--

CREATE TABLE `gl_calendar` (
  `gl_calendar_id` int(12) NOT NULL,
  `option_line_code` varchar(50) NOT NULL,
  `adjustment_period_cb` tinyint(1) DEFAULT NULL,
  `name` varchar(50) NOT NULL,
  `calendar_type` varchar(50) NOT NULL,
  `c_year` year(4) DEFAULT NULL,
  `c_quarter` int(4) DEFAULT NULL,
  `c_number` int(12) NOT NULL,
  `from_date` date DEFAULT NULL,
  `to_date` date DEFAULT NULL,
  `name_prefix` varchar(20) DEFAULT NULL,
  `ef_id` int(12) DEFAULT NULL,
  `created_by` int(12) NOT NULL,
  `creation_date` datetime DEFAULT NULL,
  `last_update_by` int(12) NOT NULL,
  `last_update_date` datetime DEFAULT NULL
) ENGINE=InnoDB DEFAULT CHARSET=latin1;

--
-- Dumping data for table `gl_calendar`
--

INSERT INTO `gl_calendar` (`gl_calendar_id`, `option_line_code`, `adjustment_period_cb`, `name`, `calendar_type`, `c_year`, `c_quarter`, `c_number`, `from_date`, `to_date`, `name_prefix`, `ef_id`, `created_by`, `creation_date`, `last_update_by`, `last_update_date`) VALUES
(1, '422', NULL, 'JAN-14', 'MONTH', 2014, 1, 1, '2014-01-01', '2014-01-31', 'JAN', NULL, 0, '2014-02-07 03:06:56', 0, '2014-02-07 03:06:56'),
(2, 'CORP_CALENDAR', 0, 'JAN-2014', 'MONTH', 2014, 1, 1, '2014-01-01', '2014-01-31', 'JAN', NULL, 0, '2014-02-07 08:51:05', 0, '2014-02-07 08:51:05'),
(4, 'CORP_CALENDAR', 0, 'MAR-2014', 'MONTH', 2014, 1, 3, '2014-03-01', '2014-03-31', 'MAR', NULL, 0, '2014-02-07 08:51:08', 0, '2014-02-07 08:51:08'),
(5, 'CORP_CALENDAR', 0, 'FEB-2014', 'MONTH', 2014, 1, 2, '2014-02-01', '2014-02-28', 'FEB', NULL, 0, '2014-02-07 08:51:05', 0, '2014-02-07 08:51:05'),
(6, 'CORP_CALENDAR', NULL, 'APR-2014', 'MONTH', 2002, 2, 4, '2014-04-01', '2014-04-30', 'APR', NULL, 0, '2014-02-07 08:51:08', 34, '2014-12-18 04:57:40'),
(7, 'CORP_CALENDAR', 0, 'MAY-2014', 'MONTH', 2014, 2, 5, '2014-05-01', '2014-05-31', 'MAY', NULL, 0, '2014-02-07 08:51:27', 0, '2014-02-07 08:51:27'),
(8, 'CORP_CALENDAR', 0, 'JUN-2014', 'MONTH', 2014, 2, 6, '2014-06-01', '2014-06-30', 'JUN', NULL, 0, '2014-02-07 08:51:06', 0, '2014-02-07 08:51:06'),
(9, 'CORP_CALENDAR', NULL, 'AUG-2014', 'MONTH', 2014, 3, 8, '2014-08-01', '2014-08-31', 'AUG', NULL, 0, '2014-02-07 08:53:22', 0, '2014-02-07 08:53:22'),
(10, 'CORP_CALENDAR', NULL, 'JUL-2014', 'MONTH', 2014, 3, 7, '2014-07-01', '2014-07-31', 'JUL', NULL, 0, '2014-02-07 08:53:22', 0, '2014-02-07 08:53:22'),
(11, 'CORP_CALENDAR', NULL, 'SEP-2014', 'MONTH', 2014, 3, 9, '2014-09-01', '2014-09-30', 'SEP', NULL, 0, '2014-02-07 08:53:22', 0, '2014-02-07 08:53:22'),
(12, 'CORP_CALENDAR', NULL, 'NOV-2014', 'MONTH', 2014, 4, 11, '2014-11-01', '2014-11-30', 'NOV', NULL, 0, '2014-02-07 08:54:44', 0, '2014-02-07 08:54:44'),
(13, 'CORP_CALENDAR', NULL, 'DEC-2014', 'MONTH', 2014, 4, 12, '2014-12-01', '2014-12-31', 'DEC', NULL, 0, '2014-02-07 08:54:45', 0, '2014-02-07 08:54:45'),
(14, 'CORP_CALENDAR', NULL, 'OCT-2014', 'MONTH', 2014, 4, 10, '2014-10-01', '2014-10-31', 'OCT', NULL, 0, '2014-02-07 08:54:45', 0, '2014-02-07 08:54:45'),
(21, 'IND_CALEDNAR', NULL, 'DEC-2015', 'MONTH', 2002, 1, 3, '2014-12-01', '2014-12-31', 'DEC', NULL, 0, '2014-02-14 13:44:20', 14, '0000-00-00 00:00:00'),
(22, 'IND_CALEDNAR', NULL, 'FEB-2015', 'MONTH', 2002, 2, 5, '2015-02-01', '2015-02-28', 'FEB', NULL, 0, '2014-02-14 13:44:21', 14, '0000-00-00 00:00:00'),
(23, 'IND_CALEDNAR', NULL, 'OCT-2015', 'MONTH', 2002, 1, 1, '1970-01-01', '2014-10-31', 'OCT', NULL, 0, '2014-02-14 13:44:19', 34, '2015-11-11 18:20:14'),
(24, 'IND_CALEDNAR', NULL, 'NOV-2015', 'MONTH', 2002, 1, 2, '2014-11-01', '2014-11-30', 'NOV', NULL, 0, '2014-02-14 13:44:22', 14, '0000-00-00 00:00:00'),
(25, 'IND_CALEDNAR', NULL, 'JAN-2015', 'MONTH', 2002, 2, 4, '2015-01-01', '2015-01-30', 'JAN', NULL, 0, '2014-02-14 13:44:23', 14, '0000-00-00 00:00:00'),
(26, 'IND_CALEDNAR', NULL, 'MAR-2015', 'MONTH', 2002, 2, 6, '2015-03-01', '2015-03-31', 'MAR', NULL, 0, '2014-02-14 13:44:25', 14, '0000-00-00 00:00:00'),
(27, 'IND_CALEDNAR', NULL, 'APR-2015', 'MONTH', 2015, 2, 7, '2013-07-01', '2013-07-30', 'APR', NULL, 0, '2014-02-14 13:44:26', 34, '2015-11-11 18:20:14'),
(28, 'CORP_CALENDAR', NULL, 'JAN-2015', 'MONTH', 2015, 1, 1, '2015-01-01', '2015-01-31', 'JAN', NULL, 0, '2014-03-03 16:00:21', 0, '2014-03-03 16:00:21'),
(29, 'CORP_CALENDAR', NULL, 'FEB-2015', 'MONTH', 2002, 1, 2, '2015-02-01', '2015-02-27', 'FEB', NULL, 0, '2014-03-04 09:44:46', 4, '0000-00-00 00:00:00'),
(30, 'CORP_CALENDAR', NULL, 'MAR-2015', 'MONTH', 2002, 1, 3, '2015-03-01', '2015-03-31', 'MAR', NULL, 0, '2014-03-04 09:44:19', 34, '2014-12-18 07:39:43'),
(31, 'CORP_CALENDAR', NULL, 'APR-2015', 'MONTH', 2015, 2, 4, '2015-04-01', '2015-04-30', 'APR', NULL, 0, '2014-03-26 16:55:10', 0, '2014-03-26 16:55:10'),
(32, 'CORP_CALENDAR', NULL, 'MAY-2015', 'MONTH', 2002, 2, 5, '2015-05-01', '2015-05-31', 'MAY', NULL, 0, '2014-06-02 12:31:45', 34, '2014-12-18 07:39:43'),
(33, 'IND_CALEDNAR', NULL, 'MAR-2014', 'MONTH', 2014, 1, 1, '2014-01-01', '2014-01-31', 'MAR', NULL, 34, '2014-12-18 05:46:15', 34, '2014-12-18 05:46:15'),
(36, 'CORP_CALENDAR', NULL, 'DEC-2013', 'MONTH', 2013, 4, 12, '2013-12-01', '2013-12-31', 'DEC', NULL, 34, '2015-02-20 04:10:01', 1, '2016-08-19 07:59:27'),
(37, 'IND_CALEDNAR', NULL, 'MAY-2015', 'MONTH', 2015, 1, 1, '2013-08-01', '2013-08-31', 'MAY', NULL, 34, '2015-11-11 18:20:14', 34, '2015-11-11 18:20:14'),
(38, 'SPAIN_CALENDAR', NULL, 'JAN-2001', 'MONTH', 2001, 1, 1, '2005-11-01', '2015-11-26', 'JAN', NULL, 34, '2015-11-12 14:49:10', 34, '2015-11-12 14:49:10');

-- --------------------------------------------------------

--
-- Table structure for table `gl_currency_conversion`
--

CREATE TABLE `gl_currency_conversion` (
  `gl_currency_conversion_id` int(12) UNSIGNED NOT NULL,
  `currency_conversion_type` varchar(25) NOT NULL,
  `from_currency` varchar(5) NOT NULL,
  `to_currency` varchar(5) NOT NULL,
  `from_date` date NOT NULL,
  `to_date` date DEFAULT NULL,
  `rate` decimal(20,5) NOT NULL,
  `use_reverse_conversion` tinyint(1) DEFAULT NULL,
  `description` varchar(256) DEFAULT NULL,
  `created_by` int(12) NOT NULL,
  `creation_date` datetime DEFAULT NULL,
  `last_update_by` int(12) NOT NULL,
  `last_update_date` datetime DEFAULT NULL
) ENGINE=InnoDB DEFAULT CHARSET=latin1;

-- --------------------------------------------------------

--
-- Table structure for table `gl_journal_header`
--

CREATE TABLE `gl_journal_header` (
  `gl_journal_header_id` int(12) NOT NULL,
  `ledger_id` int(12) NOT NULL,
  `currency` varchar(25) NOT NULL,
  `document_date` date DEFAULT NULL,
  `period_id` int(12) DEFAULT NULL,
  `journal_source` varchar(30) DEFAULT NULL,
  `journal_category` varchar(30) DEFAULT NULL,
  `journal_name` varchar(64) DEFAULT NULL,
  `description` varchar(256) DEFAULT NULL,
  `balance_type` varchar(25) DEFAULT NULL,
  `post_date` date DEFAULT NULL,
  `header_amount` decimal(20,5) DEFAULT NULL,
  `doc_currency` varchar(10) DEFAULT NULL,
  `exchange_type` varchar(15) DEFAULT NULL,
  `exchange_date` date DEFAULT NULL,
  `exchange_rate` decimal(20,5) DEFAULT NULL,
  `control_total` date DEFAULT NULL,
  `running_total_dr` decimal(20,5) DEFAULT NULL,
  `running_total_cr` decimal(20,5) DEFAULT NULL,
  `running_toatl_ac_dr` decimal(20,5) DEFAULT NULL,
  `running_toatl_ac_cr` decimal(20,5) DEFAULT NULL,
  `reference_type` varchar(25) DEFAULT NULL,
  `reference_key_name` varchar(25) DEFAULT NULL,
  `reference_key_value` varchar(25) DEFAULT NULL,
  `status` varchar(25) NOT NULL DEFAULT 'ENTERED',
  `rev_enabled_cb` tinyint(1) DEFAULT NULL,
  `rev_number` int(12) DEFAULT NULL,
  `created_by` int(12) NOT NULL,
  `creation_date` datetime NOT NULL,
  `last_update_by` int(12) NOT NULL,
  `last_update_date` datetime NOT NULL
) ENGINE=InnoDB DEFAULT CHARSET=latin1;

-- --------------------------------------------------------

--
-- Table structure for table `gl_journal_interface`
--

CREATE TABLE `gl_journal_interface` (
  `gl_journal_interface_id` int(12) NOT NULL,
  `ledger_id` int(12) NOT NULL,
  `currency` varchar(25) NOT NULL,
  `document_date` date DEFAULT NULL,
  `period_id` int(12) NOT NULL,
  `journal_source` varchar(30) NOT NULL,
  `journal_category` varchar(30) NOT NULL,
  `journal_name` varchar(64) DEFAULT NULL,
  `description` varchar(256) DEFAULT NULL,
  `balance_type` varchar(25) NOT NULL,
  `post_date` date DEFAULT NULL,
  `header_amount` decimal(20,5) DEFAULT NULL,
  `doc_currency` varchar(10) NOT NULL,
  `exchange_type` varchar(15) NOT NULL,
  `exchange_date` date DEFAULT NULL,
  `exchange_rate` decimal(20,5) NOT NULL,
  `control_total` date DEFAULT NULL,
  `running_total_dr` decimal(20,5) DEFAULT NULL,
  `running_total_cr` decimal(20,5) DEFAULT NULL,
  `running_toatl_ac_dr` decimal(20,5) DEFAULT NULL,
  `running_toatl_ac_cr` decimal(20,5) DEFAULT NULL,
  `reference_type` varchar(25) DEFAULT NULL,
  `reference_key_name` varchar(25) DEFAULT NULL,
  `reference_key_value` varchar(25) DEFAULT NULL,
  `line_num` int(11) DEFAULT NULL,
  `line_status` varchar(2) NOT NULL,
  `line_type` varchar(25) DEFAULT NULL,
  `line_description` varchar(255) DEFAULT NULL,
  `code_combination_id` int(12) NOT NULL,
  `total_dr` decimal(20,5) DEFAULT NULL,
  `total_cr` decimal(20,5) DEFAULT NULL,
  `total_ac_dr` decimal(20,5) DEFAULT NULL,
  `total_ac_cr` decimal(20,5) DEFAULT NULL,
  `line_reference_type` varchar(25) DEFAULT NULL,
  `line_reference_key_name` varchar(50) DEFAULT NULL,
  `line_reference_key_value` varchar(25) DEFAULT NULL,
  `rev_enabled_cb` tinyint(1) DEFAULT NULL,
  `rev_number` int(12) DEFAULT NULL,
  `created_by` int(12) NOT NULL,
  `creation_date` datetime NOT NULL,
  `last_update_by` int(12) NOT NULL,
  `last_update_date` datetime NOT NULL,
  `gl_journal_header_id` int(12) DEFAULT NULL,
  `gl_journal_line_id` int(12) DEFAULT NULL
) ENGINE=InnoDB DEFAULT CHARSET=latin1;

-- --------------------------------------------------------

--
-- Table structure for table `gl_journal_line`
--

CREATE TABLE `gl_journal_line` (
  `gl_journal_line_id` int(12) NOT NULL,
  `gl_journal_header_id` int(12) NOT NULL,
  `line_num` int(12) NOT NULL,
  `status` enum('P','U') NOT NULL DEFAULT 'U',
  `line_type` varchar(25) DEFAULT NULL,
  `description` varchar(256) DEFAULT NULL,
  `code_combination_id` int(12) DEFAULT NULL,
  `total_dr` decimal(20,5) DEFAULT NULL,
  `total_cr` decimal(20,5) DEFAULT NULL,
  `total_ac_dr` decimal(20,5) DEFAULT NULL,
  `total_ac_cr` decimal(20,5) DEFAULT NULL,
  `reference_type` varchar(25) DEFAULT NULL,
  `reference_key_name` varchar(50) DEFAULT NULL,
  `reference_key_value` varchar(25) DEFAULT NULL,
  `ef_id` int(12) DEFAULT NULL,
  `created_by` int(12) NOT NULL,
  `creation_date` datetime NOT NULL,
  `last_update_by` int(12) NOT NULL,
  `last_update_date` datetime NOT NULL
) ENGINE=InnoDB DEFAULT CHARSET=latin1;

-- --------------------------------------------------------

--
-- Stand-in structure for view `gl_journal_line_v`
--
CREATE TABLE `gl_journal_line_v` (
`combination` varchar(256)
,`code_combination_id` int(12)
,`period_name` varchar(25)
,`total_cr` decimal(20,5)
,`total_dr` decimal(20,5)
,`total_ac_dr` decimal(20,5)
,`total_ac_cr` decimal(20,5)
,`coa_id` int(12)
,`ledger_id` int(12)
,`combination_description` varchar(200)
,`gl_journal_line_id` int(12)
,`status` enum('P','U')
,`gl_journal_header_id` int(12)
,`line_num` int(12)
,`line_type` varchar(25)
,`line_description` varchar(256)
,`reference_type` varchar(25)
,`reference_key_name` varchar(50)
,`reference_key_value` varchar(25)
,`coa_structure_id` int(12)
,`field1` varchar(12)
,`field2` varchar(12)
,`field3` varchar(12)
,`field4` varchar(12)
,`field5` varchar(12)
,`field6` varchar(12)
,`field7` varchar(12)
,`field8` varchar(12)
,`balance_type` varchar(25)
,`post_date` date
,`gl_period_id` int(12) unsigned
,`created_by` int(12)
,`creation_date` datetime
,`last_update_by` int(12)
,`last_update_date` datetime
,`reference_key_name_h` varchar(25)
,`reference_key_value_h` varchar(25)
);

-- --------------------------------------------------------

--
-- Table structure for table `gl_ledger`
--

CREATE TABLE `gl_ledger` (
  `gl_ledger_id` int(12) NOT NULL,
  `ledger` varchar(50) NOT NULL,
  `description` varchar(256) DEFAULT NULL,
  `coa_id` int(12) NOT NULL,
  `coa_structure_id` int(12) NOT NULL,
  `calendar_option_line_code` varchar(50) NOT NULL,
  `currency_code` varchar(20) NOT NULL,
  `future_enabled_periods` int(2) DEFAULT NULL,
  `currency_balancing_ac_id` int(12) DEFAULT NULL,
  `retained_earnings_ac_id` int(12) DEFAULT NULL,
  `suspense_ac_id` int(12) NOT NULL,
  `rev_enabled` tinyint(1) DEFAULT NULL,
  `rev_number` int(12) DEFAULT NULL,
  `created_by` int(12) NOT NULL,
  `creation_date` datetime DEFAULT NULL,
  `last_update_by` int(12) NOT NULL,
  `last_update_date` datetime NOT NULL
) ENGINE=InnoDB DEFAULT CHARSET=latin1;

--
-- Dumping data for table `gl_ledger`
--

INSERT INTO `gl_ledger` (`gl_ledger_id`, `ledger`, `description`, `coa_id`, `coa_structure_id`, `calendar_option_line_code`, `currency_code`, `future_enabled_periods`, `currency_balancing_ac_id`, `retained_earnings_ac_id`, `suspense_ac_id`, `rev_enabled`, `rev_number`, `created_by`, `creation_date`, `last_update_by`, `last_update_date`) VALUES
(1, 'US_CORP01 - Old Dont Use', 'USA Corp Ledger', 1, 82, 'CORP_CALENDAR', 'USD', 10, NULL, NULL, 0, NULL, 10, 0, '2014-02-25 12:07:01', 34, '2015-01-25 14:40:18'),
(13, 'US_CORP - Old Dont Use', 'USA Corp Ledger1', 1, 82, 'CORP_CALENDAR', 'USD', 11, NULL, NULL, 0, NULL, 10, 0, '2014-02-18 07:33:48', 34, '2015-03-04 08:41:56'),
(19, 'US_CORP02', 'USA Corp Ledger', 1, 82, 'CORP_CALENDAR', 'USD', 3, 501, 501, 501, NULL, 3, 0, '2014-03-03 08:44:23', 34, '2015-03-05 04:24:03'),
(20, 'SPG_LEDGER', 'Singapore Ledger', 1, 82, 'CORP_CALENDAR', 'SGD', 3, NULL, NULL, 0, NULL, 4, 0, '2014-08-02 15:07:12', 34, '2015-03-04 08:40:27');

-- --------------------------------------------------------

--
-- Table structure for table `gl_ledger_balancing_values`
--

CREATE TABLE `gl_ledger_balancing_values` (
  `gl_ledger_balancing_values_id` int(12) NOT NULL,
  `gl_ledger_id` int(12) NOT NULL,
  `balancing_values` varchar(50) NOT NULL,
  `created_by` int(12) NOT NULL,
  `creation_date` datetime DEFAULT NULL,
  `last_update_by` int(12) NOT NULL,
  `last_update_date` datetime NOT NULL
) ENGINE=InnoDB DEFAULT CHARSET=latin1;

-- --------------------------------------------------------

--
-- Table structure for table `gl_period`
--

CREATE TABLE `gl_period` (
  `gl_period_id` int(12) UNSIGNED NOT NULL,
  `gl_calendar_id` int(12) NOT NULL,
  `ledger_id` int(12) NOT NULL,
  `period_name` varchar(25) NOT NULL,
  `status` varchar(25) NOT NULL,
  `created_by` int(12) NOT NULL,
  `creation_date` datetime DEFAULT NULL,
  `last_update_by` int(12) NOT NULL,
  `last_update_date` datetime DEFAULT NULL
) ENGINE=InnoDB DEFAULT CHARSET=latin1;

--
-- Dumping data for table `gl_period`
--

INSERT INTO `gl_period` (`gl_period_id`, `gl_calendar_id`, `ledger_id`, `period_name`, `status`, `created_by`, `creation_date`, `last_update_by`, `last_update_date`) VALUES
(1, 2, 12, '', 'OPEN', 0, '2014-03-01 09:38:07', 1, '0000-00-00 00:00:00'),
(2, 5, 12, '', 'OPEN', 0, '2014-03-01 03:25:07', 0, '2014-03-01 03:25:07'),
(3, 4, 12, '', 'OPEN', 0, '2014-03-01 08:40:57', 0, '2014-03-01 08:40:57'),
(4, 6, 12, '', 'OPEN', 0, '2014-03-01 09:38:44', 0, '2014-03-01 09:38:44'),
(5, 2, 1, 'JAN-2014', 'OPEN', 0, '2014-03-03 08:47:56', 3, '0000-00-00 00:00:00'),
(6, 5, 1, 'FEB-2014', 'OPEN', 0, '2014-03-01 11:34:47', 34, '2015-01-19 02:50:05'),
(7, 4, 1, 'MAR-2014', 'OPEN', 0, '2014-03-01 11:35:05', 34, '2015-03-06 17:26:42'),
(8, 2, 13, '', 'OPEN', 0, '2014-03-01 11:49:37', 0, '2014-03-01 11:49:37'),
(9, 2, 19, 'JAN-2014', 'CLOSED', 0, '2014-03-05 10:10:51', 0, '2005-03-14 10:10:51'),
(10, 5, 19, 'FEB-2014', 'CLOSED', 0, '2014-03-05 10:20:24', 0, '2005-03-14 10:20:24'),
(11, 4, 19, 'MAR-2014', 'OPEN', 0, '2014-03-05 16:33:06', 1, '2016-08-19 08:00:06'),
(12, 6, 19, 'APR-2014', 'OPEN', 0, '2014-03-03 09:20:16', 0, '2014-03-03 09:20:16'),
(13, 7, 19, 'MAY-2014', 'OPEN', 0, '2014-03-03 09:20:33', 0, '2014-03-03 09:20:33'),
(14, 5, 13, 'FEB-2014', 'OPEN', 0, '2014-03-05 11:05:35', 0, '2014-03-05 11:05:35'),
(15, 4, 13, 'MAR-2014', 'OPEN', 0, '2014-03-05 11:06:49', 0, '2014-03-05 11:06:49'),
(16, 2, 18, 'JAN-2014', 'CLOSED', 0, '2014-03-16 11:17:09', 0, '2016-03-14 11:17:09'),
(17, 5, 18, 'FEB-2014', 'OPEN', 0, '2014-03-16 11:14:35', 0, '2014-03-16 11:14:35'),
(18, 4, 18, 'MAR-2014', 'OPEN', 0, '2014-03-16 11:14:58', 0, '2014-03-16 11:14:58'),
(19, 8, 19, 'JUN-2014', 'OPEN', 0, '2014-06-30 09:07:08', 0, '2014-06-30 09:07:08'),
(20, 2, 20, 'JAN-2014', 'OPEN', 0, '2014-08-02 16:24:48', 34, '2014-12-23 05:43:05'),
(24, 5, 20, 'FEB-2014', 'OPEN', 34, '2014-12-23 05:42:01', 34, '2014-12-23 05:42:01'),
(25, 4, 20, 'MAR-2014', 'OPEN', 34, '2014-12-23 05:43:15', 34, '2014-12-23 05:43:15'),
(26, 10, 19, 'JUL-2014', 'OPEN', 34, '2015-07-14 01:32:13', 34, '2015-07-14 01:32:13'),
(27, 9, 19, 'AUG-2014', 'OPEN', 34, '2015-07-14 01:34:13', 34, '2015-07-14 01:34:13'),
(28, 11, 19, 'SEP-2014', 'OPEN', 34, '2015-07-14 01:37:36', 34, '2015-07-14 01:37:36'),
(29, 14, 19, 'OCT-2014', 'OPEN', 34, '2015-07-14 01:41:04', 34, '2015-07-14 01:41:04'),
(30, 12, 19, 'NOV-2014', 'OPEN', 34, '2015-07-14 01:42:16', 1, '2016-08-19 08:00:05'),
(31, 13, 19, 'DEC-2014', 'OPEN', 1, '2016-06-22 10:22:53', 1, '2016-06-22 10:22:53');

-- --------------------------------------------------------

--
-- Stand-in structure for view `gl_unposted_balance_v`
--
CREATE TABLE `gl_unposted_balance_v` (
`combination` varchar(256)
,`code_combination_id` int(12)
,`period_name` varchar(25)
,`coa_id` int(12)
,`total_cr` decimal(42,5)
,`total_dr` decimal(42,5)
,`total_ac_dr` decimal(42,5)
,`total_ac_cr` decimal(42,5)
,`ledger_id` int(12)
,`description` varchar(200)
,`gl_journal_line_id` int(12)
,`gl_journal_header_id` int(12)
,`line_num` int(12)
,`line_type` varchar(25)
,`line_description` varchar(256)
,`reference_type` varchar(25)
,`reference_key_name` varchar(50)
,`reference_key_value` varchar(25)
,`coa_structure_id` int(12)
,`field1` varchar(12)
,`field2` varchar(12)
,`field3` varchar(12)
,`field4` varchar(12)
,`field5` varchar(12)
,`field6` varchar(12)
,`field7` varchar(12)
,`field8` varchar(12)
,`balance_type` varchar(25)
,`post_date` date
,`gl_period_id` int(12) unsigned
);

-- --------------------------------------------------------

--
-- Stand-in structure for view `gl_unposted_journal_lines_v`
--
CREATE TABLE `gl_unposted_journal_lines_v` (
`combination` varchar(256)
,`code_combination_id` int(12)
,`period_name` varchar(25)
,`coa_id` int(12)
,`sum_total_cr` decimal(42,5)
,`sum_total_dr` decimal(42,5)
,`sum_total_ac_dr` decimal(42,5)
,`sum_total_ac_cr` decimal(42,5)
,`ledger_id` int(12)
,`combination_description` varchar(200)
,`gl_journal_line_id` int(12)
,`status` enum('P','U')
,`gl_journal_header_id` int(12)
,`line_num` int(12)
,`line_type` varchar(25)
,`line_description` varchar(256)
,`reference_type` varchar(25)
,`reference_key_name` varchar(50)
,`reference_key_value` varchar(25)
,`coa_structure_id` int(12)
,`field1` varchar(12)
,`field2` varchar(12)
,`field3` varchar(12)
,`field4` varchar(12)
,`field5` varchar(12)
,`field6` varchar(12)
,`field7` varchar(12)
,`field8` varchar(12)
,`balance_type` varchar(25)
,`post_date` date
,`gl_period_id` int(12) unsigned
,`created_by` int(12)
,`creation_date` datetime
,`last_update_by` int(12)
,`last_update_date` datetime
,`reference_key_name_h` varchar(25)
,`reference_key_value_h` varchar(25)
);

-- --------------------------------------------------------

--
-- Table structure for table `hd_change_request`
--

CREATE TABLE `hd_change_request` (
  `hd_change_request_id` int(12) UNSIGNED NOT NULL,
  `request_number` varchar(25) DEFAULT NULL,
  `requester_user_id` int(12) DEFAULT NULL,
  `requester_username` varchar(25) DEFAULT NULL,
  `requester_email` varchar(25) DEFAULT NULL,
  `requester_phone` varchar(255) DEFAULT NULL,
  `impact` varchar(25) DEFAULT NULL,
  `urgency` varchar(25) DEFAULT NULL,
  `priority` int(3) DEFAULT NULL,
  `reason` varchar(25) DEFAULT NULL,
  `requested_by_date` date DEFAULT NULL,
  `subject` varchar(255) NOT NULL,
  `status` varchar(25) DEFAULT NULL,
  `request_type` varchar(25) DEFAULT NULL,
  `request_category` varchar(25) DEFAULT NULL,
  `assignment_group` varchar(25) DEFAULT NULL,
  `assigned_to_user_id` int(12) DEFAULT NULL,
  `description` text NOT NULL,
  `chane_details` text,
  `hd_support_request_id` int(12) DEFAULT NULL,
  `planned_start_date` date DEFAULT NULL,
  `planned_end_date` date DEFAULT NULL,
  `work_start_date` date DEFAULT NULL,
  `work_end_date` date DEFAULT NULL,
  `technical_approver` int(12) DEFAULT NULL,
  `functional_approver` int(12) DEFAULT NULL,
  `dba_approver` int(12) DEFAULT NULL,
  `work_completed_by` date DEFAULT NULL,
  `change_plan` text,
  `rollback_plan` text,
  `communication_plan` text,
  `test_paln` text,
  `test_results` text,
  `created_by` int(12) NOT NULL,
  `creation_date` datetime NOT NULL,
  `last_update_by` int(12) NOT NULL,
  `last_update_date` datetime NOT NULL
) ENGINE=InnoDB DEFAULT CHARSET=latin1;

-- --------------------------------------------------------

--
-- Table structure for table `hd_repair_type_line`
--

CREATE TABLE `hd_repair_type_line` (
  `hd_service_activity_line_id` int(12) NOT NULL,
  `hd_service_activity_header_id` int(12) NOT NULL,
  `bu_org_id` int(12) NOT NULL,
  `header_type_id` int(12) DEFAULT NULL,
  `line_type_id` int(12) DEFAULT NULL,
  `description` varchar(255) DEFAULT NULL,
  `created_by` int(12) NOT NULL,
  `creation_date` datetime NOT NULL,
  `last_update_by` int(12) NOT NULL,
  `last_update_date` datetime NOT NULL
) ENGINE=InnoDB DEFAULT CHARSET=latin1;

-- --------------------------------------------------------

--
-- Table structure for table `hd_sbp_header`
--

CREATE TABLE `hd_sbp_header` (
  `hd_sbp_header_id` int(6) NOT NULL,
  `business_process` varchar(25) NOT NULL,
  `description` varchar(255) DEFAULT NULL,
  `service_order_cb` tinyint(1) DEFAULT NULL,
  `service_request_cb` tinyint(1) DEFAULT NULL,
  `service_contract_cb` tinyint(1) DEFAULT NULL,
  `created_by` int(12) NOT NULL,
  `creation_date` datetime DEFAULT NULL,
  `last_update_by` int(12) NOT NULL,
  `last_update_date` datetime DEFAULT NULL
) ENGINE=InnoDB DEFAULT CHARSET=latin1;

-- --------------------------------------------------------

--
-- Table structure for table `hd_sbp_line`
--

CREATE TABLE `hd_sbp_line` (
  `hd_sbp_line_id` int(12) NOT NULL,
  `hd_sbp_header_id` int(12) NOT NULL,
  `hd_service_activity_header_id` int(12) NOT NULL,
  `start_date` date DEFAULT NULL,
  `end_date` date DEFAULT NULL,
  `description` varchar(255) DEFAULT NULL,
  `created_by` int(12) NOT NULL,
  `creation_date` datetime DEFAULT NULL,
  `last_update_by` int(12) NOT NULL,
  `last_update_date` datetime DEFAULT NULL
) ENGINE=InnoDB DEFAULT CHARSET=latin1;

-- --------------------------------------------------------

--
-- Table structure for table `hd_service_activity_header`
--

CREATE TABLE `hd_service_activity_header` (
  `hd_service_activity_header_id` int(12) NOT NULL,
  `activity_name` varchar(50) NOT NULL,
  `activity_description` varchar(256) DEFAULT NULL,
  `line_category` varchar(25) DEFAULT NULL,
  `start_date` date DEFAULT NULL,
  `end_date` date DEFAULT NULL,
  `allow_quantity_update_cb` tinyint(1) DEFAULT NULL,
  `create_charge_cb` tinyint(1) DEFAULT NULL,
  `create_cost_cb` tinyint(1) DEFAULT NULL,
  `zero_charge_cb` tinyint(1) DEFAULT NULL,
  `expense_cb` tinyint(1) DEFAULT NULL,
  `labor_cb` tinyint(1) DEFAULT NULL,
  `material_cb` tinyint(1) DEFAULT NULL,
  `created_by` int(12) NOT NULL,
  `creation_date` datetime NOT NULL,
  `last_update_by` int(12) NOT NULL,
  `last_update_date` datetime NOT NULL
) ENGINE=InnoDB DEFAULT CHARSET=latin1;

-- --------------------------------------------------------

--
-- Table structure for table `hd_service_activity_line`
--

CREATE TABLE `hd_service_activity_line` (
  `hd_service_activity_line_id` int(12) NOT NULL,
  `hd_service_activity_header_id` int(12) NOT NULL,
  `bu_org_id` int(12) NOT NULL,
  `header_type_id` int(12) DEFAULT NULL,
  `line_type_id` int(12) DEFAULT NULL,
  `description` varchar(255) DEFAULT NULL,
  `created_by` int(12) NOT NULL,
  `creation_date` datetime NOT NULL,
  `last_update_by` int(12) NOT NULL,
  `last_update_date` datetime NOT NULL
) ENGINE=InnoDB DEFAULT CHARSET=latin1;

-- --------------------------------------------------------

--
-- Table structure for table `hd_service_contract_detail`
--

CREATE TABLE `hd_service_contract_detail` (
  `hd_service_contract_detail_id` int(12) NOT NULL,
  `hd_service_contract_line_id` int(12) NOT NULL,
  `item_id_m` int(12) DEFAULT NULL,
  `inv_serial_number_id` int(12) DEFAULT NULL,
  `detail_number` int(12) NOT NULL,
  `ar_customer_id` int(25) DEFAULT NULL,
  `unit_price` decimal(20,5) DEFAULT NULL,
  `level` varchar(25) DEFAULT NULL,
  `line_ref` varchar(100) DEFAULT NULL,
  `renewal_type` varchar(25) DEFAULT NULL,
  `status` varchar(50) DEFAULT NULL,
  `reference_type` varchar(25) DEFAULT NULL,
  `reference_key_name` varchar(25) DEFAULT NULL,
  `reference_key_value` varchar(25) DEFAULT NULL,
  `description` varchar(255) DEFAULT NULL,
  `quantity` decimal(15,5) DEFAULT NULL,
  `uom_id` int(12) DEFAULT NULL,
  `line_amount` decimal(15,5) DEFAULT NULL,
  `start_date` date DEFAULT NULL,
  `end_date` date NOT NULL,
  `duration_uom_id` int(12) DEFAULT NULL,
  `duration` decimal(15,5) DEFAULT NULL,
  `tax_amount` decimal(15,5) DEFAULT NULL,
  `created_by` int(12) NOT NULL,
  `creation_date` datetime DEFAULT NULL,
  `last_update_by` int(12) NOT NULL,
  `last_update_date` datetime DEFAULT NULL
) ENGINE=InnoDB DEFAULT CHARSET=latin1;

-- --------------------------------------------------------

--
-- Table structure for table `hd_service_contract_header`
--

CREATE TABLE `hd_service_contract_header` (
  `hd_service_contract_header_id` int(12) NOT NULL,
  `bu_org_id` int(12) NOT NULL,
  `category` varchar(25) NOT NULL,
  `contract_number` varchar(15) DEFAULT NULL,
  `version` varchar(5) DEFAULT NULL,
  `start_date` date NOT NULL,
  `end_date` date NOT NULL,
  `duration_uom_id` int(12) DEFAULT NULL,
  `duration` decimal(10,5) DEFAULT NULL,
  `ar_customer_id` int(12) NOT NULL,
  `ar_customer_site_id` int(12) NOT NULL,
  `document_owner` varchar(256) DEFAULT NULL,
  `description` varchar(256) DEFAULT NULL,
  `ship_to_id` int(12) DEFAULT NULL,
  `bill_to_id` int(12) DEFAULT NULL,
  `header_amount` decimal(20,5) DEFAULT NULL,
  `tax_amount` decimal(20,5) DEFAULT NULL,
  `receipt_amount` decimal(20,5) DEFAULT NULL,
  `currency` varchar(256) NOT NULL,
  `doc_currency` varchar(25) DEFAULT NULL,
  `payment_term_id` int(12) NOT NULL,
  `exchange_rate_type` varchar(50) DEFAULT NULL,
  `exchange_rate` decimal(20,5) DEFAULT NULL,
  `negotiation_status` varchar(25) DEFAULT NULL,
  `status` varchar(25) DEFAULT NULL,
  `document_date` date DEFAULT NULL,
  `document_number` varchar(50) DEFAULT NULL,
  `ledger_id` int(12) DEFAULT NULL,
  `period_id` int(12) DEFAULT NULL,
  `payment_term_date` date DEFAULT NULL,
  `ar_transaction_type_id` int(12) DEFAULT NULL,
  `billing_cb` tinyint(1) DEFAULT NULL,
  `invoicing_rule` varchar(25) DEFAULT NULL,
  `accounting_rule` varchar(25) DEFAULT NULL,
  `renewal_process` varchar(25) DEFAULT NULL,
  `renew_upto_date` date DEFAULT NULL,
  `rewnew_pricing_method` varchar(25) DEFAULT NULL,
  `rewnew_price_list_id` int(12) DEFAULT NULL,
  `reference_type` varchar(25) DEFAULT NULL,
  `reference_key_name` varchar(25) DEFAULT NULL,
  `reference_key_value` varchar(25) DEFAULT NULL,
  `approval_status` varchar(20) DEFAULT NULL,
  `sales_person_employee_id` int(12) DEFAULT NULL,
  `created_by` int(12) NOT NULL,
  `creation_date` datetime DEFAULT NULL,
  `last_update_by` int(12) NOT NULL,
  `last_update_date` datetime DEFAULT NULL
) ENGINE=InnoDB DEFAULT CHARSET=latin1;

-- --------------------------------------------------------

--
-- Table structure for table `hd_service_contract_line`
--

CREATE TABLE `hd_service_contract_line` (
  `hd_service_contract_line_id` int(12) NOT NULL,
  `hd_service_contract_header_id` int(12) NOT NULL,
  `line_number` int(12) NOT NULL,
  `item_id_m` int(12) DEFAULT NULL,
  `item_description` varchar(256) NOT NULL,
  `line_type` varchar(25) DEFAULT NULL,
  `unit_price` decimal(15,5) DEFAULT NULL,
  `line_price` decimal(15,5) DEFAULT NULL,
  `tax_code_id` int(12) DEFAULT NULL,
  `tax_amount` decimal(20,5) DEFAULT NULL,
  `line_quantity` decimal(15,5) DEFAULT NULL,
  `gl_tax_amount` decimal(15,5) DEFAULT NULL,
  `start_date` date NOT NULL,
  `line_description` varchar(256) DEFAULT NULL,
  `end_date` decimal(10,0) DEFAULT NULL,
  `duration_uom_id` int(12) DEFAULT NULL,
  `duration` decimal(10,5) DEFAULT NULL,
  `renewal_type` int(12) DEFAULT NULL,
  `uom_id` int(12) DEFAULT NULL,
  `status` varchar(50) DEFAULT NULL,
  `line_source` varchar(25) DEFAULT NULL,
  `reference_type` varchar(25) DEFAULT NULL,
  `reference_key_name` varchar(25) DEFAULT NULL,
  `reference_key_value` varchar(25) DEFAULT NULL,
  `counter_instance_id` int(12) DEFAULT NULL,
  `event_id` int(12) DEFAULT NULL,
  `termination_date` decimal(10,0) DEFAULT NULL,
  `period_id` int(12) DEFAULT NULL,
  `created_by` int(12) NOT NULL,
  `creation_date` datetime DEFAULT NULL,
  `last_update_by` int(12) NOT NULL,
  `last_update_date` datetime DEFAULT NULL
) ENGINE=InnoDB DEFAULT CHARSET=latin1;

-- --------------------------------------------------------

--
-- Table structure for table `hd_service_contract_schedule`
--

CREATE TABLE `hd_service_contract_schedule` (
  `hd_service_contract_schedule_id` int(12) NOT NULL,
  `hd_service_contract_line_id` int(12) DEFAULT NULL,
  `hd_service_contract_detail_id` int(12) DEFAULT NULL,
  `hd_service_contract_header_id` int(12) NOT NULL,
  `line_num` int(5) DEFAULT NULL,
  `amount` decimal(20,5) DEFAULT NULL,
  `gl_amount` decimal(15,5) DEFAULT NULL,
  `invoice_date` date DEFAULT NULL,
  `from_date` date DEFAULT NULL,
  `to_date` date DEFAULT NULL,
  `interface_date` date DEFAULT NULL,
  `description` varchar(255) DEFAULT NULL,
  `created_by` int(12) NOT NULL,
  `creation_date` datetime DEFAULT NULL,
  `last_update_by` int(12) NOT NULL,
  `last_update_date` datetime DEFAULT NULL
) ENGINE=InnoDB DEFAULT CHARSET=latin1;

-- --------------------------------------------------------

--
-- Table structure for table `hd_service_request`
--

CREATE TABLE `hd_service_request` (
  `hd_service_request_id` int(12) UNSIGNED NOT NULL,
  `service_request_number` varchar(25) DEFAULT NULL,
  `ar_customer_id` int(12) NOT NULL,
  `ar_customer_site_id` int(12) DEFAULT NULL,
  `inv_serial_number_id` int(12) DEFAULT NULL,
  `item_id_m` int(12) DEFAULT NULL,
  `urgency` varchar(25) DEFAULT NULL,
  `priority` int(3) DEFAULT NULL,
  `reason` varchar(25) DEFAULT NULL,
  `escalation` varchar(25) DEFAULT NULL,
  `problem_summary` varchar(255) NOT NULL,
  `status` varchar(25) DEFAULT NULL,
  `request_type` varchar(25) NOT NULL,
  `request_category` varchar(25) DEFAULT NULL,
  `assignment_group` varchar(25) DEFAULT NULL,
  `assigned_to_user_id` int(12) DEFAULT NULL,
  `problem_details` text NOT NULL,
  `resolution_details` text,
  `hd_change_request_id` int(12) DEFAULT NULL,
  `close_code` varchar(25) DEFAULT NULL,
  `closed_by_user_id` int(12) DEFAULT NULL,
  `closed_date` date DEFAULT NULL,
  `created_by` int(12) NOT NULL,
  `creation_date` datetime NOT NULL,
  `last_update_by` int(12) NOT NULL,
  `last_update_date` datetime NOT NULL
) ENGINE=InnoDB DEFAULT CHARSET=latin1;

-- --------------------------------------------------------

--
-- Table structure for table `hd_service_type_header`
--

CREATE TABLE `hd_service_type_header` (
  `hd_service_type_header_id` int(12) NOT NULL,
  `service_type` varchar(50) NOT NULL,
  `description` varchar(255) DEFAULT NULL,
  `active_cb` tinyint(1) DEFAULT NULL,
  `repair_mode` varchar(25) DEFAULT NULL,
  `primary_service_type` varchar(25) DEFAULT NULL,
  `pre_repair_activity_rma` int(12) DEFAULT NULL,
  `pre_repair_activity_so` int(12) DEFAULT NULL,
  `post_repair_activity_rma` int(12) DEFAULT NULL,
  `post_repair_activity_so` int(12) DEFAULT NULL,
  `auto_create_so_rma_cb` tinyint(1) DEFAULT NULL,
  `prices_list_id` int(12) DEFAULT NULL,
  `created_by` int(12) NOT NULL,
  `creation_date` datetime NOT NULL,
  `last_update_by` int(12) NOT NULL,
  `last_update_date` datetime NOT NULL
) ENGINE=InnoDB DEFAULT CHARSET=latin1;

--
-- Dumping data for table `hd_service_type_header`
--

INSERT INTO `hd_service_type_header` (`hd_service_type_header_id`, `service_type`, `description`, `active_cb`, `repair_mode`, `primary_service_type`, `pre_repair_activity_rma`, `pre_repair_activity_so`, `post_repair_activity_rma`, `post_repair_activity_so`, `auto_create_so_rma_cb`, `prices_list_id`, `created_by`, `creation_date`, `last_update_by`, `last_update_date`) VALUES
(1, 'Advance Exchange 01', 'Advance Exchange', NULL, NULL, 'ADVANCE_EXCHANGE', NULL, 1, 5, NULL, NULL, 1, 34, '2015-05-31 19:46:21', 34, '2015-06-04 14:48:17');

-- --------------------------------------------------------

--
-- Table structure for table `hd_service_type_line`
--

CREATE TABLE `hd_service_type_line` (
  `hd_service_type_line_id` int(12) NOT NULL,
  `hd_service_type_header_id` int(12) NOT NULL,
  `billing_type` varchar(25) NOT NULL,
  `service_activity_id` int(12) DEFAULT NULL,
  `description` varchar(255) DEFAULT NULL,
  `created_by` int(12) NOT NULL,
  `creation_date` datetime NOT NULL,
  `last_update_by` int(12) NOT NULL,
  `last_update_date` datetime NOT NULL
) ENGINE=InnoDB DEFAULT CHARSET=latin1;

--
-- Dumping data for table `hd_service_type_line`
--

INSERT INTO `hd_service_type_line` (`hd_service_type_line_id`, `hd_service_type_header_id`, `billing_type`, `service_activity_id`, `description`, `created_by`, `creation_date`, `last_update_by`, `last_update_date`) VALUES
(1, 1, 'MATERIAL', 1, NULL, 34, '2015-05-31 20:12:10', 34, '2015-05-31 20:12:10');

-- --------------------------------------------------------

--
-- Table structure for table `hd_subscription_detail`
--

CREATE TABLE `hd_subscription_detail` (
  `hd_subscription_detail_id` int(12) NOT NULL,
  `hd_subscription_header_id` int(12) NOT NULL,
  `hd_subscription_line_id` int(12) NOT NULL,
  `member_name` varchar(100) DEFAULT NULL,
  `member_dob` date DEFAULT NULL,
  `vehcile_no` varchar(100) DEFAULT NULL,
  `vehcile_registration` varchar(100) DEFAULT NULL,
  `road_tax_expiry_date` date DEFAULT NULL,
  `vehcile_details` varchar(255) DEFAULT NULL,
  `description` varchar(255) DEFAULT NULL,
  `line_type` varchar(25) DEFAULT NULL,
  `created_by` int(12) NOT NULL,
  `creation_date` datetime NOT NULL,
  `last_update_by` int(12) NOT NULL,
  `last_update_date` datetime NOT NULL
) ENGINE=InnoDB DEFAULT CHARSET=latin1;

-- --------------------------------------------------------

--
-- Table structure for table `hd_subscription_header`
--

CREATE TABLE `hd_subscription_header` (
  `hd_subscription_header_id` int(12) NOT NULL,
  `org_id` int(12) DEFAULT NULL,
  `document_type` int(12) NOT NULL,
  `subscription_type` varchar(25) NOT NULL,
  `number` varchar(50) DEFAULT NULL,
  `ar_customer_id` int(12) DEFAULT NULL,
  `ar_customer_site_id` int(12) DEFAULT NULL,
  `hr_employee_id` int(12) DEFAULT NULL,
  `description` varchar(256) DEFAULT NULL,
  `ship_to_address_id` int(12) DEFAULT NULL,
  `bill_to_address_id` int(12) DEFAULT NULL,
  `first_name` varchar(25) DEFAULT NULL,
  `last_name` varchar(25) DEFAULT NULL,
  `full_name` varchar(25) DEFAULT NULL,
  `passport_number` varchar(50) DEFAULT NULL,
  `dob` date DEFAULT NULL,
  `gender` varchar(25) DEFAULT NULL,
  `marital_status` varchar(25) DEFAULT NULL,
  `occupation` varchar(255) DEFAULT NULL,
  `nationality` varchar(50) DEFAULT NULL,
  `address_line1` varchar(255) DEFAULT NULL,
  `address_line2` varchar(255) DEFAULT NULL,
  `postal_code` varchar(20) DEFAULT NULL,
  `state` varchar(50) DEFAULT NULL,
  `house_phone` varchar(20) DEFAULT NULL,
  `office_phone` varchar(20) DEFAULT NULL,
  `mobile_phone1` varchar(20) DEFAULT NULL,
  `mobile_phone2` varchar(20) DEFAULT NULL,
  `fax_no` varchar(25) DEFAULT NULL,
  `email` varchar(50) DEFAULT NULL,
  `reference_type` varchar(25) DEFAULT NULL,
  `reference_key_name` varchar(25) DEFAULT NULL,
  `reference_key_value` int(12) DEFAULT NULL,
  `status` varchar(25) DEFAULT NULL,
  `created_by` int(12) NOT NULL,
  `creation_date` datetime NOT NULL,
  `last_update_by` int(12) NOT NULL,
  `last_update_date` datetime NOT NULL,
  `header_amount` decimal(15,5) DEFAULT NULL,
  `tax_amount` decimal(15,5) DEFAULT NULL
) ENGINE=InnoDB DEFAULT CHARSET=latin1;

-- --------------------------------------------------------

--
-- Table structure for table `hd_subscription_line`
--

CREATE TABLE `hd_subscription_line` (
  `hd_subscription_line_id` int(12) NOT NULL,
  `hd_subscription_header_id` int(12) NOT NULL,
  `line_number` int(12) NOT NULL,
  `shipping_org_id` int(12) DEFAULT NULL,
  `item_id_m` int(12) DEFAULT NULL,
  `item_description` varchar(256) NOT NULL,
  `line_quantity` decimal(20,5) DEFAULT NULL,
  `invoiced_quantity` decimal(20,5) DEFAULT NULL,
  `price_list_header_id` int(12) DEFAULT NULL,
  `price_date` date DEFAULT NULL,
  `unit_price` decimal(20,5) DEFAULT NULL,
  `line_price` decimal(20,5) DEFAULT NULL,
  `tax_amount` decimal(20,5) DEFAULT NULL,
  `gl_line_price` decimal(15,5) DEFAULT NULL,
  `gl_tax_amount` decimal(15,5) DEFAULT NULL,
  `tax_code_id` int(12) DEFAULT NULL,
  `line_status` varchar(25) DEFAULT NULL,
  `line_type` varchar(25) NOT NULL,
  `uom_id` int(12) DEFAULT NULL,
  `created_by` int(12) NOT NULL,
  `creation_date` datetime NOT NULL,
  `last_update_by` int(12) NOT NULL,
  `last_update_date` datetime NOT NULL
) ENGINE=InnoDB DEFAULT CHARSET=latin1;

-- --------------------------------------------------------

--
-- Table structure for table `hd_support_request`
--

CREATE TABLE `hd_support_request` (
  `hd_support_request_id` int(12) UNSIGNED NOT NULL,
  `support_number` varchar(25) DEFAULT NULL,
  `requester_user_id` int(12) DEFAULT NULL,
  `requester_username` varchar(25) DEFAULT NULL,
  `requester_email` varchar(25) DEFAULT NULL,
  `requester_phone` varchar(255) DEFAULT NULL,
  `impact` varchar(25) DEFAULT NULL,
  `urgency` varchar(25) DEFAULT NULL,
  `priority` int(3) DEFAULT NULL,
  `reason` varchar(25) DEFAULT NULL,
  `escalation` varchar(25) DEFAULT NULL,
  `subject` varchar(255) NOT NULL,
  `status` varchar(25) DEFAULT NULL,
  `request_type` varchar(25) DEFAULT NULL,
  `request_category` varchar(25) DEFAULT NULL,
  `assignment_group` varchar(25) DEFAULT NULL,
  `assigned_to_user_id` int(12) DEFAULT NULL,
  `description` text NOT NULL,
  `resolution_details` text,
  `hd_change_request_id` int(12) DEFAULT NULL,
  `close_code` varchar(25) DEFAULT NULL,
  `closed_by_user_id` int(12) DEFAULT NULL,
  `closed_date` date DEFAULT NULL,
  `created_by` int(12) NOT NULL,
  `creation_date` datetime NOT NULL,
  `last_update_by` int(12) NOT NULL,
  `last_update_date` datetime NOT NULL
) ENGINE=InnoDB DEFAULT CHARSET=latin1;

-- --------------------------------------------------------

--
-- Table structure for table `hd_svo_actuals`
--

CREATE TABLE `hd_svo_actuals` (
  `hd_svo_actuals_id` int(12) NOT NULL,
  `hd_svo_header_id` int(12) NOT NULL,
  `item_id_m` int(12) NOT NULL,
  `source` varchar(25) DEFAULT NULL,
  `billing_type` varchar(25) NOT NULL,
  `hd_svo_estimates_id` varchar(15) DEFAULT NULL,
  `wip_wo_header_id` int(12) DEFAULT NULL,
  `quantity` decimal(15,5) DEFAULT NULL,
  `uom_id` int(12) DEFAULT NULL,
  `unit_price` decimal(20,5) DEFAULT NULL,
  `line_price` decimal(20,5) DEFAULT NULL,
  `line_status` varchar(25) NOT NULL,
  `sd_so_header_id` int(12) DEFAULT NULL,
  `sd_so_line_id` int(12) DEFAULT NULL,
  `created_by` int(12) NOT NULL,
  `creation_date` datetime NOT NULL,
  `last_update_by` int(12) NOT NULL,
  `last_update_date` datetime NOT NULL
) ENGINE=InnoDB DEFAULT CHARSET=latin1;

-- --------------------------------------------------------

--
-- Table structure for table `hd_svo_estimates`
--

CREATE TABLE `hd_svo_estimates` (
  `hd_svo_estimates_id` int(12) NOT NULL,
  `hd_svo_header_id` int(12) NOT NULL,
  `item_id_m` int(12) NOT NULL,
  `billing_source` varchar(25) DEFAULT NULL,
  `billing_type` varchar(15) DEFAULT NULL,
  `price_list_header_id` int(12) DEFAULT NULL,
  `quantity` decimal(15,5) DEFAULT NULL,
  `uom_id` int(12) DEFAULT NULL,
  `action_type_id` int(12) DEFAULT NULL,
  `price_date` date DEFAULT NULL,
  `unit_price` decimal(20,5) DEFAULT NULL,
  `line_price` decimal(20,5) DEFAULT NULL,
  `line_status` varchar(25) NOT NULL,
  `sd_so_line_id` int(12) DEFAULT NULL,
  `created_by` int(12) NOT NULL,
  `creation_date` datetime NOT NULL,
  `last_update_by` int(12) NOT NULL,
  `last_update_date` datetime NOT NULL
) ENGINE=InnoDB DEFAULT CHARSET=latin1;

-- --------------------------------------------------------

--
-- Table structure for table `hd_svo_header`
--

CREATE TABLE `hd_svo_header` (
  `hd_svo_header_id` int(12) NOT NULL,
  `bu_org_id` int(12) NOT NULL,
  `hd_service_type_header_id` int(12) NOT NULL,
  `order_number` varchar(50) DEFAULT NULL,
  `hd_service_request_id` int(12) DEFAULT NULL,
  `promise_date` date DEFAULT NULL,
  `ar_customer_id` int(12) NOT NULL,
  `ar_customer_site_id` int(12) DEFAULT NULL,
  `service_team_id` int(12) DEFAULT NULL,
  `service_person_employee_id` int(12) DEFAULT NULL,
  `description` varchar(256) DEFAULT NULL,
  `price_list_header_id` int(12) DEFAULT NULL,
  `ship_to_id` int(12) NOT NULL,
  `bill_to_id` int(12) NOT NULL,
  `item_id_m` int(12) DEFAULT NULL,
  `inv_serial_number_id` int(12) DEFAULT NULL,
  `lot_number_id` int(12) DEFAULT NULL,
  `quantity` decimal(15,5) DEFAULT NULL,
  `estimate_amount` decimal(20,5) DEFAULT NULL,
  `doc_currency` varchar(25) DEFAULT NULL,
  `prepaid_status` varchar(25) DEFAULT NULL,
  `prepaid_amount` decimal(15,5) DEFAULT NULL,
  `currency` varchar(20) DEFAULT NULL,
  `payment_term_id` int(12) DEFAULT NULL,
  `payment_term_date` date DEFAULT NULL,
  `warrenty_status` varchar(25) DEFAULT NULL,
  `escalation` varchar(25) DEFAULT NULL,
  `exchange_rate_type` varchar(50) DEFAULT NULL,
  `exchange_rate` decimal(20,5) DEFAULT NULL,
  `inventory_org_id` int(12) DEFAULT NULL,
  `close_date` date DEFAULT NULL,
  `order_reference_table` varchar(100) DEFAULT NULL,
  `order_reference_id` int(12) DEFAULT NULL,
  `repair_status` varchar(25) DEFAULT NULL,
  `estimate_status` varchar(25) DEFAULT NULL,
  `primary_sd_so_header_id` int(12) DEFAULT NULL,
  `created_by` int(12) NOT NULL,
  `creation_date` datetime NOT NULL,
  `last_update_by` int(12) NOT NULL,
  `last_update_date` datetime NOT NULL
) ENGINE=InnoDB DEFAULT CHARSET=latin1;

-- --------------------------------------------------------

--
-- Table structure for table `hd_svo_line`
--

CREATE TABLE `hd_svo_line` (
  `hd_svo_line_id` int(12) NOT NULL,
  `hd_svo_header_id` int(12) NOT NULL,
  `line_number` int(12) NOT NULL,
  `inv_org_id` int(12) NOT NULL,
  `hd_service_type_header_id` int(12) DEFAULT NULL,
  `sd_so_header_id` int(12) DEFAULT NULL,
  `sd_so_line_id` int(12) DEFAULT NULL,
  `quantity` decimal(15,5) DEFAULT NULL,
  `item_id_m` int(12) NOT NULL,
  `action_type_id` int(12) DEFAULT NULL,
  `status` varchar(25) DEFAULT NULL,
  `price_list_header_id` int(12) DEFAULT NULL,
  `price_date` date DEFAULT NULL,
  `unit_price` decimal(20,5) DEFAULT NULL,
  `line_price` decimal(20,5) DEFAULT NULL,
  `line_status` varchar(25) NOT NULL,
  `requested_date` date DEFAULT NULL,
  `promise_date` date DEFAULT NULL,
  `schedule_ship_date` date DEFAULT NULL,
  `reference_doc_type` int(12) DEFAULT NULL,
  `reference_doc_number` int(12) DEFAULT NULL,
  `service_activity_header_id` int(12) DEFAULT NULL,
  `supply_source` varchar(25) DEFAULT NULL,
  `destination_type` varchar(25) DEFAULT NULL,
  `line_description` varchar(256) DEFAULT NULL,
  `uom_id` varchar(25) DEFAULT NULL,
  `return_reason` varchar(25) DEFAULT NULL,
  `created_by` int(12) NOT NULL,
  `creation_date` datetime NOT NULL,
  `last_update_by` int(12) NOT NULL,
  `last_update_date` datetime NOT NULL
) ENGINE=InnoDB DEFAULT CHARSET=latin1;

-- --------------------------------------------------------

--
-- Table structure for table `hd_task_type`
--

CREATE TABLE `hd_task_type` (
  `hd_task_type_id` int(12) UNSIGNED NOT NULL,
  `task_type` varchar(100) NOT NULL,
  `description` varchar(255) DEFAULT NULL,
  `from_date` date DEFAULT NULL,
  `to_date` date DEFAULT NULL,
  `effort_uom_id` int(12) DEFAULT NULL,
  `effort_duration` decimal(15,5) DEFAULT NULL,
  `auto_schedule_cb` tinyint(1) DEFAULT NULL,
  `created_by` int(12) NOT NULL,
  `creation_date` datetime DEFAULT NULL,
  `last_update_by` int(12) NOT NULL,
  `last_update_date` datetime DEFAULT NULL
) ENGINE=InnoDB DEFAULT CHARSET=latin1;

-- --------------------------------------------------------

--
-- Table structure for table `hr_approval_limit_assign`
--

CREATE TABLE `hr_approval_limit_assign` (
  `hr_approval_limit_assign_id` int(12) UNSIGNED NOT NULL,
  `hr_approval_limit_header_id` int(12) NOT NULL,
  `bu_org_id` int(12) DEFAULT NULL,
  `job_id` int(12) DEFAULT NULL,
  `position_id` int(12) DEFAULT NULL,
  `document_type` varchar(50) DEFAULT NULL,
  `start_date` date NOT NULL,
  `end_date` date DEFAULT NULL,
  `created_by` int(12) NOT NULL,
  `creation_date` datetime DEFAULT NULL,
  `last_update_by` int(12) NOT NULL,
  `last_update_date` datetime DEFAULT NULL
) ENGINE=MyISAM DEFAULT CHARSET=latin1;

--
-- Dumping data for table `hr_approval_limit_assign`
--

INSERT INTO `hr_approval_limit_assign` (`hr_approval_limit_assign_id`, `hr_approval_limit_header_id`, `bu_org_id`, `job_id`, `position_id`, `document_type`, `start_date`, `end_date`, `created_by`, `creation_date`, `last_update_by`, `last_update_date`) VALUES
(1, 2, NULL, NULL, 1, 'PUR_STANDRAD_PO', '2000-08-16', NULL, 0, '2014-08-19 00:00:00', 1, '2016-08-24 08:55:49'),
(2, 1, 8, NULL, 1, 'PUR_REQUISITION_EXTERN', '2000-08-01', NULL, 0, '2014-08-19 00:00:00', 0, '2019-08-14 00:00:00'),
(3, 2, 8, NULL, 4, 'PUR_STANDRAD_PO', '2004-08-01', NULL, 0, '2014-08-19 00:00:00', 0, '2014-08-19 00:00:00'),
(4, 2, 8, NULL, 4, 'PUR_REQUISITION_EXTERN', '2004-08-01', NULL, 0, '2014-08-19 00:00:00', 0, '2014-08-19 00:00:00'),
(6, 1, 0, NULL, 1, 'PUR_BLANKET_RELEASE', '2014-08-22', NULL, 0, '2014-08-26 00:00:00', 0, '2026-08-14 00:00:00'),
(7, 2, 5, NULL, 4, 'PUR_BLANKET_AGGREMENT', '2014-08-14', NULL, 0, '2014-08-25 00:00:00', 0, '2014-08-25 00:00:00'),
(8, 2, 5, NULL, 4, 'PUR_BLANKET_RELEASE', '2014-08-14', NULL, 0, '2014-08-26 00:00:00', 0, '2026-08-14 00:00:00'),
(20, 3, NULL, 1, NULL, 'PUR_BLANKET_AGGREMENT', '2015-03-01', NULL, 34, '2015-03-06 07:25:46', 1, '2016-08-24 08:56:07'),
(11, 1, 5, NULL, 1, 'PUR_BLANKET_AGGREMENT', '2014-08-22', NULL, 0, '2014-08-29 00:00:00', 0, '2029-08-14 00:00:00'),
(12, 2, 5, NULL, 4, 'PUR_STANDRAD_PO', '2014-08-14', NULL, 0, '2014-08-26 00:00:00', 0, '2014-08-26 00:00:00'),
(13, 2, 5, NULL, 4, 'PUR_CONTRACT_PO', '2014-08-14', NULL, 0, '2014-08-29 00:00:00', 0, '2029-08-14 00:00:00'),
(14, 1, 5, NULL, 1, 'PUR_REQUISITION_INTERNAL', '2014-08-22', NULL, 0, '2014-08-29 00:00:00', 0, '2014-08-29 00:00:00'),
(15, 1, 5, NULL, 1, 'PUR_REQUISITION_EXTERN', '2014-08-22', NULL, 0, '2014-08-29 00:00:00', 0, '2014-08-29 00:00:00'),
(16, 2, 5, NULL, 4, 'PUR_REQUISITION_EXTERN', '2014-08-14', NULL, 0, '2014-08-29 00:00:00', 0, '2014-08-29 00:00:00'),
(17, 2, 5, NULL, 4, 'PUR_REQUISITION_INTERNAL', '2014-08-14', NULL, 0, '2014-08-29 00:00:00', 0, '2014-08-29 00:00:00'),
(18, 1, NULL, NULL, 2, 'PUR_STANDRAD_PO', '2014-01-01', NULL, 34, '2014-12-25 12:20:48', 34, '2014-12-25 12:20:48'),
(19, 1, NULL, NULL, 2, 'PUR_BLANKET_AGGREMENT', '2014-01-01', NULL, 34, '2014-12-25 12:20:48', 34, '2014-12-25 12:20:48'),
(21, 1, 5, NULL, 1, 'EXPENSE_CLAIM', '2005-01-01', NULL, 34, '2015-08-26 11:25:12', 34, '2015-08-26 11:25:12');

-- --------------------------------------------------------

--
-- Table structure for table `hr_approval_limit_header`
--

CREATE TABLE `hr_approval_limit_header` (
  `hr_approval_limit_header_id` int(12) UNSIGNED NOT NULL,
  `bu_org_id` int(12) NOT NULL,
  `limit_name` varchar(50) NOT NULL,
  `description` varchar(256) DEFAULT NULL,
  `status` varchar(25) DEFAULT NULL,
  `created_by` int(12) NOT NULL,
  `creation_date` datetime DEFAULT NULL,
  `last_update_by` int(12) NOT NULL,
  `last_update_date` datetime DEFAULT NULL
) ENGINE=InnoDB DEFAULT CHARSET=latin1;

--
-- Dumping data for table `hr_approval_limit_header`
--

INSERT INTO `hr_approval_limit_header` (`hr_approval_limit_header_id`, `bu_org_id`, `limit_name`, `description`, `status`, `created_by`, `creation_date`, `last_update_by`, `last_update_date`) VALUES
(1, 5, 'Level 1', 'Level 1', NULL, 0, '2014-08-24 00:00:00', 34, '2016-05-08 06:45:43'),
(2, 5, 'Level 2', 'Level 2a', NULL, 0, '2014-08-24 00:00:00', 34, '2015-06-23 09:22:25'),
(3, 5, 'LEVEL 3', NULL, NULL, 1, '2016-08-22 11:36:35', 1, '2016-08-22 11:37:06');

-- --------------------------------------------------------

--
-- Table structure for table `hr_approval_limit_line`
--

CREATE TABLE `hr_approval_limit_line` (
  `hr_approval_limit_line_id` int(12) UNSIGNED NOT NULL,
  `hr_approval_limit_header_id` int(12) NOT NULL,
  `limit_object` varchar(25) NOT NULL,
  `limit_type` varchar(25) DEFAULT NULL,
  `limit_range_low` varchar(256) DEFAULT NULL,
  `limit_range_high` varchar(256) DEFAULT NULL,
  `amount_limit` decimal(20,5) NOT NULL,
  `inactive_date` date DEFAULT NULL,
  `created_by` int(12) NOT NULL,
  `creation_date` datetime DEFAULT NULL,
  `last_update_by` int(12) NOT NULL,
  `last_update_date` datetime DEFAULT NULL
) ENGINE=InnoDB DEFAULT CHARSET=latin1;

--
-- Dumping data for table `hr_approval_limit_line`
--

INSERT INTO `hr_approval_limit_line` (`hr_approval_limit_line_id`, `hr_approval_limit_header_id`, `limit_object`, `limit_type`, `limit_range_low`, `limit_range_high`, `amount_limit`, `inactive_date`, `created_by`, `creation_date`, `last_update_by`, `last_update_date`) VALUES
(1, 1, 'ITEM_RANGE', 'INCLUDE', 'MI_PUR05', 'MA_PUR_001', '1000.00000', NULL, 0, '2014-08-24 00:00:00', 34, '2016-05-08 06:45:43'),
(2, 1, 'COST_CENTER', 'INCLUDE', '1002', '1050', '1000.00000', NULL, 0, '2014-08-24 00:00:00', 34, '2016-05-08 06:45:43'),
(3, 1, 'TOTAL_AMOUNT', 'INCLUDE', NULL, NULL, '9282.00000', NULL, 0, '2014-08-24 00:00:00', 34, '2016-05-08 06:45:43'),
(4, 2, 'ITEM_RANGE', 'INCLUDE', 'TEST04', 'BUY004', '2000.00000', NULL, 0, '2014-08-24 00:00:00', 34, '2014-12-25 08:11:01'),
(5, 2, 'COST_CENTER', 'INCLUDE', '1000', '1929', '2000.00000', NULL, 0, '2014-08-24 00:00:00', 34, '2014-12-25 08:11:01'),
(6, 2, 'TOTAL_AMOUNT', 'INCLUDE', NULL, NULL, '999999999.00000', NULL, 0, '2014-08-24 00:00:00', 34, '2014-12-25 08:11:01'),
(7, 3, 'ITEM_RANGE', 'INCLUDE', NULL, NULL, '1000.00000', NULL, 1, '2016-08-22 11:37:06', 1, '2016-08-22 11:37:06'),
(8, 3, 'COST_CENTER', 'INCLUDE', NULL, NULL, '1000.00000', NULL, 1, '2016-08-22 11:37:06', 1, '2016-08-22 11:37:06');

-- --------------------------------------------------------

--
-- Table structure for table `hr_approval_object`
--

CREATE TABLE `hr_approval_object` (
  `hr_approval_object_id` int(12) UNSIGNED NOT NULL,
  `object_code` varchar(25) NOT NULL,
  `object_name` varchar(50) NOT NULL,
  `description` varchar(256) DEFAULT NULL,
  `value_type` varchar(25) DEFAULT NULL,
  `object_value` text,
  `return_type` varchar(25) DEFAULT NULL,
  `created_by` int(12) NOT NULL,
  `creation_date` datetime DEFAULT NULL,
  `last_update_by` int(12) NOT NULL,
  `last_update_date` datetime DEFAULT NULL
) ENGINE=InnoDB DEFAULT CHARSET=latin1;

--
-- Dumping data for table `hr_approval_object`
--

INSERT INTO `hr_approval_object` (`hr_approval_object_id`, `object_code`, `object_name`, `description`, `value_type`, `object_value`, `return_type`, `created_by`, `creation_date`, `last_update_by`, `last_update_date`) VALUES
(1, 'ITEM_RANGE', 'Item Range', 'Item Range', 'DYNAMIC', 'SELECT DISTINCT(item_number) from item ORDER BY item_number desc', 'STRING', 0, '2014-08-24 00:00:00', 0, '2024-08-14 00:00:00'),
(2, 'COST_CENTER', 'Cost Centers', 'Item Range', 'DYNAMIC', 'SELECT code from sys_value_group_line WHERE sys_value_group_header_id = 3', 'STRING', 0, '2014-08-24 00:00:00', 0, '2024-08-14 00:00:00'),
(3, 'TOTAL_AMOUNT', 'Total Amount', 'Total Amount', 'STATIC', 'Total Amount\r\n', 'NUMBER', 0, '2014-08-24 00:00:00', 1, '2016-08-22 12:34:31');

-- --------------------------------------------------------

--
-- Table structure for table `hr_attendance`
--

CREATE TABLE `hr_attendance` (
  `hr_attendance_id` int(12) NOT NULL,
  `hr_employee_id` int(12) DEFAULT NULL,
  `date` date DEFAULT NULL,
  `punch_in` datetime DEFAULT NULL,
  `punch_in_note` varchar(255) DEFAULT NULL,
  `punch_out` datetime DEFAULT NULL,
  `punch_out_note` varchar(255) DEFAULT NULL,
  `description` varchar(255) DEFAULT NULL,
  `created_by` int(12) NOT NULL,
  `creation_date` datetime DEFAULT NULL,
  `last_update_by` int(12) NOT NULL,
  `last_update_date` datetime DEFAULT NULL
) ENGINE=InnoDB DEFAULT CHARSET=latin1;

-- --------------------------------------------------------

--
-- Table structure for table `hr_compensation_element`
--

CREATE TABLE `hr_compensation_element` (
  `hr_compensation_element_id` int(10) UNSIGNED NOT NULL,
  `element_type` varchar(25) DEFAULT NULL,
  `start_date` date DEFAULT NULL,
  `element_name` varchar(50) DEFAULT NULL,
  `classification` varchar(25) DEFAULT NULL,
  `description` varchar(256) DEFAULT NULL,
  `category` varchar(25) DEFAULT NULL,
  `end_date` date DEFAULT NULL,
  `priority` int(12) DEFAULT NULL,
  `recurring_cb` tinyint(1) DEFAULT NULL,
  `deduction_rule` varchar(25) DEFAULT NULL,
  `calculation_rule` varchar(100) DEFAULT NULL,
  `separate_check_cb` tinyint(1) DEFAULT NULL,
  `frequency_months` varchar(256) DEFAULT NULL,
  `standard_link_cb` tinyint(1) DEFAULT NULL,
  `deduction_start_rule` varchar(25) DEFAULT NULL,
  `status` varchar(25) DEFAULT NULL,
  `created_by` int(12) NOT NULL,
  `creation_date` datetime DEFAULT NULL,
  `last_update_by` int(12) NOT NULL,
  `last_update_date` datetime DEFAULT NULL
) ENGINE=InnoDB DEFAULT CHARSET=latin1;

--
-- Dumping data for table `hr_compensation_element`
--

INSERT INTO `hr_compensation_element` (`hr_compensation_element_id`, `element_type`, `start_date`, `element_name`, `classification`, `description`, `category`, `end_date`, `priority`, `recurring_cb`, `deduction_rule`, `calculation_rule`, `separate_check_cb`, `frequency_months`, `standard_link_cb`, `deduction_start_rule`, `status`, `created_by`, `creation_date`, `last_update_by`, `last_update_date`) VALUES
(1, 'EARNINGS', '2000-01-01', 'Base Salary', 'EARNINGS', NULL, 'E_BASIC', NULL, 1, 1, NULL, 'FLAT', NULL, NULL, NULL, NULL, 'active', 0, '2014-08-15 00:00:00', 0, '2015-08-14 00:00:00'),
(2, 'EARNINGS', '2000-01-01', 'Performance Allowance', 'EARNINGS', NULL, 'E_ALLOWANCE', NULL, 1, 1, NULL, 'P_BASIC', NULL, NULL, NULL, NULL, 'active', 0, '2014-08-11 00:00:00', 0, '2011-08-14 00:00:00'),
(3, 'EARNINGS', '2000-01-01', 'House Rent', 'NON_TAX_EARNING', NULL, 'E_REGULAR', NULL, 1, 1, NULL, 'P_BASIC', NULL, NULL, NULL, NULL, 'active', 0, '2014-08-11 00:00:00', 0, '2011-08-14 00:00:00'),
(4, 'DEDUCTIONS', '2000-01-01', 'TDS', 'VOL_DEDUCTION', 'TDS 001a', 'D_TAX', NULL, 1, 1, 'REFERRAL_TABLE', NULL, NULL, NULL, NULL, 'ON_ENTRY', 'ACTIVE', 0, '2014-08-11 00:00:00', 34, '2015-03-06 03:07:03');

-- --------------------------------------------------------

--
-- Table structure for table `hr_control`
--

CREATE TABLE `hr_control` (
  `hr_control_id` int(12) UNSIGNED NOT NULL,
  `bu_org_id` int(12) NOT NULL,
  `default_job_id` int(12) DEFAULT NULL,
  `default_grade_id` int(12) DEFAULT NULL,
  `salary_cash_ac_id` int(12) DEFAULT NULL,
  `expense_claim_approval` varchar(25) DEFAULT NULL,
  `expense_claim_ac_id` int(12) DEFAULT NULL,
  `salary_exp_ac_id` int(12) DEFAULT NULL,
  `supplier_id` int(12) NOT NULL,
  `supplier_site_id` int(12) NOT NULL,
  `created_by` int(12) NOT NULL,
  `creation_date` datetime DEFAULT NULL,
  `last_update_by` int(12) NOT NULL,
  `last_update_date` datetime DEFAULT NULL
) ENGINE=InnoDB DEFAULT CHARSET=latin1;

--
-- Dumping data for table `hr_control`
--

INSERT INTO `hr_control` (`hr_control_id`, `bu_org_id`, `default_job_id`, `default_grade_id`, `salary_cash_ac_id`, `expense_claim_approval`, `expense_claim_ac_id`, `salary_exp_ac_id`, `supplier_id`, `supplier_site_id`, `created_by`, `creation_date`, `last_update_by`, `last_update_date`) VALUES
(1, 5, 1, 2, NULL, 'SUPERVISOR', 37, 37, 2, 19, 34, '2015-08-27 07:15:52', 34, '2015-08-31 10:28:09'),
(2, 8, NULL, NULL, NULL, 'SUPERVISOR', NULL, NULL, 0, 0, 34, '2015-08-28 03:59:24', 34, '2015-08-28 03:59:24'),
(3, 10, NULL, NULL, NULL, 'SUPERVISOR', NULL, NULL, 0, 0, 34, '2015-08-28 03:59:33', 34, '2015-08-28 03:59:33');

-- --------------------------------------------------------

--
-- Table structure for table `hr_element_entry_header`
--

CREATE TABLE `hr_element_entry_header` (
  `hr_element_entry_header_id` int(12) UNSIGNED NOT NULL,
  `hr_employee_id` int(12) DEFAULT NULL,
  `created_by` int(12) NOT NULL,
  `creation_date` datetime DEFAULT NULL,
  `last_update_by` int(12) NOT NULL,
  `last_update_date` datetime DEFAULT NULL
) ENGINE=InnoDB DEFAULT CHARSET=latin1;

--
-- Dumping data for table `hr_element_entry_header`
--

INSERT INTO `hr_element_entry_header` (`hr_element_entry_header_id`, `hr_employee_id`, `created_by`, `creation_date`, `last_update_by`, `last_update_date`) VALUES
(1, 4, 0, '2014-08-15 00:00:00', 34, '2014-12-24 13:13:25'),
(10, 3, 34, '2014-11-22 09:31:56', 34, '2014-11-22 09:31:56'),
(11, 2, 34, '2014-11-22 09:32:27', 34, '2015-03-06 04:55:12'),
(12, 1, 34, '2014-11-28 09:23:41', 34, '2015-09-01 06:41:43');

-- --------------------------------------------------------

--
-- Table structure for table `hr_element_entry_line`
--

CREATE TABLE `hr_element_entry_line` (
  `hr_element_entry_line_id` int(12) UNSIGNED NOT NULL,
  `hr_element_entry_header_id` int(12) NOT NULL,
  `element_id` int(12) NOT NULL,
  `element_value` varchar(25) NOT NULL,
  `end_date` date DEFAULT NULL,
  `description` varchar(256) DEFAULT NULL,
  `created_by` int(12) NOT NULL,
  `creation_date` datetime DEFAULT NULL,
  `last_update_by` int(12) NOT NULL,
  `last_update_date` datetime DEFAULT NULL
) ENGINE=InnoDB DEFAULT CHARSET=latin1;

--
-- Dumping data for table `hr_element_entry_line`
--

INSERT INTO `hr_element_entry_line` (`hr_element_entry_line_id`, `hr_element_entry_header_id`, `element_id`, `element_value`, `end_date`, `description`, `created_by`, `creation_date`, `last_update_by`, `last_update_date`) VALUES
(1, 1, 1, '30000', NULL, NULL, 0, '2014-08-15 00:00:00', 34, '2014-12-24 13:13:25'),
(2, 1, 2, '20', NULL, NULL, 0, '2014-08-15 00:00:00', 34, '2014-12-24 13:13:25'),
(3, 1, 3, '10', NULL, '30003000', 0, '2014-08-15 00:00:00', 34, '2014-12-24 13:13:25'),
(13, 10, 1, '30000', NULL, NULL, 34, '2014-11-22 09:31:56', 34, '2014-11-22 09:31:56'),
(14, 10, 2, '20', NULL, NULL, 34, '2014-11-22 09:31:56', 34, '2014-11-22 09:31:56'),
(15, 10, 3, '10', NULL, NULL, 34, '2014-11-22 09:31:56', 34, '2014-11-22 09:31:56'),
(16, 11, 1, '22000', NULL, NULL, 34, '2014-11-22 09:32:27', 34, '2015-03-06 04:55:12'),
(17, 11, 2, '20', NULL, NULL, 34, '2014-11-22 09:32:27', 34, '2015-03-06 04:55:12'),
(18, 11, 3, '10', NULL, NULL, 34, '2014-11-22 09:32:27', 34, '2015-03-06 04:55:12'),
(19, 12, 1, '20000', NULL, NULL, 34, '2014-11-28 09:23:43', 34, '2015-09-01 06:42:16'),
(20, 12, 3, '20', NULL, NULL, 34, '2014-11-28 09:23:43', 34, '2015-09-01 06:42:16'),
(21, 12, 2, '30', NULL, NULL, 34, '2014-11-28 09:23:43', 34, '2015-09-01 06:42:16');

-- --------------------------------------------------------

--
-- Table structure for table `hr_element_entry_tpl_header`
--

CREATE TABLE `hr_element_entry_tpl_header` (
  `hr_element_entry_tpl_header_id` int(12) UNSIGNED NOT NULL,
  `template_name` varchar(50) DEFAULT NULL,
  `description` varchar(256) DEFAULT NULL,
  `created_by` int(12) NOT NULL,
  `creation_date` datetime DEFAULT NULL,
  `last_update_by` int(12) NOT NULL,
  `last_update_date` datetime DEFAULT NULL
) ENGINE=InnoDB DEFAULT CHARSET=latin1;

--
-- Dumping data for table `hr_element_entry_tpl_header`
--

INSERT INTO `hr_element_entry_tpl_header` (`hr_element_entry_tpl_header_id`, `template_name`, `description`, `created_by`, `creation_date`, `last_update_by`, `last_update_date`) VALUES
(1, 'Grade 1A Standard', 'Grade 1A Standard Template', 34, '2014-11-20 12:09:20', 34, '2014-11-20 12:10:42'),
(2, 'Grade 9', 'Grade 9 Template01', 34, '2014-11-22 08:18:10', 34, '2015-06-23 08:55:24');

-- --------------------------------------------------------

--
-- Table structure for table `hr_element_entry_tpl_line`
--

CREATE TABLE `hr_element_entry_tpl_line` (
  `hr_element_entry_tpl_line_id` int(12) UNSIGNED NOT NULL,
  `hr_element_entry_tpl_header_id` int(12) NOT NULL,
  `element_id` int(12) NOT NULL,
  `element_value` varchar(25) NOT NULL,
  `end_date` date DEFAULT NULL,
  `description` varchar(256) DEFAULT NULL,
  `created_by` int(12) NOT NULL,
  `creation_date` datetime DEFAULT NULL,
  `last_update_by` int(12) NOT NULL,
  `last_update_date` datetime DEFAULT NULL
) ENGINE=InnoDB DEFAULT CHARSET=latin1 COMMENT='Stotes information for element ';

--
-- Dumping data for table `hr_element_entry_tpl_line`
--

INSERT INTO `hr_element_entry_tpl_line` (`hr_element_entry_tpl_line_id`, `hr_element_entry_tpl_header_id`, `element_id`, `element_value`, `end_date`, `description`, `created_by`, `creation_date`, `last_update_by`, `last_update_date`) VALUES
(1, 1, 1, '5000', NULL, NULL, 34, '2014-11-20 12:10:42', 34, '2014-11-20 12:10:42'),
(2, 1, 2, '2000', NULL, NULL, 34, '2014-11-20 12:10:42', 34, '2014-11-20 12:10:42'),
(3, 1, 3, '1000', NULL, NULL, 34, '2014-11-20 12:10:42', 34, '2014-11-20 12:10:42'),
(7, 2, 1, '30000', NULL, NULL, 34, '2014-11-22 08:26:19', 34, '2015-06-23 08:55:25'),
(8, 2, 2, '20', NULL, NULL, 34, '2014-11-22 08:26:19', 34, '2015-06-23 08:55:25'),
(9, 2, 3, '10', NULL, NULL, 34, '2014-11-22 08:26:19', 34, '2015-06-23 08:55:25');

-- --------------------------------------------------------

--
-- Table structure for table `hr_element_history_header`
--

CREATE TABLE `hr_element_history_header` (
  `hr_element_history_header_id` int(12) UNSIGNED NOT NULL,
  `hr_element_entry_header_id` int(12) NOT NULL,
  `archive_date` datetime NOT NULL,
  `hr_employee_id` int(12) DEFAULT NULL,
  `created_by` int(12) NOT NULL,
  `creation_date` datetime DEFAULT NULL,
  `last_update_by` int(12) NOT NULL,
  `last_update_date` datetime DEFAULT NULL
) ENGINE=InnoDB DEFAULT CHARSET=latin1;

-- --------------------------------------------------------

--
-- Table structure for table `hr_element_history_line`
--

CREATE TABLE `hr_element_history_line` (
  `hr_element_history_line_id` int(12) UNSIGNED NOT NULL,
  `hr_element_history_header_id` int(12) NOT NULL,
  `element_id` int(12) NOT NULL,
  `element_value` varchar(25) NOT NULL,
  `end_date` date DEFAULT NULL,
  `description` varchar(256) DEFAULT NULL,
  `created_by` int(12) NOT NULL,
  `creation_date` datetime DEFAULT NULL,
  `last_update_by` int(12) NOT NULL,
  `last_update_date` datetime DEFAULT NULL
) ENGINE=InnoDB DEFAULT CHARSET=latin1;

-- --------------------------------------------------------

--
-- Table structure for table `hr_employee`
--

CREATE TABLE `hr_employee` (
  `hr_employee_id` int(12) UNSIGNED NOT NULL,
  `identification_id` varchar(50) DEFAULT NULL,
  `start_date` date DEFAULT NULL,
  `identification_type` varchar(50) NOT NULL,
  `citizen_number` varchar(256) DEFAULT NULL,
  `first_name` varchar(50) NOT NULL,
  `last_name` varchar(50) NOT NULL,
  `phone` varchar(30) DEFAULT NULL,
  `email` varchar(100) DEFAULT NULL,
  `language` varchar(20) DEFAULT NULL,
  `title` varchar(25) DEFAULT NULL,
  `gender` enum('MALE','FEMALE','UNKNOWN','') DEFAULT NULL,
  `person_type` varchar(25) NOT NULL,
  `date_of_birth` date DEFAULT NULL,
  `city_of_birth` varchar(50) DEFAULT NULL,
  `country_of_birth` varchar(10) DEFAULT NULL,
  `nationality` varchar(50) DEFAULT NULL,
  `disability_code` varchar(25) DEFAULT NULL,
  `marital_status` varchar(25) DEFAULT NULL,
  `degree` varchar(25) DEFAULT NULL,
  `highest_education` varchar(100) DEFAULT NULL,
  `education_details` text,
  `no_of_children` int(5) DEFAULT NULL,
  `home_address_id` int(12) DEFAULT NULL,
  `home_address` varchar(256) DEFAULT NULL,
  `permanent_address` varchar(256) DEFAULT NULL,
  `permanent_address_id` int(12) DEFAULT NULL,
  `mobile_number` varchar(25) DEFAULT NULL,
  `home_phone_number` varchar(25) DEFAULT NULL,
  `other_email` varchar(50) DEFAULT NULL,
  `date_first_hired` date DEFAULT NULL,
  `org_id` int(12) DEFAULT NULL,
  `job_id` int(12) DEFAULT NULL,
  `position_id` int(12) DEFAULT NULL,
  `payroll_id` int(12) DEFAULT NULL,
  `grade_id` int(12) DEFAULT NULL,
  `location_id` int(12) DEFAULT NULL,
  `job_type` varchar(25) DEFAULT NULL,
  `supervisor_employee_id` int(12) DEFAULT NULL,
  `probation_period_uom` varchar(25) DEFAULT NULL,
  `probation_period` int(5) DEFAULT NULL,
  `notice_period_uom` varchar(25) DEFAULT NULL,
  `notice_period` int(5) DEFAULT NULL,
  `revision_enabled` char(1) DEFAULT 'N',
  `status` varchar(25) DEFAULT NULL,
  `revision_number` int(11) DEFAULT NULL,
  `work_policy_id` int(5) DEFAULT NULL,
  `expense_ac_id` int(12) DEFAULT NULL,
  `salary_ac_id` int(12) NOT NULL,
  `performance_id` int(12) DEFAULT NULL,
  `vehicle_number` varchar(256) DEFAULT NULL,
  `asset_numbers` varchar(256) DEFAULT NULL,
  `contract_id` int(12) DEFAULT NULL,
  `bank_account_id` int(12) DEFAULT NULL,
  `tax_reg_number` varchar(25) DEFAULT NULL,
  `social_ac_no` varchar(50) DEFAULT NULL,
  `social_ac_no2` varchar(50) DEFAULT NULL,
  `passport_number` varchar(256) DEFAULT NULL,
  `ledger_id` int(12) DEFAULT NULL,
  `created_by` int(12) NOT NULL,
  `creation_date` datetime DEFAULT NULL,
  `last_update_by` int(12) NOT NULL,
  `last_update_date` datetime DEFAULT NULL
) ENGINE=InnoDB DEFAULT CHARSET=latin1;

-- --------------------------------------------------------

--
-- Table structure for table `hr_employee_education`
--

CREATE TABLE `hr_employee_education` (
  `hr_employee_education_id` int(12) UNSIGNED NOT NULL,
  `employee_id` int(12) NOT NULL,
  `degree_name` varchar(256) NOT NULL,
  `university` varchar(256) NOT NULL,
  `university_address` varchar(256) DEFAULT NULL,
  `specialization` varchar(256) DEFAULT NULL,
  `edu_start_date` date DEFAULT NULL,
  `edu_end_date` date NOT NULL,
  `mode_of_education` varchar(50) DEFAULT NULL,
  `grade` varchar(10) DEFAULT NULL,
  `marks_percentage` decimal(20,5) DEFAULT NULL,
  `comments` text,
  `created_by` int(12) NOT NULL,
  `creation_date` datetime DEFAULT NULL,
  `last_update_by` int(12) NOT NULL,
  `last_update_date` datetime DEFAULT NULL
) ENGINE=InnoDB DEFAULT CHARSET=latin1;

-- --------------------------------------------------------

--
-- Table structure for table `hr_employee_experience`
--

CREATE TABLE `hr_employee_experience` (
  `hr_employee_experience_id` int(12) UNSIGNED NOT NULL,
  `employee_id` int(12) NOT NULL,
  `organization_name` varchar(256) NOT NULL,
  `designation` varchar(100) NOT NULL,
  `employee_number` varchar(100) DEFAULT NULL,
  `department` varchar(256) DEFAULT NULL,
  `work_start_date` date NOT NULL,
  `work_end_date` date DEFAULT NULL,
  `last_manager` varchar(50) DEFAULT NULL,
  `last_drawn_salary` decimal(20,5) DEFAULT NULL,
  `communication_details` text,
  `project_details` text,
  `created_by` int(12) NOT NULL,
  `creation_date` datetime DEFAULT NULL,
  `last_update_by` int(12) NOT NULL,
  `last_update_date` datetime DEFAULT NULL
) ENGINE=InnoDB DEFAULT CHARSET=latin1;

-- --------------------------------------------------------

--
-- Stand-in structure for view `hr_employee_position_v`
--
CREATE TABLE `hr_employee_position_v` (
`user_id` int(12) unsigned
,`username` varchar(256)
,`first_name` varchar(100)
,`last_name` varchar(60)
,`email` varchar(100)
,`hr_employee_id` int(12)
,`status` tinyint(1)
,`identification_id` varchar(50)
,`emp_start_date` date
,`citizen_number` varchar(256)
,`emp_first_name` varchar(50)
,`emp_last_name` varchar(50)
,`phone` varchar(30)
,`emp_email` varchar(100)
,`gender` enum('MALE','FEMALE','UNKNOWN','')
,`person_type` varchar(25)
,`org_id` int(12)
,`job_id` int(12)
,`position_id` int(12)
,`expense_ac_id` int(12)
,`supervisor_employee_id` int(12)
,`position_name` varchar(100)
,`emp_org_id` int(12)
,`hr_approval_limit_header_id` int(12)
,`document_type` varchar(50)
,`limit_start_date` date
,`limit_type` varchar(25)
,`limit_range_low` varchar(256)
,`limit_range_high` varchar(256)
,`amount_limit` decimal(20,5)
,`limit_object` varchar(25)
,`bu_org_id` int(12)
,`currency_code` varchar(20)
);

-- --------------------------------------------------------

--
-- Table structure for table `hr_employee_termination`
--

CREATE TABLE `hr_employee_termination` (
  `hr_employee_termination_id` int(12) UNSIGNED NOT NULL,
  `employee_id` int(12) NOT NULL,
  `new_employer` varchar(256) DEFAULT NULL,
  `reason` varchar(256) NOT NULL,
  `status` varchar(25) DEFAULT NULL,
  `date_of_notification` date DEFAULT NULL,
  `projected_last_date` date DEFAULT NULL,
  `actual_last_date` date DEFAULT NULL,
  `accpeted_date` date DEFAULT NULL,
  `accpeted_by_employee_id` int(12) DEFAULT NULL,
  `created_by` int(12) NOT NULL,
  `creation_date` datetime DEFAULT NULL,
  `last_update_by` int(12) NOT NULL,
  `last_update_date` datetime DEFAULT NULL
) ENGINE=InnoDB DEFAULT CHARSET=latin1;

-- --------------------------------------------------------

--
-- Stand-in structure for view `hr_employee_v`
--
CREATE TABLE `hr_employee_v` (
`user_id` int(12) unsigned
,`username` varchar(256)
,`first_name` varchar(100)
,`last_name` varchar(60)
,`email` varchar(100)
,`hr_employee_id` int(12)
,`status` tinyint(1)
,`identification_id` varchar(50)
,`emp_start_date` date
,`citizen_number` varchar(256)
,`emp_first_name` varchar(50)
,`emp_last_name` varchar(50)
,`phone` varchar(30)
,`employee_name` varchar(102)
,`emp_email` varchar(100)
,`gender` enum('MALE','FEMALE','UNKNOWN','')
,`person_type` varchar(25)
,`org_id` int(12)
,`job_id` int(12)
,`position_id` int(12)
,`expense_ac_id` int(12)
,`supervisor_employee_id` int(12)
,`currency_code` varchar(20)
,`org` varchar(50)
);

-- --------------------------------------------------------

--
-- Table structure for table `hr_event_header`
--

CREATE TABLE `hr_event_header` (
  `hr_event_header_id` int(12) NOT NULL,
  `user_id` int(12) DEFAULT NULL,
  `start_date` date DEFAULT NULL,
  `start_time` time NOT NULL,
  `end_time` time NOT NULL,
  `end_date` date DEFAULT NULL,
  `title` varchar(255) DEFAULT NULL,
  `location` varchar(100) DEFAULT NULL,
  `url` varchar(100) DEFAULT NULL,
  `event_details` text,
  `privacy` decimal(25,0) DEFAULT NULL,
  `event_color` varchar(15) DEFAULT NULL,
  `description` varchar(255) DEFAULT NULL,
  `created_by` int(12) NOT NULL,
  `creation_date` datetime DEFAULT NULL,
  `last_update_by` int(12) NOT NULL,
  `last_update_date` datetime DEFAULT NULL
) ENGINE=InnoDB DEFAULT CHARSET=latin1;

-- --------------------------------------------------------

--
-- Table structure for table `hr_event_line`
--

CREATE TABLE `hr_event_line` (
  `hr_event_line_id` int(12) NOT NULL,
  `hr_event_header_id` int(12) DEFAULT NULL,
  `user_id` int(12) DEFAULT NULL,
  `resource_id` int(12) DEFAULT NULL,
  `expected_status` varchar(20) DEFAULT NULL,
  `actual_status` varchar(20) DEFAULT NULL,
  `required_cb` tinyint(1) DEFAULT NULL,
  `description` varchar(255) DEFAULT NULL,
  `created_by` int(12) NOT NULL,
  `creation_date` datetime DEFAULT NULL,
  `last_update_by` int(12) NOT NULL,
  `last_update_date` datetime DEFAULT NULL
) ENGINE=InnoDB DEFAULT CHARSET=latin1;

-- --------------------------------------------------------

--
-- Stand-in structure for view `hr_expense_all_v`
--
CREATE TABLE `hr_expense_all_v` (
`hr_expense_header_id` int(12) unsigned
,`bu_org_id` int(12)
,`hr_employee_id` int(12)
,`claim_date` date
,`status` varchar(25)
,`purpose` varchar(255)
,`doc_currency` varchar(25)
,`department_id` int(12)
,`reason` varchar(256)
,`currency` varchar(20)
,`exchange_rate_type` varchar(25)
,`exchange_rate` decimal(15,5)
,`header_amount` decimal(20,5)
,`hr_expense_line_id` int(12) unsigned
,`line_number` varchar(25)
,`line_claim_date` date
,`receipt_amount` decimal(15,5)
,`receipt_currency` varchar(25)
,`expense_type` varchar(25)
,`line_status` varchar(25)
,`line_purpose` varchar(255)
,`start_date` date
,`line_exchange_rate` decimal(15,5)
,`supplier_id` int(12)
);

-- --------------------------------------------------------

--
-- Table structure for table `hr_expense_header`
--

CREATE TABLE `hr_expense_header` (
  `hr_expense_header_id` int(12) UNSIGNED NOT NULL,
  `bu_org_id` int(12) NOT NULL,
  `claim_number` varchar(25) DEFAULT NULL,
  `exchange_rate_type` varchar(25) DEFAULT NULL,
  `exchange_rate` decimal(15,5) DEFAULT NULL,
  `hr_employee_id` int(12) NOT NULL,
  `claim_date` date DEFAULT NULL,
  `approved_date` date DEFAULT NULL,
  `approved_by` varchar(100) DEFAULT NULL,
  `approved_by_employee_id` int(12) DEFAULT NULL,
  `status` varchar(25) NOT NULL,
  `purpose` varchar(255) DEFAULT NULL,
  `expense_template_id` int(12) DEFAULT NULL,
  `currency` varchar(20) DEFAULT NULL,
  `doc_currency` varchar(25) DEFAULT NULL,
  `header_amount` decimal(20,5) DEFAULT NULL,
  `department_id` int(12) NOT NULL,
  `reason` varchar(256) DEFAULT NULL,
  `contact_details` varchar(256) DEFAULT NULL,
  `created_by` int(12) NOT NULL,
  `creation_date` datetime NOT NULL,
  `last_update_by` int(12) NOT NULL,
  `last_update_date` datetime NOT NULL
) ENGINE=InnoDB DEFAULT CHARSET=latin1;

-- --------------------------------------------------------

--
-- Table structure for table `hr_expense_line`
--

CREATE TABLE `hr_expense_line` (
  `hr_expense_line_id` int(12) UNSIGNED NOT NULL,
  `hr_expense_header_id` int(12) NOT NULL,
  `claim_date` date DEFAULT NULL,
  `receipt_amount` decimal(15,5) DEFAULT NULL,
  `receipt_currency` varchar(25) DEFAULT NULL,
  `expense_type` varchar(25) DEFAULT NULL,
  `status` varchar(25) NOT NULL,
  `purpose` varchar(255) DEFAULT NULL,
  `start_date` date DEFAULT NULL,
  `daily_rate` decimal(15,5) DEFAULT NULL,
  `no_of_days` int(5) DEFAULT NULL,
  `expense_location` varchar(50) DEFAULT NULL,
  `vendor_name` varchar(100) DEFAULT NULL,
  `vendor_details` varchar(255) DEFAULT NULL,
  `original_receipt_missing_cb` tinyint(1) DEFAULT NULL,
  `exchange_rate` decimal(15,5) DEFAULT NULL,
  `line_number` varchar(25) NOT NULL,
  `per_diem_rate` decimal(20,5) DEFAULT NULL,
  `per_diem_days` decimal(6,2) DEFAULT NULL,
  `mileage_uom_id` int(12) DEFAULT NULL,
  `mileage_distace` decimal(10,2) DEFAULT NULL,
  `mileage_rate` decimal(8,3) DEFAULT NULL,
  `cc_transaction_id` int(12) DEFAULT NULL,
  `cc_transaction_date` date DEFAULT NULL,
  `cc_age` int(5) DEFAULT NULL,
  `cc_transaction_amount` decimal(15,5) DEFAULT NULL,
  `created_by` int(12) NOT NULL,
  `creation_date` datetime NOT NULL,
  `last_update_by` int(12) NOT NULL,
  `last_update_date` datetime NOT NULL
) ENGINE=InnoDB DEFAULT CHARSET=latin1;

-- --------------------------------------------------------

--
-- Table structure for table `hr_expense_tpl_header`
--

CREATE TABLE `hr_expense_tpl_header` (
  `hr_expense_tpl_header_id` int(12) UNSIGNED NOT NULL,
  `bu_org_id` int(12) NOT NULL,
  `inactive_date` date DEFAULT NULL,
  `template_name` varchar(50) NOT NULL,
  `description` varchar(255) DEFAULT NULL,
  `created_by` int(12) NOT NULL,
  `creation_date` datetime NOT NULL,
  `last_update_by` int(12) NOT NULL,
  `last_update_date` datetime NOT NULL
) ENGINE=InnoDB DEFAULT CHARSET=latin1;

-- --------------------------------------------------------

--
-- Table structure for table `hr_expense_tpl_line`
--

CREATE TABLE `hr_expense_tpl_line` (
  `hr_expense_tpl_line_id` int(12) UNSIGNED NOT NULL,
  `hr_expense_tpl_header_id` int(12) NOT NULL,
  `expense_item` varchar(50) DEFAULT NULL,
  `expense_category` varchar(25) DEFAULT NULL,
  `tax_code_id` int(12) DEFAULT NULL,
  `expense_ac_id` int(12) DEFAULT NULL,
  `inactive_date` date DEFAULT NULL,
  `prj_expenditure_type_header_id` int(12) DEFAULT NULL,
  `policy_schedule_id` int(12) DEFAULT NULL,
  `created_by` int(12) NOT NULL,
  `creation_date` datetime NOT NULL,
  `last_update_by` int(12) NOT NULL,
  `last_update_date` datetime NOT NULL
) ENGINE=InnoDB DEFAULT CHARSET=latin1;

-- --------------------------------------------------------

--
-- Table structure for table `hr_grade`
--

CREATE TABLE `hr_grade` (
  `hr_grade_id` int(12) NOT NULL,
  `grade` varchar(50) NOT NULL,
  `hr_element_entry_tpl_header_id` int(12) DEFAULT NULL,
  `description` varchar(255) DEFAULT NULL,
  `rank` int(50) DEFAULT NULL,
  `inactive_date` date DEFAULT NULL,
  `alt_name` varchar(50) CHARACTER SET utf8 COLLATE utf8_unicode_ci DEFAULT NULL,
  `alt_description` varchar(255) CHARACTER SET utf8 COLLATE utf8_unicode_ci DEFAULT NULL,
  `created_by` int(12) NOT NULL,
  `creation_date` datetime DEFAULT NULL,
  `last_update_by` int(12) NOT NULL,
  `last_update_date` datetime DEFAULT NULL
) ENGINE=InnoDB DEFAULT CHARSET=latin1;

-- --------------------------------------------------------

--
-- Table structure for table `hr_job`
--

CREATE TABLE `hr_job` (
  `hr_job_id` int(10) UNSIGNED NOT NULL,
  `job_code` varchar(25) DEFAULT NULL,
  `job_name` varchar(50) DEFAULT NULL,
  `start_date` date DEFAULT NULL,
  `end_date` decimal(12,0) DEFAULT NULL,
  `description` varchar(256) DEFAULT NULL,
  `min_education` varchar(256) DEFAULT NULL,
  `min_experience` varchar(256) DEFAULT NULL,
  `technology` varchar(256) DEFAULT NULL,
  `skillset` varchar(256) DEFAULT NULL,
  `position_type` varchar(25) DEFAULT NULL,
  `job_usage` varchar(25) DEFAULT NULL,
  `group_hr_job_id` int(25) DEFAULT NULL,
  `functional_area` varchar(50) DEFAULT NULL,
  `location` varchar(50) DEFAULT NULL,
  `job_level` int(4) DEFAULT NULL,
  `status` varchar(20) DEFAULT NULL,
  `job_details` text,
  `primary_responsibility` text,
  `created_by` int(12) NOT NULL,
  `creation_date` datetime DEFAULT NULL,
  `last_update_by` int(12) NOT NULL,
  `last_update_date` datetime DEFAULT NULL
) ENGINE=InnoDB DEFAULT CHARSET=latin1;

--
-- Dumping data for table `hr_job`
--

INSERT INTO `hr_job` (`hr_job_id`, `job_code`, `job_name`, `start_date`, `end_date`, `description`, `min_education`, `min_experience`, `technology`, `skillset`, `position_type`, `job_usage`, `group_hr_job_id`, `functional_area`, `location`, `job_level`, `status`, `job_details`, `primary_responsibility`, `created_by`, `creation_date`, `last_update_by`, `last_update_date`) VALUES
(1, 'MFG_1211', 'Technician', '0000-00-00', '0', '', '', '', '', '', 'FULL_TIME_REGULAR', '', 0, 'ENGG', '', 10, 'active', '', '', 0, '2014-08-08 00:00:00', 34, '2015-06-21 07:36:31'),
(2, 'MFG_1210', 'Ops Manager', '0000-00-00', '0', '', '', '', '', '', 'FULL_TIME_REGULAR', '', 0, 'OPR', '', 20, '', 'Job Details : Job Details : Job Details : Job Details :\r\nJob Details : Job Details : Job Details : Job Details :\r\nJob Details : Job Details : Job Details : Job Details :', '', 0, '2014-08-08 00:00:00', 34, '2015-06-21 07:36:31');

-- --------------------------------------------------------

--
-- Table structure for table `hr_leave_balance`
--

CREATE TABLE `hr_leave_balance` (
  `hr_leave_balance_id` int(12) UNSIGNED NOT NULL,
  `employee_id` int(12) NOT NULL,
  `leave_type` varchar(50) NOT NULL,
  `leave_per_year` decimal(20,5) DEFAULT NULL,
  `total_available` decimal(20,5) DEFAULT NULL,
  `total_used` decimal(20,5) DEFAULT NULL,
  `created_by` int(12) NOT NULL,
  `creation_date` datetime NOT NULL,
  `last_update_by` int(12) NOT NULL,
  `last_update_date` datetime NOT NULL
) ENGINE=InnoDB DEFAULT CHARSET=latin1;

-- --------------------------------------------------------

--
-- Table structure for table `hr_leave_entitlement_header`
--

CREATE TABLE `hr_leave_entitlement_header` (
  `hr_leave_entitlement_header_id` int(12) UNSIGNED NOT NULL,
  `entitlement_name` varchar(256) NOT NULL,
  `description` varchar(256) DEFAULT NULL,
  `status` varchar(25) DEFAULT NULL,
  `job_id` int(12) DEFAULT NULL,
  `position_id` int(12) DEFAULT NULL,
  `employee_id` int(12) DEFAULT NULL,
  `leave_group` varchar(25) DEFAULT NULL,
  `grade_id` int(12) DEFAULT NULL,
  `created_by` int(12) NOT NULL,
  `creation_date` datetime NOT NULL,
  `last_update_by` int(12) NOT NULL,
  `last_update_date` datetime NOT NULL
) ENGINE=InnoDB DEFAULT CHARSET=latin1;

-- --------------------------------------------------------

--
-- Table structure for table `hr_leave_entitlement_line`
--

CREATE TABLE `hr_leave_entitlement_line` (
  `hr_leave_entitlement_line_id` int(12) UNSIGNED NOT NULL,
  `hr_leave_entitlement_header_id` int(12) NOT NULL,
  `leave_type` varchar(50) NOT NULL,
  `leave_per_period` decimal(20,5) DEFAULT NULL,
  `period` varchar(50) DEFAULT NULL,
  `default_no_of_period` decimal(20,5) DEFAULT NULL,
  `created_by` int(12) NOT NULL,
  `creation_date` datetime NOT NULL,
  `last_update_by` int(12) NOT NULL,
  `last_update_date` datetime NOT NULL
) ENGINE=InnoDB DEFAULT CHARSET=latin1;

-- --------------------------------------------------------

--
-- Table structure for table `hr_leave_transaction`
--

CREATE TABLE `hr_leave_transaction` (
  `hr_leave_transaction_id` int(12) UNSIGNED NOT NULL,
  `employee_id` int(12) NOT NULL,
  `requsted_date` date DEFAULT NULL,
  `approved_date` date DEFAULT NULL,
  `approved_by` varchar(100) DEFAULT NULL,
  `approved_by_employee_id` int(12) DEFAULT NULL,
  `leave_status` varchar(25) NOT NULL,
  `leave_type` varchar(50) NOT NULL,
  `transaction_type` varchar(25) DEFAULT NULL,
  `leave_quantity` decimal(20,5) NOT NULL,
  `from_date` date NOT NULL,
  `to_date` date NOT NULL,
  `reason` varchar(256) DEFAULT NULL,
  `contact_details` varchar(256) DEFAULT NULL,
  `sys_notification_id` int(12) DEFAULT NULL,
  `sys_notification_group_id` int(12) DEFAULT NULL,
  `created_by` int(12) NOT NULL,
  `creation_date` datetime NOT NULL,
  `last_update_by` int(12) NOT NULL,
  `last_update_date` datetime NOT NULL
) ENGINE=InnoDB DEFAULT CHARSET=latin1;

-- --------------------------------------------------------

--
-- Table structure for table `hr_leave_type`
--

CREATE TABLE `hr_leave_type` (
  `hr_leave_type_id` int(12) UNSIGNED NOT NULL,
  `leave_type` varchar(50) NOT NULL,
  `leave_category` varchar(50) NOT NULL,
  `description` varchar(256) DEFAULT NULL,
  `allow_carry_forward_cb` tinyint(1) DEFAULT NULL,
  `carry_forward_per_year` decimal(20,5) DEFAULT NULL,
  `maximum_accumulation` decimal(20,5) DEFAULT NULL,
  `auto_convert_salary_cb` tinyint(1) DEFAULT NULL,
  `allow_advance_cb` tinyint(1) DEFAULT NULL,
  `lwp_cb` tinyint(1) DEFAULT NULL,
  `default_reason` varchar(256) DEFAULT NULL,
  `status` varchar(25) DEFAULT NULL,
  `created_by` int(12) NOT NULL,
  `creation_date` datetime DEFAULT NULL,
  `last_update_by` int(12) NOT NULL,
  `last_update_date` datetime DEFAULT NULL
) ENGINE=InnoDB DEFAULT CHARSET=latin1;

--
-- Dumping data for table `hr_leave_type`
--

INSERT INTO `hr_leave_type` (`hr_leave_type_id`, `leave_type`, `leave_category`, `description`, `allow_carry_forward_cb`, `carry_forward_per_year`, `maximum_accumulation`, `auto_convert_salary_cb`, `allow_advance_cb`, `lwp_cb`, `default_reason`, `status`, `created_by`, `creation_date`, `last_update_by`, `last_update_date`) VALUES
(1, 'Paid Leave', 'PAID', NULL, 1, '10.00000', '50.00000', 1, 1, 1, NULL, 'active', 0, '2014-08-17 00:00:00', 0, '2017-08-14 00:00:00'),
(2, 'Medical Leave', 'PAID', NULL, NULL, '12.00000', '50.00000', NULL, 1, NULL, NULL, 'active', 0, '2014-08-17 00:00:00', 0, '2017-08-14 00:00:00'),
(3, 'Legal Leave', 'LEGAL', 'TEST01', 1, '2.00000', '5.00000', 1, 1, 1, NULL, NULL, 0, '2014-08-17 00:00:00', 34, '2015-06-23 09:42:45');

-- --------------------------------------------------------

--
-- Table structure for table `hr_location`
--

CREATE TABLE `hr_location` (
  `hr_location_id` int(12) NOT NULL,
  `country` varchar(50) DEFAULT NULL,
  `state` varchar(50) DEFAULT NULL,
  `city` varchar(50) DEFAULT NULL,
  `combination` varchar(256) NOT NULL,
  `description` varchar(200) DEFAULT NULL,
  `created_by` int(12) NOT NULL,
  `creation_date` datetime DEFAULT NULL,
  `last_update_by` int(12) NOT NULL,
  `last_update_date` datetime DEFAULT NULL
) ENGINE=InnoDB DEFAULT CHARSET=latin1;

-- --------------------------------------------------------

--
-- Table structure for table `hr_payroll`
--

CREATE TABLE `hr_payroll` (
  `hr_payroll_id` int(12) UNSIGNED NOT NULL,
  `payroll` varchar(100) NOT NULL,
  `period_type` varchar(50) NOT NULL,
  `start_date` date NOT NULL,
  `end_date` date NOT NULL,
  `description` varchar(256) DEFAULT NULL,
  `payment_method_id` varchar(25) NOT NULL,
  `created_by` int(12) NOT NULL,
  `creation_date` datetime DEFAULT NULL,
  `last_update_by` int(12) NOT NULL,
  `last_update_date` datetime DEFAULT NULL
) ENGINE=InnoDB DEFAULT CHARSET=latin1;

--
-- Dumping data for table `hr_payroll`
--

INSERT INTO `hr_payroll` (`hr_payroll_id`, `payroll`, `period_type`, `start_date`, `end_date`, `description`, `payment_method_id`, `created_by`, `creation_date`, `last_update_by`, `last_update_date`) VALUES
(1, 'Singapore Monthly', 'SEMI_MONTH', '2014-01-01', '2015-12-31', '2 Years Schedule Semi Month', '1', 0, '2014-08-16 00:00:00', 34, '2014-11-28 05:27:27'),
(3, 'Singapore Monthly1', 'MONTH', '2014-01-31', '2018-12-31', '4 Years Schedules', '1', 34, '2014-11-25 02:28:03', 34, '2015-03-06 05:25:19');

-- --------------------------------------------------------

--
-- Table structure for table `hr_payroll_payment_method`
--

CREATE TABLE `hr_payroll_payment_method` (
  `hr_payroll_payment_method_id` int(12) UNSIGNED NOT NULL,
  `payment_method` varchar(100) DEFAULT NULL,
  `ledger_id` int(12) NOT NULL,
  `payment_type` varchar(50) DEFAULT NULL,
  `start_date` date DEFAULT NULL,
  `end_date` date DEFAULT NULL,
  `description` varchar(256) DEFAULT NULL,
  `currency` varbinary(25) DEFAULT NULL,
  `bank_account_id` int(12) DEFAULT NULL,
  `cash_ac_id` int(12) DEFAULT NULL,
  `clearing_ac_id` int(12) DEFAULT NULL,
  `bank_charge_ac_id` int(12) DEFAULT NULL,
  `salary_payable_ac_id` int(12) NOT NULL,
  `costed_cb` tinyint(1) DEFAULT NULL,
  `created_by` int(12) NOT NULL,
  `creation_date` datetime DEFAULT NULL,
  `last_update_by` int(12) NOT NULL,
  `last_update_date` datetime DEFAULT NULL
) ENGINE=InnoDB DEFAULT CHARSET=latin1;

--
-- Dumping data for table `hr_payroll_payment_method`
--

INSERT INTO `hr_payroll_payment_method` (`hr_payroll_payment_method_id`, `payment_method`, `ledger_id`, `payment_type`, `start_date`, `end_date`, `description`, `currency`, `bank_account_id`, `cash_ac_id`, `clearing_ac_id`, `bank_charge_ac_id`, `salary_payable_ac_id`, `costed_cb`, `created_by`, `creation_date`, `last_update_by`, `last_update_date`) VALUES
(1, 'SPG_MNTHLY', 19, 'DIRECT', NULL, NULL, 'test01A', 0x534744, 1, NULL, NULL, NULL, 0, 1, 0, '2014-08-15 00:00:00', 34, '2015-03-07 08:24:11');

-- --------------------------------------------------------

--
-- Table structure for table `hr_payroll_process`
--

CREATE TABLE `hr_payroll_process` (
  `hr_payroll_process_id` int(12) UNSIGNED NOT NULL,
  `hr_payroll_id` int(12) NOT NULL,
  `hr_payroll_schedule_id` int(12) NOT NULL,
  `proces_name` varchar(50) DEFAULT NULL,
  `status` varchar(20) DEFAULT NULL,
  `gl_journal_header_id` int(12) DEFAULT NULL,
  `description` varchar(256) DEFAULT NULL,
  `created_by` int(12) NOT NULL,
  `creation_date` datetime DEFAULT NULL,
  `last_update_by` int(12) NOT NULL,
  `last_update_date` datetime DEFAULT NULL
) ENGINE=InnoDB DEFAULT CHARSET=latin1;

-- --------------------------------------------------------

--
-- Table structure for table `hr_payroll_schedule`
--

CREATE TABLE `hr_payroll_schedule` (
  `hr_payroll_schedule_id` int(12) UNSIGNED NOT NULL,
  `hr_payroll_id` int(12) NOT NULL,
  `scheduled_date` date NOT NULL,
  `start_date` date NOT NULL,
  `end_date` date NOT NULL,
  `period_name` varchar(50) DEFAULT NULL,
  `description` varchar(256) DEFAULT NULL,
  `status` varchar(25) DEFAULT NULL,
  `created_by` int(12) NOT NULL,
  `creation_date` datetime DEFAULT NULL,
  `last_update_by` int(12) NOT NULL,
  `last_update_date` datetime DEFAULT NULL
) ENGINE=InnoDB DEFAULT CHARSET=latin1;

--
-- Dumping data for table `hr_payroll_schedule`
--

INSERT INTO `hr_payroll_schedule` (`hr_payroll_schedule_id`, `hr_payroll_id`, `scheduled_date`, `start_date`, `end_date`, `period_name`, `description`, `status`, `created_by`, `creation_date`, `last_update_by`, `last_update_date`) VALUES
(1, 3, '2014-01-31', '2014-01-01', '2014-01-31', 'Jan-14', 'System generated on 2014-11-28 10:43:49', 'PAID', -99, '2014-11-28 10:43:49', -99, '2014-11-28 10:43:49'),
(2, 3, '2014-02-28', '2014-02-01', '2014-02-28', 'Feb-14', 'System generated on 2014-11-28 10:43:49', 'OPEN', -99, '2014-11-28 10:43:49', -99, '2014-11-28 10:43:49'),
(3, 3, '2014-03-31', '2014-03-01', '2014-03-31', 'Mar-14', 'System generated on 2014-11-28 10:43:49', 'PAID', -99, '2014-11-28 10:43:49', -99, '2014-11-29 18:34:54'),
(4, 3, '2014-04-30', '2014-04-01', '2014-04-30', 'Apr-14', 'System generated on 2014-11-28 10:43:49', 'OPEN', -99, '2014-11-28 10:43:49', -99, '2014-11-28 10:43:49'),
(5, 3, '2014-05-31', '2014-05-01', '2014-05-31', 'May-14', 'System generated on 2014-11-28 10:43:49', 'OPEN', -99, '2014-11-28 10:43:49', -99, '2014-11-28 10:43:49'),
(6, 3, '2014-06-30', '2014-06-01', '2014-06-30', 'Jun-14', 'System generated on 2014-11-28 10:43:49', 'OPEN', -99, '2014-11-28 10:43:49', -99, '2014-11-28 10:43:49'),
(7, 3, '2014-07-31', '2014-07-01', '2014-07-31', 'Jul-14', 'System generated on 2014-11-28 10:43:49', 'OPEN', -99, '2014-11-28 10:43:49', -99, '2014-11-28 10:43:49'),
(8, 3, '2014-08-31', '2014-08-01', '2014-08-31', 'Aug-14', 'System generated on 2014-11-28 10:43:49', 'OPEN', -99, '2014-11-28 10:43:49', -99, '2014-11-28 10:43:49'),
(9, 3, '2014-09-30', '2014-09-01', '2014-09-30', 'Sep-14', 'System generated on 2014-11-28 10:43:49', 'OPEN', -99, '2014-11-28 10:43:49', -99, '2014-11-28 10:43:49'),
(10, 3, '2014-10-31', '2014-10-01', '2014-10-31', 'Oct-14', 'System generated on 2014-11-28 10:43:49', 'OPEN', -99, '2014-11-28 10:43:49', -99, '2014-11-28 10:43:49'),
(11, 3, '2014-11-30', '2014-11-01', '2014-11-30', 'Nov-14', 'System generated on 2014-11-28 10:43:49', 'OPEN', -99, '2014-11-28 10:43:49', -99, '2014-11-28 10:43:49'),
(12, 3, '2014-12-31', '2014-12-01', '2014-12-31', 'Dec-14', 'System generated on 2014-11-28 10:43:49', 'OPEN', -99, '2014-11-28 10:43:49', -99, '2014-11-28 10:43:49'),
(13, 3, '2015-01-31', '2015-01-01', '2015-01-31', 'Jan-15', 'System generated on 2014-11-28 10:43:49', 'OPEN', -99, '2014-11-28 10:43:49', -99, '2014-11-28 10:43:49'),
(14, 3, '2015-02-28', '2015-02-01', '2015-02-28', 'Feb-15', 'System generated on 2014-11-28 10:43:49', 'OPEN', -99, '2014-11-28 10:43:49', -99, '2014-11-28 10:43:49'),
(15, 3, '2015-03-31', '2015-03-01', '2015-03-31', 'Mar-15', 'System generated on 2014-11-28 10:43:49', 'OPEN', -99, '2014-11-28 10:43:49', -99, '2014-11-28 10:43:49'),
(16, 3, '2015-04-30', '2015-04-01', '2015-04-30', 'Apr-15', 'System generated on 2014-11-28 10:43:49', 'OPEN', -99, '2014-11-28 10:43:49', -99, '2014-11-28 10:43:49'),
(17, 3, '2015-05-31', '2015-05-01', '2015-05-31', 'May-15', 'System generated on 2014-11-28 10:43:49', 'OPEN', -99, '2014-11-28 10:43:49', -99, '2014-11-28 10:43:49'),
(18, 3, '2015-06-30', '2015-06-01', '2015-06-30', 'Jun-15', 'System generated on 2014-11-28 10:43:49', 'OPEN', -99, '2014-11-28 10:43:49', -99, '2014-11-28 10:43:49'),
(19, 3, '2015-07-31', '2015-07-01', '2015-07-31', 'Jul-15', 'System generated on 2014-11-28 10:43:49', 'OPEN', -99, '2014-11-28 10:43:49', -99, '2014-11-28 10:43:49'),
(20, 3, '2015-08-31', '2015-08-01', '2015-08-31', 'Aug-15', 'System generated on 2014-11-28 10:43:49', 'OPEN', -99, '2014-11-28 10:43:49', -99, '2014-11-28 10:43:49'),
(21, 3, '2015-09-30', '2015-09-01', '2015-09-30', 'Sep-15', 'System generated on 2014-11-28 10:43:49', 'OPEN', -99, '2014-11-28 10:43:49', -99, '2014-11-28 10:43:49'),
(22, 3, '2015-10-31', '2015-10-01', '2015-10-31', 'Oct-15', 'System generated on 2014-11-28 10:43:49', 'OPEN', -99, '2014-11-28 10:43:49', -99, '2014-11-28 10:43:49'),
(23, 3, '2015-11-30', '2015-11-01', '2015-11-30', 'Nov-15', 'System generated on 2014-11-28 10:43:49', 'OPEN', -99, '2014-11-28 10:43:49', -99, '2014-11-28 10:43:49'),
(24, 3, '2015-12-31', '2015-12-01', '2015-12-31', 'Dec-15', 'System generated on 2014-11-28 10:43:49', 'OPEN', -99, '2014-11-28 10:43:49', -99, '2014-11-28 10:43:49'),
(25, 3, '2016-01-31', '2016-01-01', '2016-01-31', 'Jan-16', 'System generated on 2014-11-28 10:43:49', 'OPEN', -99, '2014-11-28 10:43:49', -99, '2014-11-28 10:43:49'),
(26, 3, '2016-02-29', '2016-02-01', '2016-02-29', 'Feb-16', 'System generated on 2014-11-28 10:43:49', 'OPEN', -99, '2014-11-28 10:43:49', -99, '2014-11-28 10:43:49'),
(27, 3, '2016-03-31', '2016-03-01', '2016-03-31', 'Mar-16', 'System generated on 2014-11-28 10:43:49', 'OPEN', -99, '2014-11-28 10:43:49', -99, '2014-11-28 10:43:49'),
(28, 3, '2016-04-30', '2016-04-01', '2016-04-30', 'Apr-16', 'System generated on 2014-11-28 10:43:49', 'OPEN', -99, '2014-11-28 10:43:49', -99, '2014-11-28 10:43:49'),
(29, 3, '2016-05-31', '2016-05-01', '2016-05-31', 'May-16', 'System generated on 2014-11-28 10:43:49', 'OPEN', -99, '2014-11-28 10:43:49', -99, '2014-11-28 10:43:49'),
(30, 3, '2016-06-30', '2016-06-01', '2016-06-30', 'Jun-16', 'System generated on 2014-11-28 10:43:49', 'OPEN', -99, '2014-11-28 10:43:49', -99, '2014-11-28 10:43:49'),
(31, 3, '2016-07-31', '2016-07-01', '2016-07-31', 'Jul-16', 'System generated on 2014-11-28 10:43:49', 'OPEN', -99, '2014-11-28 10:43:49', -99, '2014-11-28 10:43:49'),
(32, 3, '2016-08-31', '2016-08-01', '2016-08-31', 'Aug-16', 'System generated on 2014-11-28 10:43:49', 'OPEN', -99, '2014-11-28 10:43:49', -99, '2014-11-28 10:43:49'),
(33, 3, '2016-09-30', '2016-09-01', '2016-09-30', 'Sep-16', 'System generated on 2014-11-28 10:43:49', 'OPEN', -99, '2014-11-28 10:43:49', -99, '2014-11-28 10:43:49'),
(34, 3, '2016-10-31', '2016-10-01', '2016-10-31', 'Oct-16', 'System generated on 2014-11-28 10:43:49', 'OPEN', -99, '2014-11-28 10:43:49', -99, '2014-11-28 10:43:49'),
(35, 3, '2016-11-30', '2016-11-01', '2016-11-30', 'Nov-16', 'System generated on 2014-11-28 10:43:49', 'OPEN', -99, '2014-11-28 10:43:49', -99, '2014-11-28 10:43:49'),
(36, 3, '2016-12-31', '2016-12-01', '2016-12-31', 'Dec-16', 'System generated on 2014-11-28 10:43:49', 'OPEN', -99, '2014-11-28 10:43:49', -99, '2014-11-28 10:43:49'),
(37, 3, '2017-01-31', '2017-01-01', '2017-01-31', 'Jan-17', 'System generated on 2014-11-28 10:43:49', 'OPEN', -99, '2014-11-28 10:43:49', -99, '2014-11-28 10:43:49'),
(38, 3, '2017-02-28', '2017-02-01', '2017-02-28', 'Feb-17', 'System generated on 2014-11-28 10:43:49', 'OPEN', -99, '2014-11-28 10:43:49', -99, '2014-11-28 10:43:49'),
(39, 3, '2017-03-31', '2017-03-01', '2017-03-31', 'Mar-17', 'System generated on 2014-11-28 10:43:49', 'OPEN', -99, '2014-11-28 10:43:49', -99, '2014-11-28 10:43:49'),
(40, 3, '2017-04-30', '2017-04-01', '2017-04-30', 'Apr-17', 'System generated on 2014-11-28 10:43:49', 'OPEN', -99, '2014-11-28 10:43:49', -99, '2014-11-28 10:43:49'),
(41, 3, '2017-05-31', '2017-05-01', '2017-05-31', 'May-17', 'System generated on 2014-11-28 10:43:49', 'OPEN', -99, '2014-11-28 10:43:49', -99, '2014-11-28 10:43:49'),
(42, 3, '2017-06-30', '2017-06-01', '2017-06-30', 'Jun-17', 'System generated on 2014-11-28 10:43:49', 'OPEN', -99, '2014-11-28 10:43:49', -99, '2014-11-28 10:43:49'),
(43, 3, '2017-07-31', '2017-07-01', '2017-07-31', 'Jul-17', 'System generated on 2014-11-28 10:43:49', 'OPEN', -99, '2014-11-28 10:43:49', -99, '2014-11-28 10:43:49'),
(44, 3, '2017-08-31', '2017-08-01', '2017-08-31', 'Aug-17', 'System generated on 2014-11-28 10:43:49', 'OPEN', -99, '2014-11-28 10:43:49', -99, '2014-11-28 10:43:49'),
(45, 3, '2017-09-30', '2017-09-01', '2017-09-30', 'Sep-17', 'System generated on 2014-11-28 10:43:49', 'OPEN', -99, '2014-11-28 10:43:49', -99, '2014-11-28 10:43:49'),
(46, 3, '2017-10-31', '2017-10-01', '2017-10-31', 'Oct-17', 'System generated on 2014-11-28 10:43:49', 'OPEN', -99, '2014-11-28 10:43:49', -99, '2014-11-28 10:43:49'),
(47, 3, '2017-11-30', '2017-11-01', '2017-11-30', 'Nov-17', 'System generated on 2014-11-28 10:43:49', 'OPEN', -99, '2014-11-28 10:43:49', -99, '2014-11-28 10:43:49'),
(48, 3, '2017-12-31', '2017-12-01', '2017-12-31', 'Dec-17', 'System generated on 2014-11-28 10:43:49', 'OPEN', -99, '2014-11-28 10:43:49', -99, '2014-11-28 10:43:49'),
(49, 3, '2018-01-31', '2018-01-01', '2018-01-31', 'Jan-18', 'System generated on 2014-11-28 10:43:49', 'OPEN', -99, '2014-11-28 10:43:49', -99, '2014-11-28 10:43:49'),
(50, 3, '2018-02-28', '2018-02-01', '2018-02-28', 'Feb-18', 'System generated on 2014-11-28 10:43:49', 'OPEN', -99, '2014-11-28 10:43:49', -99, '2014-11-28 10:43:49'),
(51, 3, '2018-03-31', '2018-03-01', '2018-03-31', 'Mar-18', 'System generated on 2014-11-28 10:43:49', 'OPEN', -99, '2014-11-28 10:43:49', -99, '2014-11-28 10:43:49'),
(52, 3, '2018-04-30', '2018-04-01', '2018-04-30', 'Apr-18', 'System generated on 2014-11-28 10:43:49', 'OPEN', -99, '2014-11-28 10:43:49', -99, '2014-11-28 10:43:49'),
(53, 3, '2018-05-31', '2018-05-01', '2018-05-31', 'May-18', 'System generated on 2014-11-28 10:43:49', 'OPEN', -99, '2014-11-28 10:43:49', -99, '2014-11-28 10:43:49'),
(54, 3, '2018-06-30', '2018-06-01', '2018-06-30', 'Jun-18', 'System generated on 2014-11-28 10:43:49', 'OPEN', -99, '2014-11-28 10:43:49', -99, '2014-11-28 10:43:49'),
(55, 3, '2018-07-31', '2018-07-01', '2018-07-31', 'Jul-18', 'System generated on 2014-11-28 10:43:49', 'OPEN', -99, '2014-11-28 10:43:49', -99, '2014-11-28 10:43:49'),
(56, 3, '2018-08-31', '2018-08-01', '2018-08-31', 'Aug-18', 'System generated on 2014-11-28 10:43:49', 'OPEN', -99, '2014-11-28 10:43:49', -99, '2014-11-28 10:43:49'),
(57, 3, '2018-09-30', '2018-09-01', '2018-09-30', 'Sep-18', 'System generated on 2014-11-28 10:43:49', 'OPEN', -99, '2014-11-28 10:43:49', -99, '2014-11-28 10:43:49'),
(58, 3, '2018-10-31', '2018-10-01', '2018-10-31', 'Oct-18', 'System generated on 2014-11-28 10:43:49', 'OPEN', -99, '2014-11-28 10:43:49', -99, '2014-11-28 10:43:49'),
(59, 3, '2018-11-30', '2018-11-01', '2018-11-30', 'Nov-18', 'System generated on 2014-11-28 10:43:49', 'OPEN', -99, '2014-11-28 10:43:49', -99, '2014-11-28 10:43:49'),
(60, 3, '2018-12-31', '2018-12-01', '2018-12-31', 'Dec-18', 'System generated on 2014-11-28 10:43:49', 'OPEN', -99, '2014-11-28 10:43:49', -99, '2014-11-28 10:43:49'),
(61, 1, '2014-01-01', '2014-01-01', '2014-01-01', NULL, 'System generated on 2015-01-07 10:25:28', 'OPEN', 34, '2015-01-07 10:25:28', 34, '2015-01-07 10:25:28'),
(62, 1, '2014-01-16', '2014-01-16', '2014-01-16', NULL, 'System generated on 2015-01-07 10:25:28', 'OPEN', 34, '2015-01-07 10:25:28', 34, '2015-01-07 10:25:28'),
(63, 1, '2014-01-31', '2014-01-31', '2014-01-31', NULL, 'System generated on 2015-01-07 10:25:28', 'OPEN', 34, '2015-01-07 10:25:28', 34, '2015-01-07 10:25:28'),
(64, 1, '2014-02-15', '2014-02-15', '2014-02-15', NULL, 'System generated on 2015-01-07 10:25:28', 'OPEN', 34, '2015-01-07 10:25:28', 34, '2015-01-07 10:25:28'),
(65, 1, '2014-03-02', '2014-03-02', '2014-03-02', NULL, 'System generated on 2015-01-07 10:25:28', 'OPEN', 34, '2015-01-07 10:25:28', 34, '2015-01-07 10:25:28'),
(66, 1, '2014-03-17', '2014-03-17', '2014-03-17', NULL, 'System generated on 2015-01-07 10:25:28', 'OPEN', 34, '2015-01-07 10:25:28', 34, '2015-01-07 10:25:28'),
(67, 1, '2014-04-01', '2014-04-01', '2014-04-01', NULL, 'System generated on 2015-01-07 10:25:28', 'OPEN', 34, '2015-01-07 10:25:28', 34, '2015-01-07 10:25:28'),
(68, 1, '2014-04-16', '2014-04-16', '2014-04-16', NULL, 'System generated on 2015-01-07 10:25:28', 'OPEN', 34, '2015-01-07 10:25:28', 34, '2015-01-07 10:25:28'),
(69, 1, '2014-05-01', '2014-05-01', '2014-05-01', NULL, 'System generated on 2015-01-07 10:25:28', 'OPEN', 34, '2015-01-07 10:25:28', 34, '2015-01-07 10:25:28'),
(70, 1, '2014-05-16', '2014-05-16', '2014-05-16', NULL, 'System generated on 2015-01-07 10:25:28', 'OPEN', 34, '2015-01-07 10:25:28', 34, '2015-01-07 10:25:28'),
(71, 1, '2014-05-31', '2014-05-31', '2014-05-31', NULL, 'System generated on 2015-01-07 10:25:28', 'OPEN', 34, '2015-01-07 10:25:28', 34, '2015-01-07 10:25:28'),
(72, 1, '2014-06-15', '2014-06-15', '2014-06-15', NULL, 'System generated on 2015-01-07 10:25:28', 'OPEN', 34, '2015-01-07 10:25:28', 34, '2015-01-07 10:25:28'),
(73, 1, '2014-06-30', '2014-06-30', '2014-06-30', NULL, 'System generated on 2015-01-07 10:25:28', 'OPEN', 34, '2015-01-07 10:25:28', 34, '2015-01-07 10:25:28'),
(74, 1, '2014-07-15', '2014-07-15', '2014-07-15', NULL, 'System generated on 2015-01-07 10:25:28', 'OPEN', 34, '2015-01-07 10:25:28', 34, '2015-01-07 10:25:28'),
(75, 1, '2014-07-30', '2014-07-30', '2014-07-30', NULL, 'System generated on 2015-01-07 10:25:28', 'OPEN', 34, '2015-01-07 10:25:28', 34, '2015-01-07 10:25:28'),
(76, 1, '2014-08-14', '2014-08-14', '2014-08-14', NULL, 'System generated on 2015-01-07 10:25:28', 'OPEN', 34, '2015-01-07 10:25:28', 34, '2015-01-07 10:25:28'),
(77, 1, '2014-08-29', '2014-08-29', '2014-08-29', NULL, 'System generated on 2015-01-07 10:25:28', 'OPEN', 34, '2015-01-07 10:25:28', 34, '2015-01-07 10:25:28'),
(78, 1, '2014-09-13', '2014-09-13', '2014-09-13', NULL, 'System generated on 2015-01-07 10:25:28', 'OPEN', 34, '2015-01-07 10:25:28', 34, '2015-01-07 10:25:28'),
(79, 1, '2014-09-28', '2014-09-28', '2014-09-28', NULL, 'System generated on 2015-01-07 10:25:28', 'OPEN', 34, '2015-01-07 10:25:28', 34, '2015-01-07 10:25:28'),
(80, 1, '2014-10-13', '2014-10-13', '2014-10-13', NULL, 'System generated on 2015-01-07 10:25:28', 'OPEN', 34, '2015-01-07 10:25:28', 34, '2015-01-07 10:25:28'),
(81, 1, '2014-10-28', '2014-10-28', '2014-10-28', NULL, 'System generated on 2015-01-07 10:25:28', 'OPEN', 34, '2015-01-07 10:25:28', 34, '2015-01-07 10:25:28'),
(82, 1, '2014-11-12', '2014-11-12', '2014-11-12', NULL, 'System generated on 2015-01-07 10:25:28', 'OPEN', 34, '2015-01-07 10:25:28', 34, '2015-01-07 10:25:28'),
(83, 1, '2014-11-27', '2014-11-27', '2014-11-27', NULL, 'System generated on 2015-01-07 10:25:28', 'OPEN', 34, '2015-01-07 10:25:28', 34, '2015-01-07 10:25:28'),
(84, 1, '2014-12-12', '2014-12-12', '2014-12-12', NULL, 'System generated on 2015-01-07 10:25:28', 'OPEN', 34, '2015-01-07 10:25:28', 34, '2015-01-07 10:25:28'),
(85, 1, '2014-12-27', '2014-12-27', '2014-12-27', NULL, 'System generated on 2015-01-07 10:25:28', 'OPEN', 34, '2015-01-07 10:25:28', 34, '2015-01-07 10:25:28'),
(86, 1, '2015-01-11', '2015-01-11', '2015-01-11', NULL, 'System generated on 2015-01-07 10:25:28', 'OPEN', 34, '2015-01-07 10:25:28', 34, '2015-01-07 10:25:28'),
(87, 1, '2015-01-26', '2015-01-26', '2015-01-26', NULL, 'System generated on 2015-01-07 10:25:28', 'OPEN', 34, '2015-01-07 10:25:28', 34, '2015-01-07 10:25:28'),
(88, 1, '2015-02-10', '2015-02-10', '2015-02-10', NULL, 'System generated on 2015-01-07 10:25:28', 'OPEN', 34, '2015-01-07 10:25:28', 34, '2015-01-07 10:25:28'),
(89, 1, '2015-02-25', '2015-02-25', '2015-02-25', NULL, 'System generated on 2015-01-07 10:25:28', 'OPEN', 34, '2015-01-07 10:25:28', 34, '2015-01-07 10:25:28'),
(90, 1, '2015-03-12', '2015-03-12', '2015-03-12', NULL, 'System generated on 2015-01-07 10:25:28', 'OPEN', 34, '2015-01-07 10:25:28', 34, '2015-01-07 10:25:28'),
(91, 1, '2015-03-27', '2015-03-27', '2015-03-27', NULL, 'System generated on 2015-01-07 10:25:28', 'OPEN', 34, '2015-01-07 10:25:28', 34, '2015-01-07 10:25:28'),
(92, 1, '2015-04-11', '2015-04-11', '2015-04-11', NULL, 'System generated on 2015-01-07 10:25:28', 'OPEN', 34, '2015-01-07 10:25:28', 34, '2015-01-07 10:25:28'),
(93, 1, '2015-04-26', '2015-04-26', '2015-04-26', NULL, 'System generated on 2015-01-07 10:25:28', 'OPEN', 34, '2015-01-07 10:25:28', 34, '2015-01-07 10:25:28'),
(94, 1, '2015-05-11', '2015-05-11', '2015-05-11', NULL, 'System generated on 2015-01-07 10:25:28', 'OPEN', 34, '2015-01-07 10:25:28', 34, '2015-01-07 10:25:28'),
(95, 1, '2015-05-26', '2015-05-26', '2015-05-26', NULL, 'System generated on 2015-01-07 10:25:28', 'OPEN', 34, '2015-01-07 10:25:28', 34, '2015-01-07 10:25:28'),
(96, 1, '2015-06-10', '2015-06-10', '2015-06-10', NULL, 'System generated on 2015-01-07 10:25:28', 'OPEN', 34, '2015-01-07 10:25:28', 34, '2015-01-07 10:25:28'),
(97, 1, '2015-06-25', '2015-06-25', '2015-06-25', NULL, 'System generated on 2015-01-07 10:25:28', 'OPEN', 34, '2015-01-07 10:25:28', 34, '2015-01-07 10:25:28'),
(98, 1, '2015-07-10', '2015-07-10', '2015-07-10', NULL, 'System generated on 2015-01-07 10:25:28', 'OPEN', 34, '2015-01-07 10:25:28', 34, '2015-01-07 10:25:28'),
(99, 1, '2015-07-25', '2015-07-25', '2015-07-25', NULL, 'System generated on 2015-01-07 10:25:28', 'OPEN', 34, '2015-01-07 10:25:28', 34, '2015-01-07 10:25:28'),
(100, 1, '2015-08-09', '2015-08-09', '2015-08-09', NULL, 'System generated on 2015-01-07 10:25:28', 'OPEN', 34, '2015-01-07 10:25:28', 34, '2015-01-07 10:25:28'),
(101, 1, '2015-08-24', '2015-08-24', '2015-08-24', NULL, 'System generated on 2015-01-07 10:25:28', 'OPEN', 34, '2015-01-07 10:25:28', 34, '2015-01-07 10:25:28'),
(102, 1, '2015-09-08', '2015-09-08', '2015-09-08', NULL, 'System generated on 2015-01-07 10:25:28', 'OPEN', 34, '2015-01-07 10:25:28', 34, '2015-01-07 10:25:28'),
(103, 1, '2015-09-23', '2015-09-23', '2015-09-23', NULL, 'System generated on 2015-01-07 10:25:28', 'OPEN', 34, '2015-01-07 10:25:28', 34, '2015-01-07 10:25:28'),
(104, 1, '2015-10-08', '2015-10-08', '2015-10-08', NULL, 'System generated on 2015-01-07 10:25:28', 'OPEN', 34, '2015-01-07 10:25:28', 34, '2015-01-07 10:25:28'),
(105, 1, '2015-10-23', '2015-10-23', '2015-10-23', NULL, 'System generated on 2015-01-07 10:25:28', 'OPEN', 34, '2015-01-07 10:25:28', 34, '2015-01-07 10:25:28'),
(106, 1, '2015-11-07', '2015-11-07', '2015-11-07', NULL, 'System generated on 2015-01-07 10:25:28', 'OPEN', 34, '2015-01-07 10:25:28', 34, '2015-01-07 10:25:28'),
(107, 1, '2015-11-22', '2015-11-22', '2015-11-22', NULL, 'System generated on 2015-01-07 10:25:28', 'OPEN', 34, '2015-01-07 10:25:28', 34, '2015-01-07 10:25:28'),
(108, 1, '2015-12-07', '2015-12-07', '2015-12-07', NULL, 'System generated on 2015-01-07 10:25:28', 'OPEN', 34, '2015-01-07 10:25:28', 34, '2015-01-07 10:25:28'),
(109, 1, '2015-12-22', '2015-12-22', '2015-12-22', NULL, 'System generated on 2015-01-07 10:25:28', 'OPEN', 34, '2015-01-07 10:25:28', 34, '2015-01-07 10:25:28');

-- --------------------------------------------------------

--
-- Table structure for table `hr_payslip_header`
--

CREATE TABLE `hr_payslip_header` (
  `hr_payslip_header_id` int(12) UNSIGNED NOT NULL,
  `hr_payroll_process_id` int(12) DEFAULT NULL,
  `period_name_id` int(12) DEFAULT NULL,
  `pay_date` date NOT NULL,
  `description` varchar(256) DEFAULT NULL,
  `status` varchar(25) DEFAULT NULL,
  `job_id` int(12) DEFAULT NULL,
  `position_id` int(12) DEFAULT NULL,
  `employee_id` int(12) DEFAULT NULL,
  `grade_id` int(12) DEFAULT NULL,
  `no_of_days` decimal(20,5) NOT NULL,
  `bank_account_id` int(12) DEFAULT NULL,
  `payment_ref_no` varchar(50) DEFAULT NULL,
  `social_ac_no` varchar(50) DEFAULT NULL,
  `social_ac_no2` varchar(50) DEFAULT NULL,
  `mode_of_payment` varchar(25) NOT NULL,
  `tax_reg_number` varchar(25) DEFAULT NULL,
  `pay_duration_type` varchar(25) DEFAULT NULL,
  `created_by` int(12) NOT NULL,
  `creation_date` datetime NOT NULL,
  `last_update_by` int(12) NOT NULL,
  `last_update_date` datetime NOT NULL
) ENGINE=InnoDB DEFAULT CHARSET=latin1;

-- --------------------------------------------------------

--
-- Table structure for table `hr_payslip_line`
--

CREATE TABLE `hr_payslip_line` (
  `hr_payslip_line_id` int(12) UNSIGNED NOT NULL,
  `hr_payslip_header_id` int(12) NOT NULL,
  `hr_compensation_element_id` int(12) NOT NULL,
  `element_value` decimal(20,5) DEFAULT NULL,
  `period` varchar(50) DEFAULT NULL,
  `created_by` int(12) NOT NULL,
  `creation_date` datetime NOT NULL,
  `last_update_by` int(12) NOT NULL,
  `last_update_date` datetime NOT NULL
) ENGINE=InnoDB DEFAULT CHARSET=latin1;

-- --------------------------------------------------------

--
-- Table structure for table `hr_perdiem_rate`
--

CREATE TABLE `hr_perdiem_rate` (
  `hr_perdiem_rate_id` int(12) NOT NULL,
  `hr_location_id` varchar(50) NOT NULL,
  `hr_grade_id` varchar(255) DEFAULT NULL,
  `rate` decimal(15,5) NOT NULL,
  `from_date` date NOT NULL,
  `to_date` date DEFAULT NULL,
  `currency` varchar(20) NOT NULL,
  `description` varchar(50) DEFAULT NULL,
  `created_by` int(12) NOT NULL,
  `creation_date` datetime DEFAULT NULL,
  `last_update_by` int(12) NOT NULL,
  `last_update_date` datetime DEFAULT NULL
) ENGINE=InnoDB DEFAULT CHARSET=latin1;

-- --------------------------------------------------------

--
-- Table structure for table `hr_position`
--

CREATE TABLE `hr_position` (
  `hr_position_id` int(10) UNSIGNED NOT NULL,
  `position_name` varchar(100) DEFAULT NULL,
  `job_id` int(12) DEFAULT NULL,
  `org_id` int(12) DEFAULT NULL,
  `location_id` int(12) DEFAULT NULL,
  `description` varchar(256) DEFAULT NULL,
  `start_date` date DEFAULT NULL,
  `end_date` date DEFAULT NULL,
  `headcount` int(12) DEFAULT NULL,
  `grade_id` int(12) DEFAULT NULL,
  `payroll_id` int(12) DEFAULT NULL,
  `salary_basis` varchar(25) DEFAULT NULL,
  `working_hours` decimal(20,5) DEFAULT NULL,
  `wh_frequency` varchar(25) DEFAULT NULL,
  `position_details` text,
  `position_status` varchar(25) DEFAULT NULL,
  `created_by` int(12) NOT NULL,
  `creation_date` datetime DEFAULT NULL,
  `last_update_by` int(12) NOT NULL,
  `last_update_date` datetime DEFAULT NULL
) ENGINE=InnoDB DEFAULT CHARSET=latin1;

--
-- Dumping data for table `hr_position`
--

INSERT INTO `hr_position` (`hr_position_id`, `position_name`, `job_id`, `org_id`, `location_id`, `description`, `start_date`, `end_date`, `headcount`, `grade_id`, `payroll_id`, `salary_basis`, `working_hours`, `wh_frequency`, `position_details`, `position_status`, `created_by`, `creation_date`, `last_update_by`, `last_update_date`) VALUES
(1, 'Sr. Technican', 1, 1, NULL, NULL, NULL, NULL, NULL, NULL, NULL, NULL, NULL, NULL, NULL, NULL, 0, '2014-08-08 17:19:36', 0, '2014-08-08 17:19:36'),
(2, 'Sr. Technican II', 1, 1, NULL, NULL, NULL, NULL, NULL, NULL, NULL, NULL, NULL, NULL, NULL, NULL, 0, '2014-08-08 17:21:55', 0, '2014-08-08 17:21:55'),
(3, 'Supervisor', 1, 1, NULL, NULL, NULL, NULL, NULL, NULL, NULL, NULL, NULL, NULL, NULL, NULL, 0, '2014-08-08 17:26:41', 0, '2014-08-08 17:26:41'),
(4, 'Ops Manager', 2, 1, NULL, NULL, NULL, NULL, NULL, NULL, NULL, NULL, NULL, NULL, 'sdsdaas\r\nasdasdsdsdaas\r\nasdasdsdsdaas\r\nasdasdsdsdaas\r\nasdasdsdsdaas\r\nasdasd', NULL, 0, '2014-08-17 08:35:03', 34, '2014-12-24 11:51:25');

-- --------------------------------------------------------

--
-- Table structure for table `hr_pos_hierarchy_header`
--

CREATE TABLE `hr_pos_hierarchy_header` (
  `hr_pos_hierarchy_header_id` int(12) NOT NULL,
  `starting_position_id` int(12) NOT NULL,
  `hierarchy_name` varchar(50) DEFAULT NULL,
  `description` varchar(256) DEFAULT NULL,
  `revision` varchar(12) DEFAULT NULL,
  `effective_date` date DEFAULT NULL,
  `created_by` int(12) NOT NULL,
  `creation_date` datetime NOT NULL,
  `last_update_by` int(12) NOT NULL,
  `last_update_date` datetime NOT NULL
) ENGINE=InnoDB DEFAULT CHARSET=latin1;

--
-- Dumping data for table `hr_pos_hierarchy_header`
--

INSERT INTO `hr_pos_hierarchy_header` (`hr_pos_hierarchy_header_id`, `starting_position_id`, `hierarchy_name`, `description`, `revision`, `effective_date`, `created_by`, `creation_date`, `last_update_by`, `last_update_date`) VALUES
(1, 4, 'SPG_Hirearchy', 'SPG_Hirearchy', '1', NULL, 0, '2014-08-09 09:31:00', 0, '2009-08-14 09:31:00'),
(2, 3, 'SPG_Hirearchy', 'Singapore Hierarchy', '1', '2016-08-23', 0, '2014-08-09 09:31:51', 1, '2016-08-25 04:41:24');

-- --------------------------------------------------------

--
-- Table structure for table `hr_pos_hierarchy_line`
--

CREATE TABLE `hr_pos_hierarchy_line` (
  `hr_pos_hierarchy_line_id` int(12) NOT NULL,
  `hr_pos_hierarchy_header_id` int(12) UNSIGNED NOT NULL,
  `position_id` int(12) UNSIGNED NOT NULL,
  `description` varchar(256) NOT NULL,
  `effective_start_date` date DEFAULT NULL,
  `effective_end_date` date DEFAULT NULL,
  `created_by` int(12) NOT NULL,
  `creation_date` datetime NOT NULL,
  `last_update_by` int(12) NOT NULL,
  `last_update_date` datetime NOT NULL
) ENGINE=InnoDB DEFAULT CHARSET=latin1;

--
-- Dumping data for table `hr_pos_hierarchy_line`
--

INSERT INTO `hr_pos_hierarchy_line` (`hr_pos_hierarchy_line_id`, `hr_pos_hierarchy_header_id`, `position_id`, `description`, `effective_start_date`, `effective_end_date`, `created_by`, `creation_date`, `last_update_by`, `last_update_date`) VALUES
(1, 1, 3, '', NULL, NULL, 0, '2014-08-09 09:31:01', 0, '2014-08-09 09:31:01'),
(2, 2, 1, '', NULL, NULL, 0, '2014-08-09 09:31:40', 1, '2016-08-25 04:41:24'),
(3, 2, 2, '', NULL, NULL, 0, '2014-08-09 09:31:40', 1, '2016-08-25 04:41:24');

-- --------------------------------------------------------

--
-- Table structure for table `hr_team_header`
--

CREATE TABLE `hr_team_header` (
  `hr_team_header_id` int(12) UNSIGNED NOT NULL,
  `team_name` varchar(256) NOT NULL,
  `team_lead_employee_id` int(12) NOT NULL,
  `type` varchar(25) DEFAULT NULL,
  `region` varchar(50) DEFAULT NULL,
  `objective` text,
  `email` varchar(100) DEFAULT NULL,
  `status` varchar(25) DEFAULT NULL,
  `start_date` date DEFAULT NULL,
  `end_date` date DEFAULT NULL,
  `created_by` int(12) NOT NULL,
  `creation_date` datetime NOT NULL,
  `last_update_by` int(12) NOT NULL,
  `last_update_date` datetime NOT NULL
) ENGINE=InnoDB DEFAULT CHARSET=latin1;

-- --------------------------------------------------------

--
-- Table structure for table `hr_team_line`
--

CREATE TABLE `hr_team_line` (
  `hr_team_line_id` int(12) UNSIGNED NOT NULL,
  `hr_team_header_id` int(12) NOT NULL,
  `member_employee_id` int(12) NOT NULL,
  `role` varchar(25) DEFAULT NULL,
  `responsibility` int(3) NOT NULL,
  `region` varchar(50) DEFAULT NULL,
  `start_date` date DEFAULT NULL,
  `end_date` date DEFAULT NULL,
  `objective` varchar(256) DEFAULT NULL,
  `created_by` int(12) NOT NULL,
  `creation_date` datetime NOT NULL,
  `last_update_by` int(12) NOT NULL,
  `last_update_date` datetime NOT NULL
) ENGINE=InnoDB DEFAULT CHARSET=latin1;

-- --------------------------------------------------------

--
-- Table structure for table `hr_timesheet_header`
--

CREATE TABLE `hr_timesheet_header` (
  `hr_timesheet_header_id` int(12) UNSIGNED NOT NULL,
  `hr_timesheet_period_id` int(12) NOT NULL,
  `approver_employee_id` int(12) DEFAULT NULL,
  `entered_on` date DEFAULT NULL,
  `approved_on` date DEFAULT NULL,
  `hr_employee_id` int(12) NOT NULL,
  `approved_date` date DEFAULT NULL,
  `approved_by_employee_id` int(12) DEFAULT NULL,
  `status` varchar(25) NOT NULL,
  `created_by` int(12) NOT NULL,
  `creation_date` datetime NOT NULL,
  `last_update_by` int(12) NOT NULL,
  `last_update_date` datetime NOT NULL
) ENGINE=InnoDB DEFAULT CHARSET=latin1;

-- --------------------------------------------------------

--
-- Table structure for table `hr_timesheet_line`
--

CREATE TABLE `hr_timesheet_line` (
  `hr_timesheet_line_id` int(12) UNSIGNED NOT NULL,
  `hr_timesheet_header_id` int(12) NOT NULL,
  `work_date` date DEFAULT NULL,
  `prj_project_header_id` int(12) DEFAULT NULL,
  `prj_project_line_id` int(12) DEFAULT NULL,
  `prj_work_type_id` int(12) DEFAULT NULL,
  `day1` decimal(5,3) DEFAULT NULL,
  `day2` decimal(5,3) DEFAULT NULL,
  `day3` decimal(5,3) DEFAULT NULL,
  `day4` decimal(5,3) DEFAULT NULL,
  `day5` decimal(5,3) DEFAULT NULL,
  `day6` decimal(5,3) DEFAULT NULL,
  `day7` decimal(5,3) DEFAULT NULL,
  `status` varchar(25) DEFAULT NULL,
  `purpose` varchar(255) DEFAULT NULL,
  `description` varchar(255) DEFAULT NULL,
  `created_by` int(12) NOT NULL,
  `creation_date` datetime NOT NULL,
  `last_update_by` int(12) NOT NULL,
  `last_update_date` datetime NOT NULL
) ENGINE=InnoDB DEFAULT CHARSET=latin1;

-- --------------------------------------------------------

--
-- Table structure for table `hr_timesheet_period`
--

CREATE TABLE `hr_timesheet_period` (
  `hr_timesheet_period_id` int(12) NOT NULL,
  `timesheet_period` varchar(50) DEFAULT NULL,
  `from_date` date DEFAULT NULL,
  `to_date` date DEFAULT NULL,
  `max_work_hour` decimal(6,3) DEFAULT NULL,
  `max_billable_hour` decimal(6,3) DEFAULT NULL,
  `status` varchar(15) NOT NULL,
  `description` varchar(200) DEFAULT NULL,
  `created_by` int(12) NOT NULL,
  `creation_date` datetime DEFAULT NULL,
  `last_update_by` int(12) NOT NULL,
  `last_update_date` datetime DEFAULT NULL
) ENGINE=InnoDB DEFAULT CHARSET=latin1;

-- --------------------------------------------------------

--
-- Table structure for table `ino_session`
--

CREATE TABLE `ino_session` (
  `ino_session_id` int(128) NOT NULL,
  `ino_user_id` int(12) NOT NULL,
  `session_token` varchar(255) NOT NULL,
  `php_session_id` varchar(255) NOT NULL,
  `hostname` varchar(128) DEFAULT NULL,
  `session_data` text,
  `creation_date` datetime DEFAULT NULL,
  `created_by` int(12) DEFAULT NULL,
  `last_update_by` int(12) DEFAULT NULL,
  `last_update_date` date DEFAULT NULL
) ENGINE=InnoDB DEFAULT CHARSET=latin1;

--
-- Dumping data for table `ino_session`
--

INSERT INTO `ino_session` (`ino_session_id`, `ino_user_id`, `session_token`, `php_session_id`, `hostname`, `session_data`, `creation_date`, `created_by`, `last_update_by`, `last_update_date`) VALUES
(1, 1, 'dce718224a4c4d9969309e2e76d41568', 'fq1o4g8jfqb4bhpfgh6a5jvtr6', 'http://localhost/inoerp-prod/', 'a:13:{s:12:"recent_visit";a:0:{}s:10:"user_roles";a:1:{i:0;s:5:"ADMIN";}s:11:"role_access";N;s:15:"allowed_modules";a:0:{}s:16:"allowed_path_ids";N;s:11:"ino_user_id";s:1:"1";s:7:"user_id";s:1:"1";s:8:"username";s:6:"inoerp";s:12:"login_status";b:1;s:4:"lang";s:5:"en_US";s:8:"is_admin";b:1;s:15:"user_org_access";N;s:13:"session_token";s:32:"dce718224a4c4d9969309e2e76d41568";}', '2016-09-02 08:45:03', 1, 1, '2016-09-02');

-- --------------------------------------------------------

--
-- Table structure for table `ino_user`
--

CREATE TABLE `ino_user` (
  `ino_user_id` int(12) UNSIGNED NOT NULL,
  `person_id` int(12) DEFAULT NULL,
  `username` varchar(256) DEFAULT NULL,
  `password` varchar(256) NOT NULL DEFAULT '',
  `first_name` varchar(100) DEFAULT NULL,
  `last_name` varchar(60) DEFAULT NULL,
  `assigned_ip` varchar(256) DEFAULT NULL,
  `phone` varchar(30) DEFAULT NULL,
  `email` varchar(100) NOT NULL,
  `user_language` varchar(20) DEFAULT NULL,
  `date_format` tinyint(1) NOT NULL DEFAULT '0',
  `hr_employee_id` int(12) DEFAULT NULL,
  `block_notif_count` int(5) DEFAULT NULL,
  `supplier_id` int(12) DEFAULT NULL,
  `default_theme` varchar(50) DEFAULT NULL,
  `use_personal_db_cb` tinyint(1) DEFAULT NULL,
  `ar_customer_id` int(12) DEFAULT NULL,
  `use_personal_color_cb` tinyint(1) DEFAULT NULL,
  `mandatory_field_color` varchar(15) DEFAULT NULL,
  `heading_color` varchar(15) DEFAULT NULL,
  `content_color` varchar(15) DEFAULT NULL,
  `bg_image_file_id` int(12) DEFAULT NULL,
  `bg_opacity` decimal(3,3) DEFAULT NULL,
  `show_bg_image_cb` tinyint(1) DEFAULT NULL,
  `prices_dec` smallint(6) NOT NULL DEFAULT '2',
  `qty_dec` smallint(6) NOT NULL DEFAULT '2',
  `rates_dec` smallint(6) NOT NULL DEFAULT '4',
  `percent_dec` smallint(6) NOT NULL DEFAULT '1',
  `show_gl` tinyint(1) NOT NULL DEFAULT '1',
  `show_codes` tinyint(1) NOT NULL DEFAULT '0',
  `show_hints` tinyint(1) NOT NULL DEFAULT '0',
  `last_visit_date` datetime DEFAULT NULL,
  `query_size` tinyint(1) DEFAULT '10',
  `image_file_id` int(12) DEFAULT NULL,
  `pos` smallint(6) DEFAULT '1',
  `print_profile` varchar(30) NOT NULL DEFAULT '1',
  `rep_popup` tinyint(1) DEFAULT '1',
  `auth_provider_name` varchar(255) DEFAULT NULL,
  `auth_provider_id` varchar(255) DEFAULT NULL,
  `status` tinyint(1) NOT NULL DEFAULT '1',
  `created_by` int(12) NOT NULL,
  `creation_date` datetime DEFAULT NULL,
  `last_update_by` int(12) NOT NULL,
  `last_update_date` datetime DEFAULT NULL,
  `revision_enabled` char(1) DEFAULT 'N',
  `revision_number` int(11) DEFAULT NULL
) ENGINE=InnoDB DEFAULT CHARSET=latin1;

--
-- Dumping data for table `ino_user`
--

INSERT INTO `ino_user` (`ino_user_id`, `person_id`, `username`, `password`, `first_name`, `last_name`, `assigned_ip`, `phone`, `email`, `user_language`, `date_format`, `hr_employee_id`, `block_notif_count`, `supplier_id`, `default_theme`, `use_personal_db_cb`, `ar_customer_id`, `use_personal_color_cb`, `mandatory_field_color`, `heading_color`, `content_color`, `bg_image_file_id`, `bg_opacity`, `show_bg_image_cb`, `prices_dec`, `qty_dec`, `rates_dec`, `percent_dec`, `show_gl`, `show_codes`, `show_hints`, `last_visit_date`, `query_size`, `image_file_id`, `pos`, `print_profile`, `rep_popup`, `auth_provider_name`, `auth_provider_id`, `status`, `created_by`, `creation_date`, `last_update_by`, `last_update_date`, `revision_enabled`, `revision_number`) VALUES
(1, NULL, 'inoerp', '$2y$10$3JUPAxEZlXCilIXNFYw8E.gpZo5DTBPANCDcJ8FchR2ua9DI/cFNq', 'inoerp', 'inoerp', NULL, '34543543', 'inoerp@no-site.com', 'en_US', 0, 1, 4, NULL, NULL, NULL, 8, 1, '#fff9f9', '#1f6dad', '#fafafa', 638, '0.900', 1, 2, 2, 4, 1, 1, 0, 0, NULL, 10, 639, 1, '1', 1, NULL, NULL, 0, 0, '2014-08-26 12:51:31', 1, '2016-08-26 10:46:04', 'N', NULL),
(2, NULL, 'admin', '$2y$10$/WO8Ymjdlqi9EkCwFsacTecUTcANOPmDJF4D6hQwxhnvWXIGNibUu', 'Admin', 'Admin', NULL, NULL, 'admin@thissite.com', NULL, 0, NULL, NULL, NULL, NULL, NULL, NULL, NULL, '#000000', '#000000', '#000000', NULL, NULL, NULL, 2, 2, 4, 1, 1, 0, 0, NULL, 10, 1, 1, '1', 1, NULL, NULL, 1, 0, '2014-09-13 19:16:52', 2, '2016-07-17 04:01:34', 'N', NULL),
(3, NULL, 'ladmin', '$2y$10$IGPuWvc8UzbgZF.mlIrU1uLtkE/f1UZnT.F6Q1H3ab8z9RVF0CL22', 'Local', 'Admin', NULL, NULL, 'ladmin@localhsot', NULL, 0, NULL, NULL, NULL, 'default', NULL, NULL, NULL, NULL, NULL, NULL, NULL, NULL, NULL, 2, 2, 4, 1, 1, 0, 0, NULL, 10, NULL, 1, '1', 1, NULL, NULL, 1, 34, '2015-05-06 04:40:14', 34, '2015-09-23 06:57:24', 'N', NULL),
(4, NULL, 'buyer', '$2y$10$ayQHbI49LnalTyF6eCEOp.bOMzRz5E/VnuAxB3yvgfJo06B8lJYoO', 'buyer', 'inoerp', NULL, '34543543', 'buyer@no-site.com', 'en_US', 0, NULL, 4, NULL, NULL, NULL, 8, 1, '#fff9f9', '#1f6dad', '#fafafa', 638, '0.900', 1, 2, 2, 4, 1, 1, 0, 0, NULL, 10, 639, 1, '1', 1, NULL, NULL, 1, 1, '2016-08-26 10:44:01', 1, '2016-09-02 06:39:58', 'N', NULL);

-- --------------------------------------------------------

--
-- Table structure for table `inventory`
--

CREATE TABLE `inventory` (
  `inventory_id` int(12) NOT NULL,
  `org_id` int(12) NOT NULL,
  `type` varchar(25) NOT NULL,
  `code` varchar(25) NOT NULL,
  `item_master_cb` tinyint(1) DEFAULT NULL,
  `master_org_id` int(12) DEFAULT NULL,
  `calendar` varchar(25) DEFAULT NULL,
  `locator_control` varchar(50) DEFAULT NULL,
  `allow_negative_balance_cb` tinyint(1) DEFAULT NULL,
  `costing_org` varchar(25) NOT NULL,
  `pos_price_list_header_id` int(12) DEFAULT NULL,
  `costing_method` varchar(25) NOT NULL,
  `transfer_to_gl_cb` tinyint(1) DEFAULT NULL,
  `default_cost_group` varchar(25) DEFAULT NULL,
  `material_ac_id` int(12) NOT NULL,
  `material_oh_ac_id` int(12) DEFAULT NULL,
  `overhead_ac_id` int(12) DEFAULT NULL,
  `resource_ac_id` int(12) DEFAULT NULL,
  `expense_ac_id` int(12) DEFAULT NULL,
  `lot_uniqueness` varchar(50) DEFAULT NULL,
  `lot_generation` varchar(50) DEFAULT NULL,
  `lot_prefix` varchar(50) DEFAULT NULL,
  `lot_starting_number` varchar(50) DEFAULT NULL,
  `serial_uniqueness` varchar(50) DEFAULT NULL,
  `serial_generation` varchar(50) DEFAULT NULL,
  `serial_prefix` varchar(50) DEFAULT NULL,
  `serial_starting_number` varchar(50) DEFAULT NULL,
  `atp` varchar(50) DEFAULT NULL,
  `picking_rule` varchar(50) DEFAULT NULL,
  `sourcing_rule` varchar(50) DEFAULT NULL,
  `inter_org_ppv_ac_id` int(12) DEFAULT NULL,
  `inter_org_receivable_ac_id` int(12) DEFAULT NULL,
  `inter_org_payable_ac_id` int(12) DEFAULT NULL,
  `inter_org_intransit_ac_id` int(12) DEFAULT NULL,
  `inv_ap_accrual_ac_id` int(12) NOT NULL,
  `inv_ap_exp_accrual_ac_id` int(12) DEFAULT NULL,
  `inv_ppv_ac_id` int(12) DEFAULT NULL,
  `inv_ipv_ac_id` int(12) DEFAULT NULL,
  `sales_ac_id` int(12) NOT NULL,
  `cogs_ac_id` int(12) NOT NULL,
  `deferred_cogs_ac_id` int(12) DEFAULT NULL,
  `costupdate_ac_id` int(12) DEFAULT NULL,
  `item_rev_enabled_cb` tinyint(1) DEFAULT NULL,
  `rev_start_number` varchar(25) DEFAULT NULL,
  `status` enum('enabled','disabled') DEFAULT NULL,
  `rev_enabled` enum('enabled','disabled') DEFAULT NULL,
  `rev_number` int(12) DEFAULT NULL,
  `created_by` int(12) NOT NULL,
  `creation_date` datetime DEFAULT NULL,
  `last_update_by` int(12) NOT NULL,
  `last_update_date` datetime DEFAULT NULL
) ENGINE=InnoDB DEFAULT CHARSET=latin1;

--
-- Dumping data for table `inventory`
--

INSERT INTO `inventory` (`inventory_id`, `org_id`, `type`, `code`, `item_master_cb`, `master_org_id`, `calendar`, `locator_control`, `allow_negative_balance_cb`, `costing_org`, `pos_price_list_header_id`, `costing_method`, `transfer_to_gl_cb`, `default_cost_group`, `material_ac_id`, `material_oh_ac_id`, `overhead_ac_id`, `resource_ac_id`, `expense_ac_id`, `lot_uniqueness`, `lot_generation`, `lot_prefix`, `lot_starting_number`, `serial_uniqueness`, `serial_generation`, `serial_prefix`, `serial_starting_number`, `atp`, `picking_rule`, `sourcing_rule`, `inter_org_ppv_ac_id`, `inter_org_receivable_ac_id`, `inter_org_payable_ac_id`, `inter_org_intransit_ac_id`, `inv_ap_accrual_ac_id`, `inv_ap_exp_accrual_ac_id`, `inv_ppv_ac_id`, `inv_ipv_ac_id`, `sales_ac_id`, `cogs_ac_id`, `deferred_cogs_ac_id`, `costupdate_ac_id`, `item_rev_enabled_cb`, `rev_start_number`, `status`, `rev_enabled`, `rev_number`, `created_by`, `creation_date`, `last_update_by`, `last_update_date`) VALUES
(1, 7, 'MASTER', 'MAS', 1, 7, '										 										 			', '', 0, 'MAS', NULL, 'Standard', 0, '', 20, 0, 0, 0, 0, '', '', '										 										 										 										 						', '										 										 										 										 						', '', '', '										 										 										 										 						', '										 										 										 										 						', '', '', '', 0, 0, 0, 0, 21, 0, 0, 0, 22, 23, 24, 0, 1, '', '', 'enabled', 0, 0, '2013-09-28 17:08:02', 0, '2013-09-28 17:08:02'),
(2, 6, 'MFG', 'MUM', NULL, 7, '										 										 			', NULL, 1, 'INO_IO01', 4, 'Standard', 1, NULL, 3790, 3806, 3805, 3807, 990, NULL, NULL, '										 										 										 										 						', '										 										 										 										 						', NULL, NULL, '										 										 										 										 						', '										 										 										 										 						', NULL, NULL, NULL, 1154, 220, 1208, 1202, 1208, 1208, 1154, NULL, 4966, 6194, 185, 3827, NULL, NULL, NULL, NULL, NULL, 0, '2014-08-01 13:30:14', 34, '2015-09-21 09:49:52'),
(3, 9, 'REPAIR', 'SPG', NULL, 7, '																									', NULL, NULL, 'Singapore', NULL, 'Standard', NULL, NULL, 5867, NULL, NULL, 5867, 5867, NULL, NULL, '																																	                ', '																																	                ', NULL, NULL, '																																	                ', '																																	                ', NULL, NULL, NULL, 215, 125, 33, 195, 14, 14, 215, 1184, 61, 198, 198, NULL, NULL, NULL, NULL, NULL, NULL, 0, '2014-08-02 06:35:36', 1, '2016-07-07 10:11:20'),
(4, 11, 'MFG', 'SPG', NULL, 7, '																									', NULL, NULL, 'SPG IO', NULL, 'Standard', 1, NULL, 4413, 4429, 4428, 4430, 4796, NULL, NULL, '																																																		', '																																																		', NULL, NULL, '																																																		', '																																																		', NULL, NULL, NULL, 4844, 4844, 4844, 4844, 4512, 4512, 4752, 4844, 4967, 4886, 4455, NULL, 1, NULL, NULL, 'enabled', NULL, 0, '2014-08-02 18:31:29', 34, '2015-01-25 06:52:19'),
(5, 16, 'MFG', 'SC001', NULL, 7, '											              ', NULL, 1, 'Singapore', NULL, 'Standard', NULL, NULL, 3790, 3806, 3805, 3807, 4174, NULL, NULL, '											                                ', '											                                ', NULL, NULL, '											                                ', '											                                ', NULL, NULL, NULL, 1154, 220, 1208, 1202, 1208, 1208, 1154, 1026, 4966, 1024, 185, NULL, 1, NULL, NULL, NULL, 111, 34, '2014-11-17 17:11:59', 34, '2015-01-25 05:26:24');

-- --------------------------------------------------------

--
-- Table structure for table `inv_abc_assignment_header`
--

CREATE TABLE `inv_abc_assignment_header` (
  `inv_abc_assignment_header_id` int(12) NOT NULL,
  `abc_assignment_name` varchar(50) NOT NULL,
  `inv_abc_valuation_id` int(12) NOT NULL,
  `org_id` int(12) NOT NULL,
  `description` varchar(256) DEFAULT NULL,
  `created_by` int(12) NOT NULL,
  `creation_date` datetime DEFAULT NULL,
  `last_update_by` int(12) NOT NULL,
  `last_update_date` datetime DEFAULT NULL
) ENGINE=InnoDB DEFAULT CHARSET=latin1;

-- --------------------------------------------------------

--
-- Table structure for table `inv_abc_assignment_line`
--

CREATE TABLE `inv_abc_assignment_line` (
  `inv_abc_assignment_line_id` int(12) NOT NULL,
  `inv_abc_assignment_header_id` int(12) NOT NULL,
  `item_id_m` int(12) NOT NULL,
  `abc_class` char(2) NOT NULL,
  `description` varchar(256) DEFAULT NULL,
  `created_by` int(12) NOT NULL,
  `creation_date` datetime DEFAULT NULL,
  `last_update_by` int(12) NOT NULL,
  `last_update_date` datetime DEFAULT NULL
) ENGINE=InnoDB DEFAULT CHARSET=latin1;

-- --------------------------------------------------------

--
-- Table structure for table `inv_abc_valuation`
--

CREATE TABLE `inv_abc_valuation` (
  `inv_abc_valuation_id` int(12) NOT NULL,
  `valuation_name` varchar(50) NOT NULL,
  `scope_org_id` int(12) DEFAULT NULL,
  `scope_sub_inventory_id` int(12) DEFAULT NULL,
  `scope_org_hirearchy_id` int(12) DEFAULT NULL,
  `description` varchar(256) DEFAULT NULL,
  `scope_product_line` varchar(50) DEFAULT NULL,
  `criteria` varchar(50) DEFAULT NULL,
  `cost_type` varchar(25) DEFAULT NULL,
  `fp_forecast_header_id` int(12) DEFAULT NULL,
  `fp_mrp_header_id` int(12) DEFAULT NULL,
  `from_date` date DEFAULT NULL,
  `to_date` date DEFAULT NULL,
  `created_by` int(12) NOT NULL,
  `creation_date` datetime DEFAULT NULL,
  `last_update_by` int(12) NOT NULL,
  `last_update_date` datetime DEFAULT NULL
) ENGINE=InnoDB DEFAULT CHARSET=latin1;

-- --------------------------------------------------------

--
-- Table structure for table `inv_abc_valuation_result`
--

CREATE TABLE `inv_abc_valuation_result` (
  `inv_abc_valuation_result_id` int(12) NOT NULL,
  `inv_abc_valuation_id` int(12) NOT NULL,
  `seq_number` int(12) NOT NULL,
  `item_id_m` int(12) NOT NULL,
  `quantity` int(12) DEFAULT NULL,
  `value` decimal(20,5) DEFAULT NULL,
  `cum_quantity` int(12) DEFAULT NULL,
  `cum_value` varchar(50) DEFAULT NULL,
  `created_by` int(12) NOT NULL,
  `creation_date` datetime DEFAULT NULL,
  `last_update_by` int(12) NOT NULL,
  `last_update_date` datetime DEFAULT NULL
) ENGINE=InnoDB DEFAULT CHARSET=latin1;

-- --------------------------------------------------------

--
-- Table structure for table `inv_count_abc_ref`
--

CREATE TABLE `inv_count_abc_ref` (
  `inv_count_abc_ref_id` int(12) NOT NULL,
  `inv_count_header_id` int(12) NOT NULL,
  `class_code` char(2) NOT NULL,
  `count_per_year` mediumint(2) NOT NULL,
  `created_by` int(12) NOT NULL,
  `creation_date` datetime DEFAULT NULL,
  `last_update_by` int(12) NOT NULL,
  `last_update_date` datetime DEFAULT NULL
) ENGINE=InnoDB DEFAULT CHARSET=latin1;

-- --------------------------------------------------------

--
-- Table structure for table `inv_count_entries`
--

CREATE TABLE `inv_count_entries` (
  `inv_count_entries_id` int(12) NOT NULL,
  `inv_count_schedule_id` int(12) DEFAULT NULL,
  `item_id_m` int(12) NOT NULL,
  `uom_id` int(12) NOT NULL,
  `org_id` int(12) NOT NULL,
  `subinventory_id` int(12) DEFAULT NULL,
  `locator_id` int(12) DEFAULT NULL,
  `lot_number` varchar(50) DEFAULT NULL,
  `serial_number` varchar(50) DEFAULT NULL,
  `schedule_date` date NOT NULL,
  `adjustment_ac_id` int(12) DEFAULT NULL,
  `status` varchar(25) NOT NULL,
  `reason` varchar(256) DEFAULT NULL,
  `reference` varchar(256) DEFAULT NULL,
  `counted_by` varchar(256) NOT NULL,
  `count_date` date NOT NULL,
  `count_qty` decimal(20,5) NOT NULL,
  `system_qty` decimal(20,5) NOT NULL,
  `adjusted_qty` decimal(20,5) NOT NULL,
  `description` varchar(256) DEFAULT NULL,
  `created_by` int(12) NOT NULL,
  `creation_date` datetime DEFAULT NULL,
  `last_update_by` int(12) NOT NULL,
  `last_update_date` datetime DEFAULT NULL
) ENGINE=InnoDB DEFAULT CHARSET=latin1;

-- --------------------------------------------------------

--
-- Stand-in structure for view `inv_count_entries_v`
--
CREATE TABLE `inv_count_entries_v` (
`inv_count_entries_id` int(12)
,`inv_count_schedule_id` int(12)
,`item_id_m` int(12)
,`uom_id` int(12)
,`org_id` int(12)
,`subinventory_id` int(12)
,`locator_id` int(12)
,`lot_number` varchar(50)
,`serial_number` varchar(50)
,`schedule_date` date
,`adjustment_ac_id` int(12)
,`status` varchar(25)
,`reason` varchar(256)
,`reference` varchar(256)
,`counted_by` varchar(256)
,`count_date` date
,`count_qty` decimal(20,5)
,`system_qty` decimal(20,5)
,`adjusted_qty` decimal(20,5)
,`description` varchar(256)
,`created_by` int(12)
,`creation_date` datetime
,`last_update_by` int(12)
,`last_update_date` datetime
,`item_number` varchar(50)
,`item_description` varchar(256)
,`subinventory` varchar(25)
,`locator` varchar(256)
,`uom_name` varchar(25)
,`org` varchar(50)
);

-- --------------------------------------------------------

--
-- Table structure for table `inv_count_header`
--

CREATE TABLE `inv_count_header` (
  `inv_count_header_id` int(12) NOT NULL,
  `count_name` varchar(50) NOT NULL,
  `count_type` varchar(25) NOT NULL,
  `adjustment_ac_id` int(12) NOT NULL,
  `org_id` int(12) NOT NULL,
  `description` varchar(256) DEFAULT NULL,
  `inv_abc_assignment_header_id` int(12) DEFAULT NULL,
  `approval_required` varchar(50) DEFAULT NULL,
  `quantity_variance_positive` decimal(20,5) DEFAULT NULL,
  `quantity_variance_negative` decimal(20,5) DEFAULT NULL,
  `value_variance_positive` decimal(20,5) DEFAULT NULL,
  `value_variance_negative` decimal(20,5) DEFAULT NULL,
  `status` enum('active','inactive','','') DEFAULT NULL,
  `created_by` int(12) NOT NULL,
  `creation_date` datetime DEFAULT NULL,
  `last_update_by` int(12) NOT NULL,
  `last_update_date` datetime DEFAULT NULL
) ENGINE=InnoDB DEFAULT CHARSET=latin1;

-- --------------------------------------------------------

--
-- Table structure for table `inv_count_schedule`
--

CREATE TABLE `inv_count_schedule` (
  `inv_count_schedule_id` int(12) NOT NULL,
  `inv_count_header_id` int(12) NOT NULL,
  `item_id_m` int(12) NOT NULL,
  `subinventory_id` int(12) DEFAULT NULL,
  `locator_id` int(12) DEFAULT NULL,
  `lot_number` varchar(50) DEFAULT NULL,
  `serial_number` varchar(50) DEFAULT NULL,
  `schedule_date` date NOT NULL,
  `zero_count_cb` tinyint(1) DEFAULT NULL,
  `status` varchar(25) DEFAULT NULL,
  `abc_code` varchar(2) DEFAULT NULL,
  `description` varchar(256) DEFAULT NULL,
  `created_by` int(12) NOT NULL,
  `creation_date` datetime DEFAULT NULL,
  `last_update_by` int(12) NOT NULL,
  `last_update_date` datetime DEFAULT NULL
) ENGINE=InnoDB DEFAULT CHARSET=latin1;

-- --------------------------------------------------------

--
-- Stand-in structure for view `inv_interorg_receipt_header`
--
CREATE TABLE `inv_interorg_receipt_header` (
`inv_receipt_header_id` int(12)
,`receipt_number` varchar(50)
,`org_id` int(12)
,`transaction_type_id` int(12)
,`receipt_date` date
,`received_by` varchar(256)
,`carrier` varchar(256)
,`vechile_number` varchar(256)
,`comment` varchar(256)
,`ef_id` int(12)
,`created_by` int(12)
,`creation_date` datetime
,`last_update_by` int(12)
,`last_update_date` datetime
);

-- --------------------------------------------------------

--
-- Stand-in structure for view `inv_interorg_transfer_v`
--
CREATE TABLE `inv_interorg_transfer_v` (
`inv_intorg_transfer_header_id` int(12)
,`order_number` varchar(25)
,`io_order_number` varchar(25)
,`line_number` int(12)
,`io_line_number` int(12)
,`item_number` varchar(50)
,`status` varchar(25)
,`inv_intorg_transfer_line_id` int(12)
,`comment` varchar(256)
,`from_org_id` int(12)
,`transaction_type_id` int(12)
,`to_org_id` int(12)
,`carrier` varchar(256)
,`vehicle_number` varchar(256)
,`waybill` varchar(50)
,`uom_id` int(12)
,`from_subinventory_id` int(12)
,`from_locator_id` int(12)
,`item_id_m` int(12)
,`item_description` varchar(256)
,`to_subinventory_id` int(12)
,`to_locator_id` int(12)
,`transaction_quantity` int(12)
,`serial_number` varchar(256)
,`lot_number` varchar(256)
);

-- --------------------------------------------------------

--
-- Table structure for table `inv_intorg_transfer_header`
--

CREATE TABLE `inv_intorg_transfer_header` (
  `inv_intorg_transfer_header_id` int(12) NOT NULL,
  `order_number` varchar(25) DEFAULT NULL,
  `comment` varchar(256) DEFAULT NULL,
  `from_org_id` int(12) NOT NULL,
  `transaction_type_id` int(12) DEFAULT NULL,
  `to_org_id` int(12) NOT NULL,
  `status` varchar(25) DEFAULT NULL,
  `transfer_to_gl` tinyint(1) DEFAULT NULL,
  `transaction_date` date DEFAULT NULL,
  `carrier` varchar(256) DEFAULT NULL,
  `vehicle_number` varchar(256) DEFAULT NULL,
  `waybill` varchar(50) DEFAULT NULL,
  `created_by` int(12) NOT NULL,
  `creation_date` datetime NOT NULL,
  `last_update_by` int(12) NOT NULL,
  `last_update_date` datetime NOT NULL
) ENGINE=InnoDB DEFAULT CHARSET=latin1;

-- --------------------------------------------------------

--
-- Table structure for table `inv_intorg_transfer_line`
--

CREATE TABLE `inv_intorg_transfer_line` (
  `inv_intorg_transfer_line_id` int(12) NOT NULL,
  `inv_intorg_transfer_header_id` int(12) NOT NULL,
  `transaction_type_id` int(12) NOT NULL,
  `line_number` int(12) DEFAULT NULL,
  `from_subinventory_id` int(12) NOT NULL,
  `from_locator_id` int(12) DEFAULT NULL,
  `item_id_m` int(12) DEFAULT NULL,
  `revision_name` varchar(10) DEFAULT NULL,
  `item_description` varchar(256) DEFAULT NULL,
  `status` varchar(25) DEFAULT NULL,
  `uom_id` int(12) DEFAULT NULL,
  `to_subinventory_id` int(12) DEFAULT NULL,
  `to_locator_id` int(12) DEFAULT NULL,
  `transaction_quantity` int(12) NOT NULL,
  `received_quantity` decimal(15,5) DEFAULT NULL,
  `description` varchar(256) DEFAULT NULL,
  `reason` varchar(50) DEFAULT NULL,
  `reference_type` varchar(25) DEFAULT NULL,
  `reference_key_name` varchar(50) DEFAULT NULL,
  `reference_key_value` varchar(50) DEFAULT NULL,
  `lot_number` varchar(256) DEFAULT NULL,
  `serial_number` varchar(256) DEFAULT NULL,
  `created_by` int(12) NOT NULL,
  `creation_date` datetime NOT NULL,
  `last_update_by` int(12) NOT NULL,
  `last_update_date` datetime NOT NULL
) ENGINE=InnoDB DEFAULT CHARSET=latin1;

-- --------------------------------------------------------

--
-- Table structure for table `inv_item_relation`
--

CREATE TABLE `inv_item_relation` (
  `inv_item_relation_id` int(12) UNSIGNED NOT NULL,
  `relation_type` varchar(25) NOT NULL,
  `from_item_id_m` int(12) NOT NULL,
  `to_item_id_m` int(12) NOT NULL,
  `org_id` int(12) DEFAULT NULL,
  `from_date` date DEFAULT NULL,
  `to_date` date DEFAULT NULL,
  `description` varchar(256) DEFAULT NULL,
  `planning_cb` tinyint(1) DEFAULT NULL,
  `status` varchar(25) DEFAULT NULL,
  `created_by` int(12) NOT NULL,
  `creation_date` datetime DEFAULT NULL,
  `last_update_by` int(12) NOT NULL,
  `last_update_date` datetime DEFAULT NULL
) ENGINE=InnoDB DEFAULT CHARSET=latin1;

-- --------------------------------------------------------

--
-- Table structure for table `inv_item_revision`
--

CREATE TABLE `inv_item_revision` (
  `inv_item_revision_id` int(12) NOT NULL,
  `revision_name` varchar(10) NOT NULL,
  `item_id_m` int(12) NOT NULL,
  `description` varchar(256) DEFAULT NULL,
  `org_id` int(12) NOT NULL,
  `reason` varchar(256) DEFAULT NULL,
  `eco_number` varchar(50) DEFAULT NULL,
  `effective_start_date` date DEFAULT NULL,
  `effective_end_date` date DEFAULT NULL,
  `implementation_date` date NOT NULL,
  `origination_date` date NOT NULL,
  `created_by` int(12) NOT NULL,
  `creation_date` datetime NOT NULL,
  `last_update_by` int(12) NOT NULL,
  `last_update_date` datetime NOT NULL
) ENGINE=InnoDB DEFAULT CHARSET=latin1;

-- --------------------------------------------------------

--
-- Table structure for table `inv_location_default`
--

CREATE TABLE `inv_location_default` (
  `inv_location_default_id` int(12) UNSIGNED NOT NULL,
  `org_id` int(12) NOT NULL,
  `item_id_m` int(12) DEFAULT NULL,
  `priority` int(3) DEFAULT NULL,
  `default_type` varchar(25) DEFAULT NULL,
  `description` varchar(256) DEFAULT NULL,
  `subinventory_id` int(12) DEFAULT NULL,
  `locator_id` int(12) DEFAULT NULL,
  `address_id` int(12) DEFAULT NULL,
  `created_by` int(12) NOT NULL,
  `creation_date` datetime DEFAULT NULL,
  `last_update_by` int(12) NOT NULL,
  `last_update_date` datetime DEFAULT NULL
) ENGINE=InnoDB DEFAULT CHARSET=latin1;

-- --------------------------------------------------------

--
-- Table structure for table `inv_lot_number`
--

CREATE TABLE `inv_lot_number` (
  `inv_lot_number_id` int(12) NOT NULL,
  `lot_number` varchar(50) NOT NULL,
  `quantity` decimal(20,5) DEFAULT NULL,
  `item_id_m` int(12) NOT NULL,
  `generation` varchar(25) NOT NULL,
  `org_id` int(12) NOT NULL,
  `lock_cb` tinyint(1) DEFAULT NULL,
  `first_inv_transaction_id` int(12) DEFAULT NULL,
  `reference_key_name` varchar(50) DEFAULT NULL,
  `reference_key_value` varchar(25) DEFAULT NULL,
  `origination_type` varchar(25) NOT NULL,
  `origination_date` date NOT NULL,
  `status` varchar(25) DEFAULT NULL,
  `activation_date` date DEFAULT NULL,
  `expiration_date` date DEFAULT NULL,
  `supplier_site_id` int(12) DEFAULT NULL,
  `po_header_id` int(12) DEFAULT NULL,
  `supplier_sn` varchar(50) DEFAULT NULL,
  `supplier_ln` varchar(50) DEFAULT NULL,
  `expiration_action` varchar(50) DEFAULT NULL,
  `item_revision` varchar(10) DEFAULT NULL,
  `parent_lot_number_id` int(12) DEFAULT NULL,
  `original_wip_wo_header_id` int(12) DEFAULT NULL,
  `last_inv_transaction_id` int(12) DEFAULT NULL,
  `country_of_origin` varchar(25) DEFAULT NULL,
  `description` varchar(256) DEFAULT NULL,
  `ar_customer_site_id` int(12) DEFAULT NULL,
  `created_by` int(12) NOT NULL,
  `creation_date` datetime NOT NULL,
  `last_update_by` int(12) NOT NULL,
  `last_update_date` datetime NOT NULL
) ENGINE=InnoDB DEFAULT CHARSET=latin1;

-- --------------------------------------------------------

--
-- Table structure for table `inv_lot_onhand`
--

CREATE TABLE `inv_lot_onhand` (
  `inv_lot_onhand_id` int(12) NOT NULL,
  `onhand_id` int(12) NOT NULL,
  `inv_lot_number_id` int(12) NOT NULL,
  `lot_quantity` decimal(20,5) NOT NULL,
  `created_by` int(12) NOT NULL,
  `creation_date` datetime DEFAULT NULL,
  `last_update_by` int(12) NOT NULL,
  `last_update_date` datetime DEFAULT NULL
) ENGINE=InnoDB DEFAULT CHARSET=latin1;

-- --------------------------------------------------------

--
-- Stand-in structure for view `inv_lot_onhand_v`
--
CREATE TABLE `inv_lot_onhand_v` (
`inv_lot_onhand_id` int(12)
,`onhand_id` int(12)
,`lot_inv_lot_number_id` int(12)
,`lot_quantity` decimal(20,5)
,`lot_number` varchar(50)
,`inv_lot_number_id` int(12)
,`item_number` varchar(50)
,`item_description` varchar(256)
,`org_id` int(12)
,`item_id_m` int(12)
,`subinventory` varchar(25)
,`locator` varchar(256)
,`uom_id` int(12)
,`onhand` float
,`subinventory_id` int(12)
,`locator_id` int(12)
);

-- --------------------------------------------------------

--
-- Table structure for table `inv_lot_transaction`
--

CREATE TABLE `inv_lot_transaction` (
  `inv_lot_transaction_id` int(12) NOT NULL,
  `inv_transaction_id` int(12) NOT NULL,
  `inv_lot_number_id` int(12) NOT NULL,
  `lot_quantity` decimal(20,5) NOT NULL,
  `created_by` int(12) NOT NULL,
  `creation_date` datetime DEFAULT NULL,
  `last_update_by` int(12) NOT NULL,
  `last_update_date` datetime DEFAULT NULL
) ENGINE=InnoDB DEFAULT CHARSET=latin1;

-- --------------------------------------------------------

--
-- Stand-in structure for view `inv_lot_transaction_v`
--
CREATE TABLE `inv_lot_transaction_v` (
`inv_lot_transaction_id` int(12)
,`inv_transaction_id` int(12)
,`inv_lot_number_id` int(12)
,`lot_number` varchar(50)
,`transaction_type_id` int(12)
,`transaction_type` varchar(40)
,`org_id` int(12)
,`item_number` varchar(50)
,`item_description` varchar(256)
,`item_id_m` int(12)
,`from_subinventory` varchar(25)
,`to_subinventory` varchar(25)
,`from_locator` varchar(256)
,`to_locator` varchar(256)
,`uom_id` int(12)
,`lot_number_id` int(12)
,`document_type` varchar(25)
,`document_number` varchar(25)
,`document_id` int(12)
,`po_header_id` int(12)
,`po_line_id` int(12)
,`po_detail_id` int(12)
,`sd_so_line_id` int(12)
,`reason` varchar(25)
,`reference_key_name` varchar(50)
,`reference_key_value` varchar(50)
,`description` varchar(256)
,`from_org_id` int(12)
,`from_subinventory_id` int(12)
,`to_org_id` int(12)
,`to_subinventory_id` int(12)
,`from_locator_id` int(12)
,`to_locator_id` int(12)
);

-- --------------------------------------------------------

--
-- Table structure for table `inv_moveorder_header`
--

CREATE TABLE `inv_moveorder_header` (
  `inv_moveorder_header_id` int(12) NOT NULL,
  `order_number` varchar(25) DEFAULT NULL,
  `comment` varchar(256) DEFAULT NULL,
  `org_id` int(12) NOT NULL,
  `transaction_type_id` int(12) DEFAULT NULL,
  `status` varchar(25) DEFAULT NULL,
  `transfer_to_gl` tinyint(1) DEFAULT NULL,
  `transaction_date` date DEFAULT NULL,
  `created_by` int(12) NOT NULL,
  `creation_date` datetime NOT NULL,
  `last_update_by` int(12) NOT NULL,
  `last_update_date` datetime NOT NULL
) ENGINE=InnoDB DEFAULT CHARSET=latin1;

-- --------------------------------------------------------

--
-- Table structure for table `inv_moveorder_line`
--

CREATE TABLE `inv_moveorder_line` (
  `inv_moveorder_line_id` int(12) NOT NULL,
  `inv_moveorder_header_id` int(12) NOT NULL,
  `transaction_type_id` int(12) NOT NULL,
  `line_number` int(12) DEFAULT NULL,
  `from_subinventory_id` int(12) NOT NULL,
  `from_locator_id` int(12) DEFAULT NULL,
  `item_id_m` int(12) DEFAULT NULL,
  `revision_name` varchar(10) DEFAULT NULL,
  `item_description` varchar(256) DEFAULT NULL,
  `status` varchar(25) DEFAULT NULL,
  `uom_id` int(12) DEFAULT NULL,
  `to_subinventory_id` int(12) DEFAULT NULL,
  `to_locator_id` int(12) DEFAULT NULL,
  `transaction_quantity` int(12) NOT NULL,
  `received_quantity` decimal(15,5) DEFAULT NULL,
  `description` varchar(255) DEFAULT NULL,
  `reason` varchar(50) DEFAULT NULL,
  `reference_type` varchar(25) DEFAULT NULL,
  `reference_key_name` varchar(50) DEFAULT NULL,
  `reference_key_value` varchar(50) DEFAULT NULL,
  `inv_lot_number_id` int(12) DEFAULT NULL,
  `inv_serial_number_id` int(12) DEFAULT NULL,
  `account_id` int(12) DEFAULT NULL,
  `location_id` int(12) DEFAULT NULL,
  `created_by` int(12) NOT NULL,
  `creation_date` datetime NOT NULL,
  `last_update_by` int(12) NOT NULL,
  `last_update_date` datetime NOT NULL
) ENGINE=InnoDB DEFAULT CHARSET=latin1;

-- --------------------------------------------------------

--
-- Table structure for table `inv_receipt_header`
--

CREATE TABLE `inv_receipt_header` (
  `inv_receipt_header_id` int(12) NOT NULL,
  `receipt_number` varchar(50) DEFAULT NULL,
  `comment` varchar(256) DEFAULT NULL,
  `org_id` int(12) NOT NULL,
  `transaction_type_id` int(12) DEFAULT NULL,
  `receipt_date` date DEFAULT NULL,
  `status` varchar(25) DEFAULT NULL,
  `transfer_to_gl` tinyint(1) DEFAULT NULL,
  `received_by` varchar(256) DEFAULT NULL,
  `carrier` varchar(256) DEFAULT NULL,
  `vechile_number` varchar(256) DEFAULT NULL,
  `ef_id` int(12) DEFAULT NULL,
  `created_by` int(12) NOT NULL,
  `creation_date` datetime NOT NULL,
  `last_update_by` int(12) NOT NULL,
  `last_update_date` datetime NOT NULL
) ENGINE=InnoDB DEFAULT CHARSET=latin1;

-- --------------------------------------------------------

--
-- Table structure for table `inv_receipt_line`
--

CREATE TABLE `inv_receipt_line` (
  `inv_receipt_line_id` int(12) NOT NULL,
  `inv_receipt_header_id` int(12) NOT NULL,
  `transaction_type_id` int(12) NOT NULL,
  `line_number` varchar(25) NOT NULL,
  `subinventory_id` int(12) NOT NULL,
  `locator_id` int(12) DEFAULT NULL,
  `item_id_m` int(12) DEFAULT NULL,
  `revision_name` varchar(12) DEFAULT NULL,
  `item_description` varchar(256) DEFAULT NULL,
  `status` varchar(25) DEFAULT NULL,
  `uom_id` int(12) DEFAULT NULL,
  `receving_account_id` int(12) DEFAULT NULL,
  `accrual_account_id` int(12) DEFAULT NULL,
  `transaction_quantity` int(12) NOT NULL,
  `ref_doc_type` varchar(256) DEFAULT NULL,
  `ref_doc_number` varchar(256) DEFAULT NULL,
  `po_header_id` int(12) DEFAULT NULL,
  `po_line_id` int(12) DEFAULT NULL,
  `po_detail_id` int(12) DEFAULT NULL,
  `sd_so_line_id` int(12) DEFAULT NULL,
  `sd_so_header_id` int(12) DEFAULT NULL,
  `inv_interorg_transfer_header_id` int(12) DEFAULT NULL,
  `inv_interorg_transfer_line_id` int(12) DEFAULT NULL,
  `po_requisition_header_id` int(12) DEFAULT NULL,
  `po_requisition_line_id` int(12) DEFAULT NULL,
  `po_requisition_detail_id` int(12) DEFAULT NULL,
  `country_of_origin` int(12) DEFAULT NULL,
  `lot_number` varchar(256) DEFAULT NULL,
  `serial_number` varchar(256) DEFAULT NULL,
  `currency` varchar(5) DEFAULT NULL,
  `doc_currency` varchar(5) DEFAULT NULL,
  `exchange_rate_type` varchar(10) DEFAULT NULL,
  `exchange_rate` decimal(15,5) DEFAULT NULL,
  `created_by` int(12) NOT NULL,
  `creation_date` datetime NOT NULL,
  `last_update_by` int(12) NOT NULL,
  `last_update_date` datetime NOT NULL
) ENGINE=InnoDB DEFAULT CHARSET=latin1;

-- --------------------------------------------------------

--
-- Table structure for table `inv_reservation`
--

CREATE TABLE `inv_reservation` (
  `inv_reservation_id` int(12) NOT NULL,
  `item_id_m` int(12) NOT NULL,
  `org_id` int(12) NOT NULL,
  `status` varchar(25) DEFAULT NULL,
  `demand_type` varchar(25) DEFAULT NULL,
  `sd_so_header_id` varchar(256) DEFAULT NULL,
  `sd_so_line_id` varchar(10) DEFAULT NULL,
  `d_reference_key_name` varchar(50) NOT NULL,
  `d_reference_key_value` int(12) NOT NULL,
  `demand_comment` varchar(255) DEFAULT NULL,
  `need_by_date` datetime DEFAULT NULL,
  `uom_id` int(12) DEFAULT NULL,
  `demand_quantity` decimal(15,5) DEFAULT NULL,
  `supply_type` varchar(25) DEFAULT NULL,
  `subinventory_id` int(12) DEFAULT NULL,
  `locator_id` int(12) DEFAULT NULL,
  `s_reference_key_name` varchar(50) NOT NULL,
  `s_reference_key_value` int(12) NOT NULL,
  `onhand_id` int(12) DEFAULT NULL,
  `supply_comment` varchar(255) DEFAULT NULL,
  `inv_serial_number_id` int(12) DEFAULT NULL,
  `inv_lot_number_id` int(12) DEFAULT NULL,
  `reason` varchar(25) DEFAULT NULL,
  `reservation_type` varchar(50) DEFAULT NULL,
  `reference_key_name` varchar(50) DEFAULT NULL,
  `reference_key_value` int(12) DEFAULT NULL,
  `description` varchar(256) DEFAULT NULL,
  `created_by` int(12) NOT NULL,
  `creation_date` datetime NOT NULL,
  `last_update_by` int(12) DEFAULT NULL,
  `last_update_date` datetime DEFAULT NULL
) ENGINE=InnoDB DEFAULT CHARSET=latin1;

-- --------------------------------------------------------

--
-- Table structure for table `inv_serial_number`
--

CREATE TABLE `inv_serial_number` (
  `inv_serial_number_id` int(12) NOT NULL,
  `serial_number` varchar(50) NOT NULL,
  `item_id_m` int(12) NOT NULL,
  `generation` varchar(25) NOT NULL,
  `org_id` int(12) NOT NULL,
  `lock_cb` tinyint(1) DEFAULT NULL,
  `first_inv_transaction_id` int(12) DEFAULT NULL,
  `reference_key_name` varchar(50) DEFAULT NULL,
  `reference_key_value` varchar(25) DEFAULT NULL,
  `origination_type` varchar(25) NOT NULL,
  `origination_date` date NOT NULL,
  `status` varchar(25) DEFAULT NULL,
  `activation_date` date DEFAULT NULL,
  `current_org_id` int(12) DEFAULT NULL,
  `supplier_site_id` int(12) DEFAULT NULL,
  `po_header_id` int(12) DEFAULT NULL,
  `supplier_sn` varchar(50) DEFAULT NULL,
  `supplier_ln` varchar(50) DEFAULT NULL,
  `inv_lot_number_id` int(12) DEFAULT NULL,
  `current_subinventory_id` int(12) DEFAULT NULL,
  `current_locator_id` int(12) DEFAULT NULL,
  `item_revision` varchar(10) DEFAULT NULL,
  `parent_serial_number_id` int(12) DEFAULT NULL,
  `original_wip_wo_header_id` int(12) DEFAULT NULL,
  `current_wip_wo_header_id` int(12) DEFAULT NULL,
  `last_inv_transaction_id` int(12) DEFAULT NULL,
  `country_of_origin` varchar(25) DEFAULT NULL,
  `fixed_asset_cb` tinyint(1) DEFAULT NULL,
  `description` varchar(256) DEFAULT NULL,
  `ar_customer_site_id` int(12) DEFAULT NULL,
  `sd_so_line_id` int(12) DEFAULT NULL,
  `fa_asset_id` int(11) DEFAULT NULL,
  `created_by` int(12) NOT NULL,
  `creation_date` datetime NOT NULL,
  `last_update_by` int(12) NOT NULL,
  `last_update_date` datetime NOT NULL
) ENGINE=InnoDB DEFAULT CHARSET=latin1;

-- --------------------------------------------------------

--
-- Table structure for table `inv_serial_transaction`
--

CREATE TABLE `inv_serial_transaction` (
  `inv_serial_transaction_id` int(12) NOT NULL,
  `inv_transaction_id` int(12) NOT NULL,
  `inv_serial_number_id` int(12) NOT NULL,
  `created_by` int(12) NOT NULL,
  `creation_date` datetime DEFAULT NULL,
  `last_update_by` int(12) NOT NULL,
  `last_update_date` datetime DEFAULT NULL
) ENGINE=InnoDB DEFAULT CHARSET=latin1;

-- --------------------------------------------------------

--
-- Stand-in structure for view `inv_serial_transaction_v`
--
CREATE TABLE `inv_serial_transaction_v` (
`inv_serial_transaction_id` int(12)
,`inv_transaction_id` int(12)
,`inv_serial_number_id` int(12)
,`serial_number` varchar(50)
,`transaction_type_id` int(12)
,`transaction_type` varchar(40)
,`org_id` int(12)
,`item_number` varchar(50)
,`item_description` varchar(256)
,`item_id_m` int(12)
,`from_subinventory` varchar(25)
,`to_subinventory` varchar(25)
,`from_locator` varchar(256)
,`to_locator` varchar(256)
,`uom_id` int(12)
,`lot_number_id` int(12)
,`document_type` varchar(25)
,`document_number` varchar(25)
,`document_id` int(12)
,`po_header_id` int(12)
,`po_line_id` int(12)
,`po_detail_id` int(12)
,`sd_so_line_id` int(12)
,`reason` varchar(25)
,`reference_key_name` varchar(50)
,`reference_key_value` varchar(50)
,`description` varchar(256)
,`from_org_id` int(12)
,`from_subinventory_id` int(12)
,`to_org_id` int(12)
,`to_subinventory_id` int(12)
,`from_locator_id` int(12)
,`to_locator_id` int(12)
);

-- --------------------------------------------------------

--
-- Table structure for table `inv_transaction`
--

CREATE TABLE `inv_transaction` (
  `inv_transaction_id` int(12) NOT NULL,
  `transaction_type_id` int(12) NOT NULL,
  `org_id` int(12) NOT NULL,
  `status` varchar(25) DEFAULT NULL,
  `receipt_line_id` int(12) DEFAULT NULL,
  `item_number` varchar(256) DEFAULT NULL,
  `revision_name` varchar(10) DEFAULT NULL,
  `item_id_m` int(12) NOT NULL,
  `uom_id` int(12) DEFAULT NULL,
  `lot_number_id` int(12) DEFAULT NULL,
  `logical_transaction_cb` tinyint(1) DEFAULT NULL,
  `document_type` varchar(25) DEFAULT NULL,
  `document_number` varchar(25) DEFAULT NULL,
  `document_id` int(12) DEFAULT NULL,
  `wip_wo_bom_id` int(12) DEFAULT NULL,
  `am_wo_bom_id` int(12) DEFAULT NULL,
  `po_header_id` int(12) DEFAULT NULL,
  `po_line_id` int(12) DEFAULT NULL,
  `po_detail_id` int(12) DEFAULT NULL,
  `sd_so_line_id` int(12) DEFAULT NULL,
  `reason` varchar(25) DEFAULT NULL,
  `reference_type` varchar(50) DEFAULT NULL,
  `reference_key_name` varchar(50) DEFAULT NULL,
  `reference_key_value` varchar(50) DEFAULT NULL,
  `description` varchar(256) DEFAULT NULL,
  `from_org_id` int(12) DEFAULT NULL,
  `from_subinventory_id` int(12) DEFAULT NULL,
  `from_locator_id` int(12) DEFAULT NULL,
  `quantity` double DEFAULT NULL,
  `from_account_id` int(12) DEFAULT NULL,
  `to_org_id` int(12) DEFAULT NULL,
  `to_subinventory_id` int(12) DEFAULT NULL,
  `to_locator_id` int(12) DEFAULT NULL,
  `to_account_id` int(12) DEFAULT NULL,
  `unit_cost` int(12) DEFAULT NULL,
  `costed_amount` double DEFAULT NULL,
  `gl_journal_header_id` int(12) DEFAULT NULL,
  `bom_config_header_id` int(12) DEFAULT NULL,
  `pm_batch_line_id` int(12) DEFAULT NULL,
  `pm_batch_header_id` int(12) DEFAULT NULL,
  `pm_batch_ingredient_id` int(12) DEFAULT NULL,
  `pm_batch_byproduct_id` int(12) DEFAULT NULL,
  `transaction_rev_enabled_cb` tinyint(1) DEFAULT NULL,
  `rev_start_number` varchar(25) DEFAULT NULL,
  `po_requisition_detail_id` int(12) DEFAULT NULL,
  `created_by` int(12) NOT NULL,
  `creation_date` datetime DEFAULT NULL,
  `last_update_by` int(12) NOT NULL,
  `last_update_date` datetime DEFAULT NULL
) ENGINE=InnoDB DEFAULT CHARSET=latin1;

-- --------------------------------------------------------

--
-- Table structure for table `item`
--

CREATE TABLE `item` (
  `item_id` int(12) NOT NULL,
  `item_id_m` int(12) DEFAULT NULL,
  `org_id` int(12) NOT NULL,
  `item_number` varchar(50) NOT NULL,
  `item_description` varchar(256) DEFAULT NULL,
  `image_file_id` int(12) DEFAULT NULL,
  `product_line` varchar(20) DEFAULT NULL,
  `product_line_percentage` decimal(10,5) DEFAULT NULL,
  `locator_control` varchar(15) DEFAULT NULL,
  `allow_negative_balance_cb` tinyint(1) DEFAULT NULL,
  `long_description` text,
  `uom_id` int(12) NOT NULL,
  `origination_type` varchar(25) DEFAULT NULL,
  `origination_date` date DEFAULT NULL,
  `item_type` varchar(20) DEFAULT NULL,
  `item_status` varchar(15) NOT NULL,
  `inventory_item_cb` tinyint(1) DEFAULT NULL,
  `stockable_cb` tinyint(1) DEFAULT NULL,
  `transactable_cb` tinyint(1) DEFAULT NULL,
  `reservable_cb` tinyint(1) DEFAULT NULL,
  `cycle_count_enabled_cb` tinyint(1) DEFAULT NULL,
  `kit_cb` tinyint(1) DEFAULT NULL,
  `bom_enabled_cb` tinyint(1) DEFAULT NULL,
  `bom_type` varchar(15) DEFAULT NULL,
  `costing_enabled_cb` tinyint(1) DEFAULT NULL,
  `inventory_asset_cb` tinyint(1) DEFAULT NULL,
  `default_cost_group` varchar(15) DEFAULT NULL,
  `material_ac_id` int(12) DEFAULT NULL,
  `material_oh_ac_id` int(12) DEFAULT NULL,
  `overhead_ac_id` int(12) DEFAULT NULL,
  `resource_ac_id` int(12) DEFAULT NULL,
  `osp_ac_id` int(12) DEFAULT NULL,
  `expense_ac_id` int(12) DEFAULT NULL,
  `lot_uniqueness` varchar(25) DEFAULT NULL,
  `lot_generation` varchar(25) DEFAULT NULL,
  `lot_prefix` varchar(25) DEFAULT NULL,
  `lot_starting_number` varchar(25) DEFAULT NULL,
  `serial_uniqueness` varchar(25) DEFAULT NULL,
  `serial_generation` varchar(25) DEFAULT NULL,
  `serial_prefix` varchar(25) DEFAULT NULL,
  `serial_starting_number` int(12) DEFAULT NULL,
  `purchased_cb` tinyint(1) DEFAULT NULL,
  `use_asl_cb` tinyint(1) DEFAULT NULL,
  `invoice_matching` varchar(25) DEFAULT NULL,
  `default_buyer` int(12) DEFAULT NULL,
  `list_price` decimal(15,5) DEFAULT NULL,
  `contract_item_type` varchar(25) DEFAULT NULL,
  `duration_uom_id` varchar(50) DEFAULT NULL,
  `receipt_sub_inventory` int(12) DEFAULT NULL,
  `over_receipt_percentage` int(10) DEFAULT NULL,
  `over_receipt_action` varchar(20) DEFAULT NULL,
  `receipt_days_early` int(10) DEFAULT NULL,
  `receipt_days_late` int(10) DEFAULT NULL,
  `receipt_day_action` varchar(20) DEFAULT NULL,
  `receipt_routing` varchar(20) DEFAULT NULL,
  `weight_uom_id` int(12) DEFAULT NULL,
  `weight` int(12) DEFAULT NULL,
  `volume_uom_id` int(12) DEFAULT NULL,
  `volume` int(12) DEFAULT NULL,
  `dimension_uom_id` int(12) DEFAULT NULL,
  `length` int(12) DEFAULT NULL,
  `width` int(12) DEFAULT NULL,
  `height` int(12) DEFAULT NULL,
  `equipment_cb` tinyint(1) DEFAULT NULL,
  `electronic_format_cb` tinyint(1) DEFAULT NULL,
  `planning_method` varchar(20) DEFAULT NULL,
  `planner` varchar(20) DEFAULT NULL,
  `make_buy` varchar(10) DEFAULT NULL,
  `wip_supply_subinventory` int(12) DEFAULT NULL,
  `wip_supply_locator` int(12) DEFAULT NULL,
  `fix_order_quantity` int(12) DEFAULT NULL,
  `saftey_stock_days` int(12) DEFAULT NULL,
  `saftey_stock_percentage` int(12) DEFAULT NULL,
  `saftey_stock_quantity` int(12) DEFAULT NULL,
  `fix_days_supply` int(12) DEFAULT NULL,
  `fix_lot_multiplier` int(12) DEFAULT NULL,
  `minimum_order_quantity` int(12) DEFAULT NULL,
  `maximum_order_quantity` int(12) DEFAULT NULL,
  `minmax_min_quantity` decimal(20,5) DEFAULT NULL,
  `minmax_max_quantity` decimal(20,5) DEFAULT NULL,
  `minmax_multibin_number` int(5) DEFAULT NULL,
  `minmax_multibin_size` decimal(20,5) DEFAULT NULL,
  `forecast_method` varchar(20) DEFAULT NULL,
  `forecast_control` varchar(20) DEFAULT NULL,
  `demand_timefence` int(12) DEFAULT NULL,
  `planning_timefence` int(12) DEFAULT NULL,
  `release_timefence` int(12) DEFAULT NULL,
  `pre_processing_lt` int(12) DEFAULT NULL,
  `post_processing_lt` int(12) DEFAULT NULL,
  `processing_lt` int(12) DEFAULT NULL,
  `cumulative_mfg_lt` int(12) DEFAULT NULL,
  `cumulative_total_lt` int(12) DEFAULT NULL,
  `lt_lot_size` int(12) DEFAULT NULL,
  `build_in_wip_cb` tinyint(1) DEFAULT NULL,
  `wip_supply_type` varchar(20) DEFAULT NULL,
  `customer_ordered_cb` tinyint(1) DEFAULT NULL,
  `internal_ordered_cb` tinyint(1) DEFAULT NULL,
  `shippable_cb` tinyint(1) DEFAULT NULL,
  `returnable_cb` tinyint(1) DEFAULT NULL,
  `invoiceable_cb` tinyint(1) DEFAULT NULL,
  `billing_type` varchar(15) DEFAULT NULL,
  `service_request_cb` tinyint(1) DEFAULT NULL,
  `atp` varchar(20) DEFAULT NULL,
  `picking_rule` varchar(20) DEFAULT NULL,
  `sourcing_rule_id` int(12) DEFAULT NULL,
  `sales_ac_id` int(12) DEFAULT NULL,
  `cogs_ac_id` int(12) DEFAULT NULL,
  `deffered_cogs_ac_id` int(12) DEFAULT NULL,
  `ip_tax_class` varchar(25) DEFAULT NULL,
  `op_tax_class` varchar(25) DEFAULT NULL,
  `ap_payment_term` int(12) DEFAULT NULL,
  `ar_payment_term` int(12) DEFAULT NULL,
  `duration` decimal(15,5) DEFAULT NULL,
  `rev_enabled_cb` tinyint(1) DEFAULT NULL,
  `rounding_option` varchar(25) DEFAULT NULL,
  `onhand_with_rev_cb` tinyint(1) DEFAULT NULL,
  `item_rev_number` int(12) DEFAULT NULL,
  `am_asset_type` varchar(25) DEFAULT NULL,
  `am_activity_cause` varchar(25) DEFAULT NULL,
  `am_activity_type` varchar(25) DEFAULT NULL,
  `am_activity_source` varchar(25) DEFAULT NULL,
  `created_by` int(12) NOT NULL,
  `creation_date` datetime DEFAULT NULL,
  `last_update_by` int(12) NOT NULL,
  `last_update_date` datetime DEFAULT NULL
) ENGINE=InnoDB DEFAULT CHARSET=latin1;

-- --------------------------------------------------------

--
-- Stand-in structure for view `item_select_v`
--
CREATE TABLE `item_select_v` (
`item_number` varchar(50)
,`item_description` varchar(256)
,`product_line` varchar(20)
,`item_id_m` int(12)
);

-- --------------------------------------------------------

--
-- Table structure for table `item_status`
--

CREATE TABLE `item_status` (
  `item_status_id` int(12) UNSIGNED NOT NULL,
  `code` varchar(25) NOT NULL,
  `active` tinyint(1) NOT NULL,
  `description` varchar(200) DEFAULT NULL,
  `inventory_item` tinyint(1) DEFAULT NULL,
  `transactable` tinyint(1) DEFAULT NULL,
  `reservable` tinyint(1) DEFAULT NULL,
  `costing_enabled` tinyint(1) DEFAULT NULL,
  `customer_ordered` tinyint(1) DEFAULT NULL,
  `purchased` tinyint(1) NOT NULL,
  `build_in_wip` tinyint(1) NOT NULL,
  `rev_enabled` varchar(20) DEFAULT NULL,
  `rev_number` int(10) DEFAULT NULL,
  `created_by` int(12) NOT NULL,
  `creation_date` datetime DEFAULT NULL,
  `last_update_by` int(12) NOT NULL,
  `last_update_date` datetime DEFAULT NULL
) ENGINE=InnoDB DEFAULT CHARSET=latin1;

-- --------------------------------------------------------

--
-- Table structure for table `legal`
--

CREATE TABLE `legal` (
  `legal_id` int(12) NOT NULL,
  `org_id` int(11) NOT NULL,
  `legal_org_type` varchar(50) DEFAULT NULL,
  `registration_number` varchar(50) DEFAULT NULL,
  `place_of_registration` varchar(50) DEFAULT NULL,
  `country_of_registration` varchar(100) DEFAULT NULL,
  `identification_number` varchar(50) DEFAULT NULL,
  `ein_tin_tan` varchar(50) DEFAULT NULL,
  `ledger_id` int(12) DEFAULT NULL,
  `balancing_segments` varchar(256) DEFAULT NULL,
  `ef_id` int(12) DEFAULT NULL,
  `status` enum('active','inactive') DEFAULT NULL,
  `rev_enabled` varchar(50) DEFAULT NULL,
  `rev_number` int(12) DEFAULT NULL,
  `created_by` int(12) NOT NULL,
  `creation_date` datetime DEFAULT NULL,
  `last_update_by` int(12) NOT NULL,
  `last_update_date` datetime DEFAULT NULL
) ENGINE=InnoDB DEFAULT CHARSET=latin1;

--
-- Dumping data for table `legal`
--

INSERT INTO `legal` (`legal_id`, `org_id`, `legal_org_type`, `registration_number`, `place_of_registration`, `country_of_registration`, `identification_number`, `ein_tin_tan`, `ledger_id`, `balancing_segments`, `ef_id`, `status`, `rev_enabled`, `rev_number`, `created_by`, `creation_date`, `last_update_by`, `last_update_date`) VALUES
(1, 4, 'MFG', 'REG001', 'Ohio', 'USA', NULL, NULL, 19, '308 , 101 , ', NULL, NULL, NULL, NULL, 0, '2014-05-12 02:15:04', 34, '2015-03-08 13:03:13'),
(2, 12, NULL, 'REFGT66TY', 'Singapore', 'Singapore', 'RET26626211', 'SPGA119195', 20, NULL, NULL, 'active', 'enabled', NULL, 0, '2014-08-02 16:02:20', 0, '2014-08-02 16:02:20'),
(3, 14, NULL, 'REG001', 'Cali', 'US', 'ID0001', NULL, 1, '503 , 501 , 001 , 002 , 502 , 003 , 004 , 901 , ', NULL, NULL, NULL, NULL, 34, '2014-11-17 17:04:25', 34, '2014-12-27 18:18:01');

-- --------------------------------------------------------

--
-- Table structure for table `locator`
--

CREATE TABLE `locator` (
  `locator_id` int(12) NOT NULL,
  `subinventory_id` int(12) NOT NULL,
  `org_id` int(12) NOT NULL,
  `locator_structure` varchar(256) DEFAULT NULL,
  `locator` varchar(256) NOT NULL,
  `alias` varchar(25) DEFAULT NULL,
  `dimension_uom_id` int(12) DEFAULT NULL,
  `length` decimal(15,5) DEFAULT NULL,
  `height` decimal(15,5) DEFAULT NULL,
  `width` decimal(15,5) DEFAULT NULL,
  `x_coordinate` decimal(10,5) DEFAULT NULL,
  `y_coordinate` decimal(10,5) DEFAULT NULL,
  `z_coordinate` decimal(10,5) DEFAULT NULL,
  `max_units` decimal(15,5) DEFAULT NULL,
  `max_volume_uom_id` int(12) DEFAULT NULL,
  `max_volume` decimal(15,5) DEFAULT NULL,
  `max_weight_uom_id` int(12) DEFAULT NULL,
  `max_weight` decimal(15,5) DEFAULT NULL,
  `ef_id` int(12) DEFAULT NULL,
  `status` varchar(25) DEFAULT NULL,
  `rev_enabled_cb` tinyint(1) DEFAULT NULL,
  `rev_number` varchar(256) DEFAULT NULL,
  `created_by` int(12) NOT NULL,
  `creation_date` datetime DEFAULT NULL,
  `last_update_by` int(12) NOT NULL,
  `last_update_date` datetime DEFAULT NULL
) ENGINE=InnoDB DEFAULT CHARSET=latin1;

-- --------------------------------------------------------

--
-- Stand-in structure for view `locator_v`
--
CREATE TABLE `locator_v` (
`org_id` int(12) unsigned
,`locator` varchar(256)
,`alias` varchar(25)
,`locator_id` int(12)
,`subinventory` varchar(25)
,`subinventory_id` int(12)
,`sub_description` varchar(50)
,`org` varchar(50)
,`type` varchar(50)
,`code` varchar(5)
,`description` varchar(200)
,`enterprise_org_id` int(12) unsigned
,`legal_org_id` int(12) unsigned
,`business_org_id` int(12) unsigned
,`inventory_org_id` int(12) unsigned
,`address_id` int(12)
,`ledger_id` int(12)
,`ledger` varchar(50)
,`coa_structure_id` int(12)
,`currency_code` varchar(20)
);

-- --------------------------------------------------------

--
-- Table structure for table `mdm_bank_account`
--

CREATE TABLE `mdm_bank_account` (
  `mdm_bank_account_id` int(12) NOT NULL,
  `mdm_bank_header_id` int(12) NOT NULL,
  `mdm_bank_site_id` int(12) NOT NULL,
  `account_number` varchar(25) NOT NULL,
  `description` varchar(256) DEFAULT NULL,
  `account_usage` varchar(25) NOT NULL,
  `account_type` varchar(50) NOT NULL,
  `bu_org_id` varchar(256) DEFAULT NULL,
  `supplier_id` int(12) DEFAULT NULL,
  `supplier_site_id` int(12) DEFAULT NULL,
  `ar_customer_id` int(12) DEFAULT NULL,
  `ar_customer_site_id` int(12) DEFAULT NULL,
  `cash_ac_id` int(12) NOT NULL,
  `cash_clearing_ac_id` int(12) DEFAULT NULL,
  `bank_charge_ac_id` int(12) DEFAULT NULL,
  `exchange_gl_ac_id` int(12) DEFAULT NULL,
  `hr_cash_ac_id` int(12) DEFAULT NULL,
  `hr_cash_clearing_ac_id` int(12) DEFAULT NULL,
  `hr_bank_charge_ac_id` int(12) DEFAULT NULL,
  `hr_exchange_gl_ac_id` int(12) DEFAULT NULL,
  `netting_ac_cb` tinyint(1) DEFAULT NULL,
  `minimum_payment` decimal(20,5) DEFAULT NULL,
  `maximum_payment` decimal(20,0) DEFAULT NULL,
  `contact_id` int(12) DEFAULT NULL,
  `ap_payment_method_id` int(12) DEFAULT NULL,
  `status` enum('active','inactive') DEFAULT NULL,
  `created_by` int(12) NOT NULL,
  `creation_date` datetime DEFAULT NULL,
  `last_update_by` int(12) NOT NULL,
  `last_update_date` datetime DEFAULT NULL
) ENGINE=InnoDB DEFAULT CHARSET=latin1;

-- --------------------------------------------------------

--
-- Stand-in structure for view `mdm_bank_account_v`
--
CREATE TABLE `mdm_bank_account_v` (
`mdm_bank_account_id` int(12)
,`account_number` varchar(25)
,`account_description` varchar(256)
,`account_usage` varchar(25)
,`account_type` varchar(50)
,`bu_org_id` varchar(256)
,`supplier_id` int(12)
,`supplier_site_id` int(12)
,`ar_customer_id` int(12)
,`ar_customer_site_id` int(12)
,`cash_ac_id` int(12)
,`cash_clearing_ac_id` int(12)
,`bank_charge_ac_id` int(12)
,`exchange_gl_ac_id` int(12)
,`netting_ac_cb` tinyint(1)
,`minimum_payment` decimal(20,5)
,`maximum_payment` decimal(20,0)
,`contact_id` int(12)
,`ap_payment_method_id` int(12)
,`mdm_bank_header_id` int(12)
,`country` varchar(25)
,`bank_name` varchar(256)
,`bank_number` int(12)
,`description` varchar(256)
,`bank_name_short` varchar(50)
,`bank_name_alt` varchar(256)
,`tax_reg_no` varchar(40)
,`tax_payer_id` varchar(40)
,`branch_name` varchar(256)
,`branch_country` varchar(25)
,`branch_number` int(12)
,`mdm_bank_site_id` int(12)
,`branch_name_short` varchar(50)
,`branch_name_alt` varchar(256)
,`ifsc_code` varchar(50)
,`swift_code` varchar(50)
,`routing_number` varchar(50)
,`iban_code` varchar(50)
,`branch_tax_reg_no` varchar(40)
,`branch_tax_payer_id` varchar(40)
,`site_address_id` int(12)
,`supplier_name` varchar(60)
,`supplier_site_name` varchar(60)
,`customer_name` varchar(60)
,`customer_number` varchar(25)
);

-- --------------------------------------------------------

--
-- Table structure for table `mdm_bank_header`
--

CREATE TABLE `mdm_bank_header` (
  `mdm_bank_header_id` int(12) NOT NULL,
  `country` varchar(25) NOT NULL,
  `bank_name` varchar(256) NOT NULL,
  `bank_number` int(12) DEFAULT NULL,
  `description` varchar(256) DEFAULT NULL,
  `bank_name_short` varchar(50) DEFAULT NULL,
  `bank_name_alt` varchar(256) DEFAULT NULL,
  `tax_reg_no` varchar(40) DEFAULT NULL,
  `tax_payer_id` varchar(40) DEFAULT NULL,
  `address_id` int(12) DEFAULT NULL,
  `contact_id` int(12) DEFAULT NULL,
  `status` enum('active','inactive') DEFAULT NULL,
  `created_by` int(12) NOT NULL,
  `creation_date` datetime DEFAULT NULL,
  `last_update_by` int(12) NOT NULL,
  `last_update_date` datetime DEFAULT NULL
) ENGINE=InnoDB DEFAULT CHARSET=latin1;

-- --------------------------------------------------------

--
-- Table structure for table `mdm_bank_site`
--

CREATE TABLE `mdm_bank_site` (
  `mdm_bank_site_id` int(12) NOT NULL,
  `mdm_bank_header_id` int(12) NOT NULL,
  `branch_name` varchar(256) NOT NULL,
  `country` varchar(25) DEFAULT NULL,
  `branch_number` int(12) DEFAULT NULL,
  `description` varchar(256) DEFAULT NULL,
  `branch_name_short` varchar(50) DEFAULT NULL,
  `branch_name_alt` varchar(256) DEFAULT NULL,
  `ifsc_code` varchar(50) DEFAULT NULL,
  `swift_code` varchar(50) DEFAULT NULL,
  `routing_number` varchar(50) DEFAULT NULL,
  `iban_code` varchar(50) DEFAULT NULL,
  `tax_reg_no` varchar(40) DEFAULT NULL,
  `tax_payer_id` varchar(40) DEFAULT NULL,
  `site_address_id` int(12) DEFAULT NULL,
  `contact_id` int(12) DEFAULT NULL,
  `status` enum('active','inactive') DEFAULT NULL,
  `created_by` int(12) NOT NULL,
  `creation_date` datetime DEFAULT NULL,
  `last_update_by` int(12) NOT NULL,
  `last_update_date` datetime DEFAULT NULL
) ENGINE=InnoDB DEFAULT CHARSET=latin1;

-- --------------------------------------------------------

--
-- Stand-in structure for view `mdm_bank_v`
--
CREATE TABLE `mdm_bank_v` (
`mdm_bank_header_id` int(12)
,`country` varchar(25)
,`bank_name` varchar(256)
,`bank_number` int(12)
,`description` varchar(256)
,`bank_name_short` varchar(50)
,`bank_name_alt` varchar(256)
,`tax_reg_no` varchar(40)
,`tax_payer_id` varchar(40)
,`branch_name` varchar(256)
,`branch_country` varchar(25)
,`branch_number` int(12)
,`mdm_bank_site_id` int(12)
,`branch_name_short` varchar(50)
,`branch_name_alt` varchar(256)
,`ifsc_code` varchar(50)
,`swift_code` varchar(50)
,`routing_number` varchar(50)
,`iban_code` varchar(50)
,`branch_tax_reg_no` varchar(40)
,`branch_tax_payer_id` varchar(40)
,`site_address_id` int(12)
);

-- --------------------------------------------------------

--
-- Table structure for table `mdm_price_list_detail`
--

CREATE TABLE `mdm_price_list_detail` (
  `mdm_price_list_detail_id` int(12) NOT NULL,
  `mdm_price_list_header_id` int(12) NOT NULL,
  `mdm_price_list_line_id` int(12) NOT NULL,
  `qty_from` decimal(20,5) DEFAULT NULL,
  `qty_to` decimal(20,5) DEFAULT NULL,
  `uom_id` int(12) DEFAULT NULL,
  `unit_price` int(12) DEFAULT NULL,
  `formula` text,
  `effective_start_date` date DEFAULT NULL,
  `effective_end_date` date DEFAULT NULL,
  `q_reference_key_name` varchar(50) DEFAULT NULL,
  `q_reference_key_value` int(12) DEFAULT NULL,
  `description` varchar(255) DEFAULT NULL,
  `created_by` int(12) NOT NULL,
  `creation_date` datetime DEFAULT NULL,
  `last_update_by` int(12) NOT NULL,
  `last_update_date` datetime DEFAULT NULL
) ENGINE=InnoDB DEFAULT CHARSET=latin1;

-- --------------------------------------------------------

--
-- Table structure for table `mdm_price_list_header`
--

CREATE TABLE `mdm_price_list_header` (
  `mdm_price_list_header_id` int(12) NOT NULL,
  `price_list` varchar(25) NOT NULL,
  `module_name` enum('PO','SD','','') NOT NULL,
  `currency_code` varchar(25) NOT NULL,
  `description` varchar(256) DEFAULT NULL,
  `status` enum('active','inactive','','') DEFAULT NULL,
  `allow_mutli_currency_cb` tinyint(1) DEFAULT NULL,
  `currency_conversion_type` varchar(25) DEFAULT NULL,
  `created_by` int(12) NOT NULL,
  `creation_date` datetime DEFAULT NULL,
  `last_update_by` int(12) NOT NULL,
  `last_update_date` datetime DEFAULT NULL
) ENGINE=InnoDB DEFAULT CHARSET=latin1;

-- --------------------------------------------------------

--
-- Table structure for table `mdm_price_list_line`
--

CREATE TABLE `mdm_price_list_line` (
  `mdm_price_list_line_id` int(12) NOT NULL,
  `mdm_price_list_header_id` int(12) NOT NULL,
  `line_type` varchar(25) NOT NULL,
  `org_id` int(12) DEFAULT NULL,
  `item_id_m` int(12) DEFAULT NULL,
  `uom_id` int(12) DEFAULT NULL,
  `unit_price` int(12) DEFAULT NULL,
  `formula` text,
  `effective_start_date` date NOT NULL,
  `effective_end_date` date DEFAULT NULL,
  `use_price_break_cb` tinyint(1) DEFAULT NULL,
  `created_by` int(12) NOT NULL,
  `creation_date` datetime DEFAULT NULL,
  `last_update_by` int(12) NOT NULL,
  `last_update_date` datetime DEFAULT NULL
) ENGINE=InnoDB DEFAULT CHARSET=latin1;

-- --------------------------------------------------------

--
-- Table structure for table `mdm_tax_code`
--

CREATE TABLE `mdm_tax_code` (
  `mdm_tax_code_id` int(12) UNSIGNED NOT NULL,
  `org_id` int(12) NOT NULL,
  `tax_code` varchar(25) NOT NULL,
  `tax_type` varchar(25) DEFAULT NULL,
  `dr_cr` varchar(10) DEFAULT NULL,
  `in_out` varchar(10) DEFAULT NULL,
  `description` varchar(256) DEFAULT NULL,
  `printed_tax_name` varchar(256) DEFAULT NULL,
  `tax_regime` varchar(50) DEFAULT NULL,
  `tax_jurisdiction` varchar(50) DEFAULT NULL,
  `offset_tax_code` varchar(25) DEFAULT NULL,
  `allow_adhoc_rate_cb` tinyint(1) DEFAULT NULL,
  `allow_tax_exemptions_cb` tinyint(1) DEFAULT NULL,
  `calculation_method` varchar(25) DEFAULT NULL,
  `percentage` decimal(10,5) DEFAULT NULL,
  `tax_amount` decimal(20,5) DEFAULT NULL,
  `tax_ac_id` int(12) NOT NULL,
  `status` varchar(25) NOT NULL,
  `effective_start_date` date NOT NULL,
  `effective_end_date` date DEFAULT NULL,
  `created_by` int(12) NOT NULL,
  `creation_date` datetime DEFAULT NULL,
  `last_update_by` int(12) NOT NULL,
  `last_update_date` datetime DEFAULT NULL
) ENGINE=InnoDB DEFAULT CHARSET=latin1;

--
-- Dumping data for table `mdm_tax_code`
--

INSERT INTO `mdm_tax_code` (`mdm_tax_code_id`, `org_id`, `tax_code`, `tax_type`, `dr_cr`, `in_out`, `description`, `printed_tax_name`, `tax_regime`, `tax_jurisdiction`, `offset_tax_code`, `allow_adhoc_rate_cb`, `allow_tax_exemptions_cb`, `calculation_method`, `percentage`, `tax_amount`, `tax_ac_id`, `status`, `effective_start_date`, `effective_end_date`, `created_by`, `creation_date`, `last_update_by`, `last_update_date`) VALUES
(1, 5, 'I_US_STD_V10', 'VAT', 'DR', 'IN', 'US Standard VAT 10.2', NULL, NULL, NULL, NULL, 1, 1, 'PERCENTAGE', '10.20000', NULL, 46, '', '2014-06-24', NULL, 0, '2014-06-03 05:12:48', 34, '2015-03-08 09:03:38'),
(2, 5, 'I_US_STD_V0', 'VAT', 'DR', 'IN', 'US Standard VAT 0', NULL, NULL, NULL, NULL, 1, 1, 'PERCENTAGE', NULL, NULL, 46, '', '2001-01-01', NULL, 0, '2014-06-03 05:12:47', 34, '2015-06-23 04:15:19'),
(3, 5, 'O_US_STD_V10', 'VAT', 'CR', 'OUT', 'US Standard VAT 10.2', NULL, NULL, NULL, NULL, 1, 1, 'PERCENTAGE', '10.10000', NULL, 46, 'ACTIVE', '2001-01-01', NULL, 0, '2014-06-03 05:12:49', 34, '2015-06-23 04:15:20'),
(5, 5, 'O_US_STD_V0', 'VAT', 'CR', 'OUT', 'US Standard VAT 0', NULL, NULL, NULL, NULL, 1, 1, 'PERCENTAGE', NULL, NULL, 46, '', '2014-01-01', NULL, 0, '2014-06-03 05:35:10', 34, '2015-06-23 04:15:19'),
(6, 5, 'O_US_STD_V12P5', 'VAT', 'CR', 'OUT', 'US Standard VAT 10.5', NULL, NULL, NULL, NULL, 1, 1, 'PERCENTAGE', '11.50000', NULL, 52, 'ACTIVE', '2014-01-01', NULL, 34, '2014-12-26 17:55:31', 34, '2015-03-08 09:01:17'),
(7, 5, 'O_US_STD_V12P10', 'VAT', 'CR', 'OUT', 'US Standard VAT 12.101', NULL, NULL, NULL, NULL, 1, 1, 'PERCENTAGE', '12.10000', NULL, 46, 'ACTIVE', '2015-01-10', NULL, 34, '2015-01-09 11:40:24', 34, '2015-08-25 15:20:59');

-- --------------------------------------------------------

--
-- Table structure for table `mdm_tax_region`
--

CREATE TABLE `mdm_tax_region` (
  `mdm_tax_region_id` int(12) UNSIGNED NOT NULL,
  `country_code` varchar(5) NOT NULL,
  `state` varchar(25) DEFAULT NULL,
  `city` varchar(25) DEFAULT NULL,
  `tax_region_name` varchar(100) DEFAULT NULL,
  `description` varchar(256) DEFAULT NULL,
  `tax_regime` varchar(50) DEFAULT NULL,
  `tax_jurisdiction` varchar(50) DEFAULT NULL,
  `status` varchar(25) DEFAULT NULL,
  `created_by` int(12) NOT NULL,
  `creation_date` datetime DEFAULT NULL,
  `last_update_by` int(12) NOT NULL,
  `last_update_date` datetime DEFAULT NULL
) ENGINE=InnoDB DEFAULT CHARSET=latin1;

--
-- Dumping data for table `mdm_tax_region`
--

INSERT INTO `mdm_tax_region` (`mdm_tax_region_id`, `country_code`, `state`, `city`, `tax_region_name`, `description`, `tax_regime`, `tax_jurisdiction`, `status`, `created_by`, `creation_date`, `last_update_by`, `last_update_date`) VALUES
(1, 'IN', 'MH', 'Mumbai', 'IN-MH-Mumbai', NULL, NULL, NULL, 'active', 0, '2014-06-03 15:00:36', 0, '2014-06-03 15:00:36'),
(3, 'IN', 'OR', 'Bhubaneswar', 'IN-OR-Bhubaneswar', NULL, NULL, NULL, NULL, 0, '2014-06-03 15:09:43', 0, '2014-06-03 15:09:43'),
(5, 'IN', 'TN', 'Chennai', 'IN-TN-Chennai', 'Chennai Reg01', NULL, NULL, NULL, 0, '2014-06-03 15:09:46', 34, '2014-12-27 15:30:17'),
(6, 'US', 'CA', 'Santa Clara', 'US-CA-Santa Clara', NULL, NULL, NULL, NULL, 0, '2014-06-04 01:39:03', 0, '2014-06-04 01:39:03'),
(7, 'US', 'CA', 'LA', 'US-CA-LA', NULL, NULL, NULL, NULL, 0, '2014-06-04 01:39:04', 0, '2014-06-04 01:39:04');

-- --------------------------------------------------------

--
-- Table structure for table `mdm_tax_rule`
--

CREATE TABLE `mdm_tax_rule` (
  `mdm_tax_rule_id` int(12) UNSIGNED NOT NULL,
  `org_id` int(12) NOT NULL,
  `ship_to_region_id` int(12) DEFAULT NULL,
  `op_tax_class` varchar(25) DEFAULT NULL,
  `weightage` int(10) NOT NULL,
  `tax_code_id` int(12) NOT NULL,
  `ip_tax_class` varchar(25) DEFAULT NULL,
  `ship_from_region_id` int(12) DEFAULT NULL,
  `status` varchar(25) DEFAULT NULL,
  `created_by` int(12) NOT NULL,
  `creation_date` datetime DEFAULT NULL,
  `last_update_by` int(12) NOT NULL,
  `last_update_date` datetime DEFAULT NULL
) ENGINE=InnoDB DEFAULT CHARSET=latin1;

-- --------------------------------------------------------

--
-- Table structure for table `module`
--

CREATE TABLE `module` (
  `module_id` int(12) NOT NULL,
  `number` int(12) NOT NULL,
  `name` varchar(50) NOT NULL,
  `description` varchar(200) DEFAULT NULL,
  `created_by` int(12) NOT NULL,
  `creation_date` datetime DEFAULT NULL,
  `last_update_by` int(12) NOT NULL,
  `last_update_date` datetime DEFAULT NULL
) ENGINE=InnoDB DEFAULT CHARSET=latin1;

--
-- Dumping data for table `module`
--

INSERT INTO `module` (`module_id`, `number`, `name`, `description`, `created_by`, `creation_date`, `last_update_by`, `last_update_date`) VALUES
(1, 1, 'system', 'System', 0, '0000-00-00 00:00:00', 0, '0000-00-00 00:00:00'),
(2, 100, 'gl', 'General Ledger', 0, NULL, 0, '2018-06-13 01:54:41'),
(3, 101, 'ap', 'Accounts Payable', 0, NULL, 0, '2011-06-13 17:51:38'),
(4, 102, 'ar', 'Accounts Receviable', 0, NULL, 0, NULL),
(5, 103, 'fa', 'Fixed Asset', 0, NULL, 0, NULL),
(6, 200, 'inv', 'Inventory', 0, NULL, 0, NULL),
(7, 201, 'po', 'Purchasing', 0, NULL, 0, NULL),
(8, 202, 'sd', 'Sales & Distribution', 0, NULL, 0, NULL),
(9, 203, 'bom', 'Bills of Material', 0, NULL, 0, NULL),
(10, 204, 'wip', 'Work In Process', 0, NULL, 0, '2025-11-13 09:44:27'),
(11, 205, 'fp', 'Forecast & Planning', 0, NULL, 0, '2011-06-13 17:57:20'),
(12, 104, 'cm', 'Cash Management', 0, '0000-00-00 00:00:00', 0, '0000-00-00 00:00:00'),
(13, 2, 'org', 'Organization', 0, '0000-00-00 00:00:00', 0, '0000-00-00 00:00:00'),
(14, 902, 'content', 'create update content', 0, '0000-00-00 00:00:00', 0, '2012-08-13 09:17:01');

-- --------------------------------------------------------

--
-- Table structure for table `onhand`
--

CREATE TABLE `onhand` (
  `onhand_id` int(12) NOT NULL,
  `item_id_m` int(12) NOT NULL,
  `revision_name` varchar(10) DEFAULT NULL,
  `org_id` int(12) NOT NULL,
  `subinventory_id` int(12) NOT NULL,
  `locator_id` int(12) DEFAULT NULL,
  `lot_id` int(12) DEFAULT NULL,
  `serial_id` int(12) DEFAULT NULL,
  `onhand` float NOT NULL,
  `reservable_onhand` float NOT NULL,
  `transactable_onhand` float NOT NULL,
  `lot_status` varchar(25) DEFAULT NULL,
  `serial_status` varchar(25) DEFAULT NULL,
  `uom_id` int(12) DEFAULT NULL,
  `secondary_uom_id` int(12) DEFAULT NULL,
  `onhand_status` varchar(25) DEFAULT NULL,
  `ef_id` int(12) DEFAULT NULL,
  `created_by` int(12) NOT NULL,
  `creation_date` datetime DEFAULT NULL,
  `last_update_by` int(12) NOT NULL,
  `last_update_date` datetime DEFAULT NULL
) ENGINE=InnoDB DEFAULT CHARSET=latin1;

-- --------------------------------------------------------

--
-- Stand-in structure for view `onhand_summary_v`
--
CREATE TABLE `onhand_summary_v` (
`onhand_id` int(12)
,`item_number` varchar(50)
,`item_description` varchar(256)
,`org_name` varchar(50)
,`uom_id` int(12)
,`onhand` double
,`item_id_m` int(12)
,`org_id` int(12)
,`reservable_onhand` float
,`transactable_onhand` float
);

-- --------------------------------------------------------

--
-- Stand-in structure for view `onhand_v`
--
CREATE TABLE `onhand_v` (
`onhand_id` int(12)
,`item_number` varchar(50)
,`item_description` varchar(256)
,`product_line` varchar(20)
,`lot_generation` varchar(25)
,`serial_generation` varchar(25)
,`org_name` varchar(50)
,`subinventory` varchar(25)
,`locator` varchar(256)
,`uom_id` int(12)
,`onhand` float
,`reservable_onhand` double
,`reserved_quantity` decimal(37,5)
,`standard_cost` decimal(42,5)
,`onhand_value` double
,`item_id_m` int(12)
,`revision_name` varchar(10)
,`org_id` int(12)
,`subinventory_id` int(12)
,`subinventory_type` varchar(25)
,`locator_id` int(12)
,`lot_id` int(12)
,`serial_id` int(12)
,`transactable_onhand` float
,`lot_status` varchar(25)
,`serial_status` varchar(25)
,`secondary_uom_id` int(12)
,`onhand_status` varchar(25)
,`ef_id` int(12)
,`created_by` int(12)
,`creation_date` datetime
,`last_update_by` int(12)
,`last_update_date` datetime
);

-- --------------------------------------------------------

--
-- Table structure for table `option_detail`
--

CREATE TABLE `option_detail` (
  `option_detail_id` int(12) UNSIGNED NOT NULL,
  `option_header_id` int(12) UNSIGNED NOT NULL,
  `option_line_id` int(12) UNSIGNED NOT NULL,
  `option_detail_value` varchar(256) NOT NULL,
  `description` varchar(255) DEFAULT NULL,
  `efid` int(12) DEFAULT NULL,
  `status` enum('active','inactive') DEFAULT NULL,
  `rev_enabled` enum('enabled','disabled') DEFAULT NULL,
  `rev_number` int(10) DEFAULT NULL,
  `effective_start_date` date DEFAULT NULL,
  `effective_end_date` date DEFAULT NULL,
  `created_by` int(12) NOT NULL,
  `creation_date` datetime DEFAULT NULL,
  `last_update_by` int(12) NOT NULL,
  `last_update_date` datetime DEFAULT NULL
) ENGINE=InnoDB DEFAULT CHARSET=latin1;

--
-- Dumping data for table `option_detail`
--

INSERT INTO `option_detail` (`option_detail_id`, `option_header_id`, `option_line_id`, `option_detail_value`, `description`, `efid`, `status`, `rev_enabled`, `rev_number`, `effective_start_date`, `effective_end_date`, `created_by`, `creation_date`, `last_update_by`, `last_update_date`) VALUES
(35, 223, 1084, 'Buyer Trainee', 'Buyer Trainee', NULL, NULL, NULL, 1, NULL, NULL, 34, '2015-02-21 18:48:15', 34, '2015-02-21 18:48:15'),
(36, 223, 1084, 'Senior Buyer', 'Senior Buyer', NULL, NULL, NULL, 1, NULL, NULL, 34, '2015-02-21 18:48:15', 34, '2015-02-21 18:48:15');

-- --------------------------------------------------------

--
-- Table structure for table `option_header`
--

CREATE TABLE `option_header` (
  `option_header_id` int(12) UNSIGNED NOT NULL,
  `access_level` varchar(20) NOT NULL DEFAULT 'both',
  `option_type` varchar(50) NOT NULL,
  `description` varchar(200) DEFAULT NULL,
  `module_code` varchar(10) NOT NULL,
  `option_assignments` varchar(100) DEFAULT NULL,
  `efid` int(12) DEFAULT NULL,
  `status` enum('active','inactive') DEFAULT NULL,
  `rev_enabled` enum('enabled','disabled') DEFAULT NULL,
  `rev_number` int(10) DEFAULT NULL,
  `created_by` int(12) NOT NULL,
  `creation_date` datetime DEFAULT NULL,
  `last_update_by` int(12) NOT NULL,
  `last_update_date` datetime DEFAULT NULL
) ENGINE=InnoDB DEFAULT CHARSET=latin1;

--
-- Dumping data for table `option_header`
--

INSERT INTO `option_header` (`option_header_id`, `access_level`, `option_type`, `description`, `module_code`, `option_assignments`, `efid`, `status`, `rev_enabled`, `rev_number`, `created_by`, `creation_date`, `last_update_by`, `last_update_date`) VALUES
(77, 'SYSTEM', 'ORG_TYPE', 'Org Type', 'sys', NULL, NULL, NULL, NULL, 1, 0, '2014-08-22 07:20:27', 0, '2022-08-14 07:20:27'),
(79, 'SYSTEM', 'ADDRESS_TYPE', 'Address type', 'gl', NULL, 1, '', '', 1, 0, '0000-00-00 00:00:00', 0, '0000-00-00 00:00:00'),
(80, 'SYSTEM', 'COA_STRUCTURE', 'Chart of account structure', 'gl', 'GL_COA', NULL, NULL, NULL, NULL, 0, '2014-02-06 07:26:31', 34, '2015-07-25 17:07:22'),
(81, 'SYSTEM', 'EXT_CONTENT_ISSUE_STATUS', 'Issue status used in issue content type', 'sys', NULL, 1, 'active', 'enabled', 1, 0, '2014-02-18 09:05:40', 18, '0000-00-00 00:00:00'),
(82, 'BOTH', 'COA01', 'Chart of account 01', 'gl', 'GL_COA', 1, '', '', 1, 0, '2014-02-04 14:17:09', 0, '2014-02-04 14:17:09'),
(83, 'SYSTEM', 'COA_ACCOUNT_TYPE', 'Chart of account type - Asset A, Liability L, Owners Equity E, Expense E, Income I', 'gl', NULL, NULL, NULL, NULL, 1, 0, '0000-00-00 00:00:00', 34, '2015-01-26 02:34:51'),
(84, 'SYSTEM', 'ITEM_TYPE', 'Item type used for Item master', 'inv', NULL, NULL, NULL, NULL, NULL, 0, '0000-00-00 00:00:00', 34, '2015-02-09 11:54:16'),
(85, 'SYSTEM', 'UOM_CLASS', 'Unit of Measure Class', 'inv', NULL, 0, '', '', 0, 0, '0000-00-00 00:00:00', 0, '0000-00-00 00:00:00'),
(86, 'SYSTEM', 'TRANSACTION_TYPE_CLASS', 'Transaction Type Class', 'inv', NULL, NULL, NULL, NULL, NULL, 0, '0000-00-00 00:00:00', 34, '2016-05-17 04:17:57'),
(87, 'SYSTEM', 'INV_TRANSACTION_ACTION', 'Inventory Transaction Actions', 'inv', NULL, 0, '', '', 0, 0, '2013-11-11 07:40:45', 0, '2013-11-11 07:40:45'),
(88, 'SYSTEM', 'SUBINVENTORY_TYPE', 'Subinventory Type', 'inv', '', 0, '', '', 1, 0, '2014-05-28 16:52:56', 0, '2028-05-14 16:52:56'),
(89, 'SYSTEM', 'LOCATOR_CONTROL', 'Locator Control', 'inv', NULL, 0, 'active', 'enabled', 0, 0, '2013-09-17 15:40:14', 0, '2013-09-17 15:40:14'),
(90, 'BOTH', 'LOCATOR_CONTROLS', 'Locator Controls', 'inv', NULL, 0, '', '', 0, 0, '0000-00-00 00:00:00', 0, '0000-00-00 00:00:00'),
(91, 'SYSTEM', 'LOCATOR_STRUCTURE', 'Locator Structures', 'inv', NULL, 0, '', '', 0, 0, '0000-00-00 00:00:00', 0, '0000-00-00 00:00:00'),
(92, 'BOTH', 'VIEW_DISPLAY_TYPE', 'View dsiplay type', 'ext', NULL, 0, '', '', 0, 0, '0000-00-00 00:00:00', 0, '0000-00-00 00:00:00'),
(98, 'BOTH', 'EXTN_CONTENT_ISSUE_CATEGORY', 'Issue Category', 'ext', NULL, 1, 'active', 'disabled', 0, 0, '2014-01-29 09:24:02', 0, '2014-01-29 09:24:02'),
(117, 'BOTH', 'EXTN_CONTENT_ISSUE_COMPONENT', 'Issue Component', 'ap', NULL, 1, 'active', 'enabled', 1, 0, '2014-02-08 07:05:18', 0, '2014-02-08 07:05:18'),
(118, 'SYSTEM', 'EXTN_CONTENT_ISSUE_PRIORITY', 'Issue List Priority', 'ext', NULL, 4, 'active', 'enabled', 1, 0, '2014-01-29 09:30:47', 0, '2014-01-29 09:30:47'),
(119, 'BOTH', 'USER_ROLES', 'User roles', 'sys', NULL, NULL, NULL, NULL, 1, 0, '2014-09-05 03:32:31', 34, '2015-05-06 04:38:52'),
(120, 'BOTH', 'INVENTORY_ORG_TYPE', 'Inventory Organization Type', 'inv', NULL, 0, 'active', 'enabled', 1, 0, '2013-09-28 14:40:38', 0, '2013-09-28 14:40:38'),
(121, 'BOTH', 'COSTING_METHODS', 'Costing Methods', 'inv', NULL, 0, 'active', '', 0, 0, '2013-09-28 14:45:26', 0, '2013-09-28 14:45:26'),
(122, 'SYSTEM', 'MANUFACTURING_ITEM_TYPE', 'Manufacuting Item Type', 'inv', NULL, NULL, NULL, NULL, NULL, 0, '2013-10-05 10:34:51', 34, '2015-05-18 09:35:27'),
(123, 'BOTH', 'ITEM_STATUS', 'Item Status', 'inv', NULL, NULL, NULL, NULL, NULL, 0, '2013-10-05 11:18:49', 1, '2016-08-16 20:43:17'),
(124, 'BOTH', 'SUPPLIER_TYPE', 'Supplier Type', 'ap', NULL, NULL, NULL, NULL, 2, 0, '2013-10-12 16:32:50', 34, '2015-05-08 03:42:56'),
(125, 'BOTH', 'COUNTRY', 'All countries', 'sys', '', 0, 'active', 'enabled', 0, 0, '2014-06-03 13:00:25', 0, '2003-06-14 13:00:25'),
(126, 'SYSTEM', 'PO_RECEIPT_ROUTING', 'Purchasing Receipt Routing', 'pur', NULL, NULL, 'active', 'enabled', NULL, 0, '2014-02-22 07:33:34', 22, '0000-00-00 00:00:00'),
(127, 'SYSTEM', 'AP_INVOICE_MATCH_LEVEL', 'AP Invoice Match Level', 'ap', NULL, 0, 'active', 'enabled', 0, 0, '2013-10-14 09:11:29', 0, '2013-10-14 09:11:29'),
(128, 'BOTH', 'EXCEPTION_ACTION', 'Exception Action', 'sys', NULL, 0, 'active', 'enabled', 0, 0, '2013-10-14 09:13:08', 0, '2013-10-14 09:13:08'),
(129, 'SYSTEM', 'SUPPLIER_SITE_TYPE', 'Supplier Site Type', 'ap', NULL, 0, 'active', 'enabled', 0, 0, '2013-10-16 08:51:25', 0, '2013-10-16 08:51:25'),
(130, 'SYSTEM', 'AP_PAY_ON', 'Auto Create AP Invoice', 'ap', NULL, 0, 'active', 'enabled', 0, 0, '2013-10-17 07:16:15', 0, '2013-10-17 07:16:15'),
(131, 'SYSTEM', 'PO_TYPE', 'Purchase Order Types', 'pur', NULL, NULL, 'active', 'enabled', 2, 0, '2014-08-25 03:22:08', 0, '2025-08-14 03:22:08'),
(132, 'SYSTEM', 'PO_STATUS', 'PO Status', 'pur', NULL, NULL, 'active', 'enabled', NULL, 0, '2014-02-22 07:36:20', 22, '0000-00-00 00:00:00'),
(133, 'SYSTEM', 'PO_LINE_TYPE', 'PO Line Types', 'pur', NULL, NULL, NULL, NULL, NULL, 0, '2014-03-14 06:57:15', 34, '2015-08-30 08:55:56'),
(134, 'SYSTEM', 'CURRENCY', 'Currency Codes', 'gl', '', 0, 'active', 'enabled', 0, 0, '2014-08-02 13:40:29', 0, '2002-08-14 13:40:29'),
(135, 'SYSTEM', 'WIP_SUPPLY_TYPE', 'WIP Supply Types', 'wip', NULL, NULL, 'active', 'enabled', NULL, 0, '2014-01-03 13:53:18', 0, '2014-01-03 13:53:18'),
(136, 'SYSTEM', 'RESOURCE_TYPE', 'BOM Resource Types', 'bom', NULL, NULL, NULL, NULL, NULL, 0, '2013-12-16 01:48:31', 34, '2015-05-01 04:06:24'),
(137, 'SYSTEM', 'CHARGE_TYPE', 'Charge Type', 'bom', NULL, NULL, 'active', 'enabled', NULL, 0, '2014-01-03 14:06:19', 0, '2014-01-03 14:06:19'),
(138, 'SYSTEM', 'BOM_CHARGE_BASIS', 'Material, Resource & OH Charge basis', 'bom', NULL, NULL, 'active', 'enabled', NULL, 0, '2014-01-03 13:57:47', 0, '2014-01-03 13:57:47'),
(139, 'SYSTEM', 'BOM_OVERHEAD_TYPE', 'Overhead Type - Material or Resource', 'bom', '', 0, 'active', 'enabled', 0, 0, '2014-04-30 13:30:47', 0, '2030-04-14 13:30:47'),
(140, 'SYSTEM', 'BOM_DEPARTMENT_TYPE', 'Bom Department Id', 'bom', NULL, NULL, 'active', 'enabled', NULL, 0, '2013-12-19 07:28:45', 0, '2013-12-19 07:28:45'),
(141, 'SYSTEM', 'BOM_SCHEDULE_OPTION', 'Bom Schedule Options', 'bom', NULL, NULL, 'active', 'enabled', NULL, 0, '2014-01-03 14:02:30', 0, '2014-01-03 14:02:30'),
(142, 'SYSTEM', 'WIP_WO_TYPE', 'WIP WO/JOB Type', 'wip', NULL, NULL, 'active', 'enabled', NULL, 0, '2014-01-03 13:55:08', 0, '2014-01-03 13:55:08'),
(143, 'SYSTEM', 'WIP_WO_STATUS', 'Work Order Status', 'wip', NULL, NULL, NULL, NULL, NULL, 0, '2014-01-03 14:11:45', 1, '2016-08-06 10:19:50'),
(144, 'SYSTEM', 'WIP_TRANSACTIONS', 'All WIP Transactions', 'wip', NULL, NULL, 'active', 'enabled', NULL, 0, '2014-01-11 07:52:16', 0, '2014-01-11 07:52:16'),
(145, 'SYSTEM', 'WIP_MOVE_STEP', 'WIP Move Steps', 'wip', NULL, NULL, 'active', 'enabled', NULL, 0, '2014-01-07 09:18:30', 0, '2014-01-07 09:18:30'),
(146, 'SYSTEM', 'CUSTOMER_SITE_TYPE', 'Customer Site Type', 'ar', NULL, NULL, 'active', 'enabled', NULL, 0, '2014-01-18 06:49:28', 0, '2014-01-18 06:49:28'),
(147, 'SYSTEM', 'AR_CUSTOMER_TYPE', 'AR Customer Type', 'ar', NULL, NULL, 'active', NULL, NULL, 0, '2014-01-18 07:00:52', 0, '2014-01-18 07:00:52'),
(148, 'SYSTEM', 'AR_CUSTOMER_CREDIT_CLASS', 'Customer Credit Class', 'ar', NULL, NULL, 'active', NULL, NULL, 0, '2014-01-18 07:19:56', 0, '2014-01-18 07:19:56'),
(149, 'SYSTEM', 'EXT_SUMMARY_DISPLAY_TYPE', 'Extesnion content summary display type', 'ext', NULL, NULL, 'active', 'enabled', NULL, 0, '2014-01-26 06:10:44', 0, '2014-01-26 06:10:44'),
(150, 'SYSTEM', 'EXT_CONTENT_FIELD_TYPE', 'Extension field type', 'ext', NULL, NULL, 'active', 'enabled', NULL, 0, '2014-01-27 15:02:12', 0, '2014-01-27 15:02:12'),
(151, 'SYSTEM', 'OPTION_ASSIGNMENT', 'Option Assgnments', 'sys', NULL, NULL, NULL, NULL, NULL, 0, '2014-02-02 12:10:10', 34, '2015-08-24 12:13:36'),
(152, 'SYSTEM', 'SYS_VALIDATION_TYPE', 'Validation Type Used on Group Value', 'sys', NULL, NULL, 'active', NULL, NULL, 0, '2014-02-04 02:10:55', 0, '2014-02-04 02:10:55'),
(153, 'BOTH', 'GL_PERIOD_TYPE', 'GL Period Types', 'gl', NULL, NULL, 'active', 'enabled', 1, 0, '2014-02-07 09:08:17', 0, '2014-02-07 09:08:17'),
(154, 'BOTH', 'GL_CALENDAR_NAME', 'GL Calendar Name', 'gl', NULL, NULL, 'active', NULL, NULL, 0, '2014-02-06 12:37:13', 0, '2014-02-06 12:37:13'),
(155, 'SYSTEM', 'GL_BALANCE_TYPE', 'GL Balance Type', 'gl', NULL, NULL, 'active', 'enabled', NULL, 0, '2014-02-27 07:07:15', 27, '0000-00-00 00:00:00'),
(156, 'SYSTEM', 'GL_JOURNAL_STATUS', 'GL Journal Status', 'gl', NULL, NULL, 'active', 'enabled', NULL, 0, '2014-03-02 12:12:27', 2, '0000-00-00 00:00:00'),
(157, 'SYSTEM', 'GL_JOURNAL_CATEGORY', 'GL Journal Categories', 'gl', NULL, NULL, NULL, NULL, NULL, 0, '2014-07-08 09:15:55', 34, '2016-06-25 17:25:56'),
(158, 'SYSTEM', 'GL_PERIOD_STATUS', 'GL Period Status', 'gl', NULL, NULL, 'active', 'enabled', NULL, 0, '2014-02-28 01:56:39', 28, '0000-00-00 00:00:00'),
(159, 'SYSTEM', 'APPROVAL_STATUS', 'Approval Status', 'sys', NULL, NULL, 'active', 'enabled', NULL, 0, '2014-03-24 07:38:01', 0, '2024-03-14 07:38:01'),
(160, 'SYSTEM', 'AP_TRANSACTION_TYPE', 'AP Transaction Type', 'ap', NULL, NULL, 'active', 'enabled', 2, 0, '2014-03-13 10:50:05', 0, '2013-03-14 10:50:05'),
(161, 'SYSTEM', 'GL_JOURNAL_LINE_TYPE', 'GL Journal Line Type', 'gl', NULL, NULL, 'active', 'enabled', NULL, 0, '2014-09-08 17:16:05', 0, '2008-09-14 17:16:05'),
(162, 'SYSTEM', 'AP_PAYMENT_TYPE', 'AP PaymentType', 'ap', NULL, NULL, 'active', 'enabled', 2, 0, '2014-03-17 03:57:13', 0, '2017-03-14 03:57:13'),
(163, 'SYSTEM', 'AR_TRANSACTION_ACTION', 'AR Transaction Action', 'ar', NULL, NULL, 'active', 'enabled', 2, 0, '2014-03-22 10:25:59', 0, '2022-03-14 10:25:59'),
(164, 'SYSTEM', 'AR_TRANSACTION_CLASS', 'AR Transaction Classes', 'ar', '', 0, 'active', 'enabled', 2, 0, '2014-07-08 09:09:59', 0, '2008-07-14 09:09:59'),
(165, 'SYSTEM', 'AR_RECEIPT_TYPE', 'AR Receipt Type', 'ar', NULL, NULL, 'active', 'enabled', 1, 0, '2014-03-25 04:35:31', 0, '2025-03-14 04:35:31'),
(166, 'SYSTEM', 'SO_TYPE', 'Sales Order Types', 'sd', NULL, NULL, 'active', 'enabled', 2, 0, '2014-03-25 08:40:22', 0, '2025-03-14 08:40:22'),
(167, 'SYSTEM', 'SO_STATUS', 'SO Status', 'sd', '', 0, 'active', 'enabled', 0, 0, '2014-06-02 02:49:38', 0, '2002-06-14 02:49:38'),
(168, 'SYSTEM', 'CST_COST_ELEMENT_TYPE', 'CST Cost Elements', 'bom', '', 0, 'active', 'enabled', 1, 0, '2014-05-05 02:53:47', 0, '2005-05-14 02:53:47'),
(169, 'SYSTEM', 'CST_COST_ACTION', 'Costing Cost Actions', 'bom', NULL, NULL, 'active', 'enabled', 2, 0, '2014-04-14 04:07:56', 0, '2014-04-14 04:07:56'),
(170, 'SYSTEM', 'MP_PLANNING_METHOD', 'Material Planning Method', 'inv', '', 0, 'active', 'enabled', 2, 0, '2014-05-08 01:03:10', 0, '2008-05-14 01:03:10'),
(171, 'SYSTEM', 'PO_REQUISITION_TYPE', 'PO Requisition Types', 'pur', '', 0, 'active', 'enabled', 2, 0, '2014-05-01 07:43:39', 0, '2001-05-14 07:43:39'),
(172, 'SYSTEM', 'PO_SOURCING_TYPE', 'PO Sourcing Types', 'pur', '', 0, 'active', 'enabled', 0, 0, '2014-05-02 14:06:53', 0, '2002-05-14 14:06:53'),
(173, 'SYSTEM', 'FP_BUCKET', 'Planning Bucket', 'fp', '', 0, 'active', 'enabled', 2, 0, '2014-05-03 13:05:52', 0, '2003-05-14 13:05:52'),
(174, 'SYSTEM', 'FP_SOURCE_LIST_TYPE', 'Planning Source List Type', 'fp', '', 0, 'active', 'enabled', 1, 0, '2014-05-05 02:53:19', 0, '2005-05-14 02:53:19'),
(175, 'SYSTEM', 'FP_SOURCE_LIST_LINE_TYPE', 'Planning Source List Line Type', 'fp', '', 0, 'active', 'enabled', 1, 0, '2014-05-05 03:01:46', 0, '2005-05-14 03:01:46'),
(176, 'SYSTEM', 'FP_DEMAND_TYPE', 'Planning Demand Type', 'inv', '', 0, 'active', '', 0, 0, '2014-05-06 04:54:02', 0, '2006-05-14 04:54:02'),
(177, 'USER', 'INV_ITEM_PRODUCT_LINE', 'Item Product Line', 'inv', '', 0, 'active', 'enabled', 0, 0, '2014-05-08 01:56:24', 0, '2008-05-14 01:56:24'),
(178, 'SYSTEM', 'SYS_ROUNDING_OPTION', 'System Rounding Option', 'sys', NULL, NULL, 'active', 'enabled', NULL, 0, '2014-09-01 10:43:44', 0, '2001-09-14 10:43:44'),
(179, 'SYSTEM', 'FP_MRP_EXCEPTION_TYPE', 'MRP Exceptions', 'fp', '', 0, '', '', 0, 0, '2014-05-21 09:32:10', 0, '2021-05-14 09:32:10'),
(180, 'SYSTEM', 'MDM_TAX_TYPE', 'Tax Types', 'sys', '', 0, 'active', 'enabled', 2, 0, '2014-06-03 02:56:45', 0, '2003-06-14 02:56:45'),
(181, 'BOTH', 'INV_ITEM_TAX_CLASS', 'Product Tax Classification', 'inv', '', 0, '', '', 0, 0, '2014-06-04 08:13:47', 0, '2004-06-14 08:13:47'),
(182, 'SYSTEM', 'SYS_MODULE', 'Module Name', 'sys', NULL, NULL, NULL, NULL, NULL, 0, '2014-08-07 09:55:00', 34, '2016-02-11 08:45:10'),
(183, 'SYSTEM', 'SD_SO_STATUS', 'Sales Order Header Status', 'sys', '', 0, 'active', 'enabled', 0, 0, '2014-06-29 11:56:44', 0, '2029-06-14 11:56:44'),
(184, 'SYSTEM', 'EXT_PATH_TYPE', 'Extension Path Types', 'sys', NULL, NULL, NULL, NULL, NULL, 0, '2014-07-19 05:45:25', 34, '2015-05-25 04:13:48'),
(185, 'BOTH', 'MDM_BANK_ACCOUNT_TYPE', 'Bank Account Types', 'gl', '', 0, 'active', 'enabled', 0, 0, '2014-07-15 12:15:20', 0, '2015-07-14 12:15:20'),
(186, 'BOTH', 'INV_ABC_CODE', 'Inventory ABC Codes', 'inv', '', 0, 'active', 'enabled', 0, 0, '2014-07-18 14:47:03', 0, '2018-07-14 14:47:03'),
(187, 'BOTH', 'INV_ABC_CRITERIA', 'ABC Valuation Criterias', 'inv', '', 0, 'active', 'enabled', 0, 0, '2014-07-22 07:36:49', 0, '2022-07-14 07:36:49'),
(188, 'BOTH', 'GL_CURRENCY_CONVERSION_TYPE', 'GL Currency Conversion Type', 'gl', '', 0, 'active', 'enabled', 0, 0, '2014-08-02 12:29:31', 0, '2002-08-14 12:29:31'),
(189, 'BOTH', 'HR_MARITAL_STATUS', 'HR Marital Status', 'sys', NULL, NULL, 'active', NULL, NULL, 0, '2014-08-07 10:45:33', 0, '2007-08-14 10:45:33'),
(190, 'BOTH', 'HR_JOB_POSITION_TYPE', 'Job Position Type', 'sys', NULL, NULL, 'active', NULL, NULL, 0, '2014-08-08 12:37:36', 0, '2008-08-14 12:37:36'),
(191, 'BOTH', 'HR_JOB_FUNCTIONAL_AREA', 'Job Functional Area', 'sys', NULL, NULL, 'active', NULL, NULL, 0, '2014-08-08 12:44:32', 0, '2008-08-14 12:44:32'),
(192, 'BOTH', 'HR_COMPENSATION_ELEMENT_TYPE', 'HR Compensation Type', 'sys', NULL, NULL, 'active', NULL, NULL, 0, '2014-08-11 12:39:21', 0, '2011-08-14 12:39:21'),
(193, 'BOTH', 'HR_COMPENSATION_ELEMENT_CLASS', 'HR Compensation Element Class', 'sys', NULL, NULL, 'active', NULL, NULL, 0, '2014-08-11 16:35:48', 0, '2011-08-14 16:35:48'),
(194, 'BOTH', 'HR_COMPENSATION_ELEMENT_CATEGORY', 'HR Compensation Category', 'sys', NULL, NULL, 'active', NULL, NULL, 0, '2014-08-11 16:25:41', 0, '2011-08-14 16:25:41'),
(195, 'BOTH', 'HR_EDUCATION_MODE', 'Education Mode', 'sys', NULL, NULL, 'active', NULL, NULL, 0, '2014-08-13 04:54:20', 0, '2013-08-14 04:54:20'),
(196, 'BOTH', 'HR_GENDER', 'Gender', 'sys', NULL, NULL, 'active', NULL, NULL, 0, '2014-08-13 05:45:34', 0, '2013-08-14 05:45:34'),
(197, 'BOTH', 'HR_PERSON_TYPE', 'Person Type', 'sys', NULL, NULL, 'active', NULL, NULL, 0, '2014-08-13 06:01:41', 0, '2013-08-14 06:01:41'),
(198, 'BOTH', 'HR_IDENTIFICATION_TYPE', 'Employee Identification Type', 'sys', NULL, NULL, 'active', NULL, NULL, 0, '2014-08-13 06:05:49', 0, '2013-08-14 06:05:49'),
(199, 'BOTH', 'HR_PAYMENT_METHOD_TYPE', 'Payment  Method Type', 'sys', NULL, NULL, 'active', NULL, NULL, 0, '2014-08-15 11:13:49', 0, '2015-08-14 11:13:49'),
(200, 'BOTH', 'SYS_PERIOD_TYPE', 'System Period Types', 'sys', NULL, NULL, 'active', NULL, NULL, 0, '2014-08-15 11:55:47', 0, '2015-08-14 11:55:47'),
(201, 'BOTH', 'HR_LEAVE_CATEGORY', 'HR Leave Category', 'sys', NULL, NULL, 'active', NULL, NULL, 0, '2014-08-16 16:57:52', 0, '2016-08-14 16:57:52'),
(202, 'SYSTEM', 'SYS_DOCUMENT_TYPE', 'Documents Types', 'sys', NULL, NULL, NULL, NULL, NULL, 0, '2014-08-26 11:04:16', 34, '2015-08-26 11:20:56'),
(203, 'SYSTEM', 'SYS_NOTIFICATION_NAME', 'System Notification Name', 'sys', NULL, NULL, 'active', 'enabled', NULL, 0, '2014-08-21 12:05:27', 0, '2021-08-14 12:05:27'),
(204, 'SYSTEM', 'SYS_HOLD_TYPE', 'System Hold Type', 'sys', NULL, NULL, 'active', 'enabled', NULL, 0, '2014-09-01 11:19:32', 0, '2001-09-14 11:19:32'),
(205, 'SYSTEM', 'INV_SEARIAL_STATUS', 'Serial Number Status', 'inv', NULL, NULL, NULL, NULL, NULL, 0, '2014-09-17 04:56:43', 34, '2015-09-09 15:21:27'),
(206, 'BOTH', 'SYS_EXTRA_FIELD_TYPE', 'Extra Field Type', 'sys', NULL, NULL, 'active', 'enabled', NULL, 0, '2014-10-08 05:22:53', 0, '2008-10-14 05:22:53'),
(207, 'BOTH', 'USER_FAVOURITE_GROUP', 'User Favourite Group', 'sys', NULL, 1, 'active', 'enabled', 1, 34, '2014-10-22 07:40:39', 34, '2014-10-22 07:41:34'),
(208, 'BOTH', 'EXT_VIEW_DISPLAY_TYPE', 'View Display Type', 'sys', NULL, NULL, 'active', 'enabled', NULL, 1, '2014-10-24 13:26:34', 1, '2014-10-24 16:11:04'),
(209, 'BOTH', 'USER_REPORT_GROUP', 'User Report Group', 'sys', NULL, NULL, 'active', 'enabled', NULL, 34, '2014-11-02 05:00:05', 34, '2014-11-02 05:01:23'),
(210, 'USER', 'SF_ITEM_INVETORY_CATEGORY', 'Secondary Field : Item Purchasing Category', 'inv', NULL, NULL, NULL, NULL, NULL, 34, '2014-11-07 05:48:31', 34, '2014-11-07 05:52:35'),
(211, 'BOTH', 'BC_LABEL_TYPE', 'Barcode Label Type', 'sys', NULL, NULL, NULL, 'enabled', NULL, 34, '2014-12-01 06:54:09', 34, '2015-02-05 02:37:21'),
(212, 'BOTH', 'SYS_PRINTER_TYPE', 'Barcode Label Type', 'sys', NULL, NULL, 'active', 'enabled', NULL, 34, '2014-12-01 09:38:55', 34, '2014-12-01 09:41:01'),
(213, 'BOTH', 'SD_SALES_CHANNEL', 'Sales Channel', 'sd', NULL, NULL, 'active', 'enabled', NULL, 34, '2014-12-07 04:42:35', 34, '2014-12-07 04:45:07'),
(214, 'BOTH', 'HR_TEAM_REGION', 'Team Region', 'hr', NULL, NULL, 'active', NULL, NULL, 1, '2014-12-08 06:03:49', 1, '2014-12-08 11:24:09'),
(215, 'BOTH', 'HR_ROLE', 'HR Role', 'hr', NULL, NULL, 'active', NULL, NULL, 1, '2014-12-08 11:51:47', 1, '2014-12-08 11:53:52'),
(216, 'BOTH', 'SD_LEAD_TYPE', 'Sales Lead Type', 'sd', NULL, NULL, 'active', 'enabled', NULL, 34, '2014-12-09 05:01:59', 34, '2014-12-09 05:04:29'),
(217, 'BOTH', 'EXT_WEB_CONTACT_CATEGORY', 'Web Contact Category', 'ext', NULL, NULL, NULL, 'enabled', NULL, 34, '2015-01-04 04:55:28', 34, '2015-02-05 03:03:48'),
(218, 'SYSTEM', 'FA_ASSET_CLASS_TYPE', 'Asset Class Type', 'fa', NULL, NULL, NULL, NULL, NULL, 34, '2015-01-12 13:59:33', 34, '2015-01-12 14:01:02'),
(219, 'SYSTEM', 'FA_ASSET_CATEGORY_TYPE', 'Asset Category Type', 'fa', NULL, NULL, NULL, NULL, NULL, 34, '2015-01-12 16:40:46', 34, '2015-01-12 16:42:29'),
(220, 'SYSTEM', 'INV_LOC_DEFAULT_TYPE', 'Item Transaction Location Default Type ', 'inv', NULL, NULL, NULL, NULL, NULL, 34, '2015-02-02 08:48:04', 34, '2015-02-02 08:49:37'),
(221, 'BOTH', 'EXTN_CATEGORY_TYPE', 'Category Types  - Extension', 'ext', NULL, NULL, NULL, NULL, NULL, 34, '2015-02-06 05:50:06', 34, '2015-03-28 09:19:03'),
(222, 'SYSTEM', 'INV_ITEM_BOM_TYPE', 'Inventory Item BOM Type', 'inv', NULL, NULL, NULL, NULL, NULL, 34, '2015-02-07 14:17:00', 34, '2015-03-08 10:26:56'),
(223, 'BOTH', 'USER_GROUPS', 'User Groups', 'sys', NULL, NULL, NULL, 'enabled', 1, 34, '2015-02-21 18:45:59', 34, '2015-02-21 18:48:16'),
(224, 'BOTH', 'SYS_LANGUAGE', 'Language', 'sys', NULL, NULL, NULL, NULL, NULL, 34, '2015-02-24 09:15:50', 34, '2015-11-11 03:47:03'),
(225, 'BOTH', 'AM_ACTIVITY_TYPE', 'Activity Type', 'am', NULL, NULL, NULL, NULL, NULL, 34, '2015-03-16 10:26:43', 34, '2015-03-16 10:31:10'),
(226, 'BOTH', 'AM_ACTIVITY_CAUSE', 'Activity Cause', 'am', NULL, NULL, NULL, NULL, NULL, 34, '2015-03-16 10:32:08', 34, '2015-03-16 10:34:32'),
(227, 'BOTH', 'AM_ACTIVITY_SOURCE', 'Activity Source', 'am', NULL, NULL, NULL, NULL, NULL, 34, '2015-03-16 10:35:24', 34, '2015-03-16 10:36:52'),
(228, 'SYSTEM', 'AM_WO_TYPE', 'Maintenance WO/JOB Type', 'am', NULL, NULL, NULL, NULL, NULL, 34, '2015-03-21 09:17:15', 34, '2015-03-21 09:28:42'),
(229, 'BOTH', 'INV_ITEM_RELATION', 'Item Relations', 'inv', NULL, NULL, NULL, NULL, NULL, 34, '2015-03-29 19:49:00', 34, '2015-03-29 20:38:48'),
(230, 'BOTH', 'ADDRESS_USAGE_TYPE', 'Address Usage Type', 'org', NULL, NULL, NULL, NULL, 1, 34, '2015-04-06 09:32:11', 34, '2015-04-06 09:33:30'),
(231, 'BOTH', 'HD_SR_IMPACT', 'Service Request Impact', 'hd', NULL, NULL, NULL, NULL, 1, 34, '2015-04-16 13:58:51', 34, '2015-04-16 14:00:50'),
(232, 'BOTH', 'HD_SR_STATUS', 'Service Request Status', 'hd', NULL, NULL, NULL, NULL, 1, 34, '2015-04-16 14:11:26', 34, '2015-04-16 14:13:23'),
(233, 'BOTH', 'HD_SR_TYPE', 'Service Request Type', 'hd', NULL, NULL, NULL, NULL, 1, 34, '2015-04-16 14:14:46', 34, '2015-04-16 14:16:03'),
(234, 'BOTH', 'HD_SR_CATEGORY', 'Service Request Category', 'hd', NULL, NULL, NULL, NULL, 1, 34, '2015-04-16 14:23:51', 34, '2015-04-16 14:26:51'),
(235, 'BOTH', 'HD_SR_ESCALATION', 'Service Request Escalation', 'hd', NULL, NULL, NULL, NULL, 1, 34, '2015-04-16 16:07:21', 34, '2015-04-16 16:09:01'),
(236, 'BOTH', 'HD_SR_CLOSE_CODE', 'Service Request Close Type', 'hd', NULL, NULL, NULL, NULL, 1, 34, '2015-04-18 15:20:05', 34, '2015-04-18 15:22:14'),
(237, 'BOTH', 'HD_CR_TYPE', 'Change Request Type', 'hd', NULL, NULL, NULL, NULL, 1, 34, '2015-04-19 04:53:53', 34, '2015-04-19 04:55:20'),
(238, 'BOTH', 'SUPPLIER_CATEGORY', 'Supplier Category', 'ap', NULL, NULL, NULL, NULL, 2, 34, '2015-05-08 03:36:06', 34, '2015-05-08 03:37:29'),
(239, 'BOTH', 'AR_CUSTOMER_CATEGORY', 'AR Customer Category', 'ar', NULL, NULL, NULL, NULL, NULL, 34, '2015-05-11 04:33:46', 34, '2015-05-11 04:35:25'),
(240, 'BOTH', 'ADM_PRIMARY_TASK_STATUS', 'Primary Task Type', 'adm', NULL, NULL, NULL, NULL, 1, 34, '2015-05-25 20:19:57', 34, '2015-05-25 20:22:59'),
(241, 'BOTH', 'HD_PRI_SERVICE_TYPE', 'Primary Service Type', 'hd', NULL, NULL, NULL, NULL, 1, 34, '2015-05-31 04:57:21', 34, '2015-05-31 05:10:46'),
(242, 'BOTH', 'SYS_BILLING_TYPE', 'Billing Type', 'sys', NULL, NULL, NULL, NULL, 1, 34, '2015-05-31 19:42:17', 34, '2015-05-31 19:43:31'),
(243, 'BOTH', 'HR_TEAM_TYPE', 'HR Team Type', 'hr', NULL, NULL, NULL, NULL, NULL, 34, '2015-06-02 14:19:19', 34, '2015-06-02 14:20:47'),
(244, 'SYSTEM', 'AR_CUSTOMER_RELATIONSHIP', 'AR Customer Relationship', 'ar', NULL, NULL, NULL, NULL, NULL, 34, '2015-06-09 16:29:51', 34, '2015-06-09 16:34:30'),
(245, 'SYSTEM', 'PRJ_CUSTOMER_RELATIONSHIP', 'Project Customer Relationship', 'prj', NULL, NULL, NULL, NULL, NULL, 34, '2015-06-14 08:11:43', 34, '2015-06-14 08:12:34'),
(246, 'SYSTEM', 'PRJ_EXPENDITURE_CATEGORY', 'Project Expenditure Categories', 'prj', NULL, NULL, NULL, NULL, NULL, 34, '2015-06-14 09:17:02', 34, '2015-06-14 09:19:57'),
(247, 'BOTH', 'PRJ_REVENUE_CATEGORY', 'Project Revenue Categories', 'prj', NULL, NULL, NULL, NULL, NULL, 34, '2015-06-14 09:23:42', 34, '2015-06-14 09:25:14'),
(248, 'SYSTEM', 'PRJ_RESOURCE_CLASS', 'Project Resource Class', 'prj', NULL, NULL, NULL, NULL, NULL, 34, '2015-06-14 15:21:20', 34, '2015-06-14 15:22:17'),
(249, 'BOTH', 'PRJ_WORK_UTILIZATION_TYPE', 'Project Work Utilization Type', 'prj', NULL, NULL, NULL, NULL, NULL, 34, '2015-06-18 06:41:22', 34, '2015-06-18 06:41:22'),
(250, 'BOTH', 'CE_SERVICE TYPE', 'Service Type - Common Entity', 'adm', NULL, NULL, NULL, NULL, NULL, 34, '2015-06-21 06:35:53', 34, '2015-06-21 06:37:59'),
(251, 'SYSTEM', 'PRJ_BUDGET_ENTRY_METHOD', 'Project Budget Entry Method', 'prj', NULL, NULL, NULL, NULL, NULL, 34, '2015-06-22 07:20:27', 34, '2015-06-22 07:24:45'),
(252, 'BOTH', 'PRJ_BUDGET_TYPE', 'Project Budget Type', 'prj', NULL, NULL, NULL, NULL, NULL, 34, '2015-07-03 15:29:08', 34, '2015-10-13 03:51:34'),
(253, 'BOTH', 'PRJ_PROJECT_PHASE', 'Project Phases', 'prj', NULL, NULL, NULL, NULL, NULL, 34, '2015-07-08 03:35:43', 34, '2015-07-08 05:05:38'),
(254, 'SYSTEM', 'PRJ_EVENT_CLASS', 'Project Event Type Class', 'prj', NULL, NULL, NULL, NULL, NULL, 34, '2015-07-10 06:04:23', 34, '2015-07-10 06:04:23'),
(255, 'SYSTEM', 'AR_TRNX_APPROVAL_STATUS', 'AR Transacion Approval Status', 'sys', NULL, NULL, NULL, NULL, NULL, 34, '2015-07-17 15:06:54', 34, '2015-07-17 15:06:54'),
(256, 'SYSTEM', 'AP_PAY_GROUP', 'AP Payment Group', 'ap', NULL, NULL, NULL, NULL, 2, 34, '2015-07-21 08:05:37', 34, '2015-07-21 08:16:52'),
(257, 'SYSTEM', 'PRJ_DOCUMENT_TYPE', 'Project Document Type', 'prj', NULL, NULL, NULL, NULL, NULL, 34, '2015-08-21 11:42:41', 34, '2015-10-12 05:26:50'),
(258, 'SYSTEM', 'HR_EXPENSE_CATEGORY', 'HR Expense Category', 'hr', NULL, NULL, NULL, NULL, NULL, 34, '2015-08-24 03:42:27', 34, '2015-08-24 03:42:27'),
(259, 'SYSTEM', 'HR_LOCATION', 'HR Location Structure', 'hr', 'HR_LOCATION', NULL, NULL, NULL, NULL, 34, '2015-08-24 12:12:21', 34, '2015-08-24 12:19:31'),
(260, 'BOTH', 'HD_SUBSCR_DOC_TYPE', 'Subscription Doument Type', 'hd', NULL, NULL, NULL, NULL, 1, 34, '2015-09-14 07:19:54', 34, '2015-09-14 07:19:54'),
(261, 'BOTH', 'HD_SUBSCR_LINE_TYPE', 'Subscription Line Type', 'hd', NULL, NULL, NULL, NULL, 1, 34, '2015-09-14 13:53:29', 34, '2015-09-15 03:46:28'),
(262, 'BOTH', 'PRJ_ACCOUNTING_GRP', 'Project Accounting Group', 'prj', NULL, NULL, NULL, NULL, NULL, 34, '2015-09-24 09:11:16', 34, '2015-09-24 12:49:29'),
(263, 'BOTH', 'GL_JOURNAL_SOURCE', 'GL Journal Source', 'gl', NULL, NULL, NULL, NULL, NULL, 34, '2015-10-01 12:48:26', 34, '2015-10-01 12:50:00'),
(264, 'BOTH', 'QA_ELEMENT_TYPE', 'Quality Element Type', 'qa', NULL, NULL, NULL, NULL, NULL, 34, '2015-11-02 03:30:23', 34, '2015-11-02 03:30:23'),
(265, 'BOTH', 'QA_COLLECTION_PLAN_TYPE', 'Quality Collection Plan Types', 'qa', NULL, NULL, NULL, NULL, NULL, 34, '2015-11-06 03:27:01', 34, '2015-11-06 03:27:01'),
(266, 'BOTH', 'QA_COLLECTION_TRIGGER', 'Quality Collection Plan Triggers', 'qa', NULL, NULL, NULL, NULL, NULL, 34, '2015-11-06 09:17:43', 34, '2015-11-12 05:40:27'),
(267, 'BOTH', 'QA_QUALITY_ACTION', 'System Actions on Quality Results', 'qa', NULL, NULL, NULL, NULL, NULL, 34, '2015-11-07 11:28:19', 34, '2015-11-07 11:28:19'),
(268, 'BOTH', 'PM_FORMULA_TYPE', 'Formula Type', 'pm', NULL, NULL, NULL, NULL, NULL, 34, '2016-03-08 06:25:37', 34, '2016-03-08 08:12:56'),
(269, 'BOTH', 'PM_OPERATION_ACTIVITY', NULL, 'pm', NULL, NULL, NULL, NULL, NULL, 34, '2016-03-14 10:21:42', 34, '2016-03-14 10:21:42');

-- --------------------------------------------------------

--
-- Table structure for table `option_line`
--

CREATE TABLE `option_line` (
  `option_line_id` int(12) UNSIGNED NOT NULL,
  `option_header_id` int(12) UNSIGNED NOT NULL,
  `option_line_code` varchar(50) CHARACTER SET latin1 NOT NULL,
  `option_line_value` varchar(50) CHARACTER SET latin1 NOT NULL,
  `description` varchar(256) COLLATE utf8_unicode_ci NOT NULL,
  `value_group_id` int(12) DEFAULT NULL,
  `priority` int(4) DEFAULT NULL,
  `status` enum('active','inactive') CHARACTER SET latin1 DEFAULT NULL,
  `mapper1` varchar(25) COLLATE utf8_unicode_ci DEFAULT NULL,
  `mapper2` varchar(25) COLLATE utf8_unicode_ci DEFAULT NULL,
  `rev_enabled` enum('enabled','disabled') CHARACTER SET latin1 DEFAULT NULL,
  `rev_number` int(12) DEFAULT NULL,
  `effective_start_date` varchar(50) CHARACTER SET latin1 DEFAULT NULL,
  `effective_end_date` varchar(50) CHARACTER SET latin1 DEFAULT NULL,
  `created_by` int(12) NOT NULL,
  `creation_date` datetime DEFAULT NULL,
  `last_update_by` int(12) NOT NULL,
  `last_update_date` datetime DEFAULT NULL
) ENGINE=InnoDB DEFAULT CHARSET=utf8 COLLATE=utf8_unicode_ci;

--
-- Dumping data for table `option_line`
--

INSERT INTO `option_line` (`option_line_id`, `option_header_id`, `option_line_code`, `option_line_value`, `description`, `value_group_id`, `priority`, `status`, `mapper1`, `mapper2`, `rev_enabled`, `rev_number`, `effective_start_date`, `effective_end_date`, `created_by`, `creation_date`, `last_update_by`, `last_update_date`) VALUES
(71, 77, 'ENTERPRISE', 'Enterprise', 'Enterprise Org', NULL, 0, '', NULL, NULL, 'enabled', 1, '2000-01-01', '', 0, '2014-03-26 07:45:39', 0, '2026-03-14 07:45:39'),
(72, 77, 'LEGAL_ORG', 'Legal', 'Legal Org', NULL, 0, '', NULL, NULL, 'enabled', 1, '2000-01-01', '', 0, '2014-03-26 07:45:40', 0, '2026-03-14 07:45:40'),
(73, 77, 'BUSINESS_ORG', 'Business', 'Business Org', NULL, 0, '', NULL, NULL, 'enabled', 1, '2000-01-01', '', 0, '2014-03-26 07:45:38', 0, '2026-03-14 07:45:38'),
(74, 77, 'INVENTORY_ORG', 'Inventory', 'Inventory Org', NULL, 0, '', NULL, NULL, 'enabled', 1, '2000-01-01', '', 0, '2014-03-26 07:45:39', 0, '2026-03-14 07:45:39'),
(75, 79, 'INTERNATIONAL', 'INTERNATIONAL', 'Standard International Format', NULL, 1, '', NULL, NULL, '', 0, '2000-01-01', '2000-01-01', 0, '0000-00-00 00:00:00', 0, '2019-07-13 06:52:45'),
(76, 79, 'US_STYLE', 'US_STYLE', 'US Format', NULL, 1, '', NULL, NULL, '', 0, '2000-01-01', '2000-01-01', 0, '0000-00-00 00:00:00', 0, '2019-07-13 06:52:45'),
(77, 80, 'SEGMENT1', 'Legal Org', 'Legal Organization', 1, 1, 'active', NULL, NULL, 'enabled', 0, '2001-01-01', '', 0, '2014-02-06 07:26:29', 0, '2014-02-06 07:26:29'),
(78, 80, 'SEGMENT2', 'Business Org', 'Business Organization', 2, 1, 'active', NULL, NULL, 'enabled', 0, '2001-01-01', '', 0, '2014-02-06 07:26:28', 0, '2014-02-06 07:26:28'),
(79, 80, 'SEGMENT3', 'Cost Center', 'Cost center', 3, 1, 'active', NULL, NULL, 'enabled', 0, '2001-01-01', '', 0, '2014-02-06 07:26:29', 0, '2014-02-06 07:26:29'),
(80, 80, 'SEGMENT4', 'Account', 'Natural account', 4, 1, 'active', NULL, NULL, 'enabled', 0, '2001-01-01', '', 0, '2014-02-06 07:26:28', 0, '2014-02-06 07:26:28'),
(81, 80, 'SEGMENT5', 'Product', 'Product', 5, 1, 'active', NULL, NULL, 'enabled', 0, '2001-01-01', '', 0, '2014-02-06 07:26:28', 0, '2014-02-06 07:26:28'),
(82, 80, 'SEGMENT6', 'Project', 'Project', 11, 1, NULL, NULL, NULL, NULL, NULL, '2001-01-01', NULL, 0, '2014-02-06 07:26:29', 34, '2015-07-25 17:06:25'),
(83, 80, 'SEGMENT7', 'InterCompany', 'Inter-Company Segment', 1, 1, 'active', NULL, NULL, 'enabled', 0, '2001-01-01', '', 0, '2014-02-06 07:26:29', 0, '2014-02-06 07:26:29'),
(84, 80, 'SEGMENT8', 'TBU', 'Feature Use', 12, 1, NULL, NULL, NULL, NULL, NULL, '2001-01-01', '1970-01-01', 0, '2014-02-06 07:26:29', 34, '2015-07-25 17:07:21'),
(85, 81, 'OPEN', 'New & Open', 'New & Open', NULL, NULL, NULL, NULL, NULL, 'enabled', NULL, NULL, NULL, 0, '2014-02-18 09:05:40', 18, '0000-00-00 00:00:00'),
(86, 81, 'ASSIGNED', 'Assigned', 'Assigned', NULL, NULL, NULL, NULL, NULL, 'enabled', NULL, NULL, NULL, 0, '2014-02-18 09:05:41', 18, '0000-00-00 00:00:00'),
(87, 82, 'LEGAL_UNIT', 'Legal Unit', 'Represents Legal Unit', 1, 1, '', NULL, NULL, 'enabled', 0, '2000-01-01', '', 0, '2014-02-04 14:17:11', 0, '2014-02-04 14:17:11'),
(88, 82, 'BUSINESS_UNIT', 'Business Unit', 'Represents Business Unit', 2, 1, '', NULL, NULL, 'enabled', 0, '2000-01-01', '', 0, '2014-02-04 14:17:10', 0, '2014-02-04 14:17:10'),
(89, 82, 'COST_CENTER', 'Cost center', 'Represents Cost Center', 3, 1, '', NULL, NULL, 'enabled', 0, '2000-01-01', '', 0, '2014-02-04 14:17:10', 0, '2014-02-04 14:17:10'),
(90, 82, 'PRODUCT_CODE', 'product code', 'Represents Product code', 5, 1, '', NULL, NULL, 'enabled', 0, '2000-01-01', '', 0, '2014-02-04 14:17:10', 0, '2014-02-04 14:17:10'),
(91, 82, 'INTERCOMPANY', 'Intercompany', 'Intercompany', 1, 1, '', NULL, NULL, 'enabled', 0, '2000-01-01', '', 0, '2014-02-04 14:17:10', 0, '2014-02-04 14:17:10'),
(92, 82, 'ACCOUNT', 'Natural account', 'Represents NA', 4, 1, '', NULL, NULL, 'enabled', 0, '2000-01-01', '', 0, '2014-02-04 14:17:15', 0, '2014-02-04 14:17:15'),
(93, 83, 'A', 'Asset', 'Asset', NULL, 0, '', NULL, NULL, '', 0, '1950-01-01', '', 0, '0000-00-00 00:00:00', 0, '0000-00-00 00:00:00'),
(94, 83, 'L', 'Liability', 'Liability', NULL, 0, '', NULL, NULL, '', 0, '1950-01-01', '', 0, '0000-00-00 00:00:00', 0, '0000-00-00 00:00:00'),
(95, 83, 'E', 'Equity', 'Owners Equity', NULL, 0, '', NULL, NULL, '', 0, '1950-01-01', '', 0, '0000-00-00 00:00:00', 0, '0000-00-00 00:00:00'),
(96, 83, 'X', 'Expense', 'Expense', NULL, 0, '', NULL, NULL, '', 0, '1950-01-01', '', 0, '0000-00-00 00:00:00', 0, '0000-00-00 00:00:00'),
(97, 83, 'R', 'Revenue', 'Revenue', NULL, NULL, NULL, NULL, NULL, NULL, NULL, NULL, NULL, 0, '0000-00-00 00:00:00', 34, '2015-01-26 02:34:50'),
(98, 83, 'BC', 'Budgetary Credit', 'Budgetary Credit', NULL, NULL, NULL, NULL, NULL, NULL, NULL, NULL, NULL, 0, '0000-00-00 00:00:00', 34, '2015-01-26 02:34:51'),
(99, 84, 'PRODUCT', 'Product', 'Standard Product', NULL, NULL, NULL, NULL, NULL, NULL, NULL, NULL, NULL, 0, '0000-00-00 00:00:00', 34, '2015-02-09 11:54:16'),
(100, 84, 'EXPENSE', 'Expense', 'Expense Items', NULL, NULL, NULL, NULL, NULL, NULL, NULL, NULL, NULL, 0, '0000-00-00 00:00:00', 34, '2015-02-09 08:03:49'),
(101, 84, 'EXPENSE_QTY', 'Expense Qty', 'Expense Qty Tracked', NULL, NULL, NULL, NULL, NULL, NULL, NULL, NULL, NULL, 0, '0000-00-00 00:00:00', 34, '2015-02-09 08:03:48'),
(102, 84, 'NON_PRODUCT', 'Non Product', 'Non product Items', NULL, NULL, NULL, NULL, NULL, NULL, NULL, NULL, NULL, 0, '0000-00-00 00:00:00', 34, '2015-02-09 08:03:50'),
(103, 84, 'MRO', 'MRO', 'MRO Items', NULL, 0, '', NULL, NULL, '', 0, '', '', 0, '0000-00-00 00:00:00', 0, '0000-00-00 00:00:00'),
(104, 84, 'FINISHED_GOOD', 'Finished Good', 'Finished Good Items', NULL, NULL, NULL, NULL, NULL, NULL, NULL, NULL, NULL, 0, '0000-00-00 00:00:00', 34, '2015-02-09 08:03:50'),
(105, 84, 'SUB_ASSEMBLY', 'Sub Assembly', 'Sub Assemblies', NULL, NULL, NULL, NULL, NULL, NULL, NULL, NULL, NULL, 0, '0000-00-00 00:00:00', 34, '2015-02-09 08:03:51'),
(106, 84, 'RAW', 'Raw', 'Raw Components', NULL, NULL, NULL, NULL, NULL, NULL, NULL, NULL, NULL, 0, '0000-00-00 00:00:00', 34, '2015-02-09 08:03:51'),
(107, 84, 'EQUIPMENT', 'Equipment', 'Equipments', NULL, NULL, NULL, NULL, NULL, NULL, NULL, NULL, NULL, 0, '0000-00-00 00:00:00', 34, '2015-02-09 08:03:51'),
(108, 84, 'SOFTWARE', 'Software', 'Softwares', NULL, NULL, NULL, NULL, NULL, NULL, NULL, NULL, NULL, 0, '0000-00-00 00:00:00', 34, '2015-02-09 08:03:52'),
(109, 85, 'Area', 'Area', 'Area', NULL, 0, '', NULL, NULL, '', 0, '', '', 0, '0000-00-00 00:00:00', 0, '0000-00-00 00:00:00'),
(110, 85, 'Document', 'Document', 'Document', NULL, 0, '', NULL, NULL, '', 0, '', '', 0, '0000-00-00 00:00:00', 0, '0000-00-00 00:00:00'),
(111, 85, 'Length', 'Length', 'Length', NULL, 0, '', NULL, NULL, '', 0, '', '', 0, '0000-00-00 00:00:00', 0, '0000-00-00 00:00:00'),
(112, 85, 'Volume', 'Volume', 'Volume', NULL, 0, '', NULL, NULL, '', 0, '', '', 0, '0000-00-00 00:00:00', 0, '0000-00-00 00:00:00'),
(113, 85, 'Weight', 'Weight', 'Weight', NULL, 0, '', NULL, NULL, '', 0, '', '', 0, '0000-00-00 00:00:00', 0, '0000-00-00 00:00:00'),
(114, 85, 'Quantity', 'Quantity', 'Quantity', NULL, 0, '', NULL, NULL, '', 0, '', '', 0, '0000-00-00 00:00:00', 0, '0000-00-00 00:00:00'),
(115, 85, 'Period', 'Period', 'Period', NULL, 0, '', NULL, NULL, '', 0, '', '', 0, '0000-00-00 00:00:00', 0, '0000-00-00 00:00:00'),
(116, 85, 'Money', 'Money', 'Money', NULL, 0, '', NULL, NULL, '', 0, '', '', 0, '0000-00-00 00:00:00', 0, '0000-00-00 00:00:00'),
(117, 85, 'Time', 'Time', 'Time', NULL, 0, '', NULL, NULL, '', 0, '', '', 0, '0000-00-00 00:00:00', 0, '0000-00-00 00:00:00'),
(118, 86, 'INVENTORY', 'INVENTORY', 'Inventory Transactions', NULL, 1, '', NULL, NULL, '', 1, '', '', 0, '0000-00-00 00:00:00', 0, '0000-00-00 00:00:00'),
(119, 86, 'WIP', 'WIP', 'Work In Process', NULL, 1, '', NULL, NULL, '', 1, '', '', 0, '0000-00-00 00:00:00', 0, '0000-00-00 00:00:00'),
(120, 86, 'OM', 'OM', 'Order Management', NULL, 1, '', NULL, NULL, '', 1, '', '', 0, '0000-00-00 00:00:00', 0, '0000-00-00 00:00:00'),
(121, 86, 'PO', 'PO', 'Purchasing', NULL, 1, '', NULL, NULL, '', 1, '', '', 0, '0000-00-00 00:00:00', 0, '0000-00-00 00:00:00'),
(122, 86, 'MISC', 'MISC', 'Misc', NULL, 1, '', NULL, NULL, '', 1, '', '', 0, '0000-00-00 00:00:00', 0, '0000-00-00 00:00:00'),
(123, 87, '1', '1', 'Issue from stores', NULL, 0, '', NULL, NULL, '', 0, '', '', 0, '0000-00-00 00:00:00', 0, '0000-00-00 00:00:00'),
(124, 87, '10', '10', 'Logical Intercompany Receipt', NULL, 0, '', NULL, NULL, '', 0, '', '', 0, '0000-00-00 00:00:00', 0, '0000-00-00 00:00:00'),
(125, 87, '11', '11', 'Logical Delivery Adjustment', NULL, 0, '', NULL, NULL, '', 0, '', '', 0, '0000-00-00 00:00:00', 0, '0000-00-00 00:00:00'),
(126, 87, '12', '12', 'Intransit receipt', NULL, 0, '', NULL, NULL, '', 0, '', '', 0, '0000-00-00 00:00:00', 0, '0000-00-00 00:00:00'),
(127, 87, '13', '13', 'Logical Intercompany Receipt Return', NULL, 0, '', NULL, NULL, '', 0, '', '', 0, '0000-00-00 00:00:00', 0, '0000-00-00 00:00:00'),
(128, 87, '14', '14', 'Logical Intercompany Sales Return', NULL, 0, '', NULL, NULL, '', 0, '', '', 0, '0000-00-00 00:00:00', 0, '0000-00-00 00:00:00'),
(129, 87, '15', '15', 'Logical  Intransit Receipt', NULL, 0, '', NULL, NULL, '', 0, '', '', 0, '0000-00-00 00:00:00', 0, '0000-00-00 00:00:00'),
(130, 87, '17', '17', 'Logical Expense Requisition Receipt', NULL, 0, '', NULL, NULL, '', 0, '', '', 0, '0000-00-00 00:00:00', 0, '0000-00-00 00:00:00'),
(131, 87, '2', '2', 'Subinventory transfer', NULL, 0, '', NULL, NULL, '', 0, '', '', 0, '0000-00-00 00:00:00', 0, '0000-00-00 00:00:00'),
(132, 87, '21', '21', 'Intransit shipment', NULL, 0, '', NULL, NULL, '', 0, '', '', 0, '0000-00-00 00:00:00', 0, '0000-00-00 00:00:00'),
(133, 87, '22', '22', 'Logical  Intransit Shipment', NULL, 0, '', NULL, NULL, '', 0, '', '', 0, '0000-00-00 00:00:00', 0, '0000-00-00 00:00:00'),
(134, 87, '24', '24', 'Cost update', NULL, 0, '', NULL, NULL, '', 0, '', '', 0, '0000-00-00 00:00:00', 0, '0000-00-00 00:00:00'),
(135, 87, '25', '25', 'Retroactive Price Update', NULL, 0, '', NULL, NULL, '', 0, '', '', 0, '0000-00-00 00:00:00', 0, '0000-00-00 00:00:00'),
(136, 87, '26', '26', 'Logical Receipt', NULL, 0, '', NULL, NULL, '', 0, '', '', 0, '0000-00-00 00:00:00', 0, '0000-00-00 00:00:00'),
(137, 87, '27', '27', 'Receipt into stores', NULL, 0, '', NULL, NULL, '', 0, '', '', 0, '0000-00-00 00:00:00', 0, '0000-00-00 00:00:00'),
(138, 87, '28', '28', 'Staging transfer', NULL, 0, '', NULL, NULL, '', 0, '', '', 0, '0000-00-00 00:00:00', 0, '0000-00-00 00:00:00'),
(139, 87, '29', '29', 'Delivery adjustments', NULL, 0, '', NULL, NULL, '', 0, '', '', 0, '0000-00-00 00:00:00', 0, '0000-00-00 00:00:00'),
(140, 87, '3', '3', 'Direct organization transfer', NULL, 0, '', NULL, NULL, '', 0, '', '', 0, '0000-00-00 00:00:00', 0, '0000-00-00 00:00:00'),
(141, 87, '30', '30', 'WIP scrap transaction', NULL, 0, '', NULL, NULL, '', 0, '', '', 0, '0000-00-00 00:00:00', 0, '0000-00-00 00:00:00'),
(142, 87, '31', '31', 'Assembly completion', NULL, 0, '', NULL, NULL, '', 0, '', '', 0, '0000-00-00 00:00:00', 0, '0000-00-00 00:00:00'),
(143, 87, '32', '32', 'Assembly return', NULL, 0, '', NULL, NULL, '', 0, '', '', 0, '0000-00-00 00:00:00', 0, '0000-00-00 00:00:00'),
(144, 87, '33', '33', 'Negative component issue', NULL, 0, '', NULL, NULL, '', 0, '', '', 0, '0000-00-00 00:00:00', 0, '0000-00-00 00:00:00'),
(145, 87, '34', '34', 'Negative component return', NULL, 0, '', NULL, NULL, '', 0, '', '', 0, '0000-00-00 00:00:00', 0, '0000-00-00 00:00:00'),
(146, 87, '35', '35', 'Container transaction', NULL, 0, '', NULL, NULL, '', 0, '', '', 0, '0000-00-00 00:00:00', 0, '0000-00-00 00:00:00'),
(147, 87, '36', '36', 'COGS Recognition', NULL, 0, '', NULL, NULL, '', 0, '', '', 0, '0000-00-00 00:00:00', 0, '0000-00-00 00:00:00'),
(148, 87, '4', '4', 'Cycle count adjustment', NULL, 0, '', NULL, NULL, '', 0, '', '', 0, '0000-00-00 00:00:00', 0, '0000-00-00 00:00:00'),
(149, 87, '40', '40', 'Lot Split', NULL, 0, '', NULL, NULL, '', 0, '', '', 0, '0000-00-00 00:00:00', 0, '0000-00-00 00:00:00'),
(150, 87, '41', '41', 'Lot Merge', NULL, 0, '', NULL, NULL, '', 0, '', '', 0, '0000-00-00 00:00:00', 0, '0000-00-00 00:00:00'),
(151, 87, '42', '42', 'Lot Translate', NULL, 0, '', NULL, NULL, '', 0, '', '', 0, '0000-00-00 00:00:00', 0, '0000-00-00 00:00:00'),
(152, 87, '43', '43', 'Lot Update Quantity', NULL, 0, '', NULL, NULL, '', 0, '', '', 0, '0000-00-00 00:00:00', 0, '0000-00-00 00:00:00'),
(153, 87, '5', '5', 'Planning Transfer', NULL, 0, '', NULL, NULL, '', 0, '', '', 0, '0000-00-00 00:00:00', 0, '0000-00-00 00:00:00'),
(154, 87, '50', '50', 'Container Pack', NULL, 0, '', NULL, NULL, '', 0, '', '', 0, '0000-00-00 00:00:00', 0, '0000-00-00 00:00:00'),
(155, 87, '51', '51', 'Container Unpack', NULL, 0, '', NULL, NULL, '', 0, '', '', 0, '0000-00-00 00:00:00', 0, '0000-00-00 00:00:00'),
(156, 87, '52', '52', 'Container Split', NULL, 0, '', NULL, NULL, '', 0, '', '', 0, '0000-00-00 00:00:00', 0, '0000-00-00 00:00:00'),
(157, 87, '55', '55', 'Cost Group Transfer', NULL, 0, '', NULL, NULL, '', 0, '', '', 0, '0000-00-00 00:00:00', 0, '0000-00-00 00:00:00'),
(158, 87, '56', '56', 'Residual Quantity Issue', NULL, 0, '', NULL, NULL, '', 0, '', '', 0, '0000-00-00 00:00:00', 0, '0000-00-00 00:00:00'),
(159, 87, '57', '57', 'Residual Quantity Receipt', NULL, 0, '', NULL, NULL, '', 0, '', '', 0, '0000-00-00 00:00:00', 0, '0000-00-00 00:00:00'),
(160, 87, '6', '6', 'Ownership Transfer', NULL, 0, '', NULL, NULL, '', 0, '', '', 0, '0000-00-00 00:00:00', 0, '0000-00-00 00:00:00'),
(161, 87, '7', '7', 'Logical Issue', NULL, 0, '', NULL, NULL, '', 0, '', '', 0, '0000-00-00 00:00:00', 0, '0000-00-00 00:00:00'),
(162, 87, '8', '8', 'Physical inventory adjustment', NULL, 0, '', NULL, NULL, '', 0, '', '', 0, '0000-00-00 00:00:00', 0, '0000-00-00 00:00:00'),
(163, 87, '9', '9', 'Logical Intercompany Sales', NULL, 0, '', NULL, NULL, '', 0, '', '', 0, '0000-00-00 00:00:00', 0, '0000-00-00 00:00:00'),
(164, 87, '99', '99', 'Misc', NULL, 0, '', NULL, NULL, '', 0, '', '', 0, '0000-00-00 00:00:00', 0, '0000-00-00 00:00:00'),
(165, 88, 'STORAGE', 'Storage', 'Storage', 0, 0, '', NULL, NULL, 'enabled', 0, '', '', 0, '2014-05-28 16:52:56', 0, '2028-05-14 16:52:56'),
(166, 88, 'RECEIVING', 'Receving', 'Receiving', 0, 0, '', NULL, NULL, 'enabled', 0, '', '', 0, '2014-05-28 16:52:56', 0, '2028-05-14 16:52:56'),
(167, 79, 'INDIAN', 'INDIAN', 'Standard Indian Format', NULL, 1, '', NULL, NULL, '', 0, '2000-01-01', '2000-01-01', 0, '0000-00-00 00:00:00', 0, '0000-00-00 00:00:00'),
(168, 90, 'NO_LOCATOR1', 'NO_LOCATOR1', 'Not locator Controlled', NULL, 0, '', NULL, NULL, '', 0, '', '', 0, '0000-00-00 00:00:00', 0, '2019-07-13 07:03:34'),
(169, 89, 'NO_LOCATOR', 'NO_LOCATOR', 'Not locator Controlled', NULL, 1, 'active', NULL, NULL, '', 0, '09/01/2013', '', 0, '0000-00-00 00:00:00', 0, '2017-09-13 15:40:14'),
(170, 89, 'NEXT_LEVEL', 'NEXT_LEVEL', 'Determined at next level : Business Unit, Inventory, Zone, Subinventory', NULL, 1, 'active', NULL, NULL, '', 0, '09/01/2013', '', 0, '0000-00-00 00:00:00', 0, '2017-09-13 15:40:14'),
(171, 89, 'PRE_SPECIFIED', 'PRE_SPECIFIED', 'Pre Specified Locators', NULL, 1, 'active', NULL, NULL, '', 0, '09/01/2013', '', 0, '0000-00-00 00:00:00', 0, '2017-09-13 15:40:14'),
(172, 89, 'DYNAMIC_ENTRY', 'DYNAMIC_ENTRY', 'Dynamic entry', NULL, 1, 'active', NULL, NULL, '', 0, '09/01/2013', '', 0, '0000-00-00 00:00:00', 0, '2017-09-13 15:40:14'),
(173, 91, 'Subinventory', 'Subinventory', 'Subinventory', NULL, 0, '', NULL, NULL, '', 0, '', '', 0, '0000-00-00 00:00:00', 0, '0000-00-00 00:00:00'),
(174, 91, 'Row', 'Row', 'Row number', NULL, 0, '', NULL, NULL, '', 0, '', '', 0, '0000-00-00 00:00:00', 0, '0000-00-00 00:00:00'),
(175, 91, 'Rack', 'Rack', 'Rack or Column', NULL, 0, '', NULL, NULL, '', 0, '', '', 0, '0000-00-00 00:00:00', 0, '0000-00-00 00:00:00'),
(176, 91, 'Shelf', 'Shelf', 'Shelf', NULL, 0, '', NULL, NULL, '', 0, '', '', 0, '0000-00-00 00:00:00', 0, '0000-00-00 00:00:00'),
(177, 91, 'Bin', 'Bin', 'Bin', NULL, 0, '', NULL, NULL, '', 0, '', '', 0, '0000-00-00 00:00:00', 0, '0000-00-00 00:00:00'),
(178, 92, 'table', 'table', 'tabular display', NULL, 0, '', NULL, NULL, '', 0, '', '', 0, '0000-00-00 00:00:00', 0, '0000-00-00 00:00:00'),
(179, 92, 'paragraph', 'paragraph', 'paragraph display', NULL, 0, '', NULL, NULL, '', 0, '', '', 0, '0000-00-00 00:00:00', 0, '0000-00-00 00:00:00'),
(180, 92, 'list', 'list', 'list display', NULL, 0, '', NULL, NULL, '', 0, '', '', 0, '0000-00-00 00:00:00', 0, '0000-00-00 00:00:00'),
(249, 117, 'CONTENT', 'Content', 'Content', NULL, 1, 'active', NULL, NULL, 'enabled', 1, '2013-09-30', '', 0, '2014-02-08 07:05:18', 0, '2014-02-08 07:05:18'),
(250, 117, 'CONTENT_TYPE', 'Content Type', 'Content Type', NULL, 1, 'active', NULL, NULL, 'enabled', 1, '2013-09-17', '', 0, '2014-02-08 07:05:19', 0, '2014-02-08 07:05:19'),
(251, 117, 'CATEGORY', 'Category', 'Category', NULL, NULL, 'active', NULL, NULL, 'enabled', NULL, '2013-09-18', NULL, 0, '2014-02-08 07:05:18', 0, '2014-02-08 07:05:18'),
(252, 117, 'FILE', 'File', 'File', NULL, 1, 'active', NULL, NULL, 'enabled', 1, '2013-09-12', NULL, 0, '2014-02-08 07:05:19', 0, '2014-02-08 07:05:19'),
(253, 117, 'USER', 'User', 'User', NULL, 1, 'active', NULL, NULL, 'enabled', NULL, NULL, NULL, 0, '2014-02-08 07:05:19', 0, '2014-02-08 07:05:19'),
(258, 98, 'BUG_REPORT', 'Bug', 'Bug', NULL, 1, 'active', NULL, NULL, 'enabled', 0, '09/04/2013', '', 0, '2014-01-29 09:24:01', 0, '2014-01-29 09:24:01'),
(261, 119, 'BASIC', 'Basic', 'Registed User with Basic Privillages', 0, 0, '', NULL, NULL, 'enabled', 0, '', '', 0, '2014-06-09 08:14:30', 0, '2009-06-14 08:14:30'),
(262, 119, 'ADMIN', 'Administrator', 'Administrator with all acess', 0, 0, '', NULL, NULL, 'enabled', 0, '', '', 0, '2014-06-09 08:14:31', 0, '2009-06-14 08:14:31'),
(263, 119, 'PLANNER', 'Planner', 'Planner', 0, 0, '', NULL, NULL, 'enabled', 0, '', '', 0, '2014-06-09 08:14:30', 0, '2009-06-14 08:14:30'),
(264, 119, 'BUYER', 'Buyer', 'Buyer', 0, 1, 'active', NULL, NULL, 'enabled', 1, '', '', 0, '2014-06-09 08:14:28', 0, '2009-06-14 08:14:28'),
(265, 120, 'SALES', '', 'Only Sales Site', NULL, 1, 'active', NULL, NULL, 'enabled', NULL, NULL, NULL, 0, '2013-09-28 14:40:39', 0, '2013-09-28 14:40:39'),
(266, 120, 'MFG', '', 'Manufacturing', NULL, 1, 'active', NULL, NULL, 'enabled', NULL, NULL, NULL, 0, '2013-09-28 14:40:40', 0, '2013-09-28 14:40:40'),
(267, 120, 'MASTER', '', 'Master Organization', NULL, 1, 'active', NULL, NULL, 'enabled', NULL, NULL, NULL, 0, '2013-09-28 14:40:40', 0, '2013-09-28 14:40:40'),
(268, 120, 'DIST', '', 'Distribution', NULL, 1, 'active', NULL, NULL, 'enabled', NULL, NULL, NULL, 0, '2013-09-28 14:40:40', 0, '2013-09-28 14:40:40'),
(269, 120, 'REPAIR', '', 'Only Repair Site', NULL, 1, 'active', NULL, NULL, 'enabled', NULL, NULL, NULL, 0, '2013-09-28 14:40:45', 0, '2013-09-28 14:40:45'),
(270, 121, 'LIFO', '', 'Last In First Out', NULL, NULL, 'active', NULL, NULL, NULL, NULL, NULL, NULL, 0, '2013-09-28 14:45:26', 0, '2013-09-28 14:45:26'),
(271, 121, 'Average', '', 'Average Costing', NULL, NULL, 'active', NULL, NULL, NULL, NULL, NULL, NULL, 0, '2013-09-28 14:45:26', 0, '2013-09-28 14:45:26'),
(272, 121, 'Standard', '', 'Standard Costing', NULL, NULL, 'active', NULL, NULL, NULL, NULL, NULL, NULL, 0, '2013-09-28 14:45:26', 0, '2013-09-28 14:45:26'),
(273, 121, 'FIFO', '', 'First In First Out', NULL, NULL, 'active', NULL, NULL, NULL, NULL, NULL, NULL, 0, '2013-09-28 14:45:27', 0, '2013-09-28 14:45:27'),
(275, 122, 'BUY', 'Buy', 'Buy Item', NULL, NULL, NULL, NULL, NULL, NULL, NULL, NULL, NULL, 0, '2013-10-05 10:34:52', 34, '2015-05-18 09:35:27'),
(276, 122, 'MAKE', 'Make', 'Make Item', NULL, NULL, NULL, NULL, NULL, NULL, NULL, NULL, NULL, 0, '2013-10-05 10:28:53', 34, '2015-05-18 09:35:28'),
(277, 123, 'ACTIVE', 'Active', 'Active', NULL, NULL, NULL, NULL, NULL, NULL, NULL, NULL, NULL, 0, '2013-10-05 11:18:49', 1, '2016-08-16 20:43:17'),
(278, 123, 'INACTIVE', 'Inactive', 'Inactive', NULL, NULL, NULL, NULL, NULL, NULL, NULL, NULL, NULL, 0, '2013-10-05 11:18:49', 1, '2016-08-16 20:43:18'),
(279, 123, 'ENGG', 'Engineering', 'Engineering', NULL, NULL, NULL, NULL, NULL, NULL, NULL, NULL, NULL, 0, '2013-10-05 11:18:50', 1, '2016-08-16 20:43:17'),
(280, 124, 'EXTN', 'External', 'External Suppliers', NULL, NULL, NULL, NULL, NULL, NULL, NULL, NULL, NULL, 0, '2013-10-12 16:28:27', 34, '2015-05-08 03:42:54'),
(281, 124, 'INTN', 'Internal', 'Internal Suppliers', NULL, NULL, NULL, NULL, NULL, NULL, NULL, NULL, NULL, 0, '2013-10-12 16:29:23', 34, '2015-05-08 03:42:57'),
(282, 124, 'EMPLOYEE', 'Employee', 'Employees', NULL, NULL, NULL, NULL, NULL, NULL, NULL, NULL, NULL, 0, '2013-10-12 16:32:53', 34, '2015-05-08 03:42:56'),
(283, 124, 'EXTN_INTL', 'External International', 'Externational International', NULL, NULL, NULL, NULL, NULL, NULL, NULL, NULL, NULL, 0, '2013-10-12 16:32:54', 34, '2015-05-08 03:42:55'),
(291, 125, 'AF', 'Afghanistan', 'Afghanistan', NULL, 0, 'active', NULL, NULL, 'enabled', 0, '2001-01-01', '', 0, '2014-01-18 07:25:43', 0, '2014-01-18 07:25:43'),
(292, 125, 'IN', 'India', 'India', NULL, 0, 'active', NULL, NULL, 'enabled', 0, '2001-01-01', '', 0, '2014-01-18 07:25:43', 0, '2014-01-18 07:25:43'),
(293, 125, 'GB', 'United Kingdom', 'UK', NULL, 0, 'active', NULL, NULL, 'enabled', 0, '2001-01-01', '', 0, '2014-01-18 07:25:44', 0, '2014-01-18 07:25:44'),
(294, 125, 'US', 'United States', 'USA', NULL, 0, 'active', NULL, NULL, 'enabled', 0, '2001-01-01', '', 0, '2014-01-18 07:25:44', 0, '2014-01-18 07:25:44'),
(295, 125, 'DE', 'Germany', 'Germany', NULL, 0, 'active', NULL, NULL, 'enabled', 0, '2001-01-01', '', 0, '2014-01-18 07:25:44', 0, '2014-01-18 07:25:44'),
(296, 125, 'SG', 'Singapore', 'Singapore', NULL, 0, 'active', NULL, NULL, 'enabled', 0, '2001-01-01', '', 0, '2014-01-18 07:25:46', 0, '2014-01-18 07:25:46'),
(297, 125, 'SK', 'Slovakia', 'Slovakia', NULL, NULL, 'active', NULL, NULL, 'enabled', NULL, '2001-01-01', NULL, 0, '2014-01-18 07:25:45', 0, '2014-01-18 07:25:45'),
(298, 126, 'RECEVING', 'Receving', 'Two step receving - Receipt & Delivery', NULL, NULL, NULL, NULL, NULL, 'enabled', NULL, NULL, NULL, 0, '2014-02-22 07:33:35', 22, '0000-00-00 00:00:00'),
(299, 126, 'DELIVERY', 'Delivery', 'One step receving', NULL, NULL, NULL, NULL, NULL, 'enabled', NULL, NULL, NULL, 0, '2014-02-22 07:33:35', 22, '0000-00-00 00:00:00'),
(300, 126, 'INSPECTION', 'Inspection', 'Three step receving - Receipt, Inspection & Delivery', NULL, NULL, NULL, NULL, NULL, 'enabled', NULL, NULL, NULL, 0, '2014-02-22 07:33:35', 22, '0000-00-00 00:00:00'),
(301, 127, '4_Way', '', 'Four Way Matching', NULL, NULL, 'active', NULL, NULL, 'enabled', NULL, NULL, NULL, 0, '2013-10-14 09:11:30', 0, '2013-10-14 09:11:30'),
(302, 127, '3_WAY', '', 'Three Way Matching', NULL, NULL, 'active', NULL, NULL, 'enabled', NULL, NULL, NULL, 0, '2013-10-14 09:11:30', 0, '2013-10-14 09:11:30'),
(303, 127, '2_WAY', '', 'Two Way Matching', NULL, NULL, 'active', NULL, NULL, 'enabled', NULL, NULL, NULL, 0, '2013-10-14 09:11:30', 0, '2013-10-14 09:11:30'),
(304, 128, 'None', '', 'No Action', NULL, NULL, 'active', NULL, NULL, 'enabled', NULL, NULL, NULL, 0, '2013-10-14 09:13:08', 0, '2013-10-14 09:13:08'),
(305, 128, 'Reject', '', 'Reject Actvity', NULL, NULL, 'active', NULL, NULL, 'enabled', NULL, NULL, NULL, 0, '2013-10-14 09:13:08', 0, '2013-10-14 09:13:08'),
(306, 128, 'Warning', '', 'Show Warning Message ', NULL, NULL, 'active', NULL, NULL, 'enabled', NULL, NULL, NULL, 0, '2013-10-14 09:13:09', 0, '2013-10-14 09:13:09'),
(307, 81, 'WORKING', 'Working', 'Working', NULL, NULL, NULL, NULL, NULL, 'enabled', NULL, NULL, NULL, 0, '2014-02-18 09:05:41', 18, '0000-00-00 00:00:00'),
(308, 129, 'Purchase', '', 'Purchasing Site', NULL, 0, 'active', NULL, NULL, 'enabled', 0, '', '', 0, '2013-10-16 08:46:18', 0, '2016-10-13 10:55:41'),
(309, 129, 'Pay', '', 'Invoice & Payment Site', NULL, 0, 'active', NULL, NULL, 'enabled', 0, '', '', 0, '2013-10-16 08:46:18', 0, '2016-10-13 10:55:41'),
(310, 129, 'Multipurpose', '', 'Act as both Purchasing & Pay site', NULL, 0, 'active', NULL, NULL, 'enabled', 0, '', '', 0, '2013-10-16 08:51:25', 0, '2016-10-13 10:55:41'),
(311, 117, 'BLOCK', 'Block', 'Block', NULL, NULL, 'active', NULL, NULL, 'enabled', NULL, NULL, NULL, 0, '2014-02-08 07:05:24', 0, '2014-02-08 07:05:24'),
(312, 118, 'FIRST', 'Severity I', 'Severity I', NULL, 0, '', NULL, NULL, 'enabled', 1, '2013-12-29', '', 0, '2014-01-29 09:30:48', 0, '2014-01-29 09:30:48'),
(313, 81, 'FIXED', 'Fixed', 'Fixed', NULL, NULL, NULL, NULL, NULL, 'enabled', NULL, NULL, NULL, 0, '2014-02-18 09:05:41', 18, '0000-00-00 00:00:00'),
(314, 130, 'Receipt', '', 'Receipt', NULL, NULL, 'active', NULL, NULL, 'enabled', NULL, NULL, NULL, 0, '2013-10-17 07:16:17', 0, '2013-10-17 07:16:17'),
(315, 130, 'Use', '', 'Use', NULL, NULL, 'active', NULL, NULL, 'enabled', NULL, NULL, NULL, 0, '2013-10-17 07:16:17', 0, '2013-10-17 07:16:17'),
(316, 130, 'Receipt_Use', '', 'Receipt & Use', NULL, NULL, 'active', NULL, NULL, 'enabled', NULL, NULL, NULL, 0, '2013-10-17 07:16:18', 0, '2013-10-17 07:16:18'),
(317, 131, 'BLANKET', 'Blanket Agreement', 'Blanket Purchase Agreement', NULL, NULL, NULL, NULL, NULL, 'enabled', NULL, NULL, NULL, 0, '2014-02-27 06:53:27', 27, '0000-00-00 00:00:00'),
(318, 131, 'CONTRACT', 'Contract Order', 'Contract Purchase Order', NULL, NULL, NULL, NULL, NULL, 'enabled', NULL, NULL, NULL, 0, '2014-02-27 06:53:27', 27, '0000-00-00 00:00:00'),
(319, 131, 'STANDARD', 'Standard Order', 'Standard  Purchase Order', NULL, NULL, NULL, NULL, NULL, 'enabled', NULL, NULL, NULL, 0, '2014-02-27 06:53:27', 27, '0000-00-00 00:00:00'),
(320, 132, 'ENTERED', 'Entered', 'Entered', NULL, NULL, NULL, NULL, NULL, 'enabled', NULL, NULL, NULL, 0, '2014-02-22 07:36:21', 22, '0000-00-00 00:00:00'),
(321, 132, 'INCOMPLETE', 'Incomplete', 'Incomplete', NULL, NULL, NULL, NULL, NULL, 'enabled', NULL, NULL, NULL, 0, '2014-02-22 07:36:21', 22, '0000-00-00 00:00:00'),
(322, 132, 'CANCELLED', 'Cancelled', 'Cancelled', NULL, NULL, NULL, NULL, NULL, 'enabled', NULL, NULL, NULL, 0, '2014-02-22 07:36:21', 22, '0000-00-00 00:00:00'),
(323, 132, 'CLOSED', 'Closed', 'Closed', NULL, NULL, NULL, NULL, NULL, 'enabled', NULL, NULL, NULL, 0, '2014-02-22 07:36:21', 22, '0000-00-00 00:00:00'),
(324, 132, 'REAPPROVAL', 'Require ReApproval', 'Require ReApproval', NULL, NULL, NULL, NULL, NULL, 'enabled', NULL, NULL, NULL, 0, '2014-02-22 07:36:22', 22, '0000-00-00 00:00:00'),
(325, 132, 'FIN_CLOSED', 'Finally Closed', 'Finally Closed', NULL, NULL, NULL, NULL, NULL, 'enabled', NULL, NULL, NULL, 0, '2014-02-22 07:36:26', 22, '0000-00-00 00:00:00'),
(326, 132, 'APPROVED', 'Approved', 'Approved', NULL, NULL, NULL, NULL, NULL, 'enabled', NULL, NULL, NULL, 0, '2014-02-22 07:36:27', 22, '0000-00-00 00:00:00'),
(327, 132, 'INPROCESS', 'Inprocess', 'Inprocess', NULL, NULL, NULL, NULL, NULL, 'enabled', NULL, NULL, NULL, 0, '2014-02-22 07:36:27', 22, '0000-00-00 00:00:00'),
(328, 133, 'SERVICES', 'Services', 'Services', NULL, NULL, NULL, NULL, NULL, 'enabled', NULL, NULL, NULL, 0, '2014-03-14 06:57:16', 0, '2014-03-14 06:57:16'),
(329, 133, 'GOODS', 'Goods', 'Goods', NULL, NULL, NULL, NULL, NULL, 'enabled', NULL, NULL, NULL, 0, '2014-03-14 06:57:16', 0, '2014-03-14 06:57:16'),
(330, 134, 'SGD', 'Sing Dollar', 'Singapore Dollars', NULL, NULL, NULL, NULL, NULL, NULL, NULL, NULL, NULL, 0, '2014-02-10 01:41:55', 10, '0000-00-00 00:00:00'),
(331, 134, 'GBP', 'Britain Pound', 'Bretain Pound', NULL, NULL, NULL, NULL, NULL, NULL, NULL, NULL, NULL, 0, '2014-02-10 01:41:55', 10, '0000-00-00 00:00:00'),
(332, 134, 'INR', 'Indian Rupees', 'Indian Ruppes', NULL, NULL, NULL, NULL, NULL, NULL, NULL, NULL, NULL, 0, '2014-02-10 01:41:55', 10, '0000-00-00 00:00:00'),
(333, 134, 'USD', 'US Dollar', 'US Dollars', NULL, NULL, NULL, NULL, NULL, NULL, NULL, NULL, NULL, 0, '2014-02-10 01:41:54', 10, '0000-00-00 00:00:00'),
(334, 134, 'EUR', 'Euro', 'Euro', 0, 0, '', NULL, NULL, 'enabled', 0, '', '', 0, '2014-08-02 10:54:00', 0, '2002-08-14 10:54:00'),
(335, 125, 'PK', 'Pakistan', 'Pakistan', NULL, NULL, 'active', NULL, NULL, 'enabled', NULL, '2001-01-01', NULL, 0, '2014-01-18 07:25:45', 0, '2014-01-18 07:25:45'),
(336, 132, 'ONHOLD', 'On Hold', 'On Hold', NULL, NULL, NULL, NULL, NULL, 'enabled', NULL, NULL, NULL, 0, '2014-02-22 07:36:27', 22, '0000-00-00 00:00:00'),
(337, 135, 'PUSH', 'Push', 'Push - Manually transacted items', NULL, 0, 'active', NULL, NULL, 'enabled', 0, '2013-12-11', '2014-01-03', 0, '2014-01-03 13:53:19', 0, '2014-01-03 13:53:19'),
(338, 135, 'ASSEMBLY_PULL', 'Assembly Pull', 'Back flashed at WIP completion', NULL, 0, 'active', NULL, NULL, 'enabled', 0, '2014-01-03', '2014-01-03', 0, '2014-01-03 13:53:20', 0, '2014-01-03 13:53:20'),
(339, 135, 'OPERATION_PULL', 'Operation Pull', 'Back flashed at each operation', NULL, 0, 'active', NULL, NULL, 'enabled', 0, '2014-01-03', '2014-01-03', 0, '2014-01-03 13:53:20', 0, '2014-01-03 13:53:20'),
(340, 135, 'BULK', 'Bulk', 'Not transacted items - expensed', NULL, 0, 'active', NULL, NULL, 'enabled', 0, '2014-01-03', '2014-01-03', 0, '2014-01-03 13:53:21', 0, '2014-01-03 13:53:21'),
(341, 136, 'MACHINE', 'Machine', 'Machine', NULL, NULL, NULL, NULL, NULL, NULL, NULL, NULL, NULL, 0, '2013-12-13 15:40:56', 34, '2015-05-01 04:06:26'),
(342, 136, 'PERSON', 'Person', 'Person', NULL, NULL, NULL, NULL, NULL, NULL, NULL, NULL, NULL, 0, '2013-12-16 01:46:03', 34, '2015-05-01 04:06:29'),
(343, 137, 'MANUAL', 'Manual', 'Manually Charged', NULL, 0, 'active', NULL, NULL, 'enabled', 0, '2001-01-01', ' ', 0, '2014-01-03 14:06:20', 0, '2014-01-03 14:06:20'),
(344, 137, 'OSP_RECEIPT', 'OSP Receipt', 'Charged on OSP PO receipt', NULL, 0, 'active', NULL, NULL, 'enabled', 0, '2001-01-01', ' ', 0, '2014-01-03 14:06:20', 0, '2014-01-03 14:06:20'),
(345, 137, 'WIP_MOVE', 'WIP Move', 'Auto Charged on WIP Move', NULL, 0, 'active', NULL, NULL, 'enabled', 0, '2001-01-01', ' ', 0, '2014-01-03 14:06:21', 0, '2014-01-03 14:06:21'),
(346, 137, 'OSP_MOVE', 'OSP Move', 'Charged on WIP move after OSP PO receipt', NULL, 0, 'active', NULL, NULL, 'enabled', 0, '2001-01-01', ' ', 0, '2014-01-03 14:06:20', 0, '2014-01-03 14:06:20'),
(347, 136, 'AMOUNT', 'Amount', 'Amount', NULL, NULL, NULL, NULL, NULL, NULL, NULL, NULL, NULL, 0, '2013-12-16 01:48:33', 34, '2015-05-01 04:06:32'),
(348, 136, 'MISC', 'Miscellaneous', 'Miscellaneous', NULL, NULL, NULL, NULL, NULL, NULL, NULL, NULL, NULL, 0, '2013-12-16 01:48:37', 34, '2015-05-01 04:06:27'),
(349, 136, 'CURRENCY', 'Currency', 'Currency', NULL, NULL, NULL, NULL, NULL, NULL, NULL, NULL, NULL, 0, '2013-12-16 01:48:39', 34, '2015-05-01 04:06:26'),
(350, 138, 'LOT', 'Lot', 'Per each lot', NULL, 0, 'active', NULL, NULL, 'enabled', 0, '2001-01-01', '2014-01-03', 0, '2014-01-03 13:57:48', 0, '2014-01-03 13:57:48'),
(351, 138, 'ITEM', 'Item', 'Per each item', NULL, 0, 'active', NULL, NULL, 'enabled', 0, '2001-01-01', ' ', 0, '2014-01-03 13:57:48', 0, '2014-01-03 13:57:48'),
(352, 138, 'RESOURCE_UNIT', 'Resource Unit', 'Per resource unit', NULL, NULL, 'active', NULL, NULL, 'enabled', NULL, '2001-01-01', ' ', 0, '2014-01-03 13:57:48', 0, '2014-01-03 13:57:48'),
(353, 138, 'TOTAL_VALUE', 'Total Value', 'Per total value', NULL, NULL, 'active', NULL, NULL, 'enabled', NULL, '2001-01-01', ' ', 0, '2014-01-03 13:57:49', 0, '2014-01-03 13:57:49'),
(354, 138, 'RESOURCE_VALUE', 'Resource Value', 'Per resource value', NULL, NULL, 'active', NULL, NULL, 'enabled', NULL, '2001-01-01', ' ', 0, '2014-01-03 13:57:48', 0, '2014-01-03 13:57:48'),
(355, 139, 'OH', 'Resource', 'Resource Over Head', 0, 0, '', NULL, NULL, 'enabled', 0, '', '', 0, '2014-04-30 13:30:47', 0, '2030-04-14 13:30:47'),
(356, 139, 'MOH', 'Material', 'Material Over Head', 0, 0, '', NULL, NULL, 'enabled', 0, '', '', 0, '2014-04-30 13:30:48', 0, '2030-04-14 13:30:48'),
(357, 140, 'Cleaning', '', 'Cleaning Dept', NULL, 0, 'active', NULL, NULL, 'enabled', 0, '', '', 0, '2013-12-19 07:26:49', 0, '2019-12-13 07:28:47'),
(358, 140, 'Testing', '', 'Testing & Final Testing', NULL, 0, 'active', NULL, NULL, 'enabled', 0, ' ', ' ', 0, '2013-12-19 07:26:50', 0, '2019-12-13 07:28:46'),
(359, 140, 'Burn in', '', 'Burn in station', NULL, 0, 'active', NULL, NULL, 'enabled', 0, ' ', ' ', 0, '2013-12-19 07:26:51', 0, '2019-12-13 07:28:47'),
(360, 140, 'Packaging', '', 'Packaging', NULL, 0, 'active', NULL, NULL, 'enabled', 0, ' ', ' ', 0, '2013-12-19 07:26:52', 0, '2019-12-13 07:28:46'),
(361, 140, 'Assembly', '', 'Assembly Area', NULL, 0, 'active', NULL, NULL, 'enabled', 0, ' ', ' ', 0, '2013-12-19 07:26:52', 0, '2019-12-13 07:28:47'),
(362, 141, 'YES', 'Yes', 'Yes, Scheduled', NULL, NULL, 'active', NULL, NULL, 'enabled', NULL, '2014-01-03', '2014-01-03', 0, '2014-01-03 14:02:31', 0, '2014-01-03 14:02:31'),
(363, 141, 'PRIOR', 'Prior', 'Start with the prior operation', NULL, NULL, 'active', NULL, NULL, 'enabled', NULL, ' ', ' ', 0, '2014-01-03 14:02:31', 0, '2014-01-03 14:02:31'),
(364, 141, 'NEXT', 'Next', 'Start with the next operation', NULL, NULL, 'active', NULL, NULL, 'enabled', NULL, ' ', ' ', 0, '2014-01-03 14:02:31', 0, '2014-01-03 14:02:31'),
(365, 141, 'NO', 'No', 'Not Scheduled', NULL, NULL, 'active', NULL, NULL, 'enabled', NULL, ' ', ' ', 0, '2014-01-03 14:02:31', 0, '2014-01-03 14:02:31'),
(366, 118, 'SECOND', 'Severity II', 'Severity II', NULL, 0, '', NULL, NULL, 'enabled', 1, '2013-12-29', '2014-01-29', 0, '2014-01-29 09:30:48', 0, '2014-01-29 09:30:48'),
(367, 142, 'NON_STANDARD', 'Non-Standard', 'Non-Standard', NULL, 0, 'active', NULL, NULL, 'enabled', 0, '2013-12-30', ' ', 0, '2014-01-03 13:55:10', 0, '2014-01-03 13:55:10'),
(368, 142, 'STANDARD', 'Standard', 'Standard Work Order', NULL, NULL, 'active', NULL, NULL, 'enabled', NULL, ' ', ' ', 0, '2014-01-03 13:55:10', 0, '2014-01-03 13:55:10'),
(369, 143, 'UN_RELEASED', 'Un Released', 'Un Released Work Order', NULL, 0, 'active', NULL, NULL, 'enabled', 0, '2014-01-02', '2014-01-03', 0, '2014-01-03 14:11:49', 0, '2014-01-03 14:11:49'),
(370, 143, 'RELEASED', 'Released', 'Released Work Order', NULL, NULL, 'active', NULL, NULL, 'enabled', NULL, '2014-01-03', '2014-01-03', 0, '2014-01-03 14:11:49', 0, '2014-01-03 14:11:49'),
(371, 143, 'ON_HOLD', 'On Hold', 'OnHold Work Order', NULL, NULL, 'active', NULL, NULL, 'enabled', NULL, '2014-01-03', '2014-01-03', 0, '2014-01-03 14:11:48', 0, '2014-01-03 14:11:48'),
(372, 143, 'WAIT_FOR_CLOSE', 'Waiting For Closing', 'WiatingForClosing Work Order', NULL, NULL, 'active', NULL, NULL, 'enabled', NULL, '2014-01-03', '2014-01-03', 0, '2014-01-03 14:11:48', 0, '2014-01-03 14:11:48'),
(373, 143, 'COMPLETED', 'Completed', 'Completed Work Order', NULL, NULL, 'active', NULL, NULL, 'enabled', NULL, '2014-01-03', '2014-01-03', 0, '2014-01-03 14:11:49', 0, '2014-01-03 14:11:49'),
(374, 143, 'CLOSED', 'Closed', 'Closed Work Order', NULL, NULL, 'active', NULL, NULL, 'enabled', NULL, '2014-01-03', '2014-01-03', 0, '2014-01-03 14:11:47', 0, '2014-01-03 14:11:47'),
(375, 144, 'WIP_RETURN', 'Assembly Return', 'WIP Assembly Return Transaction', NULL, NULL, 'active', NULL, NULL, 'enabled', NULL, NULL, NULL, 0, '2014-01-11 07:52:16', 0, '2014-01-11 07:52:16'),
(376, 144, 'WIP_COMPLETION', 'Assembly Completion', 'WIP Aseembly Completion Transaction', NULL, NULL, 'active', NULL, NULL, 'enabled', NULL, NULL, NULL, 0, '2014-01-11 07:52:16', 0, '2014-01-11 07:52:16'),
(377, 144, 'WIP_MOVE', 'Work Order Move', 'WIP Move Transaction', NULL, NULL, 'active', NULL, NULL, 'enabled', NULL, NULL, NULL, 0, '2014-01-11 07:52:16', 0, '2014-01-11 07:52:16'),
(378, 145, 'running', 'Run', 'Actual Operation', NULL, NULL, 'active', NULL, NULL, NULL, NULL, NULL, NULL, 0, '2014-01-07 09:18:28', 0, '2014-01-07 09:18:28'),
(379, 145, 'rejected', 'Reject', 'Rejected Quantity', NULL, NULL, 'active', NULL, NULL, NULL, NULL, NULL, NULL, 0, '2014-01-07 09:18:28', 0, '2014-01-07 09:18:28'),
(380, 145, 'tomove', 'To Move', 'Running completed & ready to move', NULL, NULL, 'active', NULL, NULL, NULL, NULL, NULL, NULL, 0, '2014-01-07 09:18:29', 0, '2014-01-07 09:18:29'),
(381, 145, 'scrapped', 'Scrap', 'Scrapped Quantity', NULL, NULL, 'active', NULL, NULL, NULL, NULL, NULL, NULL, 0, '2014-01-07 09:18:29', 0, '2014-01-07 09:18:29'),
(382, 145, 'queue', 'Queue', 'Queue step is the sum of setup & queue tim', NULL, NULL, 'active', NULL, NULL, 'enabled', NULL, NULL, NULL, 0, '2014-01-07 09:18:30', 0, '2014-01-07 09:18:30'),
(383, 144, 'WIP_RESOURCE_TRANSACTION', 'Resource Transaction', 'Work Order Resource Transaction', NULL, NULL, 'active', NULL, NULL, NULL, NULL, NULL, NULL, 0, '2014-01-11 07:52:16', 0, '2014-01-11 07:52:16'),
(384, 146, 'ALL', 'All', 'Can be used for all purpose', NULL, NULL, 'active', NULL, NULL, NULL, NULL, NULL, NULL, 0, '2014-01-18 06:49:28', 0, '2014-01-18 06:49:28'),
(385, 146, 'BILL_TO', 'Bill to', 'Customer bill to site', NULL, NULL, 'active', NULL, NULL, NULL, NULL, NULL, NULL, 0, '2014-01-18 06:49:28', 0, '2014-01-18 06:49:28'),
(386, 146, 'SHIP_TO', 'Ship to', 'Customer ship to site', NULL, NULL, 'active', NULL, NULL, 'enabled', NULL, NULL, NULL, 0, '2014-01-18 06:49:28', 0, '2014-01-18 06:49:28'),
(387, 147, 'EXTERNAL_FORGEIN', 'External Forgein', 'External Forgein Customer', NULL, NULL, 'active', NULL, NULL, NULL, NULL, NULL, NULL, 0, '2014-01-18 07:00:51', 0, '2014-01-18 07:00:51'),
(388, 147, 'INTERNAL', 'Internal', 'Internal Customer', NULL, NULL, 'active', NULL, NULL, NULL, NULL, NULL, NULL, 0, '2014-01-18 07:00:52', 0, '2014-01-18 07:00:52'),
(389, 147, 'EXTERNAL', 'External', 'External Customer', NULL, NULL, 'active', NULL, NULL, 'enabled', NULL, NULL, NULL, 0, '2014-01-18 07:00:52', 0, '2014-01-18 07:00:52'),
(390, 148, '1', 'A++', 'Second Class Credit Rating', NULL, NULL, 'active', NULL, NULL, 'enabled', NULL, NULL, NULL, 0, '2014-01-18 07:19:55', 0, '2014-01-18 07:19:55'),
(391, 148, '2', 'A+', 'Best Credit Class', NULL, NULL, 'active', NULL, NULL, 'enabled', NULL, NULL, NULL, 0, '2014-01-18 07:19:55', 0, '2014-01-18 07:19:55'),
(392, 148, '3', 'A-', 'Third', NULL, NULL, 'active', NULL, NULL, 'enabled', NULL, NULL, NULL, 0, '2014-01-18 07:19:56', 0, '2014-01-18 07:19:56'),
(393, 148, '4', 'A--', 'Fourth', NULL, NULL, 'active', NULL, NULL, 'enabled', NULL, NULL, NULL, 0, '2014-01-18 07:19:55', 0, '2014-01-18 07:19:55'),
(394, 119, 'ENGINEER', 'ME', 'Engineer', 0, 0, '', NULL, NULL, 'enabled', 0, '', '', 0, '2014-06-09 08:14:28', 0, '2009-06-14 08:14:28'),
(395, 149, 'FORUM', 'Forum', 'Forum type list in a table', NULL, NULL, 'active', NULL, NULL, 'enabled', NULL, NULL, NULL, 0, '2014-01-26 06:10:44', 0, '2014-01-26 06:10:44'),
(396, 149, 'NORMAL', 'Normal', 'Normal list with subject & summary', NULL, NULL, NULL, NULL, NULL, 'enabled', NULL, NULL, NULL, 0, '2014-01-26 06:10:43', 0, '2014-01-26 06:10:43'),
(397, 150, 'int', 'Integer', 'Intgere Values', NULL, NULL, NULL, NULL, NULL, NULL, NULL, NULL, NULL, 0, '2014-01-27 15:02:11', 0, '2014-01-27 15:02:11'),
(398, 150, 'enum', 'Enum List', 'Enum List', NULL, NULL, NULL, NULL, NULL, NULL, NULL, NULL, NULL, 0, '2014-01-27 15:02:11', 0, '2014-01-27 15:02:11'),
(399, 150, 'tinyint', 'Boolean', 'Check Box for Boolean ', NULL, NULL, NULL, NULL, NULL, NULL, NULL, NULL, NULL, 0, '2014-01-27 15:02:12', 0, '2014-01-27 15:02:12'),
(400, 150, 'varchar', 'Small Text', 'Varchar for small text', NULL, NULL, NULL, NULL, NULL, 'enabled', NULL, NULL, NULL, 0, '2014-01-27 15:02:12', 0, '2014-01-27 15:02:12'),
(401, 150, 'text', 'Large Text', 'Text area for Large Text', NULL, NULL, NULL, NULL, NULL, NULL, NULL, NULL, NULL, 0, '2014-01-27 15:02:13', 0, '2014-01-27 15:02:13'),
(402, 150, 'date', 'Date', 'Date Field', NULL, NULL, NULL, NULL, NULL, NULL, NULL, NULL, NULL, 0, '2014-01-27 15:02:17', 0, '2014-01-27 15:02:17'),
(403, 150, 'float', 'Flolat', 'Float Number', NULL, NULL, NULL, NULL, NULL, NULL, NULL, NULL, NULL, 0, '2014-01-27 15:02:17', 0, '2014-01-27 15:02:17'),
(404, 150, 'option', 'Option List', 'Option List', NULL, NULL, NULL, NULL, NULL, NULL, NULL, NULL, NULL, 0, '2014-01-27 15:02:18', 0, '2014-01-27 15:02:18'),
(405, 81, 'CLOSED', 'Closed', 'Closed', NULL, NULL, NULL, NULL, NULL, 'enabled', NULL, NULL, NULL, 0, '2014-02-18 09:05:41', 18, '0000-00-00 00:00:00'),
(406, 98, 'SUPPORT', 'Support', 'Support Request', NULL, NULL, 'active', NULL, NULL, NULL, NULL, NULL, NULL, 0, '2014-01-29 09:23:59', 0, '2014-01-29 09:23:59'),
(407, 98, 'ENHANCE', 'Enhancement', 'Enhacemenet Request', NULL, NULL, 'active', NULL, NULL, NULL, NULL, NULL, NULL, 0, '2014-01-29 09:24:00', 0, '2014-01-29 09:24:00'),
(408, 118, 'FOURTH', 'Severity IV', 'Severity IV', NULL, NULL, NULL, NULL, NULL, NULL, NULL, NULL, NULL, 0, '2014-01-29 09:30:47', 0, '2014-01-29 09:30:47'),
(409, 118, 'THIRD', 'Severity III', 'Severity III', NULL, NULL, NULL, NULL, NULL, NULL, NULL, NULL, NULL, 0, '2014-01-29 09:30:48', 0, '2014-01-29 09:30:48'),
(410, 119, 'ANONYMOUS', 'Anonymous', 'Anonymous', 0, 0, '', NULL, NULL, 'enabled', 0, '', '', 0, '2014-06-09 08:14:28', 0, '2009-06-14 08:14:28'),
(411, 151, 'GL_COA', 'Chart of Account', 'Chart of Account', NULL, NULL, 'active', NULL, NULL, 'enabled', NULL, NULL, NULL, 0, '2014-02-02 12:10:10', 0, '2014-02-02 12:10:10'),
(412, 151, 'INV_ITEM_CATALOG', 'Item Catalog', 'Item Catalog', NULL, NULL, 'active', NULL, NULL, NULL, NULL, NULL, NULL, 0, '2014-02-02 12:10:11', 0, '2014-02-02 12:10:11'),
(413, 151, 'INV_ITEM_CATEGORY', 'Item Categories', 'Item Categories', NULL, NULL, 'active', NULL, NULL, NULL, NULL, NULL, NULL, 0, '2014-02-02 12:10:11', 0, '2014-02-02 12:10:11'),
(414, 152, 'NONE', 'None', 'No Validation', NULL, NULL, 'active', NULL, NULL, 'enabled', NULL, NULL, NULL, 0, '2014-02-04 02:10:55', 0, '2014-02-04 02:10:55'),
(415, 152, 'DEPENDENT', 'Dependent', 'Dependent values', NULL, NULL, 'active', NULL, NULL, NULL, NULL, NULL, NULL, 0, '2014-02-04 02:10:55', 0, '2014-02-04 02:10:55'),
(416, 152, 'INDEPENDENT', 'Independent', 'Independent Value', NULL, NULL, 'active', NULL, NULL, NULL, NULL, NULL, NULL, 0, '2014-02-04 02:10:56', 0, '2014-02-04 02:10:56'),
(417, 152, 'TABLE', 'Table', 'Validated with a table data', NULL, NULL, 'active', NULL, NULL, NULL, NULL, NULL, NULL, 0, '2014-02-04 02:10:56', 0, '2014-02-04 02:10:56'),
(418, 153, 'YEAR', 'Year', '1 Year', NULL, NULL, NULL, NULL, NULL, 'enabled', NULL, NULL, NULL, 0, '2014-02-07 09:08:18', 0, '2014-02-07 09:08:18'),
(419, 153, 'WEEK', 'Year', '53 Weeks per year', NULL, NULL, NULL, NULL, NULL, 'enabled', NULL, NULL, NULL, 0, '2014-02-07 09:08:17', 0, '2014-02-07 09:08:17'),
(420, 153, 'QUARTER', 'Quarter', '4 Quarters per year', NULL, NULL, NULL, NULL, NULL, 'enabled', NULL, NULL, NULL, 0, '2014-02-07 09:08:18', 0, '2014-02-07 09:08:18'),
(421, 153, 'MONTH', 'Month', '12 Months Per year', NULL, NULL, NULL, NULL, NULL, 'enabled', NULL, NULL, NULL, 0, '2014-02-07 09:08:17', 0, '2014-02-07 09:08:17'),
(422, 154, 'IND_CALEDNAR', 'Indian Calendar', 'Indian Calendar', NULL, NULL, NULL, NULL, NULL, NULL, NULL, NULL, NULL, 0, '2014-02-06 12:37:12', 0, '2014-02-06 12:37:12'),
(423, 154, 'SPAIN_CALENDAR', 'Spanish Calendar', 'Spanish Calendar', NULL, NULL, NULL, NULL, NULL, NULL, NULL, NULL, NULL, 0, '2014-02-06 12:37:13', 0, '2014-02-06 12:37:13'),
(424, 154, 'CORP_CALENDAR', 'Corp. Calendar', 'Main Corporate Calendar', NULL, NULL, NULL, NULL, NULL, 'enabled', NULL, NULL, NULL, 0, '2014-02-06 12:37:14', 0, '2014-02-06 12:37:14'),
(425, 117, 'PHP', 'Php', 'Php', NULL, NULL, NULL, NULL, NULL, NULL, NULL, NULL, NULL, 0, '2014-02-08 07:05:24', 0, '2014-02-08 07:05:24'),
(426, 155, 'B', 'Budgeted', 'Budgeted Balance', NULL, NULL, NULL, NULL, NULL, 'enabled', NULL, NULL, NULL, 0, '2014-02-27 07:07:15', 0, '2014-02-27 07:07:15'),
(427, 155, 'E', 'Encumbrance', 'Encumbrance Balance', NULL, NULL, NULL, NULL, NULL, 'enabled', NULL, NULL, NULL, 0, '2014-02-27 07:07:15', 0, '2014-02-27 07:07:15'),
(428, 155, 'A', 'Actual', 'Actual Balance', NULL, NULL, NULL, NULL, NULL, 'enabled', NULL, NULL, NULL, 0, '2014-02-27 07:07:23', 0, '2014-02-27 07:07:23'),
(429, 156, 'ENTERED', 'Entered', 'Entered', NULL, NULL, NULL, NULL, NULL, 'enabled', NULL, NULL, NULL, 0, '2014-03-02 12:03:19', 2, '0000-00-00 00:00:00'),
(430, 156, 'ERROR', 'Error', 'Error', NULL, NULL, NULL, NULL, NULL, 'enabled', NULL, NULL, NULL, 0, '2014-03-02 12:03:19', 2, '0000-00-00 00:00:00'),
(431, 156, 'APPROVED', 'Approve', 'Approved', NULL, NULL, NULL, NULL, NULL, 'enabled', NULL, NULL, NULL, 0, '2014-03-02 12:12:28', 2, '0000-00-00 00:00:00'),
(432, 156, 'INPROCESS', 'In Process', 'In Approval Procecc', NULL, NULL, NULL, NULL, NULL, 'enabled', NULL, NULL, NULL, 0, '2014-03-02 12:03:18', 2, '0000-00-00 00:00:00'),
(433, 156, 'REVERSED', 'Reverse', 'Reversed', NULL, NULL, NULL, NULL, NULL, 'enabled', NULL, NULL, NULL, 0, '2014-03-02 12:03:19', 2, '0000-00-00 00:00:00'),
(434, 156, 'POSTED', 'Post', 'Posted', NULL, NULL, NULL, NULL, NULL, 'enabled', NULL, NULL, NULL, 0, '2014-03-02 12:03:19', 2, '0000-00-00 00:00:00'),
(435, 157, 'AP_TRANSACTIONS', 'AP Transactions', 'AP Transactions', NULL, NULL, NULL, NULL, NULL, 'enabled', NULL, '2000-01-01', NULL, 0, '2014-03-15 04:37:13', 0, '2015-03-14 04:37:13'),
(436, 157, 'AP_BORROWED_AND_LENT', 'AP Borrowed and Lent', 'AP Borrowed and Lent', NULL, NULL, NULL, NULL, NULL, NULL, NULL, '2000-01-01', NULL, 0, '2014-02-27 10:05:00', 0, '2014-02-27 10:05:00'),
(437, 157, 'AP_CLAIMS', 'AP Claims', 'AP Claims', NULL, NULL, NULL, NULL, NULL, NULL, NULL, '2000-01-01', NULL, 0, '2014-02-27 10:05:00', 0, '2014-02-27 10:05:00'),
(438, 157, 'AP_PAYMENTS', 'AP Payments', 'AP Payments', NULL, NULL, NULL, NULL, NULL, NULL, NULL, '2000-01-01', NULL, 0, '2014-02-27 10:05:00', 0, '2014-02-27 10:05:00'),
(439, 157, 'AR_BANK_CHARGES', 'AR Bank Charges', 'AR Bank Charges', NULL, NULL, NULL, NULL, NULL, NULL, NULL, '2000-01-01', NULL, 0, '2014-02-27 10:05:00', 0, '2014-02-27 10:05:00'),
(440, 157, 'AR_BANK_RECEIPTS', 'AR Bank Receipts', 'AR Bank Receipts', NULL, NULL, NULL, NULL, NULL, NULL, NULL, '2000-01-01', NULL, 0, '2014-02-27 10:05:00', 0, '2014-02-27 10:05:00'),
(441, 157, 'AR_BANK_STATEMENTS', 'AR Bank Statements', 'AR Bank Statements', NULL, NULL, NULL, NULL, NULL, NULL, NULL, '2000-01-01', NULL, 0, '2014-02-27 10:05:00', 0, '2014-02-27 10:05:00'),
(442, 157, 'AR_BANK_TRANSFERS', 'AR Bank Transfers', 'AR Bank Transfers', NULL, NULL, NULL, NULL, NULL, NULL, NULL, '2000-01-01', NULL, 0, '2014-02-27 10:05:00', 0, '2014-02-27 10:05:00'),
(443, 157, 'AR_CHARGE_BACK', 'AR Chargebacks', 'AR Chargebacks', 0, 0, '', NULL, NULL, 'enabled', 0, '', '', 0, '2014-07-08 09:15:56', 0, '2008-07-14 09:15:56'),
(444, 157, 'AR_CREDIT_MEMO', 'AR Credit Memos', 'AR Credit Memos', 0, 0, '', NULL, NULL, 'enabled', 0, '', '', 0, '2014-07-08 09:15:56', 0, '2008-07-14 09:15:56'),
(445, 157, 'AR_DEBIT_MEMO', 'AR Debit Memos', 'AR Debit Memos', 0, 0, '', NULL, NULL, 'enabled', 0, '', '', 0, '2014-07-08 09:15:56', 0, '2008-07-14 09:15:56'),
(446, 157, 'AR_DEPOSIT', 'AR Deposits', 'AR Deposits', 0, 0, '', NULL, NULL, 'enabled', 0, '', '', 0, '2014-07-08 09:15:56', 0, '2008-07-14 09:15:56'),
(447, 157, 'AR_GUARENTEE', 'AR Discounts', 'AR Discounts', 0, 0, '', NULL, NULL, 'enabled', 0, '', '', 0, '2014-07-08 09:15:56', 0, '2008-07-14 09:15:56'),
(448, 157, 'AR_INVOICE', 'AR Sales Invoice', 'AR Sales Invoice', 0, 0, '', NULL, NULL, 'enabled', 0, '', '', 0, '2014-07-08 09:15:57', 0, '2008-07-14 09:15:57'),
(449, 157, 'AR_MISC_RECEIPTS', 'AR Misc Receipts', 'AR Misc Receipts', NULL, NULL, NULL, NULL, NULL, NULL, NULL, '2000-01-01', NULL, 0, '2014-02-27 10:05:00', 0, '2014-02-27 10:05:00'),
(450, 157, 'AR_RECEIPTS', 'AR Receipts', 'AR Receipts', NULL, NULL, NULL, NULL, NULL, NULL, NULL, '2000-01-01', NULL, 0, '2014-02-27 10:05:00', 0, '2014-02-27 10:05:00'),
(451, 157, 'AR_PREPAYMENT', 'AR Pre Payment', 'AR Pre Payment', 0, 0, '', NULL, NULL, 'enabled', 0, '', '', 0, '2014-07-08 09:15:57', 0, '2008-07-14 09:15:57'),
(452, 157, 'FA_ADDITION', 'FA Addition', 'FA Addition', NULL, NULL, NULL, NULL, NULL, NULL, NULL, '2000-01-01', NULL, 0, '2014-02-27 10:05:00', 0, '2014-02-27 10:05:00'),
(453, 157, 'FA_AMORTIZATION', 'FA Amortization', 'FA Amortization', NULL, NULL, NULL, NULL, NULL, NULL, NULL, '2000-01-01', NULL, 0, '2014-02-27 10:05:00', 0, '2014-02-27 10:05:00'),
(454, 157, 'FA_ASSET_DISPOSITION', 'FA Asset Disposition', 'FA Asset Disposition', NULL, NULL, NULL, NULL, NULL, NULL, NULL, '2000-01-01', NULL, 0, '2014-02-27 10:05:00', 0, '2014-02-27 10:05:00'),
(455, 157, 'FA_CIP_ADDITION', 'FA CIP Addition', 'FA CIP Addition', NULL, NULL, NULL, NULL, NULL, NULL, NULL, '2000-01-01', NULL, 0, '2014-02-27 10:05:00', 0, '2014-02-27 10:05:00'),
(456, 157, 'FA_CIP_ADJUSTMENT', 'FA CIP Adjustment', 'FA CIP Adjustment', NULL, NULL, NULL, NULL, NULL, NULL, NULL, '2000-01-01', NULL, 0, '2014-02-27 10:05:00', 0, '2014-02-27 10:05:00'),
(457, 157, 'FA_CIP_RECLASSIFICATION', 'FA CIP Reclassification', 'FA CIP Reclassification', NULL, NULL, NULL, NULL, NULL, NULL, NULL, '2000-01-01', NULL, 0, '2014-02-27 10:05:01', 0, '2014-02-27 10:05:01'),
(458, 157, 'FA_CIP_RETIREMENT', 'FA CIP Retirement', 'FA CIP Retirement', NULL, NULL, NULL, NULL, NULL, NULL, NULL, '2000-01-01', NULL, 0, '2014-02-27 10:05:01', 0, '2014-02-27 10:05:01'),
(459, 157, 'FA_CIP_REVALUATION', 'FA CIP Revaluation', 'FA CIP Revaluation', NULL, NULL, NULL, NULL, NULL, NULL, NULL, '2000-01-01', NULL, 0, '2014-02-27 10:05:01', 0, '2014-02-27 10:05:01'),
(460, 157, 'FA_CIP_TRANSFER', 'FA CIP Transfer', 'FA CIP Transfer', NULL, NULL, NULL, NULL, NULL, NULL, NULL, '2000-01-01', NULL, 0, '2014-02-27 10:05:01', 0, '2014-02-27 10:05:01'),
(461, 157, 'FA_DEPRECIATION', 'FA Depreciation', 'FA Depreciation', NULL, NULL, NULL, NULL, NULL, NULL, NULL, '2000-01-01', NULL, 0, '2014-02-27 10:05:01', 0, '2014-02-27 10:05:01'),
(462, 157, 'FA_DEPRECIATION_ADJUSTMENT', 'FA Depreciation Adjustment', 'FA Depreciation Adjustment', NULL, NULL, NULL, NULL, NULL, NULL, NULL, '2000-01-01', NULL, 0, '2014-02-27 10:05:01', 0, '2014-02-27 10:05:01'),
(463, 157, 'FA_RECLASS', 'FA Reclass', 'FA Reclass', NULL, NULL, NULL, NULL, NULL, NULL, NULL, '2000-01-01', NULL, 0, '2014-02-27 10:05:01', 0, '2014-02-27 10:05:01'),
(464, 157, 'GL_ADJUSTMENT', 'GL Adjustment', 'GL Adjustment', NULL, NULL, NULL, NULL, NULL, NULL, NULL, '2000-01-01', NULL, 0, '2014-02-27 10:05:01', 0, '2014-02-27 10:05:01'),
(465, 157, 'GL_ALLOCATION', 'GL Allocation', 'GL Allocation', NULL, NULL, NULL, NULL, NULL, NULL, NULL, '2000-01-01', NULL, 0, '2014-02-27 10:05:01', 0, '2014-02-27 10:05:01');
INSERT INTO `option_line` (`option_line_id`, `option_header_id`, `option_line_code`, `option_line_value`, `description`, `value_group_id`, `priority`, `status`, `mapper1`, `mapper2`, `rev_enabled`, `rev_number`, `effective_start_date`, `effective_end_date`, `created_by`, `creation_date`, `last_update_by`, `last_update_date`) VALUES
(466, 157, 'GL_BALANCE_SHEET_CLOSE', 'GL Balance Sheet Close', 'GL Balance Sheet Close', NULL, NULL, NULL, NULL, NULL, NULL, NULL, '2000-01-01', NULL, 0, '2014-02-27 10:05:01', 0, '2014-02-27 10:05:01'),
(467, 157, 'GL_BUDGET', 'GL Budget', 'GL Budget', NULL, NULL, NULL, NULL, NULL, NULL, NULL, '2000-01-01', NULL, 0, '2014-02-27 10:05:01', 0, '2014-02-27 10:05:01'),
(468, 157, 'GL_CANCELLATION', 'GL Cancellation', 'GL Cancellation', NULL, NULL, NULL, NULL, NULL, NULL, NULL, '2000-01-01', NULL, 0, '2014-02-27 10:05:01', 0, '2014-02-27 10:05:01'),
(469, 157, 'GL_INTERCOMPANY_TRANSFER', 'GL Intercompany Transfer', 'GL Intercompany Transfer', NULL, NULL, NULL, NULL, NULL, NULL, NULL, '2000-01-01', NULL, 0, '2014-02-27 10:05:01', 0, '2014-02-27 10:05:01'),
(470, 157, 'GL_MISCELLANEOUS', 'GL Miscellaneous', 'GL Miscellaneous', NULL, NULL, NULL, NULL, NULL, NULL, NULL, '2000-01-01', NULL, 0, '2014-02-27 10:05:01', 0, '2014-02-27 10:05:01'),
(471, 157, 'GL_WRITE_OFF', 'GL Write-off', 'GL Write-off', NULL, NULL, NULL, NULL, NULL, NULL, NULL, '2000-01-01', NULL, 0, '2014-02-27 10:05:01', 0, '2014-02-27 10:05:01'),
(472, 157, 'HR_APPLICATION_FEE', 'HR Application Fee', 'HR Application Fee', NULL, NULL, NULL, NULL, NULL, NULL, NULL, '2000-01-01', NULL, 0, '2014-02-27 10:05:01', 0, '2014-02-27 10:05:01'),
(473, 157, 'HR_PAYROLL', 'HR Payroll', 'HR Payroll', NULL, NULL, NULL, NULL, NULL, NULL, NULL, '2000-01-01', NULL, 0, '2014-02-27 10:05:01', 0, '2014-02-27 10:05:01'),
(474, 157, 'INV_INVENTORY', 'INV Inventory', 'INV Inventory', NULL, NULL, NULL, NULL, NULL, NULL, NULL, '2000-01-01', NULL, 0, '2014-02-27 10:05:01', 0, '2014-02-27 10:05:01'),
(475, 157, 'INV_MISCELLANEOUS_TRANSACTION', 'INV Miscellaneous Transaction', 'INV Miscellaneous Transaction', NULL, NULL, NULL, NULL, NULL, NULL, NULL, '2000-01-01', NULL, 0, '2014-02-27 10:05:01', 0, '2014-02-27 10:05:01'),
(476, 157, 'INV_RECEIVING', 'INV Receiving', 'INV Receiving', NULL, NULL, NULL, NULL, NULL, NULL, NULL, '2000-01-01', NULL, 0, '2014-02-27 10:05:01', 0, '2014-02-27 10:05:01'),
(477, 157, 'PA_BURDEN_COST', 'PA Burden Cost', 'PA Burden Cost', NULL, NULL, NULL, NULL, NULL, NULL, NULL, '2000-01-01', NULL, 0, '2014-02-27 10:05:01', 0, '2014-02-27 10:05:01'),
(478, 157, 'PA_LABOR_COST', 'PA Labor Cost', 'PA Labor Cost', NULL, NULL, NULL, NULL, NULL, NULL, NULL, '2000-01-01', NULL, 0, '2014-02-27 10:05:01', 0, '2014-02-27 10:05:01'),
(479, 157, 'PO_ACCRUAL', 'PO Accrual', 'PO Accrual', NULL, NULL, NULL, NULL, NULL, NULL, NULL, '2000-01-01', NULL, 0, '2014-02-27 10:05:01', 0, '2014-02-27 10:05:01'),
(480, 157, 'PO_REQUISITIONS', 'PO Requisitions', 'PO Requisitions', NULL, NULL, NULL, NULL, NULL, NULL, NULL, '2000-01-01', NULL, 0, '2014-02-27 10:05:01', 0, '2014-02-27 10:05:01'),
(481, 158, 'PERM_CLOSED', 'Permanently Closed', 'Permanently Closed Period', NULL, NULL, NULL, NULL, NULL, 'enabled', NULL, NULL, NULL, 0, '2014-02-28 01:56:35', 0, '2014-02-28 01:56:35'),
(482, 158, 'CLOSED', 'Closed', 'Closed Period', NULL, NULL, NULL, NULL, NULL, 'enabled', NULL, NULL, NULL, 0, '2014-02-28 01:56:36', 0, '2014-02-28 01:56:36'),
(483, 158, 'OPEN', 'Open', 'Open Period', NULL, NULL, NULL, NULL, NULL, 'enabled', NULL, NULL, NULL, 0, '2014-02-28 01:56:36', 0, '2014-02-28 01:56:36'),
(484, 158, 'AVAILABLE', 'Available', 'Period Defined in Calendar', NULL, NULL, NULL, NULL, NULL, 'enabled', NULL, NULL, NULL, 0, '2014-02-28 01:56:36', 0, '2014-02-28 01:56:36'),
(485, 158, 'FUTURE', 'Future Enabled', 'Future Entry Enabled Period', NULL, NULL, NULL, NULL, NULL, 'enabled', NULL, NULL, NULL, 0, '2014-02-28 01:56:36', 0, '2014-02-28 01:56:36'),
(486, 156, 'UNPOSTED', 'Unposted', 'Unposted', NULL, NULL, NULL, NULL, NULL, 'enabled', NULL, NULL, NULL, 0, '2014-03-02 12:03:19', 2, '0000-00-00 00:00:00'),
(487, 157, 'GL_REVERSAL', 'GL Reversal', 'GL Reversal', NULL, NULL, NULL, NULL, NULL, NULL, NULL, NULL, NULL, 0, '2014-03-03 03:04:14', 0, '2014-03-03 03:04:14'),
(488, 159, 'CANCELLED', 'Cancelled', 'Cancelled', NULL, NULL, NULL, NULL, NULL, 'enabled', NULL, NULL, NULL, 0, '2014-03-24 07:38:04', 0, '2024-03-14 07:38:04'),
(489, 159, 'INCOMPLETE', 'Incomplete', 'Incomplete', NULL, NULL, NULL, NULL, NULL, 'enabled', NULL, NULL, NULL, 0, '2014-03-24 07:38:01', 0, '2024-03-14 07:38:01'),
(490, 159, 'APPROVED', 'Approved', 'Approved', NULL, NULL, NULL, NULL, NULL, 'enabled', NULL, NULL, NULL, 0, '2014-03-24 07:38:04', 0, '2024-03-14 07:38:04'),
(491, 159, 'REAPPROVAL', 'Require ReApproval', 'Require ReApproval', NULL, NULL, NULL, NULL, NULL, 'enabled', NULL, NULL, NULL, 0, '2014-03-24 07:38:02', 0, '2024-03-14 07:38:02'),
(492, 159, 'ENTERED', 'Entered', 'Entered', NULL, NULL, NULL, NULL, NULL, 'enabled', NULL, NULL, NULL, 0, '2014-03-24 07:38:03', 0, '2024-03-14 07:38:03'),
(493, 159, 'INPROCESS', 'Inprocess', 'Inprocess', NULL, NULL, NULL, NULL, NULL, 'enabled', NULL, NULL, NULL, 0, '2014-03-24 07:38:02', 0, '2024-03-14 07:38:02'),
(494, 159, 'ONHOLD', 'On Hold', 'On Hold', NULL, NULL, NULL, NULL, NULL, 'enabled', NULL, NULL, NULL, 0, '2014-03-24 07:38:03', 0, '2024-03-14 07:38:03'),
(495, 160, 'EXPENSE_REPORT', 'Expense Report', 'Expense Report', NULL, NULL, NULL, NULL, NULL, 'enabled', NULL, NULL, NULL, 0, '2014-03-13 10:50:06', 0, '2013-03-14 10:50:06'),
(496, 160, 'INVOICE', 'Invoice', 'Standard Invoice', NULL, NULL, NULL, NULL, NULL, 'enabled', NULL, NULL, NULL, 0, '2014-03-13 10:50:06', 0, '2013-03-14 10:50:06'),
(497, 160, 'CREDIT_MEMO', 'Credit Memo', 'Credit Memo', NULL, NULL, NULL, NULL, NULL, 'enabled', NULL, NULL, NULL, 0, '2014-03-13 10:50:08', 0, '2013-03-14 10:50:08'),
(498, 160, 'DEBIT_MEMO', 'Debit Memo', 'Debit Memo', NULL, NULL, NULL, NULL, NULL, 'enabled', NULL, NULL, NULL, 0, '2014-03-13 10:50:05', 0, '2013-03-14 10:50:05'),
(499, 160, 'PREPAYMENT', 'Pre Payment', 'Pre Payment', NULL, NULL, NULL, NULL, NULL, 'enabled', NULL, NULL, NULL, 0, '2014-03-13 10:50:07', 0, '2013-03-14 10:50:07'),
(501, 133, 'FREIGHT', 'Freight', 'Freight', NULL, NULL, NULL, NULL, NULL, 'enabled', NULL, NULL, NULL, 0, '2014-03-14 06:57:16', 0, '2014-03-14 06:57:16'),
(502, 160, 'PO_DEFAULT', 'PO Default', 'PO Default', NULL, NULL, NULL, NULL, NULL, NULL, NULL, NULL, NULL, 0, '2014-03-13 10:50:07', 0, '2014-03-13 10:50:07'),
(503, 133, 'MISC', 'Miscellaneous', 'Miscellaneous', NULL, NULL, NULL, NULL, NULL, NULL, NULL, NULL, NULL, 0, '2014-03-14 06:57:15', 0, '2014-03-14 06:57:15'),
(504, 161, 'ITEM', 'Item', 'Item', NULL, NULL, NULL, NULL, NULL, 'enabled', NULL, NULL, NULL, 0, '2014-03-14 06:58:47', 0, '2014-03-14 06:58:47'),
(505, 161, 'TAX', 'Tax', 'Tax', NULL, NULL, NULL, NULL, NULL, 'enabled', NULL, NULL, NULL, 0, '2014-03-14 06:58:47', 0, '2014-03-14 06:58:47'),
(506, 161, 'MISC', 'Miscellaneous', 'Miscellaneous', NULL, NULL, NULL, NULL, NULL, 'enabled', NULL, NULL, NULL, 0, '2014-03-14 06:58:48', 0, '2014-03-14 06:58:48'),
(507, 161, 'FREIGHT', 'Freight', 'Freight', NULL, NULL, NULL, NULL, NULL, 'enabled', NULL, NULL, NULL, 0, '2014-03-14 06:58:48', 0, '2014-03-14 06:58:48'),
(508, 162, 'REFUND', 'Refund', 'Refund to Supploier', NULL, NULL, NULL, NULL, NULL, 'enabled', NULL, NULL, NULL, 0, '2014-03-17 03:57:13', 0, '2014-03-17 03:57:13'),
(509, 162, 'MANUAL', 'Manual', 'Manually Entered', NULL, NULL, NULL, NULL, NULL, 'enabled', NULL, NULL, NULL, 0, '2014-03-17 03:57:13', 0, '2014-03-17 03:57:13'),
(510, 162, 'MULTI_SELECT', 'Multi Select', 'Created Using Multi Select', NULL, NULL, NULL, NULL, NULL, 'enabled', NULL, NULL, NULL, 0, '2014-03-17 03:57:13', 0, '2014-03-17 03:57:13'),
(511, 164, 'DEPOSIT', 'Desposit', 'Desposit Transaction', 0, 0, '', NULL, NULL, 'enabled', 0, '', '', 0, '2014-07-08 09:10:00', 0, '2008-07-14 09:10:00'),
(512, 164, 'INVOICE', 'Invoice', 'Standard Invoice', 0, 0, '', NULL, NULL, 'enabled', 0, '', '', 0, '2014-07-08 09:10:00', 0, '2008-07-14 09:10:00'),
(513, 164, 'CREDIT_MEMO', 'Credit Memo', 'Credit Memo', 0, 0, '', NULL, NULL, 'enabled', 0, '', '', 0, '2014-07-08 09:10:00', 0, '2008-07-14 09:10:00'),
(514, 164, 'DEBIT_MEMO', 'Debit Memo', 'Debit Memo', 0, 0, '', NULL, NULL, 'enabled', 0, '', '', 0, '2014-07-08 09:09:59', 0, '2008-07-14 09:09:59'),
(515, 164, 'PREPAYMENT', 'Pre Payment', 'Pre Payment Transaction', 0, 0, '', NULL, NULL, 'enabled', 0, '', '', 0, '2014-07-08 09:10:01', 0, '2008-07-14 09:10:01'),
(516, 164, 'GUARENTEE', 'Guarentee', 'Guarentee', 0, 0, '', NULL, NULL, 'enabled', 0, '', '', 0, '2014-07-08 09:10:00', 0, '2008-07-14 09:10:00'),
(517, 164, 'CHARGE_BACK', 'Charge Back', 'Charge Back', 0, 0, '', NULL, NULL, 'enabled', 0, '', '', 0, '2014-07-08 09:09:59', 0, '2008-07-14 09:09:59'),
(518, 163, 'CREATE_ACCOUNT', 'Create Accounting', 'Create Accounting', NULL, NULL, NULL, NULL, NULL, 'enabled', NULL, NULL, NULL, 0, '2014-03-22 10:25:59', 0, '2014-03-22 10:25:59'),
(519, 163, 'VIEW_JOURNAL', 'View Journal', 'View Journal', NULL, NULL, NULL, NULL, NULL, 'enabled', NULL, NULL, NULL, 0, '2014-03-22 10:25:59', 0, '2014-03-22 10:25:59'),
(520, 163, 'CREDIT', 'Credit Transaction', 'Credit Transaction', NULL, NULL, NULL, NULL, NULL, 'enabled', NULL, NULL, NULL, 0, '2014-03-22 10:25:59', 0, '2014-03-22 10:25:59'),
(521, 163, 'CANCEL', 'Cancel Transaction', 'Cancel Transaction', NULL, NULL, NULL, NULL, NULL, 'enabled', NULL, NULL, NULL, 0, '2014-03-22 10:25:59', 0, '2014-03-22 10:25:59'),
(522, 163, 'RECEIPT', 'Create Receipt', 'Create Receipt', NULL, NULL, NULL, NULL, NULL, 'enabled', NULL, NULL, NULL, 0, '2014-03-22 10:26:00', 0, '2014-03-22 10:26:00'),
(523, 165, 'MISC', 'Miscellaneous', 'Miscellaneous', NULL, NULL, NULL, NULL, NULL, 'enabled', NULL, NULL, NULL, 0, '2014-03-24 11:15:37', 0, '2024-03-14 11:15:37'),
(524, 165, 'STANDARD', 'Standard', 'Standard', NULL, NULL, NULL, NULL, NULL, 'enabled', NULL, NULL, NULL, 0, '2014-03-24 11:15:38', 0, '2024-03-14 11:15:38'),
(529, 165, 'MULTI_SELECT', 'Multi Select', 'Multi Select', NULL, NULL, NULL, NULL, NULL, NULL, NULL, NULL, NULL, 0, '2014-03-25 04:35:31', 0, '2014-03-25 04:35:31'),
(530, 166, 'EXTERNAL', 'External Order', 'Standard  Purchase Order', NULL, NULL, NULL, NULL, NULL, 'enabled', NULL, NULL, NULL, 0, '2014-03-25 08:40:23', 0, '2014-03-25 08:40:23'),
(531, 166, 'BLANKET', 'Blanket Agreement', 'Blanket Purchase Agreement', NULL, NULL, NULL, NULL, NULL, 'enabled', NULL, NULL, NULL, 0, '2014-03-25 08:40:23', 0, '2014-03-25 08:40:23'),
(532, 166, 'INTERNAL', 'Internal Order', 'Contract Purchase Order', NULL, NULL, NULL, NULL, NULL, 'enabled', NULL, NULL, NULL, 0, '2014-03-25 08:40:24', 0, '2014-03-25 08:40:24'),
(533, 167, 'ENTERED', 'Entered', '2. Entered', 0, 0, '', NULL, NULL, 'enabled', 0, '', '', 0, '2014-06-02 02:49:38', 0, '2002-06-14 02:49:38'),
(534, 167, 'SHIPPED', 'Shipped', '6. Shipped', 0, 0, '', NULL, NULL, 'enabled', 0, '', '', 0, '2014-06-02 02:49:36', 0, '2002-06-14 02:49:36'),
(535, 167, 'BOOKED', 'Booked', '3. Booked', 0, 0, '', NULL, NULL, 'enabled', 0, '', '', 0, '2014-06-02 02:49:36', 0, '2002-06-14 02:49:36'),
(536, 167, 'PICKED', 'Picked', '5. Picked', 0, 0, '', NULL, NULL, 'enabled', 0, '', '', 0, '2014-06-02 02:49:36', 0, '2002-06-14 02:49:36'),
(537, 167, 'INCOMPLETE', 'Incomplete', '1. Incomplete', 0, 0, '', NULL, NULL, 'enabled', 0, '', '', 0, '2014-06-02 02:49:38', 0, '2002-06-14 02:49:38'),
(538, 167, 'CLOSED', 'Closed', '8. Closed', 0, 0, '', NULL, NULL, 'enabled', 0, '', '', 0, '2014-06-02 02:49:36', 0, '2002-06-14 02:49:36'),
(539, 167, 'PENDING_INVOICE', 'Pending Invoice', '7. Pending Invoice', 0, 0, '', NULL, NULL, 'enabled', 0, '', '', 0, '2014-06-02 02:49:37', 0, '2002-06-14 02:49:37'),
(540, 167, 'INPROCESS', 'Inprocess', '20. Inprocess', 0, 0, '', NULL, NULL, 'enabled', 0, '', '', 0, '2014-06-02 02:49:37', 0, '2002-06-14 02:49:37'),
(541, 167, 'ONHOLD', 'On Hold', '19. On Hold', 0, 0, '', NULL, NULL, 'enabled', 0, '', '', 0, '2014-06-02 02:49:37', 0, '2002-06-14 02:49:37'),
(547, 168, 'RES', 'Resource', 'Resource Element', 0, 0, '', NULL, NULL, 'enabled', 0, '', '', 0, '2014-05-05 02:53:47', 0, '2005-05-14 02:53:47'),
(548, 168, 'MAT', 'Material', 'Material Element', 0, 0, '', NULL, NULL, 'enabled', 0, '', '', 0, '2014-05-05 02:53:47', 0, '2005-05-14 02:53:47'),
(549, 168, 'MOH', 'Material Over Head', 'Material Over Head Element', 0, 0, '', NULL, NULL, 'enabled', 0, '', '', 0, '2014-05-05 02:53:47', 0, '2005-05-14 02:53:47'),
(550, 168, 'OH', 'Over Head', 'Over Head Element', 0, 0, '', NULL, NULL, 'enabled', 0, '', '', 0, '2014-05-05 02:53:47', 0, '2005-05-14 02:53:47'),
(551, 168, 'OSP', 'Outside Processing', 'Outside Processing Element', 0, 0, '', NULL, NULL, 'enabled', 0, '', '', 0, '2014-05-05 02:53:47', 0, '2005-05-14 02:53:47'),
(552, 169, 'CREATE_ACCOUNT', 'Create Accounting', 'Create Accounting', NULL, NULL, NULL, NULL, NULL, 'enabled', NULL, NULL, NULL, 0, '2014-04-14 04:07:56', 0, '2014-04-14 04:07:56'),
(553, 169, 'COST_ROLLUP', 'Cost Rollup', 'Cancel Transaction', NULL, NULL, NULL, NULL, NULL, 'enabled', NULL, NULL, NULL, 0, '2014-04-14 04:07:56', 0, '2014-04-14 04:07:56'),
(554, 169, 'COST_UPDATE', 'Cost Update', 'Standard Cost Update', NULL, NULL, NULL, NULL, NULL, 'enabled', NULL, NULL, NULL, 0, '2014-04-14 04:07:56', 0, '2014-04-14 04:07:56'),
(555, 169, 'VIEW_JOURNAL', 'View Journal', 'View Journal', NULL, NULL, NULL, NULL, NULL, 'enabled', NULL, NULL, NULL, 0, '2014-04-14 04:07:56', 0, '2014-04-14 04:07:56'),
(556, 170, 'MINMAX', 'Min Max', 'Min Max Planning', 0, 0, '', NULL, NULL, 'enabled', 0, '', '', 0, '2014-05-08 01:03:10', 0, '2008-05-14 01:03:10'),
(557, 170, 'MPS', 'MPS', 'MPS Planning', 0, 0, '', NULL, NULL, 'enabled', 0, '', '', 0, '2014-05-08 01:03:10', 0, '2008-05-14 01:03:10'),
(558, 170, 'KANBAN', 'Kanban', 'Kanban Planning', 0, 0, '', NULL, NULL, 'enabled', 0, '', '', 0, '2014-05-08 01:03:10', 0, '2008-05-14 01:03:10'),
(559, 170, 'MRP', 'MRP', 'MRP Planning', 0, 0, '', NULL, NULL, 'enabled', 0, '', '', 0, '2014-05-08 01:03:10', 0, '2008-05-14 01:03:10'),
(560, 157, 'CST_ADJUSTMENT', 'CST Cost Adjustment', 'CST Cost Adjustment', NULL, NULL, NULL, NULL, NULL, NULL, NULL, NULL, NULL, 0, '2014-04-26 05:09:42', 0, '2014-04-26 05:09:42'),
(561, 157, 'WIP_RESOURCE', 'WIP Resource', 'WIP Resource Transaction', NULL, NULL, NULL, NULL, NULL, NULL, NULL, NULL, NULL, 0, '2014-04-28 11:43:44', 0, '2014-04-28 11:43:44'),
(562, 171, 'INTERNAL', 'Internal', 'Internal Requisition', NULL, NULL, NULL, NULL, NULL, 'enabled', NULL, NULL, NULL, 0, '2014-05-01 07:43:40', 0, '2014-05-01 07:43:40'),
(563, 171, 'EXTERNAL', 'External', 'External Requisition', NULL, NULL, NULL, NULL, NULL, 'enabled', NULL, NULL, NULL, 0, '2014-05-01 07:43:40', 0, '2014-05-01 07:43:40'),
(564, 172, 'INTERNAL_BUY', 'Internal Buy', 'Buy from Internal Organization', NULL, NULL, NULL, NULL, NULL, 'enabled', NULL, NULL, NULL, 0, '2014-05-02 14:06:54', 0, '2014-05-02 14:06:54'),
(565, 172, 'INTERNAL_MAKE', 'Internal Make', 'Make In Internal Organization', NULL, NULL, NULL, NULL, NULL, 'enabled', NULL, NULL, NULL, 0, '2014-05-02 14:06:54', 0, '2014-05-02 14:06:54'),
(566, 172, 'EXTERNAL', 'External', 'External Purchase', NULL, NULL, NULL, NULL, NULL, 'enabled', NULL, NULL, NULL, 0, '2014-05-02 14:06:54', 0, '2014-05-02 14:06:54'),
(567, 173, 'DAILY', 'Daily', 'Daily Bucket', NULL, NULL, NULL, NULL, NULL, 'enabled', NULL, NULL, NULL, 0, '2014-05-03 13:05:53', 0, '2014-05-03 13:05:53'),
(568, 173, 'WEEKLY', 'Weekly', 'Weekly Bucket', NULL, NULL, NULL, NULL, NULL, 'enabled', NULL, NULL, NULL, 0, '2014-05-03 13:05:53', 0, '2014-05-03 13:05:53'),
(569, 173, 'PERIOD', 'Period', 'Periodic Bucket', NULL, NULL, NULL, NULL, NULL, 'enabled', NULL, NULL, NULL, 0, '2014-05-03 13:05:53', 0, '2014-05-03 13:05:53'),
(570, 174, 'SUPPLY_PLAN', 'Supply Plan', 'Supply Planning', NULL, NULL, NULL, NULL, NULL, 'enabled', NULL, NULL, NULL, 0, '2014-05-05 02:53:20', 0, '2014-05-05 02:53:20'),
(571, 174, 'MRP', 'MRP', 'MRP Planning', NULL, NULL, NULL, NULL, NULL, 'enabled', NULL, NULL, NULL, 0, '2014-05-05 02:53:20', 0, '2014-05-05 02:53:20'),
(572, 174, 'DEMAND_PLAN', 'Demand Plan', 'Demand Planning', NULL, NULL, NULL, NULL, NULL, 'enabled', NULL, NULL, NULL, 0, '2014-05-05 02:53:20', 0, '2014-05-05 02:53:20'),
(573, 174, 'FORECAST', 'Forecast', 'Forecast Source List', NULL, NULL, NULL, NULL, NULL, 'enabled', NULL, NULL, NULL, 0, '2014-05-05 02:53:20', 0, '2014-05-05 02:53:20'),
(574, 174, 'SOP', 'Sales & Operation', 'Sales & Operation Planning', NULL, NULL, NULL, NULL, NULL, 'enabled', NULL, NULL, NULL, 0, '2014-05-05 02:53:20', 0, '2014-05-05 02:53:20'),
(575, 175, 'SUPPLY_ENTRY', 'SP Entries', 'Supply Plan Entries', NULL, NULL, NULL, NULL, NULL, 'enabled', NULL, NULL, NULL, 0, '2014-05-05 03:01:46', 0, '2014-05-05 03:01:46'),
(576, 175, 'SOP_ENTRY', 'SOP Entries', 'Sales & Operation Plan Entries', NULL, NULL, NULL, NULL, NULL, 'enabled', NULL, NULL, NULL, 0, '2014-05-05 03:01:46', 0, '2014-05-05 03:01:46'),
(577, 175, 'FORECAST_ENTRY', 'Forecast Entries', 'Forecast Entries', NULL, NULL, NULL, NULL, NULL, 'enabled', NULL, NULL, NULL, 0, '2014-05-05 03:01:46', 0, '2014-05-05 03:01:46'),
(578, 175, 'DEMAND_ENTRY', 'DP Entries', 'Demand Plann Entries', NULL, NULL, NULL, NULL, NULL, 'enabled', NULL, NULL, NULL, 0, '2014-05-05 03:01:46', 0, '2014-05-05 03:01:46'),
(579, 176, 'SALES_ORDER', 'Sales Order', 'Sales Order', NULL, NULL, NULL, NULL, NULL, 'enabled', NULL, NULL, NULL, 0, '2014-05-06 04:54:02', 0, '2014-05-06 04:54:02'),
(580, 176, 'DEPENDENT', 'Dependent', 'Dependent Demand', NULL, NULL, NULL, NULL, NULL, NULL, NULL, NULL, NULL, 0, '2014-05-06 04:54:03', 0, '2014-05-06 04:54:03'),
(581, 176, 'FORECAST', 'Forecast', 'Forecast', NULL, NULL, NULL, NULL, NULL, 'enabled', NULL, NULL, NULL, 0, '2014-05-06 04:54:03', 0, '2014-05-06 04:54:03'),
(582, 170, 'MULTI_MINMAX', 'Multi Bin Min Max', 'Multi Bin Min Max', NULL, NULL, NULL, NULL, NULL, NULL, NULL, NULL, NULL, 0, '2014-05-08 01:03:10', 0, '2014-05-08 01:03:10'),
(583, 177, 'PC_A_100', 'PC A 100', 'PC A 100', NULL, NULL, NULL, NULL, NULL, NULL, NULL, NULL, NULL, 0, '2014-05-08 01:56:24', 0, '2014-05-08 01:56:24'),
(584, 177, 'NO_LINE', 'Not Assigned', 'Not Assigned', NULL, NULL, NULL, NULL, NULL, 'enabled', NULL, NULL, NULL, 0, '2014-05-08 01:56:24', 0, '2014-05-08 01:56:24'),
(585, 177, 'PC_A_150', 'PC A 150', 'PC A 150', NULL, NULL, NULL, NULL, NULL, NULL, NULL, NULL, NULL, 0, '2014-05-08 01:56:24', 0, '2014-05-08 01:56:24'),
(586, 177, 'MOBILE_X_07', 'Mobile X 7 Series', 'Mobile X 7 Series', NULL, NULL, NULL, NULL, NULL, 'enabled', NULL, NULL, NULL, 0, '2014-05-08 01:56:24', 0, '2014-05-08 01:56:24'),
(587, 177, 'MOBILE_L_15', 'Mobile L 15', 'Kanban Planning', NULL, NULL, NULL, NULL, NULL, 'enabled', NULL, NULL, NULL, 0, '2014-05-08 01:56:24', 0, '2014-05-08 01:56:24'),
(588, 177, 'TV_FLAT_X_100', 'TV Flat X 100', 'TV Flat X 100', NULL, NULL, NULL, NULL, NULL, NULL, NULL, NULL, NULL, 0, '2014-05-08 01:56:25', 0, '2014-05-08 01:56:25'),
(589, 177, 'MW_LETO_01', 'MW LETO 01', 'MW LETO 01', NULL, NULL, NULL, NULL, NULL, NULL, NULL, NULL, NULL, 0, '2014-05-08 01:56:25', 0, '2014-05-08 01:56:25'),
(590, 177, 'TV_FLAT_X_101A', 'TV Flat X 100A', 'TV Flat X 100A', NULL, NULL, NULL, NULL, NULL, NULL, NULL, NULL, NULL, 0, '2014-05-08 01:56:25', 0, '2014-05-08 01:56:25'),
(591, 177, 'MW_LETO_02', 'MW LETO 02', 'MW LETO 02', NULL, NULL, NULL, NULL, NULL, NULL, NULL, NULL, NULL, 0, '2014-05-08 01:56:25', 0, '2014-05-08 01:56:25'),
(592, 178, 'NO_ROUND', 'No Rounding', 'No Rounding', NULL, NULL, NULL, NULL, NULL, 'enabled', NULL, NULL, NULL, 0, '2014-09-01 10:43:44', 0, '2001-09-14 10:43:44'),
(593, 178, 'ROUND_UP', 'Round Up', 'Round Up', NULL, NULL, NULL, NULL, NULL, 'enabled', NULL, NULL, NULL, 0, '2014-09-01 10:43:44', 0, '2001-09-14 10:43:44'),
(594, 178, 'ROUND_DOWN', 'Round Down', 'Round Down', NULL, NULL, NULL, NULL, NULL, 'enabled', NULL, NULL, NULL, 0, '2014-09-01 10:43:44', 0, '2001-09-14 10:43:44'),
(595, 178, 'ROUND', 'Round', 'Round to Nearest', NULL, NULL, NULL, NULL, NULL, 'enabled', NULL, NULL, NULL, 0, '2014-09-01 10:43:43', 0, '2001-09-14 10:43:43'),
(596, 179, 'PAST_DUE', 'Past Due', 'Past Due', NULL, NULL, NULL, NULL, NULL, NULL, NULL, NULL, NULL, 0, '2014-05-21 09:32:09', 0, '2014-05-21 09:32:09'),
(597, 179, 'RESCHDULE_OUT', 'Reschdule OUT', 'Reschdule OUT', NULL, NULL, NULL, NULL, NULL, NULL, NULL, NULL, NULL, 0, '2014-05-21 09:32:10', 0, '2014-05-21 09:32:10'),
(598, 179, 'EXCESS', 'Excess', 'Excess', NULL, NULL, NULL, NULL, NULL, 'enabled', NULL, NULL, NULL, 0, '2014-05-21 09:32:11', 0, '2014-05-21 09:32:11'),
(599, 179, 'RESCHDULE_IN', 'Reschdule IN', 'Reschdule IN', NULL, NULL, NULL, NULL, NULL, NULL, NULL, NULL, NULL, 0, '2014-05-21 09:32:11', 0, '2014-05-21 09:32:11'),
(600, 179, 'COMPRESSED_LT', 'Compressed LT', 'Compressed LT', NULL, NULL, NULL, NULL, NULL, NULL, NULL, NULL, NULL, 0, '2014-05-21 09:32:12', 0, '2014-05-21 09:32:12'),
(601, 88, 'RAW', 'Raw', 'Raw', NULL, NULL, NULL, NULL, NULL, NULL, NULL, NULL, NULL, 0, '2014-05-28 16:52:55', 0, '2014-05-28 16:52:55'),
(602, 88, 'WIP', 'WIP', 'WIP', NULL, NULL, NULL, NULL, NULL, NULL, NULL, NULL, NULL, 0, '2014-05-28 16:52:56', 0, '2014-05-28 16:52:56'),
(603, 88, 'FGI', 'FGI', 'FGI', NULL, NULL, NULL, NULL, NULL, NULL, NULL, NULL, NULL, 0, '2014-05-28 16:52:56', 0, '2014-05-28 16:52:56'),
(604, 167, 'AWAITING_PICKING', 'Awaiting Picking', '4. Awaiting Picking', NULL, NULL, NULL, NULL, NULL, NULL, NULL, NULL, NULL, 0, '2014-06-02 02:49:37', 0, '2014-06-02 02:49:37'),
(605, 180, 'SALES_TAX', 'Sales Tax', 'Sales Tax', NULL, NULL, NULL, NULL, NULL, 'enabled', NULL, NULL, NULL, 0, '2014-06-03 02:56:45', 0, '2014-06-03 02:56:45'),
(606, 180, 'VAT', 'VAT', 'Value Added Tax', NULL, NULL, NULL, NULL, NULL, 'enabled', NULL, NULL, NULL, 0, '2014-06-03 02:56:46', 0, '2014-06-03 02:56:46'),
(607, 180, 'GST', 'GST', 'Goods and Services Tax', NULL, NULL, NULL, NULL, NULL, NULL, NULL, NULL, NULL, 0, '2014-06-03 02:56:46', 0, '2014-06-03 02:56:46'),
(608, 180, 'EXCISE', 'Excise', 'Excise', NULL, NULL, NULL, NULL, NULL, 'enabled', NULL, NULL, NULL, 0, '2014-06-03 02:56:47', 0, '2014-06-03 02:56:47'),
(609, 180, 'TARIFF', 'Tariff', 'Tariff - Export & Import', NULL, NULL, NULL, NULL, NULL, NULL, NULL, NULL, NULL, 0, '2014-06-03 02:56:48', 0, '2014-06-03 02:56:48'),
(610, 125, 'RU', 'Russia', 'Russia', NULL, NULL, NULL, NULL, NULL, NULL, NULL, NULL, NULL, 0, '2014-06-03 13:00:15', 0, '2014-06-03 13:00:15'),
(611, 125, 'CA', 'Canada', 'Canada', NULL, NULL, NULL, NULL, NULL, NULL, NULL, NULL, NULL, 0, '2014-06-03 13:00:18', 0, '2014-06-03 13:00:18'),
(612, 125, 'IT', 'Italy', 'Italy', NULL, NULL, NULL, NULL, NULL, NULL, NULL, NULL, NULL, 0, '2014-06-03 13:00:21', 0, '2014-06-03 13:00:21'),
(613, 125, 'CN', 'China', 'China', NULL, NULL, NULL, NULL, NULL, NULL, NULL, NULL, NULL, 0, '2014-06-03 13:00:23', 0, '2014-06-03 13:00:23'),
(614, 125, 'FR', 'France', 'France', NULL, NULL, NULL, NULL, NULL, NULL, NULL, NULL, NULL, 0, '2014-06-03 13:00:28', 0, '2014-06-03 13:00:28'),
(615, 125, 'BR', 'Brazil', 'Brazil', NULL, NULL, NULL, NULL, NULL, NULL, NULL, NULL, NULL, 0, '2014-06-03 13:00:31', 0, '2014-06-03 13:00:31'),
(616, 125, 'ES', 'Spain', 'Spain', NULL, NULL, NULL, NULL, NULL, NULL, NULL, NULL, NULL, 0, '2014-06-03 13:00:33', 0, '2014-06-03 13:00:33'),
(617, 125, 'JP', 'Japan', 'Japan', NULL, NULL, NULL, NULL, NULL, NULL, NULL, NULL, NULL, 0, '2014-06-03 13:00:36', 0, '2014-06-03 13:00:36'),
(618, 125, 'MX', 'Mexico', 'Mexico', NULL, NULL, NULL, NULL, NULL, NULL, NULL, NULL, NULL, 0, '2014-06-03 13:00:39', 0, '2014-06-03 13:00:39'),
(619, 125, 'KR', 'South Korea', 'South Korea', NULL, NULL, NULL, NULL, NULL, NULL, NULL, NULL, NULL, 0, '2014-06-03 13:00:42', 0, '2014-06-03 13:00:42'),
(620, 181, 'MILITARY_EQUIPMENT', 'Military Equipment', 'Military Equipment', 0, 0, '', NULL, NULL, 'enabled', 0, '', '', 0, '2014-06-04 08:13:49', 0, '2004-06-14 08:13:49'),
(621, 181, 'STANDARD', 'Standard', 'Standard', 0, 0, '', NULL, NULL, 'enabled', 0, '', '', 0, '2014-06-04 08:13:48', 0, '2004-06-14 08:13:48'),
(622, 181, 'EXEMPT', 'Exempt', 'Exempt', 0, 0, '', NULL, NULL, 'enabled', 0, '', '', 0, '2014-06-04 08:13:49', 0, '2004-06-14 08:13:49'),
(623, 181, 'IND_RURAL_EDUCATION', 'Rural Education IND', 'Rural Education IND', 0, 0, '', NULL, NULL, 'enabled', 0, '', '', 0, '2014-06-04 08:13:49', 0, '2004-06-14 08:13:49'),
(624, 181, 'EMISSION_INSPECTION', 'Emission Inspection', 'Emmision Inspection', 0, 0, '', NULL, NULL, 'enabled', 0, '', '', 0, '2014-06-04 08:13:50', 0, '2004-06-14 08:13:50'),
(625, 182, 'ap', 'Accounts Payable', '101. Accounts Payable', NULL, NULL, NULL, NULL, NULL, NULL, NULL, NULL, NULL, 0, '2014-06-27 11:25:48', 34, '2016-02-11 08:43:55'),
(626, 182, 'gl', 'General Ledger', '100. General Ledger', NULL, NULL, NULL, NULL, NULL, NULL, NULL, NULL, NULL, 0, '2014-06-27 11:25:48', 34, '2016-02-11 08:43:55'),
(627, 182, 'ar', 'Accounts Receviable', '102. Accounts Receviable', NULL, NULL, NULL, NULL, NULL, NULL, NULL, NULL, NULL, 0, '2014-06-27 11:25:48', 34, '2016-02-11 08:43:55'),
(628, 182, 'fa', 'Fixed Asset', '103. Fixed Asset', NULL, NULL, NULL, NULL, NULL, NULL, NULL, NULL, NULL, 0, '2014-06-27 11:25:47', 34, '2016-02-11 08:43:56'),
(629, 182, 'cm', 'Cash Managment', '104. Cash Management', NULL, NULL, NULL, NULL, NULL, NULL, NULL, NULL, NULL, 0, '2014-06-27 11:25:48', 34, '2016-02-11 08:43:56'),
(630, 182, 'inv', 'Inventory', '200. Inventory', NULL, NULL, NULL, NULL, NULL, NULL, NULL, NULL, NULL, 0, '2014-06-27 11:25:49', 34, '2016-02-11 08:43:56'),
(631, 182, 'pur', 'Purchasing', '201. Purchasing', NULL, NULL, NULL, NULL, NULL, NULL, NULL, NULL, NULL, 0, '2014-06-27 11:25:49', 34, '2016-02-11 08:43:57'),
(632, 182, 'sd', 'Sales & Distribution', '202. Sales & Distribution', NULL, NULL, NULL, NULL, NULL, NULL, NULL, NULL, NULL, 0, '2014-06-27 11:25:49', 34, '2016-02-11 08:43:57'),
(633, 182, 'bom', 'Bills of Material', '203. Bills of Material', NULL, NULL, NULL, NULL, NULL, NULL, NULL, NULL, NULL, 0, '2014-06-27 11:25:50', 34, '2016-02-11 08:43:57'),
(634, 182, 'wip', 'Work In Process', '204. Work In Process', NULL, NULL, NULL, NULL, NULL, NULL, NULL, NULL, NULL, 0, '2014-06-27 11:25:50', 34, '2016-02-11 08:43:58'),
(635, 182, 'fp', 'Forecast & Planning', '205. Forecast & Planning', 0, 0, '', NULL, NULL, 'enabled', 0, '', '', 0, '2014-06-27 11:25:50', 0, '2027-06-14 11:25:50'),
(636, 182, 'sys', 'System', '1. System', 0, 0, '', NULL, NULL, 'enabled', 0, '', '', 0, '2014-06-27 11:25:50', 0, '2027-06-14 11:25:50'),
(637, 182, 'org', 'Organization', '2. Organization', 0, 0, '', NULL, NULL, 'enabled', 0, '', '', 0, '2014-06-27 11:25:50', 0, '2027-06-14 11:25:50'),
(638, 182, 'ext', 'Extension', '900. Extension', 0, 0, '', NULL, NULL, 'enabled', 0, '', '', 0, '2014-06-27 11:25:51', 0, '2027-06-14 11:25:51'),
(640, 183, 'CANCELLED', 'Cancelled', 'Cancelled', NULL, NULL, NULL, NULL, NULL, 'enabled', NULL, NULL, NULL, 0, '2014-06-29 11:49:56', 0, '2014-06-29 11:49:56'),
(641, 183, 'INCOMPLETE', 'Incomplete', 'Incomplete', NULL, NULL, NULL, NULL, NULL, 'enabled', NULL, NULL, NULL, 0, '2014-06-29 11:49:56', 0, '2014-06-29 11:49:56'),
(642, 183, 'REAPPROVAL', 'Require ReApproval', 'Require ReApproval', NULL, NULL, NULL, NULL, NULL, 'enabled', NULL, NULL, NULL, 0, '2014-06-29 11:49:57', 0, '2014-06-29 11:49:57'),
(643, 183, 'APPROVED', 'Approved', 'Approved', NULL, NULL, NULL, NULL, NULL, 'enabled', NULL, NULL, NULL, 0, '2014-06-29 11:49:57', 0, '2014-06-29 11:49:57'),
(644, 183, 'INPROCESS', 'Inprocess', 'Inprocess', NULL, NULL, NULL, NULL, NULL, 'enabled', NULL, NULL, NULL, 0, '2014-06-29 11:49:57', 0, '2014-06-29 11:49:57'),
(645, 183, 'ENTERED', 'Entered', 'Entered', NULL, NULL, NULL, NULL, NULL, 'enabled', NULL, NULL, NULL, 0, '2014-06-29 11:49:58', 0, '2014-06-29 11:49:58'),
(646, 183, 'ONHOLD', 'On Hold', 'On Hold', NULL, NULL, NULL, NULL, NULL, 'enabled', NULL, NULL, NULL, 0, '2014-06-29 11:49:58', 0, '2014-06-29 11:49:58'),
(647, 183, 'BOOKED', 'Booked', 'Booked', NULL, NULL, NULL, NULL, NULL, NULL, NULL, NULL, NULL, 0, '2014-06-29 11:49:58', 0, '2014-06-29 11:49:58'),
(648, 184, 'FORM', 'Form', 'Form', NULL, NULL, NULL, NULL, NULL, NULL, NULL, NULL, NULL, 0, '2014-07-12 09:15:04', 0, '2014-07-12 09:15:04'),
(649, 184, 'SEARCH', 'Search', 'Search', 0, 0, '', NULL, NULL, 'enabled', 0, '', '', 0, '2014-07-19 05:34:20', 0, '2019-07-14 05:34:20'),
(650, 184, 'SETUP', 'Setup', 'Setup', NULL, NULL, NULL, NULL, NULL, NULL, NULL, NULL, NULL, 0, '2014-07-12 09:15:06', 0, '2014-07-12 09:15:06'),
(651, 184, 'PROGRAM', 'Program', 'Program', NULL, NULL, NULL, NULL, NULL, NULL, NULL, NULL, NULL, 0, '2014-07-12 09:15:06', 0, '2014-07-12 09:15:06'),
(652, 184, 'CONTENT', 'Content', 'Content', NULL, NULL, NULL, NULL, NULL, NULL, NULL, NULL, NULL, 0, '2014-07-12 09:15:07', 0, '2014-07-12 09:15:07'),
(653, 185, 'SAVINGS', 'Savings', 'Savings', NULL, NULL, NULL, NULL, NULL, 'enabled', NULL, NULL, NULL, 0, '2014-07-15 12:15:21', 0, '2014-07-15 12:15:21'),
(654, 185, 'CURRENT', 'Current', 'Current', NULL, NULL, NULL, NULL, NULL, 'enabled', NULL, NULL, NULL, 0, '2014-07-15 12:15:21', 0, '2014-07-15 12:15:21'),
(655, 185, 'DESPOSIT', 'Deposit', 'Deposit', NULL, NULL, NULL, NULL, NULL, 'enabled', NULL, NULL, NULL, 0, '2014-07-15 12:15:22', 0, '2014-07-15 12:15:22'),
(656, 186, 'A', 'Class A', 'Class A', NULL, NULL, NULL, NULL, NULL, 'enabled', NULL, NULL, NULL, 0, '2014-07-18 14:47:04', 0, '2014-07-18 14:47:04'),
(657, 186, 'B', 'Class B', 'Class B', NULL, NULL, NULL, NULL, NULL, 'enabled', NULL, NULL, NULL, 0, '2014-07-18 14:47:04', 0, '2014-07-18 14:47:04'),
(658, 186, 'C', 'Class C', 'Class C', NULL, NULL, NULL, NULL, NULL, 'enabled', NULL, NULL, NULL, 0, '2014-07-18 14:47:07', 0, '2014-07-18 14:47:07'),
(659, 184, 'DOCUMENT', 'Document', 'Document', NULL, NULL, NULL, NULL, NULL, NULL, NULL, NULL, NULL, 0, '2014-07-19 05:45:25', 0, '2014-07-19 05:45:25'),
(660, 184, 'TRANSACTION', 'Transaction', 'Transaction', NULL, NULL, NULL, NULL, NULL, NULL, NULL, NULL, NULL, 0, '2014-07-19 05:45:26', 0, '2014-07-19 05:45:26'),
(661, 187, 'MRP_DEMAND_VALUE', 'MRP Demand Value', 'MRP Demand Value', 0, 0, '', NULL, NULL, 'enabled', 0, '', '', 0, '2014-07-22 07:28:09', 0, '2022-07-14 07:28:09'),
(662, 187, 'ONHAND_VALUE', 'Onhand Value', 'Onhand Value', NULL, NULL, NULL, NULL, NULL, 'enabled', NULL, NULL, NULL, 0, '2014-07-19 09:23:25', 0, '2014-07-19 09:23:25'),
(663, 187, 'MRP_DEMAND_QTY', 'MRP Demand Quantity', 'MRP Demand Quantity', NULL, NULL, NULL, NULL, NULL, 'enabled', NULL, NULL, NULL, 0, '2014-07-19 09:23:29', 0, '2014-07-19 09:23:29'),
(664, 187, 'ONHAND_QTY', 'Onhand Quantity', 'Onhand Quantity', NULL, NULL, NULL, NULL, NULL, 'enabled', NULL, NULL, NULL, 0, '2014-07-19 09:23:30', 0, '2014-07-19 09:23:30'),
(665, 187, 'MBMM_MAX_QTY', 'Multi-Bin Min Max, Max Qty', 'Multi Bin Min Max , Maximum Quantity', 0, 0, '', NULL, NULL, 'enabled', 0, '', '', 0, '2014-07-22 07:36:49', 0, '2022-07-14 07:36:49'),
(666, 187, 'MBMM_MAX_VALUE', 'Multi-Bin Min Max, Max Value', 'Multi Bin Min Max , Maximum Value', 0, 0, '', NULL, NULL, 'enabled', 0, '', '', 0, '2014-07-22 07:36:49', 0, '2022-07-14 07:36:49'),
(667, 187, 'STD_COST', 'Standard Cost', 'Standard Cost', NULL, NULL, NULL, NULL, NULL, NULL, NULL, NULL, NULL, 0, '2014-07-19 09:23:35', 0, '2014-07-19 09:23:35'),
(684, 134, 'AED', 'UAE Dirham', 'United Arab Emirates', NULL, NULL, NULL, NULL, NULL, 'enabled', 1, '1/1/2000', NULL, 0, '2014-08-02 11:20:33', 0, '2014-08-02 11:20:33'),
(685, 134, 'AFN', 'Afghani', 'Afghanistan', NULL, NULL, NULL, NULL, NULL, 'enabled', 1, '1/1/2000', NULL, 0, '2014-08-02 11:20:33', 0, '2014-08-02 11:20:33'),
(686, 134, 'ALL', 'Lek', 'Albania', NULL, NULL, NULL, NULL, NULL, 'enabled', 1, '1/1/2000', NULL, 0, '2014-08-02 11:20:33', 0, '2014-08-02 11:20:33'),
(687, 134, 'AMD', 'Armenian Dram', 'Armenia', NULL, NULL, NULL, NULL, NULL, 'enabled', 1, '1/1/2000', NULL, 0, '2014-08-02 11:20:33', 0, '2014-08-02 11:20:33'),
(688, 134, 'ANG', 'Antillian Guilder', 'Netherlands Antilles', 0, 0, '', NULL, NULL, 'enabled', 0, '', '', 0, '2014-08-02 13:31:44', 0, '2002-08-14 13:31:44'),
(689, 134, 'AOA', 'Kwanza', 'Angola', 0, 0, '', NULL, NULL, 'enabled', 0, '', '', 0, '2014-08-02 13:40:29', 0, '2002-08-14 13:40:29'),
(690, 134, 'ARS', 'Argentine Peso', 'Argentina', NULL, NULL, NULL, NULL, NULL, 'enabled', 1, '1/1/2000', NULL, 0, '2014-08-02 11:20:33', 0, '2014-08-02 11:20:33'),
(691, 134, 'AUD', 'Australian Dollar', 'Australia, Australian Antarctic Territory, Christmas Island, Cocos (Keeling) Islands, Heard and McDonald Islands, Kiribati, Nauru, Norfolk Island, Tuvalu', NULL, NULL, NULL, NULL, NULL, 'enabled', 1, '1/1/2000', NULL, 0, '2014-08-02 11:20:33', 0, '2014-08-02 11:20:33'),
(692, 134, 'AWG', 'Aruban Guilder', 'Aruba', NULL, NULL, NULL, NULL, NULL, 'enabled', 1, '1/1/2000', NULL, 0, '2014-08-02 11:28:42', 0, '2014-08-02 11:28:42'),
(693, 134, 'AZN', 'AZN', 'Azerbaijan', 0, 0, '', NULL, NULL, 'enabled', 0, '', '', 0, '2014-08-02 13:40:29', 0, '2002-08-14 13:40:29'),
(694, 134, 'BAM', 'Convertible Marks', 'Bosnia and Herzegovina', NULL, NULL, NULL, NULL, NULL, 'enabled', 1, '1/1/2000', NULL, 0, '2014-08-02 11:28:42', 0, '2014-08-02 11:28:42'),
(695, 134, 'BBD', 'Barbados Dollar', 'Barbados', NULL, NULL, NULL, NULL, NULL, 'enabled', 1, '1/1/2000', NULL, 0, '2014-08-02 11:28:42', 0, '2014-08-02 11:28:42'),
(696, 134, 'BDT', 'Bangladeshi Taka', 'Bangladesh', NULL, NULL, NULL, NULL, NULL, 'enabled', 1, '1/1/2000', NULL, 0, '2014-08-02 11:28:42', 0, '2014-08-02 11:28:42'),
(697, 134, 'BGN', 'Bulgarian Lev', 'Bulgaria', NULL, NULL, NULL, NULL, NULL, 'enabled', 1, '1/1/2000', NULL, 0, '2014-08-02 11:28:42', 0, '2014-08-02 11:28:42'),
(698, 134, 'BHD', 'Bahraini Dinar', 'Bahrain', NULL, NULL, NULL, NULL, NULL, 'enabled', 1, '1/1/2000', NULL, 0, '2014-08-02 11:28:42', 0, '2014-08-02 11:28:42'),
(699, 134, 'BIF', 'Burundian Franc', 'Burundi', NULL, NULL, NULL, NULL, NULL, 'enabled', 1, '1/1/2000', NULL, 0, '2014-08-02 11:28:42', 0, '2014-08-02 11:28:42'),
(700, 134, 'BMD', 'Bermudian Dollar ', 'Bermuda', NULL, NULL, NULL, NULL, NULL, 'enabled', 1, '1/1/2000', NULL, 0, '2014-08-02 11:28:42', 0, '2014-08-02 11:28:42'),
(701, 134, 'BND', 'Brunei Dollar', 'Brunei', NULL, NULL, NULL, NULL, NULL, 'enabled', 1, '1/1/2000', NULL, 0, '2014-08-02 11:28:42', 0, '2014-08-02 11:28:42'),
(702, 134, 'BOB', 'Boliviano', 'Bolivia', NULL, NULL, NULL, NULL, NULL, 'enabled', 1, '1/1/2000', NULL, 0, '2014-08-02 11:28:42', 0, '2014-08-02 11:28:42'),
(703, 134, 'BOV', 'Bolivian Mvdol', 'Bolivia', NULL, NULL, NULL, NULL, NULL, 'enabled', 1, '1/1/2000', NULL, 0, '2014-08-02 11:28:42', 0, '2014-08-02 11:28:42'),
(704, 134, 'BRL', 'Brazilian Real', 'Brazil', NULL, NULL, NULL, NULL, NULL, 'enabled', 1, '1/1/2000', NULL, 0, '2014-08-02 11:28:42', 0, '2014-08-02 11:28:42'),
(705, 134, 'BSD', 'Bahamian Dollar', 'Bahamas', NULL, NULL, NULL, NULL, NULL, 'enabled', 1, '1/1/2000', NULL, 0, '2014-08-02 11:28:42', 0, '2014-08-02 11:28:42'),
(706, 134, 'BTN', 'Ngultrum', 'Bhutan', NULL, NULL, NULL, NULL, NULL, 'enabled', 1, '1/1/2000', NULL, 0, '2014-08-02 11:28:42', 0, '2014-08-02 11:28:42'),
(707, 134, 'BWP', 'Pula', 'Botswana', NULL, NULL, NULL, NULL, NULL, 'enabled', 1, '1/1/2000', NULL, 0, '2014-08-02 11:28:42', 0, '2014-08-02 11:28:42'),
(708, 134, 'BYR', 'Belarussian Ruble', 'Belarus', NULL, NULL, NULL, NULL, NULL, 'enabled', 1, '1/1/2000', NULL, 0, '2014-08-02 11:28:42', 0, '2014-08-02 11:28:42'),
(709, 134, 'BZD', 'Belize Dollar', 'Belize', NULL, NULL, NULL, NULL, NULL, 'enabled', 1, '1/1/2000', NULL, 0, '2014-08-02 11:28:42', 0, '2014-08-02 11:28:42'),
(710, 134, 'CAD', 'Canadian Dollar', 'Canada', NULL, NULL, NULL, NULL, NULL, 'enabled', 1, '1/1/2000', NULL, 0, '2014-08-02 11:28:42', 0, '2014-08-02 11:28:42'),
(711, 134, 'CDF', 'Franc Congolais', 'Democratic Republic of Congo', NULL, NULL, NULL, NULL, NULL, 'enabled', 1, '1/1/2000', NULL, 0, '2014-08-02 11:28:42', 0, '2014-08-02 11:28:42'),
(712, 134, 'CHE', 'WIR Euro', 'Switzerland', NULL, NULL, NULL, NULL, NULL, 'enabled', 1, '1/1/2000', NULL, 0, '2014-08-02 11:28:42', 0, '2014-08-02 11:28:42'),
(713, 134, 'CHF', 'Swiss Franc', 'Switzerland, Liechtenstein', NULL, NULL, NULL, NULL, NULL, 'enabled', 1, '1/1/2000', NULL, 0, '2014-08-02 11:28:42', 0, '2014-08-02 11:28:42'),
(714, 134, 'CHW', 'WIR Franc ', 'Switzerland', NULL, NULL, NULL, NULL, NULL, 'enabled', 1, '1/1/2000', NULL, 0, '2014-08-02 11:28:42', 0, '2014-08-02 11:28:42'),
(715, 134, 'CLF', 'CLF - Chile', 'Chile', 0, 0, '', NULL, NULL, 'enabled', 0, '', '', 0, '2014-08-02 13:40:30', 0, '2002-08-14 13:40:30'),
(716, 134, 'CLP', 'Chilean Peso', 'Chile', NULL, NULL, NULL, NULL, NULL, 'enabled', 1, '1/1/2000', NULL, 0, '2014-08-02 11:28:42', 0, '2014-08-02 11:28:42'),
(717, 134, 'CNY', 'Yuan Renminbi', 'Mainland China', NULL, NULL, NULL, NULL, NULL, 'enabled', 1, '1/1/2000', NULL, 0, '2014-08-02 11:28:42', 0, '2014-08-02 11:28:42'),
(718, 134, 'COP', 'Colombian Peso', 'Colombia', NULL, NULL, NULL, NULL, NULL, 'enabled', 1, '1/1/2000', NULL, 0, '2014-08-02 11:28:42', 0, '2014-08-02 11:28:42'),
(719, 134, 'COU', 'UVR - Colombia', 'Colombia', 0, 0, '', NULL, NULL, 'enabled', 0, '', '', 0, '2014-08-02 13:40:29', 0, '2002-08-14 13:40:29'),
(720, 134, 'CRC', 'CRC - Costa Rica', 'Costa Rica', 0, 0, '', NULL, NULL, 'enabled', 0, '', '', 0, '2014-08-02 13:40:30', 0, '2002-08-14 13:40:30'),
(721, 134, 'CUP', 'Cuban Peso', 'Cuba', NULL, NULL, NULL, NULL, NULL, 'enabled', 1, '1/1/2000', NULL, 0, '2014-08-02 11:28:42', 0, '2014-08-02 11:28:42'),
(722, 134, 'CVE', 'CVE - Cape Verde', 'Cape Verde', 0, 0, '', NULL, NULL, 'enabled', 0, '', '', 0, '2014-08-02 13:40:30', 0, '2002-08-14 13:40:30'),
(723, 134, 'CYP', 'Cyprus Pound', 'Cyprus', NULL, NULL, NULL, NULL, NULL, 'enabled', 1, '1/1/2000', NULL, 0, '2014-08-02 11:28:42', 0, '2014-08-02 11:28:42'),
(724, 134, 'CZK', 'Czech Koruna', 'Czech Republic', NULL, NULL, NULL, NULL, NULL, 'enabled', 1, '1/1/2000', NULL, 0, '2014-08-02 11:28:42', 0, '2014-08-02 11:28:42'),
(725, 134, 'DJF', 'Djibouti Franc', 'Djibouti', NULL, NULL, NULL, NULL, NULL, 'enabled', 1, '1/1/2000', NULL, 0, '2014-08-02 11:28:42', 0, '2014-08-02 11:28:42'),
(726, 134, 'DKK', 'Danish Krone', 'Denmark, Faroe Islands, Greenland', NULL, NULL, NULL, NULL, NULL, 'enabled', 1, '1/1/2000', NULL, 0, '2014-08-02 11:28:42', 0, '2014-08-02 11:28:42'),
(727, 134, 'DOP', 'Dominican Peso', 'Dominican Republic', NULL, NULL, NULL, NULL, NULL, 'enabled', 1, '1/1/2000', NULL, 0, '2014-08-02 11:28:42', 0, '2014-08-02 11:28:42'),
(728, 134, 'DZD', 'Algerian Dinar', 'Algeria', NULL, NULL, NULL, NULL, NULL, 'enabled', 1, '1/1/2000', NULL, 0, '2014-08-02 11:28:42', 0, '2014-08-02 11:28:42'),
(729, 134, 'EEK', 'Kroon', 'Estonia', NULL, NULL, NULL, NULL, NULL, 'enabled', 1, '1/1/2000', NULL, 0, '2014-08-02 11:28:42', 0, '2014-08-02 11:28:42'),
(730, 134, 'EGP', 'Egyptian Pound', 'Egypt', NULL, NULL, NULL, NULL, NULL, 'enabled', 1, '1/1/2000', NULL, 0, '2014-08-02 11:28:42', 0, '2014-08-02 11:28:42'),
(731, 134, 'ERN', 'Nakfa', 'Eritrea', NULL, NULL, NULL, NULL, NULL, 'enabled', 1, '1/1/2000', NULL, 0, '2014-08-02 11:28:42', 0, '2014-08-02 11:28:42'),
(732, 134, 'ETB', 'Ethiopian Birr', 'Ethiopia', NULL, NULL, NULL, NULL, NULL, 'enabled', 1, '1/1/2000', NULL, 0, '2014-08-02 11:28:42', 0, '2014-08-02 11:28:42'),
(733, 134, 'FJD', 'Fiji Dollar', 'Fiji', NULL, NULL, NULL, NULL, NULL, 'enabled', 1, '1/1/2000', NULL, 0, '2014-08-02 11:28:42', 0, '2014-08-02 11:28:42'),
(734, 134, 'FKP', 'Falkland Pound', 'Falkland Islands', 0, 0, '', NULL, NULL, 'enabled', 0, '', '', 0, '2014-08-02 13:40:30', 0, '2002-08-14 13:40:30'),
(735, 134, 'GEL', 'Lari', 'Georgia', NULL, NULL, NULL, NULL, NULL, 'enabled', 1, '1/1/2000', NULL, 0, '2014-08-02 11:28:42', 0, '2014-08-02 11:28:42'),
(736, 134, 'GHS', 'Cedi', 'Ghana', NULL, NULL, NULL, NULL, NULL, 'enabled', 1, '1/1/2000', NULL, 0, '2014-08-02 11:28:42', 0, '2014-08-02 11:28:42'),
(737, 134, 'GIP', 'Gibraltar pound', 'Gibraltar', NULL, NULL, NULL, NULL, NULL, 'enabled', 1, '1/1/2000', NULL, 0, '2014-08-02 11:28:42', 0, '2014-08-02 11:28:42'),
(738, 134, 'GMD', 'Dalasi', 'Gambia', NULL, NULL, NULL, NULL, NULL, 'enabled', 1, '1/1/2000', NULL, 0, '2014-08-02 11:28:42', 0, '2014-08-02 11:28:42'),
(739, 134, 'GNF', 'Guinea Franc', 'Guinea', NULL, NULL, NULL, NULL, NULL, 'enabled', 1, '1/1/2000', NULL, 0, '2014-08-02 11:28:42', 0, '2014-08-02 11:28:42'),
(740, 134, 'GTQ', 'Quetzal', 'Guatemala', NULL, NULL, NULL, NULL, NULL, 'enabled', 1, '1/1/2000', NULL, 0, '2014-08-02 11:28:42', 0, '2014-08-02 11:28:42'),
(741, 134, 'GYD', 'Guyana Dollar', 'Guyana', NULL, NULL, NULL, NULL, NULL, 'enabled', 1, '1/1/2000', NULL, 0, '2014-08-02 11:28:42', 0, '2014-08-02 11:28:42'),
(742, 134, 'HKD', 'Hong Kong Dollar', 'Hong Kong Special Administrative Region', NULL, NULL, NULL, NULL, NULL, 'enabled', 1, '1/1/2000', NULL, 0, '2014-08-02 11:28:42', 0, '2014-08-02 11:28:42'),
(743, 134, 'HNL', 'Lempira', 'Honduras', NULL, NULL, NULL, NULL, NULL, 'enabled', 1, '1/1/2000', NULL, 0, '2014-08-02 11:28:42', 0, '2014-08-02 11:28:42'),
(744, 134, 'HRK', 'Croatian Kuna', 'Croatia', NULL, NULL, NULL, NULL, NULL, 'enabled', 1, '1/1/2000', NULL, 0, '2014-08-02 11:28:42', 0, '2014-08-02 11:28:42'),
(745, 134, 'HTG', 'Haiti Gourde', 'Haiti', NULL, NULL, NULL, NULL, NULL, 'enabled', 1, '1/1/2000', NULL, 0, '2014-08-02 11:28:42', 0, '2014-08-02 11:28:42'),
(746, 134, 'HUF', 'Forint', 'Hungary', NULL, NULL, NULL, NULL, NULL, 'enabled', 1, '1/1/2000', NULL, 0, '2014-08-02 11:28:42', 0, '2014-08-02 11:28:42'),
(747, 134, 'IDR', 'Rupiah', 'Indonesia', NULL, NULL, NULL, NULL, NULL, 'enabled', 1, '1/1/2000', NULL, 0, '2014-08-02 11:28:42', 0, '2014-08-02 11:28:42'),
(748, 134, 'ILS', 'New Israeli Shekel', 'Israel', NULL, NULL, NULL, NULL, NULL, 'enabled', 1, '1/1/2000', NULL, 0, '2014-08-02 11:28:42', 0, '2014-08-02 11:28:42'),
(749, 134, 'IQD', 'Iraqi Dinar', 'Iraq', NULL, NULL, NULL, NULL, NULL, 'enabled', 1, '1/1/2000', NULL, 0, '2014-08-02 11:28:42', 0, '2014-08-02 11:28:42'),
(750, 134, 'IRR', 'Iranian Rial', 'Iran', NULL, NULL, NULL, NULL, NULL, 'enabled', 1, '1/1/2000', NULL, 0, '2014-08-02 11:28:42', 0, '2014-08-02 11:28:42'),
(751, 134, 'ISK', 'Iceland Krona', 'Iceland', NULL, NULL, NULL, NULL, NULL, 'enabled', 1, '1/1/2000', NULL, 0, '2014-08-02 11:28:42', 0, '2014-08-02 11:28:42'),
(752, 134, 'JMD', 'Jamaican Dollar', 'Jamaica', NULL, NULL, NULL, NULL, NULL, 'enabled', 1, '1/1/2000', NULL, 0, '2014-08-02 11:28:42', 0, '2014-08-02 11:28:42'),
(753, 134, 'JOD', 'Jordanian Dinar', 'Jordan', NULL, NULL, NULL, NULL, NULL, 'enabled', 1, '1/1/2000', NULL, 0, '2014-08-02 11:28:42', 0, '2014-08-02 11:28:42'),
(754, 134, 'JPY', 'Japanese yen', 'Japan', NULL, NULL, NULL, NULL, NULL, 'enabled', 1, '1/1/2000', NULL, 0, '2014-08-02 11:28:42', 0, '2014-08-02 11:28:42'),
(755, 134, 'KES', 'Kenyan Shilling', 'Kenya', NULL, NULL, NULL, NULL, NULL, 'enabled', 1, '1/1/2000', NULL, 0, '2014-08-02 11:28:42', 0, '2014-08-02 11:28:42'),
(756, 134, 'KGS', 'Som', 'Kyrgyzstan', NULL, NULL, NULL, NULL, NULL, 'enabled', 1, '1/1/2000', NULL, 0, '2014-08-02 11:28:42', 0, '2014-08-02 11:28:42'),
(757, 134, 'KHR', 'Riel', 'Cambodia', NULL, NULL, NULL, NULL, NULL, 'enabled', 1, '1/1/2000', NULL, 0, '2014-08-02 11:28:42', 0, '2014-08-02 11:28:42'),
(758, 134, 'KMF', 'Comoro Franc', 'Comoros', NULL, NULL, NULL, NULL, NULL, 'enabled', 1, '1/1/2000', NULL, 0, '2014-08-02 11:28:42', 0, '2014-08-02 11:28:42'),
(759, 134, 'KPW', 'North Korean Won', 'North Korea', NULL, NULL, NULL, NULL, NULL, 'enabled', 1, '1/1/2000', NULL, 0, '2014-08-02 11:28:42', 0, '2014-08-02 11:28:42'),
(760, 134, 'KRW', 'South Korean Won', 'South Korea', 0, 0, '', NULL, NULL, 'enabled', 0, '', '', 0, '2014-08-02 13:40:30', 0, '2002-08-14 13:40:30'),
(761, 134, 'KWD', 'Kuwaiti Dinar', 'Kuwait', NULL, NULL, NULL, NULL, NULL, 'enabled', 1, '1/1/2000', NULL, 0, '2014-08-02 11:28:42', 0, '2014-08-02 11:28:42'),
(762, 134, 'KYD', 'Cayman Dollar', 'Cayman Islands', 0, 0, '', NULL, NULL, 'enabled', 0, '', '', 0, '2014-08-02 13:40:31', 0, '2002-08-14 13:40:31'),
(763, 134, 'KZT', 'Tenge', 'Kazakhstan', NULL, NULL, NULL, NULL, NULL, 'enabled', 1, '1/1/2000', NULL, 0, '2014-08-02 11:28:42', 0, '2014-08-02 11:28:42'),
(764, 134, 'LAK', 'Kip', 'Laos', NULL, NULL, NULL, NULL, NULL, 'enabled', 1, '1/1/2000', NULL, 0, '2014-08-02 11:28:42', 0, '2014-08-02 11:28:42'),
(765, 134, 'LBP', 'Lebanese Pound', 'Lebanon', NULL, NULL, NULL, NULL, NULL, 'enabled', 1, '1/1/2000', NULL, 0, '2014-08-02 11:28:42', 0, '2014-08-02 11:28:42'),
(766, 134, 'LKR', 'Sri Lanka Rupee', 'Sri Lanka', NULL, NULL, NULL, NULL, NULL, 'enabled', 1, '1/1/2000', NULL, 0, '2014-08-02 11:28:42', 0, '2014-08-02 11:28:42'),
(767, 134, 'LRD', 'Liberian Dollar', 'Liberia', NULL, NULL, NULL, NULL, NULL, 'enabled', 1, '1/1/2000', NULL, 0, '2014-08-02 11:28:42', 0, '2014-08-02 11:28:42'),
(768, 134, 'LSL', 'Loti', 'Lesotho', NULL, NULL, NULL, NULL, NULL, 'enabled', 1, '1/1/2000', NULL, 0, '2014-08-02 11:28:42', 0, '2014-08-02 11:28:42'),
(769, 134, 'LTL', 'Lithuanian Litas', 'Lithuania', NULL, NULL, NULL, NULL, NULL, 'enabled', 1, '1/1/2000', NULL, 0, '2014-08-02 11:28:42', 0, '2014-08-02 11:28:42'),
(770, 134, 'LVL', 'Latvian Lats', 'Latvia', NULL, NULL, NULL, NULL, NULL, 'enabled', 1, '1/1/2000', NULL, 0, '2014-08-02 11:28:42', 0, '2014-08-02 11:28:42'),
(771, 134, 'LYD', 'Libyan Dinar', 'Libya', NULL, NULL, NULL, NULL, NULL, 'enabled', 1, '1/1/2000', NULL, 0, '2014-08-02 11:28:42', 0, '2014-08-02 11:28:42'),
(772, 134, 'MAD', 'Moroccan Dirham', 'Morocco, Western Sahara', NULL, NULL, NULL, NULL, NULL, 'enabled', 1, '1/1/2000', NULL, 0, '2014-08-02 11:28:42', 0, '2014-08-02 11:28:42'),
(773, 134, 'MDL', 'Moldovan Leu', 'Moldova', NULL, NULL, NULL, NULL, NULL, 'enabled', 1, '1/1/2000', NULL, 0, '2014-08-02 11:28:42', 0, '2014-08-02 11:28:42'),
(774, 134, 'MGA', 'Malagasy Ariary', 'Madagascar', NULL, NULL, NULL, NULL, NULL, 'enabled', 1, '1/1/2000', NULL, 0, '2014-08-02 11:28:42', 0, '2014-08-02 11:28:42'),
(775, 134, 'MKD', 'Denar', 'Former Yugoslav Republic of Macedonia', NULL, NULL, NULL, NULL, NULL, 'enabled', 1, '1/1/2000', NULL, 0, '2014-08-02 11:28:42', 0, '2014-08-02 11:28:42'),
(776, 134, 'MMK', 'Kyat', 'Myanmar', NULL, NULL, NULL, NULL, NULL, 'enabled', 1, '1/1/2000', NULL, 0, '2014-08-02 11:28:42', 0, '2014-08-02 11:28:42'),
(777, 134, 'MNT', 'Tugrik', 'Mongolia', NULL, NULL, NULL, NULL, NULL, 'enabled', 1, '1/1/2000', NULL, 0, '2014-08-02 11:28:42', 0, '2014-08-02 11:28:42'),
(778, 134, 'MOP', 'Pataca', 'Macau Special Administrative Region', NULL, NULL, NULL, NULL, NULL, 'enabled', 1, '1/1/2000', NULL, 0, '2014-08-02 11:28:42', 0, '2014-08-02 11:28:42'),
(779, 134, 'MRO', 'Ouguiya', 'Mauritania', NULL, NULL, NULL, NULL, NULL, 'enabled', 1, '1/1/2000', NULL, 0, '2014-08-02 11:28:42', 0, '2014-08-02 11:28:42'),
(780, 134, 'MTL', 'Maltese Lira', 'Malta', NULL, NULL, NULL, NULL, NULL, 'enabled', 1, '1/1/2000', NULL, 0, '2014-08-02 11:28:42', 0, '2014-08-02 11:28:42'),
(781, 134, 'MUR', 'Mauritius Rupee', 'Mauritius', NULL, NULL, NULL, NULL, NULL, 'enabled', 1, '1/1/2000', NULL, 0, '2014-08-02 11:28:42', 0, '2014-08-02 11:28:42'),
(782, 134, 'MVR', 'Rufiyaa', 'Maldives', NULL, NULL, NULL, NULL, NULL, 'enabled', 1, '1/1/2000', NULL, 0, '2014-08-02 11:28:42', 0, '2014-08-02 11:28:42'),
(783, 134, 'MWK', 'Kwacha', 'Malawi', NULL, NULL, NULL, NULL, NULL, 'enabled', 1, '1/1/2000', NULL, 0, '2014-08-02 11:28:42', 0, '2014-08-02 11:28:42'),
(784, 134, 'MXN', 'Mexican Peso', 'Mexico', NULL, NULL, NULL, NULL, NULL, 'enabled', 1, '1/1/2000', NULL, 0, '2014-08-02 11:28:42', 0, '2014-08-02 11:28:42'),
(785, 134, 'MXV', 'UDI - Mexico', 'Mexico', 0, 0, '', NULL, NULL, 'enabled', 0, '', '', 0, '2014-08-02 13:40:31', 0, '2002-08-14 13:40:31'),
(786, 134, 'MYR', 'Malaysian Ringgit', 'Malaysia', NULL, NULL, NULL, NULL, NULL, 'enabled', 1, '1/1/2000', NULL, 0, '2014-08-02 11:28:42', 0, '2014-08-02 11:28:42'),
(787, 134, 'MZN', 'Metical', 'Mozambique', NULL, NULL, NULL, NULL, NULL, 'enabled', 1, '1/1/2000', NULL, 0, '2014-08-02 11:28:42', 0, '2014-08-02 11:28:42'),
(788, 134, 'NAD', 'Namibian Dollar', 'Namibia', NULL, NULL, NULL, NULL, NULL, 'enabled', 1, '1/1/2000', NULL, 0, '2014-08-02 11:28:42', 0, '2014-08-02 11:28:42'),
(789, 134, 'NGN', 'Naira', 'Nigeria', NULL, NULL, NULL, NULL, NULL, 'enabled', 1, '1/1/2000', NULL, 0, '2014-08-02 11:28:42', 0, '2014-08-02 11:28:42'),
(790, 134, 'NIO', 'Cordoba Oro', 'Nicaragua', NULL, NULL, NULL, NULL, NULL, 'enabled', 1, '1/1/2000', NULL, 0, '2014-08-02 11:28:42', 0, '2014-08-02 11:28:42'),
(791, 134, 'NOK', 'Norwegian Krone', 'Norway', NULL, NULL, NULL, NULL, NULL, 'enabled', 1, '1/1/2000', NULL, 0, '2014-08-02 11:28:42', 0, '2014-08-02 11:28:42'),
(792, 134, 'NPR', 'Nepalese Rupee', 'Nepal', NULL, NULL, NULL, NULL, NULL, 'enabled', 1, '1/1/2000', NULL, 0, '2014-08-02 11:28:42', 0, '2014-08-02 11:28:42'),
(793, 134, 'NZD', 'NZD', 'Cook Islands, New Zealand, Niue, Pitcairn, Tokelau', 0, 0, '', NULL, NULL, 'enabled', 0, '', '', 0, '2014-08-02 13:40:31', 0, '2002-08-14 13:40:31'),
(794, 134, 'OMR', 'Rial Omani', 'Oman', NULL, NULL, NULL, NULL, NULL, 'enabled', 1, '1/1/2000', NULL, 0, '2014-08-02 11:28:42', 0, '2014-08-02 11:28:42'),
(795, 134, 'PAB', 'Balboa', 'Panama', NULL, NULL, NULL, NULL, NULL, 'enabled', 1, '1/1/2000', NULL, 0, '2014-08-02 11:28:42', 0, '2014-08-02 11:28:42'),
(796, 134, 'PEN', 'Nuevo Sol', 'Peru', NULL, NULL, NULL, NULL, NULL, 'enabled', 1, '1/1/2000', NULL, 0, '2014-08-02 11:28:42', 0, '2014-08-02 11:28:42'),
(797, 134, 'PGK', 'Kina', 'Papua New Guinea', NULL, NULL, NULL, NULL, NULL, 'enabled', 1, '1/1/2000', NULL, 0, '2014-08-02 11:28:42', 0, '2014-08-02 11:28:42'),
(798, 134, 'PHP', 'Philippine Peso', 'Philippines', NULL, NULL, NULL, NULL, NULL, 'enabled', 1, '1/1/2000', NULL, 0, '2014-08-02 11:28:42', 0, '2014-08-02 11:28:42'),
(799, 134, 'PKR', 'Pakistan Rupee', 'Pakistan', NULL, NULL, NULL, NULL, NULL, 'enabled', 1, '1/1/2000', NULL, 0, '2014-08-02 11:28:42', 0, '2014-08-02 11:28:42'),
(800, 134, 'PLN', 'Zloty', 'Poland', NULL, NULL, NULL, NULL, NULL, 'enabled', 1, '1/1/2000', NULL, 0, '2014-08-02 11:28:42', 0, '2014-08-02 11:28:42'),
(801, 134, 'PYG', 'Guarani', 'Paraguay', NULL, NULL, NULL, NULL, NULL, 'enabled', 1, '1/1/2000', NULL, 0, '2014-08-02 11:28:42', 0, '2014-08-02 11:28:42');
INSERT INTO `option_line` (`option_line_id`, `option_header_id`, `option_line_code`, `option_line_value`, `description`, `value_group_id`, `priority`, `status`, `mapper1`, `mapper2`, `rev_enabled`, `rev_number`, `effective_start_date`, `effective_end_date`, `created_by`, `creation_date`, `last_update_by`, `last_update_date`) VALUES
(802, 134, 'QAR', 'Qatari Rial', 'Qatar', NULL, NULL, NULL, NULL, NULL, 'enabled', 1, '1/1/2000', NULL, 0, '2014-08-02 11:28:42', 0, '2014-08-02 11:28:42'),
(803, 134, 'RON', 'New Leu', 'Romania', 0, 0, '', NULL, NULL, 'enabled', 0, '', '', 0, '2014-08-02 13:40:31', 0, '2002-08-14 13:40:31'),
(804, 134, 'RSD', 'Serbian Dinar', 'Serbia', NULL, NULL, NULL, NULL, NULL, 'enabled', 1, '1/1/2000', NULL, 0, '2014-08-02 11:28:42', 0, '2014-08-02 11:28:42'),
(805, 134, 'RUB', 'Russian Ruble', 'Russia, Abkhazia, South Ossetia', NULL, NULL, NULL, NULL, NULL, 'enabled', 1, '1/1/2000', NULL, 0, '2014-08-02 11:28:42', 0, '2014-08-02 11:28:42'),
(806, 134, 'RWF', 'Rwanda Franc', 'Rwanda', NULL, NULL, NULL, NULL, NULL, 'enabled', 1, '1/1/2000', NULL, 0, '2014-08-02 11:28:42', 0, '2014-08-02 11:28:42'),
(807, 134, 'SAR', 'Saudi Riyal', 'Saudi Arabia', NULL, NULL, NULL, NULL, NULL, 'enabled', 1, '1/1/2000', NULL, 0, '2014-08-02 11:28:42', 0, '2014-08-02 11:28:42'),
(808, 134, 'SBD', 'Solomon Dollar', 'Solomon Islands', 0, 0, '', NULL, NULL, 'enabled', 0, '', '', 0, '2014-08-02 13:40:32', 0, '2002-08-14 13:40:32'),
(809, 134, 'SCR', 'Seychelles Rupee', 'Seychelles', NULL, NULL, NULL, NULL, NULL, 'enabled', 1, '1/1/2000', NULL, 0, '2014-08-02 11:28:42', 0, '2014-08-02 11:28:42'),
(810, 134, 'SDG', 'Sudanese Pound', 'Sudan', NULL, NULL, NULL, NULL, NULL, 'enabled', 1, '1/1/2000', NULL, 0, '2014-08-02 11:28:42', 0, '2014-08-02 11:28:42'),
(811, 134, 'SEK', 'Swedish Krona', 'Sweden', NULL, NULL, NULL, NULL, NULL, 'enabled', 1, '1/1/2000', NULL, 0, '2014-08-02 11:28:42', 0, '2014-08-02 11:28:42'),
(812, 134, 'SHP', 'SHP', 'Saint Helena', 0, 0, '', NULL, NULL, 'enabled', 0, '', '', 0, '2014-08-02 13:40:32', 0, '2002-08-14 13:40:32'),
(813, 134, 'SKK', 'Slovak Koruna', 'Slovakia', NULL, NULL, NULL, NULL, NULL, 'enabled', 1, '1/1/2000', NULL, 0, '2014-08-02 11:28:42', 0, '2014-08-02 11:28:42'),
(814, 134, 'SLL', 'Leone', 'Sierra Leone', NULL, NULL, NULL, NULL, NULL, 'enabled', 1, '1/1/2000', NULL, 0, '2014-08-02 11:28:42', 0, '2014-08-02 11:28:42'),
(815, 134, 'SOS', 'Somali Shilling', 'Somalia', NULL, NULL, NULL, NULL, NULL, 'enabled', 1, '1/1/2000', NULL, 0, '2014-08-02 11:28:42', 0, '2014-08-02 11:28:42'),
(816, 134, 'SRD', 'Surinam Dollar', 'Suriname', NULL, NULL, NULL, NULL, NULL, 'enabled', 1, '1/1/2000', NULL, 0, '2014-08-02 11:28:42', 0, '2014-08-02 11:28:42'),
(817, 134, 'STD', 'Dobra', 'S?o Tom? and Pr?ncipe', NULL, NULL, NULL, NULL, NULL, 'enabled', 1, '1/1/2000', NULL, 0, '2014-08-02 11:28:42', 0, '2014-08-02 11:28:42'),
(818, 134, 'SYP', 'Syrian Pound', 'Syria', NULL, NULL, NULL, NULL, NULL, 'enabled', 1, '1/1/2000', NULL, 0, '2014-08-02 11:28:42', 0, '2014-08-02 11:28:42'),
(819, 134, 'SZL', 'Lilangeni', 'Swaziland', NULL, NULL, NULL, NULL, NULL, 'enabled', 1, '1/1/2000', NULL, 0, '2014-08-02 11:28:42', 0, '2014-08-02 11:28:42'),
(820, 134, 'THB', 'Baht', 'Thailand', NULL, NULL, NULL, NULL, NULL, 'enabled', 1, '1/1/2000', NULL, 0, '2014-08-02 11:28:42', 0, '2014-08-02 11:28:42'),
(821, 134, 'TJS', 'Somoni', 'Tajikistan', NULL, NULL, NULL, NULL, NULL, 'enabled', 1, '1/1/2000', NULL, 0, '2014-08-02 11:28:42', 0, '2014-08-02 11:28:42'),
(822, 134, 'TMM', 'Manat', 'Turkmenistan', NULL, NULL, NULL, NULL, NULL, 'enabled', 1, '1/1/2000', NULL, 0, '2014-08-02 11:28:42', 0, '2014-08-02 11:28:42'),
(823, 134, 'TND', 'Tunisian Dinar', 'Tunisia', NULL, NULL, NULL, NULL, NULL, 'enabled', 1, '1/1/2000', NULL, 0, '2014-08-02 11:28:42', 0, '2014-08-02 11:28:42'),
(824, 134, 'TOP', 'Pa\'anga', 'Tonga', NULL, NULL, NULL, NULL, NULL, 'enabled', 1, '1/1/2000', NULL, 0, '2014-08-02 11:28:42', 0, '2014-08-02 11:28:42'),
(825, 134, 'TRY', 'New Turkish Lira', 'Turkey', NULL, NULL, NULL, NULL, NULL, 'enabled', 1, '1/1/2000', NULL, 0, '2014-08-02 11:28:42', 0, '2014-08-02 11:28:42'),
(826, 134, 'TTD', 'T & T Dollar', 'Trinidad and Tobago', 0, 0, '', NULL, NULL, 'enabled', 0, '', '', 0, '2014-08-02 13:40:32', 0, '2002-08-14 13:40:32'),
(827, 134, 'TWD', 'New Taiwan Dollar', 'Taiwan and other islands that are under the effective control of the Republic of China (ROC)', NULL, NULL, NULL, NULL, NULL, 'enabled', 1, '1/1/2000', NULL, 0, '2014-08-02 11:28:42', 0, '2014-08-02 11:28:42'),
(828, 134, 'TZS', 'Tanzanian Shilling', 'Tanzania', NULL, NULL, NULL, NULL, NULL, 'enabled', 1, '1/1/2000', NULL, 0, '2014-08-02 11:28:42', 0, '2014-08-02 11:28:42'),
(829, 134, 'UAH', 'Hryvnia', 'Ukraine', NULL, NULL, NULL, NULL, NULL, 'enabled', 1, '1/1/2000', NULL, 0, '2014-08-02 11:28:42', 0, '2014-08-02 11:28:42'),
(830, 134, 'UGX', 'Uganda Shilling', 'Uganda', NULL, NULL, NULL, NULL, NULL, 'enabled', 1, '1/1/2000', NULL, 0, '2014-08-02 11:28:42', 0, '2014-08-02 11:28:42'),
(831, 134, 'UYU', 'Peso Uruguayo', 'Uruguay', NULL, NULL, NULL, NULL, NULL, 'enabled', 1, '1/1/2000', NULL, 0, '2014-08-02 11:28:42', 0, '2014-08-02 11:28:42'),
(832, 134, 'UZS', 'Uzbekistan Som', 'Uzbekistan', NULL, NULL, NULL, NULL, NULL, 'enabled', 1, '1/1/2000', NULL, 0, '2014-08-02 11:28:42', 0, '2014-08-02 11:28:42'),
(833, 134, 'VEB', 'Venezuelan bolvar', 'Venezuela', 0, 0, '', NULL, NULL, 'enabled', 0, '', '', 0, '2014-08-02 13:31:44', 0, '2002-08-14 13:31:44'),
(834, 134, 'VND', 'Vietnamese ng', 'Vietnam', 0, 0, '', NULL, NULL, 'enabled', 0, '', '', 0, '2014-08-02 13:31:45', 0, '2002-08-14 13:31:45'),
(835, 134, 'VUV', 'Vatu', 'Vanuatu', NULL, NULL, NULL, NULL, NULL, 'enabled', 1, '1/1/2000', NULL, 0, '2014-08-02 11:28:42', 0, '2014-08-02 11:28:42'),
(836, 134, 'WST', 'Samoan Tala', 'Samoa', NULL, NULL, NULL, NULL, NULL, 'enabled', 1, '1/1/2000', NULL, 0, '2014-08-02 11:28:42', 0, '2014-08-02 11:28:42'),
(837, 134, 'XAF', 'CFA Franc BEAC', 'Cameroon, Central African Republic, Congo, Chad, Equatorial Guinea, Gabon', NULL, NULL, NULL, NULL, NULL, 'enabled', 1, '1/1/2000', NULL, 0, '2014-08-02 11:28:42', 0, '2014-08-02 11:28:42'),
(838, 134, 'XAG', 'Silver', 'one Troy ounce', NULL, NULL, NULL, NULL, NULL, 'enabled', 1, '1/1/2000', NULL, 0, '2014-08-02 11:28:42', 0, '2014-08-02 11:28:42'),
(839, 134, 'XAU', 'Gold ', 'one Troy ounce', NULL, NULL, NULL, NULL, NULL, 'enabled', 1, '1/1/2000', NULL, 0, '2014-08-02 11:28:42', 0, '2014-08-02 11:28:42'),
(840, 134, 'XBA', 'XBA', '(EURCO) (Bonds market unit)', 0, 0, '', NULL, NULL, 'enabled', 0, '', '', 0, '2014-08-02 13:40:32', 0, '2002-08-14 13:40:32'),
(841, 134, 'XBB', 'XBB', '(E.M.U.-6) (Bonds market unit)', 0, 0, '', NULL, NULL, 'enabled', 0, '', '', 0, '2014-08-02 13:40:32', 0, '2002-08-14 13:40:32'),
(842, 134, 'XBC', 'EU Account 9', ' (E.U.A.-9) (Bonds market unit)', 0, 0, '', NULL, NULL, 'enabled', 0, '', '', 0, '2014-08-02 13:40:33', 0, '2002-08-14 13:40:33'),
(843, 134, 'XBD', 'EU Account 17 ', '(E.U.A.-17) (Bonds market unit)', 0, 0, '', NULL, NULL, 'enabled', 0, '', '', 0, '2014-08-02 13:40:33', 0, '2002-08-14 13:40:33'),
(844, 134, 'XCD', 'XCD', 'Anguilla, Antigua and Barbuda, Dominica, Grenada, Montserrat, Saint Kitts and Nevis, Saint Lucia, Saint Vincent and the Grenadines', 0, 0, '', NULL, NULL, 'enabled', 0, '', '', 0, '2014-08-02 13:40:33', 0, '2002-08-14 13:40:33'),
(845, 134, 'XDR', 'XDR', 'International Monetary Fund', 0, 0, '', NULL, NULL, 'enabled', 0, '', '', 0, '2014-08-02 13:40:33', 0, '2002-08-14 13:40:33'),
(846, 134, 'XFO', 'Gold franc ', 'Bank for International Settlements', NULL, NULL, NULL, NULL, NULL, 'enabled', 1, '1/1/2000', NULL, 0, '2014-08-02 11:28:42', 0, '2014-08-02 11:28:42'),
(847, 134, 'XFU', 'UIC franc ', 'International Union of Railways', NULL, NULL, NULL, NULL, NULL, 'enabled', 1, '1/1/2000', NULL, 0, '2014-08-02 11:28:42', 0, '2014-08-02 11:28:42'),
(848, 134, 'XOF', 'XOF', 'Benin, Burkina Faso, C?te d\'Ivoire, Guinea-Bissau, Mali, Niger, Senegal, Togo', 0, 0, '', NULL, NULL, 'enabled', 0, '', '', 0, '2014-08-02 13:40:34', 0, '2002-08-14 13:40:34'),
(849, 134, 'XPT', 'Platinum', ' (one Troy ounce)', NULL, NULL, NULL, NULL, NULL, 'enabled', 1, '1/1/2000', NULL, 0, '2014-08-02 11:28:42', 0, '2014-08-02 11:28:42'),
(850, 134, 'XTS', 'Code ', 'reserved for testing purposes', NULL, NULL, NULL, NULL, NULL, 'enabled', 1, '1/1/2000', NULL, 0, '2014-08-02 11:28:42', 0, '2014-08-02 11:28:42'),
(851, 134, 'YER', 'Yemeni Rial', 'Yemen', NULL, NULL, NULL, NULL, NULL, 'enabled', 1, '1/1/2000', NULL, 0, '2014-08-02 11:28:42', 0, '2014-08-02 11:28:42'),
(852, 134, 'ZAR', 'South African Rand', 'South Africa', 0, 0, '', NULL, NULL, 'enabled', 0, '', '', 0, '2014-08-02 13:40:34', 0, '2002-08-14 13:40:34'),
(853, 134, 'ZMK', 'Kwacha', 'Zambia', NULL, NULL, NULL, NULL, NULL, 'enabled', 1, '1/1/2000', NULL, 0, '2014-08-02 11:28:42', 0, '2014-08-02 11:28:42'),
(854, 134, 'ZWD', 'Zimbabwe Dollar', 'Zimbabwe', NULL, NULL, NULL, NULL, NULL, 'enabled', 1, '1/1/2000', NULL, 0, '2014-08-02 11:28:42', 0, '2014-08-02 11:28:42'),
(855, 188, 'CORP', 'Corporate', 'Corporate', NULL, NULL, NULL, NULL, NULL, 'enabled', NULL, NULL, NULL, 0, '2014-08-02 12:29:30', 0, '2014-08-02 12:29:30'),
(856, 188, 'USER', 'User', 'User Rate', NULL, NULL, NULL, NULL, NULL, 'enabled', NULL, NULL, NULL, 0, '2014-08-02 12:29:30', 0, '2014-08-02 12:29:30'),
(857, 188, 'AVERAGE', 'Average', 'Average', NULL, NULL, NULL, NULL, NULL, 'enabled', NULL, NULL, NULL, 0, '2014-08-02 12:29:31', 0, '2014-08-02 12:29:31'),
(858, 188, 'REPORTING', 'Reporting', 'Reporting', NULL, NULL, NULL, NULL, NULL, 'enabled', NULL, NULL, NULL, 0, '2014-08-02 12:29:31', 0, '2014-08-02 12:29:31'),
(859, 182, 'hr', 'Human Resource', '300. HR', NULL, NULL, NULL, NULL, NULL, NULL, NULL, NULL, NULL, 0, '2014-08-07 09:55:00', 0, '2014-08-07 09:55:00'),
(860, 189, 'MARRIED', 'Married', 'Married', NULL, NULL, NULL, NULL, NULL, NULL, NULL, NULL, NULL, 0, '2014-08-07 10:45:34', 0, '2014-08-07 10:45:34'),
(861, 189, 'SINGLE', 'Single', 'Single', NULL, NULL, NULL, NULL, NULL, NULL, NULL, NULL, NULL, 0, '2014-08-07 10:45:34', 0, '2014-08-07 10:45:34'),
(862, 189, 'SEPARATED', 'Separated', 'Separated', NULL, NULL, NULL, NULL, NULL, NULL, NULL, NULL, NULL, 0, '2014-08-07 10:45:34', 0, '2014-08-07 10:45:34'),
(863, 190, 'PART_TIME_REGULAR', 'Part Time Regular', 'Part Time Regular', NULL, NULL, NULL, NULL, NULL, 'enabled', NULL, NULL, NULL, 0, '2014-08-08 12:37:36', 0, '2014-08-08 12:37:36'),
(864, 190, 'FULL_TIME_REGULAR', 'Full Time Regular', 'Full Time Regular', NULL, NULL, NULL, NULL, NULL, 'enabled', NULL, NULL, NULL, 0, '2014-08-08 12:37:36', 0, '2014-08-08 12:37:36'),
(865, 190, 'FULL_TIME_INTERN', 'Full Time Intenr', 'Full Time Intenr', NULL, NULL, NULL, NULL, NULL, NULL, NULL, NULL, NULL, 0, '2014-08-08 12:37:36', 0, '2014-08-08 12:37:36'),
(866, 190, 'FULL_TIME_TEMP', 'Full Time Temporary', 'Full Time Temporary', NULL, NULL, NULL, NULL, NULL, 'enabled', NULL, NULL, NULL, 0, '2014-08-08 12:37:36', 0, '2014-08-08 12:37:36'),
(867, 190, 'PART_TIME_TEMP', 'Part Time Temporary', 'Part Time Temporary', NULL, NULL, NULL, NULL, NULL, NULL, NULL, NULL, NULL, 0, '2014-08-08 12:37:37', 0, '2014-08-08 12:37:37'),
(868, 190, 'PART_TIME_INTERN', 'Part Time Intenr', 'Part Time Intenr', NULL, NULL, NULL, NULL, NULL, NULL, NULL, NULL, NULL, 0, '2014-08-08 12:37:37', 0, '2014-08-08 12:37:37'),
(869, 191, 'IT', 'Information Technology', 'Information Technology', NULL, NULL, NULL, NULL, NULL, 'enabled', NULL, NULL, NULL, 0, '2014-08-08 12:44:32', 0, '2014-08-08 12:44:32'),
(870, 191, 'HR', 'Human Resource', 'Human Resource', NULL, NULL, NULL, NULL, NULL, 'enabled', NULL, NULL, NULL, 0, '2014-08-08 12:44:32', 0, '2014-08-08 12:44:32'),
(871, 191, 'OPR', 'Operation', 'Operation', NULL, NULL, NULL, NULL, NULL, NULL, NULL, NULL, NULL, 0, '2014-08-08 12:44:32', 0, '2014-08-08 12:44:32'),
(872, 191, 'PMO', 'Program Management', 'Program Management', NULL, NULL, NULL, NULL, NULL, 'enabled', NULL, NULL, NULL, 0, '2014-08-08 12:44:33', 0, '2014-08-08 12:44:33'),
(873, 191, 'PUR', 'Purchasing', 'Purchasing', NULL, NULL, NULL, NULL, NULL, NULL, NULL, NULL, NULL, 0, '2014-08-08 12:44:33', 0, '2014-08-08 12:44:33'),
(874, 191, 'PLAN', 'Planning', 'Planning', NULL, NULL, NULL, NULL, NULL, NULL, NULL, NULL, NULL, 0, '2014-08-08 12:44:33', 0, '2014-08-08 12:44:33'),
(875, 191, 'ENGG', 'Engineering', 'Engineering', NULL, NULL, NULL, NULL, NULL, NULL, NULL, NULL, NULL, 0, '2014-08-08 12:44:33', 0, '2014-08-08 12:44:33'),
(876, 191, 'RND', 'Research & Development', 'Research & Development', NULL, NULL, NULL, NULL, NULL, NULL, NULL, NULL, NULL, 0, '2014-08-08 12:44:33', 0, '2014-08-08 12:44:33'),
(877, 191, 'INV', 'Inventory', 'Inventory', NULL, NULL, NULL, NULL, NULL, NULL, NULL, NULL, NULL, 0, '2014-08-08 12:44:34', 0, '2014-08-08 12:44:34'),
(878, 192, 'EARNINGS', 'Earnings', 'Earnings', NULL, NULL, NULL, NULL, NULL, 'enabled', NULL, NULL, NULL, 0, '2014-08-11 12:39:21', 0, '2011-08-14 12:39:21'),
(879, 192, 'DEDUCTIONS', 'Deductions', 'Deductions', NULL, NULL, NULL, NULL, NULL, 'enabled', NULL, NULL, NULL, 0, '2014-08-11 12:39:21', 0, '2011-08-14 12:39:21'),
(880, 193, 'VOL_DEDUCTION', 'Voluntary Deductions', 'Voluntary Deductions', NULL, NULL, NULL, NULL, NULL, 'enabled', NULL, NULL, NULL, 0, '2014-08-11 12:50:31', 0, '2014-08-11 12:50:31'),
(881, 193, 'INVOL_DEDUCTION', 'Involuntary Deductions', 'Involuntary Deductions', NULL, NULL, NULL, NULL, NULL, 'enabled', NULL, NULL, NULL, 0, '2014-08-11 12:50:31', 0, '2014-08-11 12:50:31'),
(882, 193, 'PRE_TAX_DEDUCTION', 'Pre Tax Deductions', 'Pre Tax Deductions', NULL, NULL, NULL, NULL, NULL, NULL, NULL, NULL, NULL, 0, '2014-08-11 12:50:31', 0, '2014-08-11 12:50:31'),
(883, 193, 'NON_TAX_EARNING', 'Non Taxable Earnings', 'Non Taxable Earnings', NULL, NULL, NULL, NULL, NULL, 'enabled', NULL, NULL, NULL, 0, '2014-08-11 16:35:48', 0, '2011-08-14 16:35:48'),
(884, 193, 'EARNINGS', 'Earnings', 'Earnings', NULL, NULL, NULL, NULL, NULL, NULL, NULL, NULL, NULL, 0, '2014-08-11 12:50:32', 0, '2014-08-11 12:50:32'),
(885, 194, 'E_REGULAR', 'Regual Earnings', 'Regual Earnings', NULL, NULL, NULL, NULL, NULL, 'enabled', NULL, NULL, NULL, 0, '2014-08-11 13:10:18', 0, '2014-08-11 13:10:18'),
(886, 194, 'E_PENSION', 'Pension Earnings', 'Penson Earnings', NULL, NULL, NULL, NULL, NULL, 'enabled', NULL, NULL, NULL, 0, '2014-08-11 13:10:18', 0, '2014-08-11 13:10:18'),
(887, 194, 'D_TAX', 'Tax Deduction', 'Tax Deduction', NULL, NULL, NULL, NULL, NULL, 'enabled', NULL, NULL, NULL, 0, '2014-08-11 13:10:19', 0, '2014-08-11 13:10:19'),
(888, 194, 'E_ALLOWANCE', 'Allowance', 'Allowance', NULL, NULL, NULL, NULL, NULL, 'enabled', NULL, NULL, NULL, 0, '2014-08-11 16:14:57', 0, '2011-08-14 16:14:57'),
(889, 194, 'E_OVERTIME', 'Overtime Earnings', 'Overtime Earnings', NULL, NULL, NULL, NULL, NULL, 'enabled', NULL, NULL, NULL, 0, '2014-08-11 13:10:19', 0, '2014-08-11 13:10:19'),
(890, 194, 'D_LOAN', 'Loan Deduction', 'Loan Deduction', NULL, NULL, NULL, NULL, NULL, NULL, NULL, NULL, NULL, 0, '2014-08-11 13:10:19', 0, '2014-08-11 13:10:19'),
(891, 194, 'E_BASIC', 'Basic Salary', 'Basic Salary', NULL, NULL, NULL, NULL, NULL, NULL, NULL, NULL, NULL, 0, '2014-08-11 16:25:40', 0, '2014-08-11 16:25:40'),
(892, 195, 'OTHER', 'Other', 'Voluntary Deductions', NULL, NULL, NULL, NULL, NULL, 'enabled', NULL, NULL, NULL, 0, '2014-08-13 04:54:20', 0, '2014-08-13 04:54:20'),
(893, 195, 'PART_TIME_DISTANCE', 'Part Time - Distance', 'Part Time - Distance', NULL, NULL, NULL, NULL, NULL, 'enabled', NULL, NULL, NULL, 0, '2014-08-13 04:54:21', 0, '2014-08-13 04:54:21'),
(894, 195, 'PART_TIME_REGULAR', 'Part Time - Regular', 'Part Time - Regular', NULL, NULL, NULL, NULL, NULL, 'enabled', NULL, NULL, NULL, 0, '2014-08-13 04:54:21', 0, '2014-08-13 04:54:21'),
(895, 195, 'FULL_TIME_DISTANCE', 'Full Time - Distance', 'Full Time - Distance', NULL, NULL, NULL, NULL, NULL, 'enabled', NULL, NULL, NULL, 0, '2014-08-13 04:54:21', 0, '2014-08-13 04:54:21'),
(896, 195, 'FULL_TIME_REGULAR', 'Full Time - Regular', 'Full Time - Regular', NULL, NULL, NULL, NULL, NULL, 'enabled', NULL, NULL, NULL, 0, '2014-08-13 04:54:21', 0, '2014-08-13 04:54:21'),
(897, 196, 'MALE', 'Male', 'Male', NULL, NULL, NULL, NULL, NULL, 'enabled', NULL, NULL, NULL, 0, '2014-08-13 05:45:34', 0, '2014-08-13 05:45:34'),
(898, 196, 'UNKNOWN', 'Unknown', 'Unknown', NULL, NULL, NULL, NULL, NULL, 'enabled', NULL, NULL, NULL, 0, '2014-08-13 05:45:34', 0, '2014-08-13 05:45:34'),
(899, 196, 'FEMALE', 'Female', 'Female', NULL, NULL, NULL, NULL, NULL, 'enabled', NULL, NULL, NULL, 0, '2014-08-13 05:45:34', 0, '2014-08-13 05:45:34'),
(900, 197, 'EMPLOYEE_EX', 'Ex-Employee', 'Ex-Employee', NULL, NULL, NULL, NULL, NULL, 'enabled', NULL, NULL, NULL, 0, '2014-08-13 06:01:41', 0, '2013-08-14 06:01:41'),
(901, 197, 'APPLICANT', 'Applicant', 'Applicant', NULL, NULL, NULL, NULL, NULL, 'enabled', NULL, NULL, NULL, 0, '2014-08-13 06:01:41', 0, '2013-08-14 06:01:41'),
(902, 197, 'APPLICANT_EX', 'Ex-Applicant', 'Ex-Applicant', NULL, NULL, NULL, NULL, NULL, 'enabled', NULL, NULL, NULL, 0, '2014-08-13 06:01:41', 0, '2013-08-14 06:01:41'),
(903, 197, 'EMPLOYEE', 'Employee', 'Employee', NULL, NULL, NULL, NULL, NULL, 'enabled', NULL, NULL, NULL, 0, '2014-08-13 06:01:42', 0, '2013-08-14 06:01:42'),
(904, 197, 'OTHERS', 'Others', 'Others', NULL, NULL, NULL, NULL, NULL, 'enabled', NULL, NULL, NULL, 0, '2014-08-13 06:01:42', 0, '2013-08-14 06:01:42'),
(905, 197, 'INTERN', 'Intern', 'Intern', NULL, NULL, NULL, NULL, NULL, 'enabled', NULL, NULL, NULL, 0, '2014-08-13 06:01:42', 0, '2013-08-14 06:01:42'),
(906, 197, 'EMPLOYEE_EX_APPLICANT', 'Employee-Ex-Applicant', 'Employee-Ex-Applicant', NULL, NULL, NULL, NULL, NULL, 'enabled', NULL, NULL, NULL, 0, '2014-08-13 06:01:42', 0, '2013-08-14 06:01:42'),
(907, 197, 'EMPLOYEE_EX_INTERN', 'Employee-Ex-Intern', 'Employee-Ex-Intern', NULL, NULL, NULL, NULL, NULL, NULL, NULL, NULL, NULL, 0, '2014-08-13 06:01:43', 0, '2014-08-13 06:01:43'),
(908, 198, 'ADHAR', 'Adhar', 'Adhar', NULL, NULL, NULL, NULL, NULL, NULL, NULL, NULL, NULL, 0, '2014-08-13 06:05:49', 0, '2014-08-13 06:05:49'),
(909, 198, 'FIN_NUMBER', 'FIN Number', 'FIN Number', NULL, NULL, NULL, NULL, NULL, 'enabled', NULL, NULL, NULL, 0, '2014-08-13 06:05:49', 0, '2014-08-13 06:05:49'),
(910, 198, 'PASSPORT', 'Passport', 'Passport', NULL, NULL, NULL, NULL, NULL, 'enabled', NULL, NULL, NULL, 0, '2014-08-13 06:05:50', 0, '2014-08-13 06:05:50'),
(911, 198, 'SSN', 'Social Security', 'Social Security', NULL, NULL, NULL, NULL, NULL, NULL, NULL, NULL, NULL, 0, '2014-08-13 06:05:50', 0, '2014-08-13 06:05:50'),
(912, 198, 'EMPLOYEE_NUMBER', 'Employee Number', 'Employee Number', NULL, NULL, NULL, NULL, NULL, 'enabled', NULL, NULL, NULL, 0, '2014-08-13 06:05:50', 0, '2014-08-13 06:05:50'),
(913, 199, 'WIRE', 'Wire', 'Wire', NULL, NULL, NULL, NULL, NULL, 'enabled', NULL, NULL, NULL, 0, '2014-08-15 11:13:12', 0, '2014-08-15 11:13:12'),
(914, 199, 'DIRECT', 'Direct Deposit', 'Direct Deposit', NULL, NULL, NULL, NULL, NULL, NULL, NULL, NULL, NULL, 0, '2014-08-15 11:13:12', 0, '2014-08-15 11:13:12'),
(915, 199, 'CHEQUE', 'Cheque', 'Cheque', NULL, NULL, NULL, NULL, NULL, 'enabled', NULL, NULL, NULL, 0, '2014-08-15 11:13:13', 0, '2014-08-15 11:13:13'),
(916, 199, 'EFT', 'EFT', 'EFT', NULL, NULL, NULL, NULL, NULL, NULL, NULL, NULL, NULL, 0, '2014-08-15 11:13:13', 0, '2014-08-15 11:13:13'),
(917, 199, 'CASH', 'Cash', 'Cash', NULL, NULL, NULL, NULL, NULL, 'enabled', NULL, NULL, NULL, 0, '2014-08-15 11:13:13', 0, '2014-08-15 11:13:13'),
(923, 200, 'WEEK', 'Week', 'Week', NULL, NULL, NULL, NULL, NULL, 'enabled', NULL, NULL, NULL, 0, '2014-08-15 11:55:47', 0, '2014-08-15 11:55:47'),
(924, 200, 'SEMI_MONTH', 'Semi-Month', 'Semi-Month', NULL, NULL, NULL, NULL, NULL, 'enabled', NULL, NULL, NULL, 0, '2014-08-15 11:55:47', 0, '2014-08-15 11:55:47'),
(925, 200, 'MONTH', 'Month', 'Month', NULL, NULL, NULL, NULL, NULL, 'enabled', NULL, NULL, NULL, 0, '2014-08-15 11:55:47', 0, '2014-08-15 11:55:47'),
(926, 200, 'ALERTNATE_MONTH', 'Alternate Month', 'Alternate Month', NULL, NULL, NULL, NULL, NULL, 'enabled', NULL, NULL, NULL, 0, '2014-08-15 11:55:48', 0, '2014-08-15 11:55:48'),
(927, 200, 'QUARTER', 'Quarter', 'Quarter', NULL, NULL, NULL, NULL, NULL, 'enabled', NULL, NULL, NULL, 0, '2014-08-15 11:55:48', 0, '2014-08-15 11:55:48'),
(928, 200, 'SEMI_YEAR', 'Semi Year', 'Semi Year', NULL, NULL, NULL, NULL, NULL, NULL, NULL, NULL, NULL, 0, '2014-08-15 11:55:48', 0, '2014-08-15 11:55:48'),
(929, 200, 'YEAR', 'Year', 'Year', NULL, NULL, NULL, NULL, NULL, NULL, NULL, NULL, NULL, 0, '2014-08-15 11:55:48', 0, '2014-08-15 11:55:48'),
(930, 201, 'UNPAID', 'Unpaid Leave', 'Unpaid Leave', NULL, NULL, NULL, NULL, NULL, 'enabled', NULL, NULL, NULL, 0, '2014-08-16 16:57:51', 0, '2014-08-16 16:57:51'),
(931, 201, 'MATERNITY', 'Maternity Leave', 'Maternity Leave', NULL, NULL, NULL, NULL, NULL, 'enabled', NULL, NULL, NULL, 0, '2014-08-16 16:57:51', 0, '2014-08-16 16:57:51'),
(932, 201, 'PATERNITY', 'Paternity Leave', 'Paternity Leave', NULL, NULL, NULL, NULL, NULL, NULL, NULL, NULL, NULL, 0, '2014-08-16 16:57:52', 0, '2014-08-16 16:57:52'),
(933, 201, 'PAID', 'Paid Leave', 'Paid Leave', NULL, NULL, NULL, NULL, NULL, 'enabled', NULL, NULL, NULL, 0, '2014-08-16 16:57:52', 0, '2014-08-16 16:57:52'),
(934, 201, 'PERSONAL', 'Personal Leave', 'Personal Leave', NULL, NULL, NULL, NULL, NULL, NULL, NULL, NULL, NULL, 0, '2014-08-16 16:57:52', 0, '2014-08-16 16:57:52'),
(935, 201, 'LEGAL', 'Legal Leave', 'Legal Leave', NULL, NULL, NULL, NULL, NULL, NULL, NULL, NULL, NULL, 0, '2014-08-16 16:57:53', 0, '2014-08-16 16:57:53'),
(936, 201, 'OTHERS', 'Others', 'Others', NULL, NULL, NULL, NULL, NULL, NULL, NULL, NULL, NULL, 0, '2014-08-16 16:57:53', 0, '2014-08-16 16:57:53'),
(937, 202, 'PUR_BLANKET_RELEASE', 'Blanket Release', 'Blanket Release', NULL, NULL, NULL, NULL, NULL, 'enabled', NULL, NULL, NULL, 0, '2014-08-19 05:30:05', 0, '2014-08-19 05:30:05'),
(938, 202, 'PUR_STANDRAD_PO', 'Standard PO', 'Standard PO', NULL, NULL, NULL, NULL, NULL, 'enabled', NULL, NULL, NULL, 0, '2014-08-26 11:04:16', 0, '2026-08-14 11:04:16'),
(939, 202, 'PUR_REQUISITION_INTERNAL', 'Internal Requisition', 'Internal Requisition', NULL, NULL, NULL, NULL, NULL, 'enabled', NULL, NULL, NULL, 0, '2014-08-19 05:30:05', 0, '2014-08-19 05:30:05'),
(940, 202, 'PUR_BLANKET_AGGREMENT', 'Blanket Agreement', 'Blanket Agreement', NULL, NULL, NULL, NULL, NULL, 'enabled', NULL, NULL, NULL, 0, '2014-08-26 11:04:17', 0, '2026-08-14 11:04:17'),
(941, 202, 'PUR_REQUISITION_EXTERN', 'External Requisition', 'External Requisition', NULL, NULL, NULL, NULL, NULL, 'enabled', NULL, NULL, NULL, 0, '2014-08-19 05:30:06', 0, '2014-08-19 05:30:06'),
(942, 202, 'AP_INVOICE', 'AP Invoice', 'AP Invoice', NULL, NULL, NULL, NULL, NULL, 'enabled', NULL, NULL, NULL, 0, '2014-08-19 05:30:06', 0, '2014-08-19 05:30:06'),
(943, 202, 'AP_PAYMENT', 'AP Payment', 'AP Payment', NULL, NULL, NULL, NULL, NULL, 'enabled', NULL, NULL, NULL, 0, '2014-08-19 05:30:06', 0, '2014-08-19 05:30:06'),
(944, 202, 'GL_JOURNAL', 'Journals', 'Journals', NULL, NULL, NULL, NULL, NULL, 'enabled', NULL, NULL, NULL, 0, '2014-08-19 05:30:07', 0, '2014-08-19 05:30:07'),
(945, 202, 'GL_BUDGET', 'GL Budget', 'GL Budget', NULL, NULL, NULL, NULL, NULL, 'enabled', NULL, NULL, NULL, 0, '2014-08-19 05:30:07', 0, '2014-08-19 05:30:07'),
(946, 202, 'WIP_WO', 'Work Order', 'Work Order', NULL, NULL, NULL, NULL, NULL, 'enabled', NULL, NULL, NULL, 0, '2014-08-19 05:30:07', 0, '2014-08-19 05:30:07'),
(947, 203, 'REQ_APPROVAL', 'Req Approval', 'Req Approval', NULL, NULL, NULL, NULL, NULL, 'enabled', NULL, NULL, NULL, 0, '2014-08-21 12:05:26', 0, '2014-08-21 12:05:26'),
(948, 203, 'JOURNAL_APPROVAL', 'Journal Approval', 'Journal Approval', NULL, NULL, NULL, NULL, NULL, 'enabled', NULL, NULL, NULL, 0, '2014-08-21 12:05:26', 0, '2014-08-21 12:05:26'),
(949, 203, 'PO_APPROVAL', 'PO Approval', 'PO Approval', NULL, NULL, NULL, NULL, NULL, 'enabled', NULL, NULL, NULL, 0, '2014-08-21 12:05:26', 0, '2014-08-21 12:05:26'),
(950, 203, 'LEAVE_APPLICATION', 'Leave Application', 'Leave Application', NULL, NULL, NULL, NULL, NULL, 'enabled', NULL, NULL, NULL, 0, '2014-08-21 12:05:27', 0, '2014-08-21 12:05:27'),
(951, 77, 'OTHER_ENTITY', 'Other Entity', 'Other Entity', NULL, NULL, NULL, NULL, NULL, NULL, NULL, NULL, NULL, 0, '2014-08-22 07:20:27', 0, '2014-08-22 07:20:27'),
(952, 131, 'BLANKET_RELEASE', 'Blanket Release', 'Blanket Release', NULL, NULL, NULL, NULL, NULL, NULL, NULL, NULL, NULL, 0, '2014-08-25 03:22:08', 0, '2014-08-25 03:22:08'),
(953, 202, 'PUR_CONTRACT_PO', 'Contract PO', 'Contract PO', NULL, NULL, NULL, NULL, NULL, NULL, NULL, NULL, NULL, 0, '2014-08-26 11:04:16', 0, '2014-08-26 11:04:16'),
(954, 204, 'PO_LINE_HOLD', 'PO Line Hold', 'PO Line Hold', NULL, NULL, NULL, NULL, NULL, 'enabled', NULL, NULL, NULL, 0, '2014-09-01 11:19:32', 0, '2014-09-01 11:19:32'),
(955, 204, 'SO_HEADER_HOLD', 'SO Header Hold', 'SO Header Hold', NULL, NULL, NULL, NULL, NULL, 'enabled', NULL, NULL, NULL, 0, '2014-09-01 11:19:32', 0, '2014-09-01 11:19:32'),
(956, 204, 'PO_HEADER_HOLD', 'PO Header Hold', 'PO Header Hold', NULL, NULL, NULL, NULL, NULL, 'enabled', NULL, NULL, NULL, 0, '2014-09-01 11:19:33', 0, '2014-09-01 11:19:33'),
(957, 204, 'SO_LINE_HOLD', 'SO Line Hold', 'SO Line Hold', NULL, NULL, NULL, NULL, NULL, 'enabled', NULL, NULL, NULL, 0, '2014-09-01 11:19:33', 0, '2014-09-01 11:19:33'),
(958, 119, 'CUSTOMER', 'Customer', 'Customer', NULL, NULL, NULL, NULL, NULL, NULL, NULL, NULL, NULL, 0, '2014-09-05 03:32:31', 0, '2014-09-05 03:32:31'),
(959, 119, 'SUPPLIER', 'Supplier', 'Supplier', NULL, NULL, NULL, NULL, NULL, NULL, NULL, NULL, NULL, 0, '2014-09-05 03:32:31', 0, '2014-09-05 03:32:31'),
(960, 161, 'ACCRUAL', 'Accrual', 'Accrual', NULL, NULL, NULL, NULL, NULL, NULL, NULL, NULL, NULL, 0, '2014-09-08 17:16:04', 0, '2014-09-08 17:16:04'),
(961, 205, 'DEFINED', 'Defined', 'Only defined but never used', NULL, NULL, NULL, NULL, NULL, 'enabled', NULL, NULL, NULL, 0, '2014-09-14 08:00:30', 0, '2014-09-14 08:00:30'),
(962, 205, 'INTRANSIT', 'Intransit', 'Intransit', NULL, NULL, NULL, NULL, NULL, NULL, NULL, NULL, NULL, 0, '2014-09-14 08:00:31', 0, '2014-09-14 08:00:31'),
(963, 205, 'OUT_STORE', 'Out Of Store', 'Out of Store', NULL, NULL, NULL, NULL, NULL, 'enabled', NULL, NULL, NULL, 0, '2014-09-14 08:00:31', 0, '2014-09-14 08:00:31'),
(964, 205, 'IN_STORE', 'In Store', 'In Store', NULL, NULL, NULL, NULL, NULL, 'enabled', NULL, NULL, NULL, 0, '2014-09-17 04:56:44', 0, '2017-09-14 04:56:44'),
(965, 205, 'IN_WIP', 'In WIP', 'In WIP', NULL, NULL, NULL, NULL, NULL, NULL, NULL, NULL, NULL, 0, '2014-09-17 04:56:44', 0, '2014-09-17 04:56:44'),
(966, 205, 'IN_RECEIVING', 'In Receiving', 'In Receiving', NULL, NULL, NULL, NULL, NULL, NULL, NULL, NULL, NULL, 0, '2014-09-17 04:56:44', 0, '2014-09-17 04:56:44'),
(967, 206, 'INT', 'Integer', 'Integer', NULL, NULL, NULL, NULL, NULL, NULL, NULL, NULL, NULL, 0, '2014-10-07 12:54:36', 0, '2014-10-07 12:54:36'),
(968, 206, 'DECIMAL', 'Float', 'Float', NULL, NULL, NULL, NULL, NULL, NULL, NULL, NULL, NULL, 0, '2014-10-07 12:54:36', 0, '2014-10-07 12:54:36'),
(969, 206, 'TEXT', 'Long Text', 'Long Text', NULL, NULL, NULL, NULL, NULL, NULL, NULL, NULL, NULL, 0, '2014-10-07 12:54:37', 0, '2014-10-07 12:54:37'),
(970, 206, 'BOOLEAN', 'Boolean', 'Boolean', NULL, NULL, NULL, NULL, NULL, NULL, NULL, NULL, NULL, 0, '2014-10-08 05:22:54', 0, '2008-10-14 05:22:54'),
(971, 206, 'VARCHAR', 'Characters', 'Characters', NULL, NULL, NULL, NULL, NULL, NULL, NULL, NULL, NULL, 0, '2014-10-07 12:54:37', 0, '2014-10-07 12:54:37'),
(972, 206, 'DATE', 'Date', 'Date', NULL, NULL, NULL, NULL, NULL, NULL, NULL, NULL, NULL, 0, '2014-10-07 12:54:37', 0, '2014-10-07 12:54:37'),
(973, 206, 'FILE', 'File', 'File', NULL, NULL, NULL, NULL, NULL, NULL, NULL, NULL, NULL, 0, '2014-10-07 12:54:38', 0, '2014-10-07 12:54:38'),
(974, 206, 'IMAGE', 'Image', 'Image', NULL, NULL, NULL, NULL, NULL, NULL, NULL, NULL, NULL, 0, '2014-10-07 12:54:38', 0, '2014-10-07 12:54:38'),
(975, 206, 'OPTION_LIST', 'Option List', 'Option List', NULL, NULL, NULL, NULL, NULL, NULL, NULL, NULL, NULL, 0, '2014-10-07 12:54:38', 0, '2014-10-07 12:54:38'),
(976, 206, 'LIST', 'List', 'List', NULL, NULL, NULL, NULL, NULL, NULL, NULL, NULL, NULL, 0, '2014-10-07 12:54:38', 0, '2014-10-07 12:54:38'),
(977, 206, 'MULTI_SELECT', 'Multi Select', 'Multi Select', NULL, NULL, NULL, NULL, NULL, NULL, NULL, NULL, NULL, 0, '2014-10-07 12:54:39', 0, '2014-10-07 12:54:39'),
(978, 206, 'DATETIME', 'Date & Time', 'Date & Time', NULL, NULL, NULL, NULL, NULL, NULL, NULL, NULL, NULL, 0, '2014-10-08 05:22:53', 0, '2014-10-08 05:22:53'),
(979, 207, 'EXTERNAL', 'External', 'External', NULL, NULL, NULL, NULL, NULL, NULL, NULL, NULL, NULL, 34, '2014-10-22 07:41:33', 34, '2014-10-22 07:41:33'),
(980, 207, 'INTERNAL', 'Internal', 'Internal', NULL, NULL, NULL, NULL, NULL, NULL, NULL, NULL, NULL, 34, '2014-10-22 07:41:34', 34, '2014-10-22 07:41:34'),
(981, 208, 'LIST', 'List', 'List', NULL, NULL, NULL, NULL, NULL, NULL, NULL, NULL, NULL, 1, '2014-10-24 13:29:30', 1, '2014-10-24 16:11:06'),
(982, 208, 'GRID', 'Grid', 'Grid', NULL, NULL, NULL, NULL, NULL, NULL, NULL, NULL, NULL, 1, '2014-10-24 13:29:30', 1, '2014-10-24 16:11:05'),
(983, 208, 'TABLE', 'Table', 'Table', NULL, NULL, NULL, NULL, NULL, NULL, NULL, NULL, NULL, 1, '2014-10-24 13:29:31', 1, '2014-10-24 16:11:06'),
(984, 208, 'PARAGRAPH', 'Paragraph', 'Paragraph', NULL, NULL, NULL, NULL, NULL, NULL, NULL, NULL, NULL, 1, '2014-10-24 13:29:31', 1, '2014-10-24 16:11:05'),
(985, 184, 'REPORT', 'Report', 'Report', NULL, NULL, NULL, NULL, NULL, NULL, NULL, NULL, NULL, 34, '2014-10-25 10:43:25', 34, '2014-10-25 10:43:25'),
(986, 209, 'ACCESS', 'Access', 'Access', NULL, NULL, NULL, NULL, NULL, NULL, NULL, NULL, NULL, 34, '2014-11-02 05:01:23', 34, '2014-11-02 05:01:23'),
(987, 209, 'SALES', 'Sales', 'Sales', NULL, NULL, NULL, NULL, NULL, NULL, NULL, NULL, NULL, 34, '2014-11-02 05:01:23', 34, '2014-11-02 05:01:23'),
(988, 209, 'PUR', 'Purchasing', 'Purchasing', NULL, NULL, NULL, NULL, NULL, NULL, NULL, NULL, NULL, 34, '2014-11-02 05:01:23', 34, '2014-11-02 05:01:23'),
(989, 209, 'FIN', 'Finance', 'Finance', NULL, NULL, NULL, NULL, NULL, NULL, NULL, NULL, NULL, 34, '2014-11-02 05:01:24', 34, '2014-11-02 05:01:24'),
(990, 209, 'INV', 'Inventory', 'Inventory', NULL, NULL, NULL, NULL, NULL, NULL, NULL, NULL, NULL, 34, '2014-11-02 05:01:24', 34, '2014-11-02 05:01:24'),
(991, 209, 'HR', 'HR', 'HR', NULL, NULL, NULL, NULL, NULL, NULL, NULL, NULL, NULL, 34, '2014-11-02 05:01:24', 34, '2014-11-02 05:01:24'),
(992, 210, 'CHEMICAL', 'Chemical', 'Chemical', NULL, NULL, NULL, NULL, NULL, NULL, NULL, NULL, NULL, 34, '2014-11-07 05:52:35', 34, '2014-11-07 05:52:35'),
(993, 210, 'MEDICAL', 'Medical', 'Medical', NULL, NULL, NULL, NULL, NULL, NULL, NULL, NULL, NULL, 34, '2014-11-07 05:52:36', 34, '2014-11-07 05:52:36'),
(994, 210, 'IT', 'IT', 'IT', NULL, NULL, NULL, NULL, NULL, NULL, NULL, NULL, NULL, 34, '2014-11-07 05:52:36', 34, '2014-11-07 05:52:36'),
(995, 210, 'LAB', 'Lab', 'Lab', NULL, NULL, NULL, NULL, NULL, NULL, NULL, NULL, NULL, 34, '2014-11-07 05:52:36', 34, '2014-11-07 05:52:36'),
(996, 210, 'DRUG', 'Drug', 'Drug', NULL, NULL, NULL, NULL, NULL, NULL, NULL, NULL, NULL, 34, '2014-11-07 05:52:37', 34, '2014-11-07 05:52:37'),
(997, 210, 'OFFICE', 'Office', 'Office', NULL, NULL, NULL, NULL, NULL, NULL, NULL, NULL, NULL, 34, '2014-11-07 05:52:37', 34, '2014-11-07 05:52:37'),
(998, 210, 'TRAVEL', 'Travel', 'Travel', NULL, NULL, NULL, NULL, NULL, NULL, NULL, NULL, NULL, 34, '2014-11-07 05:52:37', 34, '2014-11-07 05:52:37'),
(999, 210, 'METFAB', 'MetaFab', 'MetaFab', NULL, NULL, NULL, NULL, NULL, NULL, NULL, NULL, NULL, 34, '2014-11-07 05:52:38', 34, '2014-11-07 05:52:38'),
(1000, 210, 'DIODE', 'Diodes', 'Diodes', NULL, NULL, NULL, NULL, NULL, NULL, NULL, NULL, NULL, 34, '2014-11-07 05:52:38', 34, '2014-11-07 05:52:38'),
(1001, 210, 'CLUSTER', 'Cluster', 'Cluster', NULL, NULL, NULL, NULL, NULL, NULL, NULL, NULL, NULL, 34, '2014-11-07 05:52:38', 34, '2014-11-07 05:52:38'),
(1002, 182, 'cc', 'Change Control', '800. Change Control', NULL, NULL, NULL, NULL, NULL, NULL, NULL, NULL, NULL, 1, '2014-11-07 07:50:59', 1, '2014-11-07 07:50:59'),
(1003, 84, 'EXPENSE_RAW', 'Exepnse Raw', 'Exepnse Raw', NULL, NULL, NULL, NULL, NULL, NULL, NULL, NULL, NULL, 1, '2014-11-15 14:04:36', 34, '2015-02-09 08:04:12'),
(1004, 211, 'PRODUCTION', 'Production', 'Production', NULL, NULL, NULL, NULL, NULL, NULL, NULL, NULL, NULL, 34, '2014-12-01 06:55:11', 34, '2014-12-01 06:55:11'),
(1005, 211, 'SHIPPING', 'Shipping', 'Shipping', NULL, NULL, NULL, NULL, NULL, NULL, NULL, NULL, NULL, 34, '2014-12-01 06:55:12', 34, '2014-12-01 06:55:12'),
(1006, 211, 'RECEVING', 'Receving', 'Receving', NULL, NULL, NULL, NULL, NULL, NULL, NULL, NULL, NULL, 34, '2014-12-01 06:55:12', 34, '2014-12-01 06:55:12'),
(1007, 211, 'LOCATION', 'Location', 'Location', NULL, NULL, NULL, NULL, NULL, NULL, NULL, NULL, NULL, 34, '2014-12-01 06:55:13', 34, '2014-12-01 06:55:13'),
(1008, 211, 'INVENTORY', 'Inventory', 'Inventory', NULL, NULL, NULL, NULL, NULL, NULL, NULL, NULL, NULL, 34, '2014-12-01 06:55:13', 34, '2014-12-01 06:55:13'),
(1009, 211, 'MATERIAL', 'Material', 'Material', NULL, NULL, NULL, NULL, NULL, NULL, NULL, NULL, NULL, 34, '2014-12-01 06:55:13', 34, '2014-12-01 06:55:13'),
(1010, 212, 'HP_LJ', 'HP LaserJet', 'HP LaserJet', NULL, NULL, NULL, NULL, NULL, NULL, NULL, NULL, NULL, 34, '2014-12-01 09:41:02', 34, '2014-12-01 09:41:02'),
(1011, 212, 'ZEBRA_XML', 'Zebra XML', 'Zebra XML', NULL, NULL, NULL, NULL, NULL, NULL, NULL, NULL, NULL, 34, '2014-12-01 09:41:02', 34, '2014-12-01 09:41:02'),
(1012, 212, 'EPSON_IJ', 'EPSON InkJet', 'EPSON InkJet', NULL, NULL, NULL, NULL, NULL, NULL, NULL, NULL, NULL, 34, '2014-12-01 09:41:02', 34, '2014-12-01 09:41:02'),
(1013, 213, 'ALMUNI_VISIT', 'Almuni Visit', 'Almuni Visit', NULL, NULL, NULL, NULL, NULL, NULL, NULL, NULL, NULL, 34, '2014-12-07 04:45:07', 34, '2014-12-07 04:45:07'),
(1014, 213, 'MAIL', 'Mail', 'Mail', NULL, NULL, NULL, NULL, NULL, NULL, NULL, NULL, NULL, 34, '2014-12-07 04:45:08', 34, '2014-12-07 04:45:08'),
(1015, 213, 'CAMPUS_VISIT', 'Campus Visit', 'Campus Visit', NULL, NULL, NULL, NULL, NULL, NULL, NULL, NULL, NULL, 34, '2014-12-07 04:45:08', 34, '2014-12-07 04:45:08'),
(1016, 213, 'INDIRECT', 'In Direct', 'In Direct', NULL, NULL, NULL, NULL, NULL, NULL, NULL, NULL, NULL, 34, '2014-12-07 04:45:08', 34, '2014-12-07 04:45:08'),
(1017, 213, 'DIRECT', 'Direct', 'Direct', NULL, NULL, NULL, NULL, NULL, NULL, NULL, NULL, NULL, 34, '2014-12-07 04:45:09', 34, '2014-12-07 04:45:09'),
(1018, 213, 'WEB', 'Web', 'Web', NULL, NULL, NULL, NULL, NULL, NULL, NULL, NULL, NULL, 34, '2014-12-07 04:45:09', 34, '2014-12-07 04:45:09'),
(1019, 213, 'GOOGLE', 'Google', 'Google', NULL, NULL, NULL, NULL, NULL, NULL, NULL, NULL, NULL, 34, '2014-12-07 04:45:09', 34, '2014-12-07 04:45:09'),
(1020, 213, 'MOBILE', 'Mobile', 'Mobile', NULL, NULL, NULL, NULL, NULL, NULL, NULL, NULL, NULL, 34, '2014-12-07 04:45:09', 34, '2014-12-07 04:45:09'),
(1021, 214, 'ASIA', 'Asia', 'Asia', NULL, NULL, NULL, NULL, NULL, NULL, NULL, NULL, NULL, 1, '2014-12-08 06:05:26', 1, '2014-12-08 06:05:26'),
(1022, 214, 'NORTH_AMERICA', 'North America', 'North America', NULL, NULL, NULL, NULL, NULL, NULL, NULL, NULL, NULL, 1, '2014-12-08 06:05:26', 1, '2014-12-08 06:05:26'),
(1023, 214, 'OTHERS', 'Others', 'Others', NULL, NULL, NULL, NULL, NULL, NULL, NULL, NULL, NULL, 1, '2014-12-08 06:05:27', 1, '2014-12-08 06:05:27'),
(1024, 214, 'GERMANY', 'Germany', 'Germany', NULL, NULL, NULL, NULL, NULL, NULL, NULL, NULL, NULL, 1, '2014-12-08 06:05:27', 1, '2014-12-08 06:05:27'),
(1025, 214, 'EUROPE', 'Eurpoe', 'Europe', NULL, NULL, NULL, NULL, NULL, NULL, NULL, NULL, NULL, 1, '2014-12-08 06:05:28', 1, '2014-12-08 06:05:28'),
(1026, 214, 'RUSSIA', 'Russia', 'Russia', NULL, NULL, NULL, NULL, NULL, NULL, NULL, NULL, NULL, 1, '2014-12-08 06:05:28', 1, '2014-12-08 06:05:28'),
(1027, 214, 'CHINA', 'China', 'China', NULL, NULL, NULL, NULL, NULL, NULL, NULL, NULL, NULL, 1, '2014-12-08 06:05:29', 1, '2014-12-08 06:05:29'),
(1028, 214, 'INDIA', 'India', 'India', 6, NULL, NULL, NULL, NULL, NULL, NULL, NULL, NULL, 1, '2014-12-08 06:05:29', 1, '2014-12-08 11:24:09'),
(1029, 215, 'PROD_AGENT', 'Production Associate', 'Production Associate', NULL, NULL, NULL, NULL, NULL, NULL, NULL, NULL, NULL, 1, '2014-12-08 11:53:52', 34, '2014-12-27 12:29:42'),
(1030, 215, 'SALES_LEAD', 'Sales Lead', 'Sales Lead', NULL, NULL, NULL, NULL, NULL, NULL, NULL, NULL, NULL, 1, '2014-12-08 11:53:53', 34, '2014-12-27 12:29:43'),
(1031, 215, 'SALES_DIR', 'Sales Director', 'Sales Director', NULL, NULL, NULL, NULL, NULL, NULL, NULL, NULL, NULL, 1, '2014-12-08 11:53:53', 34, '2014-12-27 12:29:42'),
(1032, 215, 'SALES_AGENT', 'Sales Associate', 'Sales Agent', NULL, NULL, NULL, NULL, NULL, NULL, NULL, NULL, NULL, 1, '2014-12-08 11:53:53', 34, '2014-12-27 12:29:41'),
(1033, 215, 'SALES_MNGR', 'Sales Manager', 'Sales Manager', NULL, NULL, NULL, NULL, NULL, NULL, NULL, NULL, NULL, 1, '2014-12-08 11:53:53', 34, '2014-12-27 12:29:43'),
(1034, 215, 'PROD_MNGR', 'Production Manager', 'Production Manager', NULL, NULL, NULL, NULL, NULL, NULL, NULL, NULL, NULL, 1, '2014-12-08 11:53:54', 34, '2014-12-27 12:29:43'),
(1035, 215, 'PROD_DIR', 'Production Director', 'Production Director', NULL, NULL, NULL, NULL, NULL, NULL, NULL, NULL, NULL, 1, '2014-12-08 11:53:54', 34, '2014-12-27 12:29:44'),
(1036, 215, 'PROD_LEAD', 'Production Lead', 'Production Lead001', NULL, NULL, NULL, NULL, NULL, NULL, NULL, NULL, NULL, 1, '2014-12-08 11:53:54', 34, '2014-12-27 12:29:44'),
(1037, 216, 'HIGH_VOLUME', 'High Volume', 'High Volume', NULL, NULL, NULL, NULL, NULL, NULL, NULL, NULL, NULL, 34, '2014-12-09 05:04:29', 34, '2014-12-27 12:37:45'),
(1038, 216, 'NEW_CUSTOMER', 'New Customer', 'New Customer', NULL, NULL, NULL, NULL, NULL, NULL, NULL, NULL, NULL, 34, '2014-12-09 05:04:29', 34, '2014-12-27 12:37:46'),
(1039, 216, 'STRATEGIC', 'Strategic Sales', 'Strategic Sales', NULL, NULL, NULL, NULL, NULL, NULL, NULL, NULL, NULL, 34, '2014-12-09 05:04:30', 34, '2014-12-27 12:37:45'),
(1040, 216, 'NEW_LOCATION', 'New Location', 'New Geographic Location', NULL, NULL, NULL, NULL, NULL, NULL, NULL, NULL, NULL, 34, '2014-12-09 05:04:30', 34, '2014-12-27 12:37:45'),
(1041, 216, 'NEW_PRODUCT', 'New Product', 'New Product', NULL, NULL, NULL, NULL, NULL, NULL, NULL, NULL, NULL, 34, '2014-12-09 05:04:30', 34, '2014-12-27 12:37:44'),
(1042, 216, 'CRITICAL_CUSTOMER', 'Critical Customer', 'Critical Customer', NULL, NULL, NULL, NULL, NULL, NULL, NULL, NULL, NULL, 34, '2014-12-09 05:04:31', 34, '2014-12-27 12:37:46'),
(1043, 216, 'GOVERMENT', 'Goverment', 'Goverment', NULL, NULL, NULL, NULL, NULL, NULL, NULL, NULL, NULL, 34, '2014-12-09 05:04:31', 34, '2014-12-27 12:37:47'),
(1044, 216, 'SOCIAL', 'Social Sector', 'Social Sector', NULL, NULL, NULL, NULL, NULL, NULL, NULL, NULL, NULL, 34, '2014-12-09 05:04:31', 34, '2014-12-27 12:37:47'),
(1045, 217, 'RFI', 'RFI', 'Request for Information', NULL, NULL, NULL, NULL, NULL, NULL, NULL, NULL, NULL, 34, '2015-01-04 04:57:44', 34, '2015-01-04 04:57:44'),
(1046, 217, 'GENERAL', 'General', 'General', NULL, NULL, NULL, NULL, NULL, NULL, NULL, NULL, NULL, 34, '2015-01-04 04:57:44', 34, '2015-01-04 04:57:44'),
(1047, 217, 'SALES', 'Sales', 'Sales Team', NULL, NULL, NULL, NULL, NULL, NULL, NULL, NULL, NULL, 34, '2015-01-04 04:57:45', 34, '2015-01-04 04:57:45'),
(1049, 218, 'BUDGET', 'Budget', 'Budget', NULL, NULL, NULL, NULL, NULL, NULL, NULL, NULL, NULL, 34, '2015-01-12 14:01:02', 34, '2015-01-12 14:01:02'),
(1050, 218, 'TAX', 'Tax', 'Tax', NULL, NULL, NULL, NULL, NULL, NULL, NULL, NULL, NULL, 34, '2015-01-12 14:01:03', 34, '2015-01-12 14:01:03'),
(1051, 218, 'CORP', 'CORP', 'Corporate', NULL, NULL, NULL, NULL, NULL, NULL, NULL, NULL, NULL, 34, '2015-01-12 14:01:03', 34, '2015-01-12 14:01:03'),
(1052, 219, 'OWN', 'Owned', 'Owned', NULL, NULL, NULL, NULL, NULL, NULL, NULL, NULL, NULL, 34, '2015-01-12 16:42:29', 34, '2015-01-12 16:42:29'),
(1053, 219, 'LEASE', 'Leased', 'Leased', NULL, NULL, NULL, NULL, NULL, NULL, NULL, NULL, NULL, 34, '2015-01-12 16:42:29', 34, '2015-01-12 16:42:29'),
(1054, 219, 'RENT', 'Rent', 'Rent', NULL, NULL, NULL, NULL, NULL, NULL, NULL, NULL, NULL, 34, '2015-01-12 16:42:30', 34, '2015-01-12 16:42:30'),
(1055, 182, 'da', 'Document & Analysis', '903. Document & Analysis', NULL, NULL, NULL, NULL, NULL, NULL, NULL, NULL, NULL, 34, '2015-01-19 16:10:32', 34, '2015-05-05 15:32:07'),
(1056, 182, 'pos', 'Point Of Sale', '206. Point Of Sale', NULL, NULL, NULL, NULL, NULL, NULL, NULL, NULL, NULL, 34, '2015-01-19 16:11:59', 34, '2015-01-19 16:13:30'),
(1057, 184, 'UPLOAD', 'Mass Upload', 'Mass Upload', NULL, NULL, NULL, NULL, NULL, NULL, NULL, NULL, NULL, 34, '2015-01-22 02:44:43', 34, '2015-01-22 02:44:43'),
(1058, 83, 'BD', 'Budgetary Debit', 'Budgetary Debit', NULL, NULL, NULL, NULL, NULL, NULL, NULL, NULL, NULL, 34, '2015-01-26 02:34:51', 34, '2015-01-26 02:34:51'),
(1059, 86, 'POS', 'POS', 'Point Of Sale', NULL, NULL, NULL, NULL, NULL, NULL, NULL, NULL, NULL, 34, '2015-02-02 02:31:18', 34, '2015-02-02 02:31:18'),
(1060, 220, 'POS_RETURN', 'POS Return', 'POS Return', NULL, NULL, NULL, NULL, NULL, NULL, NULL, NULL, NULL, 34, '2015-02-02 08:49:36', 34, '2015-02-02 08:49:36'),
(1061, 220, 'SHIPPING', 'Shipping', 'Shipping', NULL, NULL, NULL, NULL, NULL, NULL, NULL, NULL, NULL, 34, '2015-02-02 08:49:37', 34, '2015-02-02 08:49:37'),
(1062, 220, 'RECEVING', 'Receiving', 'Receiving', NULL, NULL, NULL, NULL, NULL, NULL, NULL, NULL, NULL, 34, '2015-02-02 08:49:39', 34, '2015-02-02 08:49:39'),
(1063, 220, 'POS_TRANSACTION', 'POS Transaction', 'POS Transaction', NULL, NULL, NULL, NULL, NULL, NULL, NULL, NULL, NULL, 34, '2015-02-02 08:49:39', 34, '2015-02-02 08:49:39'),
(1064, 220, 'MO_RECEVING', 'Move Order Receipt', 'Move Order Receipt', NULL, NULL, NULL, NULL, NULL, NULL, NULL, NULL, NULL, 34, '2015-02-02 08:49:39', 34, '2015-02-02 08:49:39'),
(1065, 157, 'POS_TRANSACTION', 'POS Transaction', 'POS Transaction', NULL, NULL, NULL, NULL, NULL, NULL, NULL, NULL, NULL, 34, '2015-02-04 06:43:40', 34, '2015-02-04 06:43:40'),
(1066, 211, 'POS', 'POS Transaction', 'POS Transaction', NULL, NULL, NULL, NULL, NULL, NULL, NULL, NULL, NULL, 34, '2015-02-05 02:37:21', 34, '2015-02-05 02:37:21'),
(1067, 217, 'SUPPORT', 'Support', 'Support', NULL, NULL, NULL, NULL, NULL, NULL, NULL, NULL, NULL, 34, '2015-02-05 03:03:49', 34, '2015-02-05 03:03:49'),
(1068, 221, 'FORUM', 'Forum', 'Forum', NULL, 1, NULL, NULL, NULL, NULL, NULL, NULL, NULL, 34, '2015-02-06 05:51:23', 34, '2015-02-06 05:51:23'),
(1069, 221, 'DOCUMENTATION', 'Documentation', 'Documentation', NULL, NULL, NULL, NULL, NULL, NULL, NULL, NULL, NULL, 34, '2015-02-06 05:51:23', 34, '2015-02-06 05:51:23'),
(1070, 221, 'SUPPORT_REQUEST', 'Support Request', 'Support Request', NULL, NULL, NULL, NULL, NULL, NULL, NULL, NULL, NULL, 34, '2015-02-06 05:51:24', 34, '2015-02-06 05:51:24'),
(1071, 221, 'CONTENT', 'Content', 'Content', NULL, NULL, NULL, NULL, NULL, NULL, NULL, NULL, NULL, 34, '2015-02-06 05:51:24', 34, '2015-02-06 05:51:24'),
(1072, 221, 'SERVICE_REQUEST', 'Service Request', 'Service Request', NULL, NULL, NULL, NULL, NULL, NULL, NULL, NULL, NULL, 34, '2015-02-06 05:51:24', 34, '2015-02-06 05:51:24'),
(1073, 222, 'PLANNING', 'Planning', 'Planning', NULL, NULL, NULL, NULL, NULL, NULL, NULL, NULL, NULL, 34, '2015-02-07 14:59:42', 34, '2015-03-08 10:26:56'),
(1074, 222, 'MODEL', 'Model', 'Model', NULL, NULL, NULL, NULL, NULL, NULL, NULL, NULL, NULL, 34, '2015-02-07 14:59:43', 34, '2015-02-07 15:03:01'),
(1075, 222, 'OPTION_CLASS', 'Option Class', 'Option Class', NULL, NULL, NULL, NULL, NULL, NULL, NULL, NULL, NULL, 34, '2015-02-07 14:59:43', 34, '2015-02-07 15:03:02'),
(1076, 222, 'PRODUCT_FAMILY', 'Product Family', 'Product Family', NULL, NULL, NULL, NULL, NULL, NULL, NULL, NULL, NULL, 34, '2015-02-07 14:59:44', 34, '2015-02-07 15:03:02'),
(1077, 222, 'STANDARD', 'Standard', 'Standard', NULL, NULL, NULL, NULL, NULL, NULL, NULL, NULL, NULL, 34, '2015-02-07 14:59:44', 34, '2015-02-07 15:03:02'),
(1078, 84, 'TEMPLATE', 'Template', 'Template', NULL, NULL, NULL, NULL, NULL, NULL, NULL, NULL, NULL, 34, '2015-02-09 08:01:59', 34, '2015-02-09 08:04:11'),
(1079, 182, 'am', 'Asset Maintenance', '210.Asset Maintenance', NULL, NULL, NULL, NULL, NULL, NULL, NULL, NULL, NULL, 34, '2015-02-16 05:23:28', 34, '2015-02-16 05:24:12'),
(1080, 182, 'adm', 'Admin', '911.Admin', NULL, NULL, NULL, NULL, NULL, NULL, NULL, NULL, NULL, 34, '2015-02-17 13:17:52', 34, '2015-02-17 13:17:52'),
(1081, 223, 'ALL_ORG_BOTH', 'All Org Both', 'All Org Both Access', NULL, NULL, NULL, NULL, NULL, NULL, NULL, NULL, NULL, 34, '2015-02-21 18:48:14', 34, '2015-02-21 18:48:14'),
(1082, 223, 'ALL_ORG_READ', 'All Org Read', 'All Org Read Acess', NULL, NULL, NULL, NULL, NULL, NULL, NULL, NULL, NULL, 34, '2015-02-21 18:48:15', 34, '2015-02-21 18:48:15'),
(1083, 223, 'ASIA_BOTH', 'Asia Both', 'Asia Both', NULL, NULL, NULL, NULL, NULL, NULL, NULL, NULL, NULL, 34, '2015-02-21 18:48:15', 34, '2015-02-21 18:48:15'),
(1084, 223, 'US_BOTH', 'US Both', 'US Both', NULL, 1, NULL, NULL, NULL, NULL, 1, NULL, NULL, 34, '2015-02-21 18:48:15', 34, '2015-02-21 18:48:15'),
(1085, 223, 'US_READ', 'US Read', 'US Read', NULL, NULL, NULL, NULL, NULL, NULL, NULL, NULL, NULL, 34, '2015-02-21 18:48:16', 34, '2015-02-21 18:48:16'),
(1086, 223, 'ASIA_READ', 'Asia Read', 'Asia Read', NULL, NULL, NULL, NULL, NULL, NULL, NULL, NULL, NULL, 34, '2015-02-21 18:48:16', 34, '2015-02-21 18:48:16'),
(1087, 223, 'ROW_BOTH', 'ROW Both', 'ROW Both', NULL, NULL, NULL, NULL, NULL, NULL, NULL, NULL, NULL, 34, '2015-02-21 18:48:16', 34, '2015-02-21 18:48:16'),
(1088, 223, 'ROW_READ', 'ROW Read', 'ROW Read', NULL, NULL, NULL, NULL, NULL, NULL, NULL, NULL, NULL, 34, '2015-02-21 18:48:17', 34, '2015-02-21 18:48:17'),
(1089, 224, 'de_DE', 'Gerrman', 'Deutsch - Gerrman', NULL, NULL, NULL, NULL, NULL, NULL, NULL, NULL, NULL, 34, '2015-02-24 09:18:27', 34, '2015-03-08 14:03:35'),
(1090, 224, 'en_US', 'English', 'English', NULL, NULL, NULL, NULL, NULL, NULL, NULL, NULL, NULL, 34, '2015-02-24 09:18:28', 34, '2015-02-24 09:25:01'),
(1091, 224, 'fr_FR', 'French', 'franais - French', NULL, NULL, NULL, NULL, NULL, NULL, NULL, NULL, NULL, 34, '2015-02-24 09:18:28', 34, '2015-03-08 14:03:35'),
(1092, 224, 'hi_IN', 'Hindi - India', ' - Hindi', NULL, NULL, NULL, NULL, NULL, NULL, NULL, NULL, NULL, 34, '2015-02-24 09:18:29', 34, '2015-03-08 17:23:26'),
(1093, 224, 'zh_CN', 'Chinese - Simplified', ' - Chinese - Simplified', NULL, NULL, NULL, NULL, NULL, NULL, NULL, NULL, NULL, 34, '2015-03-08 17:20:54', 34, '2015-03-08 17:23:25'),
(1094, 224, 'ar_SA', 'Arabic - Saudi Arabia', ' - Arabic', NULL, NULL, NULL, NULL, NULL, NULL, NULL, NULL, NULL, 34, '2015-03-08 17:59:29', 34, '2015-03-08 17:59:29'),
(1095, 225, 'CALIBRATION', 'Calibration', 'Calibration', NULL, NULL, NULL, NULL, NULL, NULL, NULL, NULL, NULL, 34, '2015-03-16 10:31:11', 34, '2015-03-16 10:31:11'),
(1096, 225, 'MAINTENANCE', 'Maitenance', 'Maitenance', NULL, NULL, NULL, NULL, NULL, NULL, NULL, NULL, NULL, 34, '2015-03-16 10:31:12', 34, '2015-03-16 10:31:12'),
(1097, 225, 'LUBRICATION', 'Lubrication', 'Lubrication', NULL, NULL, NULL, NULL, NULL, NULL, NULL, NULL, NULL, 34, '2015-03-16 10:31:13', 34, '2015-03-16 10:31:13'),
(1098, 225, 'REMOVAL', 'Removal', 'Removal', NULL, NULL, NULL, NULL, NULL, NULL, NULL, NULL, NULL, 34, '2015-03-16 10:31:13', 34, '2015-03-16 10:31:13'),
(1099, 225, 'PREVENTION', 'Prevention', 'Prevention', NULL, NULL, NULL, NULL, NULL, NULL, NULL, NULL, NULL, 34, '2015-03-16 10:31:14', 34, '2015-03-16 10:31:14'),
(1100, 225, 'INSPECTION', 'Inspection', 'Inspection', NULL, NULL, NULL, NULL, NULL, NULL, NULL, NULL, NULL, 34, '2015-03-16 10:31:14', 34, '2015-03-16 10:31:14'),
(1101, 226, 'REPAIR', 'Repair', 'Repair', NULL, NULL, NULL, NULL, NULL, NULL, NULL, NULL, NULL, 34, '2015-03-16 10:34:28', 34, '2015-03-16 10:34:28'),
(1102, 226, 'DAMAGE', 'Damage', 'Damage', NULL, NULL, NULL, NULL, NULL, NULL, NULL, NULL, NULL, 34, '2015-03-16 10:34:30', 34, '2015-03-16 10:34:30'),
(1103, 226, 'EXPANSION', 'Expansion', 'Expansion', NULL, NULL, NULL, NULL, NULL, NULL, NULL, NULL, NULL, 34, '2015-03-16 10:34:30', 34, '2015-03-16 10:34:30'),
(1104, 226, 'REWORK', 'Rework', 'Rework', NULL, NULL, NULL, NULL, NULL, NULL, NULL, NULL, NULL, 34, '2015-03-16 10:34:31', 34, '2015-03-16 10:34:31'),
(1105, 226, 'HEALTH_SAFTEY', 'Health & Safety', 'Health & Safety', NULL, NULL, NULL, NULL, NULL, NULL, NULL, NULL, NULL, 34, '2015-03-16 10:34:32', 34, '2015-03-16 10:34:32'),
(1106, 227, 'ROUTINE', 'Routine', 'Routine', NULL, NULL, NULL, NULL, NULL, NULL, NULL, NULL, NULL, 34, '2015-03-16 10:36:52', 34, '2015-03-16 10:36:52'),
(1107, 227, 'ACCIDENT', 'Accident', 'Accident', NULL, NULL, NULL, NULL, NULL, NULL, NULL, NULL, NULL, 34, '2015-03-16 10:36:53', 34, '2015-03-16 10:36:53'),
(1108, 227, 'INCIDENT', 'Incident', 'Incident', NULL, NULL, NULL, NULL, NULL, NULL, NULL, NULL, NULL, 34, '2015-03-16 10:36:54', 34, '2015-03-16 10:36:54'),
(1109, 227, 'WARRANTY', 'Warranty', 'Warranty', NULL, NULL, NULL, NULL, NULL, NULL, NULL, NULL, NULL, 34, '2015-03-16 10:36:55', 34, '2015-03-16 10:36:55'),
(1110, 228, 'ROUTINE', 'Routine', 'Routine', NULL, NULL, NULL, NULL, NULL, NULL, NULL, NULL, NULL, 34, '2015-03-21 09:27:35', 34, '2015-03-21 09:27:35'),
(1111, 228, 'PREVENTIVE', 'Preventive', 'Preventive', NULL, NULL, NULL, NULL, NULL, NULL, NULL, NULL, NULL, 34, '2015-03-21 09:27:38', 34, '2015-03-21 09:27:38'),
(1112, 228, 'REACTIVE', 'Reactive', 'Reactive', NULL, NULL, NULL, NULL, NULL, NULL, NULL, NULL, NULL, 34, '2015-03-21 09:27:40', 34, '2015-03-21 09:27:40'),
(1113, 228, 'FACILITIES', 'Facilities', 'Facilities', NULL, NULL, NULL, NULL, NULL, NULL, NULL, NULL, NULL, 34, '2015-03-21 09:27:41', 34, '2015-03-21 09:27:41'),
(1118, 228, 'PLANNED', 'Planned', 'Planned', NULL, NULL, NULL, NULL, NULL, NULL, NULL, NULL, NULL, 34, '2015-03-21 09:28:43', 34, '2015-03-21 09:28:43'),
(1119, 228, 'EMERGENCY', 'Emeregency', 'Emeregency', NULL, NULL, NULL, NULL, NULL, NULL, NULL, NULL, NULL, 34, '2015-03-21 09:28:43', 34, '2015-03-21 09:28:43'),
(1120, 86, 'AM', 'AM', 'Asset Maintenance', NULL, NULL, NULL, NULL, NULL, NULL, NULL, NULL, NULL, 34, '2015-03-21 17:46:41', 34, '2015-03-21 17:46:41');
INSERT INTO `option_line` (`option_line_id`, `option_header_id`, `option_line_code`, `option_line_value`, `description`, `value_group_id`, `priority`, `status`, `mapper1`, `mapper2`, `rev_enabled`, `rev_number`, `effective_start_date`, `effective_end_date`, `created_by`, `creation_date`, `last_update_by`, `last_update_date`) VALUES
(1121, 182, 'ec', 'eCommerce', '210.eCommerce', NULL, NULL, NULL, NULL, NULL, NULL, NULL, NULL, NULL, 34, '2015-03-27 03:32:17', 34, '2015-03-27 03:32:17'),
(1122, 221, 'ITEM', 'Item', 'Item', NULL, NULL, NULL, NULL, NULL, NULL, NULL, NULL, NULL, 34, '2015-03-28 04:19:00', 34, '2015-03-28 04:19:00'),
(1123, 221, 'PRODUCT', 'Product', 'Product', NULL, NULL, NULL, NULL, NULL, NULL, NULL, NULL, NULL, 34, '2015-03-28 09:19:03', 34, '2015-03-28 09:19:03'),
(1124, 229, 'SUBSTITUTE', 'Substitute', 'Substitute', NULL, NULL, NULL, NULL, NULL, NULL, NULL, NULL, NULL, 34, '2015-03-29 19:55:35', 34, '2015-03-29 19:55:35'),
(1125, 229, 'CROSS_SELL', 'Cross Sell', 'Cross Sell', NULL, NULL, NULL, NULL, NULL, NULL, NULL, NULL, NULL, 34, '2015-03-29 19:55:35', 34, '2015-03-29 19:55:35'),
(1126, 229, 'UP_SELL', 'Up Sell', 'Up Sell', NULL, NULL, NULL, NULL, NULL, NULL, NULL, NULL, NULL, 34, '2015-03-29 19:55:36', 34, '2015-03-29 19:55:36'),
(1127, 229, 'COMPLIMENTARY', 'Complimentary', 'Complimentary', NULL, NULL, NULL, NULL, NULL, NULL, NULL, NULL, NULL, 34, '2015-03-29 19:55:36', 34, '2015-03-29 19:55:36'),
(1128, 229, 'NEW_VERSION', 'New Version', 'New Version', NULL, NULL, NULL, NULL, NULL, NULL, NULL, NULL, NULL, 34, '2015-03-29 19:55:37', 34, '2015-03-29 19:55:37'),
(1129, 229, 'SERVICE', 'Service', 'Service', NULL, NULL, NULL, NULL, NULL, NULL, NULL, NULL, NULL, 34, '2015-03-29 19:55:37', 34, '2015-03-29 19:55:37'),
(1130, 229, 'FREE_GIFT', 'Free Gift', 'Free Gift', NULL, NULL, NULL, NULL, NULL, NULL, NULL, NULL, NULL, 34, '2015-03-29 19:55:38', 34, '2015-03-29 19:55:38'),
(1131, 229, 'PREREQUISITE', 'Prerequisite', 'Prerequisite', NULL, NULL, NULL, NULL, NULL, NULL, NULL, NULL, NULL, 34, '2015-03-29 19:55:38', 34, '2015-03-29 19:55:38'),
(1132, 229, 'EQUIVALENT', 'Equivalent', 'Equivalent', NULL, NULL, NULL, NULL, NULL, NULL, NULL, NULL, NULL, 34, '2015-03-29 20:38:49', 34, '2015-03-29 20:38:49'),
(1133, 230, 'HOME', 'Home', 'Home', NULL, NULL, NULL, NULL, NULL, NULL, NULL, NULL, NULL, 34, '2015-04-06 09:33:29', 34, '2015-04-06 09:33:29'),
(1134, 230, 'OTHERS', 'Others', 'Others', NULL, NULL, NULL, NULL, NULL, NULL, NULL, NULL, NULL, 34, '2015-04-06 09:33:34', 34, '2015-04-06 09:33:34'),
(1135, 230, 'DELIVERY', 'Delivery', 'Delivery', NULL, NULL, NULL, NULL, NULL, NULL, NULL, NULL, NULL, 34, '2015-04-06 09:33:35', 34, '2015-04-06 09:33:35'),
(1136, 230, 'BILLING', 'Billing', 'Billing', NULL, NULL, NULL, NULL, NULL, NULL, NULL, NULL, NULL, 34, '2015-04-06 09:33:36', 34, '2015-04-06 09:33:36'),
(1137, 230, 'OFFICE', 'Office', 'Office', NULL, NULL, NULL, NULL, NULL, NULL, NULL, NULL, NULL, 34, '2015-04-06 09:33:36', 34, '2015-04-06 09:33:36'),
(1138, 182, 'hd', 'Help Desk', '911. Help Desk', NULL, NULL, NULL, NULL, NULL, NULL, NULL, NULL, NULL, 34, '2015-04-15 17:29:10', 34, '2015-04-15 17:29:10'),
(1139, 231, 'MEDIUM', 'Medium - Department', 'Medium - Department', NULL, NULL, NULL, NULL, NULL, NULL, NULL, NULL, NULL, 34, '2015-04-16 14:00:49', 34, '2015-04-16 14:00:49'),
(1140, 231, 'HIGH', 'High -  Organization/Entity', 'High - Organization/Entity', NULL, NULL, NULL, NULL, NULL, NULL, NULL, NULL, NULL, 34, '2015-04-16 14:00:50', 34, '2015-04-16 14:00:50'),
(1141, 231, 'CRITICAL', 'Enterprise Wide', 'Enterprise Wide', NULL, NULL, NULL, NULL, NULL, NULL, NULL, NULL, NULL, 34, '2015-04-16 14:00:51', 34, '2015-04-16 14:00:51'),
(1142, 231, 'LOW', 'Low Single User', 'Low Single User', NULL, NULL, NULL, NULL, NULL, NULL, NULL, NULL, NULL, 34, '2015-04-16 14:00:52', 34, '2015-04-16 14:00:52'),
(1143, 232, 'RESOLVED', 'Resolved', 'Resolved', NULL, NULL, NULL, NULL, NULL, NULL, NULL, NULL, NULL, 34, '2015-04-16 14:13:24', 34, '2015-04-16 14:13:24'),
(1144, 232, 'ACTIVE', 'Active', 'Active', NULL, NULL, NULL, NULL, NULL, NULL, NULL, NULL, NULL, 34, '2015-04-16 14:13:25', 34, '2015-04-16 14:13:25'),
(1145, 232, 'WAITING_INFO', 'Waiting User Info', 'Waiting User Info', NULL, NULL, NULL, NULL, NULL, NULL, NULL, NULL, NULL, 34, '2015-04-16 14:13:25', 34, '2015-04-16 14:13:25'),
(1146, 232, 'NEW', 'New', 'New', NULL, NULL, NULL, NULL, NULL, NULL, NULL, NULL, NULL, 34, '2015-04-16 14:13:26', 34, '2015-04-16 14:13:26'),
(1147, 232, 'CANCELLED', 'Cancelled', 'Cancelled', NULL, NULL, NULL, NULL, NULL, NULL, NULL, NULL, NULL, 34, '2015-04-16 14:13:27', 34, '2015-04-16 14:13:27'),
(1148, 232, 'CLOSED', 'Closed', 'Closed', NULL, NULL, NULL, NULL, NULL, NULL, NULL, NULL, NULL, 34, '2015-04-16 14:13:29', 34, '2015-04-16 14:13:29'),
(1149, 233, 'ADVICE', 'Advice', 'Advice', NULL, NULL, NULL, NULL, NULL, NULL, NULL, NULL, NULL, 34, '2015-04-16 14:16:03', 34, '2015-04-16 14:16:03'),
(1150, 233, 'REQUEST', 'Request', 'Request', NULL, NULL, NULL, NULL, NULL, NULL, NULL, NULL, NULL, 34, '2015-04-16 14:16:04', 34, '2015-04-16 14:16:04'),
(1151, 233, 'FAILURE', 'Failure', 'Failure', NULL, NULL, NULL, NULL, NULL, NULL, NULL, NULL, NULL, 34, '2015-04-16 14:16:05', 34, '2015-04-16 14:16:05'),
(1152, 234, 'FTP_ACCESS', 'FTP Access', 'FTP Access', NULL, NULL, NULL, NULL, NULL, NULL, NULL, NULL, NULL, 34, '2015-04-16 14:26:50', 34, '2015-04-16 14:26:50'),
(1153, 234, 'EMAIL_CLIENT', 'Email Client', 'Email Client', NULL, NULL, NULL, NULL, NULL, NULL, NULL, NULL, NULL, 34, '2015-04-16 14:26:52', 34, '2015-04-16 14:26:52'),
(1154, 234, 'EMAIL_CLIENT_WEB', 'Email Web Access', 'Email Web Access', NULL, NULL, NULL, NULL, NULL, NULL, NULL, NULL, NULL, 34, '2015-04-16 14:26:53', 34, '2015-04-16 14:26:53'),
(1155, 234, 'NEW_LAPTOP', 'New Laptop', 'New Laptop', NULL, NULL, NULL, NULL, NULL, NULL, NULL, NULL, NULL, 34, '2015-04-16 14:26:53', 34, '2015-04-16 14:26:53'),
(1156, 234, 'NEW_DESKTOP', 'New Desktop', 'New Desktop', NULL, NULL, NULL, NULL, NULL, NULL, NULL, NULL, NULL, 34, '2015-04-16 14:26:54', 34, '2015-04-16 14:26:54'),
(1157, 234, 'NEW_SOFTWARE', 'New Software', 'New Software', NULL, NULL, NULL, NULL, NULL, NULL, NULL, NULL, NULL, 34, '2015-04-16 14:26:54', 34, '2015-04-16 14:26:54'),
(1158, 235, 'NORMAL', 'Normal', 'Normal', NULL, NULL, NULL, NULL, NULL, NULL, NULL, NULL, NULL, 34, '2015-04-16 16:09:02', 34, '2015-04-16 16:09:02'),
(1159, 235, 'HIERARCHICAL', 'Hierarchical', 'Hierarchical', NULL, NULL, NULL, NULL, NULL, NULL, NULL, NULL, NULL, 34, '2015-04-16 16:09:03', 34, '2015-04-16 16:09:03'),
(1160, 235, 'FUNCTIONAL', 'Functional', 'Functional', NULL, NULL, NULL, NULL, NULL, NULL, NULL, NULL, NULL, 34, '2015-04-16 16:09:04', 34, '2015-04-16 16:09:04'),
(1161, 236, 'CR_CREATED', 'Change Request Created', 'Change Request Created', NULL, NULL, NULL, NULL, NULL, NULL, NULL, NULL, NULL, 34, '2015-04-18 15:22:15', 34, '2015-04-18 15:22:15'),
(1162, 236, 'ISSUE_FIXED', 'Issue Fixed', 'Issue Fixed', NULL, NULL, NULL, NULL, NULL, NULL, NULL, NULL, NULL, 34, '2015-04-18 15:22:15', 34, '2015-04-18 15:22:15'),
(1163, 236, 'USER_TRAINING', 'User Training', 'User Training', NULL, NULL, NULL, NULL, NULL, NULL, NULL, NULL, NULL, 34, '2015-04-18 15:22:16', 34, '2015-04-18 15:22:16'),
(1164, 237, 'ENHANCEMENT', 'Enhancement', 'Enhancement', NULL, NULL, NULL, NULL, NULL, NULL, NULL, NULL, NULL, 34, '2015-04-19 04:55:17', 34, '2015-04-19 04:55:17'),
(1165, 237, 'BUG_FIX', 'Bug Fix', 'Bug Fix', NULL, NULL, NULL, NULL, NULL, NULL, NULL, NULL, NULL, 34, '2015-04-19 04:55:18', 34, '2015-04-19 04:55:18'),
(1166, 237, 'DATA_FIX', 'Data Fix', 'Data Fix', NULL, NULL, NULL, NULL, NULL, NULL, NULL, NULL, NULL, 34, '2015-04-19 04:55:19', 34, '2015-04-19 04:55:19'),
(1167, 237, 'CUSTOM_COMP', 'Custom Component', 'Custom Component', NULL, NULL, NULL, NULL, NULL, NULL, NULL, NULL, NULL, 34, '2015-04-19 04:55:20', 34, '2015-04-19 04:55:20'),
(1168, 182, 'cst', 'Costing', '212.Costing', NULL, NULL, NULL, NULL, NULL, NULL, NULL, NULL, NULL, 34, '2015-05-05 14:44:44', 34, '2015-05-05 14:44:44'),
(1169, 119, 'SALES', 'Sales', 'Sales', NULL, NULL, NULL, NULL, NULL, NULL, NULL, NULL, NULL, 34, '2015-05-06 04:38:53', 34, '2015-05-06 04:38:53'),
(1170, 119, 'LOCAL_ADMIN', 'Local Admin', 'Local Admin', NULL, NULL, NULL, NULL, NULL, NULL, NULL, NULL, NULL, 34, '2015-05-06 04:38:54', 34, '2015-05-06 04:38:54'),
(1171, 119, 'MANAGEMENT', 'Management', 'Management', NULL, NULL, NULL, NULL, NULL, NULL, NULL, NULL, NULL, 34, '2015-05-06 04:38:55', 34, '2015-05-06 04:38:55'),
(1172, 238, 'MANUFAC', 'Manufacturer', 'Manufacturer', NULL, NULL, NULL, NULL, NULL, NULL, NULL, NULL, NULL, 34, '2015-05-08 03:37:28', 34, '2015-05-08 03:37:28'),
(1173, 238, 'PACKAG', 'Packager', 'Packager', NULL, NULL, NULL, NULL, NULL, NULL, NULL, NULL, NULL, 34, '2015-05-08 03:37:30', 34, '2015-05-08 03:37:30'),
(1174, 238, 'PROCESS', 'Processor', 'Processor', NULL, NULL, NULL, NULL, NULL, NULL, NULL, NULL, NULL, 34, '2015-05-08 03:37:30', 34, '2015-05-08 03:37:30'),
(1175, 238, 'DIST', 'Distributor', 'Distributor', NULL, NULL, NULL, NULL, NULL, NULL, NULL, NULL, NULL, 34, '2015-05-08 03:37:31', 34, '2015-05-08 03:37:31'),
(1176, 239, 'DISTRIBUTOR', 'Distributor', 'Distributor', NULL, NULL, NULL, NULL, NULL, NULL, NULL, NULL, NULL, 34, '2015-05-11 04:35:24', 34, '2015-05-11 04:35:24'),
(1177, 239, 'END_CUST', 'End Customer', 'End Customer', NULL, NULL, NULL, NULL, NULL, NULL, NULL, NULL, NULL, 34, '2015-05-11 04:35:25', 34, '2015-05-11 04:35:25'),
(1178, 239, 'BLANKET', 'Blanket Agreement', 'Blanket Agreement', NULL, NULL, NULL, NULL, NULL, NULL, NULL, NULL, NULL, 34, '2015-05-11 04:35:26', 34, '2015-05-11 04:35:26'),
(1179, 239, 'VMI', 'VMI', 'VMI', NULL, NULL, NULL, NULL, NULL, NULL, NULL, NULL, NULL, 34, '2015-05-11 04:35:27', 34, '2015-05-11 04:35:27'),
(1180, 239, 'TRADE_CUST', 'Trade Customer', 'Trade Customer', NULL, NULL, NULL, NULL, NULL, NULL, NULL, NULL, NULL, 34, '2015-05-11 04:35:27', 34, '2015-05-11 04:35:27'),
(1181, 184, 'CONTAINER', 'Container', 'Container', NULL, NULL, NULL, NULL, NULL, NULL, NULL, NULL, NULL, 34, '2015-05-25 04:13:49', 34, '2015-05-25 04:13:49'),
(1182, 240, 'CLOSED', 'Closed', 'Closed', NULL, NULL, NULL, NULL, NULL, NULL, NULL, NULL, NULL, 34, '2015-05-25 20:20:31', 34, '2015-05-25 20:23:00'),
(1183, 240, 'CANCELLED', 'Cancelled', 'Cancelled', NULL, NULL, NULL, NULL, NULL, NULL, NULL, NULL, NULL, 34, '2015-05-25 20:20:31', 34, '2015-05-25 20:23:03'),
(1184, 240, 'COMPLETED', 'Completed', 'Completed', NULL, NULL, NULL, NULL, NULL, NULL, NULL, NULL, NULL, 34, '2015-05-25 20:20:32', 34, '2015-05-25 20:23:01'),
(1185, 240, 'APPROVED', 'Approved', 'Approved', NULL, NULL, NULL, NULL, NULL, NULL, NULL, NULL, NULL, 34, '2015-05-25 20:20:33', 34, '2015-05-25 20:23:02'),
(1186, 240, 'ON_HOLD', 'On Hold', 'On Hold', NULL, NULL, NULL, NULL, NULL, NULL, NULL, NULL, NULL, 34, '2015-05-25 20:23:01', 34, '2015-05-25 20:23:01'),
(1187, 240, 'REJECTED', 'Rejected', 'Rejected', NULL, NULL, NULL, NULL, NULL, NULL, NULL, NULL, NULL, 34, '2015-05-25 20:23:04', 34, '2015-05-25 20:23:04'),
(1188, 240, 'ACCEPTED', 'Accepted', 'Accepted', NULL, NULL, NULL, NULL, NULL, NULL, NULL, NULL, NULL, 34, '2015-05-25 20:23:04', 34, '2015-05-25 20:23:04'),
(1189, 241, 'EXCHANGE', 'Exchange', 'Exchange', NULL, NULL, NULL, NULL, NULL, NULL, NULL, NULL, NULL, 34, '2015-05-31 05:10:47', 34, '2015-05-31 05:10:47'),
(1190, 241, 'LOANER', 'Loaner', 'Loaner', NULL, NULL, NULL, NULL, NULL, NULL, NULL, NULL, NULL, 34, '2015-05-31 05:10:47', 34, '2015-05-31 05:10:47'),
(1191, 241, 'LOANER_REPAIR_RETURN', 'Loaner, Repair and Return', 'Loaner, Repair and Return', NULL, NULL, NULL, NULL, NULL, NULL, NULL, NULL, NULL, 34, '2015-05-31 05:10:48', 34, '2015-05-31 05:10:48'),
(1192, 241, 'ADVANCE_EXCHANGE', 'Advance Exchange', 'Advance Exchange', NULL, NULL, NULL, NULL, NULL, NULL, NULL, NULL, NULL, 34, '2015-05-31 05:10:48', 34, '2015-05-31 05:10:48'),
(1193, 241, 'REPAIR_RETURN', 'Repair and Return', 'Repair and Return', NULL, NULL, NULL, NULL, NULL, NULL, NULL, NULL, NULL, 34, '2015-05-31 05:10:49', 34, '2015-05-31 05:10:49'),
(1194, 241, 'REPLACEMENT', 'Replacement', 'Replacement', NULL, NULL, NULL, NULL, NULL, NULL, NULL, NULL, NULL, 34, '2015-05-31 05:10:49', 34, '2015-05-31 05:10:49'),
(1195, 241, 'STANDARD', 'Standard', 'Standard', NULL, NULL, NULL, NULL, NULL, NULL, NULL, NULL, NULL, 34, '2015-05-31 05:10:50', 34, '2015-05-31 05:10:50'),
(1196, 242, 'MATERIAL', 'Material', 'Material', NULL, NULL, NULL, NULL, NULL, NULL, NULL, NULL, NULL, 34, '2015-05-31 19:43:32', 34, '2015-05-31 19:43:32'),
(1197, 242, 'LABOR', 'Labor', 'Labor', NULL, NULL, NULL, NULL, NULL, NULL, NULL, NULL, NULL, 34, '2015-05-31 19:43:32', 34, '2015-05-31 19:43:32'),
(1198, 242, 'EXPENSE', 'Expense', 'Expense', NULL, NULL, NULL, NULL, NULL, NULL, NULL, NULL, NULL, 34, '2015-05-31 19:43:32', 34, '2015-05-31 19:43:32'),
(1199, 243, 'CONTRACT', 'Contract', 'Contract', NULL, NULL, NULL, NULL, NULL, NULL, NULL, NULL, NULL, 34, '2015-06-02 14:20:48', 34, '2015-06-02 14:20:48'),
(1200, 243, 'PROJECT', 'Project', 'Project', NULL, NULL, NULL, NULL, NULL, NULL, NULL, NULL, NULL, 34, '2015-06-02 14:20:49', 34, '2015-06-02 14:20:49'),
(1201, 243, 'OTHER', 'Others', 'Others', NULL, NULL, NULL, NULL, NULL, NULL, NULL, NULL, NULL, 34, '2015-06-02 14:20:49', 34, '2015-06-02 14:20:49'),
(1202, 243, 'SERVICE', 'Service', 'Service', NULL, NULL, NULL, NULL, NULL, NULL, NULL, NULL, NULL, 34, '2015-06-02 14:20:50', 34, '2015-06-02 14:20:50'),
(1203, 243, 'SALES', 'Sales', 'Sales', NULL, NULL, NULL, NULL, NULL, NULL, NULL, NULL, NULL, 34, '2015-06-02 14:20:50', 34, '2015-06-02 14:20:50'),
(1204, 243, 'RUSSIA', 'Russia', 'Russia', NULL, NULL, NULL, NULL, NULL, NULL, NULL, NULL, NULL, 34, '2015-06-02 14:20:51', 34, '2015-06-02 14:20:51'),
(1205, 182, 'prj', 'Projects', '400. Projects', NULL, NULL, NULL, NULL, NULL, NULL, NULL, NULL, NULL, 34, '2015-06-08 04:44:40', 34, '2015-06-08 04:44:40'),
(1206, 244, 'PRIMARY', 'Primary', 'Primary', NULL, NULL, NULL, NULL, NULL, NULL, NULL, NULL, NULL, 34, '2015-06-09 16:34:29', 34, '2015-06-09 16:34:29'),
(1207, 244, 'SECONDARY', 'Secondary', 'Secondary', NULL, NULL, NULL, NULL, NULL, NULL, NULL, NULL, NULL, 34, '2015-06-09 16:34:30', 34, '2015-06-09 16:34:30'),
(1208, 245, 'PRIMARY', 'Primary', 'Primary', NULL, NULL, NULL, NULL, NULL, NULL, NULL, NULL, NULL, 34, '2015-06-14 08:12:34', 34, '2015-06-14 08:12:34'),
(1209, 245, 'SECONDARY', 'Secondary', 'Secondary', NULL, NULL, NULL, NULL, NULL, NULL, NULL, NULL, NULL, 34, '2015-06-14 08:12:35', 34, '2015-06-14 08:12:35'),
(1210, 245, 'NON_PAYING', 'Non Paying', 'Non Paying', NULL, NULL, NULL, NULL, NULL, NULL, NULL, NULL, NULL, 34, '2015-06-14 08:12:35', 34, '2015-06-14 08:12:35'),
(1211, 246, 'LABOR', 'Labor', 'Labor', NULL, NULL, NULL, NULL, NULL, NULL, NULL, NULL, NULL, 34, '2015-06-14 09:19:57', 34, '2015-06-14 09:19:57'),
(1212, 246, 'EQUIPMENT', 'Equipment', 'Equipment', NULL, NULL, NULL, NULL, NULL, NULL, NULL, NULL, NULL, 34, '2015-06-14 09:19:58', 34, '2015-06-14 09:19:58'),
(1213, 246, 'CHARGEBACKS', 'Chargebacks', 'Chargebacks', NULL, NULL, NULL, NULL, NULL, NULL, NULL, NULL, NULL, 34, '2015-06-14 09:19:58', 34, '2015-06-14 09:19:58'),
(1214, 246, 'ACQUISITION_COSTS', 'Acquisition Costs', 'Acquisition Costs', NULL, NULL, NULL, NULL, NULL, NULL, NULL, NULL, NULL, 34, '2015-06-14 09:19:58', 34, '2015-06-14 09:19:58'),
(1215, 246, 'MATERIALS', 'Materials', 'Materials', NULL, NULL, NULL, NULL, NULL, NULL, NULL, NULL, NULL, 34, '2015-06-14 09:19:59', 34, '2015-06-14 09:19:59'),
(1216, 246, 'CONTRACTOR', 'Contractor', 'Contractor', NULL, NULL, NULL, NULL, NULL, NULL, NULL, NULL, NULL, 34, '2015-06-14 09:19:59', 34, '2015-06-14 09:19:59'),
(1217, 247, 'DIRECT', 'Direct', 'Direct', NULL, NULL, NULL, NULL, NULL, NULL, NULL, NULL, NULL, 34, '2015-06-14 09:25:13', 34, '2015-06-14 09:25:13'),
(1218, 247, 'LABOR', 'Labor', 'Labor', NULL, NULL, NULL, NULL, NULL, NULL, NULL, NULL, NULL, 34, '2015-06-14 09:25:14', 34, '2015-06-14 09:25:14'),
(1219, 247, 'CHARGEBACKS', 'Chargebacks', 'Chargebacks', NULL, NULL, NULL, NULL, NULL, NULL, NULL, NULL, NULL, 34, '2015-06-14 09:25:15', 34, '2015-06-14 09:25:15'),
(1220, 247, 'EQUIPMENT', 'Equipment', 'Equipment', NULL, NULL, NULL, NULL, NULL, NULL, NULL, NULL, NULL, 34, '2015-06-14 09:25:15', 34, '2015-06-14 09:25:15'),
(1221, 247, 'INDIRECT', 'Indirect', 'Indirect', NULL, NULL, NULL, NULL, NULL, NULL, NULL, NULL, NULL, 34, '2015-06-14 09:25:15', 34, '2015-06-14 09:25:15'),
(1222, 247, 'SALES_REVENUE', 'Sales Revenue', 'Sales Revenue', NULL, NULL, NULL, NULL, NULL, NULL, NULL, NULL, NULL, 34, '2015-06-14 09:25:16', 34, '2015-06-14 09:25:16'),
(1223, 248, 'ITEM', 'Material Items', 'Material Items', NULL, NULL, NULL, NULL, NULL, NULL, NULL, NULL, NULL, 34, '2015-06-14 15:22:16', 34, '2015-06-14 15:22:16'),
(1224, 248, 'LABOR', 'Labor', 'Labor', NULL, NULL, NULL, NULL, NULL, NULL, NULL, NULL, NULL, 34, '2015-06-14 15:22:16', 34, '2015-06-14 15:22:16'),
(1225, 248, 'FINANCE', 'Financial Elements', 'Financial Elements', NULL, NULL, NULL, NULL, NULL, NULL, NULL, NULL, NULL, 34, '2015-06-14 15:22:17', 34, '2015-06-14 15:22:17'),
(1226, 248, 'EQUIPMENT', 'Equipment', 'Equipment', NULL, NULL, NULL, NULL, NULL, NULL, NULL, NULL, NULL, 34, '2015-06-14 15:22:17', 34, '2015-06-14 15:22:17'),
(1227, 250, 'BENEFITS', 'Benefits', 'Benefits', NULL, NULL, NULL, NULL, NULL, NULL, NULL, NULL, NULL, 34, '2015-06-21 06:38:00', 34, '2015-06-21 06:38:00'),
(1228, 250, 'CONTRACT_ADMINISTRATION', 'Contract Administration', 'Contract Administration', NULL, NULL, NULL, NULL, NULL, NULL, NULL, NULL, NULL, 34, '2015-06-21 06:38:00', 34, '2015-06-21 06:38:00'),
(1229, 250, 'BUDGET_CONTROL', 'Budget Control', 'Budget Control', NULL, NULL, NULL, NULL, NULL, NULL, NULL, NULL, NULL, 34, '2015-06-21 06:38:01', 34, '2015-06-21 06:38:01'),
(1230, 250, 'BUSINESS_DEVELOPMENT', 'Business Development', 'Business Development', NULL, NULL, NULL, NULL, NULL, NULL, NULL, NULL, NULL, 34, '2015-06-21 06:38:01', 34, '2015-06-21 06:38:01'),
(1231, 250, 'BUILD', 'Build', 'Build', NULL, NULL, NULL, NULL, NULL, NULL, NULL, NULL, NULL, 34, '2015-06-21 06:38:02', 34, '2015-06-21 06:38:02'),
(1232, 250, 'CONTRACT CHANGE MANAGEMENT', 'Contract Change Management', 'Contract Change Management', NULL, NULL, NULL, NULL, NULL, NULL, NULL, NULL, NULL, 34, '2015-06-21 06:38:02', 34, '2015-06-21 06:38:02'),
(1233, 251, 'LOWEST_TASK', 'Lowest Task', 'Lowest Task', NULL, NULL, NULL, NULL, NULL, NULL, NULL, NULL, NULL, 34, '2015-06-22 07:24:45', 34, '2015-06-22 07:24:45'),
(1234, 251, 'LOWEST_TASK_PERIOD', 'Lowest Task, Period', 'Lowest Task, Period', NULL, NULL, NULL, NULL, NULL, NULL, NULL, NULL, NULL, 34, '2015-06-22 07:24:46', 34, '2015-06-22 07:24:46'),
(1235, 251, 'TOP_TASK_DATE', 'Top Task, Date Range', 'Top Task, Date Range', NULL, NULL, NULL, NULL, NULL, NULL, NULL, NULL, NULL, 34, '2015-06-22 07:24:46', 34, '2015-06-22 07:24:46'),
(1236, 251, 'LOWEST_TASK_DATE', 'Lowest Task, Date Range', 'Lowest Task, Date Range', NULL, NULL, NULL, NULL, NULL, NULL, NULL, NULL, NULL, 34, '2015-06-22 07:24:47', 34, '2015-06-22 07:24:47'),
(1237, 251, 'TOP_TASK', 'Top Task', 'Equipment', NULL, NULL, NULL, NULL, NULL, NULL, NULL, NULL, NULL, 34, '2015-06-22 07:24:47', 34, '2015-06-22 07:24:47'),
(1238, 251, 'TOP_TASK_PERIOD', 'Top Task, Period', 'Top Task, Period', NULL, NULL, NULL, NULL, NULL, NULL, NULL, NULL, NULL, 34, '2015-06-22 07:24:48', 34, '2015-06-22 07:24:48'),
(1239, 251, 'PROJECT_PERIOD', 'Project by Period', 'Project by Period', NULL, NULL, NULL, NULL, NULL, NULL, NULL, NULL, NULL, 34, '2015-06-22 07:24:48', 34, '2015-06-22 07:24:48'),
(1240, 251, 'WORK_ORDER', 'Work Order', 'Work Order', NULL, NULL, NULL, NULL, NULL, NULL, NULL, NULL, NULL, 34, '2015-06-22 07:24:49', 34, '2015-06-22 07:24:49'),
(1241, 252, 'APPR_COST', 'Approved Cost', 'Approved Cost', NULL, NULL, NULL, 'C', NULL, NULL, NULL, NULL, NULL, 34, '2015-07-03 15:29:09', 34, '2015-10-13 03:51:36'),
(1242, 252, 'APPR_REV', 'Approved Revenue', 'Approved Revenue', NULL, NULL, NULL, 'R', NULL, NULL, NULL, NULL, NULL, 34, '2015-07-03 15:29:09', 34, '2015-10-13 03:51:35'),
(1243, 252, 'COST_EST', 'Cost Estimate', 'Cost Estimate', NULL, NULL, NULL, 'C', NULL, NULL, NULL, NULL, NULL, 34, '2015-07-03 15:29:09', 34, '2015-10-13 03:51:36'),
(1244, 252, 'REV_EST', 'Revenue Estimate', 'Revenue Estimate', NULL, NULL, NULL, 'R', NULL, NULL, NULL, NULL, NULL, 34, '2015-07-03 15:29:09', 34, '2015-10-13 03:51:36'),
(1245, 252, 'COST_FORECAST', 'Cost Forecast', 'Cost Forecast', NULL, NULL, NULL, 'C', NULL, NULL, NULL, NULL, NULL, 34, '2015-07-03 15:29:10', 34, '2015-10-13 03:51:36'),
(1246, 252, 'REV_FORECAST', 'Revenue Forecast', 'Revenue Forecast', NULL, NULL, NULL, 'R', NULL, NULL, NULL, NULL, NULL, 34, '2015-07-03 15:29:10', 34, '2015-10-13 03:51:37'),
(1247, 253, 'IN', 'Initiation', 'Initiation', NULL, 1, NULL, NULL, NULL, NULL, NULL, NULL, NULL, 34, '2015-07-08 03:35:44', 34, '2015-07-08 05:05:38'),
(1248, 253, 'PL', 'Planning', 'Planning', NULL, 2, NULL, NULL, NULL, NULL, NULL, NULL, NULL, 34, '2015-07-08 03:35:44', 34, '2015-07-08 05:05:38'),
(1249, 253, 'EX', 'Execution', 'Execution', NULL, 3, NULL, NULL, NULL, NULL, NULL, NULL, NULL, 34, '2015-07-08 03:35:44', 34, '2015-07-08 05:05:38'),
(1250, 253, 'MC', 'Monitoring & Control', 'Monitoring & Control', NULL, 4, NULL, NULL, NULL, NULL, NULL, NULL, NULL, 34, '2015-07-08 03:35:44', 34, '2015-07-08 05:05:38'),
(1251, 253, 'CL', 'Closure', 'Closure', NULL, 5, NULL, NULL, NULL, NULL, NULL, NULL, NULL, 34, '2015-07-08 03:35:44', 34, '2015-07-08 05:05:39'),
(1252, 253, 'DE', 'Definition', 'Definition', NULL, 6, NULL, NULL, NULL, NULL, NULL, NULL, NULL, 34, '2015-07-08 03:35:44', 34, '2015-07-08 05:05:39'),
(1253, 254, 'REALIZED_GAIN', 'Realized Gain', 'Realized Gain', NULL, NULL, NULL, NULL, NULL, NULL, NULL, NULL, NULL, 34, '2015-07-10 06:07:14', 34, '2015-07-10 06:07:14'),
(1254, 254, 'WRITE_ON', 'Write On', 'Write On - Increase Revenue', NULL, NULL, NULL, NULL, NULL, NULL, NULL, NULL, NULL, 34, '2015-07-10 06:07:14', 34, '2015-07-10 06:07:14'),
(1255, 254, 'AUTO', 'Automatic', 'Revenue & Invoive amounts can be entred  automatically', NULL, NULL, NULL, NULL, NULL, NULL, NULL, NULL, NULL, 34, '2015-07-10 06:07:14', 34, '2015-07-10 06:07:14'),
(1256, 254, 'WRITE_OFF', 'Write Off', 'Write Off - Reduce Revenue', NULL, NULL, NULL, NULL, NULL, NULL, NULL, NULL, NULL, 34, '2015-07-10 06:07:14', 34, '2015-07-10 06:07:14'),
(1257, 254, 'MANUAL', 'Manual', 'Revenue & Invoive amounts can be entred  manually', NULL, NULL, NULL, NULL, NULL, NULL, NULL, NULL, NULL, 34, '2015-07-10 06:07:14', 34, '2015-07-10 06:07:14'),
(1258, 254, 'REALIZED_LOSS', 'Realized Loss', 'Realized Loss', NULL, NULL, NULL, NULL, NULL, NULL, NULL, NULL, NULL, 34, '2015-07-10 06:07:14', 34, '2015-07-10 06:07:14'),
(1259, 255, 'APPROVED', 'Approved', 'Approved', NULL, NULL, NULL, NULL, NULL, NULL, NULL, NULL, NULL, 34, '2015-07-17 15:06:55', 34, '2015-07-17 15:06:55'),
(1260, 255, 'INPROCESS', 'Inprocess', 'Inprocess', NULL, NULL, NULL, NULL, NULL, NULL, NULL, NULL, NULL, 34, '2015-07-17 15:06:55', 34, '2015-07-17 15:06:55'),
(1261, 255, 'ENTERED', 'Entered', 'Entered', NULL, NULL, NULL, NULL, NULL, NULL, NULL, NULL, NULL, 34, '2015-07-17 15:06:56', 34, '2015-07-17 15:06:56'),
(1262, 255, 'REAPPROVAL', 'Require ReApproval', 'Require ReApproval', NULL, NULL, NULL, NULL, NULL, NULL, NULL, NULL, NULL, 34, '2015-07-17 15:06:56', 34, '2015-07-17 15:06:56'),
(1263, 255, 'ONHOLD', 'On Hold', 'On Hold', NULL, NULL, NULL, NULL, NULL, NULL, NULL, NULL, NULL, 34, '2015-07-17 15:06:56', 34, '2015-07-17 15:06:56'),
(1264, 256, 'EMPLOYEE', 'Employee', 'Employee', NULL, NULL, NULL, NULL, NULL, NULL, NULL, NULL, NULL, 34, '2015-07-21 08:05:38', 34, '2015-07-21 08:06:52'),
(1265, 256, 'INTERNAL', 'Internal', 'Internal Supplier', NULL, NULL, NULL, NULL, NULL, NULL, NULL, NULL, NULL, 34, '2015-07-21 08:05:38', 34, '2015-07-21 08:06:51'),
(1266, 256, 'VMI', 'VMI', 'VMI', NULL, NULL, NULL, NULL, NULL, NULL, NULL, NULL, NULL, 34, '2015-07-21 08:05:38', 34, '2015-07-21 08:06:51'),
(1267, 256, 'FOREIGN', 'Foreign', 'Foreign', NULL, NULL, NULL, NULL, NULL, NULL, NULL, NULL, NULL, 34, '2015-07-21 08:06:51', 34, '2015-07-21 08:06:51'),
(1268, 256, 'EXTN_SUPPLIER', 'External Supplier', 'External Supplier', NULL, NULL, NULL, NULL, NULL, NULL, NULL, NULL, NULL, 34, '2015-07-21 08:16:51', 34, '2015-07-21 08:16:51'),
(1269, 257, 'TIMESHEET_REVENUE', 'Labor Revenue', 'Labor Revenue', NULL, NULL, NULL, 'TIMESHEET', NULL, NULL, NULL, NULL, NULL, 34, '2015-08-21 11:45:24', 34, '2015-09-27 09:33:05'),
(1270, 257, 'INV_CLEAR', 'Inventory Expenditure Clearing', 'Inventory Expenditure Clearing', NULL, NULL, NULL, 'INV', NULL, NULL, NULL, NULL, NULL, 34, '2015-08-21 11:45:25', 34, '2015-09-27 09:34:44'),
(1271, 257, 'INV_EXPEN', 'Inventory Expenditure', 'Inventory Expenditure', NULL, NULL, NULL, 'INV', NULL, NULL, NULL, NULL, NULL, 34, '2015-08-21 11:45:25', 34, '2015-09-27 09:15:25'),
(1272, 257, 'INV_REVENUE', 'Inventory Revenue', 'Inventory Revenue', NULL, NULL, NULL, 'INV', NULL, NULL, NULL, NULL, NULL, 34, '2015-08-21 11:45:26', 34, '2015-09-27 09:15:24'),
(1273, 257, 'TIMESHEET_CLEAR', 'Labor Expenditure Clearing', 'Labor Expenditure Clearing', NULL, NULL, NULL, 'TIMESHEET', NULL, NULL, NULL, NULL, NULL, 34, '2015-08-21 11:45:26', 34, '2015-09-27 09:34:44'),
(1274, 257, 'TIMESHEET_EXPEN', 'Labor Expenditure ', 'Labor Expenditure ', NULL, NULL, NULL, 'TIMESHEET', NULL, NULL, NULL, NULL, NULL, 34, '2015-08-21 11:45:26', 34, '2015-09-27 09:33:05'),
(1275, 258, 'ACCOMMODATION', 'Accommodation', 'Accommodation', NULL, NULL, NULL, NULL, NULL, NULL, NULL, NULL, NULL, 34, '2015-08-24 03:45:21', 34, '2015-08-24 03:45:21'),
(1276, 258, 'MEALS', 'Meals', 'Meals', NULL, NULL, NULL, NULL, NULL, NULL, NULL, NULL, NULL, 34, '2015-08-24 03:45:22', 34, '2015-08-24 03:45:22'),
(1277, 258, 'MILEAGE', 'Mileage', 'Mileage', NULL, NULL, NULL, NULL, NULL, NULL, NULL, NULL, NULL, 34, '2015-08-24 03:45:22', 34, '2015-08-24 03:45:22'),
(1278, 258, 'AIR_FARE', 'Air Fare', 'Air Fare', NULL, NULL, NULL, NULL, NULL, NULL, NULL, NULL, NULL, 34, '2015-08-24 03:45:23', 34, '2015-08-24 03:45:23'),
(1279, 258, 'CAR_RENTAL', 'Car Rental', 'Car Rental', NULL, NULL, NULL, NULL, NULL, NULL, NULL, NULL, NULL, 34, '2015-08-24 03:45:23', 34, '2015-08-24 03:45:23'),
(1280, 258, 'PER_DIEM', 'Per Diem', 'Per Diem', NULL, NULL, NULL, NULL, NULL, NULL, NULL, NULL, NULL, 34, '2015-08-24 03:45:23', 34, '2015-08-24 03:45:23'),
(1281, 258, 'TRANSPORT', 'Transport', 'Transport', NULL, NULL, NULL, NULL, NULL, NULL, NULL, NULL, NULL, 34, '2015-08-24 03:45:24', 34, '2015-08-24 03:45:24'),
(1282, 258, 'MISCELLANEOUS', 'Miscellaneous', 'Miscellaneous', NULL, NULL, NULL, NULL, NULL, NULL, NULL, NULL, NULL, 34, '2015-08-24 03:45:24', 34, '2015-08-24 03:45:24'),
(1283, 259, 'COUNTRY', 'Country', 'Country', 14, 1, NULL, NULL, NULL, NULL, NULL, '2001-01-01', NULL, 34, '2015-08-24 12:12:51', 34, '2015-08-24 12:17:28'),
(1284, 259, 'CITY', 'City', 'City', 13, 1, NULL, NULL, NULL, NULL, NULL, '2001-01-01', NULL, 34, '2015-08-24 12:12:52', 34, '2015-08-24 12:17:27'),
(1285, 259, 'STATE', 'State', 'State', 15, 1, NULL, NULL, NULL, NULL, NULL, '2001-01-01', NULL, 34, '2015-08-24 12:12:52', 34, '2015-08-24 12:19:31'),
(1286, 151, 'HR_LOCATION', 'HR Location', 'HR Locations', NULL, NULL, NULL, NULL, NULL, NULL, NULL, NULL, NULL, 34, '2015-08-24 12:13:37', 34, '2015-08-24 12:13:37'),
(1287, 202, 'EXPENSE_CLAIM', 'Expense Claims', 'Expense Claims', NULL, NULL, NULL, NULL, NULL, NULL, NULL, NULL, NULL, 34, '2015-08-26 11:20:56', 34, '2015-08-26 11:20:56'),
(1288, 133, 'EXPENSE', 'Expense', 'Expense', NULL, NULL, NULL, NULL, NULL, NULL, NULL, NULL, NULL, 34, '2015-08-30 08:55:29', 34, '2015-08-30 08:55:56'),
(1289, 260, 'ELITE', 'Elite Femme', 'Elite Femme', NULL, NULL, NULL, NULL, NULL, NULL, NULL, NULL, NULL, 34, '2015-09-14 07:21:28', 34, '2015-09-14 07:21:28'),
(1290, 260, 'BASIC', 'Basic', 'Basic', NULL, NULL, NULL, NULL, NULL, NULL, NULL, NULL, NULL, 34, '2015-09-14 07:21:28', 34, '2015-09-14 07:21:28'),
(1291, 260, 'ORDINARY', 'Ordinary', 'Ordinary', NULL, NULL, NULL, NULL, NULL, NULL, NULL, NULL, NULL, 34, '2015-09-14 07:21:28', 34, '2015-09-14 07:21:28'),
(1292, 261, 'COMPULSORY', 'Compulsory', 'Compulsory', NULL, NULL, NULL, NULL, NULL, NULL, NULL, NULL, NULL, 34, '2015-09-14 13:53:30', 34, '2015-09-14 13:54:59'),
(1293, 261, 'SUPP_CHILD', 'Supplementary Child', 'Supplementary Child', NULL, NULL, NULL, NULL, NULL, NULL, NULL, NULL, NULL, 34, '2015-09-14 13:53:30', 34, '2015-09-14 13:57:32'),
(1294, 261, 'SUPP_DRIVER', 'Supplementary Driver', 'Supplementary Driver', NULL, NULL, NULL, NULL, NULL, NULL, NULL, NULL, NULL, 34, '2015-09-14 13:53:31', 34, '2015-09-14 13:57:33'),
(1296, 261, 'SUPP_CAR', 'Supplementary Car', 'Supplementary Car', NULL, NULL, NULL, NULL, NULL, NULL, NULL, NULL, NULL, 34, '2015-09-14 14:00:18', 34, '2015-09-15 03:46:29'),
(1297, 261, 'SUPP_SPOUSE', 'Supplementary Spouse', 'Supplementary Spouse', NULL, NULL, NULL, NULL, NULL, NULL, NULL, NULL, NULL, 34, '2015-09-15 03:46:28', 34, '2015-09-15 03:46:28'),
(1298, 262, 'IND_BNGLR_SVC', 'IN Bnglr Service', 'IN Bnglr Service', NULL, NULL, NULL, NULL, NULL, NULL, NULL, NULL, NULL, 34, '2015-09-24 09:11:17', 34, '2015-09-24 12:49:30'),
(1299, 262, 'IND_BNGLR_RD', 'IN Bnglr R&D', 'IN Bnglr R&D', NULL, NULL, NULL, NULL, NULL, NULL, NULL, NULL, NULL, 34, '2015-09-24 09:11:17', 34, '2015-09-24 12:49:30'),
(1300, 262, 'US_CA_SVC', 'US CA Service', 'US CA Service', NULL, NULL, NULL, NULL, NULL, NULL, NULL, NULL, NULL, 34, '2015-09-24 12:46:54', 34, '2015-09-24 12:49:31'),
(1301, 262, 'US_CA_RD', 'US CA R&D', 'US CA R&D', NULL, NULL, NULL, NULL, NULL, NULL, NULL, NULL, NULL, 34, '2015-09-24 12:46:54', 34, '2015-09-24 12:49:31'),
(1302, 257, 'UNBILL_RECE', 'Unbilled Receivable Account', 'Unbilled Receivable Account', NULL, NULL, NULL, NULL, NULL, NULL, NULL, NULL, NULL, 34, '2015-09-24 14:30:58', 34, '2015-09-24 14:30:58'),
(1303, 257, 'MISC_EXPEN', 'Miscellaneous Expenditure', 'Miscellaneous Expenditure', NULL, NULL, NULL, 'MISC', NULL, NULL, NULL, NULL, NULL, 34, '2015-09-27 08:31:47', 34, '2015-09-27 09:15:26'),
(1304, 257, 'USAGE_EXPEN', 'Usage Expenditure', 'Usage Expenditure', NULL, NULL, NULL, 'USAGE', NULL, NULL, NULL, NULL, NULL, 34, '2015-09-27 08:31:47', 34, '2015-09-27 09:15:26'),
(1305, 257, 'MISC_CLEAR', 'Miscellaneous Clear', 'Miscellaneous Clear', NULL, NULL, NULL, 'MISC', NULL, NULL, NULL, NULL, NULL, 34, '2015-09-27 08:31:47', 34, '2015-09-27 09:15:26'),
(1306, 257, 'USAGE_CLEAR', 'Usage Clear', 'Usage Clear', NULL, NULL, NULL, 'USAGE', NULL, NULL, NULL, NULL, NULL, 34, '2015-09-27 08:31:48', 34, '2015-09-27 09:15:41'),
(1307, 257, 'DEFAULT_EXPEN', 'Default Expenditure', 'Default Expenditure', NULL, NULL, NULL, NULL, NULL, NULL, NULL, NULL, NULL, 34, '2015-09-27 08:31:48', 34, '2015-09-27 08:31:48'),
(1308, 257, 'DEFAULT_EXPEN_CLEAR', 'Default Expenditure Clear', 'Default Expenditure Clear', NULL, NULL, NULL, NULL, NULL, NULL, NULL, NULL, NULL, 34, '2015-09-27 08:31:48', 34, '2015-09-27 08:31:48'),
(1309, 263, 'gl', 'General Ledger', 'General Ledger', NULL, NULL, NULL, NULL, NULL, NULL, NULL, NULL, NULL, 34, '2015-10-01 12:48:26', 34, '2015-10-01 12:50:00'),
(1310, 263, 'ap', 'Accounts Payable', 'Accounts Payable', NULL, NULL, NULL, NULL, NULL, NULL, NULL, NULL, NULL, 34, '2015-10-01 12:48:26', 34, '2015-10-01 12:50:00'),
(1311, 263, 'fa', 'Fixed Asset', 'Fixed Asset', NULL, NULL, NULL, NULL, NULL, NULL, NULL, NULL, NULL, 34, '2015-10-01 12:48:27', 34, '2015-10-01 12:50:00'),
(1312, 263, 'cm', 'Cash Managment', 'Cash Management', NULL, NULL, NULL, NULL, NULL, NULL, NULL, NULL, NULL, 34, '2015-10-01 12:48:27', 34, '2015-10-01 12:50:00'),
(1313, 263, 'ar', 'Accounts Receviable', 'Accounts Receviable', NULL, NULL, NULL, NULL, NULL, NULL, NULL, NULL, NULL, 34, '2015-10-01 12:48:27', 34, '2015-10-01 12:50:00'),
(1314, 263, 'inv', 'Inventory', 'Inventory', NULL, NULL, NULL, NULL, NULL, NULL, NULL, NULL, NULL, 34, '2015-10-01 12:48:27', 34, '2015-10-01 12:50:01'),
(1315, 263, 'pur', 'Purchasing', '201. Purchasing', NULL, NULL, NULL, NULL, NULL, NULL, NULL, NULL, NULL, 34, '2015-10-01 12:48:27', 34, '2015-10-01 12:48:27'),
(1316, 263, 'sd', 'Sales & Distribution', '202. Sales & Distribution', NULL, NULL, NULL, NULL, NULL, NULL, NULL, NULL, NULL, 34, '2015-10-01 12:48:27', 34, '2015-10-01 12:48:27'),
(1317, 263, 'bom', 'Bills of Material', '203. Bills of Material', NULL, NULL, NULL, NULL, NULL, NULL, NULL, NULL, NULL, 34, '2015-10-01 12:48:28', 34, '2015-10-01 12:48:28'),
(1318, 263, 'wip', 'Work In Process', '204. Work In Process', NULL, NULL, NULL, NULL, NULL, NULL, NULL, NULL, NULL, 34, '2015-10-01 12:48:28', 34, '2015-10-01 12:48:28'),
(1319, 263, 'fp', 'Forecast & Planning', '205. Forecast & Planning', NULL, NULL, NULL, NULL, NULL, NULL, NULL, NULL, NULL, 34, '2015-10-01 12:48:28', 34, '2015-10-01 12:48:28'),
(1320, 263, 'sys', 'System', '1. System', NULL, NULL, NULL, NULL, NULL, NULL, NULL, NULL, NULL, 34, '2015-10-01 12:48:28', 34, '2015-10-01 12:48:28'),
(1321, 263, 'org', 'Organization', '2. Organization', NULL, NULL, NULL, NULL, NULL, NULL, NULL, NULL, NULL, 34, '2015-10-01 12:48:28', 34, '2015-10-01 12:48:28'),
(1322, 263, 'ext', 'Extension', '900. Extension', NULL, NULL, NULL, NULL, NULL, NULL, NULL, NULL, NULL, 34, '2015-10-01 12:48:29', 34, '2015-10-01 12:48:29'),
(1323, 263, 'hr', 'Human Resource', '300. HR', NULL, NULL, NULL, NULL, NULL, NULL, NULL, NULL, NULL, 34, '2015-10-01 12:48:29', 34, '2015-10-01 12:48:29'),
(1324, 263, 'cc', 'Change Control', '800. Change Control', NULL, NULL, NULL, NULL, NULL, NULL, NULL, NULL, NULL, 34, '2015-10-01 12:48:29', 34, '2015-10-01 12:48:29'),
(1325, 263, 'da', 'Document & Analysis', '903. Document & Analysis', NULL, NULL, NULL, NULL, NULL, NULL, NULL, NULL, NULL, 34, '2015-10-01 12:48:29', 34, '2015-10-01 12:48:29'),
(1326, 263, 'pos', 'Point Of Sale', '206. Point Of Sale', NULL, NULL, NULL, NULL, NULL, NULL, NULL, NULL, NULL, 34, '2015-10-01 12:48:29', 34, '2015-10-01 12:48:29'),
(1327, 263, 'am', 'Asset Maintenance', '210.Asset Maintenance', NULL, NULL, NULL, NULL, NULL, NULL, NULL, NULL, NULL, 34, '2015-10-01 12:48:30', 34, '2015-10-01 12:48:30'),
(1328, 263, 'adm', 'Admin', '911.Admin', NULL, NULL, NULL, NULL, NULL, NULL, NULL, NULL, NULL, 34, '2015-10-01 12:48:30', 34, '2015-10-01 12:48:30'),
(1329, 263, 'ec', 'eCommerce', '210.eCommerce', NULL, NULL, NULL, NULL, NULL, NULL, NULL, NULL, NULL, 34, '2015-10-01 12:48:30', 34, '2015-10-01 12:48:30'),
(1330, 263, 'hd', 'Help Desk', '911. Help Desk', NULL, NULL, NULL, NULL, NULL, NULL, NULL, NULL, NULL, 34, '2015-10-01 12:48:30', 34, '2015-10-01 12:48:30'),
(1331, 263, 'cst', 'Costing', '212.Costing', NULL, NULL, NULL, NULL, NULL, NULL, NULL, NULL, NULL, 34, '2015-10-01 12:48:30', 34, '2015-10-01 12:48:30'),
(1332, 263, 'prj', 'Projects', '400. Projects', NULL, NULL, NULL, NULL, NULL, NULL, NULL, NULL, NULL, 34, '2015-10-01 12:48:30', 34, '2015-10-01 12:48:30'),
(1333, 263, 'man', 'Manual', 'Manual', NULL, NULL, NULL, NULL, NULL, NULL, NULL, NULL, NULL, 34, '2015-10-01 12:50:01', 34, '2015-10-01 12:50:01'),
(1334, 257, 'UNEARNED_REVENUE', 'Unearned Revenue', 'Unearned Revenue', NULL, NULL, NULL, NULL, NULL, NULL, NULL, NULL, NULL, 34, '2015-10-12 05:26:50', 34, '2015-10-12 05:26:50'),
(1335, 257, 'REVENUE', 'Revenue', 'Revenue', NULL, NULL, NULL, NULL, NULL, NULL, NULL, NULL, NULL, 34, '2015-10-12 05:26:51', 34, '2015-10-12 05:26:51'),
(1336, 182, 'qa', 'Quality', '213.Quality', NULL, NULL, NULL, NULL, NULL, NULL, NULL, NULL, NULL, 34, '2015-11-02 03:27:42', 34, '2015-11-02 03:29:06'),
(1339, 264, 'CAUSE', 'Cause', 'Cause', NULL, NULL, NULL, NULL, NULL, NULL, NULL, NULL, NULL, 34, '2015-11-02 03:31:59', 34, '2015-11-02 03:31:59'),
(1340, 264, 'ACTION', 'Action', 'Action', NULL, NULL, NULL, NULL, NULL, NULL, NULL, NULL, NULL, 34, '2015-11-02 03:31:59', 34, '2015-11-02 03:31:59'),
(1341, 264, 'COMMENT', 'Comment', 'Comment', NULL, NULL, NULL, NULL, NULL, NULL, NULL, NULL, NULL, 34, '2015-11-02 03:31:59', 34, '2015-11-02 03:31:59'),
(1342, 264, 'ATTRIBUTE', 'Attribute', 'Quality attribute', NULL, NULL, NULL, NULL, NULL, NULL, NULL, NULL, NULL, 34, '2015-11-02 03:32:00', 34, '2015-11-02 03:32:00'),
(1343, 264, 'VARIABLE', 'Variable', 'Variable', NULL, NULL, NULL, NULL, NULL, NULL, NULL, NULL, NULL, 34, '2015-11-02 03:32:00', 34, '2015-11-02 03:32:00'),
(1344, 264, 'REFERENCE', 'Reference Information', 'Reference Information', NULL, NULL, NULL, NULL, NULL, NULL, NULL, NULL, NULL, 34, '2015-11-02 03:32:00', 34, '2015-11-02 03:32:00'),
(1345, 265, 'EQUIP_MONITOR', 'Equipment Monitoring', 'Equipment Monitoring', NULL, NULL, NULL, NULL, NULL, NULL, NULL, NULL, NULL, 34, '2015-11-06 03:30:39', 34, '2015-11-06 03:30:39'),
(1346, 265, 'WIP_INSP', 'WIP Inspection', 'WIP Inspection', NULL, NULL, NULL, NULL, NULL, NULL, NULL, NULL, NULL, 34, '2015-11-06 03:30:39', 34, '2015-11-06 03:30:39'),
(1347, 265, 'SAFTEY_PLAN', 'Safety Plan', 'Safety Plan', NULL, NULL, NULL, NULL, NULL, NULL, NULL, NULL, NULL, 34, '2015-11-06 03:30:39', 34, '2015-11-06 03:30:39'),
(1348, 265, 'RECEIVING_INSP', 'Receiving Inspection', 'Receiving Inspection', NULL, NULL, NULL, NULL, NULL, NULL, NULL, NULL, NULL, 34, '2015-11-06 03:30:39', 34, '2015-11-06 03:30:39'),
(1349, 265, 'WIP_WOLC', 'Work Order Completion', 'Work Order Completion', NULL, NULL, NULL, NULL, NULL, NULL, NULL, NULL, NULL, 34, '2015-11-06 03:30:40', 34, '2015-11-06 03:30:40'),
(1350, 265, 'EQUIP_ANALYSIS', 'Equipment Analysis', 'Equipment Analysis', NULL, NULL, NULL, NULL, NULL, NULL, NULL, NULL, NULL, 34, '2015-11-06 03:30:40', 34, '2015-11-06 03:30:40'),
(1351, 265, 'FIELD_RETURN', 'Field Returns', 'Field Returns', NULL, NULL, NULL, NULL, NULL, NULL, NULL, NULL, NULL, 34, '2015-11-06 03:30:40', 34, '2015-11-06 03:30:40'),
(1352, 265, 'FAIL_ANALYSIS', 'Failure Analysis', 'Failure Analysis', NULL, NULL, NULL, NULL, NULL, NULL, NULL, NULL, NULL, 34, '2015-11-06 03:30:40', 34, '2015-11-06 03:30:40'),
(1353, 265, 'EQUIP_MAINTENANCE', 'Maintenance Inspection', 'Maintenance Inspection', NULL, NULL, NULL, NULL, NULL, NULL, NULL, NULL, NULL, 34, '2015-11-06 03:30:40', 34, '2015-11-06 03:30:40'),
(1354, 265, 'INSP_CHECKLIST', 'Inspection Checklist', 'Inspection Checklist', NULL, NULL, NULL, NULL, NULL, NULL, NULL, NULL, NULL, 34, '2015-11-06 03:30:40', 34, '2015-11-06 03:30:40'),
(1355, 265, 'NON_CONFIRM', 'Nonconformance Plan', 'Nonconformance Plan', NULL, NULL, NULL, NULL, NULL, NULL, NULL, NULL, NULL, 34, '2015-11-06 03:30:41', 34, '2015-11-06 03:30:41'),
(1356, 265, 'OTHERS', 'Others', 'Others', NULL, NULL, NULL, NULL, NULL, NULL, NULL, NULL, NULL, 34, '2015-11-06 03:30:41', 34, '2015-11-06 03:30:41'),
(1357, 266, 'org.org_code', 'Org Code', 'Org Code', NULL, NULL, NULL, NULL, NULL, NULL, NULL, NULL, NULL, 34, '2015-11-06 09:21:13', 34, '2015-11-06 09:21:13'),
(1358, 266, 'org.org_id', 'Org Id', 'Org Id', NULL, NULL, NULL, NULL, NULL, NULL, NULL, NULL, NULL, 34, '2015-11-06 09:21:14', 34, '2015-11-06 09:21:14'),
(1359, 266, 'po_header.po_number', 'PO Number', 'PO Number', NULL, NULL, NULL, NULL, NULL, NULL, NULL, NULL, NULL, 34, '2015-11-06 09:21:14', 34, '2015-11-06 09:21:14'),
(1360, 266, 'item.item_id_m', 'Master Item Id', 'Master Item Id', NULL, NULL, NULL, NULL, NULL, NULL, NULL, NULL, NULL, 34, '2015-11-06 09:21:14', 34, '2015-11-06 09:21:14'),
(1361, 266, 'supplier.supplier_id', 'Supplier Id', 'Supplier Id', NULL, NULL, NULL, NULL, NULL, NULL, NULL, NULL, NULL, 34, '2015-11-06 09:21:14', 34, '2015-11-06 09:21:14'),
(1362, 266, 'item.item_number', 'Item Number', 'Item Number', NULL, NULL, NULL, NULL, NULL, NULL, NULL, NULL, NULL, 34, '2015-11-06 09:21:14', 34, '2015-11-06 09:21:14'),
(1363, 266, 'subinventory.subinventory_id', 'Subinventory Id', 'Subinventory Id', NULL, NULL, NULL, NULL, NULL, NULL, NULL, NULL, NULL, 34, '2015-11-06 09:21:14', 34, '2015-11-06 09:21:14'),
(1364, 267, 'REJECT', 'Reject Shipment', 'Reject Shipment', NULL, NULL, NULL, NULL, NULL, NULL, NULL, NULL, NULL, 34, '2015-11-07 11:43:45', 34, '2015-11-07 11:43:45'),
(1365, 267, 'ACCEPT', 'Accept Shipment', 'Accept Shipment', NULL, NULL, NULL, NULL, NULL, NULL, NULL, NULL, NULL, 34, '2015-11-07 11:43:45', 34, '2015-11-07 11:43:45'),
(1366, 267, 'PO_HOLD', 'Place PO On Hold', 'Place PO On Hold', NULL, NULL, NULL, NULL, NULL, NULL, NULL, NULL, NULL, 34, '2015-11-07 11:43:45', 34, '2015-11-07 11:43:45'),
(1367, 267, 'REJECT_NIPUT', 'Reject Input', 'Reject Input', NULL, NULL, NULL, NULL, NULL, NULL, NULL, NULL, NULL, 34, '2015-11-07 11:43:45', 34, '2015-11-07 11:43:45'),
(1368, 267, 'WO_HOLD', 'Place WO On Hold', 'Place WO On Hold', NULL, NULL, NULL, NULL, NULL, NULL, NULL, NULL, NULL, 34, '2015-11-07 11:43:45', 34, '2015-11-07 11:43:45'),
(1369, 267, 'SUPPLIER_HOLD', 'Place Supplier On Hold', 'Place Supplier On Hold', NULL, NULL, NULL, NULL, NULL, NULL, NULL, NULL, NULL, 34, '2015-11-07 11:43:46', 34, '2015-11-07 11:43:46'),
(1370, 267, 'CREATE_WO', 'Create WO', 'Create WO', NULL, NULL, NULL, NULL, NULL, NULL, NULL, NULL, NULL, 34, '2015-11-07 11:43:46', 34, '2015-11-07 11:43:46'),
(1371, 267, 'DISPLAY_MESSAGE', 'Display a message', 'Display a message', NULL, NULL, NULL, NULL, NULL, NULL, NULL, NULL, NULL, 34, '2015-11-07 11:43:46', 34, '2015-11-07 11:43:46'),
(1372, 267, 'SEND_NOTIFICATION', 'Send Notification', 'Send Notification', NULL, NULL, NULL, NULL, NULL, NULL, NULL, NULL, NULL, 34, '2015-11-07 11:43:46', 34, '2015-11-07 11:43:46'),
(1373, 267, 'LOT_STATUS', 'Assign Lot Status', 'Assign Lot Status', NULL, NULL, NULL, NULL, NULL, NULL, NULL, NULL, NULL, 34, '2015-11-07 11:43:47', 34, '2015-11-07 11:43:47'),
(1374, 267, 'SN_STATUS', 'Assign Serial Status', 'Assign Serial Status', NULL, NULL, NULL, NULL, NULL, NULL, NULL, NULL, NULL, 34, '2015-11-07 11:43:47', 34, '2015-11-07 11:43:47'),
(1375, 267, 'RUN_PROGRAM', 'Run Program', 'Run Program', NULL, NULL, NULL, NULL, NULL, NULL, NULL, NULL, NULL, 34, '2015-11-07 11:43:47', 34, '2015-11-07 11:43:47'),
(1376, 224, 'it_IT', 'Italian', 'Italian-italiano', NULL, NULL, NULL, NULL, NULL, NULL, NULL, NULL, NULL, 34, '2015-11-11 03:47:03', 34, '2015-11-11 03:47:03'),
(1377, 266, 'category.category', 'Category', 'Category', NULL, NULL, NULL, NULL, NULL, NULL, NULL, NULL, NULL, 34, '2015-11-12 05:23:06', 34, '2015-11-12 05:23:06'),
(1378, 266, 'supplier.supplier_name', 'Supplier Name', 'Supplier Name', NULL, NULL, NULL, NULL, NULL, NULL, NULL, NULL, NULL, 34, '2015-11-12 05:40:26', 34, '2015-11-12 05:40:26'),
(1379, 182, 'pm', 'Process Manufacturing', 'Process Manufacturing', NULL, NULL, NULL, NULL, NULL, NULL, NULL, NULL, NULL, 34, '2016-02-11 08:43:54', 34, '2016-02-11 08:43:54'),
(1380, 268, 'BLEND', 'Blending Formula', 'Blending Formula', NULL, NULL, NULL, NULL, NULL, NULL, NULL, NULL, NULL, 34, '2016-03-08 06:28:43', 34, '2016-03-08 08:12:55'),
(1381, 268, 'PROCESS', 'Production Formula', 'Production Formula', NULL, NULL, NULL, NULL, NULL, NULL, NULL, NULL, NULL, 34, '2016-03-08 06:28:43', 34, '2016-03-08 08:12:57'),
(1382, 268, 'COST', 'Costing Formula', 'Costing Formula', NULL, NULL, NULL, NULL, NULL, NULL, NULL, NULL, NULL, 34, '2016-03-08 06:28:43', 34, '2016-03-08 08:12:56'),
(1383, 268, 'MIX', 'Mixing Formula', 'Mixing Formula', NULL, NULL, NULL, NULL, NULL, NULL, NULL, NULL, NULL, 34, '2016-03-08 06:28:43', 34, '2016-03-08 08:12:56'),
(1384, 268, 'PKG', 'Packaging Formula', 'Packaging Formula', NULL, NULL, NULL, NULL, NULL, NULL, NULL, NULL, NULL, 34, '2016-03-08 06:28:44', 34, '2016-03-08 08:12:56'),
(1385, 268, 'CAPSULE', 'Capsulation Formula', 'Capsulation Formula', NULL, NULL, NULL, NULL, NULL, NULL, NULL, NULL, NULL, 34, '2016-03-08 06:28:44', 34, '2016-03-08 08:12:57'),
(1386, 269, 'BRKDOWN', 'Break Down', 'Break Down', NULL, NULL, NULL, NULL, NULL, NULL, NULL, NULL, NULL, 34, '2016-03-14 10:24:39', 34, '2016-03-14 10:24:39'),
(1387, 269, 'RUNTIME', 'Run Time', 'Run Time', NULL, NULL, NULL, NULL, NULL, NULL, NULL, NULL, NULL, 34, '2016-03-14 10:24:39', 34, '2016-03-14 10:24:39'),
(1388, 269, 'PREPROCESS', 'Pre Process', 'Pre Process', NULL, NULL, NULL, NULL, NULL, NULL, NULL, NULL, NULL, 34, '2016-03-14 10:24:39', 34, '2016-03-14 10:24:39'),
(1389, 269, 'PKG', 'Packaging', 'Packaging', NULL, NULL, NULL, NULL, NULL, NULL, NULL, NULL, NULL, 34, '2016-03-14 10:24:39', 34, '2016-03-14 10:24:39'),
(1390, 269, 'WASH', 'Washing', 'Washing', NULL, NULL, NULL, NULL, NULL, NULL, NULL, NULL, NULL, 34, '2016-03-14 10:24:40', 34, '2016-03-14 10:24:40'),
(1391, 269, 'BLEND', 'Blend', 'Blend', NULL, NULL, NULL, NULL, NULL, NULL, NULL, NULL, NULL, 34, '2016-03-14 10:24:40', 34, '2016-03-14 10:24:40'),
(1392, 269, 'HEAT', 'Heat', 'Heat', NULL, NULL, NULL, NULL, NULL, NULL, NULL, NULL, NULL, 34, '2016-03-14 10:24:40', 34, '2016-03-14 10:24:40'),
(1393, 269, 'DRY', 'Dry', 'Dry', NULL, NULL, NULL, NULL, NULL, NULL, NULL, NULL, NULL, 34, '2016-03-14 10:24:41', 34, '2016-03-14 10:24:41'),
(1394, 269, 'COOL', 'Cooling', 'Cooling', NULL, NULL, NULL, NULL, NULL, NULL, NULL, NULL, NULL, 34, '2016-03-14 10:24:41', 34, '2016-03-14 10:24:41'),
(1395, 269, 'FILTER', 'Filtering', 'Filtering', NULL, NULL, NULL, NULL, NULL, NULL, NULL, NULL, NULL, 34, '2016-03-14 10:24:41', 34, '2016-03-14 10:24:41'),
(1396, 142, 'PROCESS', 'Process', 'Process Batch', NULL, NULL, NULL, NULL, NULL, NULL, NULL, '2016-04-02', '2016-04-02', 34, '2016-04-02 15:03:56', 34, '2016-04-02 15:03:56'),
(1397, 86, 'PM', 'PM', 'Process Manufacturing', NULL, NULL, NULL, NULL, NULL, NULL, NULL, NULL, NULL, 34, '2016-05-17 04:17:57', 34, '2016-05-17 04:17:57'),
(1398, 157, 'AR_ADJUSTMENT', 'AR Adjustments', 'AR Adjustments', NULL, NULL, NULL, NULL, NULL, NULL, NULL, NULL, NULL, 34, '2016-06-25 17:25:56', 34, '2016-06-25 17:25:56'),
(1399, 143, 'CANCELLED', 'Cancelled', 'Cancelled', NULL, NULL, NULL, NULL, NULL, NULL, NULL, '2014-01-03', '2014-01-03', 1, '2016-08-06 10:19:50', 1, '2016-08-06 10:19:50'),
(1400, 224, 'es_MX', 'Spanish - Mexico', 'Espaol - Spanish', NULL, NULL, NULL, NULL, NULL, NULL, NULL, NULL, NULL, 34, '2016-09-30 09:18:28', 34, '2016-09-30 09:25:01');
-- --------------------------------------------------------

--
-- Table structure for table `org`
--

CREATE TABLE `org` (
  `org_id` int(12) UNSIGNED NOT NULL,
  `org` varchar(50) NOT NULL,
  `code` varchar(5) NOT NULL,
  `type` varchar(50) NOT NULL,
  `description` varchar(200) DEFAULT NULL,
  `enterprise_org_id` int(12) UNSIGNED DEFAULT NULL,
  `legal_org_id` int(12) UNSIGNED DEFAULT NULL,
  `business_org_id` int(12) UNSIGNED DEFAULT NULL,
  `inventory_org_id` int(12) UNSIGNED DEFAULT NULL,
  `ef_id` int(12) DEFAULT NULL,
  `status` varchar(50) DEFAULT NULL,
  `rev_enabled` varchar(50) DEFAULT NULL,
  `rev_number` int(12) DEFAULT NULL,
  `address_id` int(12) DEFAULT NULL,
  `created_by` int(12) NOT NULL,
  `creation_date` datetime DEFAULT NULL,
  `last_update_by` int(12) NOT NULL,
  `last_update_date` datetime DEFAULT NULL
) ENGINE=InnoDB DEFAULT CHARSET=latin1;

--
-- Dumping data for table `org`
--

INSERT INTO `org` (`org_id`, `org`, `code`, `type`, `description`, `enterprise_org_id`, `legal_org_id`, `business_org_id`, `inventory_org_id`, `ef_id`, `status`, `rev_enabled`, `rev_number`, `address_id`, `created_by`, `creation_date`, `last_update_by`, `last_update_date`) VALUES
(1, 'INO_ENT', 'E_INO', 'ENTERPRISE', 'Inoideas Enterprise', 1, 0, 0, 0, 2, 'enabled', 'enabled', 2, 83, 0, '2014-03-26 14:00:35', 0, '2026-03-14 14:00:35'),
(2, 'XXINO_ENT01', 'XEINO', 'ENTERPRISE', 'Ino Enterprise 1', 2, 4, 5, 0, 1, 'enabled', 'enabled', 0, 0, 0, '2013-09-26 12:59:40', 0, '2013-09-26 12:59:40'),
(4, 'INO_LE01', 'LINO1', 'LEGAL_ORG', 'Ino Legal Entity', 1, 4, 0, NULL, NULL, '', 'enabled', 0, 83, 0, '2014-05-11 14:24:06', 0, '2011-05-14 14:24:06'),
(5, 'INO_BO01', 'BINO1', 'BUSINESS_ORG', 'Ino Business Org', 2, 4, NULL, NULL, 1, 'enabled', 'enabled', 1, NULL, 0, '2013-09-26 10:46:07', 0, '2013-09-26 10:46:07'),
(6, 'INO_IO01', 'INO01', 'INVENTORY_ORG', 'Ino ERP Inventory Org 1', 1, 4, 5, 6, NULL, '', 'enabled', 1, 83, 0, '2014-05-11 14:25:40', 0, '2011-05-14 14:25:40'),
(7, 'MAS', 'MAS', 'INVENTORY_ORG', 'Mater Org', 1, 4, 5, NULL, NULL, 'enabled', 'enabled', NULL, 81, 0, '2013-09-28 15:27:50', 0, '2013-09-28 15:27:50'),
(8, 'BO_PUNE', 'BPUNE', 'BUSINESS_ORG', 'Pune Business Unit', 1, 4, 5, NULL, NULL, 'enabled', 'enabled', NULL, 88, 0, '2013-10-15 05:55:40', 0, '2013-10-15 05:55:40'),
(9, 'Singapore', 'I_SPG', 'INVENTORY_ORG', 'Singapore Inventory', 1, 4, 10, 9, NULL, 'ACTIVE', NULL, NULL, 86, 0, '2014-08-02 15:12:41', 1, '2016-07-08 10:34:56'),
(10, 'SPG OU', 'OU_SP', 'BUSINESS_ORG', 'Singapore OU', 1, 12, 10, NULL, NULL, 'active', NULL, NULL, 86, 0, '2014-08-02 15:09:24', 0, '2014-08-02 15:09:24'),
(11, 'SPG IO', 'IO_SP', 'INVENTORY_ORG', 'Singapore Inventory', 1, 12, 10, 11, NULL, 'active', NULL, NULL, 86, 0, '2014-08-02 15:13:44', 0, '2014-08-02 15:13:44'),
(12, 'LE SPG', 'LE_SP', 'LEGAL_ORG', 'Singapore LE', 1, 12, NULL, NULL, NULL, NULL, NULL, NULL, 89, 0, '2014-08-02 16:01:30', 34, '2015-05-06 13:22:12'),
(13, 'InoIT Inc.', 'E_IN0', 'ENTERPRISE', 'MI Enterprise 01', 13, NULL, NULL, NULL, NULL, NULL, NULL, NULL, 87, 34, '2014-11-17 16:56:05', 34, '2015-05-07 16:49:13'),
(14, 'inoHarware', 'L01', 'LEGAL_ORG', 'inoHarware', 13, 14, NULL, NULL, NULL, NULL, NULL, NULL, 87, 34, '2014-11-17 16:58:58', 34, '2014-11-17 16:58:58'),
(15, 'CalBO', 'B01', 'BUSINESS_ORG', 'CalBO', 13, 14, 15, NULL, NULL, NULL, NULL, NULL, NULL, 34, '2014-11-17 17:00:01', 34, '2014-12-06 10:43:19'),
(16, 'SantaClara', 'I001', 'INVENTORY_ORG', 'SantaClara', 13, 14, 15, 16, NULL, NULL, NULL, 1, 89, 34, '2014-11-17 17:01:06', 34, '2014-12-27 17:23:25'),
(17, 'TEST Enterprise', 'TE01', 'ENTERPRISE', 'TEST Enterprise', 17, NULL, NULL, NULL, NULL, 'ACTIVE', NULL, NULL, NULL, 34, '2015-05-27 13:15:51', 34, '2015-05-27 13:15:51'),
(18, 'Lgela T01', 'LT01', 'LEGAL_ORG', 'Lgela T01', 17, 18, NULL, NULL, NULL, NULL, NULL, NULL, NULL, 34, '2015-05-27 16:31:29', 34, '2015-05-27 16:31:29'),
(19, 'TEST Org 2', 'TO2', 'ENTERPRISE', 'TEST Org 2', 19, NULL, NULL, NULL, NULL, NULL, NULL, NULL, NULL, 34, '2015-06-11 08:23:05', 34, '2015-06-11 08:23:05'),
(20, 'ENT_05', 'EN5', 'ENTERPRISE', 'Entrprise Org', 20, NULL, NULL, NULL, NULL, NULL, NULL, NULL, 84, 34, '2015-10-10 09:01:09', 34, '2015-10-10 09:02:06');

-- --------------------------------------------------------

--
-- Stand-in structure for view `org_v`
--
CREATE TABLE `org_v` (
`org_id` int(12) unsigned
,`org` varchar(50)
,`type` varchar(50)
,`code` varchar(5)
,`description` varchar(200)
,`enterprise_org_id` int(12) unsigned
,`legal_org_id` int(12) unsigned
,`business_org_id` int(12) unsigned
,`inventory_org_id` int(12) unsigned
,`address_id` int(12)
,`ledger_id` int(12)
,`ledger` varchar(50)
,`coa_structure_id` int(12)
,`currency_code` varchar(20)
);

-- --------------------------------------------------------

--
-- Table structure for table `page`
--

CREATE TABLE `page` (
  `page_id` int(12) NOT NULL,
  `parent_id` int(12) DEFAULT NULL,
  `subject` varchar(256) DEFAULT NULL,
  `content` text NOT NULL,
  `content_php_cb` tinyint(1) DEFAULT NULL,
  `show_in_frontpage_cb` tinyint(1) DEFAULT NULL,
  `terms` varchar(256) DEFAULT NULL,
  `published_cb` tinyint(1) DEFAULT NULL,
  `weightage` int(12) DEFAULT NULL,
  `rev_enabled_cb` tinyint(1) DEFAULT NULL,
  `rev_number` varchar(256) DEFAULT NULL,
  `created_by` int(12) NOT NULL,
  `creation_date` datetime DEFAULT NULL,
  `last_update_by` int(12) NOT NULL,
  `last_update_date` datetime DEFAULT NULL
) ENGINE=MyISAM DEFAULT CHARSET=latin1;

-- --------------------------------------------------------

--
-- Table structure for table `path`
--

CREATE TABLE `path` (
  `path_id` int(12) NOT NULL,
  `parent_id` int(12) DEFAULT '0',
  `name` varchar(256) NOT NULL DEFAULT 'none',
  `path_link` varchar(256) NOT NULL DEFAULT 'none',
  `description` varchar(512) DEFAULT NULL,
  `module_code` varchar(25) DEFAULT NULL,
  `obj_class_name` varchar(100) DEFAULT NULL,
  `pmode` int(5) DEFAULT NULL,
  `status` enum('active','inactive','','') DEFAULT NULL,
  `id_column_name` varchar(256) DEFAULT NULL,
  `path_type` varchar(25) DEFAULT NULL,
  `search_path_cb` tinyint(1) DEFAULT NULL,
  `display_weight` int(10) DEFAULT NULL,
  `created_by` int(12) NOT NULL,
  `creation_date` datetime DEFAULT NULL,
  `last_update_by` int(12) NOT NULL,
  `last_update_date` datetime DEFAULT NULL
) ENGINE=InnoDB DEFAULT CHARSET=latin1;

--
-- Dumping data for table `path`
--

INSERT INTO `path` (`path_id`, `parent_id`, `name`, `path_link`, `description`, `module_code`, `obj_class_name`, `pmode`, `status`, `id_column_name`, `path_type`, `search_path_cb`, `display_weight`, `created_by`, `creation_date`, `last_update_by`, `last_update_date`) VALUES
(11, 26, 'Search Paths', 'search.php?class_name=path', 'Search Paths', 'adm', 'path', 2, NULL, NULL, 'SEARCH', 1, NULL, 34, '2016-07-29 00:00:00', 34, '2016-07-29 00:00:00'),
(13, 92, 'Search Users', 'search.php?class_name=ino_user', 'Search Users', 'adm', 'ino_user', 2, NULL, NULL, 'SEARCH', 1, NULL, 34, '2016-07-29 00:00:00', 1, '2016-08-25 10:27:59'),
(17, 345, 'Supplier', 'form.php?class_name=supplier&mode=2', 'Supplier', 'ap', 'supplier', 2, NULL, NULL, NULL, NULL, NULL, 34, '2016-07-29 00:00:00', 34, '2016-07-29 00:00:00'),
(18, 105, 'Option', 'form.php?class_name=option_header&mode=9', 'Options', 'sys', 'option_header', 9, NULL, NULL, 'SETUP', NULL, NULL, 34, '2016-07-29 00:00:00', 34, '2016-07-29 00:00:00'),
(20, 18, 'View Options', 'form.php?class_name=option_header&mode=2', 'View all the options', 'sys', 'option_header', 2, NULL, NULL, NULL, NULL, NULL, 34, '2016-07-29 00:00:00', 34, '2016-07-29 00:00:00'),
(21, 22, 'View Modules', 'form.php?class_name=option_header&mode=2&option_header_id=182', 'All modules', 'sys', 'option_header', 2, NULL, '', NULL, NULL, NULL, 34, '2016-07-29 00:00:00', 34, '2016-07-29 00:00:00'),
(22, 18, 'Update Modules', 'form.php?class_name=option_header&mode=9&option_header_id=182', 'Module creation & update', 'sys', 'option_header', 9, NULL, NULL, NULL, NULL, NULL, 34, '2016-07-29 00:00:00', 34, '2016-07-29 00:00:00'),
(23, 105, 'Org', 'form.php?module_code=org&path_id=23', 'Generic Organization', 'org', 'org', 2, NULL, 'org_id', 'SETUP', NULL, 10, 34, '2016-07-29 00:00:00', 34, '2016-07-29 00:00:00'),
(24, 23, 'Enterprise', 'form.php?class_name=enterprise&mode=9', 'Create & Update Enterprise', 'org', 'enterprise', 9, NULL, NULL, NULL, NULL, NULL, 34, '2016-07-29 00:00:00', 34, '2016-07-29 00:00:00'),
(26, 59, 'Path', 'form.php?class_name=path&mode=9', 'Path - creation, update & delete', 'adm', 'path', 9, NULL, NULL, NULL, NULL, NULL, 34, '2016-07-29 00:00:00', 34, '2016-07-29 00:00:00'),
(28, 23, 'Address', 'form.php?class_name=address&mode=9', 'Create & Update Address', 'org', 'address', 9, NULL, 'address_id', NULL, NULL, NULL, 34, '2016-07-29 00:00:00', 34, '2016-07-29 00:00:00'),
(30, 150, 'Chart Of Accounts', 'form.php?class_name=coa&mode=9', 'Char of Account', 'gl', 'coa', 9, NULL, NULL, 'SETUP', NULL, 5, 34, '2016-07-29 00:00:00', 34, '2016-07-29 00:00:00'),
(31, 150, 'Calendar', 'form.php?class_name=gl_calendar&mode=9', 'GL Calendar', 'gl', 'gl_calendar', 9, NULL, 'gl_calendar_id', NULL, NULL, 30, 34, '2016-07-29 00:00:00', 34, '2016-07-29 00:00:00'),
(36, 37, 'Search Ac Combinations', 'search.php?class_name=coa_combination', 'All chart of accounts', 'gl', 'coa_combination', NULL, NULL, NULL, NULL, 1, NULL, 34, '2016-07-29 00:00:00', 34, '2016-07-29 00:00:00'),
(37, 150, 'Account Combination', 'form.php?class_name=coa_combination&mode=9', 'Char of account combinations', 'gl', 'coa_combination', 9, NULL, 'coa_combination_id', NULL, NULL, 25, 34, '2016-07-29 00:00:00', 34, '2016-07-29 00:00:00'),
(38, 23, 'Legal Org', 'form.php?class_name=legal&mode=9', 'Legal Organization', 'org', 'legal', 9, NULL, 'legal_id', NULL, NULL, NULL, 34, '2016-07-29 00:00:00', 34, '2016-07-29 00:00:00'),
(39, 38, 'Legal Orgs', 'search.php?class_name=legal', 'List of all Legal Orgs', 'org', 'legal', NULL, NULL, NULL, NULL, 1, NULL, 34, '2016-07-29 00:00:00', 34, '2016-07-29 00:00:00'),
(40, 23, 'Business Org', 'form.php?class_name=business&mode=9', 'Business Organization', 'org', 'business', 9, NULL, 'business_id', NULL, NULL, NULL, 34, '2016-07-29 00:00:00', 34, '2016-07-29 00:00:00'),
(41, 23, 'Inventory Org', 'form.php?class_name=inventory&mode=9', 'Inventory Organization', 'org', 'inventory', 9, NULL, 'inventory_id', NULL, NULL, NULL, 34, '2016-07-29 00:00:00', 34, '2016-07-29 00:00:00'),
(42, 41, 'Search Inventory', 'search.php?class_name=inventory', 'All inventory Orgs', 'org', 'inventory', NULL, NULL, '', NULL, 1, NULL, 34, '2016-07-29 00:00:00', 34, '2016-07-29 00:00:00'),
(43, 40, 'Search Business Org', 'search.php?class_name=business', 'Search Business Org', 'sys', 'business', NULL, NULL, NULL, NULL, 1, NULL, 34, '2016-07-29 00:00:00', 34, '2016-07-29 00:00:00'),
(44, 53, 'Item Master', 'form.php?class_name=item&mode=9', 'Item Master', 'inv', 'item', 9, NULL, NULL, NULL, NULL, NULL, 34, '2016-07-29 00:00:00', 34, '2016-07-29 00:00:00'),
(45, 44, 'Search Items', 'search.php?class_name=item', 'Search All Items', 'inv', 'item', NULL, NULL, NULL, NULL, 1, NULL, 34, '2016-07-29 00:00:00', 34, '2016-07-29 00:00:00'),
(46, 53, 'UOM', 'form.php?class_name=uom&mode=9', 'Unit of mesaures', 'inv', 'uom', 9, NULL, 'uom_id', 'SETUP', NULL, 50, 34, '2016-07-29 00:00:00', 34, '2016-07-29 00:00:00'),
(47, 46, 'View UOM', 'form.php?class_name=uom&mode=2', 'View Unit of Measures', 'inv', 'uom', 2, NULL, 'uom_id', NULL, NULL, NULL, 34, '2016-07-29 00:00:00', 34, '2016-07-29 00:00:00'),
(48, 105, 'Transaction Type', 'form.php?class_name=transaction_type&mode=9', 'Inventory Transaction Type', 'inv', 'transaction_type', 9, NULL, 'transaction_type_id', 'SETUP', 0, NULL, 34, '2016-07-29 00:00:00', 34, '2016-07-29 00:00:00'),
(49, 48, 'Search Transaction Type', 'search.php?class_name=transaction_type', 'List of transaction types', 'inv', 'transaction_type', 0, NULL, '', 'SETUP', 1, NULL, 34, '2016-07-29 00:00:00', 34, '2016-07-29 00:00:00'),
(50, 53, 'Sub Inventory', 'form.php?class_name=subinventory&mode=9', 'Sub Inventory', 'inv', 'subinventory', 9, NULL, 'subinventory_id', 'SETUP', NULL, 60, 34, '2016-07-29 00:00:00', 34, '2016-07-29 00:00:00'),
(51, 50, 'Search Subinventories', 'search.php?class_name=subinventory', 'Search All Sub Inventories', 'inv', 'subinventory', NULL, NULL, '', NULL, 1, NULL, 34, '2016-07-29 00:00:00', 34, '2016-07-29 00:00:00'),
(52, 53, 'Locator', 'form.php?class_name=locator&mode=9', 'Create & Update Locator', 'inv', 'locator', 9, NULL, NULL, 'SETUP', NULL, 55, 34, '2016-07-29 00:00:00', 34, '2016-07-29 00:00:00'),
(53, NULL, 'Inventory', 'form.php?module_code=inv', 'Inventory', 'inv', NULL, NULL, NULL, NULL, 'SETUP', NULL, 11, 34, '2016-07-29 00:00:00', 34, '2016-07-29 00:00:00'),
(54, 52, 'Search Locator', 'search.php?class_name=locator_v', 'Search Locator', 'inv', 'locator_v', 2, NULL, NULL, NULL, 1, NULL, 34, '2016-07-29 00:00:00', 34, '2016-07-29 00:00:00'),
(55, 53, 'On Hand', 'search.php?class_name=onhand_v&mode=2&show_block=1', 'On hand Quantities', 'inv', 'onhand_v', 2, NULL, 'onhand_id', NULL, 1, 25, 34, '2016-07-29 00:00:00', 34, '2016-07-29 00:00:00'),
(56, 53, 'Inventory Transaction', 'form.php?class_name=inv_transaction&mode=9', 'Inventory Transaction', 'inv', 'inv_transaction', 9, NULL, 'inv_transaction_id', NULL, NULL, 30, 34, '2016-07-29 00:00:00', 34, '2016-07-29 00:00:00'),
(57, 141, 'Page', 'form.php?class_name=page', 'create update page', 'da', 'page', NULL, NULL, 'page_id', 'FORM', NULL, NULL, 34, '2016-07-29 00:00:00', 34, '2016-07-29 00:00:00'),
(58, 85, 'Search Pages', 'search.php?class_name=page', 'view all pages', 'ext', 'page', NULL, NULL, '', NULL, 1, NULL, 34, '2016-07-29 00:00:00', 34, '2016-07-29 00:00:00'),
(59, NULL, 'Admin', 'form.php?module_code=adm', 'Admin', 'adm', 'adm', 2, NULL, NULL, 'FORM', 1, 1, 34, '2016-07-29 00:00:00', 34, '2016-07-29 00:00:00'),
(60, 61, 'Search Content Type', 'search.php?class_name=content_type', 'Search  Content Types', 'ext', 'content_type', 2, NULL, NULL, 'SEARCH', NULL, NULL, 34, '2016-07-29 00:00:00', 34, '2016-07-29 00:00:00'),
(61, 674, 'Content Type', 'form.php?class_name=content_type&mode=9', 'Content Type', 'ext', 'content_type', 9, NULL, NULL, 'FORM', NULL, NULL, 34, '2016-07-29 00:00:00', 34, '2016-07-29 00:00:00'),
(72, 141, 'Documentation ', 'content.php?content_type=documentation&mode=9', 'Create & Update Documents', 'da', NULL, 9, NULL, NULL, NULL, NULL, NULL, 34, '2016-07-29 00:00:00', 34, '2016-07-29 00:00:00'),
(76, 77, 'Custom Block', 'form.php?class_name=block&mode=9&custom_block=1', 'Create & Update blocks', 'adm', 'block', 9, NULL, '', NULL, NULL, NULL, 34, '2016-07-29 00:00:00', 34, '2016-07-29 00:00:00'),
(77, 59, 'All Blocks', 'form.php?class_name=block_list&mode=9', 'List of blocks', 'adm', 'block_list', 9, NULL, '', NULL, NULL, NULL, 34, '2016-07-29 00:00:00', 34, '2016-07-29 00:00:00'),
(80, 674, 'Category', 'form.php?class_name=category&mode=9', 'Category', 'ext', 'category', 9, NULL, NULL, 'SETUP', NULL, NULL, 34, '2016-07-29 00:00:00', 34, '2016-07-29 00:00:00'),
(81, 80, 'Search Categories', 'search.php?class_name=category', 'Categories - List of all category', 'ext', 'category', NULL, NULL, '', NULL, 1, NULL, 34, '2016-07-29 00:00:00', 34, '2016-07-29 00:00:00'),
(82, 141, 'New Forum Topic', 'content.php?mode=9&content_type=forum', 'Create & Update Forum', 'da', NULL, 9, NULL, 'content_id', NULL, NULL, NULL, 34, '2016-07-29 00:00:00', 34, '2016-07-29 00:00:00'),
(83, 80, 'Category Relations', 'form.php?class_name=category_relation&mode=2', 'Category Relationships', 'ext', 'category_relation', 2, NULL, '', NULL, NULL, NULL, 34, '2016-07-29 00:00:00', 34, '2016-07-29 00:00:00'),
(84, 141, 'Write Content', 'content.php?mode=9&content_type=content', 'Create & Updatecontent', 'da', NULL, 9, NULL, 'content_id', NULL, NULL, NULL, 34, '2016-07-29 00:00:00', 34, '2016-07-29 00:00:00'),
(85, 487, 'Content Management', 'form.php?module_code=da&path_id=85', 'Content Management - Create & Update Contents such as Forum, Article, etc', 'da', 'da', 2, NULL, NULL, 'CONTAINER', NULL, 3, 34, '2016-07-29 00:00:00', 34, '2016-07-29 00:00:00'),
(87, 725, 'View - Custom Report', 'form.php?class_name=extn_view&mode=9', 'View - Custom Report', 'ext', 'extn_view', 9, NULL, NULL, 'FORM', NULL, NULL, 34, '2016-07-29 00:00:00', 1, '2016-08-14 15:34:50'),
(88, 87, 'Search View', 'search.php?class_name=extn_view', 'Search View', 'ext', 'extn_view', 2, NULL, NULL, NULL, 1, NULL, 34, '2016-07-29 00:00:00', 1, '2016-08-14 15:34:17'),
(89, 84, 'View Forum', 'content.php?content_type=forum&category_id=1', 'View Forum', 'da', 'forum', 2, NULL, 'content_id', NULL, NULL, NULL, 34, '2016-07-29 00:00:00', 34, '2016-07-29 00:00:00'),
(90, 18, 'Search Options', 'search.php?class_name=option_header', 'Option lists', 'sys', 'option_header', NULL, NULL, 'option_header_id', NULL, 1, NULL, 34, '2016-07-29 00:00:00', 34, '2016-07-29 00:00:00'),
(91, 323, 'Role Path', 'form.php?class_name=role_path&mode=9&role_id=261', 'Role Path', 'adm', 'role_path', 9, NULL, 'role_path_id', NULL, NULL, NULL, 34, '2016-07-29 00:00:00', 34, '2016-07-29 00:00:00'),
(92, 59, 'User', 'form.php?class_name=ino_user&mode=9', 'User', 'adm', 'ino_user', 9, NULL, 'user_id', NULL, NULL, NULL, 34, '2016-07-29 00:00:00', 1, '2016-08-25 10:27:33'),
(94, 155, 'Json Basics', 'include/basics/json.basics.php', 'Json Basics', 'adm', NULL, NULL, NULL, NULL, NULL, NULL, NULL, 34, '2016-07-29 00:00:00', 34, '2016-07-29 00:00:00'),
(95, 23, 'Search Orgs', 'search.php?class_name=org', 'Search Organizations', 'sys', 'org', NULL, NULL, 'org_id', NULL, 1, NULL, 34, '2016-07-29 00:00:00', 34, '2016-07-29 00:00:00'),
(96, 28, 'View Address', 'form.php?class_name=address&mode=2', 'View Address', 'sd', 'address', 2, NULL, NULL, NULL, NULL, NULL, 34, '2016-07-29 00:00:00', 34, '2016-07-29 00:00:00'),
(97, 24, 'Serach Enterprises', 'search.php?class_name=enterprise', 'List of all enterprises', 'inv', 'enterprise', NULL, NULL, NULL, NULL, 1, NULL, 34, '2016-07-29 00:00:00', 34, '2016-07-29 00:00:00'),
(98, 56, 'Search Transactions', 'search.php?class_name=inv_transaction', 'Search All Inventory Transactions', 'inv', 'inv_transaction', NULL, NULL, 'inv_transaction_id', NULL, 1, NULL, 34, '2016-07-29 00:00:00', 34, '2016-07-29 00:00:00'),
(99, 344, 'Purchase Order', 'form.php?class_name=po_header&mode=9', 'Purchase Order', 'pur', 'po_header', 9, NULL, 'po_header_id', 'SETUP', 0, NULL, 34, '2016-07-29 00:00:00', 34, '2016-07-29 00:00:00'),
(100, 377, 'Payment Term', 'form.php?class_name=payment_term&mode=9', 'Payment Term', 'gl', NULL, NULL, NULL, NULL, NULL, NULL, 20, 34, '2016-07-29 00:00:00', 1, '2016-07-29 04:00:45'),
(101, 100, 'Search Payment Term', 'search.php?class_name=payment_term', 'Payment Terms', 'gl', '', 0, NULL, '', NULL, 1, NULL, 34, '2016-07-29 00:00:00', 34, '2016-07-29 00:00:00'),
(102, 104, 'Search PO Headers', 'search.php?class_name=po_header', 'All Purchased Orders', 'pur', 'po_header', NULL, NULL, NULL, NULL, 1, NULL, 34, '2016-07-29 00:00:00', 34, '2016-07-29 00:00:00'),
(104, 99, 'Search POs', 'search.php?class_name=po_all_v', 'All POs', 'pur', 'po_all_v', 2, NULL, NULL, NULL, 1, NULL, 34, '2016-07-29 00:00:00', 34, '2016-07-29 00:00:00'),
(105, 0, 'Setup', 'form.php?module_code=sys', 'All setups', 'sys', '', 0, NULL, '', 'SETUP', 0, 2, 34, '2016-07-29 00:00:00', 34, '2016-07-29 00:00:00'),
(106, 53, 'Inventory Receipt', 'form.php?class_name=inv_receipt_header&mode=9', 'Receipt POs, IRs and RMAs', 'inv', 'inv_receipt_header', 9, NULL, 'receipt_header_id', NULL, NULL, 35, 34, '2016-07-29 00:00:00', 34, '2016-07-29 00:00:00'),
(107, 106, 'View Inv Receipts', 'form.php?class_name=inv_receipt_header&mode=2', 'All Receipts', 'pur', 'inv_receipt_header', 2, NULL, '', NULL, NULL, NULL, 34, '2016-07-29 00:00:00', 34, '2016-07-29 00:00:00'),
(108, 106, 'Search Inv Receipts', 'search.php?class_name=inv_receipt_header', 'Search Inventory Receipt', 'inv', 'inv_receipt_header', NULL, NULL, NULL, NULL, 1, NULL, 34, '2016-07-29 00:00:00', 34, '2016-07-29 00:00:00'),
(109, 450, 'Bill of Materials', 'form.php?class_name=bom_header&mode=9', 'Bill of materials', 'bom', 'bom_header', 9, NULL, 'bom_header_id', NULL, NULL, 13, 34, '2016-07-29 00:00:00', 34, '2016-07-29 00:00:00'),
(110, 109, 'Search BOM', 'search.php?class_name=bom_header', 'Search All BOMs', 'bom', 'bom_header', NULL, NULL, 'bom_header_id', 'SEARCH', 1, NULL, 34, '2016-07-29 00:00:00', 34, '2016-07-29 00:00:00'),
(111, 450, 'Resource', 'form.php?class_name=bom_resource&mode=9', 'Create & Update Resources', 'bom', 'bom_resource', 9, NULL, 'bom_resource_id', NULL, NULL, NULL, 34, '2016-07-29 00:00:00', 34, '2016-07-29 00:00:00'),
(112, 111, 'Search Resources', 'search.php?class_name=bom_resource', 'All Resources', 'bom', 'bom_resource', NULL, NULL, NULL, NULL, 1, NULL, 34, '2016-07-29 00:00:00', 34, '2016-07-29 00:00:00'),
(113, 257, 'Cost Type', 'form.php?class_name=bom_cost_type&mode=9', 'Create & Update Cost Type', 'cst', 'bom_cost_type', 9, NULL, 'content_type_id', NULL, NULL, NULL, 34, '2016-07-29 00:00:00', 34, '2016-07-29 00:00:00'),
(114, 113, 'Search Cost Type', 'search.php?class_name=bom_cost_type', 'Search Cost Type', 'cst', 'bom_cost_type', NULL, NULL, NULL, NULL, 1, NULL, 34, '2016-07-29 00:00:00', 1, '2016-08-03 09:22:37'),
(115, 450, 'Material Element', 'form.php?class_name=bom_material_element&mode=9', 'Material Element', 'bom', 'bom_material_element', 9, NULL, 'bom_material_element_id', NULL, NULL, NULL, 34, '2016-07-29 00:00:00', 34, '2016-07-29 00:00:00'),
(116, 115, 'Search Material Elements', 'search.php?class_name=bom_material_element', 'Search Material Elements', 'bom', 'bom_material_element', NULL, NULL, NULL, NULL, 1, NULL, 34, '2016-07-29 00:00:00', 34, '2016-07-29 00:00:00'),
(117, 450, 'Overhead', 'form.php?class_name=bom_overhead&mode=9', 'Overhead - Resource & Material', 'bom', 'bom_overhead', 9, NULL, 'bom_overhead_id', NULL, NULL, NULL, 34, '2016-07-29 00:00:00', 34, '2016-07-29 00:00:00'),
(118, 117, 'Search Overhead', 'search.php?class_name=bom_overhead', 'All Over heads', 'bom', 'bom_overhead', NULL, NULL, NULL, NULL, 1, NULL, 34, '2016-07-29 00:00:00', 34, '2016-07-29 00:00:00'),
(119, 450, 'Department', 'form.php?class_name=bom_department&mode=9', 'Create & Update Department', 'bom', 'bom_department', 9, NULL, 'bom_department_id', NULL, NULL, NULL, 34, '2016-07-29 00:00:00', 34, '2016-07-29 00:00:00'),
(120, 119, 'Search Department', 'search.php?class_name=bom_department', 'All Departments', 'bom', 'bom_department', NULL, NULL, 'bom_department_id', NULL, 1, NULL, 34, '2016-07-29 00:00:00', 34, '2016-07-29 00:00:00'),
(121, 450, 'Standard Operation', 'form.php?class_name=bom_standard_operation&mode=9', 'Standard Operation', 'bom', 'bom_standard_operation', 9, NULL, 'bom_standard_operation_id', NULL, NULL, NULL, 34, '2016-07-29 00:00:00', 34, '2016-07-29 00:00:00'),
(122, 121, 'Search Standard Operation', 'search.php?class_name=bom_standard_operation', 'Search Standard Operation', 'bom', 'bom_standard_operation', NULL, NULL, NULL, NULL, 1, NULL, 34, '2016-07-29 00:00:00', 34, '2016-07-29 00:00:00'),
(123, 450, 'Routing', 'form.php?class_name=bom_routing_header&mode=9', 'Create & Update  Routing', 'bom', 'bom_routing_header', 9, NULL, 'bom_routing_header_id', 'SETUP', NULL, NULL, 34, '2016-07-29 00:00:00', 34, '2016-07-29 00:00:00'),
(124, 123, 'Search Routing', 'search.php?class_name=bom_routing_v', 'Search Routing', 'bom', 'bom_routing_v', 2, NULL, NULL, NULL, 1, NULL, 34, '2016-07-29 00:00:00', 34, '2016-07-29 00:00:00'),
(125, NULL, 'Work In Process', 'form.php?module_code=wip', 'Work In Process', 'wip', NULL, NULL, NULL, NULL, 'SETUP', NULL, 14, 34, '2016-07-29 00:00:00', 34, '2016-07-29 00:00:00'),
(126, 125, 'Work Order', 'form.php?class_name=wip_wo_header&mode=9', 'Create & Update Work Order', 'wip', 'wip_wo_header', 9, NULL, 'wip_wo_header_id', 'SETUP', NULL, NULL, 34, '2016-07-29 00:00:00', 34, '2016-07-29 00:00:00'),
(127, 126, 'Search Work Order', 'search.php?class_name=wip_wo_header', 'Search Work Orders', 'wip', 'wip_wo_header', NULL, NULL, NULL, NULL, 1, NULL, 34, '2016-07-29 00:00:00', 34, '2016-07-29 00:00:00'),
(128, 125, 'WO Move Transaction', 'form.php?class_name=wip_move_transaction&mode=9', 'Work Order Move Transaction', 'wip', 'wip_move_transaction', 9, NULL, 'wip_move_transaction_id', NULL, NULL, NULL, 34, '2016-07-29 00:00:00', 34, '2016-07-29 00:00:00'),
(129, 128, 'Search Move Transactions', 'search.php?class_name=wip_move_transaction', 'Search Move Transactions', 'wip', 'wip_move_transaction', 2, NULL, NULL, 'SEARCH', 1, NULL, 34, '2016-07-29 00:00:00', 34, '2016-07-29 00:00:00'),
(130, 125, 'Resource Transaction', 'form.php?class_name=wip_resource_transaction&mode=9', 'Resource Transaction', 'wip', 'wip_resource_transaction', 9, NULL, 'wip_resource_transaction_id', 'SETUP', NULL, NULL, 34, '2016-07-29 00:00:00', 34, '2016-07-29 00:00:00'),
(131, 130, 'Search Resource Transaction', 'search.php?class_name=wip_resource_transaction', 'Search Resource Transaction', 'wip', 'wip_resource_transaction', NULL, NULL, NULL, NULL, 1, NULL, 34, '2016-07-29 00:00:00', 34, '2016-07-29 00:00:00'),
(132, 125, 'WO Inv Transaction', 'form.php?class_name=wip_material_transaction&mode=9', 'WIP Material Transaction', 'wip', 'wip_material_transaction', 9, NULL, NULL, NULL, NULL, NULL, 34, '2016-07-29 00:00:00', 34, '2016-07-29 00:00:00'),
(133, 125, 'WO Completion/Return', 'form.php?class_name=wip_wo_completion&mode=9', 'WIP Work Order Completion & Return', 'wip', 'wip_wo_completion', 9, NULL, NULL, NULL, NULL, NULL, 34, '2016-07-29 00:00:00', 34, '2016-07-29 00:00:00'),
(134, NULL, 'Accounts Receivable', 'form.php?module_code=ar', 'Accounts Receivable', 'ar', NULL, NULL, NULL, NULL, 'SETUP', NULL, 21, 34, '2016-07-29 00:00:00', 34, '2016-07-29 00:00:00'),
(135, 134, 'Customer', 'form.php?class_name=ar_customer&mode=9', 'Customer', 'ar', 'ar_customer', 9, NULL, 'ar_customer_id', NULL, NULL, NULL, 34, '2016-07-29 00:00:00', 34, '2016-07-29 00:00:00'),
(136, 135, 'Search Customer', 'search.php?class_name=ar_customer_v', 'Search Customer View', 'ar', 'ar_customer_v', 2, NULL, NULL, NULL, 1, NULL, 34, '2016-07-29 00:00:00', 34, '2016-07-29 00:00:00'),
(139, 146, 'unused1', 'usesed1', 'Create & UpdatenewContent', 'ext', NULL, NULL, NULL, '', NULL, NULL, NULL, 34, '2016-07-29 00:00:00', 34, '2016-07-29 00:00:00'),
(140, 141, 'Issue Log', 'content.php?content_type=issue&mode=9', 'Create & Updateissue', 'da', NULL, 9, NULL, NULL, NULL, NULL, NULL, 34, '2016-07-29 00:00:00', 34, '2016-07-29 00:00:00'),
(141, 85, 'Create Contents', 'content.php?mode=9', 'Create Contents', 'da', NULL, 9, NULL, NULL, 'SETUP', NULL, NULL, 34, '2016-07-29 00:00:00', 34, '2016-07-29 00:00:00'),
(142, 85, 'Forums', 'content.php?content_type=forum&category_id=1', 'All Forums', 'da', NULL, NULL, NULL, NULL, NULL, NULL, NULL, 34, '2016-07-29 00:00:00', 34, '2016-07-29 00:00:00'),
(143, 85, 'Issue Logs', 'content.php?content_type=issue&category_id=8', 'All Issues', 'da', NULL, NULL, NULL, NULL, NULL, NULL, NULL, 34, '2016-07-29 00:00:00', 34, '2016-07-29 00:00:00'),
(144, 85, 'Read Documentation', 'content.php?content_type=documentation&category_id=30', 'All Documentations', 'da', NULL, NULL, NULL, NULL, NULL, NULL, NULL, 34, '2016-07-29 00:00:00', 34, '2016-07-29 00:00:00'),
(145, 85, 'Read Articles', 'content.php?content_type=content&category_id=21', 'All Contents', 'da', NULL, NULL, NULL, NULL, NULL, NULL, NULL, 34, '2016-07-29 00:00:00', 34, '2016-07-29 00:00:00'),
(146, 155, 'Json User', 'extensions/ino_user/json.user.php', 'Json user', 'adm', NULL, 2, NULL, NULL, NULL, NULL, NULL, 34, '2016-07-29 00:00:00', 1, '2016-08-10 05:35:53'),
(147, 520, 'Value Group', 'form.php?class_name=sys_value_group_header&mode=9', 'Value Group Header', 'sys', 'sys_value_group_header', 9, NULL, NULL, NULL, NULL, NULL, 34, '2016-07-29 00:00:00', 34, '2016-07-29 00:00:00'),
(148, 147, 'Search Value Groups', 'search.php?class_name=sys_value_group_header', 'Create & Update Value Groups', 'sys', 'sys_value_group_header', NULL, NULL, NULL, NULL, 1, NULL, 34, '2016-07-29 00:00:00', 34, '2016-07-29 00:00:00'),
(149, 31, 'Search Calendar', 'search.php?class_name=gl_calendar', 'All Calendars', 'gl', 'gl_calendar', NULL, NULL, NULL, NULL, 1, NULL, 34, '2016-07-29 00:00:00', 34, '2016-07-29 00:00:00'),
(150, NULL, 'General Ledger', 'form.php?module_code=gl', 'General Ledger', 'gl', NULL, NULL, NULL, NULL, 'SETUP', NULL, 22, 34, '2016-07-29 00:00:00', 34, '2016-07-29 00:00:00'),
(151, 150, 'Ledger', 'form.php?class_name=gl_ledger&mode=9', 'Create update & ledger', 'gl', 'gl_ledger', 9, NULL, 'gl_ledger_id', NULL, NULL, 15, 34, '2016-07-29 00:00:00', 34, '2016-07-29 00:00:00'),
(152, 151, 'Search Ledgers', 'search.php?class_name=gl_ledger', 'Serach Ledgers', 'gl', 'gl_ledger', NULL, NULL, NULL, NULL, 1, NULL, 34, '2016-07-29 00:00:00', 34, '2016-07-29 00:00:00'),
(153, 155, 'Search', 'search.php', 'All Search Links', 'adm', NULL, NULL, NULL, NULL, NULL, 1, NULL, 34, '2016-07-29 00:00:00', 34, '2016-07-29 00:00:00'),
(154, 147, 'View Value Group', 'form.php?class_name=sys_value_group_header&mode=2', 'View Value Group', 'sys', '', 2, NULL, '', NULL, NULL, NULL, 34, '2016-07-29 00:00:00', 34, '2016-07-29 00:00:00'),
(155, 59, 'System', '/', 'System', 'adm', NULL, NULL, NULL, NULL, NULL, NULL, NULL, 34, '2016-07-29 00:00:00', 34, '2016-07-29 00:00:00'),
(156, 110, 'View BOM', 'form.php?class_name=bom_header&mode=2', 'View all BOMs', 'bom', 'bom_header', 2, NULL, NULL, NULL, NULL, NULL, 34, '2016-07-29 00:00:00', 34, '2016-07-29 00:00:00'),
(157, 113, 'View BOM Cost Type', 'form.php?class_name=bom_cost_type&mode=2', 'View BOM Cost Type', 'cst', 'bom_cost_type', 2, NULL, NULL, NULL, NULL, NULL, 34, '2016-07-29 00:00:00', 34, '2016-07-29 00:00:00'),
(158, 119, 'View Departments', 'form.php?class_name=bom_department&mode=2', 'View BOM Departments', 'bom', 'bom_department', 2, NULL, NULL, NULL, NULL, NULL, 34, '2016-07-29 00:00:00', 34, '2016-07-29 00:00:00'),
(159, 59, 'Mass Upload', 'massupload.php', 'Mass Upload Home Page', 'adm', NULL, NULL, NULL, NULL, NULL, NULL, NULL, 34, '2016-07-29 00:00:00', 34, '2016-07-29 00:00:00'),
(160, 18, 'Mass Upload - Option Detail', 'massupload.php?class_name=option_detail', 'Mass Upload - Option Detail', 'sys', 'option_detail', NULL, NULL, NULL, NULL, NULL, NULL, 34, '2016-07-29 00:00:00', 34, '2016-07-29 00:00:00'),
(161, 18, 'Mass Upload - Option Lines', 'massupload.php?class_name=option_line', 'Mass Upload - Option Lines', 'sys', 'option_line', NULL, NULL, NULL, NULL, NULL, NULL, 34, '2016-07-29 00:00:00', 34, '2016-07-29 00:00:00'),
(162, 18, 'Mass Upload - Option Header', 'massupload.php?class_name=option_header', 'Mass Upload - Option Header', 'sys', 'option_header', NULL, NULL, NULL, NULL, NULL, NULL, 34, '2016-07-29 00:00:00', 34, '2016-07-29 00:00:00'),
(163, 99, 'View Purchase Order', 'form.php?class_name=po_header&mode=2', 'View All PO', 'pur', 'po_header', 2, NULL, '', '', 0, NULL, 34, '2016-07-29 00:00:00', 34, '2016-07-29 00:00:00'),
(164, 38, 'View Legal Orgs', 'form.php?class_name=legal&mode=2', 'View Legal Orgs', 'sys', 'legal', 2, NULL, NULL, NULL, NULL, NULL, 34, '2016-07-29 00:00:00', 34, '2016-07-29 00:00:00'),
(165, 30, 'View COA', 'form.php?class_name=coa&mode=2', 'View Chart Of Accounts', 'gl', 'coa', 2, NULL, NULL, NULL, NULL, NULL, 34, '2016-07-29 00:00:00', 34, '2016-07-29 00:00:00'),
(166, 30, 'Search COA', 'search.php?class_name=coa', 'Search Chart Of Accounts', 'gl', 'coa', NULL, NULL, NULL, NULL, 1, NULL, 34, '2016-07-29 00:00:00', 34, '2016-07-29 00:00:00'),
(167, 31, 'View Calendar', 'form.php?class_name=gl_calendar&mode=2', 'View Calendar', 'gl', 'gl_calendar', 2, NULL, NULL, NULL, NULL, NULL, 34, '2016-07-29 00:00:00', 34, '2016-07-29 00:00:00'),
(168, 31, 'Mass Upload Calendar', 'extensions/file/massupload.php?class_name=gl_calendar', 'Mass Upload Calendar', 'gl', 'gl_calendar', NULL, NULL, NULL, NULL, NULL, NULL, 34, '2016-07-29 00:00:00', 34, '2016-07-29 00:00:00'),
(169, 37, 'View Ac Combination', 'form.php?class_name=coa_combination&mode=2', 'View Account Combination', 'gl', 'coa_combination', 2, NULL, NULL, NULL, NULL, NULL, 34, '2016-07-29 00:00:00', 34, '2016-07-29 00:00:00'),
(170, 37, 'Mass Upload COA Combination', 'massupload.php?class_name=coa_combination', 'Mass Upload COA Combination', 'gl', 'coa_combination', NULL, NULL, NULL, NULL, NULL, NULL, 34, '2016-07-29 00:00:00', 34, '2016-07-29 00:00:00'),
(171, 151, 'Mass Upload Ledger', 'massupload.php?class_name=gl_ledger', 'Mass Upload GL Ledger', 'gl', 'gl_ledger', NULL, NULL, NULL, NULL, NULL, NULL, 34, '2016-07-29 00:00:00', 34, '2016-07-29 00:00:00'),
(172, 151, 'View Ledger', 'form.php?class_name=gl_ledger&mode=2', 'View Ledger', 'gl', 'gl_ledger', 2, NULL, NULL, NULL, NULL, NULL, 34, '2016-07-29 00:00:00', 34, '2016-07-29 00:00:00'),
(173, 150, 'Journal', 'form.php?class_name=gl_journal_header&mode=9', 'Create & Review GL Journals', 'gl', 'gl_journal_header', 9, NULL, 'gl_journal_header_id', 'SETUP', NULL, 35, 34, '2016-07-29 00:00:00', 34, '2016-07-29 00:00:00'),
(174, 150, 'GL Period', 'form.php?class_name=gl_period&mode=9', 'Open and Close GL Periods', 'gl', 'gl_period', 9, NULL, 'gl_period_id', NULL, NULL, 10, 34, '2016-07-29 00:00:00', 34, '2016-07-29 00:00:00'),
(175, 174, 'View Periods', 'form.php?class_name=gl_period&mode=2', 'View GL Period Statuses', 'gl', 'gl_period', 2, NULL, NULL, NULL, NULL, NULL, 34, '2016-07-29 00:00:00', 34, '2016-07-29 00:00:00'),
(176, 174, 'Serach Periods', 'search.php?class_name=gl_period', 'Serach GL Periods', 'gl', 'gl_period', NULL, NULL, NULL, NULL, 1, NULL, 34, '2016-07-29 00:00:00', 34, '2016-07-29 00:00:00'),
(177, 173, 'Search Journals', 'search.php?class_name=gl_journal_header', 'Search Journals', 'gl', 'gl_journal_header', NULL, NULL, NULL, NULL, 1, NULL, 34, '2016-07-29 00:00:00', 34, '2016-07-29 00:00:00'),
(178, 173, 'Upload Journal Header', 'massupload.php?class_name=gl_journal_header', 'Mass Upload GL Journal Header', 'gl', 'gl_journal_header', NULL, NULL, NULL, NULL, NULL, NULL, 34, '2016-07-29 00:00:00', 34, '2016-07-29 00:00:00'),
(179, 173, 'Upload Journal Lines', 'massupload.php?class_name=gl_journal_line', 'Upload Mass Journal Lines', 'gl', 'gl_journal_line', NULL, NULL, NULL, NULL, NULL, NULL, 34, '2016-07-29 00:00:00', 34, '2016-07-29 00:00:00'),
(180, 150, 'GL Balance View', 'search.php?class_name=gl_balance_v', 'GL Balance View', 'gl', 'gl_balance_v', NULL, NULL, 'gl_balance_id', NULL, 1, 20, 34, '2016-07-29 00:00:00', 34, '2016-07-29 00:00:00'),
(181, 180, 'GL Balance', 'search.php?class_name=gl_balance', 'GL Balance From Base Table', 'gl', 'gl_balance', NULL, NULL, NULL, NULL, 1, NULL, 34, '2016-07-29 00:00:00', 34, '2016-07-29 00:00:00'),
(182, 173, 'Search Journal Lines', 'search.php?class_name=gl_journal_line_v', 'Search Journal Lines', 'gl', 'gl_journal_line_v', NULL, NULL, NULL, NULL, 1, NULL, 34, '2016-07-29 00:00:00', 34, '2016-07-29 00:00:00'),
(183, NULL, 'Accounts Payable', 'form.php?module_code=ap', 'Accounts Payable', 'ap', 'basic', 2, NULL, NULL, NULL, NULL, 20, 34, '2016-07-29 00:00:00', 34, '2016-07-29 00:00:00'),
(184, 40, 'View Business Org', 'form.php?class_name=business&mode=9', 'View Business Org', 'sys', 'business', 9, NULL, NULL, NULL, NULL, NULL, 34, '2016-07-29 00:00:00', 34, '2016-07-29 00:00:00'),
(185, 28, 'Search Address', 'search.php?class_name=address', 'Search Address', 'sys', 'address', NULL, NULL, NULL, NULL, 1, NULL, 34, '2016-07-29 00:00:00', 34, '2016-07-29 00:00:00'),
(186, 28, 'Mass Upload Address', 'massupload.php?class_name=address', 'Mass Upload Address', 'sd', 'address', NULL, NULL, NULL, NULL, NULL, NULL, 34, '2016-07-29 00:00:00', 34, '2016-07-29 00:00:00'),
(187, 183, 'AP Transaction', 'form.php?class_name=ap_transaction_header&mode=9', 'Create & Update AP Transaction', 'ap', 'ap_transaction_header', 9, NULL, 'ap_transaction_header_id', NULL, NULL, NULL, 34, '2016-07-29 00:00:00', 34, '2016-07-29 00:00:00'),
(188, 439, 'Search Transaction', 'search.php?class_name=ap_transaction_header', 'Search Transaction', 'ap', 'ap_transaction_header', NULL, NULL, NULL, NULL, 1, NULL, 34, '2016-07-29 00:00:00', 34, '2016-07-29 00:00:00'),
(189, 187, 'Transaction Header', 'form.php?class_name=ap_transaction_header&mode=2', 'Transaction Header', 'ap', 'ap_transaction_header', 2, NULL, NULL, NULL, NULL, NULL, 34, '2016-07-29 00:00:00', 34, '2016-07-29 00:00:00'),
(190, 187, 'Create AP Trnx Accounting', 'multi_select.php?class_name=ap_transaction_header&action=create_accounting&mode=9&action_class_name=ap_transaction_header&show_block=1&gl_journal_header_id=null', 'Create AP Transaction Accounting', 'ap', 'ap_transaction_header', 9, NULL, NULL, NULL, NULL, NULL, 34, '2016-07-29 00:00:00', 34, '2016-07-29 00:00:00'),
(191, 187, 'Mass Upload AP Transaction Header', 'massupload.php?class_name=ap_transaction_header', 'Mass Upload AP Transaction Header', 'ap', 'ap_transaction_header', NULL, NULL, NULL, NULL, NULL, NULL, 34, '2016-07-29 00:00:00', 34, '2016-07-29 00:00:00'),
(192, 187, 'Mass Upload AP Transaction Line', 'massupload.php?class_name=ap_transaction_line', 'Mass Upload AP Transaction Line', 'ap', 'ap_transaction_line', NULL, NULL, NULL, NULL, NULL, NULL, 34, '2016-07-29 00:00:00', 34, '2016-07-29 00:00:00'),
(193, 187, 'Mass Upload AP Transaction Detail', 'massupload.php?class_name=ap_transaction_detail', 'Mass Upload AP Transaction Detail', 'ap', 'ap_transaction_detail', NULL, NULL, NULL, NULL, NULL, NULL, 34, '2016-07-29 00:00:00', 34, '2016-07-29 00:00:00'),
(194, 183, 'Payment', 'form.php?class_name=ap_payment_header&mode=9', 'All Payments', 'ap', 'ap_payment_header', 9, NULL, 'ap_payment_header_id', NULL, NULL, NULL, 34, '2016-07-29 00:00:00', 34, '2016-07-29 00:00:00'),
(195, 441, 'Search Payment', 'search.php?class_name=ap_payment_header', 'Search Payment', 'ap', 'ap_payment_header', NULL, NULL, NULL, NULL, 1, NULL, 34, '2016-07-29 00:00:00', 34, '2016-07-29 00:00:00'),
(196, 194, 'Payment Header', 'multi_select.php?class_name=ap_payment_header&action_class_name=ap_payment_header&action=create_accounting&mode=9&show_block=1', 'Payment Header', 'ap', 'ap_payment_header', 9, NULL, NULL, NULL, NULL, NULL, 34, '2016-07-29 00:00:00', 34, '2016-07-29 00:00:00'),
(197, 194, 'Confirm Payment', 'multi_select.php?class_name=ap_payment_interface&action=confirm_payment&mode=9&action_class_name=ap_payment_header&show_block=1', 'Confirm Payment', 'ap', 'ap_payment_interface', 9, NULL, NULL, NULL, NULL, NULL, 34, '2016-07-29 00:00:00', 34, '2016-07-29 00:00:00'),
(198, 194, 'AP Payment Accounting', 'multi_select.php?class_name=ap_payment_header&action=create_accounting&mode=9&show_block=1&gl_journal_header_id=null', 'AP Payment Accounting', 'ap', 'ap_payment_header', 9, NULL, NULL, NULL, NULL, NULL, 34, '2016-07-29 00:00:00', 34, '2016-07-29 00:00:00'),
(199, 194, 'Upload Payment Header', 'massupload.php?class_name=ap_payment_header', 'Mass Upload Payment Header', 'ap', 'ap_payment_header', NULL, NULL, NULL, NULL, NULL, NULL, 34, '2016-07-29 00:00:00', 34, '2016-07-29 00:00:00'),
(200, 194, 'Upload Payment Line', 'massupload.php?class_name=ap_payment_line', 'Mass Upload Payment Line', 'ap', 'ap_payment_line', NULL, NULL, NULL, NULL, NULL, NULL, 34, '2016-07-29 00:00:00', 34, '2016-07-29 00:00:00'),
(201, 135, 'Upload Customer', 'massupload.php?class_name=ar_customer', 'Mass Upload Customer', 'ar', 'ar_customer', NULL, NULL, NULL, NULL, NULL, NULL, 34, '2016-07-29 00:00:00', 34, '2016-07-29 00:00:00'),
(202, 135, 'Upload Customer Site', 'massupload.php?class_name=ar_customer_site', 'Mass Upload Customer Site', 'ar', 'ar_customer_site', NULL, NULL, NULL, NULL, NULL, NULL, 34, '2016-07-29 00:00:00', 34, '2016-07-29 00:00:00'),
(203, 134, 'AR Transaction', 'form.php?class_name=ar_transaction_header&mode=9', 'Account Receviable Transactions', 'ar', 'ar_transaction_header', 9, NULL, NULL, NULL, NULL, NULL, 34, '2016-07-29 00:00:00', 34, '2016-07-29 00:00:00'),
(204, 203, 'Search AR Transaction', 'search.php?class_name=ar_transaction_header', 'Search ReceivableTransaction', 'ap', 'ar_transaction_header', NULL, NULL, NULL, NULL, 1, NULL, 34, '2016-07-29 00:00:00', 34, '2016-07-29 00:00:00'),
(205, 203, 'Transaction Accounting', 'multi_select.php?class_name=ar_transaction_header&action=CREATE_ACCOUNT&mode=9&show_block=1&gl_journal_header_id=null', 'AR Transaction Accounting', 'ar', 'ar_transaction_header', 9, NULL, NULL, NULL, NULL, NULL, 34, '2016-07-29 00:00:00', 34, '2016-07-29 00:00:00'),
(206, 203, 'Upload AR Transaction', 'massupload.php?class_name=ar_transaction_header', 'Mass Upload AR Transaction', 'ar', 'ar_transaction_header', NULL, NULL, NULL, NULL, NULL, NULL, 34, '2016-07-29 00:00:00', 34, '2016-07-29 00:00:00'),
(207, 206, 'Upload AR Transaction Line', 'massupload.php?class_name=ar_transaction_line', 'Upload AR Transaction Line', 'ar', 'ar_transaction_line', 0, NULL, '', NULL, NULL, NULL, 34, '2016-07-29 00:00:00', 34, '2016-07-29 00:00:00'),
(208, 206, 'Upload AR Transaction Detail', 'massupload.php?class_name=ar_transaction_detail', 'Upload AR Transaction Detail', 'ar', 'ar_transaction_detail', 0, NULL, '', NULL, NULL, NULL, 34, '2016-07-29 00:00:00', 34, '2016-07-29 00:00:00'),
(209, 134, 'AR Receipt', 'form.php?class_name=ar_receipt_header&mode=9', 'AR Receipt', 'ar', 'ar_receipt_header', 9, NULL, 'ar_receipt_header_id', NULL, NULL, NULL, 34, '2016-07-29 00:00:00', 34, '2016-07-29 00:00:00'),
(210, 209, 'Multi Receipt', 'multi_select.php?class_name=ar_unpaid_transaction_v&action=multi_receipt&mode=9&action_class_name=ar_receipt_interface&show_block=1', 'AR Multi Receipt', 'ar', 'ar_transaction_header', 9, NULL, '', '', NULL, NULL, 34, '2016-07-29 00:00:00', 34, '2016-07-29 00:00:00'),
(211, 209, 'Confirm Multi Receipt', 'multi_select.php?class_name=ar_receipt_interface&action=confirm_receipt&mode=9&action_class_name=ar_receipt_header&show_block=1', 'Confirm AR Multi Receipt', 'ar', 'ar_receipt_interface', 9, NULL, NULL, NULL, NULL, NULL, 34, '2016-07-29 00:00:00', 34, '2016-07-29 00:00:00'),
(212, 209, 'Search AR Receipt', 'search.php?class_name=ar_receipt_header', 'Search AR Receipt', 'ar', 'ar_receipt_header', NULL, NULL, NULL, NULL, 1, NULL, 34, '2016-07-29 00:00:00', 34, '2016-07-29 00:00:00'),
(213, 209, 'Receipt Accounting', 'multi_select.php?class_name=ar_receipt_header&action=CREATE_ACCOUNT&mode=9&show_block=1&gl_journal_header_id=null', 'AR Receipt Accounting', 'ar', 'ar_receipt_header', 9, NULL, NULL, NULL, NULL, NULL, 34, '2016-07-29 00:00:00', 34, '2016-07-29 00:00:00'),
(214, 209, 'Upload AR Receipt Header', 'massupload.php?class_name=ar_receipt_header', 'Mass Upload AR Receipt Header', 'ar', 'ar_receipt_header', NULL, NULL, NULL, NULL, NULL, NULL, 34, '2016-07-29 00:00:00', 34, '2016-07-29 00:00:00'),
(215, 209, 'Upload Receipt Line', 'massupload.php?class_name=ar_receipt_line', 'Mass Upload Receipt Line', 'ar', 'ar_receipt_line', NULL, NULL, NULL, NULL, NULL, NULL, 34, '2016-07-29 00:00:00', 34, '2016-07-29 00:00:00'),
(216, 209, 'View AR Receipt', 'form.php?class_name=ar_receipt_header&mode=2', 'View AR Receipt', 'ar', 'ar_receipt_header', 2, NULL, NULL, NULL, NULL, NULL, 34, '2016-07-29 00:00:00', 34, '2016-07-29 00:00:00'),
(217, 135, 'View Customer', 'form.php?class_name=ar_customer&mode=2', 'View Customer', 'ar', 'ar_customer', 2, NULL, NULL, NULL, NULL, NULL, 34, '2016-07-29 00:00:00', 34, '2016-07-29 00:00:00'),
(218, 203, 'View AR Transaction', 'form.php?class_name=ar_transaction_header&mode=2', 'View AR Transaction', 'ar', 'ar_transaction_header', 2, NULL, NULL, NULL, NULL, NULL, 34, '2016-07-29 00:00:00', 34, '2016-07-29 00:00:00'),
(219, NULL, 'Sales & Distribution', 'form.php?module_code=sd', 'Sales & Distribution', 'sd', 'basic', 2, NULL, NULL, NULL, NULL, 12, 34, '2016-07-29 00:00:00', 34, '2016-07-29 00:00:00'),
(220, 219, 'Sales Order', 'form.php?class_name=sd_so_header&mode=9', 'Create & Update Sales Order', 'sd', 'sd_so_header', 9, NULL, 'sd_so_header_id', NULL, NULL, NULL, 34, '2016-07-29 00:00:00', 34, '2016-07-29 00:00:00'),
(221, 220, 'Search SO', 'search.php?class_name=sd_so_all_v', 'Search Sales Order', 'sd', 'sd_so_all_v', NULL, NULL, '', NULL, 1, NULL, 34, '2016-07-29 00:00:00', 34, '2016-07-29 00:00:00'),
(222, 220, 'View SO', 'form.php?class_name=sd_so_header&mode=2', 'View Sales Order', 'sd', 'sd_so_header', 2, NULL, NULL, NULL, NULL, NULL, 34, '2016-07-29 00:00:00', 34, '2016-07-29 00:00:00'),
(223, 95, 'View Orgs', 'form.php?class_name=org&mode=2', 'View All Organizations', 'sys', 'org', 2, NULL, NULL, NULL, NULL, NULL, 34, '2016-07-29 00:00:00', 34, '2016-07-29 00:00:00'),
(224, 95, 'Upload Orgs', 'massupload.php?class_name=org', 'Mass Upload Orgs', 'sys', 'org', NULL, NULL, NULL, NULL, NULL, NULL, 34, '2016-07-29 00:00:00', 34, '2016-07-29 00:00:00'),
(225, 24, 'View Enterprise', 'form.php?class_name=enterprise&mode=2', 'View Enterprises', 'sys', 'enterprise', 2, NULL, NULL, NULL, NULL, NULL, 34, '2016-07-29 00:00:00', 34, '2016-07-29 00:00:00'),
(226, 41, 'View Inventory', 'form.php?class_name=inventory&mode=2', 'View Inventory Org', 'sys', 'inventory', 2, NULL, NULL, NULL, NULL, NULL, 34, '2016-07-29 00:00:00', 34, '2016-07-29 00:00:00'),
(227, 44, 'View Item', 'form.php?class_name=item&mode=2', 'View Item', 'inv', 'item', 2, NULL, NULL, NULL, NULL, NULL, 34, '2016-07-29 00:00:00', 34, '2016-07-29 00:00:00'),
(228, 44, 'Upload Items', 'massupload.php?class_name=item', 'Mass Upload Items', 'inv', 'item', NULL, NULL, NULL, NULL, NULL, NULL, 34, '2016-07-29 00:00:00', 34, '2016-07-29 00:00:00'),
(229, 50, 'Upload Subinventory', 'massupload.php?class_name=subinventory', 'Mass Upload Subinventories', 'inv', 'subinventory', 0, NULL, '', 'SETUP', 0, NULL, 34, '2016-07-29 00:00:00', 34, '2016-07-29 00:00:00'),
(230, 50, 'Multi Action-Subinventory', 'multi_select.php?class_name=subinventory&mode=9&show_block=1', 'Multi Action Subinventory', 'inv', 'subinventory', 9, NULL, '', 'SETUP', 0, NULL, 34, '2016-07-29 00:00:00', 34, '2016-07-29 00:00:00'),
(231, 52, 'View Locator', 'form.php?class_name=locator&mode=2', 'View Locator', 'inv', 'locator', 2, NULL, '', 'SETUP', 0, NULL, 34, '2016-07-29 00:00:00', 34, '2016-07-29 00:00:00'),
(232, 52, 'Multi Action - Locators', 'multi_select.php?class_name=locator&mode=9&show_block=1', 'Multi Action - Locators', 'inv', 'locator', 9, NULL, '', 'SETUP', 0, NULL, 34, '2016-07-29 00:00:00', 34, '2016-07-29 00:00:00'),
(233, 52, 'Upload Locators', 'massupload.php?class_name=locator', 'Mass Uplaod Locators', 'inv', 'locator', 0, NULL, '', 'SETUP', 0, NULL, 34, '2016-07-29 00:00:00', 34, '2016-07-29 00:00:00'),
(234, 50, 'View Sub Inventory', 'form.php?class_name=subinventory&mode=2', 'View Sub Inventory', 'inv', 'subinventory', 2, NULL, NULL, NULL, NULL, NULL, 34, '2016-07-29 00:00:00', 34, '2016-07-29 00:00:00'),
(235, 46, 'Search UOM', 'search.php?class_name=uom', 'Search UOM', 'inv', 'uom', 0, NULL, '', 'SETUP', 1, NULL, 34, '2016-07-29 00:00:00', 34, '2016-07-29 00:00:00'),
(236, 46, 'Multi Action-UOM', 'multi_select.php?class_name=uom&mode=9&show_block=1', 'Multi Action-UOM', 'inv', 'uom', 9, NULL, '', 'SETUP', 0, NULL, 34, '2016-07-29 00:00:00', 34, '2016-07-29 00:00:00'),
(237, 46, 'Upload UOM', 'massupload.php?class_name=uom', 'Mass Upload UOM', 'inv', 'uom', 0, NULL, '', 'SETUP', 0, NULL, 34, '2016-07-29 00:00:00', 34, '2016-07-29 00:00:00'),
(238, 106, 'Multi Action Receipt', 'multi_select.php?search_class_name=po_all_v&action=multi_receipt&mode=9&action_class_name=inv_receipt_header&approval_status=APPROVED&show_block=1', 'PO Multi Action Receipt', 'inv', 'po_all_v', 9, NULL, NULL, 'FORM', NULL, NULL, 34, '2016-07-29 00:00:00', 34, '2016-07-29 00:00:00'),
(239, 109, 'Upload BOM Header', 'massupload.php?class_name=bom_header', 'Mass Upload BOM Header', 'bom', 'bom_header', NULL, NULL, NULL, NULL, NULL, NULL, 34, '2016-07-29 00:00:00', 34, '2016-07-29 00:00:00'),
(240, 109, 'Upload BOM Line', 'massupload.php?class_name=bom_line', 'Mass Upload BOM Line', 'bom', 'bom_line', NULL, NULL, NULL, NULL, NULL, NULL, 34, '2016-07-29 00:00:00', 34, '2016-07-29 00:00:00'),
(241, 111, 'View Resource', 'form.php?class_name=bom_resource&mode=2', 'View Resources', 'bom', 'bom_resource', 2, NULL, NULL, NULL, NULL, NULL, 34, '2016-07-29 00:00:00', 34, '2016-07-29 00:00:00'),
(242, 113, 'Upload Cost Type', 'massupload.php?class_name=bom_cost_type', 'Mass Upload BOM Cost Type', 'cst', 'bom_cost_type', NULL, NULL, NULL, NULL, NULL, NULL, 34, '2016-07-29 00:00:00', 34, '2016-07-29 00:00:00'),
(243, 111, 'Upload Resources', 'massupload.php?class_name=bom_resource', 'Mass Upload Resource', 'bom', 'bom_resource', NULL, NULL, NULL, NULL, NULL, NULL, 34, '2016-07-29 00:00:00', 34, '2016-07-29 00:00:00'),
(244, 115, 'View Material Element', 'form.php?class_name=bom_material_element&mode=2', 'View BOM Material Element', 'bom', 'bom_material_element', 2, NULL, NULL, NULL, NULL, NULL, 34, '2016-07-29 00:00:00', 34, '2016-07-29 00:00:00'),
(245, 117, 'View Over Head', 'form.php?class_name=bom_overhead&mode=2', 'View Over Head', 'bom', 'bom_overhead', 2, NULL, NULL, NULL, NULL, NULL, 34, '2016-07-29 00:00:00', 34, '2016-07-29 00:00:00'),
(246, 119, 'Upload Department', 'massupload.php?class_name=bom_department', 'Mass Upload Department', 'bom', 'bom_department', NULL, NULL, NULL, NULL, NULL, NULL, 34, '2016-07-29 00:00:00', 34, '2016-07-29 00:00:00'),
(247, 121, 'View Standard Operation', 'form.php?class_name=bom_standard_operation&mode=9', 'Search Standard Operation', 'bom', 'bom_standard_operation', 9, NULL, '', NULL, NULL, NULL, 34, '2016-07-29 00:00:00', 34, '2016-07-29 00:00:00'),
(248, 123, 'View Routing', 'form.php?class_name=bom_routing_header&mode=2', 'View Routing', 'bom', 'bom_routing_header', 2, NULL, NULL, NULL, NULL, NULL, 34, '2016-07-29 00:00:00', 34, '2016-07-29 00:00:00'),
(249, 123, 'Upload Routing Header', 'massupload.php?class_name=bom_routing_header', 'Mass Upload Routing Header', 'bom', 'bom_routing_header', NULL, NULL, NULL, NULL, NULL, NULL, 34, '2016-07-29 00:00:00', 34, '2016-07-29 00:00:00'),
(250, 123, 'Upload Routing Line', 'massupload.php?class_name=bom_routing_line', 'Mass Upload Routing Line', 'bom', 'bom_routing_line', NULL, NULL, NULL, NULL, NULL, NULL, 34, '2016-07-29 00:00:00', 34, '2016-07-29 00:00:00'),
(251, 123, 'Upload Routing Detail', 'massupload.php?class_name=bom_routing_detail', 'Mass Upload Routing Detail', 'bom', 'bom_routing_detail', NULL, NULL, NULL, NULL, NULL, NULL, 34, '2016-07-29 00:00:00', 34, '2016-07-29 00:00:00'),
(252, 126, 'View Work Order', 'form.php?class_name=wip_wo_header&mode=2', 'View Work Order', 'wip', 'wip_wo_header', 2, NULL, NULL, NULL, NULL, NULL, 34, '2016-07-29 00:00:00', 34, '2016-07-29 00:00:00'),
(253, 126, 'Upload Work Order', 'massupload.php?class_name=wip_wo_header', 'Mass Upload Work Order', 'wip', 'wip_wo_header', NULL, NULL, NULL, NULL, NULL, NULL, 34, '2016-07-29 00:00:00', 34, '2016-07-29 00:00:00'),
(254, 132, 'Upload WO Inv Transaction', 'massupload.php?class_name=wip_material_transaction', 'Mass Upload WIP Material Transaction', 'wip', 'wip_material_transaction', NULL, NULL, NULL, NULL, NULL, NULL, 34, '2016-07-29 00:00:00', 34, '2016-07-29 00:00:00'),
(255, 132, 'Search WO Inv Transaction', 'search.php?class_name=inv_transaction&document_type=Work%Order', 'Search WO Inv Transaction', 'wip', 'inv_transaction', 2, NULL, NULL, NULL, 1, NULL, 34, '2016-07-29 00:00:00', 34, '2016-07-29 00:00:00'),
(256, 130, 'View Resource Trnx', 'form.php?class_name=wip_resource_transaction&mode=2', 'Resource Transaction', 'wip', 'wip_resource_transaction', 2, NULL, NULL, 'FORM', NULL, NULL, 34, '2016-07-29 00:00:00', 34, '2016-07-29 00:00:00'),
(257, NULL, 'Costing', 'form.php?module_code=cst', 'Costing', 'cst', 'basic', 2, NULL, NULL, 'SETUP', NULL, 13, 34, '2016-07-29 00:00:00', 34, '2016-07-29 00:00:00'),
(258, 257, 'Item Cost', 'form.php?class_name=cst_item_cost_header&mode=9', 'Create & View Item Cost', 'cst', 'cst_item_cost_header', 9, NULL, 'cst_item_cost_header_id', 'SETUP', NULL, NULL, 34, '2016-07-29 00:00:00', 34, '2016-07-29 00:00:00'),
(259, 258, 'View Item Cost', 'form.php?class_name=cst_item_cost_header&mode=9', 'View Item Cost', 'cst', 'cst_item_cost_header', 9, NULL, NULL, NULL, NULL, NULL, 34, '2016-07-29 00:00:00', 34, '2016-07-29 00:00:00'),
(260, 258, 'Search Item Cost', 'search.php?class_name=cst_item_cost_header', 'Search Item Cost', 'cst', 'cst_item_cost_header', NULL, NULL, NULL, NULL, 1, NULL, 34, '2016-07-29 00:00:00', 34, '2016-07-29 00:00:00'),
(261, 257, 'Cost Update', 'multi_select.php?class_name=cst_item_cost_header&action=COST_UPDATE&mode=9&action_class_name=cst_item_cost_header&show_block=1', 'Standard Cost Upate', 'cst', 'cst_item_cost_header', 9, NULL, NULL, NULL, NULL, NULL, 34, '2016-07-29 00:00:00', 34, '2016-07-29 00:00:00'),
(262, 109, 'Search BOM V', 'search.php?class_name=bom_all_v', 'Search BOM view', 'bom', 'bom_all_v', NULL, NULL, NULL, NULL, 1, NULL, 34, '2016-07-29 00:00:00', 34, '2016-07-29 00:00:00'),
(263, 109, 'Indented BOM', 'form.php?class_name=bom_indented_bom&mode=2', 'Indented BOM', 'bom', 'bom_indented_bom', 2, NULL, NULL, 'REPORT', NULL, NULL, 34, '2016-07-29 00:00:00', 34, '2016-07-29 00:00:00'),
(264, 261, 'Prg Cost Update', 'program.php?class_name=cst_item_cost_header&program_name=prg_standard_cost_update', 'Program - Standard Cost Update', 'cst', 'cst_item_cost_header', NULL, NULL, NULL, NULL, NULL, NULL, 34, '2016-07-29 00:00:00', 34, '2016-07-29 00:00:00'),
(265, 274, 'Search Program Requests', 'search.php?class_name=sys_program', 'Search All Programs Requests', 'adm', 'sys_program', NULL, NULL, 'sys_program_id', NULL, 1, NULL, 34, '2016-07-29 00:00:00', 34, '2016-07-29 00:00:00'),
(266, 274, 'Start Main Program', 'modules/sys/program/start_program.php', 'Start Program', 'adm', NULL, NULL, NULL, '', NULL, NULL, NULL, 34, '2016-07-29 00:00:00', 34, '2016-07-29 00:00:00'),
(267, 257, 'Cost Rollup', 'multi_select.php?class_name=cst_item_cost_header&action=COST_ROLLUP&mode=9&action_class_name=cst_item_cost_header&show_block=1', 'Item Cost Rollup', 'cst', 'cst_item_cost_header', 9, NULL, NULL, NULL, NULL, NULL, 34, '2016-07-29 00:00:00', 34, '2016-07-29 00:00:00'),
(268, 267, 'Prg Cost RollUp', 'program.php?class_name=cst_item_cost_header&program_name=prg_cost_rollup', 'Cost Rollup Program', 'cst', 'cst_item_cost_header', NULL, NULL, NULL, NULL, NULL, NULL, 34, '2016-07-29 00:00:00', 34, '2016-07-29 00:00:00'),
(269, 451, 'Check Circular BOM', 'program.php?class_name=bom_header&program_name=prg_varify_circular_bom', 'Check for circular BOM', 'bom', 'bom_header', NULL, NULL, NULL, NULL, NULL, NULL, 34, '2016-07-29 00:00:00', 34, '2016-07-29 00:00:00'),
(270, 258, 'Search Item Cost V', 'search.php?class_name=cst_item_cost_v&mode=2&show_block=1', 'Search Item Cost View', 'cst', 'cst_item_cost_v', 2, NULL, NULL, NULL, 1, NULL, 34, '2016-07-29 00:00:00', 34, '2016-07-29 00:00:00'),
(271, 344, 'Requisition', 'form.php?class_name=po_requisition_header&mode=9', 'Create & Update Requisition', 'pur', 'po_requisition_header', 9, NULL, '', NULL, NULL, NULL, 34, '2016-07-29 00:00:00', 34, '2016-07-29 00:00:00'),
(272, 271, 'View Requisition', 'form.php?class_name=po_requisition_header&mode=2', 'View Requisition', 'pur', 'po_requisition_header', 2, NULL, NULL, NULL, NULL, NULL, 34, '2016-07-29 00:00:00', 34, '2016-07-29 00:00:00'),
(273, 271, 'Search Requisition', 'search.php?class_name=po_requisition_all_v', 'Search Requisition', 'pur', 'po_requisition_all_v', NULL, NULL, '', NULL, 1, NULL, 34, '2016-07-29 00:00:00', 34, '2016-07-29 00:00:00'),
(274, 59, 'Program', 'program.php', 'All Programs', 'adm', NULL, NULL, NULL, '', NULL, NULL, NULL, 34, '2016-07-29 00:00:00', 34, '2016-07-29 00:00:00'),
(275, 453, 'WIP Accounting Group', 'form.php?class_name=wip_accounting_group&mode=9', 'WIP Accounting Group', 'wip', 'wip_accounting_group', 9, NULL, 'wip_accounting_group_id', 'SETUP', NULL, NULL, 34, '2016-07-29 00:00:00', 34, '2016-07-29 00:00:00'),
(276, 275, 'Search Accounting Group', 'search.php?class_name=wip_accounting_group', 'Search WIP Accounting Group', 'wip', 'wip_accounting_group', NULL, NULL, NULL, NULL, 1, NULL, 34, '2016-07-29 00:00:00', 34, '2016-07-29 00:00:00'),
(277, 92, 'View Users', 'form.php?class_name=extn_user&mode=2', 'View Users', 'adm', 'extn_user', 2, NULL, NULL, 'FORM', NULL, NULL, 34, '2016-07-29 00:00:00', 1, '2016-08-24 11:32:08');
INSERT INTO `path` (`path_id`, `parent_id`, `name`, `path_link`, `description`, `module_code`, `obj_class_name`, `pmode`, `status`, `id_column_name`, `path_type`, `search_path_cb`, `display_weight`, `created_by`, `creation_date`, `last_update_by`, `last_update_date`) VALUES
(278, 344, 'Convert Requisition', 'multi_select.php?search_class_name=po_convert_requisition_v&action=convert_requisition&action_class_name=po_header&mode=9&requisition_status=APPROVED&show_block=1', 'Convert Requisition To Po', 'pur', 'po_convert_requisition_v', 9, NULL, NULL, NULL, NULL, NULL, 34, '2016-07-29 00:00:00', 34, '2016-07-29 00:00:00'),
(279, 345, 'Supplier V Search', 'search.php?class_name=supplier_all_v', 'Supplier View Search', 'ap', 'supplier_all_v', 0, NULL, '', NULL, 1, NULL, 34, '2016-07-29 00:00:00', 34, '2016-07-29 00:00:00'),
(280, 381, 'Sourcing Rule', 'form.php?class_name=po_sourcing_rule_header&mode=9', 'Sourcing Rule', 'pur', 'po_sourcing_rule_header', 9, NULL, 'po_sourcing_rule_header_id', 'SETUP', NULL, NULL, 34, '2016-07-29 00:00:00', 34, '2016-07-29 00:00:00'),
(281, 280, 'View Sourcing Rule', 'form.php?class_name=po_sourcing_rule_header&mode=2', 'View Sourcing Rule', 'pur', 'po_sourcing_rule_header', 2, NULL, NULL, 'SETUP', NULL, NULL, 34, '2016-07-29 00:00:00', 34, '2016-07-29 00:00:00'),
(282, 280, 'Search Sourcing Rule', 'search.php?class_name=po_sourcing_rule_header', 'Search Sourcing Rule', 'pur', 'po_sourcing_rule_header', NULL, NULL, NULL, 'SETUP', 1, NULL, 34, '2016-07-29 00:00:00', 34, '2016-07-29 00:00:00'),
(283, 273, 'Serach Req Header', 'search.php?class_name=po_requisition_header', 'Serach Req Header', 'pur', 'po_requisition_header', NULL, NULL, NULL, NULL, 1, NULL, 34, '2016-07-29 00:00:00', 34, '2016-07-29 00:00:00'),
(284, NULL, 'Forecast & Planning', 'form.php?module_code=fp', 'Forecast & Planning', 'fp', 'fp', 2, NULL, NULL, 'SETUP', NULL, 16, 34, '2016-07-29 00:00:00', 34, '2016-07-29 00:00:00'),
(285, 284, 'Forecast', 'form.php?class_name=fp_forecast_header&mode=9', 'Create & Update Forecast', 'fp', 'fp_forecast_header', 9, NULL, 'fp_forecast_group_id', NULL, NULL, NULL, 34, '2016-07-29 00:00:00', 34, '2016-07-29 00:00:00'),
(286, 285, 'View Forecast', 'form.php?class_name=fp_forecast_header&mode=2', 'View Forecast', 'fp', 'fp_forecast_header', 2, NULL, NULL, 'FORM', NULL, NULL, 34, '2016-07-29 00:00:00', 1, '2016-07-29 03:56:25'),
(287, 285, 'Search Forecast', 'search.php?class_name=fp_forecast_header', 'Search Forecast', 'fp', 'fp_forecast_header', 2, NULL, NULL, 'SEARCH', 1, NULL, 34, '2016-07-29 00:00:00', 1, '2016-07-29 03:56:07'),
(288, 461, 'Source List', 'form.php?class_name=fp_source_list_header&mode=9', 'Create & Update Source List', 'fp', 'fp_source_list_header', 9, NULL, NULL, NULL, NULL, NULL, 34, '2016-07-29 00:00:00', 34, '2016-07-29 00:00:00'),
(289, 288, 'Search FP Source List', 'search.php?class_name=fp_source_list_header', 'Search FP Source List', 'fp', 'fp_source_list_header', NULL, NULL, NULL, NULL, 1, NULL, 34, '2016-07-29 00:00:00', 34, '2016-07-29 00:00:00'),
(290, 284, 'Min Max Planner', 'form.php?class_name=fp_minmax_header&mode=9', 'Min Max Planner', 'fp', 'fp_minmax_header', 9, NULL, 'fp_minmax_header_id', NULL, NULL, NULL, 34, '2016-07-29 00:00:00', 34, '2016-07-29 00:00:00'),
(291, 290, 'Search MinMax Planner', 'search.php?class_name=fp_minmax_header', 'Search Min Max Planner', 'fp', 'fp_minmax_header', NULL, NULL, NULL, NULL, 1, NULL, 34, '2016-07-29 00:00:00', 34, '2016-07-29 00:00:00'),
(292, 290, 'Min Max Demand', 'search.php?class_name=fp_minmax_demand_v', 'Min Max Demand', 'fp', 'fp_minmax_demand_v', NULL, NULL, NULL, NULL, 1, NULL, 34, '2016-07-29 00:00:00', 34, '2016-07-29 00:00:00'),
(293, 290, 'Min Max Planner Suggestions', 'search.php?class_name=fp_minmax_suggestion_v', 'Min Max Planner Suggestions', 'fp', 'fp_minmax_suggestion_v', NULL, NULL, NULL, NULL, 1, NULL, 34, '2016-07-29 00:00:00', 34, '2016-07-29 00:00:00'),
(294, 290, 'Calculate Min Max Numbers', 'program.php?class_name=fp_minmax_header&program_name=prg_minmax_planner', 'Calculate Min Max Numbers', 'fp', 'fp_minmax_header', NULL, NULL, NULL, NULL, NULL, NULL, 34, '2016-07-29 00:00:00', 34, '2016-07-29 00:00:00'),
(295, 290, 'Update Item Min Max Parameters', 'program.php?class_name=item&program_name=prg_minmax_update', 'Update Item Min Max Parameters', 'fp', 'item', NULL, NULL, '', NULL, NULL, NULL, 34, '2016-07-29 00:00:00', 34, '2016-07-29 00:00:00'),
(296, 290, 'Min Max Planner Work Bench', 'multi_select.php?class_name=fp_minmax_suggestion_v&action=update_item_minmax&mode=9&action_class_name=item&show_block=1', 'Min Max Planner Work Bench', 'fp', 'fp_minmax_suggestion_v', 9, NULL, NULL, NULL, NULL, NULL, 34, '2016-07-29 00:00:00', 34, '2016-07-29 00:00:00'),
(297, 290, 'Create Supply - MinMax', 'program.php?class_name=fp_minmax_header&program_name=prg_minmax_program', 'Create Supply - MinMax Program', 'fp', 'fp_minmax_header', NULL, NULL, NULL, NULL, NULL, NULL, 34, '2016-07-29 00:00:00', 34, '2016-07-29 00:00:00'),
(298, 271, 'View Requisition Interface', 'search.php?class_name=po_requisition_interface', 'View Requisition Interface Lines', 'pur', 'po_requisition_interface', NULL, NULL, 'po_requisition_interface_id', NULL, 1, NULL, 34, '2016-07-29 00:00:00', 34, '2016-07-29 00:00:00'),
(299, 271, 'Import Requisition', 'program.php?class_name=po_requisition_interface&program_name=prg_import_requisition', 'Import All Requisition', 'pur', 'po_requisition_interface', NULL, NULL, NULL, NULL, NULL, NULL, 34, '2016-07-29 00:00:00', 34, '2016-07-29 00:00:00'),
(300, 381, 'Purchasing Control', 'form.php?class_name=po_purchasing_control&mode=9', 'Purchasing Control', 'pur', 'po_purchasing_control', 9, NULL, NULL, 'SETUP', NULL, NULL, 34, '2016-07-29 00:00:00', 34, '2016-07-29 00:00:00'),
(301, 284, 'MRP', 'form.php?class_name=fp_mrp_header&mode=9', 'Material Requirement Planning', 'fp', 'fp_mrp_header', 9, NULL, 'fp_mrp_header_id', NULL, NULL, NULL, 34, '2016-07-29 00:00:00', 34, '2016-07-29 00:00:00'),
(302, 284, 'MDS', 'form.php?class_name=fp_mds_header&mode=9', 'Master Demand Schedule', 'fp', 'fp_mds_header', 9, NULL, NULL, NULL, NULL, NULL, 34, '2016-07-29 00:00:00', 34, '2016-07-29 00:00:00'),
(303, 302, 'Search MDS', 'search.php?class_name=fp_mds_header', 'Search MDS', 'fp', 'fp_mds_header', NULL, NULL, NULL, NULL, 1, NULL, 34, '2016-07-29 00:00:00', 34, '2016-07-29 00:00:00'),
(304, 301, 'Search MRP', 'search.php?class_name=fp_mrp_header', 'Search MRP', 'fp', 'fp_mrp_header', NULL, NULL, NULL, NULL, 1, NULL, 34, '2016-07-29 00:00:00', 34, '2016-07-29 00:00:00'),
(305, 301, 'Calculate MRP Demand', 'program.php?class_name=fp_mrp_demand&program_name=prg_mrp_demand_calculator', 'Calculate MRP Demand', 'fp', 'fp_mrp_demand', 9, NULL, NULL, 'PROGRAM', NULL, NULL, 34, '2016-07-29 00:00:00', 34, '2016-07-29 00:00:00'),
(306, 301, 'View MRP Demand', 'search.php?class_name=fp_mrp_demand', 'View MRP Demand', 'fp', 'fp_mrp_demand', NULL, NULL, NULL, NULL, 1, NULL, 34, '2016-07-29 00:00:00', 34, '2016-07-29 00:00:00'),
(307, 302, 'Load MDS', 'program.php?class_name=fp_mds_header&program_name=prg_load_mds', 'Copy/Merge/Load MDS', 'fp', 'fp_mds_header', NULL, NULL, NULL, NULL, NULL, NULL, 34, '2016-07-29 00:00:00', 34, '2016-07-29 00:00:00'),
(308, 301, 'Planned Orders', 'search.php?class_name=fp_mrp_planned_order', 'MRP Planned Orders', 'fp', 'fp_mrp_planned_order', NULL, NULL, NULL, NULL, 1, NULL, 34, '2016-07-29 00:00:00', 34, '2016-07-29 00:00:00'),
(309, 301, 'MRP Work Bench', 'multi_select.php?class_name=fp_mrp_v&action=release_planned_order&mode=9&action_class_name=fp_mrp_header&show_block=1', 'MRP Work Bench', 'fp', 'fp_mrp_v', 9, NULL, NULL, NULL, NULL, NULL, 34, '2016-07-29 00:00:00', 34, '2016-07-29 00:00:00'),
(310, 301, 'MRP Exceptions', 'search.php?class_name=fp_mrp_exception', 'MRP Exceptions', 'fp', 'fp_mrp_exception', NULL, NULL, NULL, NULL, 1, NULL, 34, '2016-07-29 00:00:00', 34, '2016-07-29 00:00:00'),
(311, 219, 'Pick Sales Order', 'multi_select.php?class_name=sd_pick_list_v&action=sales_order_picking&mode=9&action_class_name=sd_delivery_header&show_block=1', 'Pick Sales Order', 'sd', 'sd_pick_list_v', 9, NULL, NULL, NULL, NULL, NULL, 34, '2016-07-29 00:00:00', 34, '2016-07-29 00:00:00'),
(312, 526, 'Shipping Control', 'form.php?class_name=sd_shipping_control&mode=9', 'Sales Order Shipping Control', 'sd', 'sd_shipping_control', 9, NULL, NULL, 'SETUP', NULL, NULL, 34, '2016-07-29 00:00:00', 34, '2016-07-29 00:00:00'),
(313, 487, 'RA', 'report.php', 'Reports & Analysis', 'sys', NULL, NULL, NULL, NULL, 'SETUP', NULL, 90, 34, '2016-07-29 00:00:00', 34, '2016-07-29 00:00:00'),
(314, 313, 'Onhand Analysis', 'report.php?class_name=onhand_v&report_name=ra_report_set_onhand_by_subinventoryType', 'Onhand By Subinventory', 'sys', 'onhand_v', NULL, NULL, '', NULL, NULL, NULL, 34, '2016-07-29 00:00:00', 34, '2016-07-29 00:00:00'),
(315, 313, 'Purchasing Analysis', 'report.php?class_name=po_all_v&report_name=ra_report_set_purchasing_analysis', 'Purchasing Analysis', 'sys', 'po_all_v', NULL, NULL, '', NULL, NULL, NULL, 34, '2016-07-29 00:00:00', 34, '2016-07-29 00:00:00'),
(316, 313, 'Item & Product Line', 'report.php?class_name=ra_item&report_name=ra_report_set_item_leadtime', 'Item & product Line Analysis', 'sys', 'ra_item', NULL, NULL, NULL, NULL, NULL, NULL, 34, '2016-07-29 00:00:00', 34, '2016-07-29 00:00:00'),
(317, 313, 'WIP Value Analysis', 'report.php?class_name=ra_wip&report_name=ra_report_set_wip', 'WIP Value Analysis', 'sys', 'ra_wip', NULL, NULL, '', NULL, NULL, NULL, 34, '2016-07-29 00:00:00', 34, '2016-07-29 00:00:00'),
(318, 219, 'Ship Sales Order', 'form.php?class_name=sd_delivery_header&mode=9', 'Ship Sales Orders', 'sd', 'sd_delivery_header', 9, NULL, 'sd_delivery_header_id', NULL, NULL, NULL, 34, '2016-07-29 00:00:00', 34, '2016-07-29 00:00:00'),
(319, 520, 'TAX Codes', 'form.php?class_name=mdm_tax_code&mode=9', 'TAX Codes & Rates', 'sys', 'mdm_tax_code', 9, NULL, NULL, NULL, NULL, NULL, 34, '2016-07-29 00:00:00', 34, '2016-07-29 00:00:00'),
(320, 319, 'Tax Region', 'form.php?class_name=mdm_tax_region&mode=9', 'Tax Regions', 'sys', 'mdm_tax_region', 9, NULL, NULL, NULL, NULL, NULL, 34, '2016-07-29 00:00:00', 34, '2016-07-29 00:00:00'),
(321, 77, 'Search Blocks', 'search.php?class_name=block', 'Search Blocks', 'adm', 'block', NULL, NULL, '', NULL, 1, NULL, 34, '2016-07-29 00:00:00', 34, '2016-07-29 00:00:00'),
(322, 155, 'All Modules', 'form.php?class_name=engine&mode=9', 'All Modules', 'adm', 'engine', 9, NULL, NULL, NULL, NULL, NULL, 34, '2016-07-29 00:00:00', 34, '2016-07-29 00:00:00'),
(323, 59, 'Role Access', 'form.php?class_name=role_access&mode=9', 'Role Access', 'adm', 'role_access', 9, NULL, '', NULL, NULL, NULL, 34, '2016-07-29 00:00:00', 34, '2016-07-29 00:00:00'),
(324, 155, 'All Extensions', 'form.php?class_name=engine&mode=9&dir_path=extensions', 'All Extensions', 'adm', 'engine', 9, NULL, NULL, NULL, NULL, NULL, 34, '2016-07-29 00:00:00', 34, '2016-07-29 00:00:00'),
(325, 85, 'Search Comment', 'search.php?class_name=comment', 'Search All Comments', 'sys', 'comment', 9, NULL, NULL, NULL, 1, NULL, 34, '2016-07-29 00:00:00', 34, '2016-07-29 00:00:00'),
(326, 325, 'Comments Multi Action', 'multi_select.php?class_name=comment&mode=9&show_block=1', 'Review & Update Comments', 'sys', 'comment', 9, NULL, NULL, NULL, NULL, NULL, 34, '2016-07-29 00:00:00', 34, '2016-07-29 00:00:00'),
(327, 61, 'Multi Action - Content Type', 'multi_select.php?class_name=content_type&mode=9&show_block=1', 'Multi Action - Content Type', 'ext', 'content_type', 9, NULL, NULL, NULL, NULL, NULL, 34, '2016-07-29 00:00:00', 34, '2016-07-29 00:00:00'),
(328, 85, 'Search Contents', 'search.php?class_name=content', 'Search All Contents', 'sys', 'content', 9, NULL, NULL, NULL, 1, NULL, 34, '2016-07-29 00:00:00', 34, '2016-07-29 00:00:00'),
(329, 59, 'Site Information', 'form.php?class_name=site_info&mode=9', 'Basis Site Information', 'adm', 'site_info', 9, NULL, NULL, NULL, NULL, NULL, 34, '2016-07-29 00:00:00', 34, '2016-07-29 00:00:00'),
(330, 520, 'Price List Header', 'form.php?class_name=mdm_price_list_header&mode=9', 'Price List Header', 'sys', 'mdm_price_list_header', 9, NULL, 'mdm_price_list_header_id', NULL, NULL, NULL, 34, '2016-07-29 00:00:00', 34, '2016-07-29 00:00:00'),
(331, 330, 'Search Price List', 'search.php?class_name=mdm_price_list_header', 'Search Price Lists', 'sys', 'mdm_price_list_header', 9, NULL, NULL, NULL, 1, NULL, 34, '2016-07-29 00:00:00', 34, '2016-07-29 00:00:00'),
(332, 330, 'Search Price List Line', 'search.php?class_name=mdm_price_list_header', 'Search Price List Line', 'sys', 'mdm_price_list_line', 9, NULL, NULL, NULL, 1, NULL, 34, '2016-07-29 00:00:00', 34, '2016-07-29 00:00:00'),
(333, 105, 'Profile', 'form.php?class_name=sys_profile_header&mode=9', 'Profile Name', 'sys', 'profile', 9, NULL, 'sys_profile_header_id', NULL, NULL, NULL, 34, '2016-07-29 00:00:00', 34, '2016-07-29 00:00:00'),
(334, 333, 'Search Profile', 'search.php?class_name=sys_profile_header', 'Search Profile', 'sys', 'profile', 9, NULL, NULL, NULL, 1, NULL, 34, '2016-07-29 00:00:00', 34, '2016-07-29 00:00:00'),
(335, 526, 'Sales Document Type', 'form.php?class_name=sd_document_type&mode=9', 'Sales Document Type', 'sd', 'sd_document_type', 9, NULL, 'sd_document_type_id', 'SETUP', NULL, NULL, 34, '2016-07-29 00:00:00', 34, '2016-07-29 00:00:00'),
(336, 335, 'Search SD Document Type', 'search.php?class_name=sd_document_type', 'Search Sales Document Type', 'sd', 'sd_document_type', 9, NULL, '', 'SETUP', 1, NULL, 34, '2016-07-29 00:00:00', 34, '2016-07-29 00:00:00'),
(337, 520, 'Process Flow', 'form.php?class_name=sys_process_flow_header&mode=9', 'Create & Update Process Flow', 'sys', 'sys_process_flow_header', 9, NULL, 'sys_process_flow_header_id', NULL, NULL, NULL, 34, '2016-07-29 00:00:00', 34, '2016-07-29 00:00:00'),
(338, 318, 'Sales Deliveries', 'search.php?class_name=sd_delivery_header', 'Search Delivries', 'sd', 'sd_delivery_header', 2, NULL, '', NULL, 1, NULL, 34, '2016-07-29 00:00:00', 34, '2016-07-29 00:00:00'),
(339, 329, 'Search URL Alias', 'search.php?class_name=ext_url_alias', 'Search URL Alias', 'adm', 'ext_url_alias', 2, NULL, NULL, NULL, 1, NULL, 34, '2016-07-29 00:00:00', 34, '2016-07-29 00:00:00'),
(340, 346, 'AR Transaction Type', 'form.php?class_name=ar_transaction_type&mode=9', 'AR Transaction Type', 'ar', 'ar_transaction_type', 9, NULL, '', 'SETUP', NULL, NULL, 34, '2016-07-29 00:00:00', 34, '2016-07-29 00:00:00'),
(341, 340, 'Search AR Transaction Type', 'search.php?class_name=ar_transaction_type', 'search.php?class_name=ar_transaction_type', 'ar', 'ar_transaction_type', 2, NULL, '', 'SETUP', 1, NULL, 34, '2016-07-29 00:00:00', 34, '2016-07-29 00:00:00'),
(342, 346, 'AR Transaction Source', 'form.php?class_name=ar_transaction_source&mode=9', 'AR Transaction Source', 'ar', 'ar_transaction_source', 9, NULL, '', 'SETUP', NULL, NULL, 34, '2016-07-29 00:00:00', 34, '2016-07-29 00:00:00'),
(343, 342, 'Search AR Transaction Source', 'search.php?class_name=ar_transaction_source', 'Search AR Transaction Source', 'ar', 'ar_transaction_source', 2, NULL, '', 'SETUP', 1, NULL, 34, '2016-07-29 00:00:00', 34, '2016-07-29 00:00:00'),
(344, NULL, 'Purchasing', 'form.php?module_code=pur', 'Purchasing', 'pur', NULL, NULL, NULL, NULL, NULL, NULL, 12, 34, '2016-07-29 00:00:00', 34, '2016-07-29 00:00:00'),
(345, 183, 'Suppliers', 'form.php?class_name=supplier&mode=9', 'Suppliers', 'ap', 'supplier', 9, NULL, NULL, NULL, NULL, NULL, 34, '2016-07-29 00:00:00', 34, '2016-07-29 00:00:00'),
(346, 134, 'Setup', 'form.php?module_code=ar&type=setup', 'Setups', 'ar', 'basics', 9, NULL, '', '', 0, NULL, 34, '2016-07-29 00:00:00', 34, '2016-07-29 00:00:00'),
(347, 203, 'Transaction Interface', 'multi_select.php?class_name=ar_transaction_interface&action=import_ar_transaction&mode=9&show_block=1', 'AR Transaction Interface', 'ar', 'ar_transaction_interface', 9, NULL, '', NULL, NULL, NULL, 34, '2016-07-29 00:00:00', 34, '2016-07-29 00:00:00'),
(348, 134, 'Programs', 'form.php?module_code=ar&type=program', 'All AR Programs', 'ar', 'ar_transaction_header', 9, NULL, NULL, 'PROGRAM', NULL, NULL, 34, '2016-07-29 00:00:00', 34, '2016-07-29 00:00:00'),
(349, 348, 'Import Transaction', 'program.php?class_name=ar_transaction_interface&program_name=prg_import_ar_transaction', 'Import Transaction', 'ar', 'ar_transaction_interface', 9, NULL, NULL, 'PROGRAM', NULL, NULL, 34, '2016-07-29 00:00:00', 34, '2016-07-29 00:00:00'),
(350, 203, 'Unpaid Transactions', 'search.php?class_name=ar_unpaid_transaction_v', 'Unpaid Transactions', 'ar', 'ar_unpaid_transaction_v', 2, NULL, NULL, 'SEARCH', 1, NULL, 34, '2016-07-29 00:00:00', 34, '2016-07-29 00:00:00'),
(351, 150, 'Bank', 'form.php?class_name=mdm_bank_header&mode=9', 'Create & Update Bank', 'gl', 'mdm_bank_header', 9, NULL, NULL, 'FORM', NULL, 40, 34, '2016-07-29 00:00:00', 34, '2016-07-29 00:00:00'),
(352, 351, 'Search Banks', 'search.php?class_name=mdm_bank_header', 'Search Banks', 'gl', NULL, NULL, NULL, NULL, 'SEARCH', 1, NULL, 34, '2016-07-29 00:00:00', 34, '2016-07-29 00:00:00'),
(353, 23, 'Generic Organization', 'form.php?class_name=org&mode=9', 'Generic Organization', 'sys', 'org', 9, NULL, NULL, 'FORM', NULL, NULL, 34, '2016-07-29 00:00:00', 34, '2016-07-29 00:00:00'),
(354, 351, 'Bank Account', 'form.php?class_name=mdm_bank_account&mode=9', 'Bank Account', 'gl', 'mdm_bank_account', 9, NULL, NULL, 'FORM', NULL, NULL, 34, '2016-07-29 00:00:00', 34, '2016-07-29 00:00:00'),
(355, 354, 'Search Bank Account', 'search.php?class_name=mdm_bank_account', 'Search Bank Account', 'gl', 'mdm_bank_account', 9, NULL, NULL, 'SEARCH', 1, NULL, 34, '2016-07-29 00:00:00', 34, '2016-07-29 00:00:00'),
(356, 351, 'Search Bank V', 'search.php?class_name=mdm_bank_v', 'Search Bank View', 'gl', 'mdm_bank_v', 2, NULL, NULL, 'SEARCH', 1, NULL, 34, '2016-07-29 00:00:00', 34, '2016-07-29 00:00:00'),
(357, 346, 'Receipt Source', 'form.php?class_name=ar_receipt_source&mode=9', 'AR Receipt Source', 'ar', 'ar_receipt_source', 9, NULL, NULL, 'SETUP', NULL, NULL, 34, '2016-07-29 00:00:00', 34, '2016-07-29 00:00:00'),
(358, 357, 'Search Receipt Source', 'search.php?class_name=ar_receipt_source', 'Search AR Receipt Source', 'ar', 'ar_receipt_source', 2, NULL, '', 'SETUP', 1, NULL, 34, '2016-07-29 00:00:00', 34, '2016-07-29 00:00:00'),
(359, 136, 'Search Customer Header', 'search.php?class_name=ar_customer', 'Search Customer Header', 'ar', 'ar_customer', 2, NULL, NULL, 'SEARCH', 1, NULL, 34, '2016-07-29 00:00:00', 34, '2016-07-29 00:00:00'),
(360, 354, 'Bank Account View', 'search.php?class_name=mdm_bank_account_v', 'Bank Account View', 'gl', 'mdm_bank_account_v', 9, NULL, NULL, 'SEARCH', 1, NULL, 34, '2016-07-29 00:00:00', 34, '2016-07-29 00:00:00'),
(361, 53, 'Setup', 'form.php?module_code=inv&type=setup', 'Inventory Setup', 'inv', 'inv', 9, NULL, '', 'SETUP', 0, 390, 34, '2016-07-29 00:00:00', 34, '2016-07-29 00:00:00'),
(362, 53, 'ABC Valuation', 'form.php?class_name=inv_abc_valuation&mode=9', 'ABC Valuation', 'inv', 'inv_abc_valuation', 9, NULL, NULL, 'FORM', NULL, 23, 34, '2016-07-29 00:00:00', 34, '2016-07-29 00:00:00'),
(363, 362, 'Search ABC Valuation', 'search.php?class_name=inv_abc_valuation', 'Inventory ABC Valuation', 'inv', 'inv_abc_valuation', 9, NULL, NULL, NULL, 1, NULL, 34, '2016-07-29 00:00:00', 34, '2016-07-29 00:00:00'),
(364, 53, 'Programs', 'form.php?module_code=inv&type=program', 'Inventory Programs', 'inv', 'inv', 9, NULL, NULL, 'SEARCH', NULL, 26, 34, '2016-07-29 00:00:00', 34, '2016-07-29 00:00:00'),
(365, 364, 'New ABC Valuation', 'program.php?class_name=inv_abc_valuation&program_name=prg_abc_valuation', 'New ABC Valuation', 'inv', 'inv_abc_valuation', 9, NULL, NULL, 'PROGRAM', NULL, NULL, 34, '2016-07-29 00:00:00', 34, '2016-07-29 00:00:00'),
(366, 362, 'Valuation Result', 'search.php?class_name=inv_abc_valuation_result', 'ABC Valuation Result', 'inv', 'inv_abc_valuation_result', 2, NULL, NULL, 'SEARCH', NULL, NULL, 34, '2016-07-29 00:00:00', 34, '2016-07-29 00:00:00'),
(367, 306, 'MRP Demand View', 'search.php?class_name=fp_mrp_demand_v', 'MRP View', 'fp', 'fp_mrp_demand_v', 2, NULL, NULL, 'SEARCH', 1, NULL, 34, '2016-07-29 00:00:00', 34, '2016-07-29 00:00:00'),
(368, 53, 'ABC Assignment', 'form.php?class_name=inv_abc_assignment_header&mode=9', 'ABC Assignment', 'inv', 'inv_abc_assignment_header', 9, NULL, NULL, 'FORM', NULL, 23, 34, '2016-07-29 00:00:00', 34, '2016-07-29 00:00:00'),
(369, 368, 'Search ABC Assignment', 'search.php?search_class_name=inv_abc_assignment_header', 'Search ABC Assignment', 'inv', 'inv_abc_assignment_header', 2, NULL, NULL, 'SEARCH', 1, NULL, 34, '2016-07-29 00:00:00', 34, '2016-07-29 00:00:00'),
(370, 53, 'Inventory Count', 'form.php?class_name=inv_count_header&mode=9', 'Inventory Count', 'inv', 'inv_count_header', 9, NULL, NULL, 'FORM', NULL, 20, 34, '2016-07-29 00:00:00', 34, '2016-07-29 00:00:00'),
(371, 370, 'Count Entries', 'form.php?class_name=inv_count_entries&mode=9', 'Count Entries - Cycle Count & Physical Inventort', 'inv', 'inv_count_entries', 9, NULL, NULL, 'FORM', NULL, NULL, 34, '2016-07-29 00:00:00', 34, '2016-07-29 00:00:00'),
(372, 370, 'Search Count Schedule', 'search.php?class_name=inv_count_schedule', 'Search Count Schedule', 'inv', 'inv_count_schedule', 2, NULL, NULL, 'SEARCH', 1, NULL, 34, '2016-07-29 00:00:00', 34, '2016-07-29 00:00:00'),
(373, 371, 'Search Count Entries', 'search.php?class_name=inv_count_entries_v', 'Search Count Entries', 'inv', 'inv_count_entries', 2, NULL, '', 'SEARCH', 1, NULL, 34, '2016-07-29 00:00:00', 34, '2016-07-29 00:00:00'),
(374, 370, 'Approve Count Entries', 'multi_select.php?action_class_name=inv_count_entries&action=approve_count_entries&mode=9&show_block=1&search_class_name=inv_count_entries_v&status[]=PENDING_APPROVAL', 'Approve Count Entries', 'inv', 'inv_count_entries', 9, NULL, '', 'FORM', 0, NULL, 34, '2016-07-29 00:00:00', 34, '2016-07-29 00:00:00'),
(375, 56, 'Inter Org Transfer', 'form.php?class_name=inv_intorg_transfer_header&mode=9', 'Inter Org Transfer', 'inv', 'inv_intorg_transfer_header', 9, NULL, NULL, 'FORM', NULL, NULL, 34, '2016-07-29 00:00:00', 1, '2016-08-25 05:05:50'),
(376, 375, 'Search Inter Org Transfer', 'search.php?class_name=inv_intorg_transfer_header', 'Search Inter Org Transfer', 'inv', 'inv_intorg_transfer_header', 2, NULL, NULL, 'SEARCH', NULL, NULL, 34, '2016-07-29 00:00:00', 1, '2016-08-25 05:06:16'),
(377, 150, 'Setup', 'form.php?module_code=gl&type=setup', 'GL Setup', 'gl', 'gl', 9, NULL, NULL, 'SETUP', NULL, 90, 34, '2016-07-29 00:00:00', 34, '2016-07-29 00:00:00'),
(378, 377, 'Currency Conversion', 'form.php?class_name=gl_currency_conversion&mode=9', 'Currency Conversion', 'gl', 'gl_currency_conversion', 9, NULL, NULL, 'FORM', NULL, NULL, 34, '2016-07-29 00:00:00', 34, '2016-07-29 00:00:00'),
(379, 378, 'View Currency Conversion', 'form.php?class_name=gl_currency_conversion&mode=2', 'View Currency Conversion', 'gl', 'gl_currency_conversion', 2, NULL, NULL, 'FORM', NULL, NULL, 34, '2016-07-29 00:00:00', 34, '2016-07-29 00:00:00'),
(380, 378, 'Search Currency Conversion', 'search.php?class_name=gl_currency_conversion&mode=2', 'Search Currency Conversion', 'gl', 'gl_currency_conversion', 2, NULL, NULL, 'SEARCH', 1, NULL, 34, '2016-07-29 00:00:00', 34, '2016-07-29 00:00:00'),
(381, 344, 'Setup', 'form.php?module_code=pur&type=setup&path_id=381', 'Setup - Purchasing', 'pur', 'pur', 2, NULL, NULL, 'SETUP', NULL, 90, 34, '2016-07-29 00:00:00', 34, '2016-07-29 00:00:00'),
(382, NULL, 'Human Resource', 'form.php?module_code=hr', 'Human Resource', 'hr', 'hr', 2, NULL, NULL, NULL, NULL, 25, 34, '2016-07-29 00:00:00', 34, '2016-07-29 00:00:00'),
(383, 382, 'Employee', 'form.php?class_name=hr_employee&mode=9', 'Employee', 'hr', 'hr_employee', 9, NULL, NULL, 'FORM', NULL, 4, 34, '2016-07-29 00:00:00', 34, '2016-07-29 00:00:00'),
(384, 821, 'Job', 'form.php?class_name=hr_job&mode=9', 'Job', 'hr', 'hr_job', 9, NULL, NULL, 'FORM', NULL, 1, 34, '2016-07-29 00:00:00', 34, '2016-07-29 00:00:00'),
(385, 384, 'Search Job', 'search.php?class_name=hr_job', 'Search Job', 'hr', 'hr_job', 2, NULL, NULL, 'SEARCH', NULL, NULL, 34, '2016-07-29 00:00:00', 34, '2016-07-29 00:00:00'),
(386, 821, 'Position', 'form.php?class_name=hr_position&mode=9', 'HR Positions', 'hr', 'hr_position', 9, NULL, NULL, 'FORM', NULL, 3, 34, '2016-07-29 00:00:00', 34, '2016-07-29 00:00:00'),
(387, 386, 'Search Position', 'search.php?class_name=hr_position', 'Search Position', 'hr', 'hr_position', 2, NULL, NULL, 'SEARCH', 1, NULL, 34, '2016-07-29 00:00:00', 34, '2016-07-29 00:00:00'),
(388, 386, 'Hierarchy', 'form.php?class_name=hr_pos_hierarchy_header&mode=9', 'Position Hierarchy', 'hr', 'hr_pos_hierarchy_header', 9, NULL, NULL, 'FORM', NULL, NULL, 34, '2016-07-29 00:00:00', 1, '2016-08-25 04:34:26'),
(389, 388, 'Search Hierarchy', 'search.php?class_name=hr_pos_hierarchy_header', 'Search Position Hierarchy', 'hr', 'hr_pos_hierarchy_header', 2, NULL, NULL, 'SEARCH', 1, NULL, 34, '2016-07-29 00:00:00', 1, '2016-08-25 04:34:56'),
(390, 382, 'Compensation Element', 'form.php?class_name=hr_compensation_element&mode=9', 'Compensation Element', 'hr', 'hr_compensation_element', 9, NULL, NULL, 'FORM', NULL, 10, 34, '2016-07-29 00:00:00', 34, '2016-07-29 00:00:00'),
(391, 390, 'Search Element', 'search.php?class_name=hr_compensation_element', 'Search Compensation Element', 'hr', 'hr_compensation_element', 2, NULL, NULL, 'SEARCH', 1, NULL, 34, '2016-07-29 00:00:00', 34, '2016-07-29 00:00:00'),
(392, 390, 'Element Entry / Assignment', 'form.php?class_name=hr_element_entry_header&mode=9', 'Employee Element Entry Assignment', 'hr', 'hr_element_entry_header', 9, NULL, NULL, 'FORM', NULL, NULL, 34, '2016-07-29 00:00:00', 34, '2016-07-29 00:00:00'),
(393, 392, 'Search Element Entry', 'search.php?class_name=hr_element_entry_header', 'Search Element Entry', 'gl', 'hr_element_entry_header', 2, NULL, NULL, 'SEARCH', NULL, NULL, 34, '2016-07-29 00:00:00', 34, '2016-07-29 00:00:00'),
(394, 383, 'Search Employee', 'search.php?class_name=hr_employee', 'Search Employee', 'hr', 'hr_employee', 2, NULL, NULL, 'SEARCH', NULL, NULL, 34, '2016-07-29 00:00:00', 34, '2016-07-29 00:00:00'),
(395, 383, 'Education', 'form.php?class_name=hr_employee_education&mode=9', 'Employee Education', 'hr', 'hr_employee_education', 9, NULL, NULL, 'FORM', NULL, NULL, 34, '2016-07-29 00:00:00', 34, '2016-07-29 00:00:00'),
(396, 383, 'Experience', 'form.php?class_name=hr_employee_experience&mode=9', 'Experience', 'hr', 'hr_employee_experience', 9, NULL, NULL, 'FORM', NULL, NULL, 34, '2016-07-29 00:00:00', 34, '2016-07-29 00:00:00'),
(397, 383, 'Termination', 'form.php?class_name=hr_employee_termination&mode=9', 'Termination', 'hr', 'hr_employee_termination', 9, NULL, NULL, 'FORM', NULL, NULL, 34, '2016-07-29 00:00:00', 34, '2016-07-29 00:00:00'),
(398, 505, 'Employee Salary', 'form.php?class_name=hr_employee_salary&mode=2', 'Employee Salary', 'hr', 'hr_employee_salary', 2, NULL, NULL, 'FORM', NULL, NULL, 34, '2016-07-29 00:00:00', 34, '2016-07-29 00:00:00'),
(399, 382, 'Setup', 'form.php?module_code=hr&type=setup', 'Payroll Setup', 'hr', 'hr', 9, NULL, NULL, 'SETUP', NULL, 90, 34, '2016-07-29 00:00:00', 34, '2016-07-29 00:00:00'),
(400, 399, 'Payroll Payment Method', 'form.php?class_name=hr_payroll_payment_method&mode=9', 'Payroll Payment Method', 'hr', 'hr_payroll_payment_method', 9, NULL, NULL, 'SETUP', NULL, NULL, 34, '2016-07-29 00:00:00', 34, '2016-07-29 00:00:00'),
(401, 400, 'Search Payroll Payment Methods', 'search.php?class_name=hr_payroll_payment_method&mode=2', 'Search Payroll Payment Methods', 'hr', 'hr_payroll_payment_method', 2, NULL, NULL, 'SEARCH', 1, NULL, 34, '2016-07-29 00:00:00', 34, '2016-07-29 00:00:00'),
(402, 382, 'Payroll', 'form.php?class_name=hr_payroll&mode=9', 'HR Payroll', 'hr', 'hr_payroll', 9, NULL, NULL, 'FORM', NULL, 7, 34, '2016-07-29 00:00:00', 34, '2016-07-29 00:00:00'),
(403, 402, 'Search Payroll', 'search.php?class_name=hr_payroll&mode=2', 'Search Payroll', 'hr', 'hr_payroll', 2, NULL, NULL, 'SEARCH', 1, NULL, 34, '2016-07-29 00:00:00', 34, '2016-07-29 00:00:00'),
(404, 399, 'Leave Type', 'form.php?class_name=hr_leave_type&mode=9', 'Leave Types', 'hr', 'hr_leave_type', 9, NULL, NULL, 'FORM', NULL, NULL, 34, '2016-07-29 00:00:00', 34, '2016-07-29 00:00:00'),
(405, 404, 'Search Leave Type', 'search.php?class_name=hr_leave_type', 'Search Leave Type', 'hr', 'hr_leave_type', 9, NULL, NULL, 'SEARCH', 1, NULL, 34, '2016-07-29 00:00:00', 34, '2016-07-29 00:00:00'),
(406, 420, 'Leave Balance', 'form.php?class_name=hr_leave_balance&mode=9', 'Leave Balance', 'inv', 'hr_leave_balance', 9, NULL, NULL, 'FORM', NULL, NULL, 34, '2016-07-29 00:00:00', 34, '2016-07-29 00:00:00'),
(407, 382, 'Approval Limit', 'form.php?class_name=hr_approval_limit_header&mode=9', 'Approval Limit', 'hr', 'hr_approval_limit_header', 9, NULL, NULL, 'FORM', NULL, 6, 34, '2016-07-29 00:00:00', 34, '2016-07-29 00:00:00'),
(408, 407, 'Search Approval Limit', 'search.php?class_name=hr_approval_limit_header&mode=9', 'Search Approval Limit', 'hr', 'hr_approval_limit_header', 9, NULL, NULL, 'SEARCH', NULL, NULL, 34, '2016-07-29 00:00:00', 34, '2016-07-29 00:00:00'),
(409, 407, 'Approval Object', 'form.php?class_name=hr_approval_object&mode=9', 'Approval Object', 'hr', 'hr_approval_object', 9, NULL, NULL, 'FORM', NULL, NULL, 34, '2016-07-29 00:00:00', 34, '2016-07-29 00:00:00'),
(410, 409, 'Search Approval Object', 'search.php?class_name=hr_approval_object', 'Search Approval Object', 'hr', 'hr_approval_object', 2, NULL, NULL, 'SEARCH', 1, NULL, 34, '2016-07-29 00:00:00', 34, '2016-07-29 00:00:00'),
(411, 407, 'Approval Limit Assignment', 'form.php?class_name=hr_approval_limit_assign&mode=9', 'Approval Limit Assign', 'hr', 'hr_approval_limit_assign', 9, NULL, NULL, 'FORM', NULL, NULL, 34, '2016-07-29 00:00:00', 1, '2016-08-24 08:47:35'),
(412, 59, 'Notifications', 'form.php?class_name=sys_notification&mode=9', 'Notifications', 'adm', 'sys_notification', 9, NULL, NULL, 'FORM', NULL, NULL, 34, '2016-07-29 00:00:00', 34, '2016-07-29 00:00:00'),
(413, 412, 'Search Notification', 'search.php?class_name=sys_notification', 'Search Notification', 'hr', 'sys_notification', 2, NULL, NULL, 'SEARCH', 1, NULL, 34, '2016-07-29 00:00:00', 34, '2016-07-29 00:00:00'),
(414, 505, 'Apply Leave - SS', 'form.php?class_name=hr_leave_transaction_user&mode=9', 'Apply Leave Self Service', 'hr', 'hr_leave_transaction_user', 9, NULL, NULL, 'FORM', NULL, NULL, 34, '2016-07-29 00:00:00', 34, '2016-07-29 00:00:00'),
(415, 414, 'Search Leave', 'search.php?class_name=hr_leave_transaction_user', 'Search Leave', 'hr', 'hr_leave_transaction', 2, NULL, NULL, 'SEARCH', 1, NULL, 34, '2016-07-29 00:00:00', 34, '2016-07-29 00:00:00'),
(416, 77, 'Definen Block', 'form.php?class_name=block&mode=9', 'Definen Block', 'adm', 'block', 9, NULL, NULL, 'FORM', NULL, NULL, 34, '2016-07-29 00:00:00', 34, '2016-07-29 00:00:00'),
(417, 505, 'My Notifications', 'search.php?class_name=sys_notification_user&mode=2', 'My Notifications', 'sys', 'sys_notification_user', 2, NULL, NULL, 'SEARCH', 1, NULL, 34, '2016-07-29 00:00:00', 34, '2016-07-29 00:00:00'),
(418, 414, 'Leave Blalance', 'form.php?class_name=hr_leave_balance_user', 'User Leave Blalance', 'hr', 'hr_leave_balance_user', 2, NULL, NULL, 'SEARCH', NULL, NULL, 34, '2016-07-29 00:00:00', 34, '2016-07-29 00:00:00'),
(419, 406, 'Search All Leave', 'search.php?class_name=hr_leave_transaction&mode=2', 'Search All Leave', 'hr', 'hr_leave_transaction', 2, NULL, NULL, 'SEARCH', 1, NULL, 34, '2016-07-29 00:00:00', 34, '2016-07-29 00:00:00'),
(420, 382, 'Leave Entitlement', 'form.php?class_name=hr_leave_entitlement_header&mode=9', 'Leave Entitlement', 'hr', 'hr_leave_entitlement_header', 9, NULL, NULL, 'FORM', NULL, 2, 34, '2016-07-29 00:00:00', 34, '2016-07-29 00:00:00'),
(421, 420, 'Search Leave Entitlement', 'search.php?class_name=hr_leave_entitlement_header&mode=9', 'Search Leave Entitlement', 'hr', 'hr_leave_entitlement_header', 9, NULL, NULL, 'SEARCH', 1, NULL, 34, '2016-07-29 00:00:00', 34, '2016-07-29 00:00:00'),
(422, 386, 'User Position View', 'search.php?class_name=hr_employee_position_v', 'User Position View', 'hr', 'hr_employee_position_v', 2, NULL, NULL, 'SEARCH', 1, NULL, 34, '2016-07-29 00:00:00', 34, '2016-07-29 00:00:00'),
(423, 344, 'Blanket Release', 'form.php?class_name=po_release&mode=9', 'Blanket Release', 'pur', 'po_release', 9, NULL, NULL, 'FORM', NULL, 11, 34, '2016-07-29 00:00:00', 34, '2016-07-29 00:00:00'),
(424, 105, 'Document Sequence', 'form.php?class_name=sys_document_sequence&mode=9', 'Document Sequence', 'sys', 'sys_document_sequence', 9, NULL, NULL, 'FORM', NULL, NULL, 34, '2016-07-29 00:00:00', 34, '2016-07-29 00:00:00'),
(425, 381, 'Approved Supplier List', 'form.php?class_name=po_asl_header&mode=9', 'Approved Supplier List', 'pur', 'po_asl_header', 9, NULL, NULL, 'SETUP', NULL, NULL, 34, '2016-07-29 00:00:00', 34, '2016-07-29 00:00:00'),
(426, 425, 'Search ASL', 'search.php?class_name=po_asl_header', 'Search ASL', 'pur', 'po_asl_header', 2, NULL, NULL, 'SETUP', 1, NULL, 34, '2016-07-29 00:00:00', 34, '2016-07-29 00:00:00'),
(427, 425, 'ASL Document', 'form.php?class_name=po_asl_document&mode=9', 'ASL Document', 'pur', 'po_asl_document', 9, NULL, NULL, 'SETUP', NULL, NULL, 34, '2016-07-29 00:00:00', 34, '2016-07-29 00:00:00'),
(428, 423, 'Search Blanket', 'search.php?class_name=po_blanket_v', 'Search Blanket', 'pur', 'po_blanket_v', 9, NULL, NULL, 'SEARCH', 1, NULL, 34, '2016-07-29 00:00:00', 34, '2016-07-29 00:00:00'),
(429, 105, 'System Hold', 'form.php?class_name=sys_hold&mode=9', 'form.php?class_name=sys_hold&mode=9', 'sys', 'sys_hold', 9, NULL, NULL, 'FORM', NULL, NULL, 34, '2016-07-29 00:00:00', 34, '2016-07-29 00:00:00'),
(430, 429, 'Search Hold', 'search.php?class_name=sys_hold&mode=2', 'Search Hold', 'sys', 'sys_hold', 2, NULL, NULL, 'FORM', NULL, NULL, 34, '2016-07-29 00:00:00', 34, '2016-07-29 00:00:00'),
(431, 429, 'Release Hold', 'form.php?class_name=sys_hold_reference&mode=9', 'Release Hold', 'sys', 'sys_hold_reference', 9, NULL, NULL, 'FORM', NULL, NULL, 34, '2016-07-29 00:00:00', 34, '2016-07-29 00:00:00'),
(432, 429, 'Docs on Hold', 'search.php?class_name=sys_hold_reference', 'Docs on Hold', 'sys', 'sys_hold_reference', 2, NULL, NULL, 'SEARCH', NULL, NULL, 34, '2016-07-29 00:00:00', 34, '2016-07-29 00:00:00'),
(433, 344, 'RFQ & Quotes', 'form.php?class_name=po_rfq_header&mode=9', 'RFQ', 'pur', 'po_rfq_header', 9, NULL, NULL, 'FORM', NULL, NULL, 34, '2016-07-29 00:00:00', 34, '2016-07-29 00:00:00'),
(434, 433, 'Search RFQ', 'search.php?class_name=po_rfq_header', 'Search RFQ', 'pur', 'po_rfq_header', 2, NULL, NULL, 'SEARCH', NULL, NULL, 34, '2016-07-29 00:00:00', 34, '2016-07-29 00:00:00'),
(435, 345, 'Supplier User', 'form.php?class_name=user_supplier&mode=9', 'User Supplier Association', 'ap', 'user_supplier', 9, NULL, NULL, 'FORM', NULL, 30, 34, '2016-07-29 00:00:00', 1, '2016-07-29 04:01:27'),
(436, 17, 'Search Supplier User', 'search.php?class_name=user_supplier', 'Search Supplier User', 'ap', 'user_supplier', 2, NULL, NULL, 'SEARCH', 1, NULL, 34, '2016-07-29 00:00:00', 1, '2016-07-29 04:02:14'),
(437, 433, 'Quote', 'form.php?class_name=po_quote_header&mode=9', 'Quote', 'pur', 'po_quote_header', 9, NULL, NULL, 'FORM', NULL, NULL, 34, '2016-07-29 00:00:00', 34, '2016-07-29 00:00:00'),
(438, 437, 'Search Quote', 'search.php?class_name=po_quote_header', 'Search Quote', 'pur', 'po_quote_header', 2, NULL, NULL, NULL, NULL, NULL, 34, '2016-07-29 00:00:00', 34, '2016-07-29 00:00:00'),
(439, 187, 'Search AP Transactions', 'search.php?class_name=ap_transaction_all_v', 'Search AP Transactions', 'ap', 'ap_transaction_all_v', 2, NULL, NULL, 'SEARCH', 1, NULL, 34, '2016-07-29 00:00:00', 34, '2016-07-29 00:00:00'),
(440, 439, 'Unpaid Transactions', 'search.php?class_name=ap_payment_trnx_v', 'Unpaid Transactions', 'ap', 'ap_payment_trnx_v', 2, NULL, NULL, 'SEARCH', 1, NULL, 34, '2016-07-29 00:00:00', 34, '2016-07-29 00:00:00'),
(441, 194, 'Search Payments', 'search.php?class_name=ap_payment_all_v', 'Search Payments', 'ap', 'ap_payment_all_v', 2, NULL, NULL, NULL, 1, NULL, 34, '2016-07-29 00:00:00', 34, '2016-07-29 00:00:00'),
(442, 180, 'Journal Activity', 'search.php?class_name=gl_journal_line_v', 'Journal Activity', 'gl', 'gl_journal_line_v', 2, NULL, NULL, 'SEARCH', 1, NULL, 34, '2016-07-29 00:00:00', 34, '2016-07-29 00:00:00'),
(443, 180, 'Un Posted Balance', 'search.php?class_name=gl_unposted_balance_v', 'Un Posted Balance', 'gl', 'gl_unposted_balance_v', 2, NULL, NULL, 'SEARCH', 1, NULL, 34, '2016-07-29 00:00:00', 34, '2016-07-29 00:00:00'),
(444, 53, 'Serial Number', 'form.php?class_name=inv_serial_number&mode=9', 'Serial Number', 'inv', 'inv_serial_number', 9, NULL, NULL, 'FORM', NULL, NULL, 34, '2016-07-29 00:00:00', 34, '2016-07-29 00:00:00'),
(447, 444, 'Search Serial Number', 'search.php?class_name=inv_serial_number', 'Search Serial Number', 'inv', 'inv_serial_number', 2, NULL, NULL, 'SEARCH', 1, NULL, 34, '2016-07-29 00:00:00', 34, '2016-07-29 00:00:00'),
(448, 364, 'Generate Serial Number', 'program.php?class_name=inv_serial_number&program_name=prg_create_serial_number', 'Generate Predefined Serial Number', 'inv', 'inv_serial_number', 2, NULL, NULL, 'PROGRAM', NULL, NULL, 34, '2016-07-29 00:00:00', 34, '2016-07-29 00:00:00'),
(449, 444, 'Serial Transactions', 'search.php?class_name=inv_serial_transaction_v&mode=2', 'Search Serial Transactions', 'inv', 'inv_serial_transaction_v', 2, NULL, NULL, 'SEARCH', NULL, NULL, 34, '2016-07-29 00:00:00', 34, '2016-07-29 00:00:00'),
(450, NULL, 'BOM', 'form.php?module_code=bom', 'BOM', 'bom', 'bom', 2, NULL, NULL, NULL, NULL, 13, 34, '2016-07-29 00:00:00', 34, '2016-07-29 00:00:00'),
(451, 450, 'Programs', 'form.php?module_code=bom&type=program', 'BOM Programs', 'bom', 'bom', 2, NULL, NULL, 'PROGRAM', NULL, 99, 34, '2016-07-29 00:00:00', 34, '2016-07-29 00:00:00'),
(452, 124, 'Search Routing Header', 'search.php?class_name=bom_routing_header', 'Search Routing Header', 'bom', 'bom_routing_header', 2, NULL, NULL, 'SEARCH', 1, NULL, 34, '2016-07-29 00:00:00', 34, '2016-07-29 00:00:00'),
(453, 125, 'Setup', 'form.php?module_code=wip&type=setup', 'Setup', 'wip', 'wip', 9, NULL, NULL, 'SETUP', NULL, 50, 34, '2016-07-29 00:00:00', 34, '2016-07-29 00:00:00'),
(454, 53, 'Lot Number', 'form.php?class_name=inv_lot_number&mode=9', 'Lot Number', 'inv', 'inv_lot_number', 9, NULL, NULL, 'FORM', NULL, 22, 34, '2016-07-29 00:00:00', 34, '2016-07-29 00:00:00'),
(456, 454, 'Search Lot Number', 'search.php?class_name=inv_lot_number', 'Search Lot Number', 'inv', 'inv_lot_number', 2, NULL, NULL, NULL, NULL, NULL, 34, '2016-07-29 00:00:00', 34, '2016-07-29 00:00:00'),
(457, 454, 'Lot Transactions', 'search.php?class_name=inv_lot_transaction_v&mode=2', 'Lot Transactions', 'inv', 'inv_lot_transaction_v', 2, NULL, NULL, 'FORM', NULL, NULL, 34, '2016-07-29 00:00:00', 34, '2016-07-29 00:00:00'),
(458, 285, 'Forecast Group', 'form.php?class_name=fp_forecast_group&mode=9', 'Forecast Group', 'fp', 'fp_forecast_group', 9, NULL, NULL, 'FORM', NULL, 10, 34, '2016-07-29 00:00:00', 1, '2016-07-29 03:59:09'),
(460, 458, 'Search Forecast Group', 'search.php?class_name=fp_forecast_group', 'Search Forecast Group', 'fp', 'fp_forecast_group', 2, NULL, NULL, 'SEARCH', 1, NULL, 34, '2016-07-29 00:00:00', 34, '2016-07-29 00:00:00'),
(461, 284, 'Setup', 'form.php?module_code=fp&type=setup', 'FP Setup', 'fp', 'fp', 2, NULL, NULL, NULL, NULL, NULL, 34, '2016-07-29 00:00:00', 34, '2016-07-29 00:00:00'),
(462, 461, 'Planning Control', 'form.php?class_name=fp_planning_control&mode=9', 'Planning Control', 'fp', 'fp_planning_control', 9, NULL, NULL, 'FORM', NULL, NULL, 34, '2016-07-29 00:00:00', 34, '2016-07-29 00:00:00'),
(463, 105, 'Extra Field', 'form.php?class_name=sys_extra_field&mode=9', 'Extra Field', 'sys', 'sys_extra_field', 9, NULL, NULL, 'FORM', NULL, NULL, 34, '2016-07-29 00:00:00', 34, '2016-07-29 00:00:00'),
(464, 463, 'Search Extra Field', 'search.php?class_name=sys_extra_field', 'Search Extra Field', 'sys', 'sys_extra_field', 2, NULL, NULL, 'SEARCH', 1, NULL, 34, '2016-07-29 00:00:00', 34, '2016-07-29 00:00:00'),
(465, 125, 'WO Work Bench', 'form.php?class_name=wip_wo_work_bench&mode=9', 'Work Order Work Bench', 'wip', 'wip_wo_work_bench', 9, NULL, NULL, 'FORM', NULL, 11, 34, '2016-07-29 00:00:00', 34, '2016-07-29 00:00:00'),
(466, 284, 'Programs', 'form.php?module_code=fp&type=program', 'Programs', 'fp', 'fp', 9, NULL, NULL, 'PROGRAM', NULL, NULL, 34, '2016-07-29 00:00:00', 34, '2016-07-29 00:00:00'),
(467, 466, 'Manual Consumption', 'program.php?class_name=fp_forecast_consumption&program_name=prg_forecast_consumption', 'Manual  Forecast Consumption', 'fp', 'fp_forecast_consumption', 9, NULL, NULL, 'PROGRAM', NULL, NULL, 34, '2016-07-29 00:00:00', 34, '2016-07-29 00:00:00'),
(468, 285, 'Forecast Line Date v', 'search.php?class_name=fp_forecast_line_date_v', 'Forecast Line Date v', 'fp', 'fp_forecast_line_date_v', 2, NULL, NULL, 'SEARCH', 1, NULL, 34, '2016-07-29 00:00:00', 34, '2016-07-29 00:00:00'),
(469, 285, 'Forecast Over Consumption', 'search.php?class_name=fp_forecast_over_consumption_v', 'Forecast Over Consumption', 'fp', 'fp_forecast_over_consumption_v', 2, NULL, NULL, 'SEARCH', 1, NULL, 34, '2016-07-29 00:00:00', 34, '2016-07-29 00:00:00'),
(470, 59, 'Favourite', 'form.php?class_name=user_favourite&mode=9', 'Favourite', 'adm', 'user_favourite', 9, NULL, NULL, 'FORM', NULL, NULL, 34, '2016-07-29 00:00:00', 34, '2016-07-29 00:00:00'),
(471, 274, 'Convert To Production', 'program.php?class_name=extn_convertToProd&program_name=prg_convert_to_prod', 'Convert To Production', 'adm', 'extn_convertToProd', 2, NULL, NULL, 'PROGRAM', NULL, NULL, 34, '2016-07-29 00:00:00', 34, '2016-07-29 00:00:00'),
(474, 50, 'Custom report subinventory_locators', 'form.php?class_name=view_result&mode=2&view_id=1', 'Custom report subinventory_locators - Subinventory Locators', 'sys', NULL, NULL, NULL, NULL, 'REPORT', NULL, NULL, 34, '2016-07-29 00:00:00', 34, '2016-07-29 00:00:00'),
(475, 18, 'Custom report option_type', 'form.php?class_name=view_result&mode=2&view_id=9', 'Custom report option_type - option types', 'sys', NULL, 2, NULL, NULL, 'REPORT', NULL, NULL, 34, '2016-07-29 00:00:00', 34, '2016-07-29 00:00:00'),
(476, 55, 'Custom report Onhand', 'form.php?class_name=view_result&mode=2&view_id=10', 'Custom report Onhand - Curret Onhand', 'sys', NULL, 2, NULL, NULL, 'REPORT', NULL, NULL, 34, '2016-07-29 00:00:00', 34, '2016-07-29 00:00:00'),
(477, 313, 'Custom Report - Onhand', 'form.php?class_name=view_result&mode=2&view_id=10', 'Custom Report - Onhand Inventory Wise', 'sys', 'view_result', 2, NULL, NULL, 'REPORT', NULL, 1, 34, '2016-07-29 00:00:00', 34, '2016-07-29 00:00:00'),
(478, 44, 'Item Revision', 'search.php?class_name=inv_item_revision', 'Item Revision', 'inv', 'inv_item_revision', 2, NULL, NULL, 'SEARCH', NULL, NULL, 34, '2016-07-29 00:00:00', 34, '2016-07-29 00:00:00'),
(479, 105, 'Secondary Field', 'form.php?class_name=sys_secondary_field&mode=9', 'Secondary Field', 'sys', 'sys_secondary_field', 9, NULL, NULL, 'FORM', NULL, NULL, 34, '2016-07-29 00:00:00', 34, '2016-07-29 00:00:00'),
(480, 479, 'Search Secondary Field', 'search.php?class_name=sys_secondary_field', 'Search Secondary Field', 'sd', 'sys_secondary_field', 2, NULL, NULL, 'SEARCH', NULL, NULL, 34, '2016-07-29 00:00:00', 34, '2016-07-29 00:00:00'),
(481, 479, 'Secondary Field Instance', 'form.php?class_name=sys_secondary_field_instance&mode=9', 'Secondary Field Instance', 'sys', 'sys_secondary_field_instance', 9, NULL, NULL, 'FORM', NULL, NULL, 34, '2016-07-29 00:00:00', 34, '2016-07-29 00:00:00'),
(482, 487, 'Change Control', 'form.php?module_code=da&path_id=482', 'Change Control - ECO, MCO and Other Changes requests', 'da', 'da', 2, NULL, NULL, 'CONTAINER', NULL, 3, 34, '2016-07-29 00:00:00', 34, '2016-07-29 00:00:00'),
(483, 482, 'CO Template', 'form.php?class_name=cc_co_template_header&mode=9', 'Change Order Template', 'da', 'cc_co_template_header', 9, NULL, NULL, 'FORM', NULL, NULL, 34, '2016-07-29 00:00:00', 34, '2016-07-29 00:00:00'),
(484, 483, 'Search Template', 'search.php?class_name=cc_co_template_header', 'Search Change Order Template', 'cc', 'cc_co_template_header', 2, NULL, NULL, 'SEARCH', NULL, NULL, 34, '2016-07-29 00:00:00', 34, '2016-07-29 00:00:00'),
(485, 482, 'Change Order', 'form.php?class_name=cc_co_header&mode=9', 'Change Order', 'da', 'cc_co_header', 9, NULL, NULL, 'FORM', NULL, NULL, 34, '2016-07-29 00:00:00', 34, '2016-07-29 00:00:00'),
(486, 485, 'Search CO', 'search.php?class_name=cc_co_header', 'Search CO', 'cc', 'cc_co_header', 2, NULL, NULL, 'SEARCH', NULL, NULL, 34, '2016-07-29 00:00:00', 34, '2016-07-29 00:00:00'),
(487, NULL, 'Document & Analysis', 'form.php?module_code=da', 'Document & Analysis', 'da', 'da', 2, NULL, NULL, NULL, NULL, 3, 34, '2016-07-29 00:00:00', 34, '2016-07-29 00:00:00'),
(488, 337, 'Search Process Flow', 'search.php?class_name=sys_process_flow_header', 'Search Process Flow', 'sys', 'sys_process_flow_header', 2, NULL, NULL, 'SEARCH', NULL, NULL, 34, '2016-07-29 00:00:00', 34, '2016-07-29 00:00:00'),
(489, 284, 'Minmax Board', 'form.php?class_name=fp_minmax_board_v', 'Minmax Board', 'fp', 'fp_minmax_board_v', 2, NULL, NULL, 'REPORT', NULL, 1, 34, '2016-07-29 00:00:00', 34, '2016-07-29 00:00:00'),
(490, 487, 'Programs', 'form.php?module_code=cc&type=program', 'Programs for Document Administrator', 'cc', NULL, 2, NULL, NULL, 'PROGRAM', NULL, 4, 34, '2016-07-29 00:00:00', 34, '2016-07-29 00:00:00'),
(491, 490, 'Implement CO', 'program.php?class_name=cc_co_header&program_name=prg_implement_co', 'Implement Change Order', 'cc', 'cc_co_header', 2, NULL, NULL, 'PROGRAM', NULL, NULL, 34, '2016-07-29 00:00:00', 34, '2016-07-29 00:00:00'),
(492, 106, 'RMA Receipt', 'form.php?class_name=inv_rma_receipt_header&mode=9', 'RMA Receipt', 'inv', 'inv_rma_receipt_header', 9, NULL, NULL, 'FORM', NULL, NULL, 34, '2016-07-29 00:00:00', 34, '2016-07-29 00:00:00'),
(493, 390, 'Compensation Element Multi Entry', 'multi_select.php?search_class_name=hr_employee&action=multi_element_entry&mode=9&action_class_name=hr_element_entry_header&show_block=1', 'Compensation Element Multi Entry', 'hr', 'hr_element_entry_header', 9, NULL, NULL, 'FORM', NULL, NULL, 34, '2016-07-29 00:00:00', 34, '2016-07-29 00:00:00'),
(494, 390, 'Element Entry Tpl Header', 'form.php?class_name=hr_element_entry_tpl_header&mode=9', 'Element Entry Tpl Header', 'hr', 'hr_element_entry_tpl_header', 9, NULL, NULL, 'FORM', NULL, NULL, 34, '2016-07-29 00:00:00', 34, '2016-07-29 00:00:00'),
(495, 494, 'Search Element Entry Tpl Header', 'search.php?class_name=hr_element_entry_tpl_header', 'Element Entry Tpl Header', 'hr', 'hr_element_entry_tpl_header', 2, NULL, NULL, 'SEARCH', NULL, NULL, 34, '2016-07-29 00:00:00', 34, '2016-07-29 00:00:00'),
(496, 26, 'Home', 'index.php', 'Home', 'sd', NULL, 2, NULL, NULL, 'SEARCH', NULL, NULL, 34, '2016-07-29 00:00:00', 34, '2016-07-29 00:00:00'),
(497, 402, 'Payslip Header', 'form.php?class_name=hr_payslip_header&mode=9', 'Payslip Header', 'hr', 'hr_payslip_header', 9, NULL, NULL, 'FORM', NULL, NULL, 34, '2016-07-29 00:00:00', 34, '2016-07-29 00:00:00'),
(498, 26, 'Search All Paths', 'search.php?class_name=path', 'Search All Paths', 'adm', 'path', 2, NULL, NULL, 'SEARCH', 1, NULL, 34, '2016-07-29 00:00:00', 34, '2016-07-29 00:00:00'),
(499, 497, 'Search Payslip', 'search.php?class_name=hr_payslip_header', 'Search Payslip', 'hr', 'hr_payslip_header', 2, NULL, NULL, 'SEARCH', NULL, NULL, 34, '2016-07-29 00:00:00', 34, '2016-07-29 00:00:00'),
(500, 382, 'Programs', 'form.php?module_code=hr&type=program', 'HR Programs', 'hr', 'hr', 9, NULL, NULL, 'PROGRAM', NULL, 10, 34, '2016-07-29 00:00:00', 34, '2016-07-29 00:00:00'),
(501, 500, 'Generate Payroll Schedule', 'program.php?class_name=hr_payroll_schedule&program_name=prg_generate_payroll_schedule', 'Generate Payroll Schedule', 'hr', 'hr_payroll_schedule', 2, NULL, NULL, 'PROGRAM', NULL, NULL, 34, '2016-07-29 00:00:00', 34, '2016-07-29 00:00:00'),
(502, 500, 'Process Payroll', 'program.php?class_name=hr_payroll_schedule&program_name=prg_process_payroll', 'Process Payroll Schedule', 'hr', 'hr_payroll_schedule', 9, NULL, NULL, 'PROGRAM', NULL, NULL, 34, '2016-07-29 00:00:00', 34, '2016-07-29 00:00:00'),
(503, 402, 'Payroll Process', 'form.php?class_name=hr_payroll_process&mode=9', 'Payroll Process', 'hr', 'hr_payroll_process', 9, NULL, NULL, 'FORM', NULL, NULL, 34, '2016-07-29 00:00:00', 34, '2016-07-29 00:00:00'),
(504, 503, 'Search Payroll Process', 'search.php?class_name=hr_payroll_process', 'Search Payroll Process', 'hr', 'hr_payroll_process', 2, NULL, NULL, 'SEARCH', NULL, NULL, 34, '2016-07-29 00:00:00', 34, '2016-07-29 00:00:00'),
(505, 382, 'Self Service', 'form.php?module_code=hr&path_id=505', 'HR Self Service', 'hr', 'hr', 2, NULL, NULL, 'CONTAINER', NULL, 9, 34, '2016-07-29 00:00:00', 34, '2016-07-29 00:00:00'),
(506, 420, 'Apply Leave', 'form.php?class_name=hr_leave_transaction&mode=9', 'Apply Leave', 'hr', 'hr_leave_transaction', 9, NULL, NULL, 'FORM', NULL, NULL, 34, '2016-07-29 00:00:00', 34, '2016-07-29 00:00:00'),
(507, 505, 'Payslip', 'form.php?class_name=hr_payslip_user', 'User Payslip', 'hr', 'hr_payslip_user', 2, NULL, NULL, 'FORM', NULL, NULL, 34, '2016-07-29 00:00:00', 34, '2016-07-29 00:00:00'),
(508, 500, 'Cancel Payroll Process', 'program.php?class_name=hr_payroll_process&program_name=prg_cancel_payroll_process', 'Cancel Payroll Process', 'hr', 'hr_payroll_process', 2, NULL, NULL, 'FORM', NULL, NULL, 34, '2016-07-29 00:00:00', 34, '2016-07-29 00:00:00'),
(509, 500, 'Confirm Payroll Process', 'program.php?class_name=hr_payroll_process&program_name=prg_confirm_payroll_process', 'Confirm Payroll Process', 'hr', 'hr_payroll_process', 2, NULL, NULL, 'FORM', NULL, NULL, 34, '2016-07-29 00:00:00', 34, '2016-07-29 00:00:00'),
(510, 105, 'Barcode', 'form.php?module_code=sys&path_id=510', 'Barcode Setup', 'sys', 'sys', 2, NULL, NULL, 'CONTAINER', NULL, NULL, 34, '2016-07-29 00:00:00', 34, '2016-07-29 00:00:00'),
(511, 510, 'Label Format', 'form.php?class_name=bc_label_format_header&mode=9', 'Barcode Label Format Header', 'sd', 'bc_label_format_header', 9, NULL, NULL, 'FORM', NULL, NULL, 34, '2016-07-29 00:00:00', 34, '2016-07-29 00:00:00');
INSERT INTO `path` (`path_id`, `parent_id`, `name`, `path_link`, `description`, `module_code`, `obj_class_name`, `pmode`, `status`, `id_column_name`, `path_type`, `search_path_cb`, `display_weight`, `created_by`, `creation_date`, `last_update_by`, `last_update_date`) VALUES
(512, 511, 'Search Label Format', 'search.php?class_name=bc_label_format_header', 'Search Label Format Header', 'sys', 'bc_label_format_header', 2, NULL, NULL, 'FORM', NULL, NULL, 34, '2016-07-29 00:00:00', 34, '2016-07-29 00:00:00'),
(513, 105, 'Printer', 'form.php?class_name=sys_printer&mode=9', 'Printer', 'sys', 'sys_printer', 9, NULL, NULL, 'FORM', NULL, NULL, 34, '2016-07-29 00:00:00', 34, '2016-07-29 00:00:00'),
(514, 513, 'Search Printer', 'search.php?class_name=sys_printer', 'Search Printer', 'sys', 'sys_printer', 2, NULL, NULL, 'SEARCH', NULL, NULL, 34, '2016-07-29 00:00:00', 34, '2016-07-29 00:00:00'),
(515, 510, 'Label Auto Trigger', 'form.php?class_name=bc_label_auto_trigger&mode=9', 'Label Auto Trigger', 'sys', 'bc_label_auto_trigger', 9, NULL, NULL, 'FORM', NULL, NULL, 34, '2016-07-29 00:00:00', 34, '2016-07-29 00:00:00'),
(516, 510, 'Label Request', 'form.php?class_name=bc_label_request', 'Label Request', 'sys', 'bc_label_request', 2, NULL, NULL, 'FORM', NULL, NULL, 34, '2016-07-29 00:00:00', 34, '2016-07-29 00:00:00'),
(517, 516, 'Search Label Request', 'search.php?class_name=bc_label_request&mode=9', 'Search Label Request', 'sd', 'bc_label_request', 2, NULL, NULL, 'SEARCH', NULL, NULL, 34, '2016-07-29 00:00:00', 34, '2016-07-29 00:00:00'),
(518, 510, 'Static Label', 'form.php?class_name=bc_static_label&mode=9', 'Static Label', 'sys', 'bc_static_label', 9, NULL, NULL, 'FORM', NULL, NULL, 34, '2016-07-29 00:00:00', 34, '2016-07-29 00:00:00'),
(519, 518, 'Search Static Label', 'search.php?class_name=bc_static_label&mode=9', 'Search Static Label', 'sys', 'bc_static_label', 2, NULL, NULL, 'SEARCH', NULL, NULL, 34, '2016-07-29 00:00:00', 34, '2016-07-29 00:00:00'),
(520, 105, 'Master Data', 'form.php?module_code=sys&path_id=520', 'Master Data', 'sys', 'sys', 2, NULL, NULL, 'CONTAINER', NULL, NULL, 34, '2016-07-29 00:00:00', 34, '2016-07-29 00:00:00'),
(521, 520, 'Contact', 'form.php?class_name=extn_contact&mode=9', 'Contact', 'sys', 'extn_contact', 9, NULL, NULL, 'FORM', NULL, NULL, 34, '2016-07-29 00:00:00', 34, '2016-07-29 00:00:00'),
(522, 521, 'Search Contact', 'search.php?class_name=extn_contact', 'Search Contact', 'sys', 'extn_contact', 2, NULL, NULL, 'SEARCH', NULL, NULL, 34, '2016-07-29 00:00:00', 34, '2016-07-29 00:00:00'),
(523, 521, 'Contact Reference', 'search.php?class_name=extn_contact_reference', 'Contact Reference', 'sys', 'extn_contact_reference', 2, NULL, NULL, 'SEARCH', NULL, NULL, 34, '2016-07-29 00:00:00', 34, '2016-07-29 00:00:00'),
(524, 219, 'Lead', 'form.php?class_name=sd_lead&mode=9', 'Sales Lead', 'sd', 'sd_lead', 9, NULL, NULL, 'FORM', NULL, NULL, 34, '2016-07-29 00:00:00', 34, '2016-07-29 00:00:00'),
(525, 524, 'Search Lead', 'search.php?class_name=sd_lead&mode=9', 'Search Lead', 'sd', 'sd_lead', 2, NULL, NULL, 'SEARCH', NULL, NULL, 34, '2016-07-29 00:00:00', 34, '2016-07-29 00:00:00'),
(526, 219, 'Setup', 'form.php?module_code=sd&type=setup&path_id=526', 'Setup - Sales & Distribution', 'sd', 'sd', 2, NULL, NULL, 'FORM', NULL, 30, 34, '2016-07-29 00:00:00', 34, '2016-07-29 00:00:00'),
(527, 526, 'Sales Channel', 'form.php?class_name=option_header&mode=9&option_header_id=213', 'Sales Channel', 'sd', 'option_header', 9, NULL, NULL, 'SETUP', NULL, NULL, 34, '2016-07-29 00:00:00', 34, '2016-07-29 00:00:00'),
(528, 399, 'HR Team', 'form.php?class_name=hr_team_header&mode=9', 'HR Team', 'hr', 'hr_team_header', 9, NULL, NULL, 'FORM', NULL, NULL, 34, '2016-07-29 00:00:00', 34, '2016-07-29 00:00:00'),
(529, 528, 'Search Team', 'search.php?class_name=hr_team_header', 'Search Team', 'hr', 'hr_team_header', 2, NULL, NULL, 'SEARCH', NULL, NULL, 34, '2016-07-29 00:00:00', 34, '2016-07-29 00:00:00'),
(530, 526, 'Sales Team', 'form.php?class_name=hr_team_header&mode=9&type=SALES', 'Create & View Sales Team', 'sd', 'hr_team_header', 9, NULL, NULL, 'SETUP', NULL, NULL, 34, '2016-07-29 00:00:00', 34, '2016-07-29 00:00:00'),
(531, 219, 'Opportunity', 'form.php?class_name=sd_opportunity&mode=9', 'Opportunity', 'sd', 'sd_opportunity', 9, NULL, NULL, 'FORM', NULL, NULL, 34, '2016-07-29 00:00:00', 34, '2016-07-29 00:00:00'),
(532, 531, 'Search Opportunity', 'search.php?class_name=sd_opportunity', 'Search Opportunity', 'sd', 'sd_opportunity', 2, NULL, NULL, 'SEARCH', NULL, NULL, 34, '2016-07-29 00:00:00', 34, '2016-07-29 00:00:00'),
(533, 219, 'Sales Quote', 'form.php?class_name=sd_quote_header&mode=9', 'Sales Quote Header', 'sd', 'sd_quote_header', 9, NULL, NULL, 'FORM', NULL, NULL, 34, '2016-07-29 00:00:00', 34, '2016-07-29 00:00:00'),
(534, 533, 'Search Quote', 'search.php?class_name=sd_quote_header', 'Search Quotes', 'sd', 'sd_quote_header', 2, NULL, NULL, 'SEARCH', NULL, NULL, 34, '2016-07-29 00:00:00', 34, '2016-07-29 00:00:00'),
(535, 187, 'Vew AP Transaction', 'form.php?class_name=ap_transaction_header&mode=2', 'View Transaction', 'ap', 'ap_transaction_header', 2, NULL, 'ap_transaction_header_id', 'FORM', NULL, NULL, 34, '2016-07-29 00:00:00', 34, '2016-07-29 00:00:00'),
(536, 505, 'Self-Service Education', 'form.php?class_name=hr_employee_education_ss&mode=9', 'Self-Service Education', 'hr', 'hr_employee_education_ss', 9, NULL, NULL, 'FORM', NULL, NULL, 34, '2016-07-29 00:00:00', 34, '2016-07-29 00:00:00'),
(537, 505, 'Employee Experience', 'form.php?class_name=hr_employee_experience_ss&mode=9', 'Employee Experience Self Service', 'hr', 'hr_employee_experience_ss', 9, NULL, NULL, 'FORM', NULL, NULL, 34, '2016-07-29 00:00:00', 34, '2016-07-29 00:00:00'),
(538, 674, 'Web Contact', 'content.php?mode=9&content_type=web_contact', 'Web Contact', 'ext', '9', 2, NULL, NULL, 'FORM', NULL, NULL, 34, '2016-07-29 00:00:00', 34, '2016-07-29 00:00:00'),
(539, 125, 'WOL Transaction', 'form.php?class_name=wip_wol_transaction&mode=9', 'WOL Transaction', 'wip', 'wip_wol_transaction', 9, NULL, NULL, NULL, NULL, 40, 34, '2016-07-29 00:00:00', 34, '2016-07-29 00:00:00'),
(540, 674, 'Site Search', 'content.php?content_type=extn_site_search', 'Site Search', 'ext', 'extn_site_search', 2, NULL, NULL, 'SEARCH', 1, NULL, 34, '2016-07-29 00:00:00', 34, '2016-07-29 00:00:00'),
(541, 539, 'Search WOL Transaction', 'search.php?class_name=wip_wol_transaction', 'Search WOL Transaction', 'wip', 'wip_wol_transaction', 2, NULL, NULL, 'SEARCH', NULL, NULL, 34, '2016-07-29 00:00:00', 34, '2016-07-29 00:00:00'),
(542, NULL, 'Fixed Asset', 'form.php?module_code=fa', 'Fixed Asset', 'fa', 'fa', 2, NULL, NULL, 'FORM', NULL, 50, 34, '2016-07-29 00:00:00', 34, '2016-07-29 00:00:00'),
(543, 553, 'Asset Book', 'form.php?class_name=fa_asset_book&mode=9', 'Asset Book', 'fa', 'fa_asset_book', 9, NULL, NULL, 'FORM', NULL, NULL, 34, '2016-07-29 00:00:00', 34, '2016-07-29 00:00:00'),
(544, 543, 'Search Asset Book', 'search.php?class_name=fa_asset_book', 'Search Asset Book', 'fa', 'fa_asset_book', 2, NULL, NULL, 'SEARCH', NULL, NULL, 34, '2016-07-29 00:00:00', 34, '2016-07-29 00:00:00'),
(545, 553, 'Asset Category', 'form.php?class_name=fa_asset_category&mode=9', 'Asset Category', 'fa', 'fa_asset_category', 9, NULL, NULL, 'FORM', NULL, NULL, 34, '2016-07-29 00:00:00', 34, '2016-07-29 00:00:00'),
(546, 545, 'Search Asset Category', 'search.php?class_name=fa_asset_category', 'Search Asset Category', 'fa', 'fa_asset_category', 2, NULL, NULL, 'SEARCH', NULL, NULL, 34, '2016-07-29 00:00:00', 34, '2016-07-29 00:00:00'),
(547, 553, 'Depreciation Method', 'form.php?class_name=fa_depreciation_method&mode=9', 'Depreciation Method', 'fa', 'fa_depreciation_method', 9, NULL, NULL, 'FORM', NULL, NULL, 34, '2016-07-29 00:00:00', 34, '2016-07-29 00:00:00'),
(548, 547, 'Search Depreciation Method', 'search.php?class_name=fa_depreciation_method', 'Search Depreciation Method', 'fa', 'fa_depreciation_method', 2, NULL, NULL, 'SEARCH', NULL, NULL, 34, '2016-07-29 00:00:00', 34, '2016-07-29 00:00:00'),
(549, 542, 'Asset', 'form.php?class_name=fa_asset&mode=9', 'Asset', 'fa', 'fa_asset', 9, NULL, NULL, 'FORM', NULL, 50, 34, '2016-07-29 00:00:00', 34, '2016-07-29 00:00:00'),
(550, 549, 'Search Asset', 'search.php?class_name=fa_asset', 'Search Asset', 'fa', 'fa_asset', 2, NULL, NULL, 'SEARCH', NULL, NULL, 34, '2016-07-29 00:00:00', 34, '2016-07-29 00:00:00'),
(551, 549, 'Asset Book Info', 'form.php?class_name=fa_asset_book_info&mode=9', 'Asset Book Information', 'fa', 'fa_asset_book_info', 9, NULL, NULL, 'FORM', NULL, NULL, 34, '2016-07-29 00:00:00', 34, '2016-07-29 00:00:00'),
(552, 551, 'Search Asset Book Info', 'search.php?class_name=fa_asset_book_info', 'Search Asset Book Info', 'fp', 'fa_asset_book_info', 2, NULL, NULL, 'SEARCH', NULL, NULL, 34, '2016-07-29 00:00:00', 34, '2016-07-29 00:00:00'),
(553, 542, 'Setup', 'form.php?module_code=fa&type=setup', 'Fa Setups', 'fa', 'fa', 2, NULL, NULL, 'SETUP', NULL, 60, 34, '2016-07-29 00:00:00', 34, '2016-07-29 00:00:00'),
(554, 542, 'Depreciation', 'form.php?class_name=fa_depreciation_header&mode=9', 'Depreciation Header', 'fa', 'fa_depreciation_header', 9, NULL, NULL, 'FORM', NULL, 1, 34, '2016-07-29 00:00:00', 34, '2016-07-29 00:00:00'),
(555, 554, 'Search Depreciation', 'search.php?class_name=fa_depreciation_header', 'Search Depreciation', 'fa', 'fa_depreciation_header', 2, NULL, NULL, 'SEARCH', NULL, NULL, 34, '2016-07-29 00:00:00', 34, '2016-07-29 00:00:00'),
(556, 542, 'Programs', 'form.php?module_code=fa&type=program', 'Fixed Asset Programs', 'fa', 'fa', 2, NULL, NULL, 'PROGRAM', NULL, 80, 34, '2016-07-29 00:00:00', 34, '2016-07-29 00:00:00'),
(557, 556, 'Run Depreciation', 'program.php?class_name=fa_depreciation_header&program_name=prg_run_depreciation', 'Run Depreciation', 'fa', 'fa_depreciation_header', 2, NULL, NULL, 'PROGRAM', NULL, NULL, 34, '2016-07-29 00:00:00', 34, '2016-07-29 00:00:00'),
(558, NULL, 'Point Of Sale', 'form.php?module_code=pos', 'Point Of Sale - POS', 'pos', 'pos', 2, NULL, NULL, NULL, NULL, 40, 34, '2016-07-29 00:00:00', 34, '2016-07-29 00:00:00'),
(559, 558, 'POS Transaction', 'form.php?class_name=pos_transaction_header&mode=9', 'POS Transaction', 'pos', 'pos_transaction_header', 9, NULL, NULL, 'FORM', NULL, NULL, 34, '2016-07-29 00:00:00', 34, '2016-07-29 00:00:00'),
(560, 559, 'Search POS Trnx', 'search.php?class_name=pos_transaction_header', 'Search Point of Sale Transaction', 'pos', 'pos_transaction_header', 2, NULL, NULL, 'SEARCH', NULL, NULL, 34, '2016-07-29 00:00:00', 34, '2016-07-29 00:00:00'),
(561, 159, 'Upload Value Group Line', 'massupload.php?class_name=sys_value_group_line', 'Upload Value Group Line', 'adm', 'sys_value_group_line', 2, NULL, NULL, 'UPLOAD', NULL, NULL, 34, '2016-07-29 00:00:00', 34, '2016-07-29 00:00:00'),
(562, 147, 'Search Lines', 'search.php?class_name=sys_value_group_line', 'Search Lines', 'sys', 'sys_value_group_line', 2, NULL, NULL, 'SEARCH', NULL, NULL, 34, '2016-07-29 00:00:00', 34, '2016-07-29 00:00:00'),
(563, 564, 'Update Description', 'program.php?class_name=coa_combination&program_name=prg_update_description', 'Update Description', 'gl', 'coa_combination', 9, NULL, NULL, 'PROGRAM', NULL, NULL, 34, '2016-07-29 00:00:00', 34, '2016-07-29 00:00:00'),
(564, 150, 'Programs', 'form.php?module_code=gl&type=program', 'Geneledger Programs', 'gl', 'gl', 9, NULL, NULL, 'PROGRAM', NULL, 80, 34, '2016-07-29 00:00:00', 34, '2016-07-29 00:00:00'),
(565, 569, 'Balance Sheet - Summary', 'search.php?class_name=gl_balance_v&report_name=balance_sheet', 'Balance Sheet - Summary', 'gl', 'gl_balance_v', 2, NULL, NULL, NULL, NULL, NULL, 34, '2016-07-29 00:00:00', 34, '2016-07-29 00:00:00'),
(566, 569, 'Balance Sheet Detailed', 'search.php?class_name=gl_balance_v&report_name=balance_sheet_detailed', 'Balance Sheet Detailed', 'gl', 'gl_balance_v', 2, NULL, NULL, 'REPORT', NULL, NULL, 34, '2016-07-29 00:00:00', 34, '2016-07-29 00:00:00'),
(567, 569, 'Income Statement', 'search.php?class_name=gl_balance_v&report_name=income_statement', 'Income Statement', 'gl', 'gl_balance_v', 2, NULL, NULL, 'REPORT', NULL, NULL, 34, '2016-07-29 00:00:00', 34, '2016-07-29 00:00:00'),
(568, 569, 'Income Statement - Detailed', 'search.php?class_name=gl_balance_v&report_name=income_statement_detailed', 'Income Statement - Detailed', 'gl', 'gl_balance_v', 2, NULL, NULL, 'REPORT', NULL, NULL, 34, '2016-07-29 00:00:00', 34, '2016-07-29 00:00:00'),
(569, 150, 'Reports', 'form.php?module_code=gl&type=report&path_id=569', 'GL Reports', 'gl', 'gl', 2, NULL, NULL, 'REPORT', NULL, 95, 34, '2016-07-29 00:00:00', 34, '2016-07-29 00:00:00'),
(570, 569, 'All Account Combinations', 'program.php?class_name=coa_combination&program_name=prg_all_combinations&program_type=download_report', 'All Account Combinations', 'gl', 'coa_combination', 2, NULL, NULL, 'REPORT', NULL, NULL, 34, '2016-07-29 00:00:00', 34, '2016-07-29 00:00:00'),
(571, 569, 'Balance Sheet - MFR', 'program.php?class_name=gl_balance_v&program_name=prg_balance_sheet&program_type=download_report', 'Balance Sheet - Multi Format Reporting', 'gl', 'gl_balance_v', 2, NULL, NULL, 'REPORT', NULL, NULL, 34, '2016-07-29 00:00:00', 34, '2016-07-29 00:00:00'),
(572, 569, 'Income Stmt - MFR', 'program.php?class_name=gl_balance_v&program_name=prg_income_statement&program_type=download_report', 'Income Statement - Multi Format Report', 'gl', 'gl_balance_v', 2, NULL, NULL, 'REPORT', NULL, NULL, 34, '2016-07-29 00:00:00', 34, '2016-07-29 00:00:00'),
(573, 569, 'Trial Balance', 'search.php?class_name=gl_trial_balance&report_name=trial_balance', 'Trial Balance - General Ledger', 'gl', 'gl_trial_balance', 2, NULL, NULL, 'SEARCH', NULL, NULL, 34, '2016-07-29 00:00:00', 34, '2016-07-29 00:00:00'),
(574, 558, 'POS', 'form.php?class_name=pos_tt_header&mode=9', 'POS', 'pos', 'pos_tt_header', 9, NULL, NULL, 'FORM', NULL, NULL, 34, '2016-07-29 00:00:00', 34, '2016-07-29 00:00:00'),
(575, 558, 'Terminal', 'form.php?class_name=pos_terminal&mode=9', 'Terminal', 'pos', 'pos_terminal', 9, NULL, NULL, 'FORM', NULL, NULL, 34, '2016-07-29 00:00:00', 34, '2016-07-29 00:00:00'),
(576, 575, 'Search Terminal', 'search.php?class_name=pos_terminal', 'Search Terminals', 'pur', 'pos_terminal', 2, NULL, NULL, 'SEARCH', NULL, NULL, 34, '2016-07-29 00:00:00', 34, '2016-07-29 00:00:00'),
(577, 574, 'Hybrid POS', 'form.php?class_name=pos_tt_with_search_header&mode=9', 'Hybrid Point Of Sale Terminal', 'pos', 'pos_tt_with_search_header', 9, NULL, NULL, 'FORM', NULL, NULL, 34, '2016-07-29 00:00:00', 34, '2016-07-29 00:00:00'),
(578, 558, 'Setup', 'form.php?module_code=pos&type=setup', 'Setup - POS', 'pos', 'pos', 9, NULL, NULL, 'FORM', NULL, NULL, 34, '2016-07-29 00:00:00', 34, '2016-07-29 00:00:00'),
(579, 578, 'Inventory Control', 'form.php?class_name=pos_inv_control&mode=9', 'Inventory Control', 'pos', 'pos_inv_control', 9, NULL, NULL, 'FORM', NULL, NULL, 34, '2016-07-29 00:00:00', 34, '2016-07-29 00:00:00'),
(580, 361, 'Location Default', 'form.php?class_name=inv_location_default&mode=9', 'Location Default', 'inv', 'inv_location_default', 9, NULL, NULL, 'FORM', NULL, NULL, 34, '2016-07-29 00:00:00', 34, '2016-07-29 00:00:00'),
(582, 580, 'Search Location Default', 'search.php?class_name=inv_location_default&mode=9', 'Search Location Default', 'inv', 'inv_location_default', 9, NULL, NULL, 'FORM', NULL, NULL, 34, '2016-07-29 00:00:00', 34, '2016-07-29 00:00:00'),
(583, 578, 'Store', 'form.php?class_name=sd_store&mode=9', 'Physical Store', 'sd', 'sd_store', 9, NULL, NULL, 'FORM', NULL, NULL, 34, '2016-07-29 00:00:00', 34, '2016-07-29 00:00:00'),
(584, 583, 'Search Store', 'search.php?class_name=sd_store', 'Search Store', 'sd', 'sd_store', 2, NULL, NULL, 'SEARCH', NULL, NULL, 34, '2016-07-29 00:00:00', 34, '2016-07-29 00:00:00'),
(585, 558, 'Program', 'form.php?module_code=pos&type=program', 'Program', 'pos', 'pos', 2, NULL, NULL, 'PROGRAM', NULL, NULL, 34, '2016-07-29 00:00:00', 34, '2016-07-29 00:00:00'),
(586, 585, 'Sync POS', 'program.php?class_name=pos_transaction_header&program_name=prg_sync_pos_with_inv', 'Sync POS with Inventory', 'pos', 'pos_transaction_header', 9, NULL, NULL, 'PROGRAM', NULL, NULL, 34, '2016-07-29 00:00:00', 34, '2016-07-29 00:00:00'),
(587, 578, 'Barcode List', 'form.php?class_name=pos_barcode_list_header&mode=9', 'Barcode List Header', 'pos', 'pos_barcode_list_header', 9, NULL, NULL, 'FORM', NULL, NULL, 34, '2016-07-29 00:00:00', 34, '2016-07-29 00:00:00'),
(588, 587, 'Search Barcode List', 'search.php?class_name=pos_barcode_list_header', 'Search Barcode List', 'pos', 'pos_barcode_list_header', 2, NULL, NULL, 'SEARCH', NULL, NULL, 34, '2016-07-29 00:00:00', 34, '2016-07-29 00:00:00'),
(589, 284, 'Reports', 'form.php?module_code=fp&type=report', 'Reports', 'fp', 'fp', 2, NULL, NULL, 'REPORT', NULL, NULL, 34, '2016-07-29 00:00:00', 34, '2016-07-29 00:00:00'),
(590, 589, 'Supply Analysis', 'search.php?class_name=fp_reports&function_name=supply_analysis', 'Supply Analysis', 'fp', 'fp_reports', 2, NULL, NULL, 'REPORT', NULL, NULL, 34, '2016-07-29 00:00:00', 34, '2016-07-29 00:00:00'),
(591, 450, 'Config BOM', 'form.php?class_name=bom_config_header&mode=9', 'Config BOM', 'bom', 'bom_config_header', 9, NULL, NULL, 'FORM', NULL, NULL, 34, '2016-07-29 00:00:00', 34, '2016-07-29 00:00:00'),
(592, 591, 'Search Config BOM', 'search.php?class_name=bom_config_header', 'Search Config BOM', 'bom', 'bom_config_header', 2, NULL, NULL, 'SEARCH', NULL, NULL, 34, '2016-07-29 00:00:00', 34, '2016-07-29 00:00:00'),
(593, 311, 'Pick List', 'form.php?class_name=sd_pick_list_v&mode=2', 'Print Pick List', 'sd', 'sd_pick_list_v', 2, NULL, NULL, 'REPORT', NULL, NULL, 34, '2016-07-29 00:00:00', 34, '2016-07-29 00:00:00'),
(594, NULL, 'Asset Maintenance', 'http://localhost/inoerp/form.php?module_code=am', 'Asset Maintenance', 'am', 'am', 2, NULL, NULL, 'FORM', NULL, 30, 34, '2016-07-29 00:00:00', 34, '2016-07-29 00:00:00'),
(595, 594, 'Asset Number', 'form.php?class_name=am_asset&mode=9', 'Asset Number', 'am', 'am_asset', 9, NULL, NULL, 'FORM', NULL, NULL, 34, '2016-07-29 00:00:00', 34, '2016-07-29 00:00:00'),
(596, 595, 'Search Asset Number', 'search.php?class_name=am_asset&mode=9', 'Search Asset Number', 'am', 'am_asset', 2, NULL, NULL, 'SEARCH', NULL, NULL, 34, '2016-07-29 00:00:00', 34, '2016-07-29 00:00:00'),
(598, 220, 'Search SO Header', 'search.php?class_name=sd_so_header', 'Search SO Header', 'sd', 'sd_so_header', 2, NULL, NULL, 'SEARCH', NULL, NULL, 34, '2016-07-29 00:00:00', 34, '2016-07-29 00:00:00'),
(599, 526, 'Sales Control', 'form.php?class_name=sd_sales_control&mode=9', 'Sales Control', 'sd', 'sd_sales_control', 9, NULL, NULL, 'SETUP', NULL, NULL, 34, '2016-07-29 00:00:00', 34, '2016-07-29 00:00:00'),
(600, 62, 'collections', 'extensions/content/content.php?content_type=collections', 'Create & Updatecollections', NULL, NULL, NULL, NULL, NULL, NULL, NULL, NULL, 34, '2016-07-29 00:00:00', 34, '2016-07-29 00:00:00'),
(601, 141, 'Collections', 'content.php?content_type=collections&mode=9&window_type=form', 'Collections', 'da', 'collections', 9, NULL, NULL, 'FORM', NULL, NULL, 34, '2016-07-29 00:00:00', 34, '2016-07-29 00:00:00'),
(602, 601, 'Search Collections', 'search.php?class_name=content&content_type_id=49&window_type=form', 'Search Collections', 'da', 'content', 2, NULL, NULL, 'FORM', NULL, NULL, 34, '2016-07-29 00:00:00', 34, '2016-07-29 00:00:00'),
(603, 323, 'Group Access', 'form.php?class_name=user_group_access&mode=9', 'Group Access', 'adm', 'user_group_access', 9, NULL, NULL, 'FORM', NULL, NULL, 34, '2016-07-29 00:00:00', 34, '2016-07-29 00:00:00'),
(604, 346, 'Sales Region', 'form.php?class_name=ar_sales_region&mode=9', 'Sales Region', 'ar', 'ar_sales_region', 9, NULL, NULL, 'SETUP', NULL, NULL, 34, '2016-07-29 00:00:00', 34, '2016-07-29 00:00:00'),
(605, 274, 'DB Update', 'program.php?class_name=sys_db_update&program_name=prg_db_update', 'DB Update', 'adm', 'sys_db_update', 2, NULL, NULL, 'PROGRAM', NULL, NULL, 34, '2016-07-29 00:00:00', 34, '2016-07-29 00:00:00'),
(609, 594, 'Maintenance Activity', 'form.php?class_name=am_asset_activity&mode=9', 'Asset Maintenance Activity', 'am', 'am_asset_activity', 9, NULL, NULL, 'FORM', NULL, NULL, 34, '2016-07-29 00:00:00', 34, '2016-07-29 00:00:00'),
(611, 609, 'Search Activities', 'search.php?class_name=am_asset', 'Search Asset Activities', 'am', 'am_asset', 2, NULL, NULL, 'FORM', NULL, NULL, 34, '2016-07-29 00:00:00', 34, '2016-07-29 00:00:00'),
(612, 595, 'Asset BOM', 'form.php?class_name=bom_header&am_asset_type=ASSET_ITEM&mode=9', 'Asset BOM', 'am', 'bom_header', 9, NULL, NULL, 'FORM', NULL, NULL, 34, '2016-07-29 00:00:00', 34, '2016-07-29 00:00:00'),
(613, 612, 'Search Asset BOM', 'search.php?class_name=bom_header&am_asset_type=ASSET_ITEM', 'Search Asset BOM', 'am', 'bom_header', 2, NULL, NULL, 'SEARCH', NULL, NULL, 34, '2016-07-29 00:00:00', 34, '2016-07-29 00:00:00'),
(614, 609, 'Maintenance BOM', 'form.php?class_name=bom_header&am_asset_type=ASSET_ACTIVITY&mode=9', 'Maintenance BOM', 'am', 'bom_header', 9, NULL, NULL, 'FORM', NULL, NULL, 34, '2016-07-29 00:00:00', 34, '2016-07-29 00:00:00'),
(615, 595, 'Asset Routing', 'form.php?class_name=bom_routing_header&am_asset_type=ASSET_ITEM&mode=9', 'Asset Routing', 'am', 'bom_routing_header', 9, NULL, NULL, NULL, NULL, NULL, 34, '2016-07-29 00:00:00', 34, '2016-07-29 00:00:00'),
(616, 615, 'Search Asset Routing', 'search.php?class_name=bom_routing_header&am_asset_type=ASSET_ITEM', 'Search Asset Routing', 'am', 'bom_routing_header', 2, NULL, NULL, 'SEARCH', NULL, NULL, 34, '2016-07-29 00:00:00', 34, '2016-07-29 00:00:00'),
(617, 609, 'Maintenance Routing', 'form.php?class_name=bom_routing_header&am_asset_type=ASSET_ACTIVITY&mode=9', 'Maintenance Routing', 'am', 'bom_routing_header', 9, NULL, NULL, 'FORM', NULL, NULL, 34, '2016-07-29 00:00:00', 34, '2016-07-29 00:00:00'),
(618, 617, 'Search Maintenance Routing', 'search.php?class_name=bom_routing_header&am_asset_type=ASSET_ACTIVITY', 'Search Maintenance Routing', 'am', 'bom_routing_header', 2, NULL, NULL, 'SEARCH', NULL, NULL, 34, '2016-07-29 00:00:00', 34, '2016-07-29 00:00:00'),
(619, 594, 'Maintenance Schedule', 'form.php?class_name=am_maintenance_schedule&mode=9', 'Maintenance Schedule', 'am', 'am_maintenance_schedule', 9, NULL, NULL, 'FORM', NULL, NULL, 34, '2016-07-29 00:00:00', 34, '2016-07-29 00:00:00'),
(620, 619, 'Search Mntnc. Schedule', 'search.php?class_name=am_maintenance_schedule', 'Search Maintenance Schedule', 'am', 'am_maintenance_schedule', 2, NULL, NULL, 'SEARCH', NULL, NULL, 34, '2016-07-29 00:00:00', 34, '2016-07-29 00:00:00'),
(621, 619, 'Date Rule', 'form.php?class_name=am_ms_date_rule&mode=9', 'Maintenance Schedule Date Rule', 'am', 'am_ms_date_rule', 9, NULL, NULL, 'FORM', NULL, NULL, 34, '2016-07-29 00:00:00', 34, '2016-07-29 00:00:00'),
(622, 621, 'Search Date Rule', 'search.php?class_name=am_ms_date_rule', 'Search Date Rule', 'am', 'am_ms_date_rule', 2, NULL, NULL, 'SEARCH', NULL, NULL, 34, '2016-07-29 00:00:00', 34, '2016-07-29 00:00:00'),
(623, 619, 'Meter Rule', 'form.php?class_name=am_ms_meter_rule&mode=9', 'Meter Rule', 'am', 'am_ms_meter_rule', 9, NULL, NULL, NULL, NULL, NULL, 34, '2016-07-29 00:00:00', 34, '2016-07-29 00:00:00'),
(624, 623, 'Search Meter Rule', 'search.php?class_name=am_ms_meter_rule&mode=9', 'Search Meter Rule', 'am', 'am_ms_meter_rule', 9, NULL, NULL, NULL, NULL, NULL, 34, '2016-07-29 00:00:00', 34, '2016-07-29 00:00:00'),
(625, 594, 'Setup', 'form.php?module_code=am&type=setup', 'Maintenance Setup', 'am', 'am', 2, NULL, NULL, 'SETUP', NULL, 10, 34, '2016-07-29 00:00:00', 34, '2016-07-29 00:00:00'),
(626, 625, 'Meter', 'form.php?class_name=am_meter&mode=9', 'Meter', 'am', 'am_meter', 9, NULL, NULL, 'FORM', NULL, NULL, 34, '2016-07-29 00:00:00', 34, '2016-07-29 00:00:00'),
(627, 626, 'Search Meter', 'search.php?class_name=am_meter&mode=9', 'Search Meter', 'am', 'am_meter', 2, NULL, NULL, 'SEARCH', NULL, NULL, 34, '2016-07-29 00:00:00', 34, '2016-07-29 00:00:00'),
(628, 619, 'MS Calendar Date', 'form.php?class_name=am_ms_calendar_date&mode=9', 'Maintenance Schedule Calendar Date', 'am', 'am_ms_calendar_date', 9, NULL, NULL, NULL, NULL, NULL, 34, '2016-07-29 00:00:00', 34, '2016-07-29 00:00:00'),
(629, 628, 'Search MS Date', 'search.php?class_name=am_ms_calendar_date&mode=9', 'Search MS Calendar Date', 'am', 'am_ms_calendar_date', 9, NULL, NULL, 'SEARCH', NULL, NULL, 34, '2016-07-29 00:00:00', 34, '2016-07-29 00:00:00'),
(630, 594, 'Maintenance Work Order', 'form.php?class_name=am_wo_header&mode=9', 'Maintenance Work Order', 'am', 'am_wo_header', 9, NULL, NULL, 'FORM', NULL, NULL, 34, '2016-07-29 00:00:00', 34, '2016-07-29 00:00:00'),
(631, 630, 'Search WO', 'search.php?class_name=am_wo_header&mode=9', 'Search WO', 'am', 'am_wo_header', 9, NULL, NULL, 'SEARCH', NULL, NULL, 34, '2016-07-29 00:00:00', 34, '2016-07-29 00:00:00'),
(632, 636, 'Material Transaction', 'form.php?class_name=am_material_transaction&mode=9', 'Material Transaction', 'am', 'am_material_transaction', 9, NULL, NULL, 'FORM', NULL, NULL, 34, '2016-07-29 00:00:00', 34, '2016-07-29 00:00:00'),
(633, 632, 'Search Transactions', 'search.php?class_name=am_material_transaction&transaction_type_id=24,25', 'Search Material Transactions', 'am', 'am_material_transaction', 2, NULL, NULL, 'SEARCH', NULL, NULL, 34, '2016-07-29 00:00:00', 34, '2016-07-29 00:00:00'),
(634, 636, 'Resource Transaction', 'form.php?class_name=am_resource_transaction&mode=9', 'Resource Transaction', 'am', 'am_resource_transaction', 9, NULL, NULL, 'FORM', NULL, NULL, 34, '2016-07-29 00:00:00', 34, '2016-07-29 00:00:00'),
(635, 634, 'Search Resource Trnx.', 'search.php?class_name=am_resource_transaction&mode=9', 'Search Resource Trnx.', 'am', 'am_resource_transaction', 9, NULL, NULL, 'SEARCH', NULL, NULL, 34, '2016-07-29 00:00:00', 34, '2016-07-29 00:00:00'),
(636, 594, 'Mainteance Work Bench', 'form.php?class_name=am_wo_work_bench&mode=9', 'Mainteance Work Bench', 'am', 'am_wo_work_bench', 9, NULL, NULL, 'FORM', NULL, NULL, 34, '2016-07-29 00:00:00', 34, '2016-07-29 00:00:00'),
(637, 636, 'Move Transaction', 'form.php?class_name=am_move_transaction&mode=9', 'Move Transaction', 'am', 'am_move_transaction', 9, NULL, NULL, 'FORM', NULL, NULL, 34, '2016-07-29 00:00:00', 34, '2016-07-29 00:00:00'),
(638, 594, 'Programs', 'form.php?module_code=am&type=program', 'Programs', 'am', 'am', 2, NULL, NULL, 'PROGRAM', NULL, NULL, 34, '2016-07-29 00:00:00', 34, '2016-07-29 00:00:00'),
(639, 638, 'Generate WOs', 'program.php?class_name=am_wo_header&program_name=prg_create_wo', 'Generate WOs', 'am', 'am_wo_header', 2, NULL, NULL, 'PROGRAM', NULL, NULL, 34, '2016-07-29 00:00:00', 34, '2016-07-29 00:00:00'),
(640, NULL, 'eCommerece', 'form.php?module_code=ec', 'eCommerece', 'ec', 'ec', 2, NULL, NULL, 'CONTENT', NULL, 20, 34, '2016-07-29 00:00:00', 34, '2016-07-29 00:00:00'),
(641, 640, 'Product', 'form.php?class_name=ec_product&mode=9', 'Product', 'ec', 'ec_product', 9, NULL, NULL, 'FORM', NULL, NULL, 34, '2016-07-29 00:00:00', 34, '2016-07-29 00:00:00'),
(642, 641, 'Search Product', 'search.php?class_name=ec_product', 'Search Product', 'ec', 'ec_product', 2, NULL, NULL, 'SEARCH', NULL, NULL, 34, '2016-07-29 00:00:00', 34, '2016-07-29 00:00:00'),
(643, 520, 'Catalog', 'form.php?class_name=sys_catalog_header&mode=9', 'Catalog Header', 'sys', 'sys_catalog_header', 9, NULL, NULL, 'FORM', NULL, NULL, 34, '2016-07-29 00:00:00', 34, '2016-07-29 00:00:00'),
(644, 643, 'Search Catalog', 'search.php?class_name=sys_catalog_header&mode=9', 'Search Catalog', 'sys', 'sys_catalog_header', 9, NULL, NULL, 'SEARCH', NULL, NULL, 34, '2016-07-29 00:00:00', 34, '2016-07-29 00:00:00'),
(645, 643, 'Catalog Value', 'form.php?class_name=sys_catalog_value&mode=9', 'Catalog Value', 'sys', 'sys_catalog_value', 9, NULL, NULL, 'FORM', NULL, NULL, 34, '2016-07-29 00:00:00', 34, '2016-07-29 00:00:00'),
(647, 645, 'Search Catalog Value', 'search.php?class_name=sys_catalog_value', 'Search Catalog Value', 'sys', 'sys_catalog_value', 2, NULL, NULL, 'SEARCH', NULL, NULL, 34, '2016-07-29 00:00:00', 34, '2016-07-29 00:00:00'),
(648, 53, 'Item Relation', 'form.php?class_name=inv_item_relation&mode=9', 'Item Relation', 'inv', 'inv_item_relation', 9, NULL, NULL, 'FORM', NULL, 23, 34, '2016-07-29 00:00:00', 34, '2016-07-29 00:00:00'),
(649, 648, 'Search Item Relation', 'search.php?class_name=inv_item_relation', 'Search Item Relation', 'inv', 'inv_item_relation', 2, NULL, NULL, 'SEARCH', NULL, NULL, 34, '2016-07-29 00:00:00', 34, '2016-07-29 00:00:00'),
(650, 329, 'Rating Values', 'form.php?class_name=extn_rating_values&mode=9', 'Rating Values', 'adm', 'extn_rating_values', 9, NULL, NULL, 'FORM', NULL, NULL, 34, '2016-07-29 00:00:00', 34, '2016-07-29 00:00:00'),
(651, 650, 'Search Rating', 'search.php?class_name=extn_rating_values', 'Search Rating Values', 'adm', 'extn_rating_values', 2, NULL, NULL, 'SEARCH', NULL, NULL, 34, '2016-07-29 00:00:00', 34, '2016-07-29 00:00:00'),
(653, 640, 'Product View', 'product.php', 'Product Pages', 'ec', 'ec_product_view', 2, NULL, NULL, 'CONTENT', NULL, NULL, 34, '2016-07-29 00:00:00', 34, '2016-07-29 00:00:00'),
(654, 640, 'Cart', '?dtype=product&class_name=ec_user_cart', 'Cart', 'ec', 'ec_user_cart', 2, NULL, NULL, 'CONTENT', NULL, NULL, 34, '2016-07-29 00:00:00', 34, '2016-07-29 00:00:00'),
(655, 654, 'System Cart', '?dtype=product&class_name=ec_cart&mode=9', 'System Cart', 'ec', 'ec_cart', 9, NULL, NULL, 'FORM', NULL, NULL, 34, '2016-07-29 00:00:00', 34, '2016-07-29 00:00:00'),
(656, 662, 'Payment Method', 'form.php?class_name=ec_payment_method&mode=9', 'Payment Method', 'ec', 'ec_payment_method', 9, NULL, NULL, 'FORM', NULL, NULL, 34, '2016-07-29 00:00:00', 34, '2016-07-29 00:00:00'),
(657, 656, 'Search Payment Method', 'search.php?class_name=ec_payment_method&mode=9', 'Search Payment Method', 'ec', 'ec_payment_method', 2, NULL, NULL, 'SEARCH', NULL, NULL, 34, '2016-07-29 00:00:00', 34, '2016-07-29 00:00:00'),
(658, 640, 'Paid Order', 'form.php?class_name=ec_paid_order', 'Paid Order', 'ec', 'ec_paid_order', 2, NULL, NULL, 'FORM', NULL, NULL, 34, '2016-07-29 00:00:00', 34, '2016-07-29 00:00:00'),
(659, 658, 'Search Paid Order', 'search.php?class_name=ec_paid_order', 'Paid Order', 'ec', 'ec_paid_order', 2, NULL, NULL, 'SEARCH', NULL, NULL, 34, '2016-07-29 00:00:00', 34, '2016-07-29 00:00:00'),
(660, 640, 'Programs', 'form.php?module_code=ec&type=program', 'eCommerce Programs', 'ec', 'ec', 2, NULL, NULL, 'PROGRAM', NULL, NULL, 34, '2016-07-29 00:00:00', 34, '2016-07-29 00:00:00'),
(661, 660, 'Create Sales Order', 'program.php?class_name=ec_paid_order&program_name=prg_create_so', 'Create Sales Order', 'ec', 'ec_paid_order', 2, NULL, NULL, 'PROGRAM', NULL, NULL, 34, '2016-07-29 00:00:00', 34, '2016-07-29 00:00:00'),
(662, 640, 'Setup', 'form.php?module_code=ec&type=setup', 'eCommerce Setup', 'ec', 'ec', 2, NULL, NULL, 'SETUP', NULL, NULL, 34, '2016-07-29 00:00:00', 34, '2016-07-29 00:00:00'),
(663, 662, 'eComm Control', 'form.php?class_name=ec_control&mode=9', 'eCommrce Control', 'ec', 'ec_control', 9, NULL, NULL, 'SETUP', NULL, NULL, 34, '2016-07-29 00:00:00', 34, '2016-07-29 00:00:00'),
(664, 274, 'Program Schedule', 'form.php?class_name=sys_program_schedule&mode=9', 'Program Schedule', 'adm', 'sys_program_schedule', 9, NULL, NULL, 'FORM', NULL, NULL, 34, '2016-07-29 00:00:00', 34, '2016-07-29 00:00:00'),
(665, 664, 'Search Program Schedule', 'search.php?class_name=sys_program_schedule', 'Search Program Schedule', 'adm', 'sys_program_schedule', 2, NULL, NULL, 'SEARCH', NULL, NULL, 34, '2016-07-29 00:00:00', 34, '2016-07-29 00:00:00'),
(666, 664, 'Start Scheduler', 'modules/sys/program_schedule/start_program_scheduler.php', 'Start Program Scheduler', 'adm', 'sys_program_schedule', 10, NULL, NULL, 'PROGRAM', NULL, NULL, 34, '2016-07-29 00:00:00', 34, '2016-07-29 00:00:00'),
(667, 329, 'Message Format', 'form.php?class_name=sys_message_format&mode=9', 'Message Format', 'adm', 'sys_message_format', 9, NULL, NULL, 'FORM', NULL, NULL, 34, '2016-07-29 00:00:00', 34, '2016-07-29 00:00:00'),
(668, 667, 'Search Message Format', 'search.php?class_name=sys_message_format&mode=9', 'Search Message Format', 'adm', 'sys_message_format', 9, NULL, NULL, 'SEARCH', NULL, NULL, 34, '2016-07-29 00:00:00', 34, '2016-07-29 00:00:00'),
(669, NULL, 'Service Help Desk', 'form.php?module_code=hd', 'Help Desk', 'hd', 'hd', 2, NULL, NULL, 'CONTENT', NULL, 15, 34, '2016-07-29 00:00:00', 34, '2016-07-29 00:00:00'),
(670, 669, 'Support Request', 'form.php?class_name=hd_support_request&mode=9', 'Support Request', 'hd', 'hd_support_request', 9, NULL, NULL, 'FORM', NULL, 12, 34, '2016-07-29 00:00:00', 34, '2016-07-29 00:00:00'),
(671, 670, 'Search Support Request', 'search.php?class_name=hd_support_request&mode=9', 'Search Support Request', 'hd', 'hd_support_request', 9, NULL, NULL, 'SEARCH', NULL, NULL, 34, '2016-07-29 00:00:00', 34, '2016-07-29 00:00:00'),
(672, 669, 'Change Request', 'form.php?class_name=hd_change_request&mode=9', 'Change Request', 'hd', 'hd_change_request', 9, NULL, NULL, 'FORM', NULL, NULL, 34, '2016-07-29 00:00:00', 34, '2016-07-29 00:00:00'),
(673, 672, 'Search Change Request', 'search.php?class_name=hd_change_request', 'Search Change Request', 'hd', 'hd_change_request', 2, NULL, NULL, 'SEARCH', NULL, NULL, 34, '2016-07-29 00:00:00', 34, '2016-07-29 00:00:00'),
(674, NULL, 'Extensions', 'form.php?module_code=ext', 'Extensions', 'ext', 'ext', 2, NULL, NULL, 'CONTAINER', NULL, 89, 34, '2016-07-29 00:00:00', 34, '2016-07-29 00:00:00'),
(675, 194, 'Multi Select Payment', 'multi_select.php?search_class_name=ap_payment_interface&action=multi_payment&mode=9', 'Multi Select Payment', 'ap', 'ap_payment_interface', 9, NULL, NULL, 'FORM', NULL, NULL, 34, '2016-07-29 00:00:00', 34, '2016-07-29 00:00:00'),
(676, 155, 'Form Personalization', 'form.php?class_name=sys_form_personalization', 'Form Personalization', 'adm', 'sys_form_personalization', 2, NULL, NULL, 'FORM', NULL, NULL, 34, '2016-07-29 00:00:00', 34, '2016-07-29 00:00:00'),
(678, 669, 'Service Request', 'form.php?class_name=hd_service_request&mode=9', 'Service Request', 'hd', 'hd_service_request', 9, NULL, NULL, 'FORM', NULL, NULL, 34, '2016-07-29 00:00:00', 34, '2016-07-29 00:00:00'),
(679, 678, 'Search Service Request', 'search.php?class_name=hd_service_request', 'Search Service Request', 'hd', 'hd_service_request', 2, NULL, NULL, 'SEARCH', NULL, NULL, 34, '2016-07-29 00:00:00', 34, '2016-07-29 00:00:00'),
(680, 329, 'Social Login', 'form.php?class_name=extn_social_login&mode=9', 'Social Login', 'adm', 'extn_social_login', 9, NULL, NULL, 'FORM', NULL, NULL, 34, '2016-07-29 00:00:00', 34, '2016-07-29 00:00:00'),
(681, 680, 'Search Social Login', 'search.php?class_name=extn_social_login', 'Search Social Login', 'adm', 'extn_social_login', 2, NULL, NULL, 'SEARCH', NULL, NULL, 34, '2016-07-29 00:00:00', 34, '2016-07-29 00:00:00'),
(682, 685, 'Service Activity', 'form.php?class_name=hd_service_activity_header&mode=9', 'Service Activity', 'hd', 'hd_service_activity_header', 9, NULL, NULL, 'SETUP', NULL, NULL, 34, '2016-07-29 00:00:00', 34, '2016-07-29 00:00:00'),
(683, 682, 'Search Service Activity', 'search.php?class_name=hd_service_activity_header', 'Search Service Activity', 'hd', 'hd_service_activity_header', 2, NULL, NULL, 'SETUP', NULL, NULL, 34, '2016-07-29 00:00:00', 34, '2016-07-29 00:00:00'),
(685, 669, 'Setup', 'form.php?module_code=hd&type=setup', 'Setup', 'hd', 'hd', 2, NULL, NULL, 'SETUP', NULL, 90, 34, '2016-07-29 00:00:00', 34, '2016-07-29 00:00:00'),
(686, 59, 'Common Entities', 'form.php?module_code=adm&path_id=686', 'Common Entities', 'adm', 'adm', 2, NULL, NULL, 'CONTAINER', NULL, NULL, 34, '2016-07-29 00:00:00', 34, '2016-07-29 00:00:00'),
(687, 686, 'Task Type', 'form.php?class_name=adm_task_type&mode=9', 'Task Type', 'adm', 'adm_task_type', 9, NULL, NULL, 'SETUP', NULL, NULL, 34, '2016-07-29 00:00:00', 34, '2016-07-29 00:00:00'),
(688, 687, 'Search Task Type', 'search.php?class_name=adm_task_type', 'Search Task Type', 'adm', 'adm_task_type', 2, NULL, NULL, 'SEARCH', NULL, NULL, 34, '2016-07-29 00:00:00', 34, '2016-07-29 00:00:00'),
(689, 687, 'Task Type Multi Action', 'multi_select.php?class_name=adm_task_type&mode=9&show_block=1', 'Task Type Multi Action', 'adm', 'adm_task_type', 9, NULL, NULL, 'FORM', NULL, NULL, 34, '2016-07-29 00:00:00', 34, '2016-07-29 00:00:00'),
(690, 686, 'Task Status', 'form.php?class_name=adm_task_status&mode=9', 'Task Status', 'adm', 'adm_task_status', 9, NULL, NULL, 'FORM', NULL, NULL, 34, '2016-07-29 00:00:00', 34, '2016-07-29 00:00:00'),
(691, 690, 'Search Task Status', 'search.php?class_name=adm_task_status', 'Search Task Status', 'adm', 'adm_task_status', 2, NULL, NULL, 'SEARCH', NULL, NULL, 34, '2016-07-29 00:00:00', 34, '2016-07-29 00:00:00'),
(692, 690, 'Multi Action Task Status', 'multi_select.php?class_name=adm_task_status&mode=9&show_block=1', 'Multi Action Task Status', 'adm', 'adm_task_status', 9, NULL, NULL, 'FORM', NULL, NULL, 34, '2016-07-29 00:00:00', 34, '2016-07-29 00:00:00'),
(693, 487, 'Process Document', 'form.php?class_name=sys_pd_header&mode=9', 'Process Document', 'da', 'sys_pd_header', 9, NULL, NULL, 'FORM', NULL, NULL, 34, '2016-07-29 00:00:00', 34, '2016-07-29 00:00:00'),
(694, 693, 'Search Process Document', 'search.php?class_name=sys_pd_header&mode=9', 'Search Process Document', 'da', 'sys_pd_header', 9, NULL, NULL, 'SEARCH', NULL, NULL, 34, '2016-07-29 00:00:00', 34, '2016-07-29 00:00:00'),
(695, 685, 'Task Type', 'form.php?class_name=adm_task_type&mode=9', 'Task Type', 'hd', 'adm_task_type', 9, NULL, NULL, 'FORM', NULL, NULL, 34, '2016-07-29 00:00:00', 34, '2016-07-29 00:00:00'),
(696, 685, 'Task Status', 'form.php?class_name=adm_task_status&mode=9', 'Task Status', 'hd', 'adm_task_status', 9, NULL, NULL, 'FORM', NULL, NULL, 34, '2016-07-29 00:00:00', 34, '2016-07-29 00:00:00'),
(697, 685, 'Service Type', 'form.php?class_name=hd_service_type_header&mode=9', 'Service Type Header', 'hd', 'hd_service_type_header', 9, NULL, NULL, 'FORM', NULL, NULL, 34, '2016-07-29 00:00:00', 34, '2016-07-29 00:00:00'),
(698, 697, 'Search Service Type', 'search.php?class_name=hd_service_type_header', 'Search Service Type', 'hd', 'hd_service_type_header', 2, NULL, NULL, 'SEARCH', NULL, NULL, 34, '2016-07-29 00:00:00', 34, '2016-07-29 00:00:00'),
(699, 669, 'Service Order', 'form.php?class_name=hd_svo_header&mode=9', 'Service Order', 'hd', 'hd_svo_header', 9, NULL, NULL, 'FORM', NULL, NULL, 34, '2016-07-29 00:00:00', 34, '2016-07-29 00:00:00'),
(700, 699, 'Search SVO', 'search.php?class_name=hd_svo_header&mode=9', 'Search Service Order', 'hd', 'hd_svo_header', 2, NULL, NULL, 'SEARCH', NULL, NULL, 34, '2016-07-29 00:00:00', 34, '2016-07-29 00:00:00'),
(701, 487, 'Sys Process Document', 'form.php?class_name=sys_spd_header&mode=9', 'System Process Document', 'da', 'sys_spd_header', 9, NULL, NULL, 'FORM', NULL, NULL, 34, '2016-07-29 00:00:00', 34, '2016-07-29 00:00:00'),
(702, 701, 'Search Sys Process Docs', 'search.php?class_name=sys_spd_header', 'Search System Process Documets', 'da', 'sys_spd_header', 2, NULL, NULL, 'SEARCH', NULL, NULL, 34, '2016-07-29 00:00:00', 34, '2016-07-29 00:00:00'),
(703, 524, 'Custom report Sales Funnel', 'form.php?class_name=view_result&mode=2&view_id=13', 'Custom report Sales Funnel - Sales Funnel', 'sys', NULL, 2, NULL, NULL, 'REPORT', NULL, NULL, 34, '2016-07-29 00:00:00', 34, '2016-07-29 00:00:00'),
(704, 669, 'Svc Business Process', 'form.php?class_name=hd_sbp_header&mode=9', 'Service Business Process', 'hd', 'hd_sbp_header', 9, NULL, NULL, 'FORM', NULL, NULL, 34, '2016-07-29 00:00:00', 34, '2016-07-29 00:00:00'),
(705, 704, 'Search Business Process', 'search.php?class_name=hd_sbp_header', 'Search Service Business Process', 'hd', 'hd_sbp_header', 2, NULL, NULL, 'SEARCH', NULL, NULL, 34, '2016-07-29 00:00:00', 34, '2016-07-29 00:00:00'),
(706, 669, 'Service Contract', 'form.php?class_name=hd_service_contract_header&mode=9', 'Service Contract Header', 'hd', 'hd_service_contract_header', 9, NULL, NULL, 'FORM', NULL, NULL, 34, '2016-07-29 00:00:00', 34, '2016-07-29 00:00:00'),
(707, 706, 'Search Contract', 'search.php?class_name=hd_service_contract_header', 'Service Contract Header', 'hd', 'hd_service_contract_header', 2, NULL, NULL, 'SEARCH', NULL, NULL, 34, '2016-07-29 00:00:00', 34, '2016-07-29 00:00:00'),
(708, NULL, 'Projects', 'form.php?module_code=prj', 'Projects', 'prj', 'prj', 2, NULL, NULL, 'CONTAINER', NULL, 35, 34, '2016-07-29 00:00:00', 34, '2016-07-29 00:00:00'),
(709, 755, 'Project Category', 'form.php?class_name=prj_category_header&mode=9', 'Category Header', 'prj', 'prj_category_header', 9, NULL, NULL, 'FORM', NULL, NULL, 34, '2016-07-29 00:00:00', 34, '2016-07-29 00:00:00'),
(710, 709, 'Search Category', 'search.php?class_name=prj_category_header', 'Search Project Categories', 'prj', 'prj_category_header', 2, NULL, NULL, 'SEARCH', NULL, NULL, 34, '2016-07-29 00:00:00', 34, '2016-07-29 00:00:00'),
(711, 708, 'Setup', 'form.php?module_code=prj&type=setup', 'Project Setups', 'prj', 'prj', 2, NULL, NULL, 'SETUP', NULL, 90, 34, '2016-07-29 00:00:00', 34, '2016-07-29 00:00:00'),
(712, 711, 'Customer Relationship', 'form.php?class_name=option_header&option_header_id=245&mode=9', 'Customer Relationship', 'prj', 'option_header', 9, NULL, NULL, 'SETUP', NULL, NULL, 34, '2016-07-29 00:00:00', 34, '2016-07-29 00:00:00'),
(713, 711, 'Expenditure Category', 'form.php?class_name=option_header&option_header_id=246&mode=9', 'Expenditure Category', 'prj', 'option_header', 9, NULL, NULL, 'SETUP', NULL, NULL, 34, '2016-07-29 00:00:00', 34, '2016-07-29 00:00:00'),
(714, 711, 'Revenue Category', 'form.php?class_name=option_header&option_header_id=247&mode=9', 'Revenue Category', 'prj', 'option_header', 9, NULL, NULL, 'SETUP', NULL, NULL, 34, '2016-07-29 00:00:00', 34, '2016-07-29 00:00:00'),
(716, 711, 'Project Customer Relation', 'form.php?class_name=option_header&option_header_id=245&mode=9', 'Project Customer Relationship', 'prj', 'option_header', 9, NULL, NULL, 'SETUP', NULL, NULL, 34, '2016-07-29 00:00:00', 34, '2016-07-29 00:00:00'),
(717, 754, 'Expenditure Type', 'form.php?class_name=prj_expenditure_type_header&mode=9', 'Expenditure Type Header', 'prj', 'prj_expenditure_type_header', 9, NULL, NULL, 'SETUP', NULL, NULL, 34, '2016-07-29 00:00:00', 34, '2016-07-29 00:00:00'),
(718, 717, 'Multi Expenditure Type', 'multi_select.php?class_name=prj_expenditure_type_header&mode=9&show_block=1', 'Expenditure Type Header', 'prj', 'prj_expenditure_type_header', 9, NULL, NULL, 'FORM', NULL, NULL, 34, '2016-07-29 00:00:00', 34, '2016-07-29 00:00:00'),
(719, 717, 'Search Expenditure Type', 'search.php?class_name=prj_expenditure_type_header', 'Search Expenditure Type', 'prj', 'prj_expenditure_type_header', 2, NULL, NULL, 'SEARCH', NULL, NULL, 34, '2016-07-29 00:00:00', 34, '2016-07-29 00:00:00'),
(720, 754, 'Non-Labor Resource', 'form.php?class_name=prj_nlr_header&mode=9', 'Non-Labor Resource', 'prj', 'prj_nlr_header', 9, NULL, NULL, 'FORM', NULL, NULL, 34, '2016-07-29 00:00:00', 34, '2016-07-29 00:00:00'),
(721, 720, 'Search Non-Labor Resource', 'search.php?class_name=prj_nlr_header', 'Search Non-Labor Resource', 'prj', 'prj_nlr_header', 2, NULL, NULL, 'FORM', NULL, NULL, 34, '2016-07-29 00:00:00', 34, '2016-07-29 00:00:00'),
(722, 711, 'Resource Class', 'form.php?class_name=option_header&option_header_id=248&mode=2', 'Resource Class', 'prj', 'option_header', 2, NULL, NULL, 'SETUP', NULL, NULL, 34, '2016-07-29 00:00:00', 34, '2016-07-29 00:00:00'),
(723, 756, 'Resource List', 'form.php?class_name=prj_resource_list_header&mode=9', 'Project Resource List', 'prj', 'prj_resource_list_header', 9, NULL, NULL, 'FORM', NULL, NULL, 34, '2016-07-29 00:00:00', 34, '2016-07-29 00:00:00'),
(724, 723, 'Search Resource List', 'search.php?class_name=prj_resource_list_header', 'Resource List Header', 'prj', 'prj_resource_list_header', 2, NULL, NULL, 'SEARCH', NULL, NULL, 34, '2016-07-29 00:00:00', 34, '2016-07-29 00:00:00'),
(725, 674, 'Report Builder', 'form.php?class_name=extn_report&mode=9', 'Custom Report', 'ext', 'extn_report', 9, NULL, NULL, 'FORM', NULL, NULL, 34, '2016-07-29 00:00:00', 34, '2016-07-29 00:00:00'),
(726, 183, 'Reports', 'form.php?module_code=ap&type=report&path_id=726', 'Reports', 'ap', 'ap', 2, NULL, NULL, 'REPORT', NULL, NULL, 34, '2016-07-29 00:00:00', 34, '2016-07-29 00:00:00'),
(727, 726, 'Supplier Balance', 'form.php?class_name=extn_report_result&mode=2&extn_report_id=1', 'Supplier Balance', 'ap', 'extn_report_result', 2, NULL, NULL, 'REPORT', NULL, NULL, 34, '2016-07-29 00:00:00', 34, '2016-07-29 00:00:00'),
(728, 726, 'Supplier Payment Summary', 'form.php?class_name=extn_report_result&mode=2&extn_report_id=2', 'Supplier Payment Summary', 'ap', 'extn_report_result', 2, NULL, NULL, 'REPORT', NULL, NULL, 34, '2016-07-29 00:00:00', 34, '2016-07-29 00:00:00'),
(729, 755, 'Work Type', 'form.php?class_name=prj_work_type&mode=9', 'Project Work Type', 'prj', 'prj_work_type', 9, NULL, NULL, 'FORM', NULL, NULL, 34, '2016-07-29 00:00:00', 34, '2016-07-29 00:00:00'),
(730, 729, 'Search Work Type', 'search.php?class_name=prj_work_type&mode=2', 'Work Type', 'prj', 'prj_work_type', 2, NULL, NULL, 'SEARCH', NULL, NULL, 34, '2016-07-29 00:00:00', 34, '2016-07-29 00:00:00'),
(731, 329, 'Themes', 'form.php?class_name=extn_theme&mode=9', 'Enable & Disable Themes', 'adm', 'extn_theme', 9, NULL, NULL, 'FORM', NULL, NULL, 34, '2016-07-29 00:00:00', 34, '2016-07-29 00:00:00'),
(732, 708, 'Rate Schedule', 'form.php?class_name=prj_rate_schedule_header&mode=9', 'Rate Schedule Header', 'prj', 'prj_rate_schedule_header', 9, NULL, NULL, 'FORM', NULL, 90, 34, '2016-07-29 00:00:00', 34, '2016-07-29 00:00:00'),
(733, 732, 'Search Rate Schedule', 'search.php?class_name=prj_rate_schedule_header&mode=9', 'Search Rate Schedule', 'prj', 'prj_rate_schedule_header', 9, NULL, NULL, 'FORM', NULL, NULL, 34, '2016-07-29 00:00:00', 34, '2016-07-29 00:00:00'),
(734, 755, 'Project Type', 'form.php?class_name=prj_project_type_header&mode=9', 'Project Type Header', 'prj', 'prj_project_type_header', 9, NULL, NULL, 'FORM', NULL, 20, 34, '2016-07-29 00:00:00', 34, '2016-07-29 00:00:00'),
(735, 734, 'Search Project Type', 'search.php?class_name=prj_project_type_header', 'Search Project Type', 'prj', 'prj_project_type_header', 2, NULL, NULL, 'SEARCH', NULL, NULL, 34, '2016-07-29 00:00:00', 34, '2016-07-29 00:00:00'),
(736, 711, 'Service Type', 'form.php?class_name=option_header&option_header_id=248&mode=9', 'Service Type', 'adm', 'option_header', 9, NULL, NULL, 'FORM', NULL, NULL, 34, '2016-07-29 00:00:00', 34, '2016-07-29 00:00:00'),
(737, 711, 'Project Role', 'form.php?class_name=prj_role&mode=9', 'Project Role', 'prj', 'prj_role', 9, NULL, NULL, 'FORM', NULL, NULL, 34, '2016-07-29 00:00:00', 34, '2016-07-29 00:00:00'),
(738, 737, 'Search Role', 'search.php?class_name=prj_role', 'Search Project Role', 'prj', 'prj_role', 2, NULL, NULL, 'SEARCH', NULL, NULL, 34, '2016-07-29 00:00:00', 34, '2016-07-29 00:00:00'),
(739, 732, 'Burden Cost Base', 'form.php?class_name=prj_burden_cost_base&mode=9', 'Burden Cost Base', 'prj', 'prj_burden_cost_base', 9, NULL, NULL, 'FORM', NULL, NULL, 34, '2016-07-29 00:00:00', 34, '2016-07-29 00:00:00'),
(740, 739, 'Multi Action Burden Cost', 'multi_select.php?class_name=prj_burden_cost_base&mode=9&show_block=1', 'Multi Action Burden Cost', 'prj', 'prj_burden_cost_base', 9, NULL, NULL, 'FORM', NULL, NULL, 34, '2016-07-29 00:00:00', 34, '2016-07-29 00:00:00'),
(741, 732, 'Burden Cost Code', 'form.php?class_name=prj_burden_costcode&mode=9', 'Burden Cost Code', 'prj', 'prj_burden_costcode', 9, NULL, NULL, 'FORM', NULL, NULL, 34, '2016-07-29 00:00:00', 34, '2016-07-29 00:00:00'),
(742, 741, 'Multi Axtion Cost Code', 'multi_select.php?class_name=prj_burden_costcode&mode=9&show_block=1', 'Multi Axtion Cost Code', 'prj', 'prj_burden_costcode', 9, NULL, NULL, 'FORM', NULL, NULL, 34, '2016-07-29 00:00:00', 34, '2016-07-29 00:00:00'),
(743, 732, 'Burden Structure', 'form.php?class_name=prj_burden_structure_header&mode=9', 'Burden Structure Header', 'prj', 'prj_burden_structure_header', 9, NULL, NULL, 'FORM', NULL, NULL, 34, '2016-07-29 00:00:00', 34, '2016-07-29 00:00:00'),
(744, 743, 'Search Burden Structure', 'search.php?class_name=prj_burden_structure_header&?mode=9', 'Search Burden Structure', 'prj', 'prj_burden_structure_header', 2, NULL, NULL, 'SEARCH', NULL, NULL, 34, '2016-07-29 00:00:00', 34, '2016-07-29 00:00:00'),
(745, 732, 'Burden List', 'form.php?class_name=prj_burden_list_header&mode=9', 'Burden List', 'prj', 'prj_burden_list_header', 9, NULL, NULL, 'FORM', NULL, NULL, 34, '2016-07-29 00:00:00', 34, '2016-07-29 00:00:00'),
(746, 745, 'Search Burden List', 'search.php?class_name=prj_burden_list_header', 'Search Burden List Header', 'prj', 'prj_burden_list_header', 2, NULL, NULL, 'SEARCH', NULL, NULL, 34, '2016-07-29 00:00:00', 34, '2016-07-29 00:00:00'),
(747, 708, 'Project', 'form.php?class_name=prj_project_header&mode=9', 'Project', 'prj', 'prj_project_header', 9, NULL, NULL, 'FORM', NULL, NULL, 34, '2016-07-29 00:00:00', 34, '2016-07-29 00:00:00'),
(748, 747, 'Search Project', 'search.php?class_name=prj_project_header&mode=9', 'Search Project', 'prj', 'prj_project_header', 9, NULL, NULL, 'SEARCH', NULL, NULL, 34, '2016-07-29 00:00:00', 34, '2016-07-29 00:00:00'),
(749, 711, 'Budget Type', 'form.php?class_name=option_header&option_header_id=252&mode=9', 'Budget Type', 'prj', 'option_header', 9, NULL, NULL, 'SETUP', NULL, NULL, 34, '2016-07-29 00:00:00', 34, '2016-07-29 00:00:00'),
(750, 757, 'Agreement', 'form.php?class_name=prj_agreement_header&mode=9', 'Project Agreement Header', 'prj', 'prj_agreement_header', 9, NULL, NULL, 'FORM', NULL, NULL, 34, '2016-07-29 00:00:00', 34, '2016-07-29 00:00:00'),
(751, 757, 'Search Agreement', 'search.php?class_name=prj_agreement_header', 'Search Agreement', 'prj', 'prj_agreement_header', 2, NULL, NULL, 'SEARCH', NULL, NULL, 34, '2016-07-29 00:00:00', 34, '2016-07-29 00:00:00'),
(752, 756, 'Budget Entry Method', 'form.php?class_name=prj_bem&mode=9', 'Budget Entry Method', 'prj', 'prj_bem', 9, NULL, NULL, 'FORM', NULL, NULL, 34, '2016-07-29 00:00:00', 34, '2016-07-29 00:00:00');
INSERT INTO `path` (`path_id`, `parent_id`, `name`, `path_link`, `description`, `module_code`, `obj_class_name`, `pmode`, `status`, `id_column_name`, `path_type`, `search_path_cb`, `display_weight`, `created_by`, `creation_date`, `last_update_by`, `last_update_date`) VALUES
(753, 752, 'Search BEM', 'search.php?class_name=prj_bem', 'Search Budget Entry Method', 'prj', 'prj_bem', 2, NULL, NULL, 'SEARCH', NULL, NULL, 34, '2016-07-29 00:00:00', 34, '2016-07-29 00:00:00'),
(754, 708, 'Costing Setup', 'form.php?module_code=prj&path_id=754', 'Costing Setup', 'prj', 'prj', 2, NULL, NULL, 'SETUP', NULL, 86, 34, '2016-07-29 00:00:00', 34, '2016-07-29 00:00:00'),
(755, 708, 'Project Setup', 'form.php?module_code=prj&path_id=755', 'Project Setup', 'prj', 'prj', 2, NULL, NULL, 'SETUP', NULL, 86, 34, '2016-07-29 00:00:00', 34, '2016-07-29 00:00:00'),
(756, 708, 'Budgeting Setup', 'form.php?module_code=prj&path_id=756', 'Budgeting Setup', 'prj', 'prj', 2, NULL, NULL, 'SETUP', NULL, 86, 34, '2016-07-29 00:00:00', 34, '2016-07-29 00:00:00'),
(757, 708, 'Budgeting', 'form.php?module_code=prj&path_id=757', 'Budgeting', 'prj', 'prj', 2, NULL, NULL, 'FORM', NULL, NULL, 34, '2016-07-29 00:00:00', 34, '2016-07-29 00:00:00'),
(758, 757, 'Search Budget', 'search.php?class_name=prj_budget_header', 'Search Budget Header', 'prj', 'prj_budget_header', 2, NULL, NULL, 'SEARCH', NULL, NULL, 34, '2016-07-29 00:00:00', 34, '2016-07-29 00:00:00'),
(759, 747, 'Project Expenditure', 'form.php?class_name=prj_expenditure_header&mode=9', 'Project Expenditure', 'prj', 'prj_expenditure_header', 9, NULL, NULL, 'FORM', NULL, NULL, 34, '2016-07-29 00:00:00', 34, '2016-07-29 00:00:00'),
(760, 759, 'Search Expenditure', 'search.php?class_name=prj_expenditure_header', 'Search Expenditure', 'prj', 'prj_expenditure_header', 2, NULL, NULL, 'FORM', NULL, NULL, 34, '2016-07-29 00:00:00', 34, '2016-07-29 00:00:00'),
(761, 762, 'Event Class', 'form.php?class_name=option_header&option_header_id=252&mode=9', 'Event Class', 'prj', 'option_header', 9, NULL, NULL, 'SETUP', NULL, NULL, 34, '2016-07-29 00:00:00', 34, '2016-07-29 00:00:00'),
(762, 708, 'Billing Setup', 'form.php?module_code=prj&path_id=762', 'Billing Setup', 'prj', 'prj', 2, NULL, NULL, 'SETUP', NULL, 87, 34, '2016-07-29 00:00:00', 34, '2016-07-29 00:00:00'),
(763, 762, 'Event Type', 'form.php?class_name=prj_event_type&mode=9', 'Event Type', 'prj', 'prj_event_type', 9, NULL, NULL, 'SETUP', NULL, 87, 34, '2016-07-29 00:00:00', 34, '2016-07-29 00:00:00'),
(764, 763, 'Search Event Type', 'search.php?class_name=prj_event_type', 'Search Event Type', 'prj', 'prj_event_type', 2, NULL, NULL, 'SETUP', NULL, 87, 34, '2016-07-29 00:00:00', 34, '2016-07-29 00:00:00'),
(765, 757, 'Project Budgeting', 'form.php?class_name=prj_budget_header&mode=9', 'Project Budgeting', 'prj', 'prj_budget_header', 9, NULL, NULL, 'FORM', NULL, NULL, 34, '2016-07-29 00:00:00', 34, '2016-07-29 00:00:00'),
(766, 849, 'Project Event', 'form.php?class_name=prj_event_header&mode=9', 'Project Event', 'prj', 'prj_event_header', 9, NULL, NULL, 'FORM', NULL, NULL, 34, '2016-07-29 00:00:00', 34, '2016-07-29 00:00:00'),
(767, 766, 'Search Event', 'search.php?class_name=prj_event_header', 'Search Event', 'prj', 'prj_event_header', 2, NULL, NULL, 'SEARCH', NULL, NULL, 34, '2016-07-29 00:00:00', 34, '2016-07-29 00:00:00'),
(768, 106, 'Inter Org Receipt ', 'form.php?class_name=inv_interorg_receipt_header&mode=9', 'Inter Org Receipt ', 'inv', 'inv_interorg_receipt_header', 9, NULL, NULL, 'FORM', NULL, NULL, 34, '2016-07-29 00:00:00', 34, '2016-07-29 00:00:00'),
(769, 183, 'Setup', 'form.php?module_code=ap&type=setup', 'Payable Setup', 'ap', 'ap', 2, NULL, NULL, 'SETUP', NULL, NULL, 34, '2016-07-29 00:00:00', 34, '2016-07-29 00:00:00'),
(770, 769, 'Payable Control', 'form.php?class_name=ap_payable_control&mode=9', 'Payable Control', 'ap', 'ap_payable_control', 9, NULL, NULL, 'SETUP', NULL, NULL, 34, '2016-07-29 00:00:00', 34, '2016-07-29 00:00:00'),
(771, 769, 'Payment Process', 'form.php?class_name=ap_payment_process&mode=9', 'Payment Process', 'ap', 'ap_payment_process', 9, NULL, NULL, 'FORM', NULL, NULL, 34, '2016-07-29 00:00:00', 34, '2016-07-29 00:00:00'),
(772, 771, 'Search Payment Process', 'search.php?class_name=ap_payment_process', 'Search Payment Process', 'ap', 'ap_payment_process', 2, NULL, NULL, 'FORM', NULL, NULL, 34, '2016-07-29 00:00:00', 34, '2016-07-29 00:00:00'),
(773, 674, 'RFID Interface', 'form.php?class_name=sys_rfid_interface&mode=9', 'RFID Interface', 'ext', 'sys_rfid_interface', 9, NULL, NULL, NULL, NULL, NULL, 34, '2016-07-29 00:00:00', 34, '2016-07-29 00:00:00'),
(774, 773, 'Search RFID Interface', 'search.php?class_name=sys_rfid_interface', 'Search RFID Interface', 'ext', 'sys_rfid_interface', 2, NULL, NULL, NULL, NULL, NULL, 34, '2016-07-29 00:00:00', 34, '2016-07-29 00:00:00'),
(775, 284, 'Kanban', 'form.php?class_name=fp_kanban_header&mode=9', 'Kanban Replenishment Strategy', 'fp', 'fp_kanban_header', 9, NULL, NULL, 'FORM', NULL, NULL, 34, '2016-07-29 00:00:00', 34, '2016-07-29 00:00:00'),
(776, 775, 'Search Kanban', 'search.php?class_name=fp_kanban_header', 'Search Kanban', 'fp', 'fp_kanban_header', 2, NULL, NULL, 'SEARCH', NULL, NULL, 34, '2016-07-29 00:00:00', 34, '2016-07-29 00:00:00'),
(777, 56, 'Move Order', 'form.php?class_name=inv_moveorder_header&mode=9', 'Move Order', 'inv', 'inv_moveorder_header', 9, NULL, NULL, 'FORM', NULL, NULL, 34, '2016-07-29 00:00:00', 34, '2016-07-29 00:00:00'),
(778, 56, 'Search Move Order', 'search.php?class_name=inv_moveorder_header', 'Search Move Order', 'inv', 'inv_moveorder_header', 2, NULL, NULL, 'FORM', NULL, NULL, 34, '2016-07-29 00:00:00', 34, '2016-07-29 00:00:00'),
(779, 775, 'Kanban Planner', 'form.php?class_name=fp_kanban_planner_header&mode=9', 'Kanban Planner', 'fp', 'fp_kanban_planner_header', 9, NULL, NULL, 'FORM', NULL, NULL, 34, '2016-07-29 00:00:00', 34, '2016-07-29 00:00:00'),
(780, 779, 'Search Kanban Planner', 'search.php?class_name=fp_kanban_planner_header', 'Search Kanban Planner', 'fp', 'fp_kanban_planner_header', 2, NULL, NULL, 'FORM', NULL, NULL, 34, '2016-07-29 00:00:00', 34, '2016-07-29 00:00:00'),
(781, 775, 'Kanban Demand', 'search.php?class_name=fp_kanban_demand_v', 'Kanban Demand', 'fp', 'fp_kanban_demand_v', 2, NULL, NULL, 'SEARCH', NULL, NULL, 34, '2016-07-29 00:00:00', 34, '2016-07-29 00:00:00'),
(782, 466, 'Calucate Kanban Demand', 'program.php?class_name=fp_kanban_planner_header&program_name=prg_kanban_planner', 'Calucate Kanban Demand', 'fp', 'fp_kanban_planner_header', 2, NULL, NULL, 'PROGRAM', NULL, NULL, 34, '2016-07-29 00:00:00', 1, '2016-08-01 12:32:44'),
(783, 784, 'Kanban Suggestion', 'search.php?class_name=fp_kanban_suggestion_v', 'Search Kanban Suggestion', 'fp', 'fp_kanban_suggestion_v', 2, NULL, NULL, 'SEARCH', NULL, NULL, 34, '2016-07-29 00:00:00', 1, '2016-08-01 12:31:03'),
(784, 775, 'Kanban Workbench', 'multi_select.php?class_name=fp_kanban_suggestion_v&action=update_kanban&mode=9&action_class_name=fp_kanban_header&show_block=1', 'Kanban Workbench', 'fp', 'fp_kanban_suggestion_v', 9, NULL, NULL, 'SEARCH', NULL, NULL, 34, '2016-07-29 00:00:00', 34, '2016-07-29 00:00:00'),
(785, 466, 'Generate/Update Kanban Card', 'program.php?class_name=fp_kanban_header&program_name=prg_generate_card', 'Generate/Update Kanban Card', 'fp', 'fp_kanban_header', 2, NULL, NULL, 'PROGRAM', NULL, NULL, 34, '2016-07-29 00:00:00', 34, '2016-07-29 00:00:00'),
(786, 775, 'Kanban Multi Action', 'multi_select.php?class_name=fp_kanban_header&mode=9&show_block=1', 'Kanban Multi Action Form', 'fp', 'fp_kanban_header', 9, NULL, NULL, 'FORM', NULL, NULL, 34, '2016-07-29 00:00:00', 34, '2016-07-29 00:00:00'),
(787, 923, 'Kanban Cards', 'search.php?class_name=fp_kanban_line_v', 'Kanban Cards', 'fp', 'fp_kanban_line_v', 2, NULL, NULL, 'SEARCH', NULL, NULL, 34, '2016-07-29 00:00:00', 1, '2016-07-31 12:30:16'),
(788, 549, 'Asset Source', 'form.php?class_name=fa_asset_source&mode=9', 'Asset Source', 'fa', 'fa_asset_source', 9, NULL, NULL, 'FORM', NULL, NULL, 34, '2016-07-29 00:00:00', 34, '2016-07-29 00:00:00'),
(789, 788, 'Search Asset Source', 'search.php?class_name=fa_asset_source', 'Search Asset Source', 'fa', 'fa_asset_source', 2, NULL, NULL, 'SEARCH', NULL, NULL, 34, '2016-07-29 00:00:00', 34, '2016-07-29 00:00:00'),
(790, 549, 'Asset Component', 'form.php?class_name=fa_asset_component&mode=9', 'Asset Component', 'fa', 'fa_asset_component', 9, NULL, NULL, 'FORM', NULL, NULL, 34, '2016-07-29 00:00:00', 34, '2016-07-29 00:00:00'),
(791, 549, 'Search Asset Component', 'search.php?class_name=fa_asset_component', 'Search Asset Component', 'fa', 'Search Asset Component', 2, NULL, NULL, 'SEARCH', NULL, NULL, 34, '2016-07-29 00:00:00', 34, '2016-07-29 00:00:00'),
(792, 542, 'Asset Retirement', 'form.php?class_name=fa_asset_retirement&mode=9', 'Asset Retirement', 'fa', 'fa_asset_retirement', 9, NULL, NULL, 'FORM', NULL, NULL, 34, '2016-07-29 00:00:00', 34, '2016-07-29 00:00:00'),
(793, 792, 'Search Asset Retirement', 'search.php?class_name=fa_asset_retirement', 'Search Asset Retirement', 'fa', 'fa_asset_retirement', 2, NULL, NULL, 'SEARCH', NULL, NULL, 34, '2016-07-29 00:00:00', 34, '2016-07-29 00:00:00'),
(794, 556, 'Confirm Retirement', 'program.php?class_name=fa_asset_retirement&program_name=prg_confirm_retirement', 'Confirm Retirement', 'fa', 'fa_asset_retirement', 9, NULL, NULL, 'PROGRAM', NULL, NULL, 34, '2016-07-29 00:00:00', 34, '2016-07-29 00:00:00'),
(795, 711, 'Default Account', 'form.php?class_name=prj_default_account&mode=9', 'Default Account', 'prj', 'prj_default_account', 9, NULL, NULL, 'SETUP', NULL, NULL, 34, '2016-07-29 00:00:00', 34, '2016-07-29 00:00:00'),
(796, 382, 'Expense Claims', 'form.php?class_name=hr_expense_header&mode=9', 'Employee Expense Claims', 'hr', 'hr_expense_header', 9, NULL, NULL, 'FORM', NULL, 5, 34, '2016-07-29 00:00:00', 34, '2016-07-29 00:00:00'),
(797, 796, 'Search Expense Claims', 'search.php?class_name=hr_expense_header', 'Search Expense Claims', 'hr', 'hr_expense_header', 2, NULL, NULL, 'SEARCH', NULL, NULL, 34, '2016-07-29 00:00:00', 34, '2016-07-29 00:00:00'),
(798, 796, 'Expense Template', 'form.php?class_name=hr_expense_tpl_header&mode=9', 'Expense Template', 'hr', 'hr_expense_tpl_header', 9, NULL, NULL, 'FORM', NULL, NULL, 34, '2016-07-29 00:00:00', 34, '2016-07-29 00:00:00'),
(799, 796, 'Search Expense Template', 'search.php?class_name=hr_expense_tpl_header', 'Search Expense Template', 'hr', 'hr_expense_tpl_header', 2, NULL, NULL, 'SEARCH', NULL, NULL, 34, '2016-07-29 00:00:00', 34, '2016-07-29 00:00:00'),
(800, 399, 'Location', 'form.php?class_name=hr_location&mode=9', 'Location', 'hr', 'hr_location', 9, NULL, NULL, 'FORM', NULL, NULL, 34, '2016-07-29 00:00:00', 34, '2016-07-29 00:00:00'),
(801, 821, 'Grade', 'form.php?class_name=hr_grade&mode=9', 'Grade', 'hr', 'hr_grade', 9, NULL, NULL, 'FORM', NULL, 2, 34, '2016-07-29 00:00:00', 34, '2016-07-29 00:00:00'),
(803, 801, 'Search Grade', 'search.php?class_name=hr_grade', 'Search Grade', 'hr', 'hr_grade', 2, NULL, NULL, 'SEARCH', NULL, NULL, 34, '2016-07-29 00:00:00', 34, '2016-07-29 00:00:00'),
(804, 801, 'Grade Multi Action', 'multi_select.php?class_name=hr_grade&mode=9&show_block=1', 'Grade Multi Action', 'hr', 'hr_grade', 9, NULL, NULL, 'FORM', NULL, NULL, 34, '2016-07-29 00:00:00', 34, '2016-07-29 00:00:00'),
(805, 796, 'Perdiem Rate', 'form.php?class_name=hr_perdiem_rate&mode=9', 'Perdiem Rate', 'hr', 'hr_perdiem_rate', 9, NULL, NULL, 'FORM', NULL, NULL, 34, '2016-07-29 00:00:00', 34, '2016-07-29 00:00:00'),
(806, 399, 'HR Control', 'form.php?class_name=hr_control&mode=9', 'HR Control', 'hr', 'hr_control', 9, NULL, NULL, 'FORM', NULL, NULL, 34, '2016-07-29 00:00:00', 34, '2016-07-29 00:00:00'),
(807, 183, 'Import Expense Claim', 'multi_select.php?class_name=ap_import_claim_v&action=import_expense_claim&mode=9&show_block=1', 'Import Expense Claim', 'ap', 'ap_import_claim_v', 9, NULL, NULL, 'FORM', NULL, NULL, 34, '2016-07-29 00:00:00', 34, '2016-07-29 00:00:00'),
(808, 807, 'Import Claim Program', 'program.php?class_name=ap_import_claim_v&program_name=prg_import_expense_claim', 'Import Claim Program', 'ap', 'ap_import_claim_v', 9, NULL, NULL, 'PROGRAM', NULL, NULL, 34, '2016-07-29 00:00:00', 34, '2016-07-29 00:00:00'),
(809, 505, 'Expense Claim', 'form.php?class_name=hr_expense_header_user&mode=9', 'Expense Claim', 'hr', 'hr_expense_header_user', 9, NULL, NULL, 'FORM', NULL, NULL, 34, '2016-07-29 00:00:00', 34, '2016-07-29 00:00:00'),
(810, 390, 'Compensation History', 'form.php?class_name=hr_element_history_header&mode=9', 'Compensation History', 'hr', 'hr_element_history_header', 9, NULL, NULL, 'FORM', NULL, NULL, 34, '2016-07-29 00:00:00', 34, '2016-07-29 00:00:00'),
(811, 810, 'Search Compensation History', 'search.php?class_name=hr_element_history_header', 'Search Compensation History', 'hr', 'hr_element_history_header', 2, NULL, NULL, 'SEARCH', NULL, NULL, 34, '2016-07-29 00:00:00', 34, '2016-07-29 00:00:00'),
(812, 500, 'Update Compensation', 'program.php?class_name=hr_element_entry_header&program_name=prg_update_compensation', 'Update Compensation', 'hr', 'hr_element_entry_header', 2, NULL, NULL, 'PROGRAM', NULL, NULL, 34, '2016-07-29 00:00:00', 34, '2016-07-29 00:00:00'),
(813, 399, 'Timesheet Period', 'form.php?class_name=hr_timesheet_period&mode=9', 'Timesheet Period', 'hr', 'hr_timesheet_period', 9, NULL, NULL, 'FORM', NULL, NULL, 34, '2016-07-29 00:00:00', 34, '2016-07-29 00:00:00'),
(814, 813, 'Search Timesheet Period', 'search.php?class_name=hr_timesheet_period', 'Search Timesheet Period', 'hr', 'hr_timesheet_period', 2, NULL, NULL, 'SEARCH', NULL, NULL, 34, '2016-07-29 00:00:00', 34, '2016-07-29 00:00:00'),
(815, 813, 'Timesheet Period Multi Action', 'multi_select.php?class_name=hr_timesheet_period&mode=9&show_block=1', 'Timesheet Period Multi Action', 'hr', 'hr_timesheet_period', 9, NULL, NULL, 'FORM', NULL, NULL, 34, '2016-07-29 00:00:00', 34, '2016-07-29 00:00:00'),
(816, 382, 'Timesheet', 'form.php?class_name=hr_timesheet_header&mode=9', 'Timesheet Header', 'hr', 'hr_timesheet_header', 9, NULL, NULL, 'FORM', NULL, 1, 34, '2016-07-29 00:00:00', 34, '2016-07-29 00:00:00'),
(817, 816, 'Timesheet Header', 'search.php?class_name=hr_timesheet_header', 'Timesheet Header', 'hr', 'hr_timesheet_header', 2, NULL, NULL, 'SEARCH', NULL, NULL, 34, '2016-07-29 00:00:00', 34, '2016-07-29 00:00:00'),
(818, 505, 'User Timesheet', 'form.php?class_name=hr_timesheet_header_user&mode=9', 'User Timesheet', 'hr', 'hr_timesheet_header_user', 9, NULL, NULL, 'FORM', NULL, NULL, 34, '2016-07-29 00:00:00', 34, '2016-07-29 00:00:00'),
(819, 816, 'Attendance', 'form.php?class_name=hr_attendance&mode=9', 'Attendance', 'hr', 'hr_attendance', 9, NULL, NULL, 'FORM', NULL, NULL, 34, '2016-07-29 00:00:00', 34, '2016-07-29 00:00:00'),
(820, 819, 'Search Attendance', 'search.php?class_name=hr_attendance', 'Search Attendance', 'hr', 'hr_attendance', 2, NULL, NULL, 'SEARCH', NULL, NULL, 34, '2016-07-29 00:00:00', 34, '2016-07-29 00:00:00'),
(821, 382, 'Work Structure', 'form.php?module_code=hr&path_id=821', 'Work Structure', 'hr', 'hr', 2, NULL, NULL, 'CONTAINER', NULL, 8, 34, '2016-07-29 00:00:00', 34, '2016-07-29 00:00:00'),
(822, 914, 'Gross Margin', 'search.php?class_name=cst_gross_margin_v', 'Search Gross Margin', 'sd', 'cst_gross_margin_v', 2, NULL, NULL, 'SEARCH', NULL, 8, 34, '2016-07-29 00:00:00', 34, '2016-07-29 00:00:00'),
(823, 55, 'Reservation', 'form.php?class_name=inv_reservation&mode=9', 'Reservation', 'inv', 'inv_reservation', 9, NULL, NULL, 'FORM', NULL, NULL, 34, '2016-07-29 00:00:00', 34, '2016-07-29 00:00:00'),
(824, 823, 'Search Reservation', 'search.php?class_name=inv_reservation&mode=9', 'Search Reservation', 'inv', 'inv_reservation', 2, NULL, NULL, 'SEARCH', NULL, NULL, 34, '2016-07-29 00:00:00', 34, '2016-07-29 00:00:00'),
(825, 823, 'Reservation Multi Action', 'multi_select.php?class_name=inv_reservation&mode=9&show_block=1', 'Reservation Multi Action', 'inv', 'inv_reservation', 9, NULL, NULL, 'FORM', NULL, NULL, 34, '2016-07-29 00:00:00', 34, '2016-07-29 00:00:00'),
(826, 669, 'Subscription', 'form.php?class_name=hd_subscription_header&mode=9', 'Subscription Header', 'hd', 'hd_subscription_header', 9, NULL, NULL, 'FORM', NULL, NULL, 34, '2016-07-29 00:00:00', 34, '2016-07-29 00:00:00'),
(827, 826, 'Search Subscription', 'search.php?class_name=hd_subscription_header&mode=9', 'Search Subscription', 'hd', 'hd_subscription_header', 2, NULL, NULL, 'SEARCH', NULL, NULL, 34, '2016-07-29 00:00:00', 34, '2016-07-29 00:00:00'),
(829, 454, 'Search Lot View', 'search.php?class_name=inv_lot_number_v', 'Search Lot View', 'inv', 'inv_lot_number_v', 2, NULL, NULL, NULL, NULL, NULL, 34, '2016-07-29 00:00:00', 34, '2016-07-29 00:00:00'),
(830, 711, 'Accounting Group', 'form.php?class_name=option_header&option_header_id=262&mode=9', 'Accounting Group', 'prj', 'option_header', 9, NULL, NULL, 'SETUP', NULL, NULL, 34, '2016-07-29 00:00:00', 34, '2016-07-29 00:00:00'),
(831, 759, 'Burden Expenditure', 'search.php?class_name=prj_burden_expenditure', 'Burden Expenditure', 'prj', 'prj_burden_expenditure', 2, NULL, NULL, 'FORM', NULL, NULL, 34, '2016-07-29 00:00:00', 34, '2016-07-29 00:00:00'),
(832, 708, 'Programs', 'form.php?module_code=prj&type=program', 'Programs', 'prj', 'prj', 2, NULL, NULL, 'PROGRAM', NULL, 95, 34, '2016-07-29 00:00:00', 34, '2016-07-29 00:00:00'),
(833, 832, 'Distribute Expenditure ', 'program.php?class_name=prj_expenditure_header&program_name=prg_distribute_cost', 'Distribute Project Expenditures', 'prj', 'prj_expenditure_header', 2, NULL, NULL, 'PROGRAM', NULL, NULL, 34, '2016-07-29 00:00:00', 34, '2016-07-29 00:00:00'),
(834, 832, 'Create Expenditure Accounting', 'multi_select.php?class_name=prj_expenditure_line_v&action=create_accounting&mode=9&action_class_name=prj_expenditure_line&show_block=1&gl_journal_interface_cb==null&status=DISTRIBUTED', 'Create Expenditure Accounting', 'prj', 'prj_expenditure_line_v', 9, NULL, NULL, 'PROGRAM', NULL, NULL, 34, '2016-07-29 00:00:00', 34, '2016-07-29 00:00:00'),
(835, 173, 'Journal Interface', 'search.php?class_name=gl_journal_interface', 'Journal Interface', 'gl', 'gl_journal_interface', 2, NULL, NULL, 'SEARCH', 1, NULL, 34, '2016-07-29 00:00:00', 34, '2016-07-29 00:00:00'),
(836, 564, 'Import Journal', 'program.php?class_name=gl_journal_interface&program_name=prg_import_gl_journal', 'Import Journal', 'gl', 'gl_journal_interface', 2, NULL, NULL, 'FORM', NULL, NULL, 34, '2016-07-29 00:00:00', 34, '2016-07-29 00:00:00'),
(837, 92, 'Subscribe', 'form.php?class_name=extn_subscribe&mode=9', 'Subscribe', 'adm', 'extn_subscribe', 9, NULL, NULL, 'FORM', NULL, NULL, 34, '2016-07-29 00:00:00', 34, '2016-07-29 00:00:00'),
(838, 837, 'Search Subscribe', 'search.php?class_name=extn_subscribe', 'Subscribe', 'adm', 'extn_subscribe', 2, NULL, NULL, 'SEARCH', NULL, NULL, 34, '2016-07-29 00:00:00', 34, '2016-07-29 00:00:00'),
(839, 564, 'Delete Journal Interface', 'program.php?class_name=gl_journal_interface&program_name=prg_delete_gl_journal', 'Delete Journal Interface', 'gl', 'gl_journal_interface', 2, NULL, NULL, 'FORM', NULL, NULL, 34, '2016-07-29 00:00:00', 34, '2016-07-29 00:00:00'),
(840, 747, 'Completion Status', 'form.php?class_name=prj_percent_header&mode=9', 'Completion Status', 'prj', 'prj_percent_header', 9, NULL, NULL, 'FORM', NULL, NULL, 34, '2016-07-29 00:00:00', 34, '2016-07-29 00:00:00'),
(841, 747, 'Milestone', 'form.php?class_name=prj_milestone&mode=9', 'Milestone', 'prj', 'prj_milestone', 9, NULL, NULL, 'FORM', NULL, NULL, 34, '2016-07-29 00:00:00', 34, '2016-07-29 00:00:00'),
(842, 832, 'Generate Draft Revenue', 'program.php?class_name=prj_revenue_header&program_name=prg_generate_draft_revenue', 'Generate Draft Revenue', 'prj', 'prj_revenue_header', 2, NULL, NULL, 'PROGRAM', NULL, NULL, 34, '2016-07-29 00:00:00', 34, '2016-07-29 00:00:00'),
(843, 849, 'Project Revenue', 'form.php?class_name=prj_revenue_header&mode=9', 'Revenue', 'prj', 'prj_revenue_header', 9, NULL, NULL, 'FORM', NULL, NULL, 34, '2016-07-29 00:00:00', 34, '2016-07-29 00:00:00'),
(844, 843, 'Search Revenue', 'search.php?class_name=prj_revenue_header', 'Search Revenue', 'prj', 'prj_revenue_header', 2, NULL, NULL, 'SEARCH', NULL, NULL, 34, '2016-07-29 00:00:00', 34, '2016-07-29 00:00:00'),
(845, 849, 'Project Invoice', 'form.php?class_name=prj_invoice_header&mode=9', 'Project Invoice', 'prj', 'prj_invoice_header', 9, NULL, NULL, 'FORM', NULL, NULL, 34, '2016-07-29 00:00:00', 34, '2016-07-29 00:00:00'),
(847, 845, 'Search Invoice', 'serach.php?class_name=prj_invoice_header', 'Search Invoice', 'prj', 'prj_invoice_header', 2, NULL, NULL, 'SEARCH', NULL, NULL, 34, '2016-07-29 00:00:00', 34, '2016-07-29 00:00:00'),
(848, 757, 'Budget Revisions', 'search.php?class_name=prj_budget_rev_header', 'Budget Rev Header', 'prj', 'prj_budget_rev_header', 2, NULL, NULL, 'SEARCH', NULL, NULL, 34, '2016-07-29 00:00:00', 34, '2016-07-29 00:00:00'),
(849, 708, 'Billing', 'form.php?module_code=prj&path_id=849', 'Billing', 'prj', 'prj', 2, NULL, NULL, 'FORM', NULL, 6, 34, '2016-07-29 00:00:00', 34, '2016-07-29 00:00:00'),
(850, 832, 'Create Revenue Accounting', 'program.php?class_name=prj_revenue_header&program_name=prg_create_revenue_account', 'Create Revenue Accounting', 'prj', 'prj_revenue_header', 2, NULL, NULL, 'PROGRAM', NULL, NULL, 34, '2016-07-29 00:00:00', 34, '2016-07-29 00:00:00'),
(851, 55, 'Onhand Summary', 'form.php?class_name=extn_report_result&mode=2&extn_report_id=3', 'Onhand Summary', 'inv', 'extn_report_result', 2, NULL, NULL, 'REPORT', NULL, NULL, 34, '2016-07-29 00:00:00', 34, '2016-07-29 00:00:00'),
(852, NULL, 'Quality', 'form.php?module_code=qa', 'Quality', 'qa', 'qa', 2, NULL, NULL, NULL, NULL, 38, 34, '2016-07-29 00:00:00', 34, '2016-07-29 00:00:00'),
(853, 858, 'Element Type', 'form.php?class_name=option_header&option_header_id=264&mode=9', 'Element Type', 'qa', 'option_header', 9, NULL, NULL, 'FORM', NULL, NULL, 34, '2016-07-29 00:00:00', 34, '2016-07-29 00:00:00'),
(854, 852, 'Collection Element', 'form.php?class_name=qa_ce_header&mode=9', 'Collection Element', 'qa', 'qa_ce_header', 9, NULL, NULL, 'FORM', NULL, NULL, 34, '2016-07-29 00:00:00', 1, '2016-08-25 06:35:07'),
(855, 854, 'Search Collection Element', 'search.php?class_name=qa_ce_header', 'Search Collection Element', 'qa', 'qa_ce_header', 2, NULL, NULL, 'SEARCH', NULL, NULL, 34, '2016-07-29 00:00:00', 1, '2016-08-25 06:35:35'),
(856, 852, 'Specification', 'form.php?class_name=qa_specification_header&mode=9', 'Specification', 'qa', 'qa_specification_header', 9, NULL, NULL, 'FORM', NULL, NULL, 34, '2016-07-29 00:00:00', 34, '2016-07-29 00:00:00'),
(857, 856, 'Search Specification', 'search.php?class_name=qa_specification_header&mode=9', 'Search Specification', 'qa', 'qa_specification_header', 2, NULL, NULL, 'SEARCH', NULL, NULL, 34, '2016-07-29 00:00:00', 34, '2016-07-29 00:00:00'),
(858, 852, 'Setup', 'form.php?module_code=qa&type=setup', 'Quality Setup', 'qa', 'qa', 2, NULL, NULL, 'SETUP', NULL, 90, 34, '2016-07-29 00:00:00', 34, '2016-07-29 00:00:00'),
(859, 858, 'Collection Plan Type', 'form.php?class_name=option_header&option_header_id=265&mode=9', 'Collection Plan Type', 'qa', 'option_header', 9, NULL, NULL, 'FORM', NULL, NULL, 34, '2016-07-29 00:00:00', 34, '2016-07-29 00:00:00'),
(860, 852, 'Collection Plan', 'form.php?class_name=qa_cp_header&mode=9', 'Quality Collection Plan', 'qa', 'qa_cp_header', 9, NULL, NULL, 'FORM', NULL, NULL, 34, '2016-07-29 00:00:00', 34, '2016-07-29 00:00:00'),
(861, 860, 'Serach Collection Plan', 'search.php?class_name=qa_cp_header', 'Serach Collection Plan', 'qa', 'qa_cp_header', 2, NULL, NULL, 'SEARCH', NULL, NULL, 34, '2016-07-29 00:00:00', 34, '2016-07-29 00:00:00'),
(862, 860, 'Collection Plan Assignment', 'form.php?class_name=qa_cp_assignment_header&mode=9', 'Collection Plan Assignment', 'qa', 'qa_cp_assignment_header', 9, NULL, 'Collection Plan', 'SEARCH', NULL, NULL, 34, '2016-07-29 00:00:00', 34, '2016-07-29 00:00:00'),
(863, 860, 'Search Assignment', 'search.php?class_name=qa_cp_assignment_header', 'Search Assignment', 'qa', 'qa_cp_assignment_header', 2, NULL, 'Collection Plan', 'SEARCH', NULL, NULL, 34, '2016-07-29 00:00:00', 34, '2016-07-29 00:00:00'),
(864, 858, 'Quality Actions', 'form.php?class_name=option_header&option_header_id=267&mode=9', 'Quality Actions', 'qa', 'option_header', 9, NULL, NULL, 'FORM', NULL, NULL, 34, '2016-07-29 00:00:00', 34, '2016-07-29 00:00:00'),
(865, 852, 'Quality Result', 'form.php?class_name=qa_quality_result&mode=9', 'Quality Result', 'qa', 'qa_quality_result', 9, NULL, NULL, 'FORM', NULL, NULL, 34, '2016-07-29 00:00:00', 34, '2016-07-29 00:00:00'),
(866, NULL, 'Process Manufacturing', 'form.php?module_code=pm', 'Process Manufacturing', 'pm', 'pm', 2, NULL, NULL, NULL, NULL, 15, 34, '2016-07-29 00:00:00', 34, '2016-07-29 00:00:00'),
(867, 866, 'Formula', 'form.php?class_name=pm_formula_header&mode=9', 'Formula Header', 'pm', 'pm_formula_header', 9, NULL, NULL, 'FORM', NULL, NULL, 34, '2016-07-29 00:00:00', 34, '2016-07-29 00:00:00'),
(868, 867, 'Search Formula', 'search.php?class_name=pm_formula_header&mode=2', 'Search Formula', 'pm', 'pm_formula_header', 2, NULL, NULL, 'SEARCH', NULL, NULL, 34, '2016-07-29 00:00:00', 34, '2016-07-29 00:00:00'),
(869, 866, 'Process Routing', 'form.php?class_name=pm_process_routing_header&mode=9', 'Process Routing', 'pm', 'pm_process_routing_header', 9, NULL, NULL, 'FORM', NULL, NULL, 34, '2016-07-29 00:00:00', 34, '2016-07-29 00:00:00'),
(871, 869, 'Search Process Routing', 'search.php?class_name=pm_process_routing_header&mode=2', 'Search Process Routing', 'pm', 'pm_process_routing_header', 2, NULL, NULL, 'SEARCH', NULL, NULL, 34, '2016-07-29 00:00:00', 34, '2016-07-29 00:00:00'),
(872, 866, 'Process Operation', 'form.php?class_name=pm_process_operation_header&mode=9', 'Process Operation', 'pm', 'pm_process_operation_header', 9, NULL, NULL, 'FORM', NULL, NULL, 34, '2016-07-29 00:00:00', 34, '2016-07-29 00:00:00'),
(873, 872, 'Search Process Operation', 'search.php?class_name=pm_process_operation_header&mode=2', 'Search Process Operation', 'pm', 'pm_process_operation_header', 2, NULL, NULL, 'SEARCH', NULL, NULL, 34, '2016-07-29 00:00:00', 34, '2016-07-29 00:00:00'),
(874, 866, 'Recipe', 'form.php?class_name=pm_recipe_header&mode=9', 'Process Manufacturing Recipe', 'pm', 'pm_recipe_header', 9, NULL, NULL, 'FORM', NULL, NULL, 34, '2016-07-29 00:00:00', 34, '2016-07-29 00:00:00'),
(875, 874, 'Search Recipe', 'search.php?class_name=pm_recipe_header&mode=2', 'Search Recipe', 'pm', 'pm_recipe_header', 2, NULL, NULL, 'SEARCH', NULL, NULL, 34, '2016-07-29 00:00:00', 34, '2016-07-29 00:00:00'),
(876, 874, 'Search Recipe All', 'search.php?class_name=pm_recipe_all_v&mode=2', 'Search Recipe All', 'pm', 'pm_recipe_all_v', 2, NULL, NULL, 'SEARCH', NULL, NULL, 34, '2016-07-29 00:00:00', 34, '2016-07-29 00:00:00'),
(877, 874, 'Recipe Material', 'form.php?class_name=pm_recipe_material_header&mode=9', 'Recipe Material', 'pm', 'pm_recipe_material_header', 9, NULL, NULL, 'FORM', NULL, NULL, 34, '2016-07-29 00:00:00', 34, '2016-07-29 00:00:00'),
(878, 866, 'Production Batch', 'form.php?class_name=pm_batch_header&mode=9', 'Production Batch', 'pm', 'pm_batch_header', 9, NULL, NULL, 'FORM', NULL, NULL, 34, '2016-07-29 00:00:00', 34, '2016-07-29 00:00:00'),
(879, 878, 'Search Production Batch', 'search.php?class_name=pm_batch_header&mode=2', 'Search Production Batch', 'pm', 'pm_batch_header', 2, NULL, NULL, 'SEARCH', NULL, NULL, 34, '2016-07-29 00:00:00', 34, '2016-07-29 00:00:00'),
(880, 878, 'Batch Operation', 'form.php?class_name=pm_batch_operation_header&mode=9', 'Batch Operation', 'pm', 'pm_batch_operation_header', 9, NULL, NULL, 'FORM', NULL, NULL, 34, '2016-07-29 00:00:00', 34, '2016-07-29 00:00:00'),
(881, 888, 'Search Resource Transaction', 'search.php?class_name=pm_resource_transaction&mode=2', 'Search Resource Transaction', 'pm', 'pm_resource_transaction', 2, NULL, NULL, 'SEARCH', NULL, NULL, 34, '2016-07-29 00:00:00', 34, '2016-07-29 00:00:00'),
(882, 505, 'User Events', 'form.php?class_name=hr_event_header&mode=9', 'User Events', 'hr', 'hr_event_header', 9, NULL, NULL, 'FORM', NULL, NULL, 34, '2016-07-29 00:00:00', 34, '2016-07-29 00:00:00'),
(883, 882, 'Search User Events', 'search.php?class_name=hr_event_header', 'Search User Events', 'hr', 'hr_event_header', 2, NULL, NULL, 'SEARCH', NULL, NULL, 34, '2016-07-29 00:00:00', 34, '2016-07-29 00:00:00'),
(884, 866, 'Process Transactions', 'form.php?module_code=pm&path_id=884', 'Process Transactions', 'pm', 'pm', 2, NULL, NULL, 'CONTAINER', NULL, NULL, 34, '2016-07-29 00:00:00', 34, '2016-07-29 00:00:00'),
(885, 884, 'Material Transaction', 'form.php?class_name=pm_material_transaction&mode=9', 'Material Transaction', 'pm', 'pm_material_transaction', 9, NULL, NULL, 'FORM', NULL, NULL, 34, '2016-07-29 00:00:00', 34, '2016-07-29 00:00:00'),
(886, 885, 'Search Material Transaction', 'search.php?class_name=pm_material_transaction', 'Search Material Transaction', 'pm', 'pm_material_transaction', 2, NULL, NULL, 'SEARCH', NULL, NULL, 34, '2016-07-29 00:00:00', 34, '2016-07-29 00:00:00'),
(887, 884, 'Completion Transaction', 'form.php?class_name=pm_completion_transaction&mode=9', 'Completion Transaction', 'pm', 'pm_completion_transaction', 9, NULL, NULL, 'FORM', NULL, NULL, 34, '2016-07-29 00:00:00', 34, '2016-07-29 00:00:00'),
(888, 884, 'Resource Transaction', 'form.php?class_name=pm_resource_transaction&mode=9', 'Resource Transaction', 'pm', 'pm_resource_transaction', 9, NULL, NULL, 'FORM', NULL, NULL, 34, '2016-07-29 00:00:00', 34, '2016-07-29 00:00:00'),
(889, 346, 'Receivable Activity', 'form.php?class_name=ar_receivable_activity&mode=9', 'Receivable Activity', 'ar', 'ar_receivable_activity', 9, NULL, NULL, 'SETUP', NULL, NULL, 34, '2016-07-29 00:00:00', 34, '2016-07-29 00:00:00'),
(890, 889, 'Search Receivable Activity', 'search.php?class_name=ar_receivable_activity&mode=2', 'Search Receivable Activity', 'ar', 'ar_receivable_activity', 2, NULL, NULL, 'SEARCH', NULL, NULL, 34, '2016-07-29 00:00:00', 34, '2016-07-29 00:00:00'),
(891, 62, 'dataentity', 'extensions/content/content.php?content_type=dataentity', 'Create & Updatedataentity', NULL, NULL, NULL, NULL, NULL, NULL, NULL, NULL, 34, '2016-07-29 00:00:00', 34, '2016-07-29 00:00:00'),
(892, 134, 'Transaction Adjustment', 'form.php?class_name=ar_transaction_adjustment&mode=9', 'Transaction Adjustment', 'ar', 'ar_transaction_adjustment', 9, NULL, NULL, 'FORM', NULL, NULL, 34, '2016-07-29 00:00:00', 34, '2016-07-29 00:00:00'),
(893, 892, 'Search Adjustment', 'search.php?class_name=ar_transaction_adjustment&mode=2', 'Search Adjustment', 'ar', 'ar_transaction_adjustment', 2, NULL, NULL, 'SEARCH', NULL, NULL, 34, '2016-07-29 00:00:00', 34, '2016-07-29 00:00:00'),
(894, 106, 'IR Receipt', 'form.php?class_name=inv_ir_receipt_header&mode=9', 'Internal Requisition Receipt', 'inv', 'inv_ir_receipt_header', 9, NULL, NULL, 'FORM', NULL, NULL, 34, '2016-07-29 00:00:00', 34, '2016-07-29 00:00:00'),
(895, 674, 'Menu', 'form.php?class_name=extn_menu_header&mode=9', 'Menu Header', 'ext', 'extn_menu_header', 9, NULL, NULL, 'FORM', NULL, NULL, 34, '2016-07-29 00:00:00', 34, '2016-07-29 00:00:00'),
(896, 895, 'Search Menu', 'search.php?class_name=extn_menu_header&mode=2', 'Search Menu', 'ext', 'extn_menu_header', 2, NULL, NULL, 'SEARCH', NULL, NULL, 34, '2016-07-29 00:00:00', 34, '2016-07-29 00:00:00'),
(897, 203, 'Customer Balance', 'form.php?class_name=extn_report_result&mode=2&extn_report_id=6', 'Customer Balance Summary', 'ar', 'extn_report_result', 2, NULL, NULL, 'REPORT', 1, NULL, 34, '2016-07-29 00:00:00', 34, '2016-07-29 00:00:00'),
(898, 346, 'Revenue Rule', 'form.php?class_name=ar_revenue_rule_header&mode=9', 'Revenue Rule Header', 'ar', 'ar_revenue_rule_header', 9, NULL, NULL, 'SETUP', NULL, NULL, 34, '2016-07-29 00:00:00', 34, '2016-07-29 00:00:00'),
(899, 898, 'Search Revenue Rule', 'search.php?class_name=ar_revenue_rule_header', 'Search Revenue Rule', 'ar', 'ar_revenue_rule_header', 2, NULL, NULL, 'SETUP', NULL, NULL, 34, '2016-07-29 00:00:00', 34, '2016-07-29 00:00:00'),
(900, 134, 'Revenue Schedule', 'form.php?class_name=ar_revenue_schedule&mode=9', 'Revenue Schedule', 'ar', 'ar_revenue_schedule', 9, NULL, NULL, 'SETUP', NULL, NULL, 34, '2016-07-29 00:00:00', 34, '2016-07-29 00:00:00'),
(902, 900, 'Search Revenue Schedule', 'search.php?class_name=ar_revenue_schedule&mode=2', 'Search Revenue Schedule', 'ar', 'ar_revenue_schedule', 2, NULL, NULL, 'SEARCH', NULL, NULL, 34, '2016-07-29 00:00:00', 34, '2016-07-29 00:00:00'),
(903, 542, 'Asset Transaction', 'form.php?class_name=fa_asset_transaction_v&mode=9', 'Asset Transaction', 'fa', 'fa_asset_transaction_v', 9, NULL, NULL, 'FORM', NULL, NULL, 34, '2016-07-29 00:00:00', 34, '2016-07-29 00:00:00'),
(904, 903, 'Search Asset Transaction', 'search.php?class_name=fa_asset_transaction_v', 'Search Fixed Asset Transactions', 'fa', 'fa_asset_transaction_v', 2, NULL, NULL, 'SEARCH', NULL, NULL, 34, '2016-07-29 00:00:00', 34, '2016-07-29 00:00:00'),
(905, 125, 'Reports', 'form.php?module_code=wip&type=report&path_id=905', 'WIP Reports', 'wip', 'wip', 2, NULL, NULL, 'REPORT', NULL, 95, 34, '2016-07-29 00:00:00', 34, '2016-07-29 00:00:00'),
(906, 542, 'Reports', 'form.php?module_code=fa&type=report&path_id=906', 'Fixed Asset Reports', 'fa', 'fa', 2, NULL, NULL, 'REPORT', NULL, NULL, 34, '2016-07-29 00:00:00', 34, '2016-07-29 00:00:00'),
(907, 906, 'Accumulated Depreciation', 'form.php?class_name=extn_report_result&mode=2&extn_report_id=8', 'Accumulated Depreciation', 'fa', 'extn_report_result', 2, NULL, NULL, 'REPORT', NULL, NULL, 34, '2016-07-29 00:00:00', 34, '2016-07-29 00:00:00'),
(908, 906, 'YTD Depreciation', 'form.php?class_name=extn_report_result&mode=2&extn_report_id=9', 'Report Result', 'fa', 'extn_report_result', 2, NULL, NULL, 'REPORT', NULL, NULL, 34, '2016-07-29 00:00:00', 34, '2016-07-29 00:00:00'),
(909, 905, 'WIP Quantity', 'form.php?class_name=extn_report_result&mode=2&extn_report_id=11', 'WIP Quantity By Item', 'wip', 'extn_report_result', 2, NULL, NULL, 'REPORT', NULL, 95, 34, '2016-07-29 00:00:00', 34, '2016-07-29 00:00:00'),
(910, 905, 'WIP Value', 'form.php?class_name=extn_report_result&mode=2&extn_report_id=10', 'WIP Value By Item', 'wip', 'extn_report_result', 2, NULL, NULL, 'REPORT', NULL, 95, 34, '2016-07-29 00:00:00', 34, '2016-07-29 00:00:00'),
(911, 905, 'Past Due Orders', 'form.php?class_name=extn_report_result&mode=2&extn_report_id=12', 'WIP Past Due Orders', 'wip', 'extn_report_result', 2, NULL, NULL, 'REPORT', NULL, 95, 34, '2016-07-29 00:00:00', 34, '2016-07-29 00:00:00'),
(912, 905, 'Resource Usages', 'form.php?class_name=extn_report_result&mode=2&extn_report_id=13', 'Resource Usages', 'wip', 'extn_report_result', 2, NULL, NULL, 'REPORT', NULL, 95, 34, '2016-07-29 00:00:00', 34, '2016-07-29 00:00:00'),
(913, 914, 'Total Shipment', 'form.php?class_name=extn_report_result&mode=2&extn_report_id=15', 'Total Shipment', 'sd', 'extn_report_result', 2, NULL, NULL, 'REPORT', NULL, 95, 34, '2016-07-29 00:00:00', 1, '2016-07-29 08:16:34'),
(914, 219, 'Reports', 'form.php?module_code=sd&type=report&path_id=914', 'Sales & Distribution', 'sd', 'sd', 2, NULL, NULL, 'REPORT', NULL, 95, 34, '2016-07-29 00:00:00', 34, '2016-07-29 00:00:00'),
(915, 914, 'Sales Funel', 'form.php?class_name=extn_report_result&mode=2&extn_report_id=4', 'Sales Funel', 'sd', 'extn_report_result', 2, NULL, NULL, 'REPORT', NULL, 95, 34, '2016-07-29 00:00:00', 34, '2016-07-29 00:00:00'),
(916, 914, 'Monthly Shipment - Qty', 'form.php?class_name=extn_report_result&mode=2&extn_report_id=17', 'Monthly Shipment - Qty', 'sd', 'extn_report_result', 2, NULL, NULL, 'REPORT', NULL, 95, 34, '2016-07-29 00:00:00', 1, '2016-07-29 11:21:09'),
(917, 914, 'Past Due SO', 'form.php?class_name=extn_report_result&mode=2&extn_report_id=16', 'Past Due SO', 'sd', 'extn_report_result', 2, NULL, NULL, 'REPORT', NULL, 95, 1, '2016-07-29 11:21:45', 1, '2016-07-29 11:21:45'),
(918, 914, 'Sales By Customer', 'form.php?class_name=extn_report_result&mode=2&extn_report_id=18', 'Sales By Customer', 'sd', 'extn_report_result', 2, NULL, NULL, 'REPORT', NULL, 95, 1, '2016-07-29 11:22:06', 1, '2016-07-29 11:22:06'),
(919, 344, 'Reports', 'form.php?module_code=pur&type=report&path_id=919', 'Purchasing Reports', 'pur', 'pur', 2, NULL, NULL, 'REPORT', NULL, 95, 1, '2016-07-29 11:26:16', 1, '2016-07-29 11:26:35'),
(920, 919, 'Open PO', 'form.php?class_name=extn_report_result&mode=2&extn_report_id=5', 'Open PO', 'pur', 'extn_report_result', 2, NULL, NULL, 'REPORT', NULL, 95, 1, '2016-07-29 11:27:27', 1, '2016-07-29 11:27:27'),
(921, 919, 'Supplier Balance', 'form.php?class_name=extn_report_result&mode=2&extn_report_id=1', 'Supplier Balance', 'pur', 'extn_report_result', 2, NULL, NULL, 'REPORT', NULL, 95, 1, '2016-07-29 11:28:12', 1, '2016-07-29 11:28:12'),
(922, 919, 'Supplier Volume', 'form.php?class_name=extn_report_result&mode=2&extn_report_id=19', 'Supplier Volume', 'pur', 'extn_report_result', 2, NULL, NULL, 'REPORT', NULL, 95, 1, '2016-07-29 11:33:42', 1, '2016-07-29 11:33:42'),
(923, 775, 'Kanban Release', 'form.php?class_name=fp_kanban_release&mode=9', 'Kanban Release', 'fp', 'fp_kanban_release', 9, NULL, NULL, 'FORM', NULL, NULL, 1, '2016-07-31 12:29:55', 1, '2016-07-31 12:29:55'),
(924, 775, 'Search Kanban - View', 'search.php?class_name=fp_kanban_header_v', 'Search Kanban - View', 'fp', 'fp_kanban_header_v', 2, NULL, NULL, 'SEARCH', NULL, NULL, 1, '2016-08-01 11:41:05', 1, '2016-08-01 11:41:05');

-- --------------------------------------------------------

--
-- Table structure for table `payment_term`
--

CREATE TABLE `payment_term` (
  `payment_term_id` int(12) NOT NULL,
  `payment_term` varchar(50) NOT NULL,
  `description` varchar(256) DEFAULT NULL,
  `prepayment_cb` tinyint(1) DEFAULT NULL,
  `ef_id` int(12) DEFAULT NULL,
  `status` varchar(25) DEFAULT NULL,
  `rev_enabled_cb` tinyint(1) DEFAULT NULL,
  `rev_number` varchar(256) DEFAULT NULL,
  `created_by` int(12) NOT NULL,
  `creation_date` datetime NOT NULL,
  `last_update_by` int(12) NOT NULL,
  `last_update_date` datetime NOT NULL
) ENGINE=InnoDB DEFAULT CHARSET=latin1;

--
-- Dumping data for table `payment_term`
--

INSERT INTO `payment_term` (`payment_term_id`, `payment_term`, `description`, `prepayment_cb`, `ef_id`, `status`, `rev_enabled_cb`, `rev_number`, `created_by`, `creation_date`, `last_update_by`, `last_update_date`) VALUES
(1, 'NET30', 'Due in 30 days', 1, 0, 'active', 1, '3', 0, '2014-01-03 04:18:36', 0, '2014-01-03 04:18:36'),
(2, '5%10D, NET45', '5 Percentage 10 Day Payment, NET 45', 0, 0, 'active', 0, '1', 0, '2013-10-22 14:04:36', 0, '2013-10-22 14:04:36'),
(3, '10%5D, 5%10D, NET60', 'NET 60 with step discount', NULL, NULL, NULL, NULL, NULL, 0, '2013-10-22 14:05:48', 34, '2015-03-04 04:49:53'),
(4, 'NET15', 'NET15', NULL, NULL, NULL, 1, NULL, 0, '2014-09-26 22:01:09', 34, '2015-03-04 05:12:26'),
(5, '50%NET30', 'NET60 55', NULL, 0, 'active', 1, '1', 0, '2013-10-22 14:22:43', 34, '2014-12-21 08:24:50'),
(6, 'NET 18', 'NET 18', NULL, NULL, 'active', NULL, NULL, 0, '2013-12-17 10:24:29', 34, '2014-12-21 08:33:49');

-- --------------------------------------------------------

--
-- Table structure for table `payment_term_discount`
--

CREATE TABLE `payment_term_discount` (
  `payment_term_discount_id` int(12) NOT NULL,
  `payment_term_id` int(12) NOT NULL,
  `seq_number` int(12) NOT NULL,
  `discount_percentage` float NOT NULL,
  `due_days` int(11) DEFAULT NULL,
  `due_dates` date DEFAULT NULL,
  `due_date_of_month` int(12) DEFAULT NULL,
  `ef_id` int(12) DEFAULT NULL,
  `created_by` int(12) NOT NULL,
  `creation_date` datetime NOT NULL,
  `last_update_by` int(12) NOT NULL,
  `last_update_date` datetime NOT NULL
) ENGINE=InnoDB DEFAULT CHARSET=latin1;

--
-- Dumping data for table `payment_term_discount`
--

INSERT INTO `payment_term_discount` (`payment_term_discount_id`, `payment_term_id`, `seq_number`, `discount_percentage`, `due_days`, `due_dates`, `due_date_of_month`, `ef_id`, `created_by`, `creation_date`, `last_update_by`, `last_update_date`) VALUES
(1, 1, 1, 12, 5, '0000-00-00', 0, 0, 0, '2014-01-03 04:18:39', 0, '2014-01-03 04:18:39'),
(2, 1, 2, 24, 10, '0000-00-00', 0, 0, 0, '2014-01-03 04:18:40', 0, '2014-01-03 04:18:40'),
(3, 1, 3, 36, 30, '0000-00-00', 0, 0, 0, '2014-01-03 04:18:41', 0, '2014-01-03 04:18:41'),
(4, 2, 1, 5, 10, '0000-00-00', 0, 0, 0, '2013-10-22 14:04:37', 0, '2013-10-22 14:04:37'),
(5, 5, 1, 33, 10, NULL, 12, NULL, 0, '2013-10-22 14:22:46', 34, '2014-12-21 08:24:52'),
(6, 4, 1, 10, 1, NULL, NULL, NULL, 0, '2014-09-26 22:01:11', 0, '2026-09-14 22:01:11'),
(7, 4, 2, 30, 5, NULL, NULL, NULL, 0, '2014-09-26 22:00:28', 0, '2026-09-14 22:00:28'),
(8, 4, 3, 20, 10, NULL, NULL, NULL, 0, '2014-09-26 22:00:46', 0, '2026-09-14 22:00:46'),
(9, 6, 1, 10, 30, NULL, NULL, NULL, 0, '2013-12-17 10:24:32', 0, '2013-12-17 10:24:32'),
(10, 5, 2, 33, 15, NULL, NULL, NULL, 34, '2014-12-21 08:24:21', 34, '2014-12-21 08:24:52'),
(11, 6, 2, 5, 10, NULL, NULL, NULL, 34, '2014-12-21 08:33:50', 34, '2014-12-21 08:33:50');

-- --------------------------------------------------------

--
-- Table structure for table `payment_term_schedule`
--

CREATE TABLE `payment_term_schedule` (
  `payment_term_schedule_id` int(12) NOT NULL,
  `payment_term_id` int(12) NOT NULL,
  `seq_number` int(12) NOT NULL,
  `amount_percentage` float NOT NULL,
  `due_days` int(11) DEFAULT NULL,
  `due_dates` date DEFAULT NULL,
  `due_date_of_month` int(12) DEFAULT NULL,
  `ef_id` int(12) DEFAULT NULL,
  `created_by` int(12) NOT NULL,
  `creation_date` datetime NOT NULL,
  `last_update_by` int(12) NOT NULL,
  `last_update_date` datetime NOT NULL
) ENGINE=InnoDB DEFAULT CHARSET=latin1;

--
-- Dumping data for table `payment_term_schedule`
--

INSERT INTO `payment_term_schedule` (`payment_term_schedule_id`, `payment_term_id`, `seq_number`, `amount_percentage`, `due_days`, `due_dates`, `due_date_of_month`, `ef_id`, `created_by`, `creation_date`, `last_update_by`, `last_update_date`) VALUES
(1, 1, 1, 12, 30, '0000-00-00', 0, 0, 0, '2014-01-03 04:18:37', 0, '2014-01-03 04:18:37'),
(2, 1, 2, 24, 90, '0000-00-00', 0, 0, 0, '2014-01-03 04:18:38', 0, '2014-01-03 04:18:38'),
(3, 2, 1, 100, 45, '0000-00-00', 0, 0, 0, '2013-10-22 14:04:35', 0, '2013-10-22 14:04:35'),
(4, 2, 1, 100, 45, '0000-00-00', 0, 0, 0, '2013-10-22 14:04:37', 0, '2013-10-22 14:04:37'),
(5, 5, 1, 33, 30, '2014-06-24', NULL, NULL, 0, '2014-06-20 19:52:07', 34, '2014-12-21 08:24:51'),
(6, 5, 2, 23, 60, '2014-06-28', NULL, NULL, 0, '2014-06-20 19:52:41', 34, '2014-12-21 08:24:51'),
(7, 4, 1, 40, 15, NULL, NULL, NULL, 0, '2014-09-26 22:01:09', 34, '2015-03-04 05:12:27'),
(8, 4, 2, 30, 30, NULL, NULL, NULL, 0, '2014-09-26 22:01:09', 34, '2015-03-04 05:12:26'),
(9, 6, 1, 10, 10, NULL, NULL, NULL, 0, '2013-12-17 10:24:30', 34, '2015-03-04 05:11:40'),
(10, 6, 2, 5, 20, NULL, NULL, NULL, 0, '2013-12-17 10:24:31', 34, '2015-03-04 05:11:40'),
(11, 6, 3, 2, 30, NULL, NULL, NULL, 0, '2013-12-17 10:24:34', 34, '2015-03-04 05:11:40'),
(12, 5, 3, 13, 90, NULL, NULL, NULL, 0, '2014-06-20 19:52:41', 34, '2014-12-21 08:24:51'),
(13, 4, 3, 20, 45, NULL, NULL, NULL, 34, '2015-03-04 04:39:26', 34, '2015-03-04 05:12:26');

-- --------------------------------------------------------

--
-- Table structure for table `pm_batch_byproduct`
--

CREATE TABLE `pm_batch_byproduct` (
  `pm_batch_byproduct_id` int(12) UNSIGNED NOT NULL,
  `pm_batch_header_id` int(12) NOT NULL,
  `line_no` int(2) NOT NULL,
  `line_type` varchar(15) DEFAULT NULL,
  `item_id_m` int(12) DEFAULT NULL,
  `uom_id` int(12) DEFAULT NULL,
  `allocated_quantity` decimal(15,5) DEFAULT NULL,
  `planned_quantity` decimal(15,5) DEFAULT NULL,
  `actual_quantity` decimal(15,5) DEFAULT NULL,
  `description` varchar(256) DEFAULT NULL,
  `scale_type` varchar(15) DEFAULT NULL,
  `yield_type` varchar(15) DEFAULT NULL,
  `byproduct_type` varchar(15) DEFAULT NULL,
  `locator_id` int(12) DEFAULT NULL,
  `subinventory_id` int(12) DEFAULT NULL,
  `step_no` int(4) DEFAULT NULL,
  `created_by` int(12) NOT NULL,
  `creation_date` datetime DEFAULT NULL,
  `last_update_by` int(12) NOT NULL,
  `last_update_date` datetime DEFAULT NULL
) ENGINE=InnoDB DEFAULT CHARSET=latin1;

-- --------------------------------------------------------

--
-- Table structure for table `pm_batch_header`
--

CREATE TABLE `pm_batch_header` (
  `pm_batch_header_id` int(12) UNSIGNED NOT NULL,
  `batch_name` varchar(25) NOT NULL,
  `org_id` int(12) NOT NULL,
  `pm_recipe_header_id` int(12) NOT NULL,
  `wip_accounting_group_id` int(12) DEFAULT NULL,
  `recipe_version` varchar(5) DEFAULT NULL,
  `comment` varchar(255) DEFAULT NULL,
  `status` varchar(20) DEFAULT NULL,
  `description` varchar(256) DEFAULT NULL,
  `terminate_reason` varchar(255) DEFAULT NULL,
  `planned_start_date` date DEFAULT NULL,
  `planned_completion_date` date DEFAULT NULL,
  `required_completion_date` date NOT NULL,
  `actual_completion_date` date DEFAULT NULL,
  `actual_start_date` int(11) DEFAULT NULL,
  `update_invnetory_cb` tinyint(1) DEFAULT NULL,
  `batch_exploded_cb` tinyint(4) DEFAULT NULL,
  `created_by` int(12) NOT NULL,
  `creation_date` datetime DEFAULT NULL,
  `last_update_by` int(12) NOT NULL,
  `last_update_date` datetime DEFAULT NULL
) ENGINE=InnoDB DEFAULT CHARSET=latin1;

-- --------------------------------------------------------

--
-- Table structure for table `pm_batch_ingredient`
--

CREATE TABLE `pm_batch_ingredient` (
  `pm_batch_ingredient_id` int(12) UNSIGNED NOT NULL,
  `pm_batch_header_id` int(12) NOT NULL,
  `line_no` int(2) NOT NULL,
  `revision_name` varchar(15) DEFAULT NULL,
  `item_id_m` int(12) DEFAULT NULL,
  `uom_id` int(12) DEFAULT NULL,
  `planned_quantity` decimal(15,5) DEFAULT NULL,
  `description` varchar(256) DEFAULT NULL,
  `wip_planned_quantity` decimal(15,5) DEFAULT NULL,
  `scale_type` varchar(15) DEFAULT NULL,
  `contribute_yield_cb` tinyint(1) DEFAULT NULL,
  `byproduct_type` varchar(15) DEFAULT NULL,
  `consumption_type` varchar(15) DEFAULT NULL,
  `phantom_type` varchar(15) DEFAULT NULL,
  `allocated_quantity` decimal(15,5) DEFAULT NULL,
  `actual_quantity` decimal(15,5) DEFAULT NULL,
  `requirement_date` date DEFAULT NULL,
  `subinventory_id` int(12) DEFAULT NULL,
  `locator_id` int(12) DEFAULT NULL,
  `step_no` int(5) DEFAULT NULL,
  `created_by` int(12) NOT NULL,
  `creation_date` datetime DEFAULT NULL,
  `last_update_by` int(12) NOT NULL,
  `last_update_date` datetime DEFAULT NULL
) ENGINE=InnoDB DEFAULT CHARSET=latin1;

-- --------------------------------------------------------

--
-- Table structure for table `pm_batch_line`
--

CREATE TABLE `pm_batch_line` (
  `pm_batch_line_id` int(12) UNSIGNED NOT NULL,
  `pm_batch_header_id` int(12) NOT NULL,
  `line_no` int(2) NOT NULL,
  `line_type` varchar(15) DEFAULT NULL,
  `item_id_m` int(12) NOT NULL,
  `uom_id` int(12) DEFAULT NULL,
  `planned_quantity` decimal(15,5) DEFAULT NULL,
  `wip_planned_quantity` decimal(15,5) DEFAULT NULL,
  `actual_quantity` varchar(15) DEFAULT NULL,
  `allocated_qty` decimal(15,5) DEFAULT NULL,
  `yield_date` date DEFAULT NULL,
  `subinventory_id` int(12) DEFAULT NULL,
  `locator_id` int(12) DEFAULT NULL,
  `description` varchar(256) DEFAULT NULL,
  `scale_type` varchar(15) DEFAULT NULL,
  `yield_type` varchar(15) DEFAULT NULL,
  `cost_allocation_cb` tinyint(1) DEFAULT NULL,
  `step_no` int(4) DEFAULT NULL,
  `created_by` int(12) NOT NULL,
  `creation_date` datetime DEFAULT NULL,
  `last_update_by` int(12) NOT NULL,
  `last_update_date` datetime DEFAULT NULL
) ENGINE=InnoDB DEFAULT CHARSET=latin1;

-- --------------------------------------------------------

--
-- Table structure for table `pm_batch_operation_detail`
--

CREATE TABLE `pm_batch_operation_detail` (
  `pm_batch_operation_detail_id` int(12) UNSIGNED NOT NULL,
  `pm_batch_operation_header_id` int(12) DEFAULT NULL,
  `pm_batch_operation_line_id` int(12) NOT NULL,
  `resource_sequence` int(5) DEFAULT NULL,
  `description` varchar(255) DEFAULT NULL,
  `bom_resource_id` int(12) DEFAULT NULL,
  `batch_quantity` decimal(1,0) DEFAULT NULL,
  `resource_usage` decimal(10,5) DEFAULT NULL,
  `batch_uom_id` int(12) DEFAULT NULL,
  `process_quantity` decimal(15,5) DEFAULT NULL,
  `applied_quantiy` decimal(15,5) DEFAULT NULL,
  `process_uom_id` int(12) DEFAULT NULL,
  `component_class` varchar(25) DEFAULT NULL,
  `cost_analysis_code` varchar(25) DEFAULT NULL,
  `plan_type` varchar(25) DEFAULT NULL,
  `uom_id` int(12) DEFAULT NULL,
  `resource_count` int(4) DEFAULT NULL,
  `offset_interval` decimal(15,5) DEFAULT NULL,
  `scale_type` varchar(25) DEFAULT NULL,
  `created_by` int(12) NOT NULL,
  `creation_date` datetime DEFAULT NULL,
  `last_update_by` int(12) NOT NULL,
  `last_update_date` datetime DEFAULT NULL
) ENGINE=InnoDB DEFAULT CHARSET=latin1;

-- --------------------------------------------------------

--
-- Table structure for table `pm_batch_operation_line`
--

CREATE TABLE `pm_batch_operation_line` (
  `pm_batch_operation_line_id` int(12) UNSIGNED NOT NULL,
  `pm_batch_header_id` int(12) NOT NULL,
  `step_no` int(5) NOT NULL,
  `release_type` varchar(25) DEFAULT NULL,
  `pm_process_routing_header_id` int(12) NOT NULL,
  `activity_code` varchar(25) NOT NULL,
  `description` varchar(255) DEFAULT NULL,
  `activity_factror` decimal(10,5) DEFAULT NULL,
  `sequence_dependency_cb` tinyint(1) DEFAULT NULL,
  `offset_interval` decimal(10,5) DEFAULT NULL,
  `status` varchar(15) DEFAULT NULL,
  `breakable_cb` tinyint(1) DEFAULT NULL,
  `material_scheduled_cb` tinyint(1) DEFAULT NULL,
  `created_by` int(12) NOT NULL,
  `creation_date` datetime DEFAULT NULL,
  `last_update_by` int(12) NOT NULL,
  `last_update_date` datetime DEFAULT NULL
) ENGINE=InnoDB DEFAULT CHARSET=latin1;

-- --------------------------------------------------------

--
-- Table structure for table `pm_formula_byproduct`
--

CREATE TABLE `pm_formula_byproduct` (
  `pm_formula_byproduct_id` int(12) UNSIGNED NOT NULL,
  `pm_formula_header_id` int(12) NOT NULL,
  `line_no` int(2) NOT NULL,
  `line_type` varchar(15) DEFAULT NULL,
  `item_id_m` int(12) DEFAULT NULL,
  `uom_id` int(12) DEFAULT NULL,
  `allocated_quantity` decimal(15,5) DEFAULT NULL,
  `planned_quantity` decimal(15,5) DEFAULT NULL,
  `actual_quantity` decimal(15,5) DEFAULT NULL,
  `wip_planned_quantity` decimal(15,5) DEFAULT NULL,
  `description` varchar(256) DEFAULT NULL,
  `scale_type` varchar(15) DEFAULT NULL,
  `yield_type` varchar(15) DEFAULT NULL,
  `byproduct_type` varchar(15) DEFAULT NULL,
  `created_by` int(12) NOT NULL,
  `creation_date` datetime DEFAULT NULL,
  `last_update_by` int(12) NOT NULL,
  `last_update_date` datetime DEFAULT NULL
) ENGINE=InnoDB DEFAULT CHARSET=latin1;

-- --------------------------------------------------------

--
-- Table structure for table `pm_formula_header`
--

CREATE TABLE `pm_formula_header` (
  `pm_formula_header_id` int(12) UNSIGNED NOT NULL,
  `org_id` int(12) NOT NULL,
  `formula_name` varchar(50) NOT NULL,
  `type` varchar(15) DEFAULT NULL,
  `revision` varchar(20) DEFAULT NULL,
  `comment` varchar(255) DEFAULT NULL,
  `status` varchar(20) DEFAULT NULL,
  `description` varchar(256) DEFAULT NULL,
  `owner_employee_id` int(12) DEFAULT NULL,
  `created_by` int(12) NOT NULL,
  `creation_date` datetime DEFAULT NULL,
  `last_update_by` int(12) NOT NULL,
  `last_update_date` datetime DEFAULT NULL
) ENGINE=InnoDB DEFAULT CHARSET=latin1;

-- --------------------------------------------------------

--
-- Table structure for table `pm_formula_ingredient`
--

CREATE TABLE `pm_formula_ingredient` (
  `pm_formula_ingredient_id` int(12) UNSIGNED NOT NULL,
  `pm_formula_header_id` int(12) NOT NULL,
  `line_no` int(2) NOT NULL,
  `revision_name` varchar(15) DEFAULT NULL,
  `item_id_m` int(12) DEFAULT NULL,
  `uom_id` int(12) DEFAULT NULL,
  `quantity` decimal(15,5) DEFAULT NULL,
  `description` varchar(256) DEFAULT NULL,
  `buffer_cb` tinyint(1) DEFAULT NULL,
  `scale_type` varchar(15) DEFAULT NULL,
  `contribute_yield_cb` tinyint(1) DEFAULT NULL,
  `byproduct_type` varchar(15) DEFAULT NULL,
  `consumption_type` varchar(15) DEFAULT NULL,
  `phantom_type` varchar(15) DEFAULT NULL,
  `required_qty` decimal(15,5) DEFAULT NULL,
  `created_by` int(12) NOT NULL,
  `creation_date` datetime DEFAULT NULL,
  `last_update_by` int(12) NOT NULL,
  `last_update_date` datetime DEFAULT NULL
) ENGINE=InnoDB DEFAULT CHARSET=latin1;

-- --------------------------------------------------------

--
-- Table structure for table `pm_formula_line`
--

CREATE TABLE `pm_formula_line` (
  `pm_formula_line_id` int(12) UNSIGNED NOT NULL,
  `pm_formula_header_id` int(12) NOT NULL,
  `line_no` int(2) NOT NULL,
  `line_type` varchar(15) DEFAULT NULL,
  `item_id_m` int(12) NOT NULL,
  `uom_id` int(12) DEFAULT NULL,
  `quantity` decimal(15,5) DEFAULT NULL,
  `description` varchar(256) DEFAULT NULL,
  `cost_allocation` decimal(15,5) DEFAULT NULL,
  `scale_type` varchar(15) DEFAULT NULL,
  `yield_type` varchar(15) DEFAULT NULL,
  `byproduct_type` varchar(15) DEFAULT NULL,
  `consumption_type` varchar(15) DEFAULT NULL,
  `phantom_type` varchar(15) DEFAULT NULL,
  `required_qty` decimal(15,5) DEFAULT NULL,
  `created_by` int(12) NOT NULL,
  `creation_date` datetime DEFAULT NULL,
  `last_update_by` int(12) NOT NULL,
  `last_update_date` datetime DEFAULT NULL
) ENGINE=InnoDB DEFAULT CHARSET=latin1;

-- --------------------------------------------------------

--
-- Table structure for table `pm_process_operation_detail`
--

CREATE TABLE `pm_process_operation_detail` (
  `pm_process_operation_detail_id` int(12) UNSIGNED NOT NULL,
  `pm_process_operation_header_id` int(12) NOT NULL,
  `pm_process_operation_line_id` int(12) NOT NULL,
  `resource_sequence` int(5) DEFAULT NULL,
  `description` varchar(255) DEFAULT NULL,
  `bom_resource_id` int(12) DEFAULT NULL,
  `process_quantity` decimal(10,5) DEFAULT NULL,
  `resource_usage` decimal(10,5) DEFAULT NULL,
  `uom_id` int(12) DEFAULT NULL,
  `process_uom_id` int(12) DEFAULT NULL,
  `component_class` varchar(25) DEFAULT NULL,
  `cost_analysis_code` varchar(25) DEFAULT NULL,
  `plan_type` varchar(25) DEFAULT NULL,
  `resource_count` int(4) DEFAULT NULL,
  `offset_interval` decimal(15,5) DEFAULT NULL,
  `scale_type` varchar(25) DEFAULT NULL,
  `created_by` int(12) NOT NULL,
  `creation_date` datetime DEFAULT NULL,
  `last_update_by` int(12) NOT NULL,
  `last_update_date` datetime DEFAULT NULL
) ENGINE=InnoDB DEFAULT CHARSET=latin1;

-- --------------------------------------------------------

--
-- Table structure for table `pm_process_operation_header`
--

CREATE TABLE `pm_process_operation_header` (
  `pm_process_operation_header_id` int(12) UNSIGNED NOT NULL,
  `operation_name` varchar(25) NOT NULL,
  `org_id` int(12) NOT NULL,
  `operation_class` varchar(25) DEFAULT NULL,
  `description` varchar(255) DEFAULT NULL,
  `version` varchar(20) DEFAULT NULL,
  `start_date` date DEFAULT NULL,
  `end_date` date DEFAULT NULL,
  `status` varchar(25) DEFAULT NULL,
  `min_quantity` decimal(15,5) DEFAULT NULL,
  `department` varchar(25) DEFAULT NULL,
  `material_ac_id` int(12) NOT NULL,
  `material_oh_ac_id` int(12) DEFAULT NULL,
  `overhead_ac_id` int(12) DEFAULT NULL,
  `resource_ac_id` int(12) DEFAULT NULL,
  `osp_ac_id` int(12) DEFAULT NULL,
  `expense_ac_id` int(12) DEFAULT NULL,
  `uom_id` int(12) NOT NULL,
  `created_by` int(12) NOT NULL,
  `creation_date` datetime DEFAULT NULL,
  `last_update_by` int(12) NOT NULL,
  `last_update_date` datetime DEFAULT NULL
) ENGINE=InnoDB DEFAULT CHARSET=latin1;

-- --------------------------------------------------------

--
-- Table structure for table `pm_process_operation_line`
--

CREATE TABLE `pm_process_operation_line` (
  `pm_process_operation_line_id` int(12) UNSIGNED NOT NULL,
  `pm_process_operation_header_id` int(12) NOT NULL,
  `activity_code` varchar(25) NOT NULL,
  `description` varchar(255) DEFAULT NULL,
  `activity_factror` decimal(10,5) DEFAULT NULL,
  `sequence_dependency_cb` tinyint(1) DEFAULT NULL,
  `offset_interval` decimal(10,5) DEFAULT NULL,
  `breakable_cb` tinyint(1) DEFAULT NULL,
  `material_scheduled_cb` tinyint(1) DEFAULT NULL,
  `created_by` int(12) NOT NULL,
  `creation_date` datetime DEFAULT NULL,
  `last_update_by` int(12) NOT NULL,
  `last_update_date` datetime DEFAULT NULL
) ENGINE=InnoDB DEFAULT CHARSET=latin1;

-- --------------------------------------------------------

--
-- Table structure for table `pm_process_routing_header`
--

CREATE TABLE `pm_process_routing_header` (
  `pm_process_routing_header_id` int(12) UNSIGNED NOT NULL,
  `routing_name` varchar(25) NOT NULL,
  `org_id` int(12) NOT NULL,
  `status` varchar(50) DEFAULT NULL,
  `description` varchar(255) DEFAULT NULL,
  `revision` varchar(20) DEFAULT NULL,
  `start_date` date DEFAULT NULL,
  `end_date` date DEFAULT NULL,
  `routing_class` varchar(25) DEFAULT NULL,
  `owner_employee_id` int(12) DEFAULT NULL,
  `quantity` decimal(15,5) NOT NULL,
  `uom_id` int(12) NOT NULL,
  `planned_loss` decimal(8,5) DEFAULT NULL,
  `theoretical_loss` decimal(8,5) DEFAULT NULL,
  `fixed_loss` decimal(8,5) DEFAULT NULL,
  `created_by` int(12) NOT NULL,
  `creation_date` datetime DEFAULT NULL,
  `last_update_by` int(12) NOT NULL,
  `last_update_date` datetime DEFAULT NULL
) ENGINE=InnoDB DEFAULT CHARSET=latin1;

-- --------------------------------------------------------

--
-- Table structure for table `pm_process_routing_line`
--

CREATE TABLE `pm_process_routing_line` (
  `pm_process_routing_line_id` int(12) UNSIGNED NOT NULL,
  `pm_process_routing_header_id` int(12) NOT NULL,
  `step_no` int(12) NOT NULL,
  `pm_process_operation_header_id` int(12) DEFAULT NULL,
  `uom_id` int(12) DEFAULT NULL,
  `release_type` varchar(255) DEFAULT NULL,
  `min_quantity` varchar(20) DEFAULT NULL,
  `description` varchar(255) DEFAULT NULL,
  `step_quantity` decimal(15,5) DEFAULT NULL,
  `created_by` int(12) NOT NULL,
  `creation_date` datetime DEFAULT NULL,
  `last_update_by` int(12) NOT NULL,
  `last_update_date` datetime DEFAULT NULL
) ENGINE=InnoDB DEFAULT CHARSET=latin1;

-- --------------------------------------------------------

--
-- Stand-in structure for view `pm_recipe_all_v`
--
CREATE TABLE `pm_recipe_all_v` (
`pm_recipe_header_id` int(12) unsigned
,`org_id` int(12)
,`recipe_name` varchar(25)
,`pm_formula_header_id` varchar(15)
,`pm_process_routing_header_id` int(12)
,`item_id_m` int(12)
,`formula_name` varchar(50)
,`formula_description` varchar(256)
,`routing_name` varchar(25)
,`routing_description` varchar(255)
,`item_number` varchar(50)
,`item_description` varchar(256)
,`org` varchar(50)
);

-- --------------------------------------------------------

--
-- Table structure for table `pm_recipe_customer`
--

CREATE TABLE `pm_recipe_customer` (
  `pm_recipe_customer_id` int(12) UNSIGNED NOT NULL,
  `pm_recipe_header_id` int(12) NOT NULL,
  `org_id` int(12) NOT NULL,
  `ar_customer_id` int(12) DEFAULT NULL,
  `ar_customer_site_id` int(12) DEFAULT NULL,
  `description` varchar(256) DEFAULT NULL,
  `created_by` int(12) NOT NULL,
  `creation_date` datetime DEFAULT NULL,
  `last_update_by` int(12) NOT NULL,
  `last_update_date` datetime DEFAULT NULL
) ENGINE=InnoDB DEFAULT CHARSET=latin1;

-- --------------------------------------------------------

--
-- Table structure for table `pm_recipe_header`
--

CREATE TABLE `pm_recipe_header` (
  `pm_recipe_header_id` int(12) UNSIGNED NOT NULL,
  `org_id` int(12) NOT NULL,
  `recipe_name` varchar(25) NOT NULL,
  `pm_formula_header_id` varchar(15) DEFAULT NULL,
  `pm_process_routing_header_id` int(12) DEFAULT NULL,
  `revision` varchar(20) DEFAULT NULL,
  `item_id_m` int(12) DEFAULT NULL,
  `status` varchar(20) DEFAULT NULL,
  `recipe_type` varchar(25) DEFAULT NULL,
  `description` varchar(256) DEFAULT NULL,
  `owner_employee_id` int(12) DEFAULT NULL,
  `created_by` int(12) NOT NULL,
  `creation_date` datetime DEFAULT NULL,
  `last_update_by` int(12) NOT NULL,
  `last_update_date` datetime DEFAULT NULL
) ENGINE=InnoDB DEFAULT CHARSET=latin1;

-- --------------------------------------------------------

--
-- Table structure for table `pm_recipe_line`
--

CREATE TABLE `pm_recipe_line` (
  `pm_recipe_line_id` int(12) UNSIGNED NOT NULL,
  `pm_recipe_header_id` int(12) NOT NULL,
  `org_id` int(12) NOT NULL,
  `org_type` varchar(25) DEFAULT NULL,
  `planned_loss` decimal(15,5) DEFAULT NULL,
  `fixed_loss_uom_id` int(12) DEFAULT NULL,
  `fixed_loss` decimal(20,0) DEFAULT NULL,
  `description` varchar(256) DEFAULT NULL,
  `contiguous_cb` tinyint(1) DEFAULT NULL,
  `created_by` int(12) NOT NULL,
  `creation_date` datetime DEFAULT NULL,
  `last_update_by` int(12) NOT NULL,
  `last_update_date` datetime DEFAULT NULL
) ENGINE=InnoDB DEFAULT CHARSET=latin1;

-- --------------------------------------------------------

--
-- Table structure for table `pm_recipe_material_header`
--

CREATE TABLE `pm_recipe_material_header` (
  `pm_recipe_material_header_id` int(12) UNSIGNED NOT NULL,
  `pm_recipe_header_id` int(12) NOT NULL,
  `status` varchar(50) DEFAULT NULL,
  `description` varchar(255) DEFAULT NULL,
  `created_by` int(12) NOT NULL,
  `creation_date` datetime DEFAULT NULL,
  `last_update_by` int(12) NOT NULL,
  `last_update_date` datetime DEFAULT NULL
) ENGINE=InnoDB DEFAULT CHARSET=latin1;

-- --------------------------------------------------------

--
-- Table structure for table `pm_recipe_material_line`
--

CREATE TABLE `pm_recipe_material_line` (
  `pm_recipe_material_line_id` int(12) UNSIGNED NOT NULL,
  `pm_recipe_material_header_id` int(12) NOT NULL,
  `step_no` int(5) NOT NULL,
  `pm_formula_ingredient_id` int(12) DEFAULT NULL,
  `pm_formula_line_id` int(12) DEFAULT NULL,
  `pm_formula_byproduct_id` int(12) DEFAULT NULL,
  `description` varchar(255) DEFAULT NULL,
  `uom_id` int(12) DEFAULT NULL,
  `quantity` decimal(15,5) DEFAULT NULL,
  `pm_process_routing_line_id` int(12) DEFAULT NULL,
  `created_by` int(12) NOT NULL,
  `creation_date` datetime DEFAULT NULL,
  `last_update_by` int(12) NOT NULL,
  `last_update_date` datetime DEFAULT NULL
) ENGINE=InnoDB DEFAULT CHARSET=latin1;

-- --------------------------------------------------------

--
-- Table structure for table `pm_resource_transaction`
--

CREATE TABLE `pm_resource_transaction` (
  `pm_resource_transaction_id` int(12) NOT NULL,
  `pm_batch_header_id` int(12) UNSIGNED NOT NULL,
  `pm_batch_operation_line_id` int(12) UNSIGNED NOT NULL,
  `pm_batch_operation_detail_id` int(12) UNSIGNED NOT NULL,
  `org_id` int(12) UNSIGNED NOT NULL,
  `transaction_type` varchar(50) NOT NULL,
  `transaction_date` date NOT NULL,
  `transaction_quantity` decimal(20,5) NOT NULL,
  `reason` varchar(256) DEFAULT NULL,
  `reference` varchar(256) DEFAULT NULL,
  `scrap_account_id` int(12) DEFAULT NULL,
  `sales_order_header_id` int(12) DEFAULT NULL,
  `sales_order_line_id` int(12) DEFAULT NULL,
  `gl_journal_header_id` int(12) DEFAULT NULL,
  `created_by` int(12) NOT NULL,
  `creation_date` datetime NOT NULL,
  `last_update_by` int(12) NOT NULL,
  `last_update_date` datetime NOT NULL
) ENGINE=InnoDB DEFAULT CHARSET=latin1;

-- --------------------------------------------------------

--
-- Table structure for table `pos_barcode_list_header`
--

CREATE TABLE `pos_barcode_list_header` (
  `pos_barcode_list_header_id` int(12) NOT NULL,
  `list_name` varchar(50) NOT NULL,
  `description` varchar(256) NOT NULL,
  `org_id` int(12) DEFAULT NULL,
  `status` varchar(2) DEFAULT NULL,
  `created_by` int(12) NOT NULL,
  `creation_date` datetime DEFAULT NULL,
  `last_update_by` int(12) NOT NULL,
  `last_update_date` datetime DEFAULT NULL
) ENGINE=InnoDB DEFAULT CHARSET=latin1;

-- --------------------------------------------------------

--
-- Table structure for table `pos_barcode_list_line`
--

CREATE TABLE `pos_barcode_list_line` (
  `pos_barcode_list_line_id` int(12) NOT NULL,
  `pos_barcode_list_header_id` int(12) NOT NULL,
  `item_number` varchar(50) NOT NULL,
  `unit_price` decimal(12,2) DEFAULT NULL,
  `quantity` decimal(12,5) DEFAULT NULL,
  `line_amount` decimal(12,2) DEFAULT NULL,
  `discount_percentage` decimal(5,2) DEFAULT NULL,
  `discount_amount` decimal(12,2) DEFAULT NULL,
  `discount_code` varchar(25) DEFAULT NULL,
  `amount_after_discount` decimal(15,5) DEFAULT NULL,
  `no_of_labels` int(12) DEFAULT NULL,
  `status` varchar(2) DEFAULT NULL,
  `created_by` int(12) NOT NULL,
  `creation_date` datetime DEFAULT NULL,
  `last_update_by` int(12) NOT NULL,
  `last_update_date` datetime DEFAULT NULL
) ENGINE=InnoDB DEFAULT CHARSET=latin1;

-- --------------------------------------------------------

--
-- Table structure for table `pos_inv_control`
--

CREATE TABLE `pos_inv_control` (
  `pos_inv_control_id` int(12) UNSIGNED NOT NULL,
  `org_id` int(12) NOT NULL,
  `cogs_ac_id` int(12) DEFAULT NULL,
  `ar_transaction_type_id` int(12) DEFAULT NULL,
  `customer_id` int(12) DEFAULT NULL,
  `transaction_subinventory_id` int(12) DEFAULT NULL,
  `transaction_locator_id` int(12) DEFAULT NULL,
  `return_subinventory_id` int(12) DEFAULT NULL,
  `return_locator_id` int(12) DEFAULT NULL,
  `item_id_m` int(12) DEFAULT NULL,
  `allow_negative_onhand_cb` tinyint(1) DEFAULT NULL,
  `customer_site_id` int(12) DEFAULT NULL,
  `created_by` int(12) NOT NULL,
  `creation_date` datetime DEFAULT NULL,
  `last_update_by` int(12) NOT NULL,
  `last_update_date` datetime DEFAULT NULL
) ENGINE=InnoDB DEFAULT CHARSET=latin1;

-- --------------------------------------------------------

--
-- Table structure for table `pos_terminal`
--

CREATE TABLE `pos_terminal` (
  `pos_terminal_id` int(12) NOT NULL,
  `sd_store_id` int(12) NOT NULL,
  `location_id` int(12) NOT NULL,
  `terminal_name` varchar(25) NOT NULL,
  `description` varchar(256) DEFAULT NULL,
  `primary_owner_id` int(12) DEFAULT NULL,
  `terminal_type` varchar(25) DEFAULT NULL,
  `status` varchar(20) DEFAULT NULL,
  `refresh_time` int(12) DEFAULT NULL,
  `created_by` int(12) NOT NULL,
  `creation_date` datetime DEFAULT NULL,
  `last_update_by` int(12) NOT NULL,
  `last_update_date` datetime DEFAULT NULL
) ENGINE=InnoDB DEFAULT CHARSET=latin1;

-- --------------------------------------------------------

--
-- Table structure for table `pos_transaction_header`
--

CREATE TABLE `pos_transaction_header` (
  `pos_transaction_header_id` int(12) NOT NULL,
  `terminal_name` varchar(50) NOT NULL,
  `currency_code` varchar(25) DEFAULT NULL,
  `header_amount` decimal(12,2) DEFAULT NULL,
  `tax_amount` decimal(12,2) DEFAULT NULL,
  `discount_amount` decimal(12,2) DEFAULT NULL,
  `total_amount` decimal(12,2) DEFAULT NULL,
  `description` varchar(256) DEFAULT NULL,
  `ar_customer_id` int(12) DEFAULT NULL,
  `ar_customer_site_id` int(12) DEFAULT NULL,
  `created_by` int(12) NOT NULL,
  `creation_date` datetime DEFAULT NULL,
  `last_update_by` int(12) NOT NULL,
  `last_update_date` datetime DEFAULT NULL
) ENGINE=InnoDB DEFAULT CHARSET=latin1;

-- --------------------------------------------------------

--
-- Table structure for table `pos_transaction_line`
--

CREATE TABLE `pos_transaction_line` (
  `pos_transaction_line_id` int(12) NOT NULL,
  `pos_transaction_header_id` int(12) NOT NULL,
  `item_number` varchar(50) CHARACTER SET latin1 NOT NULL,
  `unit_price` decimal(12,2) DEFAULT NULL,
  `quantity` decimal(12,5) DEFAULT NULL,
  `line_amount` decimal(12,2) DEFAULT NULL,
  `discount_percentage` decimal(5,2) DEFAULT NULL,
  `discount_amount` decimal(12,2) DEFAULT NULL,
  `discount_code` varchar(25) CHARACTER SET latin1 DEFAULT NULL,
  `amount_after_discount` decimal(15,5) DEFAULT NULL,
  `status` varchar(2) CHARACTER SET latin1 DEFAULT NULL,
  `created_by` int(12) NOT NULL,
  `creation_date` datetime DEFAULT NULL,
  `last_update_by` int(12) NOT NULL,
  `last_update_date` datetime DEFAULT NULL
) ENGINE=InnoDB DEFAULT CHARSET=utf8;

-- --------------------------------------------------------

--
-- Stand-in structure for view `po_all_v`
--
CREATE TABLE `po_all_v` (
`po_header_id` int(12)
,`bu_org_id` int(12)
,`po_type` varchar(20)
,`po_number` varchar(20)
,`supplier_id` int(12)
,`supplier_site_id` int(12)
,`buyer` varchar(50)
,`currency` varchar(5)
,`doc_currency` varchar(5)
,`header_amount` decimal(20,5)
,`po_status` varchar(20)
,`payment_term_id` int(12)
,`exchange_rate` decimal(20,5)
,`exchange_rate_type` varchar(20)
,`supplier_name` varchar(60)
,`supplier_number` int(12)
,`supplier_site_name` varchar(60)
,`supplier_site_number` int(12)
,`payment_term` varchar(50)
,`payment_term_description` varchar(256)
,`po_line_id` int(12)
,`line_type` varchar(50)
,`po_line_number` int(12)
,`item_id_m` int(12)
,`kit_cb` tinyint(1)
,`revision_name` varchar(10)
,`item_description` varchar(256)
,`line_description` varchar(256)
,`line_quantity` decimal(20,5)
,`unit_price` decimal(20,5)
,`line_price` decimal(20,5)
,`gl_line_price` decimal(15,5)
,`gl_tax_amount` decimal(15,5)
,`item_number` varchar(50)
,`uom_id` int(12)
,`item_status` varchar(15)
,`serial_generation` varchar(25)
,`lot_generation` varchar(25)
,`po_detail_id` int(12)
,`shipment_number` int(12)
,`receving_org_id` int(12)
,`org_id` int(12)
,`subinventory_id` int(12)
,`locator_id` int(12)
,`requestor` varchar(256)
,`quantity` decimal(20,5)
,`received_quantity` bigint(12)
,`open_quantity` decimal(21,5)
,`need_by_date` date
,`promise_date` date
,`accepted_quantity` int(12)
,`delivered_quantity` int(12)
,`invoiced_quantity` int(12)
,`paid_quantity` int(12)
,`charge_ac_id` int(12)
,`accrual_ac_id` int(12)
,`budget_ac_id` int(12)
,`ppv_ac_id` int(12)
,`receving_org` varchar(50)
,`created_by` int(12)
,`creation_date` datetime
,`last_update_by` int(12)
,`last_update_date` datetime
);

-- --------------------------------------------------------

--
-- Table structure for table `po_asl_document`
--

CREATE TABLE `po_asl_document` (
  `po_asl_document_id` int(12) NOT NULL,
  `po_asl_line_id` int(12) NOT NULL,
  `document_type` varchar(25) NOT NULL,
  `document_header_id` int(12) NOT NULL,
  `document_line_id` int(12) DEFAULT NULL,
  `priority` int(5) DEFAULT NULL,
  `start_date` date DEFAULT NULL,
  `end_date` date DEFAULT NULL,
  `created_by` int(12) NOT NULL,
  `creation_date` datetime DEFAULT NULL,
  `last_update_by` int(12) NOT NULL,
  `last_update_date` datetime DEFAULT NULL
) ENGINE=InnoDB DEFAULT CHARSET=latin1;

-- --------------------------------------------------------

--
-- Table structure for table `po_asl_header`
--

CREATE TABLE `po_asl_header` (
  `po_asl_header_id` int(12) NOT NULL,
  `bu_org_id` int(12) DEFAULT NULL,
  `asl_type` varchar(25) NOT NULL,
  `item_id_m` int(12) DEFAULT NULL,
  `item_category_id` int(12) DEFAULT NULL,
  `description` varchar(256) NOT NULL,
  `created_by` int(12) NOT NULL,
  `creation_date` datetime DEFAULT NULL,
  `last_update_by` int(12) NOT NULL,
  `last_update_date` datetime DEFAULT NULL
) ENGINE=InnoDB DEFAULT CHARSET=latin1;

-- --------------------------------------------------------

--
-- Table structure for table `po_asl_line`
--

CREATE TABLE `po_asl_line` (
  `po_asl_line_id` int(12) NOT NULL,
  `po_asl_header_id` int(12) DEFAULT NULL,
  `supplier_id` int(12) NOT NULL,
  `supplier_site_id` int(12) NOT NULL,
  `mfg_part_number` varchar(100) DEFAULT NULL,
  `manufacturer` varchar(100) DEFAULT NULL,
  `business_type` varchar(50) DEFAULT NULL,
  `description` varchar(256) DEFAULT NULL,
  `release_method` varchar(50) DEFAULT NULL,
  `min_order_quantity` decimal(20,5) DEFAULT NULL,
  `fix_lot_multiplier` int(10) DEFAULT NULL,
  `country_of_origin` varchar(25) DEFAULT NULL,
  `status` varchar(25) DEFAULT NULL,
  `created_by` int(12) NOT NULL,
  `creation_date` datetime DEFAULT NULL,
  `last_update_by` int(12) NOT NULL,
  `last_update_date` datetime DEFAULT NULL
) ENGINE=InnoDB DEFAULT CHARSET=latin1;

-- --------------------------------------------------------

--
-- Stand-in structure for view `po_blanket_v`
--
CREATE TABLE `po_blanket_v` (
`po_header_id` int(12)
,`bu_org_id` int(12)
,`po_type` varchar(20)
,`po_number` varchar(20)
,`release_number` int(6)
,`supplier_id` int(12)
,`supplier_site_id` int(12)
,`buyer` varchar(50)
,`currency` varchar(5)
,`header_amount` decimal(20,5)
,`po_status` varchar(20)
,`payment_term_id` int(12)
,`supplier_name` varchar(60)
,`supplier_number` int(12)
,`supplier_site_name` varchar(60)
,`supplier_site_number` int(12)
,`payment_term` varchar(50)
,`payment_term_description` varchar(256)
,`agreement_start_date` date
,`agreement_end_date` date
,`po_line_id` int(12)
,`line_type` varchar(50)
,`po_line_number` int(12)
,`item_id_m` int(12)
,`item_description` varchar(256)
,`line_description` varchar(256)
,`line_quantity` decimal(20,5)
,`unit_price` decimal(20,5)
,`line_price` decimal(20,5)
,`item_number` varchar(50)
,`uom_id` int(12)
,`item_status` varchar(15)
,`po_detail_id` int(12)
,`shipment_number` int(12)
,`receving_org_id` int(12)
,`subinventory_id` int(12)
,`locator_id` int(12)
,`requestor` varchar(256)
,`quantity` decimal(20,5)
,`received_quantity` bigint(12)
,`open_quantity` decimal(21,5)
,`need_by_date` date
,`promise_date` date
,`accepted_quantity` int(12)
,`delivered_quantity` int(12)
,`invoiced_quantity` int(12)
,`paid_quantity` int(12)
,`charge_ac_id` int(12)
,`accrual_ac_id` int(12)
,`budget_ac_id` int(12)
,`ppv_ac_id` int(12)
,`receving_org` varchar(50)
,`created_by` int(12)
,`creation_date` datetime
,`last_update_by` int(12)
,`last_update_date` datetime
);

-- --------------------------------------------------------

--
-- Stand-in structure for view `po_convert_requisition_v`
--
CREATE TABLE `po_convert_requisition_v` (
`po_requisition_header_id` int(12)
,`bu_org_id` int(12)
,`po_requisition_type` varchar(50)
,`po_requisition_number` varchar(50)
,`supplier_id` int(12)
,`supplier_site_id` int(12)
,`buyer` varchar(256)
,`currency` varchar(256)
,`header_amount` decimal(20,5)
,`requisition_status` varchar(50)
,`payment_term_id` bigint(12)
,`supplier_name` varchar(60)
,`supplier_number` int(12)
,`supplier_site_name` varchar(60)
,`supplier_site_number` int(12)
,`supply_org_id` int(12)
,`payment_term` varchar(50)
,`payment_term_description` varchar(256)
,`po_requisition_line_id` int(12)
,`line_type` varchar(50)
,`po_requisition_line_number` int(12)
,`item_id_m` int(12)
,`bpa_po_line_id` int(12)
,`item_description` varchar(256)
,`line_description` varchar(256)
,`line_quantity` decimal(20,5)
,`unit_price` decimal(20,5)
,`line_price` decimal(20,5)
,`receving_org_id` int(12)
,`item_number` varchar(50)
,`uom_id` int(12)
,`item_status` varchar(15)
,`po_requisition_detail_id` int(12)
,`shipment_number` int(12)
,`subinventory_id` int(12)
,`locator_id` int(12)
,`requestor` varchar(256)
,`quantity` decimal(20,5)
,`need_by_date` date
,`promise_date` date
,`received_quantity` int(12)
,`accepted_quantity` int(12)
,`delivered_quantity` int(12)
,`invoiced_quantity` int(12)
,`paid_quantity` int(12)
,`order_number` varchar(50)
,`ship_to_org` varchar(50)
,`created_by` int(12)
,`creation_date` datetime
,`last_update_by` int(12)
,`last_update_date` datetime
);

-- --------------------------------------------------------

--
-- Table structure for table `po_detail`
--

CREATE TABLE `po_detail` (
  `po_detail_id` int(12) NOT NULL,
  `po_line_id` int(12) NOT NULL,
  `po_header_id` int(12) NOT NULL,
  `shipment_number` int(12) NOT NULL,
  `subinventory_id` int(12) DEFAULT NULL,
  `locator_id` int(12) DEFAULT NULL,
  `invoice_match_type` varchar(25) DEFAULT 'TWO_WAY',
  `requestor` varchar(256) DEFAULT NULL,
  `ship_to_location_id` int(12) DEFAULT NULL,
  `uom` int(12) DEFAULT NULL,
  `quantity` decimal(20,5) DEFAULT NULL,
  `need_by_date` date NOT NULL,
  `promise_date` date DEFAULT NULL,
  `charge_ac_id` int(12) DEFAULT NULL,
  `accrual_ac_id` int(12) DEFAULT NULL,
  `budget_ac_id` int(12) DEFAULT NULL,
  `ppv_ac_id` int(12) DEFAULT NULL,
  `received_quantity` int(12) DEFAULT NULL,
  `accepted_quantity` int(12) DEFAULT NULL,
  `delivered_quantity` int(12) DEFAULT NULL,
  `invoiced_quantity` int(12) DEFAULT NULL,
  `paid_quantity` int(12) DEFAULT NULL,
  `ef_id` int(12) DEFAULT NULL,
  `status` varchar(50) DEFAULT NULL,
  `created_by` int(12) NOT NULL,
  `creation_date` datetime NOT NULL,
  `last_update_by` int(12) NOT NULL,
  `last_update_date` datetime NOT NULL
) ENGINE=InnoDB DEFAULT CHARSET=latin1;

-- --------------------------------------------------------

--
-- Stand-in structure for view `po_document_v`
--
CREATE TABLE `po_document_v` (
`po_header_id` int(12)
,`bu_org_id` int(12)
,`po_type` varchar(20)
,`po_number` varchar(20)
,`supplier_id` int(12)
,`supplier_site_id` int(12)
,`buyer` varchar(50)
,`currency` varchar(5)
,`header_amount` decimal(20,5)
,`po_status` varchar(20)
,`payment_term_id` int(12)
,`supplier_name` varchar(60)
,`supplier_number` int(12)
,`supplier_site_name` varchar(60)
,`supplier_site_number` int(12)
,`payment_term` varchar(50)
,`payment_term_description` varchar(256)
,`po_line_id` int(12)
,`line_type` varchar(50)
,`po_line_number` int(12)
,`item_id_m` int(12)
,`item_description` varchar(256)
,`line_description` varchar(256)
,`line_quantity` decimal(20,5)
,`unit_price` decimal(20,5)
,`line_price` decimal(20,5)
,`item_number` varchar(50)
,`uom_id` int(12)
,`item_status` varchar(15)
,`po_detail_id` int(12)
,`shipment_number` int(12)
,`receving_org_id` int(12)
,`subinventory_id` int(12)
,`locator_id` int(12)
,`requestor` varchar(256)
,`quantity` decimal(20,5)
,`received_quantity` bigint(12)
,`open_quantity` decimal(21,5)
,`need_by_date` date
,`promise_date` date
,`accepted_quantity` int(12)
,`delivered_quantity` int(12)
,`invoiced_quantity` int(12)
,`paid_quantity` int(12)
,`charge_ac_id` int(12)
,`accrual_ac_id` int(12)
,`budget_ac_id` int(12)
,`ppv_ac_id` int(12)
,`receving_org` varchar(50)
,`created_by` int(12)
,`creation_date` datetime
,`last_update_by` int(12)
,`last_update_date` datetime
);

-- --------------------------------------------------------

--
-- Table structure for table `po_header`
--

CREATE TABLE `po_header` (
  `po_header_id` int(12) NOT NULL,
  `bu_org_id` int(12) NOT NULL,
  `ref_po_header_id` int(12) DEFAULT NULL,
  `release_number` int(6) DEFAULT NULL,
  `po_type` varchar(20) NOT NULL,
  `po_number` varchar(20) DEFAULT NULL,
  `supplier_id` int(12) NOT NULL,
  `supplier_site_id` int(12) NOT NULL,
  `buyer` varchar(50) DEFAULT NULL,
  `hr_employee_id` int(12) DEFAULT NULL,
  `description` varchar(255) DEFAULT NULL,
  `ship_to_id` int(12) DEFAULT NULL,
  `bill_to_id` int(12) DEFAULT NULL,
  `header_amount` decimal(20,5) DEFAULT NULL,
  `tax_amount` decimal(20,5) DEFAULT NULL,
  `price_list_header_id` int(12) DEFAULT NULL,
  `currency` varchar(5) NOT NULL,
  `doc_currency` varchar(5) NOT NULL,
  `payment_term_id` int(12) NOT NULL,
  `agreement_start_date` date DEFAULT NULL,
  `agreement_end_date` date DEFAULT NULL,
  `exchange_rate_type` varchar(20) DEFAULT NULL,
  `exchange_rate` decimal(20,5) DEFAULT NULL,
  `ef_id` int(12) DEFAULT NULL,
  `po_status` varchar(20) NOT NULL,
  `created_by` int(12) NOT NULL,
  `creation_date` datetime NOT NULL,
  `last_update_by` int(12) NOT NULL,
  `last_update_date` datetime NOT NULL,
  `multi_bu_cb` tinyint(1) DEFAULT NULL,
  `rev_number` int(12) DEFAULT NULL
) ENGINE=InnoDB DEFAULT CHARSET=latin1;

-- --------------------------------------------------------

--
-- Table structure for table `po_line`
--

CREATE TABLE `po_line` (
  `po_line_id` int(12) NOT NULL,
  `po_header_id` int(12) NOT NULL,
  `line_number` int(12) NOT NULL,
  `bpa_line_id` int(12) DEFAULT NULL,
  `receving_org_id` int(12) NOT NULL,
  `item_id_m` int(12) NOT NULL,
  `revision_name` varchar(10) DEFAULT NULL,
  `item_description` varchar(256) NOT NULL,
  `line_quantity` decimal(20,5) DEFAULT NULL,
  `price_list_header_id` int(12) DEFAULT NULL,
  `price_date` date DEFAULT NULL,
  `unit_price` decimal(20,5) DEFAULT NULL,
  `line_price` decimal(20,5) DEFAULT NULL,
  `tax_code_id` int(12) DEFAULT NULL,
  `tax_amount` decimal(20,5) DEFAULT NULL,
  `gl_line_price` decimal(15,5) DEFAULT NULL,
  `gl_tax_amount` decimal(15,5) DEFAULT NULL,
  `exchange_rate` decimal(20,5) DEFAULT NULL,
  `reference_doc_type` varchar(50) DEFAULT NULL,
  `reference_doc_number` int(12) DEFAULT NULL,
  `line_type` varchar(50) NOT NULL,
  `line_description` varchar(256) DEFAULT NULL,
  `uom_id` int(12) DEFAULT NULL,
  `kit_configured_cb` tinyint(1) DEFAULT NULL,
  `hold_cb` tinyint(1) DEFAULT NULL,
  `kit_cb` tinyint(1) DEFAULT NULL,
  `status` varchar(50) DEFAULT NULL,
  `created_by` int(12) NOT NULL,
  `creation_date` datetime NOT NULL,
  `last_update_by` int(12) NOT NULL,
  `last_update_date` datetime NOT NULL,
  `rev_enabled_cb` tinyint(1) DEFAULT NULL,
  `rev_number` int(12) DEFAULT NULL
) ENGINE=InnoDB DEFAULT CHARSET=latin1;

-- --------------------------------------------------------

--
-- Table structure for table `po_purchasing_control`
--

CREATE TABLE `po_purchasing_control` (
  `po_purchasing_control_id` int(12) UNSIGNED NOT NULL,
  `org_id` int(12) NOT NULL,
  `payment_term_id` int(12) DEFAULT NULL,
  `ship_to_id` int(12) DEFAULT NULL,
  `bill_to_id` int(12) DEFAULT NULL,
  `po_approval_hierarchy` varchar(25) DEFAULT NULL,
  `req_approval_hierarchy` varchar(25) DEFAULT NULL,
  `tax_ac_id` int(12) NOT NULL,
  `ef_id` int(12) DEFAULT NULL,
  `rev_enabled` varchar(50) DEFAULT NULL,
  `rev_number` int(12) DEFAULT NULL,
  `created_by` int(12) NOT NULL,
  `creation_date` datetime DEFAULT NULL,
  `last_update_by` int(12) NOT NULL,
  `last_update_date` datetime DEFAULT NULL
) ENGINE=InnoDB DEFAULT CHARSET=latin1;

--
-- Dumping data for table `po_purchasing_control`
--

INSERT INTO `po_purchasing_control` (`po_purchasing_control_id`, `org_id`, `payment_term_id`, `ship_to_id`, `bill_to_id`, `po_approval_hierarchy`, `req_approval_hierarchy`, `tax_ac_id`, `ef_id`, `rev_enabled`, `rev_number`, `created_by`, `creation_date`, `last_update_by`, `last_update_date`) VALUES
(1, 5, 1, 88, 89, 'SUPERVISOR', 'SUPERVISOR', 127, NULL, NULL, 1, 0, '2014-09-07 00:00:00', 34, '2015-02-27 13:24:01'),
(5, 8, 6, 80, NULL, 'SUPERVISOR', NULL, 127, NULL, NULL, NULL, 0, '2014-09-07 00:00:00', 34, '2015-07-21 06:34:37'),
(6, 10, 2, 86, 86, 'SUPERVISOR', 'SUPERVISOR', 99, NULL, NULL, NULL, 0, '2014-09-07 00:00:00', 0, '2014-09-07 00:00:00');

-- --------------------------------------------------------

--
-- Table structure for table `po_quote_detail`
--

CREATE TABLE `po_quote_detail` (
  `po_quote_detail_id` int(12) NOT NULL,
  `po_quote_header_id` int(12) NOT NULL,
  `po_quote_line_id` int(12) NOT NULL,
  `po_rfq_detail_id` int(12) NOT NULL,
  `requirement_value` text,
  `created_by` int(12) NOT NULL,
  `creation_date` datetime NOT NULL,
  `last_update_by` int(12) NOT NULL,
  `last_update_date` datetime NOT NULL
) ENGINE=InnoDB DEFAULT CHARSET=latin1 COMMENT='Storing quote details/requirements';

-- --------------------------------------------------------

--
-- Table structure for table `po_quote_header`
--

CREATE TABLE `po_quote_header` (
  `po_quote_header_id` int(12) NOT NULL,
  `po_rfq_header_id` int(12) NOT NULL,
  `quote_number` int(12) DEFAULT NULL,
  `supplier_site_id` int(12) DEFAULT NULL,
  `supplier_id` int(12) DEFAULT NULL,
  `supplier_quote` varchar(25) DEFAULT NULL,
  `quote_type` varchar(25) DEFAULT NULL,
  `buyer` varchar(256) DEFAULT NULL,
  `description` text,
  `ship_to_id` int(12) DEFAULT NULL,
  `bill_to_id` int(12) DEFAULT NULL,
  `currency` varchar(5) NOT NULL,
  `payment_term_id` int(12) NOT NULL,
  `effective_start_date` date DEFAULT NULL,
  `effective_end_date` date DEFAULT NULL,
  `valid_date` date DEFAULT NULL,
  `quote_status` varchar(25) DEFAULT NULL,
  `active_cb` tinyint(1) DEFAULT NULL,
  `created_by` int(12) NOT NULL,
  `creation_date` datetime NOT NULL,
  `last_update_by` int(12) NOT NULL,
  `last_update_date` datetime NOT NULL
) ENGINE=InnoDB DEFAULT CHARSET=latin1;

-- --------------------------------------------------------

--
-- Table structure for table `po_quote_line`
--

CREATE TABLE `po_quote_line` (
  `po_quote_line_id` int(12) NOT NULL,
  `po_quote_header_id` int(12) NOT NULL,
  `po_rfq_line_id` int(12) NOT NULL,
  `line_number` int(12) NOT NULL,
  `item_id_m` int(12) DEFAULT NULL,
  `item_description` varchar(256) NOT NULL,
  `mfg_part_number` varchar(50) DEFAULT NULL,
  `manufacturer` varchar(50) DEFAULT NULL,
  `supplier_part_number` varchar(50) DEFAULT NULL,
  `minimum_agreement_quantity` decimal(20,5) DEFAULT NULL,
  `minimum_order_quantity` decimal(20,5) DEFAULT NULL,
  `fix_lot_multiplier` int(12) DEFAULT NULL,
  `daily_capacity` decimal(20,5) DEFAULT NULL,
  `processing_lead_time` int(12) DEFAULT NULL,
  `replenishment_lead_time` int(12) DEFAULT NULL,
  `uom_id` int(12) DEFAULT NULL,
  `quote_unit_price` decimal(20,5) DEFAULT NULL,
  `status` varchar(50) DEFAULT NULL,
  `created_by` int(12) NOT NULL,
  `creation_date` datetime NOT NULL,
  `last_update_by` int(12) NOT NULL,
  `last_update_date` datetime NOT NULL
) ENGINE=InnoDB DEFAULT CHARSET=latin1;

-- --------------------------------------------------------

--
-- Stand-in structure for view `po_receive_requisition_v`
--
CREATE TABLE `po_receive_requisition_v` (
`po_requisition_detail_id` int(12)
,`po_requisition_line_id` int(12)
,`po_requisition_header_id` int(12)
,`shipment_number` int(12)
,`subinventory_id` int(12)
,`locator_id` int(12)
,`req_quantity` decimal(20,5)
,`delivered_quantity` int(12)
,`req_line_number` int(12)
,`receving_org_id` int(12)
,`item_id_m` int(12)
,`item_number` varchar(50)
,`item_description` varchar(256)
,`line_description` varchar(256)
,`bu_org_id` int(12)
,`po_requisition_type` varchar(50)
,`po_requisition_number` varchar(50)
,`supply_org_id` int(12)
,`requisition_status` varchar(50)
,`uom_id` varchar(25)
,`sd_so_line_id` int(12)
,`sd_so_header_id` int(12)
,`so_line_number` int(12)
,`iso_line_quantity` decimal(20,5)
,`iso_shipped_quantity` decimal(15,5)
,`so_line_status` varchar(25)
,`so_number` varchar(50)
,`document_type` int(12)
,`order_source_type` varchar(25)
,`so_status` varchar(25)
);

-- --------------------------------------------------------

--
-- Stand-in structure for view `po_requisition_all_v`
--
CREATE TABLE `po_requisition_all_v` (
`po_requisition_header_id` int(12)
,`bu_org_id` int(12)
,`po_requisition_type` varchar(50)
,`po_requisition_number` varchar(50)
,`supplier_id` int(12)
,`supplier_site_id` int(12)
,`buyer` varchar(256)
,`currency` varchar(256)
,`header_amount` decimal(20,5)
,`requisition_status` varchar(50)
,`payment_term_id` int(12)
,`supplier_name` varchar(60)
,`supplier_number` int(12)
,`supplier_site_name` varchar(60)
,`supplier_site_number` int(12)
,`payment_term` varchar(50)
,`payment_term_description` varchar(256)
,`po_requisition_line_id` int(12)
,`line_type` varchar(50)
,`po_requisition_line_number` int(12)
,`item_id_m` int(12)
,`item_description` varchar(256)
,`line_description` varchar(256)
,`line_quantity` decimal(20,5)
,`unit_price` decimal(20,5)
,`line_price` decimal(20,5)
,`item_number` varchar(50)
,`uom_id` int(12)
,`item_status` varchar(15)
,`po_requisition_detail_id` int(12)
,`shipment_number` int(12)
,`ship_to_inventory` varchar(50)
,`subinventory_id` int(12)
,`locator_id` int(12)
,`requestor` varchar(256)
,`quantity` decimal(20,5)
,`need_by_date` date
,`promise_date` date
,`received_quantity` int(12)
,`accepted_quantity` int(12)
,`delivered_quantity` int(12)
,`invoiced_quantity` int(12)
,`paid_quantity` int(12)
,`order_number` varchar(50)
,`ship_to_org` varchar(50)
,`created_by` int(12)
,`creation_date` datetime
,`last_update_by` int(12)
,`last_update_date` datetime
);

-- --------------------------------------------------------

--
-- Table structure for table `po_requisition_detail`
--

CREATE TABLE `po_requisition_detail` (
  `po_requisition_detail_id` int(12) NOT NULL,
  `po_requisition_line_id` int(12) NOT NULL,
  `po_requisition_header_id` int(12) NOT NULL,
  `shipment_number` int(12) NOT NULL,
  `subinventory_id` int(12) DEFAULT NULL,
  `locator_id` int(12) DEFAULT NULL,
  `requestor` varchar(256) DEFAULT NULL,
  `ship_to_location_id` int(12) DEFAULT NULL,
  `uom` int(12) DEFAULT NULL,
  `quantity` decimal(20,5) DEFAULT NULL,
  `need_by_date` date NOT NULL,
  `promise_date` date DEFAULT NULL,
  `charge_ac_id` int(12) DEFAULT NULL,
  `accrual_ac_id` int(12) DEFAULT NULL,
  `budget_ac_id` int(12) DEFAULT NULL,
  `ppv_ac_id` int(12) DEFAULT NULL,
  `ir_status` varchar(25) DEFAULT NULL,
  `received_quantity` int(12) DEFAULT NULL,
  `accepted_quantity` int(12) DEFAULT NULL,
  `delivered_quantity` int(12) DEFAULT NULL,
  `invoiced_quantity` int(12) DEFAULT NULL,
  `paid_quantity` int(12) DEFAULT NULL,
  `ef_id` int(12) DEFAULT NULL,
  `status` varchar(50) DEFAULT NULL,
  `ship_to_inventory` varchar(50) DEFAULT NULL,
  `order_number` varchar(50) DEFAULT NULL,
  `order_type` varchar(30) DEFAULT NULL,
  `created_by` int(12) NOT NULL,
  `creation_date` datetime NOT NULL,
  `last_update_by` int(12) NOT NULL,
  `last_update_date` datetime NOT NULL
) ENGINE=InnoDB DEFAULT CHARSET=latin1;

-- --------------------------------------------------------

--
-- Table structure for table `po_requisition_header`
--

CREATE TABLE `po_requisition_header` (
  `po_requisition_header_id` int(12) NOT NULL,
  `bu_org_id` int(12) NOT NULL,
  `po_requisition_type` varchar(50) NOT NULL,
  `po_requisition_number` varchar(50) DEFAULT NULL,
  `supplier_id` int(12) DEFAULT NULL,
  `supplier_site_id` int(12) DEFAULT NULL,
  `buyer` varchar(256) DEFAULT NULL,
  `description` varchar(256) DEFAULT NULL,
  `ship_to_id` int(12) DEFAULT NULL,
  `bill_to_id` int(12) DEFAULT NULL,
  `header_amount` decimal(20,5) DEFAULT NULL,
  `currency` varchar(256) DEFAULT NULL,
  `payment_term_id` int(12) DEFAULT NULL,
  `exchange_rate_type` varchar(50) DEFAULT NULL,
  `exchange_rate` decimal(20,5) DEFAULT NULL,
  `released_amount` decimal(5,5) DEFAULT NULL,
  `supply_org_id` int(12) DEFAULT NULL,
  `requisition_status` varchar(50) NOT NULL,
  `created_by` int(12) NOT NULL,
  `creation_date` datetime NOT NULL,
  `last_update_by` int(12) NOT NULL,
  `last_update_date` datetime NOT NULL,
  `rev_enabled_cb` tinyint(1) DEFAULT NULL,
  `rev_number` int(12) DEFAULT NULL
) ENGINE=InnoDB DEFAULT CHARSET=latin1;

-- --------------------------------------------------------

--
-- Table structure for table `po_requisition_interface`
--

CREATE TABLE `po_requisition_interface` (
  `po_requisition_interface_id` int(12) NOT NULL,
  `bu_org_id` int(12) NOT NULL,
  `po_requisition_type` varchar(50) NOT NULL,
  `receving_org_id` int(12) DEFAULT NULL,
  `supplier_id` int(12) DEFAULT NULL,
  `supplier_site_id` int(12) DEFAULT NULL,
  `buyer` varchar(256) DEFAULT NULL,
  `description` varchar(256) DEFAULT NULL,
  `line_type` varchar(25) NOT NULL,
  `item_id_m` int(12) DEFAULT NULL,
  `bpa_po_line_id` int(12) DEFAULT NULL,
  `item_description` varchar(256) NOT NULL,
  `currency` varchar(256) DEFAULT NULL,
  `uom_id` int(12) DEFAULT NULL,
  `quantity` decimal(20,5) NOT NULL,
  `unit_price` decimal(20,5) NOT NULL,
  `need_by_date` date NOT NULL,
  `reference_type` varchar(25) DEFAULT NULL,
  `reference_key_name` varchar(25) DEFAULT NULL,
  `reference_key_value` int(12) DEFAULT NULL,
  `requisition_status` varchar(50) NOT NULL,
  `created_by` int(12) NOT NULL,
  `creation_date` datetime NOT NULL,
  `last_update_by` int(12) NOT NULL,
  `last_update_date` datetime NOT NULL
) ENGINE=InnoDB DEFAULT CHARSET=latin1;

-- --------------------------------------------------------

--
-- Table structure for table `po_requisition_line`
--

CREATE TABLE `po_requisition_line` (
  `po_requisition_line_id` int(12) NOT NULL,
  `po_requisition_header_id` int(12) NOT NULL,
  `line_number` int(12) NOT NULL,
  `receving_org_id` int(12) DEFAULT NULL,
  `item_id_m` int(12) DEFAULT NULL,
  `bpa_po_line_id` int(12) DEFAULT NULL,
  `item_description` varchar(256) NOT NULL,
  `line_quantity` decimal(20,5) DEFAULT NULL,
  `unit_price` decimal(20,5) DEFAULT NULL,
  `line_price` decimal(20,5) DEFAULT NULL,
  `reference_doc_type` int(12) DEFAULT NULL,
  `reference_doc_number` int(12) DEFAULT NULL,
  `price_list_header_id` int(12) DEFAULT NULL,
  `price_date` text,
  `line_type` varchar(50) NOT NULL,
  `line_description` varchar(256) DEFAULT NULL,
  `uom_id` int(12) DEFAULT NULL,
  `ef_id` int(12) DEFAULT NULL,
  `status` varchar(50) DEFAULT NULL,
  `created_by` int(12) NOT NULL,
  `creation_date` datetime NOT NULL,
  `last_update_by` int(12) NOT NULL,
  `last_update_date` datetime NOT NULL,
  `rev_enabled_cb` tinyint(1) DEFAULT NULL,
  `rev_number` int(12) DEFAULT NULL
) ENGINE=InnoDB DEFAULT CHARSET=latin1;

-- --------------------------------------------------------

--
-- Table structure for table `po_rfq_detail`
--

CREATE TABLE `po_rfq_detail` (
  `po_rfq_detail_id` int(12) NOT NULL,
  `po_rfq_header_id` int(11) NOT NULL,
  `po_rfq_line_id` int(11) NOT NULL,
  `reference_table` varchar(50) DEFAULT NULL,
  `reference_id` int(12) DEFAULT NULL,
  `requirement_number` int(12) NOT NULL,
  `requirement_name` varchar(256) DEFAULT NULL,
  `requirement_type` varchar(50) DEFAULT NULL,
  `max_evaludation_points` int(12) DEFAULT NULL,
  `target_value` varchar(256) DEFAULT NULL,
  `description` text,
  `created_by` int(12) NOT NULL,
  `creation_date` datetime NOT NULL,
  `last_update_by` int(12) NOT NULL,
  `last_update_date` datetime NOT NULL
) ENGINE=InnoDB DEFAULT CHARSET=latin1;

-- --------------------------------------------------------

--
-- Table structure for table `po_rfq_header`
--

CREATE TABLE `po_rfq_header` (
  `po_rfq_header_id` int(12) NOT NULL,
  `bu_org_id` int(12) NOT NULL,
  `rfq_number` int(12) DEFAULT NULL,
  `rfq_name` varchar(50) NOT NULL,
  `security_level` varchar(25) DEFAULT NULL,
  `outcome` varchar(25) DEFAULT NULL,
  `rfq_type` varchar(25) DEFAULT NULL,
  `buyer` varchar(256) DEFAULT NULL,
  `description` text,
  `ship_to_id` int(12) DEFAULT NULL,
  `bill_to_id` int(12) DEFAULT NULL,
  `currency` varchar(5) NOT NULL,
  `doc_currency` varchar(5) NOT NULL,
  `payment_term_id` int(12) NOT NULL,
  `effective_start_date` date DEFAULT NULL,
  `effective_end_date` date DEFAULT NULL,
  `exchange_rate_type` varchar(50) DEFAULT NULL,
  `exchange_rate` decimal(20,5) DEFAULT NULL,
  `due_date` int(12) DEFAULT NULL,
  `rfq_status` varchar(50) NOT NULL,
  `created_by` int(12) NOT NULL,
  `creation_date` datetime NOT NULL,
  `last_update_by` int(12) NOT NULL,
  `last_update_date` datetime NOT NULL
) ENGINE=InnoDB DEFAULT CHARSET=latin1;

-- --------------------------------------------------------

--
-- Table structure for table `po_rfq_line`
--

CREATE TABLE `po_rfq_line` (
  `po_rfq_line_id` int(12) NOT NULL,
  `po_rfq_header_id` int(12) NOT NULL,
  `line_number` int(12) NOT NULL,
  `mfg_part_number` varchar(50) DEFAULT NULL,
  `manufacturer` varchar(50) DEFAULT NULL,
  `item_id_m` int(12) DEFAULT NULL,
  `item_description` varchar(256) NOT NULL,
  `minimum_quantity` decimal(20,5) DEFAULT NULL,
  `maximum_quantity` decimal(20,5) DEFAULT NULL,
  `target_price` decimal(20,5) DEFAULT NULL,
  `unit_price` decimal(20,5) DEFAULT NULL,
  `reference_doc_number` int(12) DEFAULT NULL,
  `line_type` varchar(50) NOT NULL,
  `line_description` varchar(256) DEFAULT NULL,
  `notes_from_supplier` text,
  `uom_id` int(12) DEFAULT NULL,
  `status` varchar(50) DEFAULT NULL,
  `created_by` int(12) NOT NULL,
  `creation_date` datetime NOT NULL,
  `last_update_by` int(12) NOT NULL,
  `last_update_date` datetime NOT NULL
) ENGINE=InnoDB DEFAULT CHARSET=latin1;

-- --------------------------------------------------------

--
-- Table structure for table `po_sourcing_rule_header`
--

CREATE TABLE `po_sourcing_rule_header` (
  `po_sourcing_rule_header_id` int(12) NOT NULL,
  `sourcing_rule` varchar(25) NOT NULL,
  `description` varchar(256) NOT NULL,
  `status` varchar(25) DEFAULT NULL,
  `created_by` int(12) NOT NULL,
  `creation_date` datetime DEFAULT NULL,
  `last_update_by` int(12) NOT NULL,
  `last_update_date` datetime DEFAULT NULL
) ENGINE=InnoDB DEFAULT CHARSET=latin1;

-- --------------------------------------------------------

--
-- Table structure for table `po_sourcing_rule_line`
--

CREATE TABLE `po_sourcing_rule_line` (
  `po_sourcing_rule_line_id` int(12) NOT NULL,
  `po_sourcing_rule_header_id` int(12) NOT NULL,
  `sourcing_type` varchar(25) NOT NULL,
  `source_from_org_id` int(12) DEFAULT NULL,
  `supplier_id` int(12) DEFAULT NULL,
  `supplier_site_id` int(12) DEFAULT NULL,
  `allocation` decimal(10,5) DEFAULT NULL,
  `rank` int(5) NOT NULL,
  `transit_time` int(5) DEFAULT NULL,
  `created_by` int(12) NOT NULL,
  `creation_date` datetime DEFAULT NULL,
  `last_update_by` int(12) NOT NULL,
  `last_update_date` datetime DEFAULT NULL
) ENGINE=InnoDB DEFAULT CHARSET=latin1;

-- --------------------------------------------------------

--
-- Table structure for table `prj_agreement_header`
--

CREATE TABLE `prj_agreement_header` (
  `prj_agreement_header_id` int(12) NOT NULL,
  `bu_org_id` int(12) NOT NULL,
  `agreement_type` varchar(25) DEFAULT NULL,
  `agreement_number` varchar(25) DEFAULT NULL,
  `ar_customer_id` int(12) DEFAULT NULL,
  `ar_customer_site_id` int(12) DEFAULT NULL,
  `admin_employee_id` int(12) DEFAULT NULL,
  `description` varchar(256) DEFAULT NULL,
  `payment_term_id` int(12) DEFAULT NULL,
  `start_date` date DEFAULT NULL,
  `end_date` date DEFAULT NULL,
  `header_amount` decimal(20,5) DEFAULT NULL,
  `currency` varchar(25) DEFAULT NULL,
  `doc_currency` varchar(25) DEFAULT NULL,
  `exchange_rate_type` varchar(25) DEFAULT NULL,
  `exchange_rate` decimal(15,5) DEFAULT NULL,
  `r_hard_limt_cb` tinyint(1) DEFAULT NULL,
  `i_hard_limt_cb` tinyint(1) DEFAULT NULL,
  `advanced_required_cb` tinyint(1) DEFAULT NULL,
  `created_by` int(12) NOT NULL,
  `creation_date` datetime NOT NULL,
  `last_update_by` int(12) NOT NULL,
  `last_update_date` datetime NOT NULL
) ENGINE=InnoDB DEFAULT CHARSET=latin1;

-- --------------------------------------------------------

--
-- Table structure for table `prj_agreement_line`
--

CREATE TABLE `prj_agreement_line` (
  `prj_agreement_line_id` int(12) NOT NULL,
  `prj_agreement_header_id` int(12) NOT NULL,
  `prj_project_header_id` int(12) NOT NULL,
  `prj_project_line_id` int(12) DEFAULT NULL,
  `allocation_date` date DEFAULT NULL,
  `allocation_amount` decimal(15,5) DEFAULT NULL,
  `classification` varchar(25) DEFAULT NULL,
  `description` varchar(256) DEFAULT NULL,
  `created_by` int(12) NOT NULL,
  `creation_date` datetime NOT NULL,
  `last_update_by` int(12) NOT NULL,
  `last_update_date` datetime NOT NULL
) ENGINE=InnoDB DEFAULT CHARSET=latin1;

-- --------------------------------------------------------

--
-- Table structure for table `prj_bem`
--

CREATE TABLE `prj_bem` (
  `prj_bem_id` int(12) UNSIGNED NOT NULL,
  `bem` varchar(25) NOT NULL,
  `description` varchar(255) DEFAULT NULL,
  `budget_entry_level` varchar(25) DEFAULT NULL,
  `effective_from` date DEFAULT NULL,
  `effective_to` date DEFAULT NULL,
  `quantity_cost_cb` tinyint(1) DEFAULT NULL,
  `raw_cost_cb` tinyint(1) DEFAULT NULL,
  `burdened_cost_cb` tinyint(1) DEFAULT NULL,
  `revenue_cb` tinyint(1) DEFAULT NULL,
  `quantity_revenue_cb` tinyint(1) DEFAULT NULL,
  `time_phased_by` varchar(25) DEFAULT NULL,
  `categorized_by_resource_cb` tinyint(1) DEFAULT NULL,
  `created_by` int(12) NOT NULL,
  `creation_date` datetime DEFAULT NULL,
  `last_update_by` int(12) NOT NULL,
  `last_update_date` datetime DEFAULT NULL
) ENGINE=InnoDB DEFAULT CHARSET=latin1;

--
-- Dumping data for table `prj_bem`
--

INSERT INTO `prj_bem` (`prj_bem_id`, `bem`, `description`, `budget_entry_level`, `effective_from`, `effective_to`, `quantity_cost_cb`, `raw_cost_cb`, `burdened_cost_cb`, `revenue_cb`, `quantity_revenue_cb`, `time_phased_by`, `categorized_by_resource_cb`, `created_by`, `creation_date`, `last_update_by`, `last_update_date`) VALUES
(1, 'Lowest Task,Date Range', 'Budgeting by lowest level tasks and a given date range , categorized by Resources', 'LOWEST_TASK', NULL, NULL, 1, 1, 1, 1, 1, 'DATE_RANGE', NULL, 34, '2015-07-04 17:57:28', 34, '2015-07-04 17:57:28'),
(2, 'By Lowest Task,GL Period', 'Budgeting by lowest tasks & GL period ', 'LOWEST_TASK', NULL, NULL, 1, 1, 1, 1, 1, 'GL_PERIOD', NULL, 34, '2015-07-04 17:59:31', 34, '2015-07-04 17:59:31'),
(3, 'Top Task, GL Period', 'By Top Task and GL Period', 'TOP_TASK', NULL, NULL, 1, 1, 1, 1, 1, 'GL_PERIOD', NULL, 34, '2015-07-04 18:00:11', 34, '2015-07-04 18:00:11'),
(4, 'Top Task,  Date Range', 'By Top Task and GL Period', 'TOP_TASK', NULL, NULL, 1, 1, 1, 1, 1, 'DATE_RANGE', NULL, 34, '2015-07-04 18:01:04', 34, '2015-07-04 18:01:04'),
(5, 'Project,  Date Range', 'Project,  Date Range', 'PROJECT', NULL, NULL, 1, 1, 1, 1, 1, 'DATE_RANGE', NULL, 34, '2015-07-04 18:01:33', 34, '2015-07-04 18:01:33'),
(6, 'Project,  GL Period', 'Project,  GL Period', 'PROJECT', NULL, NULL, 1, 1, 1, 1, 1, 'GL_PERIOD', NULL, 34, '2015-07-04 18:01:59', 34, '2015-07-04 18:01:59');

-- --------------------------------------------------------

--
-- Table structure for table `prj_budget_detail`
--

CREATE TABLE `prj_budget_detail` (
  `prj_budget_detail_id` int(12) UNSIGNED NOT NULL,
  `prj_budget_line_id` int(12) DEFAULT NULL,
  `prj_budget_header_id` int(12) DEFAULT NULL,
  `description` varchar(255) DEFAULT NULL,
  `gl_period_id` int(12) DEFAULT NULL,
  `start_date` date DEFAULT NULL,
  `end_date` date DEFAULT NULL,
  `quantity` decimal(15,5) DEFAULT NULL,
  `raw_cost` decimal(15,5) DEFAULT NULL,
  `burdened_cost` decimal(15,5) DEFAULT NULL,
  `revenue_quantity` decimal(15,5) DEFAULT NULL,
  `revenue_amount` decimal(15,5) DEFAULT NULL,
  `created_by` int(12) NOT NULL,
  `creation_date` datetime DEFAULT NULL,
  `last_update_by` int(12) NOT NULL,
  `last_update_date` datetime DEFAULT NULL
) ENGINE=InnoDB DEFAULT CHARSET=latin1;

-- --------------------------------------------------------

--
-- Table structure for table `prj_budget_header`
--

CREATE TABLE `prj_budget_header` (
  `prj_budget_header_id` int(12) UNSIGNED NOT NULL,
  `budget_type` varchar(25) DEFAULT NULL,
  `prj_project_header_id` int(12) NOT NULL,
  `prj_project_line_id` int(12) DEFAULT NULL,
  `version_number` int(3) NOT NULL,
  `version_name` varchar(25) NOT NULL,
  `description` varchar(255) DEFAULT NULL,
  `status` varchar(25) DEFAULT NULL,
  `raw_cost` decimal(15,5) DEFAULT NULL,
  `burdened_cost` decimal(15,5) DEFAULT NULL,
  `labor_effort` decimal(15,5) DEFAULT NULL,
  `nlr_effort` decimal(15,5) DEFAULT NULL,
  `revenue` decimal(15,5) DEFAULT NULL,
  `current_cb` tinyint(1) DEFAULT NULL,
  `original_cb` tinyint(1) DEFAULT NULL,
  `baselined_by` varchar(25) DEFAULT NULL,
  `baselined_cb` tinyint(1) DEFAULT NULL,
  `baselined_date` date DEFAULT NULL,
  `created_by` int(12) NOT NULL,
  `creation_date` datetime DEFAULT NULL,
  `last_update_by` int(12) NOT NULL,
  `last_update_date` datetime DEFAULT NULL
) ENGINE=InnoDB DEFAULT CHARSET=latin1;

-- --------------------------------------------------------

--
-- Table structure for table `prj_budget_line`
--

CREATE TABLE `prj_budget_line` (
  `prj_budget_line_id` int(12) UNSIGNED NOT NULL,
  `prj_budget_header_id` int(12) DEFAULT NULL,
  `prj_project_header_id` int(12) NOT NULL,
  `description` varchar(255) DEFAULT NULL,
  `prj_project_line_id` int(12) DEFAULT NULL,
  `prj_resource_line_id` int(12) DEFAULT NULL,
  `uom_id` int(12) DEFAULT NULL,
  `quantity` decimal(15,5) DEFAULT NULL,
  `raw_cost` decimal(15,5) DEFAULT NULL,
  `revenue_quantity` decimal(15,5) DEFAULT NULL,
  `revenue_amount` decimal(15,5) DEFAULT NULL,
  `burden_cost` decimal(15,5) DEFAULT NULL,
  `created_by` int(12) NOT NULL,
  `creation_date` datetime DEFAULT NULL,
  `last_update_by` int(12) NOT NULL,
  `last_update_date` datetime DEFAULT NULL
) ENGINE=InnoDB DEFAULT CHARSET=latin1;

-- --------------------------------------------------------

--
-- Table structure for table `prj_budget_rev_header`
--

CREATE TABLE `prj_budget_rev_header` (
  `prj_budget_rev_header_id` int(12) UNSIGNED NOT NULL,
  `prj_budget_header_id` int(12) NOT NULL,
  `budget_type` varchar(25) DEFAULT NULL,
  `prj_project_header_id` int(12) NOT NULL,
  `prj_project_line_id` int(12) DEFAULT NULL,
  `version_number` int(3) NOT NULL,
  `version_name` varchar(25) NOT NULL,
  `description` varchar(255) DEFAULT NULL,
  `status` varchar(25) DEFAULT NULL,
  `raw_cost` decimal(15,5) DEFAULT NULL,
  `burdened_cost` decimal(15,5) DEFAULT NULL,
  `labor_effort` decimal(15,5) DEFAULT NULL,
  `nlr_effort` decimal(15,5) DEFAULT NULL,
  `revenue` decimal(15,5) DEFAULT NULL,
  `current_cb` tinyint(1) DEFAULT NULL,
  `original_cb` tinyint(1) DEFAULT NULL,
  `baselined_by` varchar(25) DEFAULT NULL,
  `baselined_cb` tinyint(1) DEFAULT NULL,
  `baselined_date` date DEFAULT NULL,
  `created_by` int(12) NOT NULL,
  `creation_date` datetime DEFAULT NULL,
  `last_update_by` int(12) NOT NULL,
  `last_update_date` datetime DEFAULT NULL
) ENGINE=InnoDB DEFAULT CHARSET=latin1;

-- --------------------------------------------------------

--
-- Table structure for table `prj_budget_rev_line`
--

CREATE TABLE `prj_budget_rev_line` (
  `prj_budget_rev_line_id` int(12) UNSIGNED NOT NULL,
  `prj_budget_rev_header_id` int(12) DEFAULT NULL,
  `prj_budget_header_id` int(11) NOT NULL,
  `prj_budget_line_id` int(11) NOT NULL,
  `prj_project_header_id` int(12) NOT NULL,
  `description` varchar(255) DEFAULT NULL,
  `prj_project_line_id` int(12) DEFAULT NULL,
  `prj_resource_line_id` int(12) DEFAULT NULL,
  `uom_id` int(12) DEFAULT NULL,
  `quantity` decimal(15,5) DEFAULT NULL,
  `raw_cost` decimal(15,5) DEFAULT NULL,
  `revenue_quantity` decimal(15,5) DEFAULT NULL,
  `revenue_amount` decimal(15,5) DEFAULT NULL,
  `burden_cost` decimal(15,5) DEFAULT NULL,
  `created_by` int(12) NOT NULL,
  `creation_date` datetime DEFAULT NULL,
  `last_update_by` int(12) NOT NULL,
  `last_update_date` datetime DEFAULT NULL
) ENGINE=InnoDB DEFAULT CHARSET=latin1;

-- --------------------------------------------------------

--
-- Table structure for table `prj_burden_costcode`
--

CREATE TABLE `prj_burden_costcode` (
  `prj_burden_costcode_id` int(12) UNSIGNED NOT NULL,
  `costcode` varchar(25) NOT NULL,
  `description` varchar(255) DEFAULT NULL,
  `prj_exependiture_type_id` int(12) DEFAULT NULL,
  `effective_from` date DEFAULT NULL,
  `effective_to` date DEFAULT NULL,
  `created_by` int(12) NOT NULL,
  `creation_date` datetime DEFAULT NULL,
  `last_update_by` int(12) NOT NULL,
  `last_update_date` datetime DEFAULT NULL
) ENGINE=InnoDB DEFAULT CHARSET=latin1;

--
-- Dumping data for table `prj_burden_costcode`
--

INSERT INTO `prj_burden_costcode` (`prj_burden_costcode_id`, `costcode`, `description`, `prj_exependiture_type_id`, `effective_from`, `effective_to`, `created_by`, `creation_date`, `last_update_by`, `last_update_date`) VALUES
(1, 'Fee', 'Fee', NULL, NULL, NULL, 34, '2015-06-28 10:28:30', 34, '2015-06-28 10:28:30'),
(2, 'F&A', 'Facilities and administration costs', NULL, NULL, NULL, 34, '2015-06-28 10:28:47', 34, '2015-06-28 10:28:47'),
(3, 'Fringe', 'Fringe', NULL, NULL, NULL, 34, '2015-06-28 10:29:04', 34, '2015-06-28 10:29:04'),
(4, 'G&A', 'Corporate expenses like corporate staff and marketing', NULL, NULL, NULL, 34, '2015-06-28 10:29:30', 34, '2015-07-28 09:52:01');

-- --------------------------------------------------------

--
-- Table structure for table `prj_burden_cost_base`
--

CREATE TABLE `prj_burden_cost_base` (
  `prj_burden_cost_base_id` int(12) UNSIGNED NOT NULL,
  `cost_base` varchar(25) NOT NULL,
  `description` varchar(255) DEFAULT NULL,
  `cost_base_type` varchar(25) DEFAULT NULL,
  `effective_from` date DEFAULT NULL,
  `effective_to` date DEFAULT NULL,
  `priority` int(4) DEFAULT NULL,
  `created_by` int(12) NOT NULL,
  `creation_date` datetime DEFAULT NULL,
  `last_update_by` int(12) NOT NULL,
  `last_update_date` datetime DEFAULT NULL
) ENGINE=InnoDB DEFAULT CHARSET=latin1;

--
-- Dumping data for table `prj_burden_cost_base`
--

INSERT INTO `prj_burden_cost_base` (`prj_burden_cost_base_id`, `cost_base`, `description`, `cost_base_type`, `effective_from`, `effective_to`, `priority`, `created_by`, `creation_date`, `last_update_by`, `last_update_date`) VALUES
(1, 'Department Cost', 'Department Cost', NULL, NULL, NULL, NULL, 34, '2015-06-28 10:26:15', 34, '2015-06-28 10:26:15'),
(2, 'Labor', 'Labor', NULL, NULL, NULL, NULL, 34, '2015-06-28 10:26:28', 34, '2015-06-28 10:26:28'),
(3, 'Expenses', 'Expenses', NULL, NULL, NULL, NULL, 34, '2015-06-28 10:27:01', 34, '2015-06-28 10:27:02'),
(4, 'Work Orders', 'Work Orders', NULL, NULL, NULL, NULL, 34, '2015-06-28 10:27:29', 34, '2015-06-28 10:27:29');

-- --------------------------------------------------------

--
-- Table structure for table `prj_burden_expenditure`
--

CREATE TABLE `prj_burden_expenditure` (
  `prj_burden_expenditure_id` int(12) UNSIGNED NOT NULL,
  `prj_expenditure_line_id` int(12) NOT NULL,
  `prj_burden_cost_base_id` int(12) DEFAULT NULL,
  `prj_burden_costcode_id` int(12) NOT NULL,
  `prj_expenditure_type_header_id` int(12) DEFAULT NULL,
  `description` varchar(255) DEFAULT NULL,
  `prj_burden_list_header_id` int(12) DEFAULT NULL,
  `expenditure_date` date DEFAULT NULL,
  `prj_project_header_id` int(12) DEFAULT NULL,
  `prj_project_line_id` int(12) DEFAULT NULL,
  `prj_burden_structure_header_id` int(12) DEFAULT NULL,
  `multiplier` decimal(15,5) DEFAULT NULL,
  `burden_value` decimal(15,5) DEFAULT NULL,
  `burden_amount` decimal(15,5) DEFAULT NULL,
  `created_by` int(12) NOT NULL,
  `creation_date` datetime DEFAULT NULL,
  `last_update_by` int(12) NOT NULL,
  `last_update_date` datetime DEFAULT NULL
) ENGINE=InnoDB DEFAULT CHARSET=latin1;

-- --------------------------------------------------------

--
-- Stand-in structure for view `prj_burden_expenditure_v`
--
CREATE TABLE `prj_burden_expenditure_v` (
`prj_burden_expenditure_id` int(12) unsigned
,`project_number` varchar(50)
,`costcode` varchar(25)
,`costcode_description` varchar(255)
,`cost_base` varchar(25)
,`cost_base_description` varchar(255)
,`burden_list` varchar(25)
,`prj_expenditure_line_id` int(12) unsigned
,`prj_expenditure_header_id` int(12)
,`org_id` int(12)
,`prj_project_header_id` int(12)
,`prj_project_line_id` int(12)
,`prj_nlr_header_id` int(12)
,`prj_expenditure_type_header_id` int(12)
,`uom_id` int(12)
,`quantity` decimal(15,5)
,`description` varchar(255)
,`prj_burden_list_header_id` int(12)
,`expenditure_date` date
,`prj_burden_structure_header_id` int(12)
,`prj_burden_costcode_id` int(12)
,`multiplier` decimal(15,5)
,`burden_value` decimal(15,5)
,`burden_amount` decimal(15,5)
);

-- --------------------------------------------------------

--
-- Table structure for table `prj_burden_list_header`
--

CREATE TABLE `prj_burden_list_header` (
  `prj_burden_list_header_id` int(12) UNSIGNED NOT NULL,
  `burden_list` varchar(25) NOT NULL,
  `prj_burden_structure_header_id` int(12) DEFAULT NULL,
  `description` varchar(255) DEFAULT NULL,
  `effective_from` date DEFAULT NULL,
  `effective_to` date DEFAULT NULL,
  `created_by` int(12) NOT NULL,
  `creation_date` datetime DEFAULT NULL,
  `last_update_by` int(12) NOT NULL,
  `last_update_date` datetime DEFAULT NULL
) ENGINE=InnoDB DEFAULT CHARSET=latin1 COMMENT='Project burden structure header information';

--
-- Dumping data for table `prj_burden_list_header`
--

INSERT INTO `prj_burden_list_header` (`prj_burden_list_header_id`, `burden_list`, `prj_burden_structure_header_id`, `description`, `effective_from`, `effective_to`, `created_by`, `creation_date`, `last_update_by`, `last_update_date`) VALUES
(1, 'Cost Plus Billing', 2, NULL, NULL, NULL, 34, '2015-06-30 16:46:35', 34, '2015-06-30 17:50:12');

-- --------------------------------------------------------

--
-- Table structure for table `prj_burden_list_line`
--

CREATE TABLE `prj_burden_list_line` (
  `prj_burden_list_line_id` int(12) NOT NULL,
  `prj_burden_list_header_id` int(12) NOT NULL,
  `prj_burden_costcode_id` int(12) NOT NULL,
  `bu_org_id` int(12) DEFAULT NULL,
  `multiplier` decimal(10,5) DEFAULT NULL,
  `burden_value` int(12) DEFAULT NULL,
  `formula` text,
  `effective_start_date` date NOT NULL,
  `effective_end_date` date DEFAULT NULL,
  `created_by` int(12) NOT NULL,
  `creation_date` datetime DEFAULT NULL,
  `last_update_by` int(12) NOT NULL,
  `last_update_date` datetime DEFAULT NULL
) ENGINE=InnoDB DEFAULT CHARSET=latin1;

--
-- Dumping data for table `prj_burden_list_line`
--

INSERT INTO `prj_burden_list_line` (`prj_burden_list_line_id`, `prj_burden_list_header_id`, `prj_burden_costcode_id`, `bu_org_id`, `multiplier`, `burden_value`, `formula`, `effective_start_date`, `effective_end_date`, `created_by`, `creation_date`, `last_update_by`, `last_update_date`) VALUES
(1, 1, 1, 5, '0.50000', NULL, NULL, '2015-06-24', NULL, 34, '2015-06-30 16:55:36', 34, '2015-06-30 16:55:36'),
(2, 1, 2, 5, '22.00000', NULL, NULL, '2015-06-01', NULL, 34, '2015-06-30 16:57:12', 34, '2015-06-30 17:34:14'),
(3, 1, 4, 5, '0.20000', NULL, NULL, '2015-06-02', NULL, 34, '2015-06-30 16:57:12', 34, '2015-06-30 16:57:12'),
(4, 1, 1, 8, '0.70000', NULL, NULL, '2015-06-03', NULL, 34, '2015-06-30 16:57:13', 34, '2015-06-30 16:57:13'),
(5, 1, 3, 5, '0.50000', NULL, NULL, '2015-06-01', NULL, 34, '2015-06-30 16:57:13', 34, '2015-06-30 16:57:13');

-- --------------------------------------------------------

--
-- Table structure for table `prj_burden_structure_header`
--

CREATE TABLE `prj_burden_structure_header` (
  `prj_burden_structure_header_id` int(12) UNSIGNED NOT NULL,
  `structure` varchar(25) NOT NULL,
  `structure_type` varchar(25) DEFAULT NULL,
  `description` varchar(255) DEFAULT NULL,
  `allow_override_cb` tinyint(1) DEFAULT NULL,
  `effective_from` date DEFAULT NULL,
  `effective_to` date DEFAULT NULL,
  `created_by` int(12) NOT NULL,
  `creation_date` datetime DEFAULT NULL,
  `last_update_by` int(12) NOT NULL,
  `last_update_date` datetime DEFAULT NULL
) ENGINE=InnoDB DEFAULT CHARSET=latin1 COMMENT='Project burden structure header information';

--
-- Dumping data for table `prj_burden_structure_header`
--

INSERT INTO `prj_burden_structure_header` (`prj_burden_structure_header_id`, `structure`, `structure_type`, `description`, `allow_override_cb`, `effective_from`, `effective_to`, `created_by`, `creation_date`, `last_update_by`, `last_update_date`) VALUES
(1, 'CP Billing Structure', NULL, 'CP Buildup Billing Structure', NULL, NULL, NULL, 34, '2015-06-29 04:00:40', 34, '2015-06-29 04:28:09'),
(2, 'Fringe Benefits', 'A', 'Fringe Benefits', NULL, NULL, NULL, 34, '2015-06-29 04:18:02', 34, '2015-09-26 14:21:33');

-- --------------------------------------------------------

--
-- Table structure for table `prj_burden_struct_costcode`
--

CREATE TABLE `prj_burden_struct_costcode` (
  `prj_burden_struct_costcode_id` int(12) UNSIGNED NOT NULL,
  `prj_burden_structure_header_id` int(12) NOT NULL,
  `burden_cost_code_id` int(12) NOT NULL,
  `description` varchar(255) DEFAULT NULL,
  `burden_cost_base_id` int(12) DEFAULT NULL,
  `priority` int(12) DEFAULT NULL,
  `created_by` int(12) NOT NULL,
  `creation_date` datetime DEFAULT NULL,
  `last_update_by` int(12) NOT NULL,
  `last_update_date` datetime DEFAULT NULL
) ENGINE=InnoDB DEFAULT CHARSET=latin1 COMMENT='Project burden structure cost code information';

--
-- Dumping data for table `prj_burden_struct_costcode`
--

INSERT INTO `prj_burden_struct_costcode` (`prj_burden_struct_costcode_id`, `prj_burden_structure_header_id`, `burden_cost_code_id`, `description`, `burden_cost_base_id`, `priority`, `created_by`, `creation_date`, `last_update_by`, `last_update_date`) VALUES
(1, 1, 1, NULL, 1, 1, 34, '2015-06-29 04:02:37', 34, '2015-06-29 04:02:37'),
(3, 1, 2, NULL, 1, NULL, 34, '2015-06-29 04:04:54', 34, '2015-06-29 04:04:54'),
(4, 1, 1, NULL, 2, NULL, 34, '2015-06-29 04:14:44', 34, '2015-06-29 04:14:44'),
(5, 2, 3, NULL, 1, 1, 34, '2015-06-29 04:18:03', 34, '2015-06-29 04:19:22');

-- --------------------------------------------------------

--
-- Table structure for table `prj_burden_struct_exptype`
--

CREATE TABLE `prj_burden_struct_exptype` (
  `prj_burden_struct_exptype_id` int(12) UNSIGNED NOT NULL,
  `prj_burden_structure_header_id` int(12) NOT NULL,
  `prj_expenditure_type_id` int(12) DEFAULT NULL,
  `description` varchar(255) DEFAULT NULL,
  `burden_cost_base_id` int(12) DEFAULT NULL,
  `created_by` int(12) NOT NULL,
  `creation_date` datetime DEFAULT NULL,
  `last_update_by` int(12) NOT NULL,
  `last_update_date` datetime DEFAULT NULL
) ENGINE=InnoDB DEFAULT CHARSET=latin1 COMMENT='Project burden expenditure type information';

--
-- Dumping data for table `prj_burden_struct_exptype`
--

INSERT INTO `prj_burden_struct_exptype` (`prj_burden_struct_exptype_id`, `prj_burden_structure_header_id`, `prj_expenditure_type_id`, `description`, `burden_cost_base_id`, `created_by`, `creation_date`, `last_update_by`, `last_update_date`) VALUES
(6, 2, 1, NULL, 1, 34, '2015-06-29 04:04:54', 34, '2015-09-26 14:21:32'),
(10, 2, 2, NULL, 2, 34, '2015-06-29 04:19:23', 34, '2015-06-29 04:21:44'),
(11, 1, 1, NULL, 1, 34, '2015-06-29 04:24:01', 34, '2015-06-29 04:28:08'),
(12, 1, 2, NULL, 3, 34, '2015-06-29 04:24:01', 34, '2015-06-29 04:24:47');

-- --------------------------------------------------------

--
-- Table structure for table `prj_category_header`
--

CREATE TABLE `prj_category_header` (
  `prj_category_header_id` int(12) UNSIGNED NOT NULL,
  `category` varchar(50) NOT NULL,
  `description` varchar(255) DEFAULT NULL,
  `mandatory_cb` tinyint(1) DEFAULT NULL,
  `effective_from` date DEFAULT NULL,
  `effective_to` date DEFAULT NULL,
  `one_code_only_cb` tinyint(1) DEFAULT NULL,
  `allow_percent_cb` tinyint(1) DEFAULT NULL,
  `total_hundred_cb` tinyint(1) DEFAULT NULL,
  `created_by` int(12) NOT NULL,
  `creation_date` datetime DEFAULT NULL,
  `last_update_by` int(12) NOT NULL,
  `last_update_date` datetime DEFAULT NULL
) ENGINE=InnoDB DEFAULT CHARSET=latin1;

--
-- Dumping data for table `prj_category_header`
--

INSERT INTO `prj_category_header` (`prj_category_header_id`, `category`, `description`, `mandatory_cb`, `effective_from`, `effective_to`, `one_code_only_cb`, `allow_percent_cb`, `total_hundred_cb`, `created_by`, `creation_date`, `last_update_by`, `last_update_date`) VALUES
(1, 'Market Segment', 'Market Segments', NULL, '2000-01-01', NULL, NULL, NULL, NULL, 34, '2015-06-14 07:46:00', 34, '2015-06-14 08:01:55'),
(2, 'Sponsor Type', 'Project Sponsor Type', NULL, '2000-01-01', NULL, NULL, NULL, NULL, 34, '2015-06-14 08:03:24', 34, '2015-06-14 08:04:54');

-- --------------------------------------------------------

--
-- Table structure for table `prj_category_line`
--

CREATE TABLE `prj_category_line` (
  `prj_category_line_id` int(12) UNSIGNED NOT NULL,
  `prj_category_header_id` int(12) NOT NULL,
  `category_code` varchar(30) DEFAULT NULL,
  `effective_from` date DEFAULT NULL,
  `description` varchar(255) DEFAULT NULL,
  `effective_to` date DEFAULT NULL,
  `created_by` int(12) NOT NULL,
  `creation_date` datetime DEFAULT NULL,
  `last_update_by` int(12) NOT NULL,
  `last_update_date` datetime DEFAULT NULL
) ENGINE=InnoDB DEFAULT CHARSET=latin1;

--
-- Dumping data for table `prj_category_line`
--

INSERT INTO `prj_category_line` (`prj_category_line_id`, `prj_category_header_id`, `category_code`, `effective_from`, `description`, `effective_to`, `created_by`, `creation_date`, `last_update_by`, `last_update_date`) VALUES
(1, 1, 'Health Care', '2001-01-01', 'Health Care', NULL, 34, '2015-06-14 08:01:56', 34, '2015-06-14 08:01:56'),
(2, 1, 'Commercial', '2001-01-01', 'Commercial', NULL, 34, '2015-06-14 08:01:56', 34, '2015-06-14 08:01:56'),
(3, 1, 'Industrial', '2001-01-01', 'Industrial', NULL, 34, '2015-06-14 08:01:57', 34, '2015-06-14 08:01:57'),
(4, 1, 'Education', '2001-01-01', 'Education', NULL, 34, '2015-06-14 08:01:57', 34, '2015-06-14 08:01:57'),
(5, 2, 'CSR', NULL, 'Corporate Social Responsibility', NULL, 34, '2015-06-14 08:04:54', 34, '2015-06-14 08:04:54'),
(6, 2, 'Internal', '2001-01-01', 'Internal', NULL, 34, '2015-06-14 08:04:55', 34, '2015-06-14 08:04:55'),
(7, 2, 'Goverment', '2001-01-01', 'Goverment', NULL, 34, '2015-06-14 08:04:55', 34, '2015-06-14 08:04:55'),
(8, 2, 'Customer', '2001-01-01', 'Customer', NULL, 34, '2015-06-14 08:04:55', 34, '2015-06-14 08:04:55'),
(9, 2, 'NGO', '2001-01-01', 'NGO', NULL, 34, '2015-06-14 08:04:56', 34, '2015-06-14 08:04:56'),
(10, 2, 'R & D', NULL, 'Internal R & D Department', NULL, 34, '2015-06-14 08:04:56', 34, '2015-06-14 08:04:56');

-- --------------------------------------------------------

--
-- Table structure for table `prj_category_value`
--

CREATE TABLE `prj_category_value` (
  `prj_category_value_id` int(12) UNSIGNED NOT NULL,
  `prj_project_header_id` int(12) NOT NULL,
  `prj_category_line_id` int(12) NOT NULL,
  `reference_table` varchar(100) DEFAULT NULL,
  `reference_id` int(12) DEFAULT NULL
) ENGINE=InnoDB DEFAULT CHARSET=latin1;

-- --------------------------------------------------------

--
-- Table structure for table `prj_default_account`
--

CREATE TABLE `prj_default_account` (
  `prj_default_account_id` int(12) UNSIGNED NOT NULL,
  `prj_project_type_header_id` int(12) NOT NULL,
  `ac_id` int(12) DEFAULT NULL,
  `document_type` varchar(25) DEFAULT NULL,
  `description` varchar(256) DEFAULT NULL,
  `status` varchar(25) NOT NULL,
  `accounting_group` varchar(25) NOT NULL,
  `effective_start_date` date DEFAULT NULL,
  `effective_end_date` date DEFAULT NULL,
  `created_by` int(12) NOT NULL,
  `creation_date` datetime DEFAULT NULL,
  `last_update_by` int(12) NOT NULL,
  `last_update_date` datetime DEFAULT NULL
) ENGINE=InnoDB DEFAULT CHARSET=latin1;

-- --------------------------------------------------------

--
-- Table structure for table `prj_event_header`
--

CREATE TABLE `prj_event_header` (
  `prj_event_header_id` int(12) UNSIGNED NOT NULL,
  `event_name` varchar(50) NOT NULL,
  `description` varchar(255) DEFAULT NULL,
  `prj_project_header_id` int(12) DEFAULT NULL,
  `billing_amount` decimal(15,5) DEFAULT NULL,
  `revenue_amount` decimal(15,5) DEFAULT NULL,
  `event_number` int(12) DEFAULT NULL,
  `created_by` int(12) NOT NULL,
  `creation_date` datetime DEFAULT NULL,
  `last_update_by` int(12) NOT NULL,
  `last_update_date` datetime DEFAULT NULL
) ENGINE=InnoDB DEFAULT CHARSET=latin1;

--
-- Dumping data for table `prj_event_header`
--

INSERT INTO `prj_event_header` (`prj_event_header_id`, `event_name`, `description`, `prj_project_header_id`, `billing_amount`, `revenue_amount`, `event_number`, `created_by`, `creation_date`, `last_update_by`, `last_update_date`) VALUES
(1, 'E01', NULL, 7, NULL, NULL, NULL, 34, '2015-10-10 17:00:23', 34, '2015-10-10 17:04:33');

-- --------------------------------------------------------

--
-- Table structure for table `prj_event_line`
--

CREATE TABLE `prj_event_line` (
  `prj_event_line_id` int(12) UNSIGNED NOT NULL,
  `prj_event_header_id` int(12) DEFAULT NULL,
  `event_type_id` int(12) NOT NULL,
  `event_date` date DEFAULT NULL,
  `org_id` int(12) DEFAULT NULL,
  `event_number` int(12) DEFAULT NULL,
  `prj_project_line_id` int(12) DEFAULT NULL,
  `description` varchar(255) DEFAULT NULL,
  `currency` varchar(25) DEFAULT NULL,
  `billing_amount` decimal(15,5) DEFAULT NULL,
  `revenue_amount` decimal(15,5) DEFAULT NULL,
  `billed_cb` tinyint(1) DEFAULT NULL,
  `revenue_distributed_cb` tinyint(1) DEFAULT NULL,
  `reference_key_name` varchar(50) DEFAULT NULL,
  `reference_key_value` varchar(50) DEFAULT NULL,
  `created_by` int(12) NOT NULL,
  `creation_date` datetime DEFAULT NULL,
  `last_update_by` int(12) NOT NULL,
  `last_update_date` datetime DEFAULT NULL
) ENGINE=InnoDB DEFAULT CHARSET=latin1;

--
-- Dumping data for table `prj_event_line`
--

INSERT INTO `prj_event_line` (`prj_event_line_id`, `prj_event_header_id`, `event_type_id`, `event_date`, `org_id`, `event_number`, `prj_project_line_id`, `description`, `currency`, `billing_amount`, `revenue_amount`, `billed_cb`, `revenue_distributed_cb`, `reference_key_name`, `reference_key_value`, `created_by`, `creation_date`, `last_update_by`, `last_update_date`) VALUES
(1, 1, 3, '2015-10-29', NULL, 1, 59, NULL, 'USD', '1000.00000', '1000.00000', NULL, NULL, NULL, NULL, 34, '2015-10-10 17:02:51', 34, '2015-10-10 17:04:33');

-- --------------------------------------------------------

--
-- Table structure for table `prj_event_type`
--

CREATE TABLE `prj_event_type` (
  `prj_event_type_id` int(12) UNSIGNED NOT NULL,
  `event_type` varchar(25) NOT NULL,
  `description` varchar(255) DEFAULT NULL,
  `event_class` varchar(25) DEFAULT NULL,
  `revenue_category` varchar(25) DEFAULT NULL,
  `effective_from` date DEFAULT NULL,
  `effective_to` date DEFAULT NULL,
  `created_by` int(12) NOT NULL,
  `creation_date` datetime DEFAULT NULL,
  `last_update_by` int(12) NOT NULL,
  `last_update_date` datetime DEFAULT NULL
) ENGINE=InnoDB DEFAULT CHARSET=latin1;

--
-- Dumping data for table `prj_event_type`
--

INSERT INTO `prj_event_type` (`prj_event_type_id`, `event_type`, `description`, `event_class`, `revenue_category`, `effective_from`, `effective_to`, `created_by`, `creation_date`, `last_update_by`, `last_update_date`) VALUES
(1, 'Bonus', 'Performance Bonus', 'WRITE_ON', 'LABOR', NULL, NULL, 34, '2015-10-10 16:28:02', 34, '2015-10-10 16:28:02'),
(2, 'Cash Discount', 'Cash Discount', 'MANUAL', 'INDIRECT', NULL, NULL, 34, '2015-10-10 16:28:47', 34, '2015-10-10 16:28:47'),
(3, 'Cost to Cost Invoice', 'Cost to Cost Invoice', 'AUTO', 'LABOR', NULL, NULL, 34, '2015-10-10 16:29:49', 34, '2015-10-10 16:29:49');

-- --------------------------------------------------------

--
-- Table structure for table `prj_expenditure_header`
--

CREATE TABLE `prj_expenditure_header` (
  `prj_expenditure_header_id` int(12) UNSIGNED NOT NULL,
  `bu_org_id` int(12) DEFAULT NULL,
  `batch_name` varchar(50) DEFAULT NULL,
  `description` varchar(255) DEFAULT NULL,
  `expenditure_class` varchar(25) DEFAULT NULL,
  `effective_to` date DEFAULT NULL,
  `status` varchar(25) DEFAULT NULL,
  `reference_type` varchar(25) DEFAULT NULL,
  `reference_key_name` varchar(25) DEFAULT NULL,
  `reference_key_value` varchar(25) DEFAULT NULL,
  `submitted_by_user_id` int(12) DEFAULT NULL,
  `submitted_on` date DEFAULT NULL,
  `misc_transaction_cb` tinyint(1) DEFAULT NULL,
  `over_time_cb` tinyint(1) DEFAULT NULL,
  `invoice_cb` tinyint(1) DEFAULT NULL,
  `usages_cb` tinyint(1) DEFAULT NULL,
  `wip_cb` tinyint(1) DEFAULT NULL,
  `created_by` int(12) NOT NULL,
  `creation_date` datetime DEFAULT NULL,
  `last_update_by` int(12) NOT NULL,
  `last_update_date` datetime DEFAULT NULL
) ENGINE=InnoDB DEFAULT CHARSET=latin1;

-- --------------------------------------------------------

--
-- Table structure for table `prj_expenditure_line`
--

CREATE TABLE `prj_expenditure_line` (
  `prj_expenditure_line_id` int(12) UNSIGNED NOT NULL,
  `prj_expenditure_header_id` int(12) NOT NULL,
  `org_id` int(12) DEFAULT NULL,
  `hr_employee_id` int(12) DEFAULT NULL,
  `description` varchar(255) DEFAULT NULL,
  `job_id` int(12) DEFAULT NULL,
  `expenditure_date` date DEFAULT NULL,
  `prj_project_header_id` int(12) DEFAULT NULL,
  `prj_project_line_id` int(12) DEFAULT NULL,
  `prj_nlr_header_id` int(12) DEFAULT NULL,
  `prj_expenditure_type_header_id` int(12) NOT NULL,
  `uom_id` int(12) NOT NULL,
  `quantity` decimal(15,5) NOT NULL,
  `rate` decimal(15,5) DEFAULT NULL,
  `status` varchar(25) DEFAULT NULL,
  `debit_ac_id` int(12) DEFAULT NULL,
  `credit_ac_id` int(12) DEFAULT NULL,
  `gl_journal_header_id` int(12) DEFAULT NULL,
  `gl_journal_interface_cb` tinyint(1) DEFAULT NULL,
  `invoiced_cb` tinyint(1) DEFAULT NULL,
  `revene_calculated_cb` tinyint(1) DEFAULT NULL,
  `line_amount` decimal(15,5) DEFAULT NULL,
  `burden_amount` decimal(15,5) DEFAULT NULL,
  `created_by` int(12) NOT NULL,
  `creation_date` datetime DEFAULT NULL,
  `last_update_by` int(12) NOT NULL,
  `last_update_date` datetime DEFAULT NULL
) ENGINE=InnoDB DEFAULT CHARSET=latin1;

-- --------------------------------------------------------

--
-- Stand-in structure for view `prj_expenditure_line_v`
--
CREATE TABLE `prj_expenditure_line_v` (
`prj_expenditure_line_id` int(12) unsigned
,`prj_expenditure_header_id` int(12)
,`org_id` int(12)
,`hr_employee_id` int(12)
,`description` varchar(255)
,`job_id` int(12)
,`expenditure_date` date
,`prj_project_header_id` int(12)
,`prj_project_line_id` int(12)
,`prj_nlr_header_id` int(12)
,`prj_expenditure_type_header_id` int(12)
,`uom_id` int(12)
,`quantity` decimal(15,5)
,`rate` decimal(15,5)
,`debit_ac_id` int(12)
,`credit_ac_id` int(12)
,`burden_amount` decimal(15,5)
,`gl_journal_header_id` int(12)
,`gl_journal_interface_cb` tinyint(1)
,`status` varchar(25)
,`project_number` varchar(50)
,`bu_org_id` int(12)
,`task_number` varchar(25)
);

-- --------------------------------------------------------

--
-- Table structure for table `prj_expenditure_type_header`
--

CREATE TABLE `prj_expenditure_type_header` (
  `prj_expenditure_type_header_id` int(12) UNSIGNED NOT NULL,
  `expenditure_type` varchar(25) NOT NULL,
  `description` varchar(255) DEFAULT NULL,
  `expenditure_category` varchar(25) DEFAULT NULL,
  `effective_from` date DEFAULT NULL,
  `effective_to` date DEFAULT NULL,
  `revenue_category` varchar(25) DEFAULT NULL,
  `uom_id` int(12) DEFAULT NULL,
  `direct_labor_cb` tinyint(1) DEFAULT NULL,
  `inventory_cb` tinyint(1) DEFAULT NULL,
  `burden_cb` tinyint(1) DEFAULT NULL,
  `expense_reports_cb` tinyint(1) DEFAULT NULL,
  `misc_transaction_cb` tinyint(1) DEFAULT NULL,
  `over_time_cb` tinyint(1) DEFAULT NULL,
  `invoice_cb` tinyint(1) DEFAULT NULL,
  `usages_cb` tinyint(1) DEFAULT NULL,
  `wip_cb` tinyint(1) DEFAULT NULL,
  `created_by` int(12) NOT NULL,
  `creation_date` datetime DEFAULT NULL,
  `last_update_by` int(12) NOT NULL,
  `last_update_date` datetime DEFAULT NULL
) ENGINE=InnoDB DEFAULT CHARSET=latin1;

--
-- Dumping data for table `prj_expenditure_type_header`
--

INSERT INTO `prj_expenditure_type_header` (`prj_expenditure_type_header_id`, `expenditure_type`, `description`, `expenditure_category`, `effective_from`, `effective_to`, `revenue_category`, `uom_id`, `direct_labor_cb`, `inventory_cb`, `burden_cb`, `expense_reports_cb`, `misc_transaction_cb`, `over_time_cb`, `invoice_cb`, `usages_cb`, `wip_cb`, `created_by`, `creation_date`, `last_update_by`, `last_update_date`) VALUES
(1, 'Equipment Maintenance ', 'Equipment Maintenance ', 'EQUIPMENT', NULL, NULL, 'INDIRECT', 43, NULL, 1, NULL, NULL, 1, 1, 1, 1, NULL, 34, '2015-06-16 10:35:07', 34, '2015-06-16 10:38:47'),
(2, 'Telephone Charges', 'Telephone Charges', 'MATERIALS', NULL, NULL, 'INDIRECT', 45, 1, NULL, 1, 1, 1, 1, 1, 1, NULL, 34, '2015-06-16 10:36:31', 34, '2015-08-17 11:22:40'),
(3, 'Labor Operators', 'Labor Operators', 'LABOR', NULL, NULL, 'LABOR', 45, 1, NULL, 1, 1, 1, 1, 1, 1, NULL, 34, '2015-10-19 21:49:22', 34, '2015-10-19 21:49:22');

-- --------------------------------------------------------

--
-- Table structure for table `prj_expenditure_type_line`
--

CREATE TABLE `prj_expenditure_type_line` (
  `prj_expenditure_type_line_id` int(12) UNSIGNED NOT NULL,
  `prj_expenditure_type_header_id` int(12) NOT NULL,
  `bu_org_id` int(12) DEFAULT NULL,
  `effective_from` date DEFAULT NULL,
  `description` varchar(255) DEFAULT NULL,
  `effective_to` date DEFAULT NULL,
  `uom_id` int(12) DEFAULT NULL,
  `currency` varchar(25) DEFAULT NULL,
  `rate` decimal(15,5) DEFAULT NULL,
  `created_by` int(12) NOT NULL,
  `creation_date` datetime DEFAULT NULL,
  `last_update_by` int(12) NOT NULL,
  `last_update_date` datetime DEFAULT NULL
) ENGINE=InnoDB DEFAULT CHARSET=latin1;

--
-- Dumping data for table `prj_expenditure_type_line`
--

INSERT INTO `prj_expenditure_type_line` (`prj_expenditure_type_line_id`, `prj_expenditure_type_header_id`, `bu_org_id`, `effective_from`, `description`, `effective_to`, `uom_id`, `currency`, `rate`, `created_by`, `creation_date`, `last_update_by`, `last_update_date`) VALUES
(1, 2, 5, '2015-07-30', NULL, NULL, NULL, 'USD', '100.00000', 34, '2015-07-06 10:52:36', 34, '2015-07-06 10:52:36'),
(2, 2, 10, '2015-08-01', NULL, NULL, NULL, 'USD', '90.00000', 34, '2015-08-17 11:22:40', 34, '2015-08-17 11:22:40'),
(3, 2, 8, '2015-08-27', NULL, NULL, NULL, 'USD', '120.00000', 34, '2015-08-17 11:22:41', 34, '2015-08-17 11:22:41'),
(4, 3, 8, '2015-08-27', NULL, NULL, NULL, 'USD', '120.00000', 34, '2015-10-19 21:49:22', 34, '2015-10-19 21:49:22'),
(5, 3, 5, '2015-07-30', NULL, NULL, NULL, 'USD', '100.00000', 34, '2015-10-19 21:49:22', 34, '2015-10-19 21:49:22'),
(6, 3, 10, '2015-08-01', NULL, NULL, NULL, 'USD', '90.00000', 34, '2015-10-19 21:49:23', 34, '2015-10-19 21:49:23');

-- --------------------------------------------------------

--
-- Table structure for table `prj_invoice_header`
--

CREATE TABLE `prj_invoice_header` (
  `prj_invoice_header_id` int(12) NOT NULL,
  `bu_org_id` int(12) NOT NULL,
  `invoice_status` varchar(15) NOT NULL,
  `unearned_coa_id` int(12) DEFAULT NULL,
  `unbilled_coa_id` int(12) DEFAULT NULL,
  `receivables_ac_id` int(12) DEFAULT NULL,
  `ar_customer_id` int(12) NOT NULL,
  `ar_customer_site_id` int(12) DEFAULT NULL,
  `prj_agreement_header_id` int(12) DEFAULT NULL,
  `description` varchar(256) DEFAULT NULL,
  `prj_project_header_id` int(12) DEFAULT NULL,
  `transfer_status` varchar(15) DEFAULT NULL,
  `unearned_amount` decimal(20,5) DEFAULT NULL,
  `unbilled_amount` decimal(20,5) DEFAULT NULL,
  `receivables_amount` decimal(20,5) DEFAULT NULL,
  `currency` varchar(256) NOT NULL,
  `doc_currency` varchar(25) DEFAULT NULL,
  `invoice_number` varchar(25) NOT NULL,
  `exchange_rate_type` varchar(50) DEFAULT NULL,
  `exchange_rate` decimal(20,5) DEFAULT NULL,
  `release_date` date DEFAULT NULL,
  `rejection_reason` varchar(255) DEFAULT NULL,
  `transfer_date` date DEFAULT NULL,
  `document_number` varchar(50) DEFAULT NULL,
  `ledger_id` int(12) DEFAULT NULL,
  `period_id` int(12) DEFAULT NULL,
  `approval_status` varchar(25) DEFAULT NULL,
  `reference_type` varchar(25) DEFAULT NULL,
  `reference_key_name` varchar(25) DEFAULT NULL,
  `reference_key_value` varchar(25) DEFAULT NULL,
  `created_by` int(12) NOT NULL,
  `creation_date` datetime DEFAULT NULL,
  `last_update_by` int(12) NOT NULL,
  `last_update_date` datetime DEFAULT NULL
) ENGINE=InnoDB DEFAULT CHARSET=latin1;

-- --------------------------------------------------------

--
-- Table structure for table `prj_invoice_line`
--

CREATE TABLE `prj_invoice_line` (
  `prj_invoice_line_id` int(12) NOT NULL,
  `prj_invoice_header_id` int(12) NOT NULL,
  `prj_project_line_id` int(12) DEFAULT NULL,
  `revenue_category` varchar(25) DEFAULT NULL,
  `expenditure_category` varchar(25) DEFAULT NULL,
  `revenue_source` varchar(25) DEFAULT NULL,
  `line_number` int(12) NOT NULL,
  `description` varchar(256) DEFAULT NULL,
  `amount` decimal(20,5) DEFAULT NULL,
  `release_date` date DEFAULT NULL,
  `rejection_reason` varchar(255) DEFAULT NULL,
  `transfer_date` date DEFAULT NULL,
  `document_number` varchar(50) DEFAULT NULL,
  `reference_type` varchar(25) DEFAULT NULL,
  `reference_key_name` varchar(25) DEFAULT NULL,
  `reference_key_value` varchar(25) DEFAULT NULL,
  `gl_journal_header_id` int(12) DEFAULT NULL,
  `created_by` int(12) NOT NULL,
  `creation_date` datetime DEFAULT NULL,
  `last_update_by` int(12) NOT NULL,
  `last_update_date` datetime DEFAULT NULL
) ENGINE=InnoDB DEFAULT CHARSET=latin1;

-- --------------------------------------------------------

--
-- Table structure for table `prj_milestone`
--

CREATE TABLE `prj_milestone` (
  `prj_milestone_id` int(12) UNSIGNED NOT NULL,
  `prj_project_header_id` int(12) NOT NULL,
  `prj_project_line_id` int(12) NOT NULL,
  `status` varchar(25) DEFAULT NULL,
  `comment` varchar(255) DEFAULT NULL,
  `signoff_cb` tinyint(1) DEFAULT NULL,
  `revenue_amount` decimal(14,4) DEFAULT NULL,
  `invoice_amount` date DEFAULT NULL,
  `created_by` int(12) NOT NULL,
  `creation_date` datetime DEFAULT NULL,
  `last_update_by` int(12) NOT NULL,
  `last_update_date` datetime DEFAULT NULL
) ENGINE=InnoDB DEFAULT CHARSET=latin1;

-- --------------------------------------------------------

--
-- Table structure for table `prj_nlr_header`
--

CREATE TABLE `prj_nlr_header` (
  `prj_nlr_header_id` int(12) UNSIGNED NOT NULL,
  `resource_name` varchar(50) NOT NULL,
  `prj_expenditure_type_id` int(12) NOT NULL,
  `description` varchar(255) DEFAULT NULL,
  `equipment_cb` tinyint(1) DEFAULT NULL,
  `effective_from` date DEFAULT NULL,
  `effective_to` date DEFAULT NULL,
  `created_by` int(12) NOT NULL,
  `creation_date` datetime DEFAULT NULL,
  `last_update_by` int(12) NOT NULL,
  `last_update_date` datetime DEFAULT NULL
) ENGINE=InnoDB DEFAULT CHARSET=latin1 COMMENT='Non Labor Resources For Projects';

--
-- Dumping data for table `prj_nlr_header`
--

INSERT INTO `prj_nlr_header` (`prj_nlr_header_id`, `resource_name`, `prj_expenditure_type_id`, `description`, `equipment_cb`, `effective_from`, `effective_to`, `created_by`, `creation_date`, `last_update_by`, `last_update_date`) VALUES
(1, 'Lab Test Tab', 1, 'Lab Test Tab', NULL, NULL, NULL, 34, '2015-08-17 16:17:24', 34, '2015-08-17 16:18:04');

-- --------------------------------------------------------

--
-- Table structure for table `prj_nlr_line`
--

CREATE TABLE `prj_nlr_line` (
  `prj_nlr_line_id` int(12) UNSIGNED NOT NULL,
  `prj_nlr_header_id` int(12) NOT NULL,
  `bu_org_id` int(12) DEFAULT NULL,
  `effective_from` date DEFAULT NULL,
  `description` varchar(255) DEFAULT NULL,
  `effective_to` date DEFAULT NULL,
  `uom_id` int(12) DEFAULT NULL,
  `currency` varchar(25) DEFAULT NULL,
  `rate` decimal(15,5) DEFAULT NULL,
  `created_by` int(12) NOT NULL,
  `creation_date` datetime DEFAULT NULL,
  `last_update_by` int(12) NOT NULL,
  `last_update_date` datetime DEFAULT NULL
) ENGINE=InnoDB DEFAULT CHARSET=latin1 COMMENT='Non Labor Resources Lines For Projects';

--
-- Dumping data for table `prj_nlr_line`
--

INSERT INTO `prj_nlr_line` (`prj_nlr_line_id`, `prj_nlr_header_id`, `bu_org_id`, `effective_from`, `description`, `effective_to`, `uom_id`, `currency`, `rate`, `created_by`, `creation_date`, `last_update_by`, `last_update_date`) VALUES
(1, 1, 5, NULL, 'Lab Test @ BO01', NULL, 27, 'USD', '100.00000', 34, '2015-08-17 16:17:24', 34, '2015-08-17 16:18:04');

-- --------------------------------------------------------

--
-- Stand-in structure for view `prj_percent_all_v`
--
CREATE TABLE `prj_percent_all_v` (
`prj_percent_header_id` int(12) unsigned
,`percent` decimal(8,4)
,`description` varchar(255)
,`as_of_date` varchar(25)
,`status` varchar(25)
,`created_by` int(12)
,`creation_date` datetime
,`last_update_by` int(12)
,`last_update_date` datetime
,`project_number` varchar(50)
,`project_description` varchar(256)
,`prj_project_header_id` int(12)
);

-- --------------------------------------------------------

--
-- Table structure for table `prj_percent_header`
--

CREATE TABLE `prj_percent_header` (
  `prj_percent_header_id` int(12) UNSIGNED NOT NULL,
  `prj_project_header_id` int(12) NOT NULL,
  `percent` decimal(8,4) NOT NULL,
  `description` varchar(255) DEFAULT NULL,
  `as_of_date` varchar(25) NOT NULL,
  `status` varchar(25) DEFAULT NULL,
  `created_by` int(12) NOT NULL,
  `creation_date` datetime DEFAULT NULL,
  `last_update_by` int(12) NOT NULL,
  `last_update_date` datetime DEFAULT NULL
) ENGINE=InnoDB DEFAULT CHARSET=latin1;

-- --------------------------------------------------------

--
-- Table structure for table `prj_percent_headerrev`
--

CREATE TABLE `prj_percent_headerrev` (
  `prj_percent_headerrev_id` int(12) UNSIGNED NOT NULL,
  `prj_percent_header_id` int(12) NOT NULL,
  `prj_project_header_id` int(12) NOT NULL,
  `percent` decimal(8,4) NOT NULL,
  `description` varchar(255) DEFAULT NULL,
  `as_of_date` varchar(25) NOT NULL,
  `status` varchar(25) DEFAULT NULL,
  `created_by` int(12) NOT NULL,
  `creation_date` datetime DEFAULT NULL,
  `last_update_by` int(12) NOT NULL,
  `last_update_date` datetime DEFAULT NULL
) ENGINE=InnoDB DEFAULT CHARSET=latin1;

-- --------------------------------------------------------

--
-- Table structure for table `prj_percent_line`
--

CREATE TABLE `prj_percent_line` (
  `prj_percent_line_id` int(12) UNSIGNED NOT NULL,
  `prj_percent_header_id` int(12) NOT NULL,
  `prj_project_header_id` int(12) NOT NULL,
  `description` varchar(255) DEFAULT NULL,
  `prj_project_line_id` int(12) NOT NULL,
  `percent` decimal(8,4) DEFAULT NULL,
  `comment` varchar(255) DEFAULT NULL,
  `as_of_date` date DEFAULT NULL,
  `created_by` int(12) NOT NULL,
  `creation_date` datetime DEFAULT NULL,
  `last_update_by` int(12) NOT NULL,
  `last_update_date` datetime DEFAULT NULL
) ENGINE=InnoDB DEFAULT CHARSET=latin1;

-- --------------------------------------------------------

--
-- Stand-in structure for view `prj_percent_line_v`
--
CREATE TABLE `prj_percent_line_v` (
`prj_percent_line_id` int(12) unsigned
,`prj_percent_header_id` int(12)
,`percent` decimal(8,4)
,`comment` varchar(255)
,`as_of_date` date
,`created_by` int(12)
,`creation_date` datetime
,`last_update_by` int(12)
,`last_update_date` datetime
,`prj_project_line_id` int(12)
,`prj_project_header_id` int(12)
,`task_number` varchar(25)
,`task_name` varchar(50)
,`task_level_weight` int(12)
,`parent_prj_task_num` varchar(25)
,`description` varchar(256)
);

-- --------------------------------------------------------

--
-- Stand-in structure for view `prj_project_all_lowesttask_v`
--
CREATE TABLE `prj_project_all_lowesttask_v` (
`org` varchar(50)
,`project_number` varchar(50)
,`description` varchar(256)
,`task_number` varchar(25)
,`task_name` varchar(50)
,`task_description` varchar(256)
,`project_status` varchar(25)
,`approval_status` varchar(25)
,`prj_project_line_id` int(12)
,`prj_project_header_id` int(12)
,`task_level_weight` int(12)
,`parent_prj_task_num` varchar(25)
,`task_start_date` date
,`task_end_date` date
,`task_manager_user_id` int(12)
,`org_id` int(12)
,`service_type` varchar(25)
,`work_type` varchar(25)
,`allow_charges_cb` tinyint(1)
,`capitalizable_cb` tinyint(1)
,`bu_org_id` int(12)
,`prj_project_type_id` int(12)
,`ar_customer_id` int(12)
,`ar_customer_site_id` int(12)
,`pm_employee_id` int(12)
,`manager_user_id` int(12)
,`start_date` date
,`completion_date` date
,`header_amount` decimal(20,5)
);

-- --------------------------------------------------------

--
-- Stand-in structure for view `prj_project_all_v`
--
CREATE TABLE `prj_project_all_v` (
`org` varchar(50)
,`project_number` varchar(50)
,`description` varchar(256)
,`task_number` varchar(25)
,`task_name` varchar(50)
,`task_description` varchar(256)
,`project_status` varchar(25)
,`approval_status` varchar(25)
,`prj_project_line_id` int(12)
,`prj_project_header_id` int(12)
,`task_level_weight` int(12)
,`parent_prj_task_num` varchar(25)
,`task_start_date` date
,`task_end_date` date
,`task_manager_user_id` int(12)
,`org_id` int(12)
,`service_type` varchar(25)
,`work_type` varchar(25)
,`allow_charges_cb` tinyint(1)
,`capitalizable_cb` tinyint(1)
,`bu_org_id` int(12)
,`prj_project_type_id` int(12)
,`ar_customer_id` int(12)
,`ar_customer_site_id` int(12)
,`pm_employee_id` int(12)
,`manager_user_id` int(12)
,`start_date` date
,`completion_date` date
,`header_amount` decimal(20,5)
);

-- --------------------------------------------------------

--
-- Table structure for table `prj_project_control`
--

CREATE TABLE `prj_project_control` (
  `prj_project_control_id` int(12) NOT NULL,
  `prj_project_header_id` int(12) NOT NULL,
  `prj_expenditure_type_id` int(12) DEFAULT NULL,
  `prj_expenditure_category_code` varchar(25) DEFAULT NULL,
  `description` varchar(256) DEFAULT NULL,
  `start_date` date DEFAULT NULL,
  `end_date` date DEFAULT NULL,
  `prj_nlr_header_id` int(12) DEFAULT NULL,
  `hr_employee_id` int(12) DEFAULT NULL,
  `hr_job_id` int(11) DEFAULT NULL,
  `billable_cb` tinyint(1) DEFAULT NULL,
  `chargeable_cb` tinyint(1) DEFAULT NULL,
  `created_by` int(12) NOT NULL,
  `creation_date` datetime NOT NULL,
  `last_update_by` int(12) NOT NULL,
  `last_update_date` datetime NOT NULL
) ENGINE=InnoDB DEFAULT CHARSET=latin1;

-- --------------------------------------------------------

--
-- Table structure for table `prj_project_header`
--

CREATE TABLE `prj_project_header` (
  `prj_project_header_id` int(12) NOT NULL,
  `bu_org_id` int(12) NOT NULL,
  `prj_project_type_id` int(12) NOT NULL,
  `project_number` varchar(50) DEFAULT NULL,
  `ar_customer_id` int(12) DEFAULT NULL,
  `ar_customer_site_id` int(12) DEFAULT NULL,
  `pm_employee_id` int(12) DEFAULT NULL,
  `description` varchar(256) DEFAULT NULL,
  `manager_user_id` int(12) DEFAULT NULL,
  `start_date` date DEFAULT NULL,
  `completion_date` date DEFAULT NULL,
  `header_amount` decimal(20,5) DEFAULT NULL,
  `project_class` varchar(25) DEFAULT NULL,
  `category` varchar(25) DEFAULT NULL,
  `finance_structure_cb` tinyint(1) DEFAULT NULL,
  `operation_structure_cb` tinyint(1) DEFAULT NULL,
  `life_cycle` varchar(25) DEFAULT NULL,
  `current_phase` varchar(25) DEFAULT NULL,
  `role_list_id` int(12) DEFAULT NULL,
  `prj_work_type` int(12) NOT NULL,
  `probability` decimal(6,3) DEFAULT NULL,
  `currency` varchar(25) DEFAULT NULL,
  `doc_currency` varchar(25) DEFAULT NULL,
  `exchange_rate_type` varchar(25) DEFAULT NULL,
  `exchange_rate` decimal(15,5) DEFAULT NULL,
  `opportunity_value` decimal(15,3) DEFAULT NULL,
  `expected_approval_date` date DEFAULT NULL,
  `billing_method` varchar(5) NOT NULL,
  `billing_cycle` varchar(20) DEFAULT NULL,
  `prj_burden_list_header_id` int(12) DEFAULT NULL,
  `account_burdened_cost_cb` tinyint(1) DEFAULT NULL,
  `labor_billing_type` varchar(20) DEFAULT NULL,
  `nlr_billing_type` varchar(20) DEFAULT NULL,
  `employee_schedule_id` int(12) DEFAULT NULL,
  `job_schedule_id` int(12) DEFAULT NULL,
  `l_revenue_burden_id` int(12) DEFAULT NULL,
  `l_invoice_burdern_id` int(12) DEFAULT NULL,
  `nlr_schedule_id` int(12) DEFAULT NULL,
  `nrl_revenue_burden_id` int(12) DEFAULT NULL,
  `nlr_invoice_burdern_id` int(12) DEFAULT NULL,
  `source` varchar(25) DEFAULT NULL,
  `name` varchar(50) DEFAULT NULL,
  `reference_type` varchar(25) DEFAULT NULL,
  `reference_key_name` varchar(25) DEFAULT NULL,
  `reference_key_value` varchar(25) DEFAULT NULL,
  `direct_labor_cb` tinyint(1) DEFAULT NULL,
  `is_template_cb` tinyint(1) DEFAULT NULL,
  `project_status` varchar(25) DEFAULT NULL,
  `accounting_group` varchar(25) NOT NULL,
  `approval_status` varchar(25) DEFAULT NULL,
  `rev_enabled_cb` tinyint(1) DEFAULT NULL,
  `rev_number` int(12) DEFAULT NULL,
  `created_by` int(12) NOT NULL,
  `creation_date` datetime NOT NULL,
  `last_update_by` int(12) NOT NULL,
  `last_update_date` datetime NOT NULL
) ENGINE=InnoDB DEFAULT CHARSET=latin1;

-- --------------------------------------------------------

--
-- Table structure for table `prj_project_line`
--

CREATE TABLE `prj_project_line` (
  `prj_project_line_id` int(12) NOT NULL,
  `prj_project_header_id` int(12) NOT NULL,
  `task_number` varchar(25) NOT NULL,
  `task_level_weight` int(12) NOT NULL,
  `task_name` varchar(50) NOT NULL,
  `parent_prj_task_num` varchar(25) DEFAULT NULL,
  `description` varchar(256) DEFAULT NULL,
  `start_date` date DEFAULT NULL,
  `end_date` date DEFAULT NULL,
  `manager_user_id` int(12) DEFAULT NULL,
  `org_id` int(12) DEFAULT NULL,
  `service_type` varchar(25) DEFAULT NULL,
  `work_type` varchar(25) DEFAULT NULL,
  `allow_charges_cb` tinyint(1) DEFAULT NULL,
  `capitalizable_cb` tinyint(1) DEFAULT NULL,
  `milestone_cb` tinyint(1) DEFAULT NULL,
  `currency` varchar(10) DEFAULT NULL,
  `rate_type` varchar(25) DEFAULT NULL,
  `cip_asset_id` int(12) DEFAULT NULL,
  `line_description` varchar(256) DEFAULT NULL,
  `task_status` varchar(25) DEFAULT NULL,
  `created_by` int(12) NOT NULL,
  `creation_date` datetime NOT NULL,
  `last_update_by` int(12) NOT NULL,
  `last_update_date` datetime NOT NULL
) ENGINE=InnoDB DEFAULT CHARSET=latin1;

-- --------------------------------------------------------

--
-- Table structure for table `prj_project_member`
--

CREATE TABLE `prj_project_member` (
  `prj_project_member_id` int(12) NOT NULL,
  `prj_project_header_id` int(12) NOT NULL,
  `user_id` int(12) NOT NULL,
  `prj_role_id` int(12) NOT NULL,
  `description` varchar(256) DEFAULT NULL,
  `start_date` date DEFAULT NULL,
  `end_date` date DEFAULT NULL,
  `created_by` int(12) NOT NULL,
  `creation_date` datetime NOT NULL,
  `last_update_by` int(12) NOT NULL,
  `last_update_date` datetime NOT NULL
) ENGINE=InnoDB DEFAULT CHARSET=latin1;

-- --------------------------------------------------------

--
-- Table structure for table `prj_project_type_billing`
--

CREATE TABLE `prj_project_type_billing` (
  `prj_project_type_billing_id` int(12) UNSIGNED NOT NULL,
  `prj_project_type_header_id` int(12) NOT NULL,
  `prj_billing_extn_id` int(12) NOT NULL,
  `currency` varchar(15) DEFAULT NULL,
  `amount` decimal(15,5) DEFAULT NULL,
  `percentage` decimal(6,3) DEFAULT NULL,
  `active_cb` tinyint(1) DEFAULT NULL,
  `created_by` int(12) NOT NULL,
  `creation_date` datetime DEFAULT NULL,
  `last_update_by` int(12) NOT NULL,
  `last_update_date` datetime DEFAULT NULL
) ENGINE=InnoDB DEFAULT CHARSET=latin1;

-- --------------------------------------------------------

--
-- Table structure for table `prj_project_type_header`
--

CREATE TABLE `prj_project_type_header` (
  `prj_project_type_header_id` int(12) UNSIGNED NOT NULL,
  `bu_org_id` int(12) NOT NULL,
  `project_class` varchar(15) NOT NULL,
  `project_type` varchar(50) NOT NULL,
  `description` varchar(255) DEFAULT NULL,
  `effective_from` date DEFAULT NULL,
  `effective_to` date DEFAULT NULL,
  `service_type` varchar(25) DEFAULT NULL,
  `role_list_id` int(11) DEFAULT NULL,
  `prj_work_type_id` int(12) DEFAULT NULL,
  `sponsored_cb` tinyint(1) DEFAULT NULL,
  `organization_planning_cb` tinyint(1) DEFAULT NULL,
  `intercompany_billing_cb` tinyint(1) DEFAULT NULL,
  `prj_burden_list_header_id` int(12) DEFAULT NULL,
  `cost_burdened_cb` tinyint(1) DEFAULT NULL,
  `account_burdened_cost_cb` tinyint(1) DEFAULT NULL,
  `cost_budget_method` varchar(12) DEFAULT NULL,
  `revenue_budget_method` varchar(12) DEFAULT NULL,
  `resource_list_id` int(12) DEFAULT NULL,
  `project_status` varchar(25) DEFAULT NULL,
  `cip_cost_type` varchar(25) DEFAULT NULL,
  `asset_cost_allocation_method` varchar(25) DEFAULT NULL,
  `event_processing_method` varchar(25) DEFAULT NULL,
  `grouping_method` varchar(25) DEFAULT NULL,
  `labor_billing_type` varchar(15) DEFAULT NULL,
  `nlr_billing_type` varchar(15) DEFAULT NULL,
  `employee_schedule_id` int(12) DEFAULT NULL,
  `job_schedule_id` int(12) DEFAULT NULL,
  `l_revenue_burden_id` int(12) DEFAULT NULL,
  `l_invoice_burdern_id` int(12) DEFAULT NULL,
  `nrl_revenue_burden_id` int(12) DEFAULT NULL,
  `nlr_invoice_burdern_id` int(12) DEFAULT NULL,
  `nlr_schedule_id` int(12) DEFAULT NULL,
  `billing_cycle_id` int(12) DEFAULT NULL,
  `cost_cost_cb` tinyint(1) DEFAULT NULL,
  `cost_event_cb` tinyint(1) DEFAULT NULL,
  `cost_work_cb` tinyint(1) DEFAULT NULL,
  `event_event_cb` tinyint(1) DEFAULT NULL,
  `event_work_cb` tinyint(1) DEFAULT NULL,
  `work_event_cb` tinyint(1) DEFAULT NULL,
  `work_work_cb` tinyint(1) DEFAULT NULL,
  `created_by` int(12) NOT NULL,
  `creation_date` datetime DEFAULT NULL,
  `last_update_by` int(12) NOT NULL,
  `last_update_date` datetime DEFAULT NULL
) ENGINE=InnoDB DEFAULT CHARSET=latin1;

-- --------------------------------------------------------

--
-- Table structure for table `prj_project_type_line`
--

CREATE TABLE `prj_project_type_line` (
  `prj_project_type_line_id` int(12) UNSIGNED NOT NULL,
  `prj_project_type_header_id` int(12) NOT NULL,
  `prj_category_header_id` int(12) NOT NULL,
  `required_cb` tinyint(1) DEFAULT NULL,
  `created_by` int(12) NOT NULL,
  `creation_date` datetime DEFAULT NULL,
  `last_update_by` int(12) NOT NULL,
  `last_update_date` datetime DEFAULT NULL
) ENGINE=InnoDB DEFAULT CHARSET=latin1;

-- --------------------------------------------------------

--
-- Table structure for table `prj_rate_schedule_header`
--

CREATE TABLE `prj_rate_schedule_header` (
  `prj_rate_schedule_header_id` int(12) UNSIGNED NOT NULL,
  `bu_org_id` int(12) NOT NULL,
  `rate_type` varchar(25) NOT NULL,
  `schedule_name` varchar(50) NOT NULL,
  `description` varchar(255) DEFAULT NULL,
  `effective_from` date DEFAULT NULL,
  `effective_to` date DEFAULT NULL,
  `created_by` int(12) NOT NULL,
  `creation_date` datetime DEFAULT NULL,
  `last_update_by` int(12) NOT NULL,
  `last_update_date` datetime DEFAULT NULL
) ENGINE=InnoDB DEFAULT CHARSET=latin1;

-- --------------------------------------------------------

--
-- Table structure for table `prj_rate_schedule_line`
--

CREATE TABLE `prj_rate_schedule_line` (
  `prj_rate_schedule_line_id` int(12) UNSIGNED NOT NULL,
  `prj_rate_schedule_header_id` int(12) NOT NULL,
  `reference_key_name` varchar(100) DEFAULT NULL,
  `effective_from` date DEFAULT NULL,
  `description` varchar(255) DEFAULT NULL,
  `effective_to` date DEFAULT NULL,
  `reference_key_value` int(12) UNSIGNED DEFAULT NULL,
  `uom_id` int(12) DEFAULT NULL,
  `rate` decimal(15,5) DEFAULT NULL,
  `mark_up_percentage` int(4) DEFAULT NULL,
  `resource_name` varchar(25) DEFAULT NULL,
  `created_by` int(12) NOT NULL,
  `creation_date` datetime DEFAULT NULL,
  `last_update_by` int(12) NOT NULL,
  `last_update_date` datetime DEFAULT NULL
) ENGINE=InnoDB DEFAULT CHARSET=latin1;

-- --------------------------------------------------------

--
-- Table structure for table `prj_resource_list_header`
--

CREATE TABLE `prj_resource_list_header` (
  `prj_resource_list_header_id` int(12) UNSIGNED NOT NULL,
  `list_name` varchar(50) NOT NULL,
  `description` varchar(255) DEFAULT NULL,
  `effective_from` date DEFAULT NULL,
  `effective_to` date DEFAULT NULL,
  `created_by` int(12) NOT NULL,
  `creation_date` datetime DEFAULT NULL,
  `last_update_by` int(12) NOT NULL,
  `last_update_date` datetime DEFAULT NULL
) ENGINE=InnoDB DEFAULT CHARSET=latin1;

-- --------------------------------------------------------

--
-- Table structure for table `prj_resource_list_line`
--

CREATE TABLE `prj_resource_list_line` (
  `prj_resource_list_line_id` int(12) UNSIGNED NOT NULL,
  `prj_resource_list_header_id` int(12) NOT NULL,
  `resource_type` varchar(25) DEFAULT NULL,
  `effective_from` date DEFAULT NULL,
  `description` varchar(255) DEFAULT NULL,
  `effective_to` date DEFAULT NULL,
  `hr_employee_id` int(12) DEFAULT NULL,
  `hr_job_id` varchar(25) DEFAULT NULL,
  `org_id` decimal(15,5) DEFAULT NULL,
  `prj_expenditure_type_id` int(12) DEFAULT NULL,
  `revenue_category` varchar(25) DEFAULT NULL,
  `expenditure_category` varchar(25) DEFAULT NULL,
  `created_by` int(12) NOT NULL,
  `creation_date` datetime DEFAULT NULL,
  `last_update_by` int(12) NOT NULL,
  `last_update_date` datetime DEFAULT NULL
) ENGINE=InnoDB DEFAULT CHARSET=latin1;

-- --------------------------------------------------------

--
-- Table structure for table `prj_revenue_header`
--

CREATE TABLE `prj_revenue_header` (
  `prj_revenue_header_id` int(12) NOT NULL,
  `bu_org_id` int(12) NOT NULL,
  `revenue_status` varchar(15) NOT NULL,
  `unearned_coa_id` int(12) DEFAULT NULL,
  `unbilled_coa_id` int(12) NOT NULL,
  `revenue_coa_id` int(12) NOT NULL,
  `prj_agreement_header_id` int(12) DEFAULT NULL,
  `description` varchar(256) DEFAULT NULL,
  `prj_project_header_id` int(12) NOT NULL,
  `transfer_status` varchar(15) DEFAULT NULL,
  `unearned_amount` decimal(20,5) DEFAULT NULL,
  `unbilled_amount` decimal(20,5) DEFAULT NULL,
  `revenue_amount` decimal(20,5) DEFAULT NULL,
  `currency` varchar(256) NOT NULL,
  `doc_currency` varchar(25) NOT NULL,
  `revenue_number` varchar(25) DEFAULT NULL,
  `exchange_rate_type` varchar(50) NOT NULL,
  `exchange_rate` decimal(20,5) NOT NULL,
  `release_date` date DEFAULT NULL,
  `rejection_reason` varchar(255) DEFAULT NULL,
  `transfer_date` date DEFAULT NULL,
  `document_number` varchar(50) DEFAULT NULL,
  `ledger_id` int(12) NOT NULL,
  `period_id` int(12) NOT NULL,
  `approval_status` varchar(25) DEFAULT NULL,
  `reference_type` varchar(25) DEFAULT NULL,
  `reference_key_name` varchar(25) DEFAULT NULL,
  `reference_key_value` varchar(25) DEFAULT NULL,
  `gl_journal_header_id` int(12) DEFAULT NULL,
  `created_by` int(12) NOT NULL,
  `creation_date` datetime DEFAULT NULL,
  `last_update_by` int(12) NOT NULL,
  `last_update_date` datetime DEFAULT NULL
) ENGINE=InnoDB DEFAULT CHARSET=latin1;

-- --------------------------------------------------------

--
-- Table structure for table `prj_revenue_line`
--

CREATE TABLE `prj_revenue_line` (
  `prj_revenue_line_id` int(12) NOT NULL,
  `prj_revenue_header_id` int(12) NOT NULL,
  `prj_project_line_id` int(12) DEFAULT NULL,
  `revenue_category` varchar(25) DEFAULT NULL,
  `revenue_source` varchar(25) DEFAULT NULL,
  `line_number` int(12) NOT NULL,
  `description` varchar(256) DEFAULT NULL,
  `amount` decimal(20,5) DEFAULT NULL,
  `release_date` date DEFAULT NULL,
  `rejection_reason` varchar(255) DEFAULT NULL,
  `transfer_date` date DEFAULT NULL,
  `document_number` varchar(50) DEFAULT NULL,
  `reference_type` varchar(75) DEFAULT NULL,
  `reference_key_name` varchar(75) DEFAULT NULL,
  `reference_key_value` varchar(25) DEFAULT NULL,
  `gl_journal_header_id` int(12) DEFAULT NULL,
  `gl_journal_interface_cb` tinyint(1) DEFAULT NULL,
  `created_by` int(12) NOT NULL,
  `creation_date` datetime DEFAULT NULL,
  `last_update_by` int(12) NOT NULL,
  `last_update_date` datetime DEFAULT NULL
) ENGINE=InnoDB DEFAULT CHARSET=latin1;

-- --------------------------------------------------------

--
-- Table structure for table `prj_role`
--

CREATE TABLE `prj_role` (
  `prj_role_id` int(12) UNSIGNED NOT NULL,
  `role_name` varchar(25) NOT NULL,
  `description` varchar(255) DEFAULT NULL,
  `user_role` varchar(25) DEFAULT NULL,
  `effective_from` date DEFAULT NULL,
  `effective_to` date DEFAULT NULL,
  `labor_cost_cb` tinyint(1) DEFAULT NULL,
  `contract_member_cb` tinyint(1) DEFAULT NULL,
  `project_member_cb` tinyint(1) DEFAULT NULL,
  `task_member_cb` tinyint(1) DEFAULT NULL,
  `scheduling_cb` tinyint(1) DEFAULT NULL,
  `min_job_level` int(4) DEFAULT NULL,
  `max_job_level` int(4) DEFAULT NULL,
  `hr_job_id` int(12) DEFAULT NULL,
  `created_by` int(12) NOT NULL,
  `creation_date` datetime(1) DEFAULT NULL,
  `last_update_by` int(12) NOT NULL,
  `last_update_date` datetime DEFAULT NULL
) ENGINE=InnoDB DEFAULT CHARSET=latin1;

--
-- Dumping data for table `prj_role`
--

INSERT INTO `prj_role` (`prj_role_id`, `role_name`, `description`, `user_role`, `effective_from`, `effective_to`, `labor_cost_cb`, `contract_member_cb`, `project_member_cb`, `task_member_cb`, `scheduling_cb`, `min_job_level`, `max_job_level`, `hr_job_id`, `created_by`, `creation_date`, `last_update_by`, `last_update_date`) VALUES
(1, 'Account Manager', 'Account Manager', NULL, NULL, NULL, 1, 1, 1, NULL, 1, 10, 15, NULL, 34, '2015-06-22 05:30:08.0', 34, '2015-06-22 05:30:08'),
(2, 'Administrative ', 'Administrative Work', NULL, NULL, NULL, NULL, 1, 1, 1, NULL, 10, 15, NULL, 34, '2015-06-22 05:33:37.0', 34, '2015-06-22 05:33:37'),
(3, 'Business Analyst', 'Business Analyst', NULL, NULL, NULL, 1, NULL, 1, NULL, 1, 10, 15, NULL, 34, '2015-06-22 05:34:29.0', 34, '2015-06-22 05:34:29');

-- --------------------------------------------------------

--
-- Table structure for table `prj_status_header`
--

CREATE TABLE `prj_status_header` (
  `prj_status_header_id` int(12) NOT NULL,
  `user_status` varchar(25) NOT NULL,
  `system_status` varchar(25) NOT NULL,
  `description` varchar(255) DEFAULT NULL,
  `from_date` date DEFAULT NULL,
  `to_date` date DEFAULT NULL,
  `starting_status_cb` tinyint(1) DEFAULT NULL,
  `ending_status_cb` tinyint(1) DEFAULT NULL,
  `sys_process_flow_header_id` int(12) DEFAULT NULL,
  `next_allowed_status` varchar(25) DEFAULT NULL,
  `created_by` int(12) NOT NULL,
  `creation_date` datetime NOT NULL,
  `last_update_by` int(12) NOT NULL,
  `last_update_date` datetime NOT NULL
) ENGINE=InnoDB DEFAULT CHARSET=latin1;

-- --------------------------------------------------------

--
-- Table structure for table `prj_status_line`
--

CREATE TABLE `prj_status_line` (
  `prj_status_line_id` int(12) NOT NULL,
  `prj_status_header_id` int(12) NOT NULL,
  `action_code` varchar(25) NOT NULL,
  `allow_cb` tinyint(1) DEFAULT NULL,
  `default_cb` tinyint(1) DEFAULT NULL,
  `created_by` int(12) NOT NULL,
  `creation_date` datetime NOT NULL,
  `last_update_by` int(12) NOT NULL,
  `last_update_date` datetime NOT NULL
) ENGINE=InnoDB DEFAULT CHARSET=latin1;

-- --------------------------------------------------------

--
-- Table structure for table `prj_status_next`
--

CREATE TABLE `prj_status_next` (
  `prj_status_next_id` int(12) NOT NULL,
  `prj_status_header_id` int(12) NOT NULL,
  `status_name` varchar(25) NOT NULL,
  `created_by` int(12) NOT NULL,
  `creation_date` datetime NOT NULL,
  `last_update_by` int(12) NOT NULL,
  `last_update_date` datetime NOT NULL
) ENGINE=InnoDB DEFAULT CHARSET=latin1;

-- --------------------------------------------------------

--
-- Table structure for table `prj_work_type`
--

CREATE TABLE `prj_work_type` (
  `prj_work_type_id` int(12) UNSIGNED NOT NULL,
  `work_type` varchar(25) NOT NULL,
  `description` varchar(255) DEFAULT NULL,
  `billable_cb` tinyint(1) DEFAULT NULL,
  `effective_from` date DEFAULT NULL,
  `effective_to` date DEFAULT NULL,
  `capitalizable_cb` tinyint(1) DEFAULT NULL,
  `tp_amount_type` varchar(25) DEFAULT NULL,
  `training_cb` tinyint(1) DEFAULT NULL,
  `shadow_resource_cb` tinyint(1) DEFAULT NULL,
  `utilization_type` varchar(25) DEFAULT NULL,
  `utilization_percentage` decimal(6,3) DEFAULT NULL,
  `unassigned_cb` tinyint(1) DEFAULT NULL,
  `non_worked_cb` tinyint(1) DEFAULT NULL,
  `created_by` int(12) NOT NULL,
  `creation_date` datetime DEFAULT NULL,
  `last_update_by` int(12) NOT NULL,
  `last_update_date` datetime DEFAULT NULL
) ENGINE=InnoDB DEFAULT CHARSET=latin1;

--
-- Dumping data for table `prj_work_type`
--

INSERT INTO `prj_work_type` (`prj_work_type_id`, `work_type`, `description`, `billable_cb`, `effective_from`, `effective_to`, `capitalizable_cb`, `tp_amount_type`, `training_cb`, `shadow_resource_cb`, `utilization_type`, `utilization_percentage`, `unassigned_cb`, `non_worked_cb`, `created_by`, `creation_date`, `last_update_by`, `last_update_date`) VALUES
(1, 'Internal - capital', 'Internal - capital', 1, '2005-01-01', '0000-00-00', 1, 'COST', NULL, NULL, NULL, NULL, NULL, NULL, 34, '2015-06-18 06:40:11', 34, '2015-06-18 09:15:24'),
(2, 'Internal - Overhead', 'Internal - Overhead', NULL, '2005-01-01', '0000-00-00', 1, 'COST', NULL, NULL, NULL, NULL, NULL, NULL, 34, '2015-06-18 09:16:00', 34, '2015-06-18 09:16:00'),
(3, 'Funding - External', 'Funding - External', 1, '2005-01-01', '0000-00-00', NULL, 'REVENUE', NULL, NULL, NULL, NULL, NULL, NULL, 34, '2015-06-18 09:20:09', 34, '2015-06-18 09:20:09'),
(4, 'Funding - Internal', 'Funding - Internal', 1, '2005-01-01', '0000-00-00', 1, 'COST_PLUS', NULL, NULL, NULL, NULL, NULL, NULL, 34, '2015-06-18 09:20:38', 34, '2015-06-18 09:20:38');

-- --------------------------------------------------------

--
-- Table structure for table `product`
--

CREATE TABLE `product` (
  `content_id` int(12) NOT NULL,
  `field_name` varchar(50) DEFAULT NULL,
  `field_image` varchar(100) DEFAULT NULL,
  `field_price` int(10) DEFAULT NULL,
  `field_description` varchar(256) DEFAULT NULL
) ENGINE=InnoDB DEFAULT CHARSET=latin1;

-- --------------------------------------------------------

--
-- Table structure for table `qa_ce_action`
--

CREATE TABLE `qa_ce_action` (
  `qa_ce_action_id` int(12) NOT NULL,
  `qa_ce_header_id` int(12) NOT NULL,
  `action_condition` varchar(5) NOT NULL,
  `comparison` varchar(10) DEFAULT NULL,
  `value_from` varchar(50) DEFAULT NULL,
  `value_to` varchar(50) DEFAULT NULL,
  `spec_value` varchar(20) DEFAULT NULL,
  `quality_action` varchar(25) DEFAULT NULL,
  `description` varchar(256) DEFAULT NULL,
  `end_date` date DEFAULT NULL,
  `created_by` int(12) NOT NULL,
  `creation_date` datetime DEFAULT NULL,
  `last_update_by` int(12) NOT NULL,
  `last_update_date` datetime DEFAULT NULL
) ENGINE=InnoDB DEFAULT CHARSET=latin1;

-- --------------------------------------------------------

--
-- Table structure for table `qa_ce_action_type`
--

CREATE TABLE `qa_ce_action_type` (
  `qa_ce_action_type_id` int(12) NOT NULL,
  `reference_type` varchar(30) DEFAULT NULL,
  `reference_entity` varchar(50) DEFAULT NULL,
  `reference_key_name` varchar(50) DEFAULT NULL,
  `reference_key_value` int(12) DEFAULT NULL,
  `qa_cp_header_id` int(12) DEFAULT NULL,
  `created_by` varchar(256) NOT NULL,
  `creation_date` date NOT NULL,
  `last_update_by` varchar(256) NOT NULL,
  `last_update_date` date NOT NULL,
  `qa_ce_action_type_value` varchar(10) DEFAULT NULL
) ENGINE=InnoDB DEFAULT CHARSET=latin1;

-- --------------------------------------------------------

--
-- Table structure for table `qa_ce_bgm_calibration_reading`
--

CREATE TABLE `qa_ce_bgm_calibration_reading` (
  `qa_ce_bgm_calibration_reading_id` int(12) NOT NULL,
  `reference_type` varchar(30) DEFAULT NULL,
  `reference_entity` varchar(50) DEFAULT NULL,
  `reference_key_name` varchar(50) DEFAULT NULL,
  `reference_key_value` int(12) DEFAULT NULL,
  `qa_cp_header_id` int(12) DEFAULT NULL,
  `created_by` varchar(256) NOT NULL,
  `creation_date` date NOT NULL,
  `last_update_by` varchar(256) NOT NULL,
  `last_update_date` date NOT NULL,
  `qa_ce_bgm_calibration_reading_value` varchar(10) DEFAULT NULL
) ENGINE=InnoDB DEFAULT CHARSET=latin1;

-- --------------------------------------------------------

--
-- Table structure for table `qa_ce_enc_rating`
--

CREATE TABLE `qa_ce_enc_rating` (
  `qa_ce_enc_rating_id` int(12) NOT NULL,
  `reference_type` varchar(30) DEFAULT NULL,
  `reference_entity` varchar(50) DEFAULT NULL,
  `reference_key_name` varchar(50) DEFAULT NULL,
  `reference_key_value` int(12) DEFAULT NULL,
  `qa_cp_header_id` int(12) DEFAULT NULL,
  `created_by` varchar(256) NOT NULL,
  `creation_date` date NOT NULL,
  `last_update_by` varchar(256) NOT NULL,
  `last_update_date` date NOT NULL,
  `qa_ce_enc_rating_value` varchar(256) DEFAULT NULL
) ENGINE=InnoDB DEFAULT CHARSET=latin1;

-- --------------------------------------------------------

--
-- Table structure for table `qa_ce_header`
--

CREATE TABLE `qa_ce_header` (
  `qa_ce_header_id` int(12) NOT NULL,
  `element_name` varchar(50) NOT NULL,
  `sys_element_name` varchar(50) NOT NULL,
  `description` varchar(256) DEFAULT NULL,
  `data_type` varchar(50) DEFAULT NULL,
  `data_length` int(12) DEFAULT NULL,
  `display_type` varchar(20) DEFAULT NULL,
  `element_type` varchar(10) NOT NULL,
  `element_label` varchar(50) DEFAULT NULL,
  `hint` varchar(255) DEFAULT NULL,
  `decimal_position` int(2) DEFAULT NULL,
  `uom_id` int(12) DEFAULT NULL,
  `default_value` varchar(50) DEFAULT NULL,
  `option_header_id` int(12) DEFAULT NULL,
  `target_value` varchar(50) DEFAULT NULL,
  `user_range_low` varchar(50) DEFAULT NULL,
  `user_range_high` varchar(50) DEFAULT NULL,
  `specification_range_high` varchar(50) DEFAULT NULL,
  `specification_range_low` varchar(50) DEFAULT NULL,
  `reasonable_range_high` varchar(50) DEFAULT NULL,
  `reasonable_range_low` varchar(50) DEFAULT NULL,
  `active_cb` tinyint(1) DEFAULT NULL,
  `created_by` int(12) NOT NULL,
  `creation_date` datetime DEFAULT NULL,
  `last_update_by` int(12) NOT NULL,
  `last_update_date` datetime DEFAULT NULL
) ENGINE=InnoDB DEFAULT CHARSET=latin1;

-- --------------------------------------------------------

--
-- Table structure for table `qa_ce_higher_bandwidth1`
--

CREATE TABLE `qa_ce_higher_bandwidth1` (
  `qa_ce_higher_bandwidth1_id` int(12) NOT NULL,
  `reference_type` varchar(30) DEFAULT NULL,
  `reference_entity` varchar(50) DEFAULT NULL,
  `reference_key_name` varchar(50) DEFAULT NULL,
  `reference_key_value` int(12) DEFAULT NULL,
  `qa_cp_header_id` int(12) DEFAULT NULL,
  `created_by` varchar(256) NOT NULL,
  `creation_date` date NOT NULL,
  `last_update_by` varchar(256) NOT NULL,
  `last_update_date` date NOT NULL,
  `qa_ce_higher_bandwidth1_value` varchar(10) DEFAULT NULL
) ENGINE=InnoDB DEFAULT CHARSET=latin1;

-- --------------------------------------------------------

--
-- Table structure for table `qa_ce_line`
--

CREATE TABLE `qa_ce_line` (
  `qa_ce_line_id` int(12) NOT NULL,
  `qa_ce_header_id` int(12) NOT NULL,
  `element_value` varchar(50) NOT NULL,
  `description` varchar(256) DEFAULT NULL,
  `end_date` date DEFAULT NULL,
  `created_by` int(12) NOT NULL,
  `creation_date` datetime DEFAULT NULL,
  `last_update_by` int(12) NOT NULL,
  `last_update_date` datetime DEFAULT NULL
) ENGINE=InnoDB DEFAULT CHARSET=latin1;

-- --------------------------------------------------------

--
-- Table structure for table `qa_ce_lower_bandwidth1`
--

CREATE TABLE `qa_ce_lower_bandwidth1` (
  `qa_ce_lower_bandwidth1_id` int(12) NOT NULL,
  `reference_type` varchar(30) DEFAULT NULL,
  `reference_entity` varchar(50) DEFAULT NULL,
  `reference_key_name` varchar(50) DEFAULT NULL,
  `reference_key_value` int(12) DEFAULT NULL,
  `qa_cp_header_id` int(12) DEFAULT NULL,
  `created_by` varchar(256) NOT NULL,
  `creation_date` date NOT NULL,
  `last_update_by` varchar(256) NOT NULL,
  `last_update_date` date NOT NULL,
  `qa_ce_lower_bandwidth1_value` varchar(10) DEFAULT NULL
) ENGINE=InnoDB DEFAULT CHARSET=latin1;

-- --------------------------------------------------------

--
-- Table structure for table `qa_ce_lower_bandwidth2`
--

CREATE TABLE `qa_ce_lower_bandwidth2` (
  `qa_ce_lower_bandwidth2_id` int(12) NOT NULL,
  `reference_type` varchar(30) DEFAULT NULL,
  `reference_entity` varchar(50) DEFAULT NULL,
  `reference_key_name` varchar(50) DEFAULT NULL,
  `reference_key_value` int(12) DEFAULT NULL,
  `qa_cp_header_id` int(12) DEFAULT NULL,
  `created_by` varchar(256) NOT NULL,
  `creation_date` date NOT NULL,
  `last_update_by` varchar(256) NOT NULL,
  `last_update_date` date NOT NULL,
  `qa_ce_lower_bandwidth2_value` varchar(10) DEFAULT NULL
) ENGINE=InnoDB DEFAULT CHARSET=latin1;

-- --------------------------------------------------------

--
-- Table structure for table `qa_ce_quality_rating`
--

CREATE TABLE `qa_ce_quality_rating` (
  `qa_ce_quality_rating_id` int(12) NOT NULL,
  `reference_type` varchar(30) DEFAULT NULL,
  `reference_entity` varchar(50) DEFAULT NULL,
  `reference_key_name` varchar(50) DEFAULT NULL,
  `reference_key_value` int(12) DEFAULT NULL,
  `qa_cp_header_id` int(12) DEFAULT NULL,
  `created_by` varchar(256) NOT NULL,
  `creation_date` date NOT NULL,
  `last_update_by` varchar(256) NOT NULL,
  `last_update_date` date NOT NULL,
  `qa_ce_quality_rating_value` varchar(10) DEFAULT NULL
) ENGINE=InnoDB DEFAULT CHARSET=latin1;

-- --------------------------------------------------------

--
-- Table structure for table `qa_ce_spectra_reading`
--

CREATE TABLE `qa_ce_spectra_reading` (
  `qa_ce_spectra_reading_id` int(12) NOT NULL,
  `reference_type` varchar(30) DEFAULT NULL,
  `reference_entity` varchar(50) DEFAULT NULL,
  `reference_key_name` varchar(50) DEFAULT NULL,
  `reference_key_value` int(12) DEFAULT NULL,
  `qa_cp_header_id` int(12) DEFAULT NULL,
  `created_by` varchar(256) NOT NULL,
  `creation_date` date NOT NULL,
  `last_update_by` varchar(256) NOT NULL,
  `last_update_date` date NOT NULL,
  `qa_ce_spectra_reading_value` varchar(10) DEFAULT NULL
) ENGINE=InnoDB DEFAULT CHARSET=latin1;

-- --------------------------------------------------------

--
-- Table structure for table `qa_ce_spectrum_range`
--

CREATE TABLE `qa_ce_spectrum_range` (
  `qa_ce_spectrum_range_id` int(12) NOT NULL,
  `reference_type` varchar(30) DEFAULT NULL,
  `reference_entity` varchar(50) DEFAULT NULL,
  `reference_key_name` varchar(50) DEFAULT NULL,
  `reference_key_value` int(12) DEFAULT NULL,
  `qa_cp_header_id` int(12) DEFAULT NULL,
  `created_by` varchar(256) NOT NULL,
  `creation_date` date NOT NULL,
  `last_update_by` varchar(256) NOT NULL,
  `last_update_date` date NOT NULL,
  `qa_ce_spectrum_range_value` varchar(256) DEFAULT NULL
) ENGINE=InnoDB DEFAULT CHARSET=latin1;

-- --------------------------------------------------------

--
-- Table structure for table `qa_cp_assignment_header`
--

CREATE TABLE `qa_cp_assignment_header` (
  `qa_cp_assignment_header_id` int(12) NOT NULL,
  `qa_cp_header_id` int(12) NOT NULL,
  `inv_transaction_id` int(12) NOT NULL,
  `description` varchar(256) DEFAULT NULL,
  `effective_from` date NOT NULL,
  `effective_to` date DEFAULT NULL,
  `mandatory_cb` tinyint(1) DEFAULT NULL,
  `enabled_cb` tinyint(1) DEFAULT NULL,
  `created_by` int(12) NOT NULL,
  `creation_date` datetime DEFAULT NULL,
  `last_update_by` int(12) NOT NULL,
  `last_update_date` datetime DEFAULT NULL
) ENGINE=InnoDB DEFAULT CHARSET=latin1;

-- --------------------------------------------------------

--
-- Table structure for table `qa_cp_assignment_line`
--

CREATE TABLE `qa_cp_assignment_line` (
  `qa_cp_assignment_line_id` int(12) NOT NULL,
  `qa_cp_assignment_header_id` int(12) NOT NULL,
  `qa_cp_header_id` int(12) NOT NULL,
  `trigger_name` varchar(25) NOT NULL,
  `trigger_condition` varchar(10) NOT NULL,
  `value_from` varchar(25) NOT NULL,
  `value_to` varchar(25) DEFAULT NULL,
  `description` varchar(256) DEFAULT NULL,
  `enabled_cb` tinyint(1) DEFAULT NULL,
  `created_by` int(12) NOT NULL,
  `creation_date` datetime DEFAULT NULL,
  `last_update_by` int(12) NOT NULL,
  `last_update_date` datetime DEFAULT NULL
) ENGINE=InnoDB DEFAULT CHARSET=latin1;

-- --------------------------------------------------------

--
-- Table structure for table `qa_cp_header`
--

CREATE TABLE `qa_cp_header` (
  `qa_cp_header_id` int(12) NOT NULL,
  `org_id` int(12) NOT NULL,
  `plan_name` varchar(50) NOT NULL,
  `effective_from` date NOT NULL,
  `description` varchar(256) DEFAULT NULL,
  `effective_to` date DEFAULT NULL,
  `plan_type` varchar(25) DEFAULT NULL,
  `qa_specification_header_id` int(12) DEFAULT NULL,
  `specification_type` int(12) DEFAULT NULL,
  `created_by` int(12) NOT NULL,
  `creation_date` datetime DEFAULT NULL,
  `last_update_by` int(12) NOT NULL,
  `last_update_date` datetime DEFAULT NULL
) ENGINE=InnoDB DEFAULT CHARSET=latin1;

-- --------------------------------------------------------

--
-- Table structure for table `qa_cp_line`
--

CREATE TABLE `qa_cp_line` (
  `qa_cp_line_id` int(12) NOT NULL,
  `qa_cp_header_id` int(12) NOT NULL,
  `qa_collection_element_header_id` int(12) NOT NULL,
  `description` varchar(256) DEFAULT NULL,
  `sequence` int(4) DEFAULT NULL,
  `prompt` varchar(25) DEFAULT NULL,
  `mandatory_cb` tinyint(1) DEFAULT NULL,
  `enabled_cb` tinyint(1) DEFAULT NULL,
  `readonly_cb` tinyint(1) DEFAULT NULL,
  `displayed_cb` tinyint(1) DEFAULT NULL,
  `information_cb` tinyint(1) DEFAULT NULL,
  `dafault_value` varchar(50) DEFAULT NULL,
  `created_by` int(12) NOT NULL,
  `creation_date` datetime DEFAULT NULL,
  `last_update_by` int(12) NOT NULL,
  `last_update_date` datetime DEFAULT NULL
) ENGINE=InnoDB DEFAULT CHARSET=latin1;

-- --------------------------------------------------------

--
-- Table structure for table `qa_specification_header`
--

CREATE TABLE `qa_specification_header` (
  `qa_specification_header_id` int(12) NOT NULL,
  `specification_name` varchar(50) NOT NULL,
  `effective_from` date NOT NULL,
  `description` varchar(256) DEFAULT NULL,
  `effective_to` date DEFAULT NULL,
  `item_id_m` int(12) DEFAULT NULL,
  `item_revision` varchar(10) DEFAULT NULL,
  `ap_supplier_id` int(12) DEFAULT NULL,
  `ap_customer_id` int(12) DEFAULT NULL,
  `status` varchar(25) DEFAULT NULL,
  `created_by` int(12) NOT NULL,
  `creation_date` datetime DEFAULT NULL,
  `last_update_by` int(12) NOT NULL,
  `last_update_date` datetime DEFAULT NULL
) ENGINE=InnoDB DEFAULT CHARSET=latin1;

-- --------------------------------------------------------

--
-- Table structure for table `qa_specification_line`
--

CREATE TABLE `qa_specification_line` (
  `qa_specification_line_id` int(12) NOT NULL,
  `qa_specification_header_id` int(12) NOT NULL,
  `qa_collection_element_header_id` int(12) NOT NULL,
  `description` varchar(256) DEFAULT NULL,
  `uom_id` int(12) DEFAULT NULL,
  `enabled_cb` tinyint(1) DEFAULT NULL,
  `user_range_low` varchar(50) DEFAULT NULL,
  `user_range_high` varchar(50) DEFAULT NULL,
  `user_target_value` varchar(50) DEFAULT NULL,
  `specification_range_high` varchar(50) DEFAULT NULL,
  `specification_range_low` varchar(50) DEFAULT NULL,
  `specification_target_value` varchar(50) DEFAULT NULL,
  `reasonable_range_low` varchar(50) DEFAULT NULL,
  `reasonable_range_high` varchar(50) DEFAULT NULL,
  `reasonable_target_value` int(12) DEFAULT NULL,
  `created_by` int(12) NOT NULL,
  `creation_date` datetime DEFAULT NULL,
  `last_update_by` int(12) NOT NULL,
  `last_update_date` datetime DEFAULT NULL
) ENGINE=InnoDB DEFAULT CHARSET=latin1;

-- --------------------------------------------------------

--
-- Table structure for table `role_access`
--

CREATE TABLE `role_access` (
  `role_access_id` int(12) NOT NULL,
  `role_code` varchar(25) NOT NULL,
  `obj_class_name` varchar(100) NOT NULL,
  `access_level` int(5) DEFAULT NULL,
  `created_by` int(12) NOT NULL,
  `creation_date` datetime DEFAULT NULL,
  `last_update_by` int(12) NOT NULL,
  `last_update_date` datetime DEFAULT NULL
) ENGINE=InnoDB DEFAULT CHARSET=latin1;

--
-- Dumping data for table `role_access`
--

INSERT INTO `role_access` (`role_access_id`, `role_code`, `obj_class_name`, `access_level`, `created_by`, `creation_date`, `last_update_by`, `last_update_date`) VALUES
(1, '261', '1', 9, 0, '2014-06-09 19:02:51', 0, '2014-06-09 19:02:51'),
(2, '262', '2', 9, 0, '2014-06-09 19:14:27', 0, '2014-06-09 19:14:27'),
(3, '262', '1', 9, 0, '2014-06-09 19:14:27', 0, '2014-06-09 19:14:27'),
(4, '262', '3', 9, 0, '2014-06-09 19:14:28', 0, '2014-06-09 19:14:28'),
(5, '262', '4', 9, 0, '2014-06-09 19:14:28', 0, '2014-06-09 19:14:28'),
(6, '262', '5', 9, 0, '2014-06-09 19:14:28', 0, '2014-06-09 19:14:28'),
(7, '262', '6', 9, 0, '2014-06-09 19:14:28', 0, '2014-06-09 19:14:28'),
(8, '262', '10', 9, 0, '2014-06-09 19:14:28', 0, '2014-06-09 19:14:28'),
(9, '262', '7', 9, 0, '2014-06-09 19:14:28', 0, '2014-06-09 19:14:28'),
(10, '262', '9', 9, 0, '2014-06-09 19:14:28', 0, '2014-06-09 19:14:28'),
(11, '262', '8', 9, 0, '2014-06-09 19:14:29', 0, '2014-06-09 19:14:29'),
(12, '262', '11', 9, 0, '2014-06-09 19:14:29', 0, '2014-06-09 19:14:29'),
(13, '261', '4', 3, 0, '2014-06-09 20:00:55', 0, '2014-06-09 20:00:55'),
(14, '261', '9', 4, 0, '2014-06-09 20:00:55', 0, '2014-06-09 20:00:55'),
(15, '261', '2', 2, 0, '2014-06-09 20:00:56', 0, '2014-06-09 20:00:56'),
(16, 'ENGINEER', 'bom_header', 9, 0, '2014-07-03 16:30:46', 0, '2003-07-14 16:30:46'),
(17, 'ENGINEER', 'bom_department', 4, 0, '2014-07-03 16:30:48', 0, '2003-07-14 16:30:48'),
(18, 'ENGINEER', 'content', 4, 0, '2014-07-03 16:30:47', 0, '2003-07-14 16:30:47'),
(19, 'ENGINEER', 'user', 4, 0, '2014-07-03 16:30:48', 0, '2003-07-14 16:30:48'),
(22, 'ADMIN', 'supplier', 9, 0, '2014-06-09 22:06:08', 0, '2009-06-14 22:06:08'),
(23, 'ADMIN', 'ap_payment_header', 9, 0, '2014-06-09 22:06:09', 0, '2009-06-14 22:06:09'),
(24, 'ADMIN', 'ap_transaction_header', 9, 0, '2014-06-09 22:06:08', 0, '2009-06-14 22:06:08'),
(35, 'BASIC', 'content', 4, 0, '2014-09-11 07:47:43', 34, '2014-11-09 05:13:23'),
(36, 'BASIC', 'user', 4, 0, '2014-09-11 07:47:44', 34, '2014-11-09 05:13:22'),
(37, 'BASIC', 'comment', 4, 0, '2014-09-11 07:45:09', 34, '2014-11-09 05:13:22'),
(43, 'BASIC', 'user_activity_v', 2, 34, '2014-10-21 09:00:30', 34, '2014-10-21 09:00:30'),
(44, 'BUYER', 'supplier', 9, 34, '2014-11-22 17:05:37', 1, '2016-08-25 10:10:12'),
(45, 'BUYER', 'supplier_bu', 9, 34, '2014-11-22 17:05:37', 1, '2016-08-25 10:10:13'),
(46, 'BUYER', 'po_header', 9, 34, '2014-12-26 10:33:59', 1, '2016-08-25 10:10:13'),
(47, 'BUYER', 'po_asl_header', 9, 34, '2015-02-18 04:53:32', 1, '2016-08-25 10:10:12'),
(48, 'BUYER', 'po_quote_header', 9, 34, '2015-02-22 13:56:50', 1, '2016-08-25 10:10:13'),
(49, 'BASIC', 'comment', 2, 34, '2015-03-08 06:53:38', 34, '2015-03-08 06:53:38'),
(50, 'BUYER', 'po_requisition_header', 9, 34, '2015-03-10 06:24:19', 1, '2016-08-25 10:10:12'),
(51, 'BUYER', 'po_rfq_header', 9, 34, '2015-03-10 06:24:20', 1, '2016-08-25 10:10:13'),
(52, 'BUYER', 'po_sourcing_rule_header', 9, 34, '2015-03-10 06:24:20', 1, '2016-08-25 10:10:13'),
(53, 'BUYER', 'item', 9, 34, '2015-03-10 06:24:21', 1, '2016-09-01 08:14:48'),
(54, 'BUYER', 'bom_header', 2, 34, '2015-03-10 06:24:21', 1, '2016-08-25 10:10:14'),
(55, 'BUYER', 'ap_payment_header', 9, 34, '2015-03-10 06:24:22', 1, '2016-08-25 10:10:14'),
(56, 'BUYER', 'ar_customer', 9, 34, '2015-03-10 06:24:23', 1, '2016-08-25 10:10:14'),
(57, 'BUYER', 'ar_customer_bu', 2, 34, '2015-03-10 06:24:23', 1, '2016-08-25 10:10:14'),
(58, 'BUYER', 'ap_transaction_header', 2, 34, '2015-03-10 06:24:24', 1, '2016-08-25 10:10:14'),
(59, 'BUYER', 'ar_customer', 2, 34, '2015-03-10 06:24:24', 1, '2016-08-25 10:10:15'),
(60, 'BUYER', 'bom_cost_type', 2, 34, '2015-03-10 06:24:25', 1, '2016-08-25 10:10:15'),
(61, 'BUYER', 'bom_department', 2, 34, '2015-03-10 06:24:26', 1, '2016-08-25 10:10:15'),
(62, 'BUYER', 'bom_material_element', 9, 34, '2015-04-29 12:32:43', 1, '2016-08-25 10:10:15'),
(63, 'MANAGEMENT', 'user_activity_v', 9, 34, '2015-05-06 14:13:49', 34, '2015-05-06 14:13:49'),
(64, 'MANAGEMENT', 'role_access', 9, 34, '2015-05-06 14:13:50', 34, '2015-05-06 14:13:50'),
(65, 'MANAGEMENT', 'user_dashboard_config', 9, 34, '2015-05-06 14:13:51', 34, '2015-05-06 14:13:51'),
(66, 'MANAGEMENT', 'user_dashboard_v', 9, 34, '2015-05-06 14:13:51', 34, '2015-05-06 14:13:51'),
(67, 'MANAGEMENT', 'user', 9, 34, '2015-05-06 14:13:52', 34, '2015-05-06 14:13:52'),
(68, 'LOCAL_ADMIN', 'ar_customer', 9, 34, '2016-05-11 10:19:42', 34, '2016-05-11 10:19:42'),
(69, 'LOCAL_ADMIN', 'supplier', 4, 34, '2016-05-11 10:19:42', 34, '2016-05-11 10:19:42'),
(70, 'LOCAL_ADMIN', 'bom_cost_type', 9, 34, '2016-05-11 10:19:43', 34, '2016-05-11 10:19:43'),
(71, 'BUYER', 'ino_user', 4, 1, '2016-08-26 11:12:27', 1, '2016-08-26 11:12:27'),
(72, 'BUYER', 'extn_report', 2, 1, '2016-09-01 08:14:47', 1, '2016-09-01 08:14:47'),
(73, 'BUYER', 'sd_so_header', 2, 1, '2016-09-01 08:14:48', 1, '2016-09-01 08:14:48');

-- --------------------------------------------------------

--
-- Table structure for table `role_path`
--

CREATE TABLE `role_path` (
  `role_path_id` int(12) UNSIGNED NOT NULL,
  `role_id` int(12) UNSIGNED NOT NULL,
  `path_id` int(12) UNSIGNED DEFAULT NULL,
  `created_by` int(12) NOT NULL,
  `creation_date` datetime DEFAULT NULL,
  `last_update_by` int(12) NOT NULL,
  `last_update_date` datetime DEFAULT NULL
) ENGINE=InnoDB DEFAULT CHARSET=latin1;

--
-- Dumping data for table `role_path`
--

INSERT INTO `role_path` (`role_path_id`, `role_id`, `path_id`, `created_by`, `creation_date`, `last_update_by`, `last_update_date`) VALUES
(2, 261, 144, 0, '2014-01-31 18:43:16', 0, '2014-01-31 18:43:16'),
(3, 261, 143, 0, '2014-01-31 18:43:18', 0, '2014-01-31 18:43:18'),
(4, 261, 142, 0, '2014-01-31 18:43:17', 0, '2014-01-31 18:43:17'),
(5, 261, 72, 0, '2014-01-31 18:43:17', 0, '2014-01-31 18:43:17'),
(6, 261, 82, 0, '2014-01-31 18:43:17', 0, '2014-01-31 18:43:17'),
(7, 261, 145, 0, '2014-01-31 18:43:16', 0, '2014-01-31 18:43:16'),
(8, 261, 84, 0, '2014-01-31 18:43:22', 0, '2014-01-31 18:43:22'),
(9, 261, 140, 0, '2014-01-31 18:43:22', 0, '2014-01-31 18:43:22'),
(10, 263, 92, 0, '2013-09-24 23:13:00', 0, '2013-09-24 23:13:00'),
(11, 261, 94, 0, '2014-01-31 18:43:23', 0, '2014-01-31 18:43:23'),
(12, 261, 58, 0, '2014-01-31 18:43:23', 0, '2014-01-31 18:43:23'),
(13, 261, 89, 0, '2014-01-31 18:43:23', 0, '2014-01-31 18:43:23'),
(14, 261, 92, 0, '2014-01-31 18:43:23', 0, '2014-01-31 18:43:23'),
(15, 261, 146, 0, '2014-01-31 18:43:28', 0, '2014-01-31 18:43:28'),
(16, 261, 141, 0, '2014-01-31 18:43:28', 0, '2014-01-31 18:43:28'),
(18, 261, 85, 0, '2014-01-31 18:43:28', 0, '2014-01-31 18:43:28');

-- --------------------------------------------------------

--
-- Stand-in structure for view `sd_delivery_all_v`
--
CREATE TABLE `sd_delivery_all_v` (
`sd_delivery_header_id` int(12)
,`delivery_number` varchar(25)
,`carrier` varchar(256)
,`vehicle_number` varchar(256)
,`handling_instruction` varchar(256)
,`delivery_shipped_quantity` decimal(15,5)
,`delivery_status` varchar(25)
,`sd_so_header_id` int(12)
,`bu_org_id` int(12)
,`document_type` int(12)
,`so_number` varchar(50)
,`ar_customer_id` int(12)
,`ship_to_id` int(12)
,`bill_to_id` int(12)
,`ar_customer_site_id` int(12)
,`hr_employee_id` int(12)
,`doc_currency` varchar(25)
,`header_amount` decimal(20,5)
,`so_status` varchar(25)
,`payment_term_id` int(12)
,`customer_name` varchar(60)
,`customer_number` varchar(25)
,`customer_site_name` varchar(60)
,`customer_site_number` int(12)
,`sd_so_line_id` int(12)
,`line_type` varchar(25)
,`line_number` int(12)
,`item_id_m` int(12)
,`kit_cb` tinyint(1)
,`kit_configured_cb` tinyint(1)
,`bom_config_header_id` int(12)
,`wip_wo_header_id` int(12)
,`item_description` varchar(256)
,`line_description` varchar(256)
,`line_quantity` decimal(20,5)
,`picked_quantity` decimal(15,5)
,`shipped_quantity` decimal(15,5)
,`unit_price` decimal(20,5)
,`line_price` decimal(20,5)
,`line_status` varchar(25)
,`requested_date` date
,`promise_date` date
,`schedule_ship_date` date
,`actual_ship_date` date
,`item_number` varchar(50)
,`uom_id` int(12)
,`item_status` varchar(15)
,`org` varchar(50)
,`shipping_org_id` int(12)
,`created_by` int(12)
,`creation_date` datetime
,`last_update_by` int(12)
,`last_update_date` datetime
,`address` text
,`country` varchar(40)
,`postal_code` varchar(20)
,`phone` varchar(50)
,`email` varchar(100)
,`website` varchar(200)
,`address_b` text
,`country_b` varchar(40)
,`postal_code_b` varchar(20)
,`phone_b` varchar(50)
,`email_b` varchar(100)
,`website_b` varchar(200)
,`sales_person` varchar(102)
);

-- --------------------------------------------------------

--
-- Table structure for table `sd_delivery_header`
--

CREATE TABLE `sd_delivery_header` (
  `sd_delivery_header_id` int(12) NOT NULL,
  `delivery_number` varchar(25) DEFAULT NULL,
  `comment` varchar(256) DEFAULT NULL,
  `shipping_org_id` int(12) NOT NULL,
  `transaction_type_id` int(12) DEFAULT NULL,
  `delivery_date` date DEFAULT NULL,
  `status` varchar(25) DEFAULT NULL,
  `received_by` varchar(256) DEFAULT NULL,
  `carrier` varchar(256) DEFAULT NULL,
  `vehicle_number` varchar(256) DEFAULT NULL,
  `delivery_received_by` varchar(256) DEFAULT NULL,
  `carrier_receipt_number` varchar(256) DEFAULT NULL,
  `expetced_delivery_date` date DEFAULT NULL,
  `actual_delivery_date` date DEFAULT NULL,
  `handling_instruction` varchar(256) DEFAULT NULL,
  `subinventory_id` int(12) NOT NULL,
  `locator_id` int(12) DEFAULT NULL,
  `ef_id` int(12) DEFAULT NULL,
  `created_by` int(12) NOT NULL,
  `creation_date` datetime NOT NULL,
  `last_update_by` int(12) NOT NULL,
  `last_update_date` datetime NOT NULL
) ENGINE=InnoDB DEFAULT CHARSET=latin1;

-- --------------------------------------------------------

--
-- Table structure for table `sd_delivery_line`
--

CREATE TABLE `sd_delivery_line` (
  `sd_delivery_line_id` int(12) NOT NULL,
  `sd_delivery_header_id` int(12) DEFAULT NULL,
  `sd_so_header_id` int(12) NOT NULL,
  `sd_so_line_id` int(12) NOT NULL,
  `shipping_org_id` int(12) NOT NULL,
  `item_id_m` int(12) DEFAULT NULL,
  `item_description` varchar(25) DEFAULT NULL,
  `quantity` decimal(20,5) DEFAULT NULL,
  `shipped_quantity` decimal(15,5) DEFAULT NULL,
  `staging_subinventory_id` int(12) NOT NULL,
  `staging_locator_id` int(12) DEFAULT NULL,
  `delivery_status` varchar(25) NOT NULL,
  `picking_date` date DEFAULT NULL,
  `actual_ship_date` date DEFAULT NULL,
  `reference_doc_type` int(12) DEFAULT NULL,
  `reference_doc_number` int(12) DEFAULT NULL,
  `line_uom_id` varchar(25) DEFAULT NULL,
  `volume_uom_id` int(12) DEFAULT NULL,
  `total_volume` decimal(20,5) DEFAULT NULL,
  `weight_uom_id` int(12) DEFAULT NULL,
  `total_weight` date DEFAULT NULL,
  `created_by` int(12) NOT NULL,
  `creation_date` datetime NOT NULL,
  `last_update_by` int(12) NOT NULL,
  `last_update_date` datetime NOT NULL
) ENGINE=InnoDB DEFAULT CHARSET=latin1;

-- --------------------------------------------------------

--
-- Table structure for table `sd_document_relation`
--

CREATE TABLE `sd_document_relation` (
  `mdm_price_list_header_id` int(12) NOT NULL,
  `price_list` varchar(25) NOT NULL,
  `module_name` enum('PO','SD','','') NOT NULL,
  `currency_code` varchar(25) NOT NULL,
  `description` varchar(256) DEFAULT NULL,
  `status` enum('active','inactive','','') DEFAULT NULL,
  `allow_mutli_currency_cb` tinyint(1) DEFAULT NULL,
  `currency_conversion_type` varchar(25) DEFAULT NULL,
  `created_by` int(12) NOT NULL,
  `creation_date` datetime DEFAULT NULL,
  `last_update_by` int(12) NOT NULL,
  `last_update_date` datetime DEFAULT NULL
) ENGINE=InnoDB DEFAULT CHARSET=latin1;

-- --------------------------------------------------------

--
-- Table structure for table `sd_document_type`
--

CREATE TABLE `sd_document_type` (
  `sd_document_type_id` int(12) NOT NULL,
  `document_type_name` varchar(25) NOT NULL,
  `bu_org_id_r` int(12) DEFAULT NULL,
  `level` enum('HEADER','LINE','','') NOT NULL,
  `type` enum('SALES_AGREEMENT','SALES_ORDER','','') NOT NULL,
  `supply_source` varchar(25) DEFAULT NULL,
  `description` varchar(256) DEFAULT NULL,
  `category` enum('ORDER','RETURN','BOTH','') DEFAULT NULL,
  `process_flow_id` int(12) DEFAULT NULL,
  `default_line_document` int(12) DEFAULT NULL,
  `price_list_header_id` int(12) DEFAULT NULL,
  `default_shipfrom_org_id` int(12) DEFAULT NULL,
  `destination_type` varchar(25) DEFAULT NULL,
  `ar_transaction_type` varchar(25) DEFAULT NULL,
  `ar_transaction_source` varchar(25) DEFAULT NULL,
  `created_by` int(12) NOT NULL,
  `creation_date` datetime DEFAULT NULL,
  `last_update_by` int(12) NOT NULL,
  `last_update_date` datetime DEFAULT NULL
) ENGINE=InnoDB DEFAULT CHARSET=latin1;

--
-- Dumping data for table `sd_document_type`
--

INSERT INTO `sd_document_type` (`sd_document_type_id`, `document_type_name`, `bu_org_id_r`, `level`, `type`, `supply_source`, `description`, `category`, `process_flow_id`, `default_line_document`, `price_list_header_id`, `default_shipfrom_org_id`, `destination_type`, `ar_transaction_type`, `ar_transaction_source`, `created_by`, `creation_date`, `last_update_by`, `last_update_date`) VALUES
(1, 'STD_EXTERNAL', 5, 'HEADER', 'SALES_ORDER', 'INV', 'Standard External', 'BOTH', NULL, 2, 1, 6, 'EXTERNAL', '1', NULL, 0, '2014-07-10 11:06:41', 1, '2016-07-08 11:36:36'),
(2, 'SD_EXTERNAL_LINE', 5, 'LINE', 'SALES_ORDER', 'INV', 'External Line', 'BOTH', NULL, 1, 1, 6, 'EXTERNAL', '1', NULL, 0, '2014-08-30 19:16:00', 34, '2016-04-26 09:09:52'),
(3, 'INTERNAL_STD_H', 10, 'HEADER', 'SALES_ORDER', 'INV', 'Internal Orders', 'BOTH', NULL, NULL, 1, 6, NULL, '1', NULL, 0, '2014-06-27 10:27:27', 1, '2016-07-07 10:08:28'),
(4, 'INTERNAL_STD_L', 10, 'LINE', 'SALES_ORDER', 'INV', 'Internal Standard Line', 'BOTH', NULL, NULL, 1, 6, NULL, '1', NULL, 0, '2014-06-27 10:28:15', 1, '2016-07-07 10:09:01'),
(5, 'Invoice Only', 5, 'LINE', 'SALES_ORDER', 'INV', 'Invoice Only', 'BOTH', 4, 1, 1, 6, 'EXTERNAL', '1', NULL, 34, '2015-06-06 13:01:17', 34, '2015-06-06 15:12:56'),
(6, 'SD_EXTERNAL_LINE2', 5, 'LINE', 'SALES_ORDER', 'INV', 'External Line 2', 'BOTH', NULL, 1, 1, 6, 'EXTERNAL', '2', NULL, 1, '2016-06-24 08:36:39', 1, '2016-06-24 08:36:39'),
(7, 'SD_EXTERNAL_LINE2', 10, 'LINE', 'SALES_ORDER', 'INV', 'External Line 2', 'BOTH', NULL, 1, 1, 6, 'EXTERNAL', '2', NULL, 1, '2016-07-08 11:37:25', 1, '2016-07-08 11:37:25'),
(8, 'SD_EXTERNAL_LINE', 10, 'LINE', 'SALES_ORDER', 'INV', 'External Line', 'BOTH', NULL, 1, 1, 6, 'EXTERNAL', '1', NULL, 1, '2016-07-08 11:38:18', 1, '2016-07-08 11:38:18'),
(9, 'Invoice Only', 10, 'LINE', 'SALES_ORDER', 'INV', 'Invoice Only', 'BOTH', 4, 1, 1, 6, 'EXTERNAL', '1', NULL, 1, '2016-07-08 11:38:54', 1, '2016-07-08 11:38:54'),
(11, 'STD_EXTERNAL', 10, 'HEADER', 'SALES_ORDER', 'INV', 'Standard External', 'BOTH', NULL, 2, 1, 6, 'EXTERNAL', '1', NULL, 1, '2016-07-08 11:40:25', 1, '2016-07-08 11:40:25');

-- --------------------------------------------------------

--
-- Table structure for table `sd_lead`
--

CREATE TABLE `sd_lead` (
  `sd_lead_id` int(12) UNSIGNED NOT NULL,
  `lead_number` varchar(25) NOT NULL,
  `primary_contact_id` int(12) DEFAULT NULL,
  `subject` varchar(256) NOT NULL,
  `lead_type` varchar(25) DEFAULT NULL,
  `description` varchar(256) DEFAULT NULL,
  `details` text,
  `last_name` varchar(25) DEFAULT NULL,
  `first_name` varchar(25) DEFAULT NULL,
  `mobile_number` varchar(20) DEFAULT NULL,
  `office_number` varchar(20) DEFAULT NULL,
  `email_id` varchar(40) DEFAULT NULL,
  `contact_website` varchar(50) DEFAULT NULL,
  `address_id` int(12) DEFAULT NULL,
  `contact_address` varchar(256) DEFAULT NULL,
  `fax_no` varchar(30) DEFAULT NULL,
  `timezone` varchar(30) DEFAULT NULL,
  `time_to_contact` varchar(40) DEFAULT NULL,
  `ar_customer_id` int(12) DEFAULT NULL,
  `ar_customer_site_id` int(12) DEFAULT NULL,
  `hr_employee_id` int(12) DEFAULT NULL,
  `sales_team` varchar(25) DEFAULT NULL,
  `priority` int(4) DEFAULT NULL,
  `campaign_id` int(12) DEFAULT NULL,
  `campaign_os` varchar(256) DEFAULT NULL,
  `referral_source` varchar(25) DEFAULT NULL,
  `sales_channel` varchar(25) DEFAULT NULL,
  `close_reason` varchar(25) DEFAULT NULL,
  `status` varchar(25) DEFAULT NULL,
  `created_by` int(12) NOT NULL,
  `creation_date` datetime DEFAULT NULL,
  `last_update_by` int(12) NOT NULL,
  `last_update_date` datetime DEFAULT NULL
) ENGINE=InnoDB DEFAULT CHARSET=latin1;

-- --------------------------------------------------------

--
-- Table structure for table `sd_opportunity`
--

CREATE TABLE `sd_opportunity` (
  `sd_opportunity_id` int(12) UNSIGNED NOT NULL,
  `sd_lead_id` int(12) DEFAULT NULL,
  `bu_org_id` int(12) DEFAULT NULL,
  `opportunity_number` varchar(25) DEFAULT NULL,
  `primary_contact_id` int(12) DEFAULT NULL,
  `opportunity_subject` varchar(256) NOT NULL,
  `type` varchar(25) DEFAULT NULL,
  `description` varchar(256) DEFAULT NULL,
  `status` varchar(25) DEFAULT NULL,
  `win_probability` int(4) DEFAULT NULL,
  `currency` varchar(25) DEFAULT NULL,
  `forecast_amount` decimal(15,5) DEFAULT NULL,
  `expected_close_date` date DEFAULT NULL,
  `last_name` varchar(25) DEFAULT NULL,
  `first_name` varchar(25) DEFAULT NULL,
  `mobile_number` varchar(20) DEFAULT NULL,
  `office_number` varchar(20) DEFAULT NULL,
  `email_id` varchar(40) DEFAULT NULL,
  `contact_website` varchar(50) DEFAULT NULL,
  `address_id` int(12) DEFAULT NULL,
  `contact_address` varchar(256) DEFAULT NULL,
  `fax_no` varchar(30) DEFAULT NULL,
  `timezone` varchar(30) DEFAULT NULL,
  `time_to_contact` varchar(40) DEFAULT NULL,
  `ar_customer_id` int(12) DEFAULT NULL,
  `ar_customer_site_id` int(12) DEFAULT NULL,
  `hr_employee_id` int(12) DEFAULT NULL,
  `campaign_id` int(12) DEFAULT NULL,
  `campaign_os` varchar(256) DEFAULT NULL,
  `sales_team` varchar(25) DEFAULT NULL,
  `referral_source` varchar(25) DEFAULT NULL,
  `sales_channel` varchar(25) DEFAULT NULL,
  `reference_type` varchar(25) DEFAULT NULL,
  `reference_key_name` varchar(25) DEFAULT NULL,
  `reference_key_value` int(12) DEFAULT NULL,
  `close_reason` varchar(25) DEFAULT NULL,
  `created_by` int(12) NOT NULL,
  `creation_date` datetime DEFAULT NULL,
  `last_update_by` int(12) NOT NULL,
  `last_update_date` datetime DEFAULT NULL
) ENGINE=InnoDB DEFAULT CHARSET=latin1;

-- --------------------------------------------------------

--
-- Stand-in structure for view `sd_pick_list_v`
--
CREATE TABLE `sd_pick_list_v` (
`sd_so_header_id` int(12)
,`bu_org_id` int(12)
,`document_type` int(12)
,`so_number` varchar(50)
,`ar_customer_id` int(12)
,`ar_customer_site_id` int(12)
,`hr_employee_id` int(12)
,`doc_currency` varchar(25)
,`header_amount` decimal(20,5)
,`so_status` varchar(25)
,`payment_term_id` int(12)
,`onhand` double
,`customer_name` varchar(60)
,`customer_number` varchar(25)
,`customer_site_name` varchar(60)
,`customer_site_number` int(12)
,`payment_term` varchar(50)
,`payment_term_description` varchar(256)
,`sd_so_line_id` int(12)
,`line_type` varchar(25)
,`line_number` int(12)
,`item_id_m` int(12)
,`kit_cb` tinyint(1)
,`kit_configured_cb` tinyint(1)
,`bom_config_header_id` int(12)
,`wip_wo_header_id` int(12)
,`item_description` varchar(256)
,`line_description` varchar(256)
,`line_quantity` decimal(20,5)
,`picked_quantity` decimal(15,5)
,`shipped_quantity` decimal(15,5)
,`unit_price` decimal(20,5)
,`line_price` decimal(20,5)
,`line_status` varchar(25)
,`staging_subinventory_id` int(12)
,`staging_locator_id` int(12)
,`staging_subinventory` varchar(25)
,`staging_locator` varchar(256)
,`requested_date` date
,`promise_date` date
,`schedule_ship_date` date
,`actual_ship_date` date
,`item_number` varchar(50)
,`uom_id` int(12)
,`item_status` varchar(15)
,`serial_generation` varchar(25)
,`lot_generation` varchar(25)
,`org` varchar(50)
,`shipping_org_id` int(12)
,`created_by` int(12)
,`creation_date` datetime
,`last_update_by` int(12)
,`last_update_date` datetime
);

-- --------------------------------------------------------

--
-- Table structure for table `sd_quote_header`
--

CREATE TABLE `sd_quote_header` (
  `sd_quote_header_id` int(12) NOT NULL,
  `bu_org_id` int(12) DEFAULT NULL,
  `quote_number` varchar(50) DEFAULT NULL,
  `sd_lead_id` int(12) DEFAULT NULL,
  `sd_opportunity_id` int(12) DEFAULT NULL,
  `new_customer_name` varchar(100) DEFAULT NULL,
  `new_customer_address` varchar(256) DEFAULT NULL,
  `ar_customer_id` int(12) DEFAULT NULL,
  `ar_customer_site_id` int(12) DEFAULT NULL,
  `hr_employee_id` int(12) DEFAULT NULL,
  `status` varchar(25) DEFAULT NULL,
  `approval_status` varchar(25) DEFAULT NULL,
  `description` varchar(256) DEFAULT NULL,
  `ship_to_id` int(12) DEFAULT NULL,
  `bill_to_id` int(12) DEFAULT NULL,
  `price_list_header_id` int(12) DEFAULT NULL,
  `header_amount` decimal(20,5) DEFAULT NULL,
  `tax_amount` decimal(20,5) DEFAULT NULL,
  `doc_currency` varchar(25) DEFAULT NULL,
  `payment_term_id` int(12) DEFAULT NULL,
  `payment_term_date` date DEFAULT NULL,
  `agreement_start_date` date DEFAULT NULL,
  `aggrement_end_date` date DEFAULT NULL,
  `exchange_rate_type` varchar(50) DEFAULT NULL,
  `exchange_rate` decimal(20,5) DEFAULT NULL,
  `reference_type` varchar(25) DEFAULT NULL,
  `reference_key_name` varchar(25) DEFAULT NULL,
  `reference_key_value` int(12) DEFAULT NULL,
  `rev_enabled_cb` tinyint(1) DEFAULT NULL,
  `rev_number` int(12) DEFAULT NULL,
  `created_by` int(12) NOT NULL,
  `creation_date` datetime NOT NULL,
  `last_update_by` int(12) NOT NULL,
  `last_update_date` datetime NOT NULL
) ENGINE=InnoDB DEFAULT CHARSET=latin1;

-- --------------------------------------------------------

--
-- Table structure for table `sd_quote_line`
--

CREATE TABLE `sd_quote_line` (
  `sd_quote_line_id` int(12) NOT NULL,
  `sd_quote_header_id` int(12) NOT NULL,
  `line_number` int(12) NOT NULL,
  `shipping_org_id` int(12) NOT NULL,
  `item_id_m` int(12) DEFAULT NULL,
  `item_description` varchar(256) NOT NULL,
  `line_quantity` decimal(20,5) DEFAULT NULL,
  `price_list_header_id` int(12) DEFAULT NULL,
  `price_date` date DEFAULT NULL,
  `unit_price` decimal(20,5) DEFAULT NULL,
  `line_price` decimal(20,5) DEFAULT NULL,
  `tax_amount` decimal(20,5) DEFAULT NULL,
  `tax_code_id` int(12) DEFAULT NULL,
  `line_status` varchar(25) NOT NULL,
  `requested_date` date DEFAULT NULL,
  `promise_date` date DEFAULT NULL,
  `reference_doc_type` int(12) DEFAULT NULL,
  `reference_doc_number` int(12) DEFAULT NULL,
  `sd_so_header_id` int(12) UNSIGNED DEFAULT NULL,
  `sd_so_line_id` int(12) UNSIGNED DEFAULT NULL,
  `line_type` varchar(25) DEFAULT NULL,
  `destination_type` varchar(25) DEFAULT NULL,
  `line_description` varchar(256) DEFAULT NULL,
  `uom_id` varchar(25) DEFAULT NULL,
  `new_item_number` varchar(100) DEFAULT NULL,
  `new_item_description` varchar(256) DEFAULT NULL,
  `created_by` int(12) NOT NULL,
  `creation_date` datetime NOT NULL,
  `last_update_by` int(12) NOT NULL,
  `last_update_date` datetime NOT NULL,
  `rev_enabled_cb` tinyint(1) DEFAULT NULL,
  `rev_number` int(12) DEFAULT NULL
) ENGINE=InnoDB DEFAULT CHARSET=latin1;

-- --------------------------------------------------------

--
-- Table structure for table `sd_sales_control`
--

CREATE TABLE `sd_sales_control` (
  `sd_sales_control_id` int(12) UNSIGNED NOT NULL,
  `org_id` int(12) NOT NULL,
  `ar_transaction_type_id` int(12) DEFAULT NULL,
  `h_default_document_type_id` int(12) DEFAULT NULL,
  `l_default_document_type_id` int(12) DEFAULT NULL,
  `iso_h_default_document_type_id` int(12) DEFAULT NULL,
  `iso_l_default_document_type_id` int(12) DEFAULT NULL,
  `mdm_price_list_header_id` int(12) DEFAULT NULL,
  `deffer_invoicing_cb` tinyint(1) DEFAULT NULL,
  `default_requested_date_cb` tinyint(1) DEFAULT NULL,
  `default_schedule_ship_date_cb` tinyint(1) DEFAULT NULL,
  `default_promise_date_cb` tinyint(1) DEFAULT NULL,
  `created_by` int(12) NOT NULL,
  `creation_date` datetime DEFAULT NULL,
  `last_update_by` int(12) NOT NULL,
  `last_update_date` datetime DEFAULT NULL
) ENGINE=InnoDB DEFAULT CHARSET=latin1;

-- --------------------------------------------------------

--
-- Stand-in structure for view `sd_sales_documents_v`
--
CREATE TABLE `sd_sales_documents_v` (
`document_id` int(12) unsigned
,`docuemnt_number` varchar(50)
,`sales_team` varchar(25)
,`creation_date` datetime
,`document_type` varchar(11)
,`status` varchar(25)
);

-- --------------------------------------------------------

--
-- Table structure for table `sd_shipping_control`
--

CREATE TABLE `sd_shipping_control` (
  `sd_shipping_control_id` int(12) UNSIGNED NOT NULL,
  `org_id` int(12) NOT NULL,
  `ef_id` int(12) DEFAULT NULL,
  `rev_enabled` enum('enabled','disabled','','') DEFAULT NULL,
  `rev_number` int(12) DEFAULT NULL,
  `staging_subinventory_id` int(12) DEFAULT NULL,
  `staging_locator_id` int(12) DEFAULT NULL,
  `default_picking_rule_id` int(12) DEFAULT NULL,
  `delivery_onpicking_cb` tinyint(1) DEFAULT NULL,
  `autosplit_onpicking_cb` tinyint(1) DEFAULT NULL,
  `deffer_invoicing_cb` tinyint(1) DEFAULT NULL,
  `default_requested_date_cb` tinyint(1) DEFAULT NULL,
  `default_schedule_ship_date_cb` tinyint(1) DEFAULT NULL,
  `default_promise_date_cb` tinyint(1) DEFAULT NULL,
  `created_by` int(12) NOT NULL,
  `creation_date` datetime DEFAULT NULL,
  `last_update_by` int(12) NOT NULL,
  `last_update_date` datetime DEFAULT NULL
) ENGINE=InnoDB DEFAULT CHARSET=latin1;

--
-- Dumping data for table `sd_shipping_control`
--

INSERT INTO `sd_shipping_control` (`sd_shipping_control_id`, `org_id`, `ef_id`, `rev_enabled`, `rev_number`, `staging_subinventory_id`, `staging_locator_id`, `default_picking_rule_id`, `delivery_onpicking_cb`, `autosplit_onpicking_cb`, `deffer_invoicing_cb`, `default_requested_date_cb`, `default_schedule_ship_date_cb`, `default_promise_date_cb`, `created_by`, `creation_date`, `last_update_by`, `last_update_date`) VALUES
(4, 6, NULL, NULL, 11, 1, 1, NULL, 1, NULL, NULL, 1, 1, 1, 0, '2014-07-10 00:00:00', 34, '2015-06-23 04:07:33'),
(5, 9, NULL, NULL, NULL, 42, NULL, NULL, 1, 1, NULL, NULL, NULL, NULL, 0, '2014-07-10 00:00:00', 1, '2016-07-08 20:14:31');

-- --------------------------------------------------------

--
-- Stand-in structure for view `sd_so_all_v`
--
CREATE TABLE `sd_so_all_v` (
`sd_so_header_id` int(12)
,`bu_org_id` int(12)
,`document_type` int(12)
,`so_number` varchar(50)
,`ar_customer_id` int(12)
,`ar_customer_site_id` int(12)
,`hr_employee_id` int(12)
,`doc_currency` varchar(25)
,`header_amount` decimal(20,5)
,`so_status` varchar(25)
,`payment_term_id` int(12)
,`onhand` double
,`customer_name` varchar(60)
,`customer_number` varchar(25)
,`customer_site_name` varchar(60)
,`customer_site_number` int(12)
,`payment_term` varchar(50)
,`payment_term_description` varchar(256)
,`sd_so_line_id` int(12)
,`line_type` varchar(25)
,`line_number` int(12)
,`item_id_m` int(12)
,`kit_cb` tinyint(1)
,`kit_configured_cb` tinyint(1)
,`bom_config_header_id` int(12)
,`wip_wo_header_id` int(12)
,`item_description` varchar(256)
,`line_description` varchar(256)
,`line_quantity` decimal(20,5)
,`picked_quantity` decimal(15,5)
,`shipped_quantity` decimal(15,5)
,`unit_price` decimal(20,5)
,`line_price` decimal(20,5)
,`line_status` varchar(25)
,`staging_subinventory_id` int(12)
,`staging_locator_id` int(12)
,`staging_subinventory` varchar(25)
,`staging_locator` varchar(256)
,`requested_date` date
,`promise_date` date
,`schedule_ship_date` date
,`actual_ship_date` date
,`item_number` varchar(50)
,`uom_id` int(12)
,`item_status` varchar(15)
,`org` varchar(50)
,`shipping_org_id` int(12)
,`created_by` int(12)
,`creation_date` datetime
,`last_update_by` int(12)
,`last_update_date` datetime
,`sales_person` varchar(102)
);

-- --------------------------------------------------------

--
-- Table structure for table `sd_so_header`
--

CREATE TABLE `sd_so_header` (
  `sd_so_header_id` int(12) NOT NULL,
  `bu_org_id` int(12) NOT NULL,
  `document_type` int(12) NOT NULL,
  `so_number` varchar(50) DEFAULT NULL,
  `ar_customer_id` int(12) NOT NULL,
  `ar_customer_site_id` int(12) DEFAULT NULL,
  `hr_employee_id` int(12) DEFAULT NULL,
  `description` varchar(256) DEFAULT NULL,
  `ship_to_id` int(12) NOT NULL,
  `bill_to_id` int(12) NOT NULL,
  `price_list_header_id` int(12) DEFAULT NULL,
  `header_amount` decimal(20,5) DEFAULT NULL,
  `pre_payment_amount` decimal(25,0) DEFAULT NULL,
  `tax_amount` decimal(20,5) DEFAULT NULL,
  `doc_currency` varchar(25) DEFAULT NULL,
  `prepaid_status` varchar(25) DEFAULT NULL,
  `prepaid_amount` decimal(15,5) DEFAULT NULL,
  `currency` varchar(20) DEFAULT NULL,
  `payment_term_id` int(12) DEFAULT NULL,
  `payment_term_date` date DEFAULT NULL,
  `agreement_start_date` date DEFAULT NULL,
  `aggrement_end_date` date DEFAULT NULL,
  `exchange_rate_type` varchar(50) DEFAULT NULL,
  `exchange_rate` decimal(20,5) DEFAULT NULL,
  `released_amount` decimal(5,5) DEFAULT NULL,
  `order_source_type` varchar(25) DEFAULT NULL,
  `order_reference_table` varchar(100) DEFAULT NULL,
  `order_reference_id` int(12) DEFAULT NULL,
  `so_status` varchar(25) DEFAULT NULL,
  `reference_type` varchar(25) DEFAULT NULL,
  `reference_key_name` varchar(25) DEFAULT NULL,
  `reference_key_value` int(12) DEFAULT NULL,
  `approval_status` varchar(25) DEFAULT NULL,
  `created_by` int(12) NOT NULL,
  `creation_date` datetime NOT NULL,
  `last_update_by` int(12) NOT NULL,
  `last_update_date` datetime NOT NULL,
  `rev_enabled_cb` tinyint(1) DEFAULT NULL,
  `rev_number` int(12) DEFAULT NULL
) ENGINE=InnoDB DEFAULT CHARSET=latin1;

-- --------------------------------------------------------

--
-- Table structure for table `sd_so_line`
--

CREATE TABLE `sd_so_line` (
  `sd_so_line_id` int(12) NOT NULL,
  `sd_so_header_id` int(12) NOT NULL,
  `line_number` int(12) NOT NULL,
  `shipping_org_id` int(12) NOT NULL,
  `item_id_m` int(12) DEFAULT NULL,
  `item_description` varchar(256) NOT NULL,
  `line_quantity` decimal(20,5) DEFAULT NULL,
  `picked_quantity` decimal(15,5) DEFAULT NULL,
  `shipped_quantity` decimal(15,5) DEFAULT NULL,
  `invoiced_quantity` decimal(20,5) DEFAULT NULL,
  `price_list_header_id` int(12) DEFAULT NULL,
  `price_date` date DEFAULT NULL,
  `unit_price` decimal(20,5) DEFAULT NULL,
  `line_price` decimal(20,5) DEFAULT NULL,
  `tax_amount` decimal(20,5) DEFAULT NULL,
  `gl_line_price` decimal(15,5) DEFAULT NULL,
  `gl_tax_amount` decimal(15,5) DEFAULT NULL,
  `tax_code_id` int(12) DEFAULT NULL,
  `line_status` varchar(25) NOT NULL,
  `requested_date` date DEFAULT NULL,
  `promise_date` date DEFAULT NULL,
  `schedule_ship_date` date DEFAULT NULL,
  `actual_ship_date` date DEFAULT NULL,
  `reference_doc_type` varchar(30) DEFAULT NULL,
  `reference_doc_number` int(12) DEFAULT NULL,
  `ar_transaction_header_id` int(12) UNSIGNED DEFAULT NULL,
  `ar_transaction_line_id` int(12) UNSIGNED DEFAULT NULL,
  `line_type` varchar(25) DEFAULT NULL,
  `supply_source` varchar(25) DEFAULT NULL,
  `destination_type` varchar(25) DEFAULT NULL,
  `line_description` varchar(256) DEFAULT NULL,
  `uom_id` varchar(25) DEFAULT NULL,
  `kit_cb` tinyint(1) DEFAULT NULL,
  `kit_configured_cb` tinyint(1) DEFAULT NULL,
  `bom_config_header_id` int(12) DEFAULT NULL,
  `wip_wo_header_id` int(12) DEFAULT NULL,
  `so_status` varchar(50) DEFAULT NULL,
  `sys_spd_header_id` int(12) DEFAULT NULL,
  `created_by` int(12) NOT NULL,
  `creation_date` datetime NOT NULL,
  `last_update_by` int(12) NOT NULL,
  `last_update_date` datetime NOT NULL
) ENGINE=InnoDB DEFAULT CHARSET=latin1;

-- --------------------------------------------------------

--
-- Table structure for table `sd_store`
--

CREATE TABLE `sd_store` (
  `sd_store_id` int(12) UNSIGNED NOT NULL,
  `org_id` int(12) UNSIGNED DEFAULT NULL,
  `store_name` varchar(100) NOT NULL,
  `code` varchar(25) NOT NULL,
  `type` varchar(50) DEFAULT NULL,
  `cogs_ac_id` int(12) DEFAULT NULL,
  `revenue_ac_id` int(12) NOT NULL,
  `cash_ac_id` int(12) NOT NULL,
  `tax_ac_id` int(12) NOT NULL,
  `description` varchar(256) DEFAULT NULL,
  `status` varchar(50) DEFAULT NULL,
  `address_id` int(12) DEFAULT NULL,
  `created_by` int(12) NOT NULL,
  `creation_date` datetime DEFAULT NULL,
  `last_update_by` int(12) NOT NULL,
  `last_update_date` datetime DEFAULT NULL
) ENGINE=InnoDB DEFAULT CHARSET=latin1;

-- --------------------------------------------------------

--
-- Table structure for table `sd_store_subinventory`
--

CREATE TABLE `sd_store_subinventory` (
  `sd_store_subinventory_id` int(12) UNSIGNED NOT NULL,
  `sd_store_id` int(12) NOT NULL,
  `subinventory_id` int(12) NOT NULL,
  `floor_number` varchar(10) DEFAULT NULL,
  `building_number` varchar(25) DEFAULT NULL,
  `wing_number` varchar(25) DEFAULT NULL,
  `description` varchar(200) DEFAULT NULL,
  `status` varchar(50) DEFAULT NULL,
  `created_by` int(12) NOT NULL,
  `creation_date` datetime DEFAULT NULL,
  `last_update_by` int(12) NOT NULL,
  `last_update_date` datetime DEFAULT NULL
) ENGINE=InnoDB DEFAULT CHARSET=latin1;

-- --------------------------------------------------------

--
-- Table structure for table `sf_item_file1`
--

CREATE TABLE `sf_item_file1` (
  `sf_item_file1_id` int(12) NOT NULL,
  `reference_type` varchar(30) DEFAULT NULL,
  `reference_entity` varchar(50) DEFAULT NULL,
  `reference_key_name` varchar(50) DEFAULT NULL,
  `reference_key_value` int(12) DEFAULT NULL,
  `created_by` varchar(256) NOT NULL,
  `creation_date` date NOT NULL,
  `last_update_by` varchar(256) NOT NULL,
  `last_update_date` date NOT NULL,
  `sf_item_file1_value` int(12) DEFAULT NULL
) ENGINE=InnoDB DEFAULT CHARSET=latin1;

-- --------------------------------------------------------

--
-- Table structure for table `sf_item_image1`
--

CREATE TABLE `sf_item_image1` (
  `sf_item_image1_id` int(12) NOT NULL,
  `reference_type` varchar(30) DEFAULT NULL,
  `reference_entity` varchar(50) DEFAULT NULL,
  `reference_key_name` varchar(50) DEFAULT NULL,
  `reference_key_value` int(12) DEFAULT NULL,
  `created_by` varchar(256) NOT NULL,
  `creation_date` date NOT NULL,
  `last_update_by` varchar(256) NOT NULL,
  `last_update_date` date NOT NULL,
  `sf_item_image1_value` int(12) DEFAULT NULL
) ENGINE=InnoDB DEFAULT CHARSET=latin1;

-- --------------------------------------------------------

--
-- Table structure for table `sf_item_image2`
--

CREATE TABLE `sf_item_image2` (
  `sf_item_image2_id` int(12) NOT NULL,
  `reference_type` varchar(30) DEFAULT NULL,
  `reference_entity` varchar(50) DEFAULT NULL,
  `reference_key_name` varchar(50) DEFAULT NULL,
  `reference_key_value` int(12) DEFAULT NULL,
  `created_by` varchar(256) NOT NULL,
  `creation_date` date NOT NULL,
  `last_update_by` varchar(256) NOT NULL,
  `last_update_date` date NOT NULL,
  `sf_item_image2_value` int(12) DEFAULT NULL
) ENGINE=InnoDB DEFAULT CHARSET=latin1;

-- --------------------------------------------------------

--
-- Table structure for table `sf_item_inv_category`
--

CREATE TABLE `sf_item_inv_category` (
  `sf_item_inv_category_id` int(12) NOT NULL,
  `reference_type` varchar(30) DEFAULT NULL,
  `reference_entity` varchar(50) DEFAULT NULL,
  `reference_key_name` varchar(50) DEFAULT NULL,
  `reference_key_value` int(12) DEFAULT NULL,
  `created_by` varchar(256) NOT NULL,
  `creation_date` date NOT NULL,
  `last_update_by` varchar(256) NOT NULL,
  `last_update_date` date NOT NULL,
  `sf_item_inv_category_value` varchar(25) DEFAULT NULL
) ENGINE=InnoDB DEFAULT CHARSET=latin1;

-- --------------------------------------------------------

--
-- Table structure for table `sf_item_pur_category`
--

CREATE TABLE `sf_item_pur_category` (
  `sf_item_pur_category_id` int(12) NOT NULL,
  `reference_type` varchar(30) DEFAULT NULL,
  `reference_entity` varchar(50) DEFAULT NULL,
  `reference_key_name` varchar(50) DEFAULT NULL,
  `reference_key_value` int(12) DEFAULT NULL,
  `created_by` varchar(256) NOT NULL,
  `creation_date` date NOT NULL,
  `last_update_by` varchar(256) NOT NULL,
  `last_update_date` date NOT NULL,
  `sf_item_pur_category_value` varchar(25) DEFAULT NULL
) ENGINE=InnoDB DEFAULT CHARSET=latin1;

-- --------------------------------------------------------

--
-- Table structure for table `site_info`
--

CREATE TABLE `site_info` (
  `default_home_page` varchar(50) NOT NULL,
  `site_name` varchar(256) NOT NULL,
  `maintenance_cb` tinyint(1) DEFAULT NULL,
  `maintenance_msg` text,
  `disabled_action` varchar(40) NOT NULL,
  `email` varchar(256) NOT NULL,
  `phone_no` varchar(20) DEFAULT NULL,
  `logo_path` varchar(256) DEFAULT NULL,
  `posts_in_fp` int(5) DEFAULT NULL,
  `summary_char_fp` int(5) DEFAULT NULL,
  `footer_message` text,
  `anonymous_user` varchar(50) DEFAULT NULL,
  `anonymous_user_role` varchar(50) DEFAULT NULL,
  `access_denied` text,
  `analytics_code` text,
  `basic_user_role` varchar(50) DEFAULT NULL,
  `heading_color` varchar(20) DEFAULT NULL,
  `content_color` varchar(20) DEFAULT NULL,
  `mandatory_field_color` varchar(20) DEFAULT NULL,
  `bg_image_path` varchar(100) DEFAULT NULL,
  `move_line_wo_header` varchar(25) DEFAULT NULL,
  `last_update_by` int(12) NOT NULL,
  `last_update_date` datetime DEFAULT NULL,
  `show_bg_image_cb` tinyint(1) DEFAULT NULL,
  `bg_opacity` decimal(3,3) DEFAULT NULL,
  `ar_revenue_schedule_cb` tinyint(1) DEFAULT NULL
) ENGINE=InnoDB DEFAULT CHARSET=latin1;

--
-- Dumping data for table `site_info`
--

INSERT INTO `site_info` (`default_home_page`, `site_name`, `maintenance_cb`, `maintenance_msg`, `disabled_action`, `email`, `phone_no`, `logo_path`, `posts_in_fp`, `summary_char_fp`, `footer_message`, `anonymous_user`, `anonymous_user_role`, `access_denied`, `analytics_code`, `basic_user_role`, `heading_color`, `content_color`, `mandatory_field_color`, `bg_image_path`, `move_line_wo_header`, `last_update_by`, `last_update_date`, `show_bg_image_cb`, `bg_opacity`, `ar_revenue_schedule_cb`) VALUES
('content', 'inoERP', NULL, ' <h1>Thanks for Visiting inoERP <br>\r\n Site in under maintenance & \'ll be back online shortly.     </h1>                                             ', '', 'contact@inoideas.org', '1-205-419-5131', 'files/logo.png', 6, 60, '<span class="developed_by">Copyright @ 2016 inoERP - <a href=\'http://inoideas.org\'>Powered By inoCMS </a></span>                                                  ', '', '', NULL, ' <script>\r\n  (function(i,s,o,g,r,a,m){i[\'GoogleAnalyticsObject\']=r;i[r]=i[r]||function(){\r\n  (i[r].q=i[r].q||[]).push(arguments)},i[r].l=1*new Date();a=s.createElement(o),\r\n  m=s.getElementsByTagName(o)[0];a.async=1;a.src=g;m.parentNode.insertBefore(a,m)\r\n  })(window,document,\'script\',\'//www.google-analytics.com/analytics.js\',\'ga\');\r\n\r\n  ga(\'create\', \'UA-48829329-1\', \'auto\');\r\n  ga(\'send\', \'pageview\');\r\n\r\n</script>                                  ', NULL, '#216ca5', '#fafafa', '#f7e9f8', 'files/temp/demo_bg.jpg', '', 1, '2016-08-25 10:48:25', 1, '0.900', 1);

-- --------------------------------------------------------

--
-- Table structure for table `subinventory`
--

CREATE TABLE `subinventory` (
  `subinventory_id` int(12) NOT NULL,
  `org_id` int(12) NOT NULL,
  `type` varchar(25) NOT NULL,
  `subinventory` varchar(25) DEFAULT NULL,
  `description` varchar(50) DEFAULT NULL,
  `locator_control` varchar(50) DEFAULT NULL,
  `allow_negative_balance_cb` tinyint(1) DEFAULT NULL,
  `default_cost_group` varchar(25) DEFAULT NULL,
  `shipment_pick_priority` int(12) DEFAULT NULL,
  `material_ac_id` varchar(256) NOT NULL,
  `material_oh_ac_id` varchar(256) DEFAULT NULL,
  `overhead_ac_id` varchar(256) DEFAULT NULL,
  `resource_ac_id` varchar(256) DEFAULT NULL,
  `osp_ac_id` varchar(256) DEFAULT NULL,
  `expense_ac_id` varchar(256) DEFAULT NULL,
  `ef_id` int(12) DEFAULT NULL,
  `status` varchar(25) DEFAULT NULL,
  `rev_enabled_cb` tinyint(1) DEFAULT NULL,
  `rev_number` varchar(256) DEFAULT NULL,
  `created_by` int(12) NOT NULL,
  `creation_date` datetime DEFAULT NULL,
  `last_update_by` int(12) NOT NULL,
  `last_update_date` datetime DEFAULT NULL
) ENGINE=InnoDB DEFAULT CHARSET=latin1;

-- --------------------------------------------------------

--
-- Table structure for table `supplier`
--

CREATE TABLE `supplier` (
  `supplier_id` int(12) NOT NULL,
  `supplier_number` int(12) NOT NULL,
  `supplier_name` varchar(60) NOT NULL,
  `ar_customer_id` int(12) DEFAULT NULL,
  `supplier_type` varchar(50) DEFAULT NULL,
  `tax_country` varchar(40) DEFAULT NULL,
  `tax_reg_no` varchar(40) DEFAULT NULL,
  `tax_payer_id` varchar(40) DEFAULT NULL,
  `address_id` int(12) DEFAULT NULL,
  `supplier_category` varchar(25) DEFAULT NULL,
  `alt_name` varchar(50) CHARACTER SET utf8 COLLATE utf8_unicode_ci DEFAULT NULL,
  `status` varchar(50) DEFAULT NULL,
  `created_by` int(12) NOT NULL,
  `creation_date` datetime NOT NULL,
  `last_update_by` int(12) NOT NULL,
  `last_update_date` datetime NOT NULL
) ENGINE=InnoDB DEFAULT CHARSET=latin1;

-- --------------------------------------------------------

--
-- Stand-in structure for view `supplier_all_v`
--
CREATE TABLE `supplier_all_v` (
`supplier_id` int(12)
,`supplier_number` int(12)
,`supplier_name` varchar(60)
,`supplier_site_id` int(12)
,`supplier_site_number` int(12)
,`supplier_site_name` varchar(60)
,`supplier_type` varchar(50)
,`tax_country` varchar(40)
,`created_by` int(12)
,`ar_customer_id` int(12)
,`status` varchar(50)
,`creation_date` datetime
,`last_update_by` int(12)
,`last_update_date` datetime
,`supplier_bu_id` int(12) unsigned
,`org_id` int(12)
,`liability_account_id` int(12)
,`payable_account_id` int(12)
,`payment_discount_account_id` int(12)
,`pre_payment_account_id` int(12)
,`site_tax_country` varchar(256)
,`site_tax_reg_no` varchar(100)
,`site_status` varchar(12)
,`currency` varchar(12)
,`payment_term_id` int(12)
);

-- --------------------------------------------------------

--
-- Table structure for table `supplier_bu`
--

CREATE TABLE `supplier_bu` (
  `supplier_bu_id` int(12) UNSIGNED NOT NULL,
  `new_pos_cb` tinyint(1) DEFAULT NULL,
  `all_invoices_cb` tinyint(1) DEFAULT NULL,
  `unmatched_invoices_cb` tinyint(1) DEFAULT NULL,
  `unaccounted_invoices_cb` tinyint(1) DEFAULT NULL,
  `unpaid_invoices_cb` tinyint(1) DEFAULT NULL,
  `hold_reason` varchar(256) DEFAULT NULL,
  `po_amount_limit` int(12) DEFAULT NULL,
  `invoice_amount_limit` int(12) DEFAULT NULL,
  `payment_amount_limit` int(12) DEFAULT NULL,
  `bu_bank_id` int(12) DEFAULT NULL,
  `bu_bank_site_id` int(12) DEFAULT NULL,
  `bu_tax_code` varchar(50) DEFAULT NULL,
  `invoice_match_document` varchar(50) DEFAULT NULL,
  `invoice_currency` varchar(20) DEFAULT NULL,
  `payment_priority` varchar(20) DEFAULT NULL,
  `payment_group` varchar(25) DEFAULT NULL,
  `payment_term_id` int(12) DEFAULT NULL,
  `invoice_date_basis` varchar(25) DEFAULT NULL,
  `pay_date_basis` varchar(256) DEFAULT NULL,
  `default_payment_method` varchar(25) DEFAULT NULL,
  `remittance_advice_method` varchar(25) DEFAULT NULL,
  `remittance_advice_email` varchar(256) DEFAULT NULL,
  `pay_on` varchar(50) DEFAULT NULL,
  `debit_memo_onreturn_cb` tinyint(1) DEFAULT NULL,
  `fob` varchar(25) DEFAULT NULL,
  `freight_terms` varchar(25) DEFAULT NULL,
  `transportation` varchar(25) DEFAULT NULL,
  `country_of_origin` varchar(6) DEFAULT NULL,
  `supplier_id` int(12) NOT NULL,
  `org_id` int(12) NOT NULL,
  `org_shipto_id` int(12) DEFAULT NULL,
  `org_billto_id` int(12) DEFAULT NULL,
  `bank_id` int(12) DEFAULT NULL,
  `bank_account_id` int(12) DEFAULT NULL,
  `liability_account_id` int(12) NOT NULL,
  `payable_account_id` int(12) NOT NULL,
  `payment_discount_account_id` int(12) DEFAULT NULL,
  `pre_payment_account_id` int(12) DEFAULT NULL,
  `status` varchar(50) DEFAULT NULL,
  `created_by` int(12) NOT NULL,
  `creation_date` datetime DEFAULT NULL,
  `last_update_by` int(12) NOT NULL,
  `last_update_date` datetime DEFAULT NULL,
  `rev_enabled_cb` tinyint(1) DEFAULT NULL,
  `rev_number` int(11) DEFAULT NULL
) ENGINE=InnoDB DEFAULT CHARSET=latin1;

-- --------------------------------------------------------

--
-- Table structure for table `supplier_site`
--

CREATE TABLE `supplier_site` (
  `supplier_site_id` int(12) NOT NULL,
  `supplier_id` int(12) NOT NULL,
  `supplier_site_number` int(12) NOT NULL,
  `supplier_site_name` varchar(60) NOT NULL DEFAULT '',
  `site_tax_country` varchar(256) DEFAULT NULL,
  `site_tax_reg_no` varchar(100) DEFAULT NULL,
  `site_tax_payer_id` varchar(100) DEFAULT NULL,
  `site_tax_code` varchar(100) DEFAULT NULL,
  `supplier_site_ref` varchar(30) DEFAULT NULL,
  `supplier_site_type` varchar(12) DEFAULT NULL,
  `status` varchar(12) DEFAULT NULL,
  `profile_id` int(12) DEFAULT NULL,
  `currency` varchar(12) DEFAULT NULL,
  `payment_term_id` int(12) DEFAULT NULL,
  `pay_on` varchar(50) DEFAULT NULL,
  `debit_memo_onreturn_cb` tinyint(1) DEFAULT NULL,
  `fob` varchar(50) DEFAULT NULL,
  `freight_terms` int(12) DEFAULT NULL,
  `transportation` varchar(50) DEFAULT NULL,
  `country_of_origin` varchar(50) DEFAULT NULL,
  `allow_substitute_receipts_cb` tinyint(1) DEFAULT NULL,
  `allow_unordered_receipts_cb` tinyint(1) DEFAULT NULL,
  `ap_invoice_match_level` varchar(50) DEFAULT NULL,
  `receipt_routing` varchar(50) DEFAULT NULL,
  `ship_to_location_variance` varchar(50) DEFAULT NULL,
  `positive_qty_tolerance` int(12) UNSIGNED DEFAULT NULL,
  `negative_qty_tolerance` int(12) DEFAULT NULL,
  `qty_variance` varchar(50) DEFAULT NULL,
  `positive_receipt_days_tolerance` int(12) DEFAULT NULL,
  `negative_receipt_days_tolerance` int(12) DEFAULT NULL,
  `receipt_days_variance` varchar(50) DEFAULT NULL,
  `site_address_id` int(12) DEFAULT NULL,
  `site_contact_id` int(12) DEFAULT NULL,
  `supplier_site_attachement_id` int(12) DEFAULT NULL,
  `primary_cb` tinyint(1) DEFAULT NULL,
  `bank_id` int(12) DEFAULT NULL,
  `bank_account_id` int(12) DEFAULT NULL,
  `created_by` int(12) NOT NULL,
  `creation_date` datetime DEFAULT NULL,
  `last_update_by` int(12) NOT NULL,
  `last_update_date` datetime DEFAULT NULL,
  `rev_enabled_cb` tinyint(1) DEFAULT NULL,
  `rev_number` int(11) DEFAULT NULL
) ENGINE=InnoDB DEFAULT CHARSET=latin1;

-- --------------------------------------------------------

--
-- Table structure for table `system_path`
--

CREATE TABLE `system_path` (
  `path_id` int(11) NOT NULL,
  `path_name` varchar(50) NOT NULL,
  `path_description` varchar(50) DEFAULT NULL,
  `path_value` varchar(100) DEFAULT NULL,
  `path_sec_id` int(10) DEFAULT NULL,
  `path_revision_number` int(10) DEFAULT NULL,
  `path_revision_enabled` varchar(2) DEFAULT NULL,
  `path_creation_date` datetime DEFAULT NULL,
  `path_created_by` varchar(100) DEFAULT NULL,
  `path_last_update_date` datetime DEFAULT NULL,
  `path_last_updated_by` varchar(100) DEFAULT NULL
) ENGINE=InnoDB DEFAULT CHARSET=latin1;

--
-- Dumping data for table `system_path`
--

INSERT INTO `system_path` (`path_id`, `path_name`, `path_description`, `path_value`, `path_sec_id`, `path_revision_number`, `path_revision_enabled`, `path_creation_date`, `path_created_by`, `path_last_update_date`, `path_last_updated_by`) VALUES
(1, 'supplier', 'Supplier List', 'modules/ap/suppliers/supplier.php', NULL, NULL, NULL, NULL, NULL, NULL, NULL),
(2, 'user registration', 'new user registration', 'extensions/user/user_registration.php', NULL, NULL, NULL, NULL, NULL, NULL, NULL),
(3, 'paths', 'all the paths', 'extensions/path/path.php', NULL, NULL, NULL, NULL, NULL, NULL, NULL);

-- --------------------------------------------------------

--
-- Table structure for table `sys_catalog_header`
--

CREATE TABLE `sys_catalog_header` (
  `sys_catalog_header_id` int(12) UNSIGNED NOT NULL,
  `catalog` varchar(50) NOT NULL,
  `description` varchar(255) DEFAULT NULL,
  `parent_catalog_header_id` int(12) DEFAULT NULL,
  `status` varchar(25) DEFAULT NULL,
  `created_by` int(12) NOT NULL,
  `creation_date` datetime DEFAULT NULL,
  `last_update_by` int(12) NOT NULL,
  `last_update_date` datetime DEFAULT NULL
) ENGINE=InnoDB DEFAULT CHARSET=latin1;

--
-- Dumping data for table `sys_catalog_header`
--

INSERT INTO `sys_catalog_header` (`sys_catalog_header_id`, `catalog`, `description`, `parent_catalog_header_id`, `status`, `created_by`, `creation_date`, `last_update_by`, `last_update_date`) VALUES
(1, 'Shoe Details', 'Shoe Details', NULL, 'active', 34, '2015-03-28 16:38:50', 34, '2015-03-28 16:48:27'),
(2, 'Product Description', 'Product Description', NULL, 'active', 34, '2015-03-28 16:50:27', 34, '2015-03-28 17:00:11'),
(3, 'Computer', 'Filter Catalog For Computers - Laptop & Desktop', NULL, 'active', 34, '2015-04-03 11:02:00', 34, '2015-04-03 11:33:01');

-- --------------------------------------------------------

--
-- Table structure for table `sys_catalog_line`
--

CREATE TABLE `sys_catalog_line` (
  `sys_catalog_line_id` int(12) UNSIGNED NOT NULL,
  `sys_catalog_header_id` int(12) NOT NULL,
  `line_name` varchar(50) DEFAULT NULL,
  `sys_value_group_header_id` int(12) DEFAULT NULL,
  `description` varchar(256) DEFAULT NULL,
  `required_cb` tinyint(1) DEFAULT NULL,
  `created_by` int(12) NOT NULL,
  `creation_date` datetime DEFAULT NULL,
  `last_update_by` int(12) NOT NULL,
  `last_update_date` datetime DEFAULT NULL
) ENGINE=InnoDB DEFAULT CHARSET=latin1;

--
-- Dumping data for table `sys_catalog_line`
--

INSERT INTO `sys_catalog_line` (`sys_catalog_line_id`, `sys_catalog_header_id`, `line_name`, `sys_value_group_header_id`, `description`, `required_cb`, `created_by`, `creation_date`, `last_update_by`, `last_update_date`) VALUES
(1, 1, 'Outer Material', NULL, 'Outer Material', NULL, 34, '2015-03-28 16:46:55', 34, '2015-03-28 16:46:55'),
(4, 1, 'Closure', NULL, 'Closure', NULL, 34, '2015-03-28 16:48:26', 34, '2015-03-28 16:48:26'),
(6, 1, 'Color', NULL, 'Color', NULL, 34, '2015-03-28 16:48:28', 34, '2015-03-28 16:48:28'),
(7, 2, 'ASIN', NULL, 'ASIN', NULL, 34, '2015-03-28 16:51:08', 34, '2015-03-28 17:00:11'),
(8, 2, 'Product Dimensions', NULL, 'Product Dimensions', NULL, 34, '2015-03-28 16:51:08', 34, '2015-03-28 17:00:10'),
(9, 2, 'Shipping Weight', NULL, 'Shipping Weight', NULL, 34, '2015-03-28 16:51:09', 34, '2015-03-28 17:00:13'),
(10, 2, 'Shipping From', NULL, 'Shipping From', NULL, 34, '2015-03-28 16:51:09', 34, '2015-03-28 17:00:12'),
(11, 2, 'Item Model Number', NULL, 'Item Model Number', NULL, 34, '2015-03-28 16:51:10', 34, '2015-03-28 17:00:13'),
(14, 3, 'Display Size', 8, NULL, NULL, 34, '2015-04-03 11:04:15', 34, '2015-04-03 11:32:59'),
(15, 3, 'RAM Size', NULL, NULL, NULL, 34, '2015-04-03 11:04:16', 34, '2015-04-03 11:04:16'),
(16, 3, 'Processor Type', 9, NULL, NULL, 34, '2015-04-03 11:04:16', 34, '2015-04-03 11:33:02'),
(17, 3, 'Product Type', NULL, NULL, NULL, 34, '2015-04-03 11:04:17', 34, '2015-04-03 11:04:17'),
(18, 3, 'Operating System', 7, NULL, NULL, 34, '2015-04-03 11:04:18', 34, '2015-04-03 11:07:30'),
(19, 3, 'Number Of CPUs', NULL, NULL, NULL, 34, '2015-04-03 11:04:19', 34, '2015-04-03 11:04:19'),
(20, 3, 'Hrad Drive Size', 10, NULL, NULL, 34, '2015-04-03 11:04:20', 34, '2015-04-03 11:33:01'),
(21, 3, 'Weight', NULL, NULL, NULL, 34, '2015-04-03 11:04:21', 34, '2015-04-03 11:04:21'),
(22, 3, 'Battery Life', NULL, NULL, NULL, 34, '2015-04-03 11:04:22', 34, '2015-04-03 11:04:22'),
(23, 3, 'Display', NULL, NULL, NULL, 34, '2015-04-03 11:04:23', 34, '2015-04-03 11:04:23'),
(24, 3, 'Brand', NULL, NULL, NULL, 34, '2015-04-03 11:04:24', 34, '2015-04-03 11:04:24'),
(25, 3, 'CPU Speed', NULL, NULL, NULL, 34, '2015-04-03 11:04:25', 34, '2015-04-03 11:04:25');

-- --------------------------------------------------------

--
-- Table structure for table `sys_catalog_value`
--

CREATE TABLE `sys_catalog_value` (
  `sys_catalog_value_id` int(12) UNSIGNED NOT NULL,
  `sys_catalog_line_id` int(12) NOT NULL,
  `sys_catalog_header_id` int(12) NOT NULL,
  `line_value` varchar(255) NOT NULL,
  `reference_table` varchar(100) NOT NULL,
  `reference_id` int(12) NOT NULL
) ENGINE=InnoDB DEFAULT CHARSET=latin1;

--
-- Dumping data for table `sys_catalog_value`
--

INSERT INTO `sys_catalog_value` (`sys_catalog_value_id`, `sys_catalog_line_id`, `sys_catalog_header_id`, `line_value`, `reference_table`, `reference_id`) VALUES
(1, 7, 2, 'ABC-11102', 'ec_product', 1),
(2, 8, 2, '11x11x44', 'ec_product', 1),
(3, 11, 2, 'MIE-0101', 'ec_product', 1),
(4, 4, 1, 'Less', 'ec_product', 1),
(5, 6, 1, 'Red', 'ec_product', 1),
(6, 1, 1, 'Good', 'ec_product', 1),
(9, 7, 2, 'ABC-333-121', 'item', 10186),
(10, 11, 2, 'AYT-1010-11ZAA', 'ec_product', 4),
(11, 7, 2, 'AYT-1010-11', 'ec_product', 4),
(12, 9, 2, '6.4 pounds', 'ec_product', 4),
(13, 10, 2, 'China', 'ec_product', 4),
(14, 8, 2, '11x121x11', 'ec_product', 4),
(15, 7, 2, 'ANAN-WWON-12', 'ec_product', 5),
(16, 11, 2, 'ANAN-WWON-12ZZZ', 'ec_product', 5),
(17, 8, 2, '11x12x13', 'ec_product', 5),
(18, 10, 2, 'China', 'ec_product', 5),
(19, 9, 2, '12.88', 'ec_product', 5),
(20, 7, 2, 'AAA-AIKA-12', 'ec_product', 8),
(21, 11, 2, 'AAA-AIKA-12-XXX', 'ec_product', 8),
(22, 9, 2, '12.8', 'ec_product', 8),
(23, 10, 2, 'India', 'ec_product', 8),
(24, 8, 2, '12x12x12', 'ec_product', 8),
(25, 8, 2, '12x12x13', 'ec_product', 9),
(26, 11, 2, 'VACA-12-11-XXX', 'ec_product', 9),
(27, 10, 2, 'China', 'ec_product', 9),
(28, 9, 2, '1121', 'ec_product', 9),
(29, 7, 2, 'VACA-12-11', 'ec_product', 9),
(30, 14, 3, '14_TO_15', 'ec_product', 4),
(31, 14, 3, '14_TO_15', 'ec_product', 5),
(32, 20, 3, '1TB', 'ec_product', 5),
(33, 18, 3, 'WINDOWS8', 'ec_product', 5),
(34, 18, 3, 'WINDOWS_VISTA', 'ec_product', 13),
(35, 20, 3, '1TB', 'ec_product', 13),
(36, 14, 3, '14_TO_15', 'ec_product', 13),
(37, 14, 3, '14_TO_15', 'ec_product', 12),
(38, 20, 3, '1TB', 'ec_product', 12),
(39, 18, 3, 'WINDOWS7', 'ec_product', 12),
(40, 14, 3, '14_TO_15', 'ec_product', 9),
(41, 20, 3, '321_500GB', 'ec_product', 9),
(42, 18, 3, 'WINDOWS8', 'ec_product', 9),
(43, 7, 2, 'ABC12121', 'ec_product', 14),
(44, 8, 2, '1x3 cm', 'ec_product', 14),
(45, 9, 2, '100gm', 'ec_product', 14),
(46, 10, 2, 'Mal', 'ec_product', 14),
(47, 10, 2, 'Mal', 'ec_product', 16),
(48, 9, 2, '2Gm', 'ec_product', 16),
(49, 8, 2, '2x3 cm', 'ec_product', 16),
(50, 7, 2, 'ABS17171', 'ec_product', 16),
(51, 8, 2, ' 7 x 10 x 12 cm', 'ec_product', 17),
(52, 11, 2, 'NA', 'ec_product', 17),
(53, 7, 2, 'ABAB121', 'ec_product', 17),
(54, 9, 2, '10 gm', 'ec_product', 17),
(55, 10, 2, 'Mal', 'ec_product', 17),
(56, 8, 2, '7 x 10', 'ec_product', 18),
(57, 9, 2, '100gm', 'ec_product', 18),
(58, 10, 2, 'Mly', 'ec_product', 18),
(59, 7, 2, 'ABC', 'ec_product', 18),
(60, 4, 1, '10', 'item', 10252),
(61, 6, 1, '20', 'item', 10252),
(62, 1, 1, '30', 'item', 10252);

-- --------------------------------------------------------

--
-- Table structure for table `sys_document_sequence`
--

CREATE TABLE `sys_document_sequence` (
  `sys_document_sequence_id` int(12) UNSIGNED NOT NULL,
  `bu_org_id` int(12) NOT NULL,
  `entry_type` varchar(25) NOT NULL,
  `pre_fix` varchar(25) DEFAULT NULL,
  `seq_separator` varchar(10) DEFAULT NULL,
  `next_number` int(12) DEFAULT NULL,
  `document_type` varchar(50) NOT NULL,
  `start_date` date NOT NULL,
  `end_date` date DEFAULT NULL,
  `created_by` int(12) NOT NULL,
  `creation_date` datetime DEFAULT NULL,
  `last_update_by` int(12) NOT NULL,
  `last_update_date` datetime DEFAULT NULL
) ENGINE=InnoDB DEFAULT CHARSET=latin1;

--
-- Dumping data for table `sys_document_sequence`
--

INSERT INTO `sys_document_sequence` (`sys_document_sequence_id`, `bu_org_id`, `entry_type`, `pre_fix`, `seq_separator`, `next_number`, `document_type`, `start_date`, `end_date`, `created_by`, `creation_date`, `last_update_by`, `last_update_date`) VALUES
(1, 5, 'AUTO_SEQUENCE', NULL, NULL, 9000001, 'PUR_STANDRAD_PO', '2014-01-01', NULL, 0, '2014-08-26 00:00:00', 0, '2014-08-26 00:00:00'),
(2, 5, 'AUTO_SEQUENCE', NULL, NULL, 8000001, 'PUR_BLANKET_AGGREMENT', '2014-01-01', NULL, 0, '2014-08-26 00:00:00', 0, '2014-08-26 00:00:00');

-- --------------------------------------------------------

--
-- Table structure for table `sys_dynamic_block_header`
--

CREATE TABLE `sys_dynamic_block_header` (
  `sys_dynamic_block_header_id` int(12) UNSIGNED NOT NULL,
  `block_id` int(12) DEFAULT NULL,
  `name` varchar(50) DEFAULT NULL,
  `description` varchar(256) DEFAULT NULL,
  `created_by` int(12) NOT NULL,
  `creation_date` datetime DEFAULT NULL,
  `last_update_by` int(12) NOT NULL,
  `last_update_date` datetime DEFAULT NULL
) ENGINE=InnoDB DEFAULT CHARSET=latin1;

-- --------------------------------------------------------

--
-- Table structure for table `sys_dynamic_block_line`
--

CREATE TABLE `sys_dynamic_block_line` (
  `sys_dynamic_block_line_id` int(12) UNSIGNED NOT NULL,
  `dynamic_block_header_id` int(12) NOT NULL,
  `content_type` varchar(50) DEFAULT NULL,
  `reference_table` varchar(256) DEFAULT NULL,
  `reference_column` varchar(256) DEFAULT NULL,
  `reference_id` int(12) DEFAULT NULL,
  `description` varchar(256) DEFAULT NULL,
  `created_by` int(12) NOT NULL,
  `creation_date` datetime DEFAULT NULL,
  `last_update_by` int(12) NOT NULL,
  `last_update_date` datetime DEFAULT NULL
) ENGINE=InnoDB DEFAULT CHARSET=latin1;

-- --------------------------------------------------------

--
-- Table structure for table `sys_extra_field`
--

CREATE TABLE `sys_extra_field` (
  `sys_extra_field_id` int(12) NOT NULL,
  `field_name` varchar(50) NOT NULL,
  `sys_field_name` varchar(50) NOT NULL,
  `description` varchar(256) DEFAULT NULL,
  `field_type` varchar(50) DEFAULT NULL,
  `field_length` int(12) DEFAULT NULL,
  `display_type` varchar(20) DEFAULT NULL,
  `active_cb` tinyint(1) DEFAULT NULL,
  `created_by` int(12) NOT NULL,
  `creation_date` datetime DEFAULT NULL,
  `last_update_by` int(12) NOT NULL,
  `last_update_date` datetime DEFAULT NULL
) ENGINE=InnoDB DEFAULT CHARSET=latin1;

--
-- Dumping data for table `sys_extra_field`
--

INSERT INTO `sys_extra_field` (`sys_extra_field_id`, `field_name`, `sys_field_name`, `description`, `field_type`, `field_length`, `display_type`, `active_cb`, `created_by`, `creation_date`, `last_update_by`, `last_update_date`) VALUES
(1, 'Length', 'length', 'Length', 'VARCHAR', 20, 'TEXT', NULL, 0, '2014-10-08 00:00:00', 0, '2008-10-14 00:00:00'),
(5, 'Calculated Power', 'calculated_power', 'Calculated Power', 'DECIMAL', 8, 'TEXT', NULL, 0, '2014-10-08 00:00:00', 0, '2014-10-08 00:00:00'),
(6, 'Power Cable', 'power_cable', NULL, 'BOOLEAN', NULL, 'CHECK_BOX', NULL, 0, '2014-10-08 00:00:00', 0, '2014-10-08 00:00:00'),
(10, 'Grade', 'grade', 'Grade', 'LIST', 50, 'SELECT', NULL, 0, '2014-10-10 00:00:00', 0, '2014-10-10 00:00:00'),
(11, 'Serial Status', 'serial_status', 'Serial Status001', 'OPTION_LIST', 50, 'SELECT', 1, 0, '2014-10-10 00:00:00', 34, '2014-12-27 16:10:06'),
(12, 'Per Master File', 'per_master_file', 'Per Master File', 'FILE', 12, 'TEXT', 1, 0, '2014-10-10 00:00:00', 0, '2014-10-10 00:00:00'),
(13, 'F Wavelength', 'f_wavelength', NULL, 'INT', 10, 'TEXT', 1, 1, '2016-08-24 06:11:42', 1, '2016-08-24 06:11:42');

-- --------------------------------------------------------

--
-- Table structure for table `sys_extra_field_instance`
--

CREATE TABLE `sys_extra_field_instance` (
  `sys_extra_field_instance_id` int(12) NOT NULL,
  `sys_extra_field_id` int(12) NOT NULL,
  `reference_type` varchar(25) DEFAULT NULL,
  `referece_entity` varchar(25) DEFAULT NULL,
  `reference_key_name` varchar(50) NOT NULL,
  `reference_key_value` int(12) NOT NULL,
  `field_label` varchar(50) DEFAULT NULL,
  `control_type` varchar(10) DEFAULT NULL,
  `control_value` varchar(50) DEFAULT NULL,
  `control_uom` int(12) DEFAULT NULL,
  `active_cb` tinyint(1) DEFAULT NULL,
  `display_weight` int(11) DEFAULT NULL,
  `list_values` blob,
  `lower_limit` varchar(50) DEFAULT NULL,
  `upper_limit` varchar(50) DEFAULT NULL,
  `list_value_option_type` varchar(50) DEFAULT NULL,
  `created_by` int(12) NOT NULL,
  `creation_date` datetime DEFAULT NULL,
  `last_update_by` int(12) NOT NULL,
  `last_update_date` datetime DEFAULT NULL
) ENGINE=InnoDB DEFAULT CHARSET=latin1;

--
-- Dumping data for table `sys_extra_field_instance`
--

INSERT INTO `sys_extra_field_instance` (`sys_extra_field_instance_id`, `sys_extra_field_id`, `reference_type`, `referece_entity`, `reference_key_name`, `reference_key_value`, `field_label`, `control_type`, `control_value`, `control_uom`, `active_cb`, `display_weight`, `list_values`, `lower_limit`, `upper_limit`, `list_value_option_type`, `created_by`, `creation_date`, `last_update_by`, `last_update_date`) VALUES
(1, 1, 'table', NULL, 'bom_routing_line', 14, 'Max_Length', 'GT', '12', 30, 1, 0, '', '', '', '', 0, '2014-10-10 00:00:00', 0, '2014-10-10 00:00:00'),
(3, 10, 'table', NULL, 'bom_routing_line', 14, 'Grade', '', '12', 0, 1, 1, 0x613a343a7b693a303b733a31303a224120506f736974697665223b693a313b733a31313a222041204e65676174697665223b693a323b733a31313a22204220506f736974697665223b693a333b733a31313a222042204e65676174697665223b7d, '', '', '', 0, '2014-10-10 00:00:00', 0, '2014-10-10 00:00:00'),
(4, 6, 'table', NULL, 'bom_routing_line', 15, '', '', '', 0, 1, 0, '', '', '', '', 0, '2014-10-10 00:00:00', 0, '2014-10-10 00:00:00'),
(5, 5, 'table', NULL, 'bom_routing_line', 14, 'Power', 'GTE', '121', 0, 1, 0, '', '', '', '', 0, '2014-10-10 00:00:00', 0, '2014-10-10 00:00:00'),
(6, 1, 'table', NULL, 'wip_wo_routing_line', 181, 'Max_Length', 'GT', '12', 30, 1, 0, '', '', '', '', 0, '2014-10-10 00:00:00', 0, '2014-10-10 00:00:00'),
(7, 10, 'table', NULL, 'wip_wo_routing_line', 181, 'Grade', '', '12', 0, 1, 1, 0x613a343a7b693a303b733a31303a224120506f736974697665223b693a313b733a31313a222041204e65676174697665223b693a323b733a31313a22204220506f736974697665223b693a333b733a31313a222042204e65676174697665223b7d, '', '', '', 0, '2014-10-10 00:00:00', 0, '2014-10-10 00:00:00'),
(8, 5, 'table', NULL, 'wip_wo_routing_line', 181, 'Power', 'GTE', '12', 0, 1, 0, '', '', '', '', 0, '2014-10-10 00:00:00', 0, '2014-10-10 00:00:00'),
(9, 6, 'table', NULL, 'wip_wo_routing_line', 182, 'Cable', '', '', 0, 1, 0, '', '', '', '', 0, '2014-10-10 00:00:00', 0, '2014-10-10 00:00:00'),
(10, 5, 'table', NULL, 'wip_wo_routing_line', 183, 'CPC', '', '', 0, NULL, 0, '', '', '', '', 0, '2014-10-11 00:00:00', 0, '2014-10-11 00:00:00'),
(11, 11, 'table', NULL, 'wip_wo_routing_line', 183, 'SS-01', '', '', 0, NULL, 4, '', '', '', '205', 0, '2014-10-11 00:00:00', 0, '2014-10-11 00:00:00'),
(12, 12, 'table', NULL, 'wip_wo_routing_line', 184, 'PMF', NULL, NULL, NULL, 1, NULL, NULL, NULL, NULL, NULL, 0, '2014-10-10 00:00:00', 0, '2014-10-10 00:00:00'),
(13, 1, 'table', NULL, 'wip_wo_routing_line', 213, '', '', '', 0, NULL, 0, '', '', '', '', 34, '2014-11-04 10:53:32', 34, '2014-11-04 10:56:38'),
(14, 5, 'table', NULL, 'wip_wo_routing_line', 223, NULL, NULL, NULL, NULL, NULL, NULL, NULL, NULL, NULL, NULL, 34, '2014-11-04 10:58:27', 34, '2014-11-04 10:58:27'),
(15, 1, 'table', NULL, 'wip_wo_routing_line', 230, 'Max_Length', 'GT', '12', 30, 1, NULL, NULL, NULL, NULL, NULL, 34, '2014-12-30 18:08:01', 34, '2014-12-30 18:08:01'),
(16, 5, 'table', NULL, 'wip_wo_routing_line', 230, 'Power', 'GTE', '121', NULL, 1, NULL, NULL, NULL, NULL, NULL, 34, '2014-12-30 18:08:01', 34, '2014-12-30 18:08:01'),
(17, 10, 'table', NULL, 'wip_wo_routing_line', 230, 'Grade', NULL, '12', NULL, 1, 1, 0x613a343a7b693a303b733a31303a224120506f736974697665223b693a313b733a31313a222041204e65676174697665223b693a323b733a31313a22204220506f736974697665223b693a333b733a31313a222042204e65676174697665223b7d, NULL, NULL, NULL, 34, '2014-12-30 18:08:01', 34, '2014-12-30 18:08:01'),
(18, 6, 'table', NULL, 'wip_wo_routing_line', 231, NULL, NULL, NULL, NULL, 1, NULL, NULL, NULL, NULL, NULL, 34, '2014-12-30 18:08:01', 34, '2014-12-30 18:08:01'),
(19, 1, 'table', NULL, 'wip_wo_routing_line', 239, 'Leng', NULL, NULL, NULL, NULL, NULL, NULL, NULL, NULL, NULL, 34, '2014-12-31 06:24:47', 34, '2014-12-31 06:24:47'),
(20, 5, 'table', NULL, 'wip_wo_routing_line', 240, 'CPower', NULL, NULL, NULL, NULL, NULL, NULL, NULL, NULL, NULL, 34, '2014-12-31 06:24:47', 34, '2014-12-31 06:24:47'),
(21, 6, 'table', NULL, 'wip_wo_routing_line', 240, 'PwoerC', NULL, NULL, NULL, NULL, NULL, NULL, NULL, NULL, NULL, 34, '2014-12-31 06:24:47', 34, '2014-12-31 06:24:47'),
(22, 1, 'table', NULL, 'wip_wo_routing_line', 243, 'Max_Length', 'GT', '12', 30, 1, 0, '', '', '', '', 34, '2014-12-31 06:28:19', 34, '2014-12-31 06:28:39'),
(23, 5, 'table', NULL, 'wip_wo_routing_line', 243, 'Power', 'GTE', '121', 0, 1, 0, '', '', '', '', 34, '2014-12-31 06:28:19', 34, '2014-12-31 06:28:39'),
(24, 10, 'table', NULL, 'wip_wo_routing_line', 243, 'Grade', '', '12', 0, 1, 1, 0x613a343a7b693a303b733a31303a224120506f736974697665223b693a313b733a31313a222041204e65676174697665223b693a323b733a31313a22204220506f736974697665223b693a333b733a31313a222042204e65676174697665223b7d, '', '', '', 34, '2014-12-31 06:28:19', 34, '2014-12-31 06:28:39'),
(25, 6, 'table', NULL, 'wip_wo_routing_line', 244, '', '', '', 0, 1, 0, '', '', '', '', 34, '2014-12-31 06:28:19', 34, '2014-12-31 06:28:38'),
(26, 1, 'table', NULL, 'wip_wo_routing_line', 250, 'Max_Length', 'GT', '12', 30, 1, NULL, NULL, NULL, NULL, NULL, 34, '2015-01-20 15:19:19', 34, '2015-01-20 15:19:19'),
(27, 5, 'table', NULL, 'wip_wo_routing_line', 250, 'Power', 'GTE', '121', NULL, 1, NULL, NULL, NULL, NULL, NULL, 34, '2015-01-20 15:19:19', 34, '2015-01-20 15:19:19'),
(28, 10, 'table', NULL, 'wip_wo_routing_line', 250, 'Grade', NULL, '12', NULL, 1, 1, 0x613a343a7b693a303b733a31303a224120506f736974697665223b693a313b733a31313a222041204e65676174697665223b693a323b733a31313a22204220506f736974697665223b693a333b733a31313a222042204e65676174697665223b7d, NULL, NULL, NULL, 34, '2015-01-20 15:19:19', 34, '2015-01-20 15:19:19'),
(29, 6, 'table', NULL, 'wip_wo_routing_line', 251, NULL, NULL, NULL, NULL, 1, NULL, NULL, NULL, NULL, NULL, 34, '2015-01-20 15:19:19', 34, '2015-01-20 15:19:19'),
(30, 1, 'table', NULL, 'bom_routing_line', 22, NULL, NULL, NULL, NULL, NULL, NULL, NULL, NULL, NULL, NULL, 34, '2015-03-21 16:26:15', 34, '2015-03-21 16:26:15'),
(31, 1, 'table', NULL, 'am_wo_routing_line', 1, '', '', '', 0, NULL, 0, '', '', '', '', 34, '2015-03-21 16:42:14', 34, '2015-03-21 17:04:07'),
(32, 1, 'table', NULL, 'am_wo_routing_line', 2, NULL, NULL, NULL, NULL, NULL, NULL, NULL, NULL, NULL, NULL, 34, '2015-03-21 17:04:55', 34, '2015-03-21 17:04:55'),
(33, 1, 'table', NULL, 'am_wo_routing_line', 3, NULL, NULL, NULL, NULL, NULL, NULL, NULL, NULL, NULL, NULL, -99, '2015-03-25 11:48:47', -99, '2015-03-25 11:48:47'),
(34, 1, 'table', NULL, 'am_wo_routing_line', 4, NULL, NULL, NULL, NULL, NULL, NULL, NULL, NULL, NULL, NULL, -99, '2015-03-25 11:48:47', -99, '2015-03-25 11:48:47'),
(35, 1, 'table', NULL, 'am_wo_routing_line', 5, NULL, NULL, NULL, NULL, NULL, NULL, NULL, NULL, NULL, NULL, -99, '2015-03-25 11:48:47', -99, '2015-03-25 11:48:47'),
(36, 1, 'table', NULL, 'am_wo_routing_line', 6, NULL, NULL, NULL, NULL, NULL, NULL, NULL, NULL, NULL, NULL, -99, '2015-03-25 11:48:47', -99, '2015-03-25 11:48:47'),
(37, 1, 'table', NULL, 'am_wo_routing_line', 7, NULL, NULL, NULL, NULL, NULL, NULL, NULL, NULL, NULL, NULL, -99, '2015-03-25 11:48:47', -99, '2015-03-25 11:48:47'),
(38, 1, 'table', NULL, 'am_wo_routing_line', 8, NULL, NULL, NULL, NULL, NULL, NULL, NULL, NULL, NULL, NULL, -99, '2015-03-25 11:48:47', -99, '2015-03-25 11:48:47'),
(39, 1, 'table', NULL, 'am_wo_routing_line', 9, NULL, NULL, NULL, NULL, NULL, NULL, NULL, NULL, NULL, NULL, -99, '2015-03-25 18:05:23', -99, '2015-03-25 18:05:23'),
(40, 1, 'table', NULL, 'am_wo_routing_line', 10, NULL, NULL, NULL, NULL, NULL, NULL, NULL, NULL, NULL, NULL, -99, '2015-03-25 18:05:23', -99, '2015-03-25 18:05:23'),
(41, 1, 'table', NULL, 'am_wo_routing_line', 11, NULL, NULL, NULL, NULL, NULL, NULL, NULL, NULL, NULL, NULL, -99, '2015-03-25 18:05:23', -99, '2015-03-25 18:05:23'),
(42, 1, 'table', NULL, 'am_wo_routing_line', 12, NULL, NULL, NULL, NULL, NULL, NULL, NULL, NULL, NULL, NULL, -99, '2015-03-25 18:05:23', -99, '2015-03-25 18:05:23'),
(43, 1, 'table', NULL, 'am_wo_routing_line', 13, NULL, NULL, NULL, NULL, NULL, NULL, NULL, NULL, NULL, NULL, -99, '2015-03-25 18:05:23', -99, '2015-03-25 18:05:23'),
(44, 1, 'table', NULL, 'am_wo_routing_line', 14, NULL, NULL, NULL, NULL, NULL, NULL, NULL, NULL, NULL, NULL, -99, '2015-03-25 18:05:23', -99, '2015-03-25 18:05:23'),
(45, 1, 'table', NULL, 'am_wo_routing_line', 15, NULL, NULL, NULL, NULL, NULL, NULL, NULL, NULL, NULL, NULL, -99, '2015-03-25 18:05:23', -99, '2015-03-25 18:05:23'),
(46, 1, 'table', NULL, 'am_wo_routing_line', 16, NULL, NULL, NULL, NULL, NULL, NULL, NULL, NULL, NULL, NULL, -99, '2015-03-25 18:05:23', -99, '2015-03-25 18:05:23'),
(47, 1, 'table', NULL, 'am_wo_routing_line', 17, NULL, NULL, NULL, NULL, NULL, NULL, NULL, NULL, NULL, NULL, -99, '2015-03-25 18:05:23', -99, '2015-03-25 18:05:23'),
(48, 1, 'table', NULL, 'am_wo_routing_line', 18, NULL, NULL, NULL, NULL, NULL, NULL, NULL, NULL, NULL, NULL, -99, '2015-03-25 18:05:23', -99, '2015-03-25 18:05:23'),
(49, 1, 'table', NULL, 'am_wo_routing_line', 19, NULL, NULL, NULL, NULL, NULL, NULL, NULL, NULL, NULL, NULL, -99, '2015-03-25 18:05:23', -99, '2015-03-25 18:05:23'),
(50, 1, 'table', NULL, 'am_wo_routing_line', 20, NULL, NULL, NULL, NULL, NULL, NULL, NULL, NULL, NULL, NULL, -99, '2015-03-25 18:05:23', -99, '2015-03-25 18:05:23'),
(51, 1, 'table', NULL, 'am_wo_routing_line', 21, NULL, NULL, NULL, NULL, NULL, NULL, NULL, NULL, NULL, NULL, -99, '2015-03-25 18:05:23', -99, '2015-03-25 18:05:23'),
(52, 1, 'table', NULL, 'am_wo_routing_line', 22, NULL, NULL, NULL, NULL, NULL, NULL, NULL, NULL, NULL, NULL, -99, '2015-03-25 18:05:23', -99, '2015-03-25 18:05:23'),
(53, 1, 'table', NULL, 'am_wo_routing_line', 23, NULL, NULL, NULL, NULL, NULL, NULL, NULL, NULL, NULL, NULL, -99, '2015-03-25 18:05:23', -99, '2015-03-25 18:05:23'),
(54, 1, 'table', NULL, 'bom_routing_line', 25, '', '', '', 0, 1, 0, '', '', '', '', 1, '2016-08-03 07:28:50', 1, '2016-08-03 07:28:50'),
(55, 6, 'table', NULL, 'bom_routing_line', 25, '', '', '', 0, 1, 0, '', '', '', '', 1, '2016-08-03 07:28:50', 1, '2016-08-03 07:28:50'),
(56, 1, 'table', NULL, 'wip_wo_routing_line', 263, NULL, NULL, NULL, NULL, 1, NULL, NULL, NULL, NULL, NULL, 1, '2016-08-04 14:13:29', 1, '2016-08-04 14:13:29'),
(57, 1, 'table', NULL, 'wip_wo_routing_line', 264, NULL, NULL, NULL, NULL, 1, NULL, NULL, NULL, NULL, NULL, 1, '2016-08-24 05:38:47', 1, '2016-08-24 05:38:47'),
(58, 6, 'table', NULL, 'wip_wo_routing_line', 264, NULL, NULL, NULL, NULL, 1, NULL, NULL, NULL, NULL, NULL, 1, '2016-08-24 05:38:47', 1, '2016-08-24 05:38:47'),
(59, 13, 'table', NULL, 'bom_routing_line', 25, NULL, NULL, NULL, NULL, 1, NULL, NULL, NULL, NULL, NULL, 1, '2016-08-24 06:13:09', 1, '2016-08-24 06:13:09'),
(60, 1, 'table', NULL, 'wip_wo_routing_line', 265, NULL, NULL, NULL, NULL, 1, NULL, NULL, NULL, NULL, NULL, 1, '2016-08-24 06:20:21', 1, '2016-08-24 06:20:21'),
(61, 6, 'table', NULL, 'wip_wo_routing_line', 265, NULL, NULL, NULL, NULL, 1, NULL, NULL, NULL, NULL, NULL, 1, '2016-08-24 06:20:21', 1, '2016-08-24 06:20:21'),
(62, 13, 'table', NULL, 'wip_wo_routing_line', 265, NULL, NULL, NULL, NULL, 1, NULL, NULL, NULL, NULL, NULL, 1, '2016-08-24 06:20:21', 1, '2016-08-24 06:20:21');

-- --------------------------------------------------------

--
-- Table structure for table `sys_hold`
--

CREATE TABLE `sys_hold` (
  `sys_hold_id` int(12) UNSIGNED NOT NULL,
  `hold_code` varchar(50) NOT NULL,
  `hold_name` varchar(50) NOT NULL,
  `hold_type` varchar(50) NOT NULL,
  `manual_released_cb` tinyint(1) DEFAULT NULL,
  `description` varchar(256) DEFAULT NULL,
  `status` varchar(20) DEFAULT NULL,
  `access_level` varchar(25) DEFAULT NULL,
  `created_by` int(12) NOT NULL,
  `creation_date` datetime DEFAULT NULL,
  `last_update_by` int(12) NOT NULL,
  `last_update_date` datetime DEFAULT NULL
) ENGINE=InnoDB DEFAULT CHARSET=latin1;

--
-- Dumping data for table `sys_hold`
--

INSERT INTO `sys_hold` (`sys_hold_id`, `hold_code`, `hold_name`, `hold_type`, `manual_released_cb`, `description`, `status`, `access_level`, `created_by`, `creation_date`, `last_update_by`, `last_update_date`) VALUES
(1, 'PO_LINE_OVER_RELEASED_AMNT', 'PO Line Over Released Amount', 'PO_LINE_HOLD', NULL, 'PO Line Over Released Amount', 'active', 'SYSTEM', 0, '2014-09-01 00:00:00', 0, '2001-09-14 00:00:00'),
(2, 'PO_LINE_OVER_RELEASED_QTY', 'PO Line Over Released Qty', 'PO_LINE_HOLD', NULL, 'PO Line Over Released Quantity', 'ACTIVE', 'SYSTEM', 0, '2014-09-01 00:00:00', 34, '2014-12-27 15:35:05');

-- --------------------------------------------------------

--
-- Table structure for table `sys_hold_reference`
--

CREATE TABLE `sys_hold_reference` (
  `sys_hold_reference_id` int(12) UNSIGNED NOT NULL,
  `hold_code` varchar(50) NOT NULL,
  `reference_table` varchar(50) NOT NULL,
  `reference_id` int(12) NOT NULL,
  `hold_applied_by` varchar(50) DEFAULT NULL,
  `hold_applied_on` date DEFAULT NULL,
  `application_reason` varchar(256) DEFAULT NULL,
  `hold_removed_by` varchar(50) DEFAULT NULL,
  `hold_removed_on` date DEFAULT NULL,
  `removal_reason` varchar(256) DEFAULT NULL,
  `hold_count` int(12) DEFAULT NULL
) ENGINE=InnoDB DEFAULT CHARSET=latin1;

--
-- Dumping data for table `sys_hold_reference`
--

INSERT INTO `sys_hold_reference` (`sys_hold_reference_id`, `hold_code`, `reference_table`, `reference_id`, `hold_applied_by`, `hold_applied_on`, `application_reason`, `hold_removed_by`, `hold_removed_on`, `removal_reason`, `hold_count`) VALUES
(1, 'PO_LINE_OVER_RELEASED_QTY', 'po_line', 205, 'inoerp', '2014-09-02', 'Released quantity is more than aggreed quantity', 'inoerp', '2014-09-02', 'Quantity variance is removed', NULL),
(2, 'PO_LINE_OVER_RELEASED_AMNT', 'po_line', 205, 'inoerp', '2014-09-02', 'Released amount is more than aggreed amount', 'inoerp', '2014-09-02', 'Amount variance is removed', NULL),
(7, 'PO_LINE_OVER_RELEASED_QTY', 'po_line', 205, 'inoerp', '2014-09-02', 'Released quantity is more than aggreed quantity', 'inoerp', '2014-09-02', 'Quantity variance is removed', NULL),
(8, 'PO_LINE_OVER_RELEASED_AMNT', 'po_line', 205, 'inoerp', '2014-09-02', 'Released amount is more than aggreed amount', 'inoerp', '2014-09-02', 'Amount variance is removed', NULL),
(9, 'PO_LINE_OVER_RELEASED_QTY', 'po_line', 205, 'inoerp', '2014-09-02', 'Released quantity is more than aggreed quantity', 'inoerp', '2014-09-02', 'Quantity variance is removed', NULL),
(10, 'PO_LINE_OVER_RELEASED_AMNT', 'po_line', 205, 'inoerp', '2014-09-02', 'Released amount is more than aggreed amount', 'inoerp', '2014-09-02', 'Amount variance is removed', NULL),
(11, 'PO_LINE_OVER_RELEASED_QTY', 'po_line', 205, 'inoerp', '2014-09-02', 'Released quantity is more than aggreed quantity', 'inoerp', '2014-09-02', 'Quantity variance is removed', NULL),
(12, 'PO_LINE_OVER_RELEASED_AMNT', 'po_line', 205, 'inoerp', '2014-09-02', 'Released amount is more than aggreed amount', 'inoerp', '2014-09-02', 'Amount variance is removed', NULL),
(13, 'PO_LINE_OVER_RELEASED_QTY', 'po_line', 180, 'inoerp', '2014-09-08', 'Released quantity is more than aggreed quantity', NULL, NULL, NULL, NULL),
(14, 'PO_LINE_OVER_RELEASED_AMNT', 'po_line', 180, 'inoerp', '2014-09-08', 'Released amount is more than aggreed amount', NULL, NULL, NULL, NULL),
(15, 'PO_LINE_OVER_RELEASED_QTY', 'po_line', 222, 'inoerp', '2014-12-30', 'Released quantity is more than aggreed quantity', NULL, NULL, NULL, NULL),
(16, 'PO_LINE_OVER_RELEASED_AMNT', 'po_line', 222, 'inoerp', '2014-12-30', 'Released amount is more than aggreed amount', NULL, NULL, NULL, NULL),
(17, 'PO_LINE_OVER_RELEASED_QTY', 'po_line', 223, 'inoerp', '2014-12-30', 'Released quantity is more than aggreed quantity', NULL, NULL, NULL, NULL),
(18, 'PO_LINE_OVER_RELEASED_AMNT', 'po_line', 223, 'inoerp', '2014-12-30', 'Released amount is more than aggreed amount', NULL, NULL, NULL, NULL);

-- --------------------------------------------------------

--
-- Table structure for table `sys_message_format`
--

CREATE TABLE `sys_message_format` (
  `sys_message_format_id` int(12) UNSIGNED NOT NULL,
  `format_name` varchar(50) DEFAULT NULL,
  `description` varchar(255) DEFAULT NULL,
  `message_subject` varchar(255) DEFAULT NULL,
  `message_body` text,
  `content_type` varchar(10) DEFAULT NULL,
  `cc_email` varchar(255) DEFAULT NULL,
  `from_name` varchar(50) DEFAULT NULL,
  `from_email` varbinary(50) DEFAULT NULL,
  `reply_to` varchar(40) DEFAULT NULL,
  `use_smtp_cb` tinyint(1) DEFAULT NULL,
  `status` varchar(20) DEFAULT NULL,
  `created_by` int(12) NOT NULL,
  `creation_date` datetime NOT NULL,
  `last_update_by` int(12) NOT NULL,
  `last_update_date` datetime NOT NULL
) ENGINE=InnoDB DEFAULT CHARSET=latin1;

-- --------------------------------------------------------

--
-- Table structure for table `sys_notification`
--

CREATE TABLE `sys_notification` (
  `sys_notification_id` int(12) UNSIGNED NOT NULL,
  `notification_type` varchar(12) NOT NULL,
  `notification_name` varchar(256) NOT NULL,
  `from_user_id` int(12) NOT NULL,
  `to_user_id` int(12) DEFAULT NULL,
  `from_user` varchar(100) DEFAULT NULL,
  `to_user` varchar(100) DEFAULT NULL,
  `to_user_id_all` varchar(256) DEFAULT NULL,
  `to_email` varchar(50) NOT NULL,
  `cc_email` varchar(256) DEFAULT NULL,
  `notification_subject` varchar(256) DEFAULT NULL,
  `to_role` varchar(25) DEFAULT NULL,
  `access_key` varchar(256) DEFAULT NULL,
  `mail_status` varchar(25) DEFAULT NULL,
  `start_date` date NOT NULL,
  `end_date` date DEFAULT NULL,
  `due_date` date DEFAULT NULL,
  `responder` varchar(100) DEFAULT NULL,
  `responder_comment` varchar(256) DEFAULT NULL,
  `reference_key_name` varchar(100) DEFAULT NULL,
  `reference_key_value` varchar(100) DEFAULT NULL,
  `user_key_name` varchar(100) DEFAULT NULL,
  `user_key_value` varchar(100) DEFAULT NULL,
  `text_field1` text,
  `status` varchar(25) DEFAULT NULL,
  `created_by` int(12) NOT NULL,
  `creation_date` datetime DEFAULT NULL,
  `last_update_by` int(12) NOT NULL,
  `last_update_date` datetime DEFAULT NULL,
  `notification_group_id` int(12) DEFAULT NULL,
  `notification_group_seq` int(12) DEFAULT NULL
) ENGINE=InnoDB DEFAULT CHARSET=latin1;

-- --------------------------------------------------------

--
-- Table structure for table `sys_notification_group`
--

CREATE TABLE `sys_notification_group` (
  `sys_notification_group_id` int(12) UNSIGNED NOT NULL,
  `start_sys_notification_id` int(12) NOT NULL,
  `notification_name` varchar(256) NOT NULL,
  `reference_key_name` varchar(100) DEFAULT NULL,
  `reference_key_value` varchar(100) DEFAULT NULL,
  `reference_key_table` varchar(100) DEFAULT NULL,
  `status` varchar(25) DEFAULT NULL,
  `created_by` int(12) NOT NULL,
  `creation_date` datetime DEFAULT NULL,
  `last_update_by` int(12) NOT NULL,
  `last_update_date` datetime DEFAULT NULL
) ENGINE=InnoDB DEFAULT CHARSET=latin1;

-- --------------------------------------------------------

--
-- Table structure for table `sys_pd_header`
--

CREATE TABLE `sys_pd_header` (
  `sys_pd_header_id` int(12) NOT NULL,
  `org_id` int(12) NOT NULL,
  `document_number` varchar(20) DEFAULT NULL,
  `status` varchar(25) DEFAULT NULL,
  `security_level` varchar(25) DEFAULT NULL,
  `primary_document` varchar(100) DEFAULT NULL,
  `primary_document_id` int(12) DEFAULT NULL,
  `template_id` int(12) DEFAULT NULL,
  `change_type` varchar(25) DEFAULT NULL,
  `originator` varchar(256) DEFAULT NULL,
  `description` text,
  `reason_code` varchar(100) DEFAULT NULL,
  `product_line` varchar(50) DEFAULT NULL,
  `process_flow_header_id` int(12) NOT NULL,
  `current_process_flow_line_id` int(12) DEFAULT NULL,
  `origination_date` date DEFAULT NULL,
  `owner_user_id` int(12) DEFAULT NULL,
  `release_date` date DEFAULT NULL,
  `completion_date` date DEFAULT NULL,
  `project_task_id` int(12) DEFAULT NULL,
  `access_org` text,
  `related_changes` text,
  `priority` int(4) DEFAULT NULL,
  `created_by` int(12) NOT NULL,
  `creation_date` datetime NOT NULL,
  `last_update_by` int(12) NOT NULL,
  `last_update_date` datetime NOT NULL
) ENGINE=InnoDB DEFAULT CHARSET=latin1;

--
-- Dumping data for table `sys_pd_header`
--

INSERT INTO `sys_pd_header` (`sys_pd_header_id`, `org_id`, `document_number`, `status`, `security_level`, `primary_document`, `primary_document_id`, `template_id`, `change_type`, `originator`, `description`, `reason_code`, `product_line`, `process_flow_header_id`, `current_process_flow_line_id`, `origination_date`, `owner_user_id`, `release_date`, `completion_date`, `project_task_id`, `access_org`, `related_changes`, `priority`, `created_by`, `creation_date`, `last_update_by`, `last_update_date`) VALUES
(1, 6, '1', 'External Office - Sign Of', NULL, 'hr_employee', 2, NULL, NULL, NULL, NULL, NULL, NULL, 3, NULL, NULL, NULL, NULL, NULL, NULL, NULL, NULL, NULL, 34, '2015-05-26 13:45:03', 34, '2015-05-28 17:25:34'),
(2, 6, '1', 'INCOMPLETE', NULL, 'hr_employee', NULL, NULL, NULL, NULL, NULL, NULL, NULL, 3, NULL, NULL, NULL, NULL, NULL, NULL, NULL, NULL, NULL, 34, '2015-05-26 14:01:31', 34, '2015-05-27 20:02:03'),
(3, 6, '3', 'External Office - Sign Of', NULL, 'hr_employee', 2, NULL, NULL, NULL, NULL, NULL, NULL, 3, NULL, NULL, NULL, NULL, NULL, NULL, NULL, NULL, NULL, 34, '2015-05-28 17:04:27', 34, '2015-05-28 17:04:27');

-- --------------------------------------------------------

--
-- Table structure for table `sys_pd_pflow_action_val`
--

CREATE TABLE `sys_pd_pflow_action_val` (
  `sys_pd_pflow_action_val_id` int(12) NOT NULL,
  `sys_process_flow_action_id` int(12) NOT NULL,
  `value_i` varchar(256) NOT NULL,
  `comment_i` varchar(256) DEFAULT NULL,
  `action_user_id` int(12) NOT NULL,
  `action_duration` decimal(10,2) DEFAULT NULL,
  `created_by` int(12) NOT NULL,
  `creation_date` datetime DEFAULT NULL,
  `last_update_by` int(12) NOT NULL,
  `last_update_date` datetime DEFAULT NULL
) ENGINE=InnoDB DEFAULT CHARSET=latin1;

-- --------------------------------------------------------

--
-- Table structure for table `sys_pd_process_flow_action`
--

CREATE TABLE `sys_pd_process_flow_action` (
  `sys_pd_process_flow_action_id` int(12) NOT NULL,
  `sys_pd_header_id` int(12) NOT NULL,
  `sys_process_flow_line_id` int(12) NOT NULL,
  `action_number` mediumint(6) NOT NULL,
  `role_code` varchar(25) DEFAULT NULL,
  `user_id` int(12) DEFAULT NULL,
  `pf_action_type` varchar(25) DEFAULT NULL,
  `required_cb` varchar(5) DEFAULT NULL,
  `field_value` varchar(25) DEFAULT NULL,
  `comment` varchar(256) DEFAULT NULL,
  `action_user_id` int(12) DEFAULT NULL,
  `action_duration` decimal(20,5) DEFAULT NULL,
  `object_name` varchar(100) DEFAULT NULL,
  `object_primary_id` int(12) DEFAULT NULL,
  `created_by` int(12) NOT NULL,
  `creation_date` datetime DEFAULT NULL,
  `last_update_by` int(12) NOT NULL,
  `last_update_date` datetime DEFAULT NULL
) ENGINE=InnoDB DEFAULT CHARSET=latin1;

--
-- Dumping data for table `sys_pd_process_flow_action`
--

INSERT INTO `sys_pd_process_flow_action` (`sys_pd_process_flow_action_id`, `sys_pd_header_id`, `sys_process_flow_line_id`, `action_number`, `role_code`, `user_id`, `pf_action_type`, `required_cb`, `field_value`, `comment`, `action_user_id`, `action_duration`, `object_name`, `object_primary_id`, `created_by`, `creation_date`, `last_update_by`, `last_update_date`) VALUES
(1, 1, 19, 1, 'BASIC', NULL, 'INFORMATION', NULL, 'APPROVE', 'TEST22222', 34, NULL, NULL, NULL, 34, '2015-05-26 13:55:39', 34, '2015-05-27 11:09:30'),
(3, 1, 21, 1, 'BASIC', NULL, 'INFORMATION', NULL, 'APPROVE', 'Approved', 34, NULL, 'hr_employee', 2, 34, '2015-05-26 13:59:26', 34, '2015-05-28 16:31:16'),
(4, 1, 28, 1, NULL, NULL, 'APPROVAL', NULL, NULL, 'test222', 34, NULL, NULL, NULL, 34, '2015-05-27 11:23:34', 34, '2015-05-27 11:23:55'),
(5, 1, 30, 1, NULL, NULL, 'INFORMATION', NULL, NULL, NULL, NULL, NULL, 'sd_so_header', 30, 34, '2015-05-28 17:25:34', 34, '2015-05-28 17:25:34');

-- --------------------------------------------------------

--
-- Table structure for table `sys_permission`
--

CREATE TABLE `sys_permission` (
  `sys_permission_id` int(12) UNSIGNED NOT NULL,
  `permision` varchar(50) NOT NULL,
  `description` varchar(256) DEFAULT NULL,
  `class` varchar(100) NOT NULL,
  `created_by` int(12) NOT NULL,
  `creation_date` datetime DEFAULT NULL,
  `last_update_by` int(12) NOT NULL,
  `last_update_date` datetime DEFAULT NULL
) ENGINE=InnoDB DEFAULT CHARSET=latin1;

-- --------------------------------------------------------

--
-- Table structure for table `sys_pflow_action_val`
--

CREATE TABLE `sys_pflow_action_val` (
  `sys_pflow_action_val_id` int(12) NOT NULL,
  `sys_process_flow_action_id` int(12) NOT NULL,
  `value_i` varchar(256) NOT NULL,
  `comment_i` varchar(256) DEFAULT NULL,
  `action_user_id` int(12) NOT NULL,
  `action_duration` decimal(10,2) DEFAULT NULL,
  `created_by` int(12) NOT NULL,
  `creation_date` datetime DEFAULT NULL,
  `last_update_by` int(12) NOT NULL,
  `last_update_date` datetime DEFAULT NULL
) ENGINE=InnoDB DEFAULT CHARSET=latin1;

-- --------------------------------------------------------

--
-- Table structure for table `sys_printer`
--

CREATE TABLE `sys_printer` (
  `sys_printer_id` int(12) UNSIGNED NOT NULL,
  `printer_name` varchar(50) NOT NULL,
  `printer_type` varchar(100) DEFAULT NULL,
  `manufacturer` varchar(100) DEFAULT NULL,
  `description` varchar(256) DEFAULT NULL,
  `ip_address` varchar(20) DEFAULT NULL,
  `port_number` int(5) DEFAULT NULL,
  `model_number` varchar(100) DEFAULT NULL,
  `created_by` int(12) NOT NULL,
  `creation_date` datetime DEFAULT NULL,
  `last_update_by` int(12) NOT NULL,
  `last_update_date` datetime DEFAULT NULL
) ENGINE=InnoDB DEFAULT CHARSET=latin1;

-- --------------------------------------------------------

--
-- Table structure for table `sys_process_flow_action`
--

CREATE TABLE `sys_process_flow_action` (
  `sys_process_flow_action_id` int(12) NOT NULL,
  `sys_process_flow_line_id` int(12) NOT NULL,
  `action_number` mediumint(6) NOT NULL,
  `role_code` varchar(25) DEFAULT NULL,
  `user_id` int(12) DEFAULT NULL,
  `pf_action_type` varchar(25) DEFAULT NULL,
  `object_name` varchar(100) DEFAULT NULL,
  `object_primary_id` int(12) DEFAULT NULL,
  `required_cb` varchar(5) DEFAULT NULL,
  `created_by` int(12) NOT NULL,
  `creation_date` datetime DEFAULT NULL,
  `last_update_by` int(12) NOT NULL,
  `last_update_date` datetime DEFAULT NULL
) ENGINE=InnoDB DEFAULT CHARSET=latin1;

--
-- Dumping data for table `sys_process_flow_action`
--

INSERT INTO `sys_process_flow_action` (`sys_process_flow_action_id`, `sys_process_flow_line_id`, `action_number`, `role_code`, `user_id`, `pf_action_type`, `object_name`, `object_primary_id`, `required_cb`, `created_by`, `creation_date`, `last_update_by`, `last_update_date`) VALUES
(1, 11, 1, 'BASIC', NULL, 'APPROVAL', NULL, NULL, NULL, 34, '2014-11-12 15:47:54', 34, '2014-11-12 15:47:54'),
(2, 13, 2, NULL, 94, 'APPROVAL', NULL, NULL, NULL, 34, '2014-11-12 15:57:08', 34, '2014-11-12 15:57:08'),
(3, 14, 5, NULL, 93, 'INFORMATION', NULL, NULL, NULL, 34, '2014-11-12 15:58:04', 34, '2014-11-12 15:58:04'),
(4, 19, 1, 'BASIC', NULL, 'INFORMATION', NULL, NULL, NULL, 34, '2014-12-27 11:09:29', 34, '2015-05-27 15:30:27'),
(6, 21, 1, 'BASIC', NULL, 'INFORMATION', NULL, NULL, NULL, 34, '2015-05-26 05:25:23', 34, '2015-05-28 17:24:29'),
(7, 28, 1, NULL, NULL, 'APPROVAL', NULL, NULL, NULL, 34, '2015-05-26 14:03:32', 34, '2015-05-28 16:47:33'),
(8, 30, 1, NULL, NULL, 'INFORMATION', NULL, NULL, NULL, 34, '2015-05-28 17:24:28', 34, '2015-05-28 17:24:28');

-- --------------------------------------------------------

--
-- Table structure for table `sys_process_flow_header`
--

CREATE TABLE `sys_process_flow_header` (
  `sys_process_flow_header_id` int(12) NOT NULL,
  `process_flow` varchar(25) NOT NULL,
  `module_name` varchar(25) NOT NULL,
  `type` varchar(25) NOT NULL,
  `status` enum('active','inactive','','') DEFAULT NULL,
  `description` varchar(256) DEFAULT NULL,
  `created_by` int(12) NOT NULL,
  `creation_date` datetime DEFAULT NULL,
  `last_update_by` int(12) NOT NULL,
  `last_update_date` datetime DEFAULT NULL
) ENGINE=InnoDB DEFAULT CHARSET=latin1;

--
-- Dumping data for table `sys_process_flow_header`
--

INSERT INTO `sys_process_flow_header` (`sys_process_flow_header_id`, `process_flow`, `module_name`, `type`, `status`, `description`, `created_by`, `creation_date`, `last_update_by`, `last_update_date`) VALUES
(1, 'SD_STD_SALES_L', 'sd', 'SYS_DOCUMENT', NULL, 'Standard Sales Line', 0, '2014-06-28 06:38:47', 34, '2015-06-06 09:55:51'),
(2, 'ECO Standard', 'cc', 'DOCUMENT', NULL, 'ECO Standard Flow1', 34, '2014-11-11 04:45:56', 34, '2015-03-08 09:53:40'),
(3, 'NEW_HIRE_CONTRACT', 'hr', 'APPROVAL', NULL, 'New Hire For Contractual Position', 34, '2015-05-25 21:57:49', 34, '2015-05-28 17:24:28'),
(4, 'Invoice Only Line', 'sd', 'SYS_DOCUMENT', NULL, 'Invoice Only Line Process Flow', 34, '2015-06-06 13:12:18', 34, '2015-06-06 13:14:13');

-- --------------------------------------------------------

--
-- Table structure for table `sys_process_flow_line`
--

CREATE TABLE `sys_process_flow_line` (
  `sys_process_flow_line_id` int(12) NOT NULL,
  `sys_process_flow_header_id` varchar(25) NOT NULL,
  `line_number` mediumint(6) NOT NULL,
  `line_name` varchar(25) NOT NULL,
  `line_type` varchar(25) NOT NULL,
  `description` varchar(256) DEFAULT NULL,
  `class_name` varchar(256) DEFAULT NULL,
  `method_name` varchar(256) DEFAULT NULL,
  `next_line_seq_pass` int(12) DEFAULT NULL,
  `next_line_seq_fail` int(12) DEFAULT NULL,
  `next_line_seq_onhold` int(12) DEFAULT NULL,
  `activity_path` varchar(255) DEFAULT NULL,
  `created_by` int(12) NOT NULL,
  `creation_date` datetime DEFAULT NULL,
  `last_update_by` int(12) NOT NULL,
  `last_update_date` datetime DEFAULT NULL
) ENGINE=InnoDB DEFAULT CHARSET=latin1;

--
-- Dumping data for table `sys_process_flow_line`
--

INSERT INTO `sys_process_flow_line` (`sys_process_flow_line_id`, `sys_process_flow_header_id`, `line_number`, `line_name`, `line_type`, `description`, `class_name`, `method_name`, `next_line_seq_pass`, `next_line_seq_fail`, `next_line_seq_onhold`, `activity_path`, `created_by`, `creation_date`, `last_update_by`, `last_update_date`) VALUES
(1, '1', 1, 'Start', 'start', 'Start the order', NULL, NULL, NULL, NULL, NULL, NULL, 0, '2014-06-28 06:38:49', 34, '2015-06-06 09:45:45'),
(2, '1', 3, 'Find Supply', 'decision', 'Find the supply', 'sd_so_line', 'find_supply', NULL, NULL, NULL, NULL, 0, '2014-06-28 06:38:49', 34, '2015-06-06 09:45:46'),
(3, '1', 2, 'Schedule', 'activity', 'Schedule Sales Order', 'sd_so_header', 'schedule_line', NULL, NULL, NULL, NULL, 0, '2014-06-28 06:38:48', 34, '2015-06-06 09:45:46'),
(4, '1', 4, 'Onhand Supply', 'decision', 'Is Supply Onhand', NULL, NULL, NULL, NULL, NULL, NULL, 0, '2014-06-28 06:38:50', 34, '2015-06-06 09:45:45'),
(5, '1', 7, 'Picking', 'activity', 'Pick the SO Line', 'sd_so_line', 'pick_line', NULL, NULL, NULL, NULL, 0, '2014-06-28 06:38:51', 34, '2015-06-06 09:45:47'),
(6, '1', 5, 'WO Supply', 'decision', 'Is Supply Work Order', NULL, NULL, NULL, NULL, NULL, NULL, 0, '2014-06-28 06:38:50', 34, '2015-06-06 09:45:44'),
(7, '1', 6, 'Req Supply', 'decision', 'Is Supply Requisition', NULL, NULL, NULL, NULL, NULL, NULL, 0, '2014-06-28 06:38:51', 34, '2015-06-06 09:45:46'),
(8, '1', 8, 'Shipping', 'activity', 'Ship the SO line', 'sd_so_line', 'ship_line', NULL, NULL, NULL, NULL, 0, '2014-06-28 06:38:52', 34, '2015-06-06 09:45:47'),
(9, '1', 9, 'Close', 'end', 'Close the Line', 'sd_so_line', 'close_line', NULL, NULL, NULL, NULL, 0, '2014-06-28 06:38:52', 34, '2015-06-06 09:45:48'),
(10, '2', 1, 'Start', 'start', 'Enter the Change Details1', 'cc_co_header', 'pf_open', NULL, NULL, NULL, NULL, 34, '2014-11-11 04:46:03', 34, '2015-03-08 09:53:40'),
(11, '2', 2, 'Collaborate', 'activity', 'Collaborate with others', 'cc_co_header', 'pf_allow_collaboration', NULL, NULL, NULL, NULL, 34, '2014-11-11 04:46:04', 34, '2014-11-12 15:47:54'),
(12, '2', 5, 'Management Review', 'decision', 'Management Review', 'cc_co_header', 'pf_management_reveiew', NULL, NULL, NULL, NULL, 34, '2014-11-11 04:46:04', 34, '2014-11-11 04:46:04'),
(13, '2', 3, 'Approval', 'decision', 'Submit For Approval', 'cc_co_header', 'pf_submit_for_approval', 4, 2, 3, NULL, 34, '2014-11-11 04:46:04', 34, '2014-11-12 15:57:08'),
(15, '2', 6, 'Implement', 'activity', 'Implement the changes', 'cc_co_line', 'pf_implement_changes', NULL, NULL, NULL, NULL, 34, '2014-11-11 04:46:05', 34, '2014-11-11 04:46:05'),
(16, '2', 7, 'Review', 'decision', 'Review the changes', 'cc_co_line', 'pf_review_changes', NULL, NULL, NULL, NULL, 34, '2014-11-11 04:46:05', 34, '2014-11-11 04:46:05'),
(17, '2', 8, 'Sign-off', 'decision', 'Sign-off the process', 'cc_co_header', 'pf_sign_off', NULL, NULL, NULL, NULL, 34, '2014-11-11 04:46:05', 34, '2014-11-11 04:46:05'),
(18, '2', 9, 'Close', 'end', 'Close the Change', 'cc_co_header', 'pf_close', NULL, NULL, NULL, NULL, 34, '2014-11-11 04:46:06', 34, '2014-11-11 04:46:06'),
(19, '3', 1, 'Verify CV', 'start', 'Verify CV of the new hire', NULL, NULL, 2, 1, NULL, 'form.php?class_name=hr_employee&mode=9', 34, '2015-05-25 21:59:05', 34, '2015-05-27 15:30:26'),
(20, '3', 4, 'Submit Profile', 'activity', 'Submit CV to the office', NULL, NULL, 4, 3, NULL, 'form.php?class_name=hr_employee&mode=9', 34, '2015-05-26 05:25:22', 34, '2015-05-28 16:47:30'),
(21, '3', 3, 'Request Information', 'activity', 'Request Information if required', NULL, NULL, 3, 2, NULL, 'form.php?class_name=hr_employee&mode=9', 34, '2015-05-26 05:25:23', 34, '2015-05-28 17:24:29'),
(22, '3', 9, 'External Office - Sign Of', 'decision', 'External office procedures', NULL, NULL, 6, 5, NULL, NULL, 34, '2015-05-26 05:25:24', 34, '2015-05-28 16:47:31'),
(23, '3', 8, 'External Office', 'activity', 'Start external office  work', NULL, NULL, 5, 4, NULL, NULL, 34, '2015-05-26 05:25:24', 34, '2015-05-28 16:47:31'),
(24, '3', 10, 'Local Office', 'activity', 'Local office approvals / legal docs', NULL, NULL, 7, 6, NULL, NULL, 34, '2015-05-26 05:25:25', 34, '2015-05-28 16:47:30'),
(25, '3', 11, 'Qatar Visit', 'decision', 'Person arrives in Qatar', NULL, NULL, 8, 7, NULL, NULL, 34, '2015-05-26 05:25:25', 34, '2015-05-28 16:47:32'),
(26, '3', 12, 'Starts Work', 'activity', 'Contact worker starts work', NULL, NULL, 9, 8, NULL, NULL, 34, '2015-05-26 05:25:26', 34, '2015-05-28 16:47:32'),
(27, '3', 13, 'Work Verification', 'decision', 'Verify work after 3 months', NULL, NULL, 10, 9, NULL, NULL, 34, '2015-05-26 05:25:27', 34, '2015-05-28 16:47:32'),
(28, '3', 14, 'Close Process', 'end', 'Close Process', NULL, NULL, NULL, NULL, NULL, NULL, 34, '2015-05-26 05:25:27', 34, '2015-05-28 16:47:33'),
(29, '3', 2, 'CV to Customer', 'activity', 'Associate Customer Details', NULL, NULL, NULL, NULL, NULL, 'form.php?class_name=ar_customer&mode=9', 34, '2015-05-28 16:42:27', 34, '2015-05-28 16:42:27'),
(30, '3', 5, 'Sales Order', 'activity', 'Create Sales Order', NULL, NULL, NULL, NULL, NULL, 'form.php?class_name=sd_so_header&mode=9', 34, '2015-05-28 16:42:28', 34, '2015-05-28 17:24:28'),
(31, '3', 6, 'Send Invoice', 'activity', 'Invoice For Advance Payment', NULL, NULL, NULL, NULL, NULL, 'form.php?class_name=ar_transaction_header&mode=9', 34, '2015-05-28 16:42:28', 34, '2015-05-28 16:42:28'),
(32, '3', 7, 'Advance Payment', 'decision', 'Apply Advace Payment', NULL, NULL, NULL, NULL, NULL, 'form.php?class_name=ar_receipt_header&mode=9', 34, '2015-05-28 16:42:28', 34, '2015-05-28 16:42:28'),
(41, '4', 3, 'Close', 'end', 'Close the Line', NULL, NULL, NULL, NULL, NULL, NULL, 34, '2015-06-06 13:13:14', 34, '2015-06-06 13:14:14'),
(42, '4', 2, 'Shipping', 'activity', 'Change the line status', 'sd_so_line', 'pf_invoice_only', NULL, NULL, NULL, NULL, 34, '2015-06-06 13:13:15', 34, '2015-06-06 13:14:14'),
(43, '4', 1, 'Start', 'start', 'Start the order', NULL, NULL, NULL, NULL, NULL, NULL, 34, '2015-06-06 13:13:23', 34, '2015-06-06 13:14:14');

-- --------------------------------------------------------

--
-- Table structure for table `sys_profile_header`
--

CREATE TABLE `sys_profile_header` (
  `sys_profile_header_id` int(12) UNSIGNED NOT NULL,
  `access_level` enum('SYS','USER','BOTH','') DEFAULT NULL,
  `profile_name` varchar(50) NOT NULL,
  `profile_class_name` varchar(256) NOT NULL,
  `description` varchar(200) DEFAULT NULL,
  `created_by` int(12) NOT NULL,
  `creation_date` datetime DEFAULT NULL,
  `last_update_by` int(12) NOT NULL,
  `last_update_date` datetime DEFAULT NULL
) ENGINE=InnoDB DEFAULT CHARSET=latin1;

--
-- Dumping data for table `sys_profile_header`
--

INSERT INTO `sys_profile_header` (`sys_profile_header_id`, `access_level`, `profile_name`, `profile_class_name`, `description`, `created_by`, `creation_date`, `last_update_by`, `last_update_date`) VALUES
(1, 'BOTH', 'mdm_price_list_org', 'mdm_price_list_header', 'Validation Org For Price List', 0, '2014-08-04 04:53:07', 0, '2004-08-14 04:53:07'),
(2, 'BOTH', 'gl_currency_conversion_type', 'gl_currency_conversion', 'Currency Conversion Type', 0, '2014-08-04 04:49:05', 0, '2004-08-14 04:49:05'),
(3, 'BOTH', 'org_bu_name_default', 'business', NULL, 0, '2014-08-29 10:35:29', 0, '2029-08-14 10:35:29'),
(4, 'BOTH', 'org_inv_name_default', 'inventory', NULL, 0, '2014-09-16 13:12:46', 0, '2016-09-14 13:12:46'),
(5, 'BOTH', 'ship_to_address_default', 'address', NULL, 0, '2014-08-04 15:17:13', 0, '2004-08-14 15:17:13'),
(6, 'BOTH', 'bill_to_address_default', 'address', NULL, 0, '2014-08-04 15:28:41', 34, '2015-03-08 10:34:23'),
(7, 'BOTH', 'po_requisition_type_default', 'po_requisition_header', 'po_requisition_type_default', 0, '2014-08-28 10:19:59', 34, '2014-12-27 15:05:43'),
(8, 'BOTH', 'gl_ledger_id_default', 'gl_ledger', 'po_requisition_type_default', 0, '2014-09-12 12:40:46', 0, '2012-09-14 12:40:46'),
(9, 'BOTH', 'hd_support_request_impact', 'hd_support_request', 'Support Request Impact', 34, '2015-04-17 09:34:44', 34, '2015-04-17 09:37:46'),
(10, 'BOTH', 'hd_support_request_type', 'hd_support_request', 'Support Request Type', 34, '2015-04-17 09:38:55', 34, '2015-04-17 09:39:22'),
(11, 'BOTH', 'hd_support_request_number_prefix', 'hd_support_request', 'Support Request Number Prefix', 34, '2015-04-17 10:05:17', 34, '2015-04-17 10:05:23'),
(12, 'BOTH', 'hd_change_request_number_prefix', 'hd_change_request', 'Change Request Number Prefix', 34, '2015-04-19 04:49:57', 34, '2015-04-19 04:50:01'),
(13, 'BOTH', 'hd_change_request_type', 'hd_change_request', 'Change Request Type', 34, '2015-04-19 04:53:00', 34, '2015-04-19 04:53:03'),
(14, 'BOTH', 'hd_change_request_impact', 'hd_change_request', 'Change Request Impact', 34, '2015-04-19 06:23:55', 34, '2015-04-19 06:24:35'),
(15, 'BOTH', 'hd_service_request_number_prefix', 'hd_service_request', 'Service Request Number Prefix', 34, '2015-05-21 15:46:22', 34, '2015-05-21 15:46:26'),
(16, 'BOTH', 'hd_service_request_type', 'hd_service_request', 'Service Request Type', 34, '2015-05-21 15:47:14', 34, '2015-05-21 15:47:21'),
(17, 'BOTH', 'hd_service_request_impact', 'hd_service_request', 'Service Request Impact', 34, '2015-05-21 15:47:51', 34, '2015-05-21 15:47:55'),
(18, 'BOTH', 'hd_subscription_number_prefix', 'hd_subscription_header', 'Subscription Number Prefix', 34, '2015-09-15 06:16:14', 34, '2015-09-16 09:49:24'),
(19, 'BOTH', 'ec_cart_forward_page', 'ec_user_cart', 'eCommerce Cart Forward Page', 34, '2015-09-16 07:24:52', 34, '2015-09-23 05:09:20');

-- --------------------------------------------------------

--
-- Table structure for table `sys_profile_line`
--

CREATE TABLE `sys_profile_line` (
  `sys_profile_line_id` int(12) UNSIGNED NOT NULL,
  `sys_profile_header_id` int(12) UNSIGNED NOT NULL,
  `profile_level` enum('SITE','BUSINESS','INVENTORY','USER') NOT NULL,
  `level_name` varchar(256) NOT NULL,
  `level_value` varchar(256) NOT NULL,
  `created_by` int(12) NOT NULL,
  `creation_date` datetime DEFAULT NULL,
  `last_update_by` int(12) NOT NULL,
  `last_update_date` datetime DEFAULT NULL
) ENGINE=InnoDB DEFAULT CHARSET=latin1;

--
-- Dumping data for table `sys_profile_line`
--

INSERT INTO `sys_profile_line` (`sys_profile_line_id`, `sys_profile_header_id`, `profile_level`, `level_name`, `level_value`, `created_by`, `creation_date`, `last_update_by`, `last_update_date`) VALUES
(4, 1, 'SITE', 'SITE', '7', 0, '2014-08-04 04:53:07', 0, '2004-08-14 04:53:07'),
(5, 2, 'SITE', 'SITE', 'CORP', 0, '2014-08-04 04:49:05', 0, '2014-08-04 04:49:05'),
(6, 3, 'SITE', 'SITE', '5', 0, '2014-08-29 10:35:29', 0, '2029-08-14 10:35:29'),
(7, 3, 'USER', '34', '5', 0, '2014-08-04 07:46:00', 0, '2004-08-14 07:46:00'),
(8, 3, 'USER', '88', '10', 0, '2014-08-04 07:46:01', 0, '2004-08-14 07:46:01'),
(9, 4, 'SITE', 'SITE', '6', 0, '2014-08-04 07:09:42', 0, '2014-08-04 07:09:42'),
(10, 4, 'USER', '34', '6', 0, '2014-09-16 13:12:46', 0, '2016-09-14 13:12:46'),
(11, 4, 'USER', '88', '11', 0, '2014-08-04 07:45:46', 0, '2004-08-14 07:45:46'),
(12, 5, 'INVENTORY', '6', '88', 0, '2014-08-04 15:17:12', 0, '2014-08-04 15:17:12'),
(13, 5, 'INVENTORY', '11', '86', 0, '2014-08-04 15:17:13', 0, '2014-08-04 15:17:13'),
(14, 6, 'INVENTORY', '11', '86', 0, '2014-08-04 15:17:55', 0, '2014-08-04 15:17:55'),
(15, 6, 'INVENTORY', '6', '88', 0, '2014-08-04 15:17:55', 0, '2014-08-04 15:17:55'),
(16, 6, 'USER', '34', '86', 0, '2014-08-04 15:28:41', 0, '2014-08-04 15:28:41'),
(17, 7, 'SITE', 'SITE', 'EXTERNAL', 0, '2014-08-28 10:19:59', 0, '2014-08-28 10:19:59'),
(18, 8, 'SITE', 'SITE', '19', 0, '2014-09-12 12:40:47', 0, '2014-09-12 12:40:47'),
(19, 7, 'BUSINESS', '5', 'EXTERNAL', 34, '2014-12-27 15:05:44', 34, '2014-12-27 15:05:44'),
(20, 6, 'INVENTORY', '9', '81', 34, '2015-03-08 10:34:23', 34, '2015-03-08 10:34:23'),
(21, 9, 'SITE', 'SITE', 'LOW', 34, '2015-04-17 09:34:57', 34, '2015-04-17 09:37:45'),
(22, 10, 'SITE', 'SITE', 'REQUEST', 34, '2015-04-17 09:39:23', 34, '2015-04-17 09:39:23'),
(23, 11, 'SITE', 'SITE', 'SR', 34, '2015-04-17 10:05:25', 34, '2015-04-17 10:05:25'),
(24, 12, 'SITE', 'SITE', 'CR', 34, '2015-04-19 04:50:00', 34, '2015-04-19 04:50:00'),
(25, 13, 'SITE', 'SITE', 'BUG_FIX', 34, '2015-04-19 04:53:02', 34, '2015-04-19 04:53:02'),
(26, 14, 'SITE', 'SITE', 'LOW', 34, '2015-04-19 06:24:36', 34, '2015-04-19 06:24:36'),
(27, 15, 'SITE', 'SITE', 'SRVC', 34, '2015-05-21 15:46:25', 34, '2015-05-21 15:46:25'),
(28, 16, 'SITE', 'SITE', 'REQUEST', 34, '2015-05-21 15:47:22', 34, '2015-05-21 15:47:22'),
(29, 17, 'SITE', 'SITE', 'LOW', 34, '2015-05-21 15:47:56', 34, '2015-05-21 15:47:56'),
(30, 18, 'SITE', 'SITE', '?dtype=pform&cname=hd_subscription_user&window_type=pub&mode=9', 34, '2015-09-15 06:16:14', 34, '2015-09-16 09:49:24');

-- --------------------------------------------------------

--
-- Table structure for table `sys_program`
--

CREATE TABLE `sys_program` (
  `sys_program_id` int(12) NOT NULL,
  `program_name` varchar(100) DEFAULT NULL,
  `description` varchar(256) DEFAULT NULL,
  `message` text,
  `module_name` varchar(50) DEFAULT NULL,
  `class` varchar(50) DEFAULT NULL,
  `program_source` varchar(25) DEFAULT NULL,
  `report_query` text,
  `request_type` varchar(15) DEFAULT NULL,
  `status` varchar(50) DEFAULT NULL,
  `parameters` text,
  `output_path` varchar(256) DEFAULT NULL,
  `op_email_address` text,
  `op_email_format` varchar(25) DEFAULT NULL,
  `created_by` int(12) NOT NULL,
  `creation_date` datetime DEFAULT NULL,
  `last_update_by` int(12) NOT NULL,
  `last_update_date` datetime DEFAULT NULL
) ENGINE=InnoDB DEFAULT CHARSET=latin1;

-- --------------------------------------------------------

--
-- Table structure for table `sys_program_schedule`
--

CREATE TABLE `sys_program_schedule` (
  `sys_program_schedule_id` int(12) NOT NULL,
  `frequency_uom` varchar(25) DEFAULT NULL,
  `frequency_value` int(5) DEFAULT NULL,
  `one_time_cb` tinyint(1) DEFAULT NULL,
  `increase_date_parameter_cb` tinyint(1) DEFAULT NULL,
  `program_name` varchar(255) DEFAULT NULL,
  `request_type` varchar(25) NOT NULL,
  `description` varchar(256) DEFAULT NULL,
  `parameter` text,
  `module_name` varchar(50) DEFAULT NULL,
  `program_class_name` varchar(255) DEFAULT NULL,
  `report_query` text,
  `status` varchar(50) DEFAULT NULL,
  `start_date_time` datetime DEFAULT NULL,
  `output_path` varchar(256) DEFAULT NULL,
  `op_email_address` text,
  `op_email_format` varchar(25) DEFAULT NULL,
  `created_by` int(12) NOT NULL,
  `creation_date` datetime DEFAULT NULL,
  `last_update_by` int(12) NOT NULL,
  `last_update_date` datetime DEFAULT NULL
) ENGINE=InnoDB DEFAULT CHARSET=latin1;

-- --------------------------------------------------------

--
-- Table structure for table `sys_program_status`
--

CREATE TABLE `sys_program_status` (
  `sys_program_status_id` int(12) NOT NULL,
  `status` varchar(50) DEFAULT NULL
) ENGINE=InnoDB DEFAULT CHARSET=latin1;

-- --------------------------------------------------------

--
-- Table structure for table `sys_rfid_interface`
--

CREATE TABLE `sys_rfid_interface` (
  `sys_rfid_interface_id` int(12) UNSIGNED NOT NULL,
  `epc` varchar(255) NOT NULL,
  `tag_number` varchar(255) DEFAULT NULL,
  `antena_number` varchar(100) DEFAULT NULL,
  `time_stamp` datetime DEFAULT NULL,
  `user_data` varchar(255) DEFAULT NULL,
  `description` varchar(255) DEFAULT NULL,
  `readcount` int(12) DEFAULT NULL,
  `org_id` int(12) DEFAULT NULL,
  `item_id_m` int(12) DEFAULT NULL,
  `from_subinventory_id` int(12) DEFAULT NULL,
  `from_subinventory` varchar(50) DEFAULT NULL,
  `transaction_type_id` int(12) DEFAULT NULL,
  `transaction_type` varchar(50) DEFAULT NULL,
  `quantity` decimal(20,5) DEFAULT NULL,
  `item_description` varchar(255) DEFAULT NULL,
  `status` varchar(25) NOT NULL,
  `created_by` int(12) NOT NULL,
  `creation_date` datetime DEFAULT NULL,
  `last_update_by` int(12) NOT NULL,
  `last_update_date` datetime DEFAULT NULL
) ENGINE=InnoDB DEFAULT CHARSET=latin1;

-- --------------------------------------------------------

--
-- Table structure for table `sys_role_permission`
--

CREATE TABLE `sys_role_permission` (
  `sys_role_permission_id` int(12) UNSIGNED NOT NULL,
  `role_id` int(12) UNSIGNED NOT NULL,
  `permission_id` int(12) UNSIGNED NOT NULL,
  `created_by` int(12) NOT NULL,
  `creation_date` datetime DEFAULT NULL,
  `last_update_by` int(12) NOT NULL,
  `last_update_date` datetime DEFAULT NULL
) ENGINE=InnoDB DEFAULT CHARSET=latin1;

-- --------------------------------------------------------

--
-- Table structure for table `sys_secondary_field`
--

CREATE TABLE `sys_secondary_field` (
  `sys_secondary_field_id` int(12) NOT NULL,
  `field_name` varchar(50) NOT NULL,
  `sys_field_name` varchar(50) NOT NULL,
  `description` varchar(256) DEFAULT NULL,
  `field_type` varchar(50) DEFAULT NULL,
  `field_length` int(12) DEFAULT NULL,
  `display_type` varchar(20) DEFAULT NULL,
  `active_cb` tinyint(1) DEFAULT NULL,
  `created_by` int(12) NOT NULL,
  `creation_date` datetime DEFAULT NULL,
  `last_update_by` int(12) NOT NULL,
  `last_update_date` datetime DEFAULT NULL
) ENGINE=InnoDB DEFAULT CHARSET=latin1;

-- --------------------------------------------------------

--
-- Table structure for table `sys_secondary_field_inst`
--

CREATE TABLE `sys_secondary_field_inst` (
  `sys_secondary_field_inst_id` int(12) NOT NULL,
  `sys_secondary_field_id` int(12) NOT NULL,
  `reference_type` varchar(25) DEFAULT NULL,
  `referece_entity` varchar(25) DEFAULT NULL,
  `reference_key_name` varchar(50) NOT NULL,
  `reference_key_value` int(12) DEFAULT NULL,
  `label` varchar(50) DEFAULT NULL,
  `control_type` varchar(10) DEFAULT NULL,
  `control_value` varchar(50) DEFAULT NULL,
  `control_uom` int(12) DEFAULT NULL,
  `active_cb` tinyint(1) DEFAULT NULL,
  `display_weight` int(11) DEFAULT NULL,
  `list_values` blob,
  `lower_limit` varchar(50) DEFAULT NULL,
  `upper_limit` varchar(50) DEFAULT NULL,
  `list_value_option_type` varchar(50) DEFAULT NULL,
  `created_by` int(12) NOT NULL,
  `creation_date` datetime DEFAULT NULL,
  `last_update_by` int(12) NOT NULL,
  `last_update_date` datetime DEFAULT NULL
) ENGINE=InnoDB DEFAULT CHARSET=latin1;

-- --------------------------------------------------------

--
-- Table structure for table `sys_spd_header`
--

CREATE TABLE `sys_spd_header` (
  `sys_spd_header_id` int(12) NOT NULL,
  `org_id` int(12) NOT NULL,
  `document_number` varchar(20) DEFAULT NULL,
  `status` varchar(25) DEFAULT NULL,
  `security_level` varchar(25) DEFAULT NULL,
  `primary_document` varchar(100) DEFAULT NULL,
  `primary_document_id` int(12) DEFAULT NULL,
  `template_id` int(12) DEFAULT NULL,
  `change_type` varchar(25) DEFAULT NULL,
  `originator` varchar(256) DEFAULT NULL,
  `description` text,
  `reason_code` varchar(100) DEFAULT NULL,
  `product_line` varchar(50) DEFAULT NULL,
  `process_flow_header_id` int(12) NOT NULL,
  `current_process_flow_line_id` int(12) DEFAULT NULL,
  `origination_date` date DEFAULT NULL,
  `owner_user_id` int(12) DEFAULT NULL,
  `release_date` date DEFAULT NULL,
  `completion_date` date DEFAULT NULL,
  `project_task_id` int(12) DEFAULT NULL,
  `access_org` text,
  `related_changes` text,
  `priority` int(4) DEFAULT NULL,
  `created_by` int(12) NOT NULL,
  `creation_date` datetime NOT NULL,
  `last_update_by` int(12) NOT NULL,
  `last_update_date` datetime NOT NULL
) ENGINE=InnoDB DEFAULT CHARSET=latin1;

-- --------------------------------------------------------

--
-- Table structure for table `sys_spd_process_flow_action`
--

CREATE TABLE `sys_spd_process_flow_action` (
  `sys_spd_process_flow_action_id` int(12) NOT NULL,
  `sys_spd_header_id` int(12) NOT NULL,
  `sys_process_flow_line_id` int(12) NOT NULL,
  `action_number` mediumint(6) NOT NULL,
  `role_code` varchar(25) DEFAULT NULL,
  `user_id` int(12) DEFAULT NULL,
  `pf_action_type` varchar(25) DEFAULT NULL,
  `required_cb` varchar(5) DEFAULT NULL,
  `field_value` varchar(25) DEFAULT NULL,
  `comment` varchar(256) DEFAULT NULL,
  `action_user_id` int(12) DEFAULT NULL,
  `action_duration` decimal(20,5) DEFAULT NULL,
  `object_name` varchar(100) DEFAULT NULL,
  `object_primary_id` int(12) DEFAULT NULL,
  `created_by` int(12) NOT NULL,
  `creation_date` datetime DEFAULT NULL,
  `last_update_by` int(12) NOT NULL,
  `last_update_date` datetime DEFAULT NULL
) ENGINE=InnoDB DEFAULT CHARSET=latin1;

-- --------------------------------------------------------

--
-- Table structure for table `sys_value_group_header`
--

CREATE TABLE `sys_value_group_header` (
  `sys_value_group_header_id` int(12) UNSIGNED NOT NULL,
  `access_level` varchar(20) NOT NULL DEFAULT 'both',
  `value_group` varchar(50) NOT NULL,
  `description` varchar(200) DEFAULT NULL,
  `module_code` varchar(50) DEFAULT NULL,
  `validation_type` varchar(100) DEFAULT NULL,
  `field_type` varchar(50) DEFAULT NULL,
  `min_size` int(12) DEFAULT NULL,
  `max_size` int(12) DEFAULT NULL,
  `min_value` int(12) DEFAULT NULL,
  `max_value` int(12) DEFAULT NULL,
  `fixed_size` int(12) DEFAULT NULL,
  `number_only_cb` tinyint(1) DEFAULT NULL,
  `uppercase_only_cb` tinyint(1) DEFAULT NULL,
  `option_assignments` varchar(100) DEFAULT NULL,
  `status` enum('active','inactive') DEFAULT NULL,
  `rev_enabled` enum('enabled','disabled') DEFAULT NULL,
  `rev_number` int(10) DEFAULT NULL,
  `created_by` int(12) NOT NULL,
  `creation_date` datetime DEFAULT NULL,
  `last_update_by` int(12) NOT NULL,
  `last_update_date` datetime DEFAULT NULL
) ENGINE=InnoDB DEFAULT CHARSET=latin1;

--
-- Dumping data for table `sys_value_group_header`
--

INSERT INTO `sys_value_group_header` (`sys_value_group_header_id`, `access_level`, `value_group`, `description`, `module_code`, `validation_type`, `field_type`, `min_size`, `max_size`, `min_value`, `max_value`, `fixed_size`, `number_only_cb`, `uppercase_only_cb`, `option_assignments`, `status`, `rev_enabled`, `rev_number`, `created_by`, `creation_date`, `last_update_by`, `last_update_date`) VALUES
(1, 'user', 'Legal Entity', 'Legal Entity', 'gl', 'NONE', 'int', NULL, NULL, NULL, NULL, NULL, NULL, NULL, 'GL_COA', NULL, 'enabled', NULL, 0, '2014-02-18 15:59:56', 34, '2015-01-26 11:37:09'),
(2, 'both', 'Business Unit', 'Business unit values', 'gl', 'NONE', 'int', NULL, NULL, NULL, NULL, NULL, NULL, NULL, 'GL_COA', NULL, NULL, NULL, 0, '2014-02-04 08:58:30', 34, '2015-01-25 03:17:28'),
(3, 'user', 'Cost Center', 'Cost Centers', 'gl', 'DEPENDENT', 'int', NULL, NULL, NULL, NULL, NULL, NULL, NULL, 'GL_COA', NULL, 'enabled', NULL, 0, '2014-02-18 15:11:12', 34, '2015-01-22 08:43:27'),
(4, 'both', 'Account', 'All natural accounts', 'gl', 'NONE', 'int', NULL, NULL, NULL, NULL, NULL, NULL, NULL, 'GL_COA', NULL, 'enabled', NULL, 0, '2014-06-20 17:50:04', 34, '2015-01-29 11:20:05'),
(5, 'both', 'Product', 'Product1', 'gl', 'NONE', 'int', NULL, NULL, NULL, NULL, NULL, NULL, NULL, 'GL_COA', NULL, NULL, NULL, 0, '2014-02-04 13:25:31', 34, '2015-03-08 10:07:55'),
(6, 'both', 'India Region', 'Indian Regions', 'hr', 'NONE', 'varchar', NULL, NULL, NULL, NULL, NULL, NULL, NULL, NULL, NULL, 'enabled', NULL, 1, '2014-12-08 11:06:57', 34, '2014-12-27 11:54:01'),
(7, 'both', 'Operating System', 'Operating System', 'ec', NULL, 'varchar', NULL, NULL, NULL, NULL, NULL, NULL, NULL, NULL, 'active', NULL, NULL, 34, '2015-04-03 11:05:21', 34, '2015-04-03 11:07:01'),
(8, 'both', 'Display Size', 'Display Size', 'ec', NULL, 'varchar', NULL, NULL, NULL, NULL, NULL, NULL, NULL, NULL, 'active', NULL, NULL, 34, '2015-04-03 11:08:10', 34, '2015-04-03 11:10:57'),
(9, 'both', 'Processor Type', 'Processor Type', 'ec', NULL, 'varchar', NULL, NULL, NULL, NULL, NULL, NULL, NULL, NULL, 'active', NULL, NULL, 34, '2015-04-03 11:14:16', 34, '2015-04-03 11:16:11'),
(10, 'both', 'Hard Drive Size', 'Hard Drive Size', 'ec', NULL, 'varchar', NULL, NULL, NULL, NULL, NULL, NULL, NULL, NULL, NULL, NULL, NULL, 34, '2015-04-03 11:32:08', 34, '2015-05-27 11:13:20'),
(11, 'both', 'Project', 'Project', 'gl', 'NONE', 'int', NULL, NULL, NULL, NULL, NULL, NULL, NULL, 'GL_COA', NULL, NULL, NULL, 34, '2015-07-25 17:06:06', 34, '2015-07-25 17:06:06'),
(12, 'both', 'TBU', 'To Be Used', 'gl', 'NONE', 'int', NULL, NULL, NULL, NULL, NULL, NULL, NULL, 'GL_COA', NULL, NULL, NULL, 34, '2015-07-25 17:07:08', 34, '2015-07-25 17:07:08'),
(13, 'both', 'HR Location City', 'HR Location City', 'hr', 'NONE', 'varchar', NULL, NULL, NULL, NULL, NULL, NULL, NULL, 'HR_LOCATION', NULL, NULL, NULL, 34, '2015-08-24 12:15:02', 34, '2015-08-24 12:15:02'),
(14, 'both', 'HR Location Country', 'HR Location Country', 'hr', 'NONE', 'varchar', NULL, NULL, NULL, NULL, NULL, NULL, NULL, 'HR_LOCATION', NULL, NULL, NULL, 34, '2015-08-24 12:16:58', 34, '2015-08-24 12:16:58'),
(15, 'both', 'HR Location State', 'HR Location State', 'hr', 'NONE', 'varchar', NULL, NULL, NULL, NULL, NULL, NULL, NULL, 'HR_LOCATION', NULL, NULL, NULL, 34, '2015-08-24 12:19:17', 34, '2015-08-24 12:19:17');

-- --------------------------------------------------------

--
-- Table structure for table `sys_value_group_line`
--

CREATE TABLE `sys_value_group_line` (
  `sys_value_group_line_id` int(12) UNSIGNED NOT NULL,
  `sys_value_group_header_id` int(12) UNSIGNED NOT NULL,
  `code` varchar(50) NOT NULL,
  `code_value` varchar(50) NOT NULL,
  `description` varchar(256) NOT NULL,
  `account_qualifier` varchar(50) DEFAULT NULL,
  `allow_budgeting_cb` tinyint(1) DEFAULT NULL,
  `allow_posting_cb` tinyint(1) DEFAULT NULL,
  `status` enum('active','inactive') DEFAULT NULL,
  `parent_cb` tinyint(1) DEFAULT NULL,
  `parent_line_id` int(12) DEFAULT NULL,
  `effective_start_date` varchar(50) DEFAULT NULL,
  `effective_end_date` varchar(50) DEFAULT NULL,
  `created_by` int(12) NOT NULL,
  `creation_date` datetime DEFAULT NULL,
  `last_update_by` int(12) NOT NULL,
  `last_update_date` datetime DEFAULT NULL
) ENGINE=InnoDB DEFAULT CHARSET=latin1;

--
-- Dumping data for table `sys_value_group_line`
--

INSERT INTO `sys_value_group_line` (`sys_value_group_line_id`, `sys_value_group_header_id`, `code`, `code_value`, `description`, `account_qualifier`, `allow_budgeting_cb`, `allow_posting_cb`, `status`, `parent_cb`, `parent_line_id`, `effective_start_date`, `effective_end_date`, `created_by`, `creation_date`, `last_update_by`, `last_update_date`) VALUES
(1, 1, '103', '103', 'China', NULL, NULL, NULL, NULL, 1, NULL, NULL, NULL, 0, '2014-02-18 15:59:57', 34, '2015-01-26 11:36:43'),
(2, 1, '501', '501', 'USA', NULL, NULL, NULL, 'active', 1, NULL, NULL, NULL, 0, '2014-02-18 15:59:57', 18, '0000-00-00 00:00:00'),
(3, 1, '502', '502', 'Canada', NULL, NULL, NULL, NULL, NULL, NULL, NULL, NULL, 0, '2014-02-18 15:59:56', 34, '2015-01-26 11:36:45'),
(4, 1, '002', '503', 'NA - Others', NULL, NULL, NULL, NULL, NULL, NULL, NULL, NULL, 0, '2014-02-18 15:59:57', 34, '2015-01-22 08:31:27'),
(5, 1, '205', '205', 'Europe - Others', NULL, NULL, NULL, NULL, 1, NULL, NULL, NULL, 0, '2014-02-18 15:59:56', 34, '2015-01-26 11:36:44'),
(6, 1, '101', '101', 'India', NULL, NULL, NULL, NULL, NULL, NULL, NULL, NULL, 0, '2014-02-18 16:00:02', 34, '2015-01-26 11:36:43'),
(7, 1, '102', '102', 'Singapore', NULL, NULL, NULL, NULL, NULL, NULL, NULL, NULL, 0, '2014-02-18 16:00:02', 34, '2015-01-26 11:36:43'),
(8, 1, '201', '201', 'Germany', NULL, NULL, NULL, NULL, NULL, NULL, NULL, NULL, 0, '2014-02-18 16:00:02', 34, '2015-01-26 11:36:43'),
(9, 2, '503', '503', 'Ohio', NULL, NULL, NULL, NULL, NULL, NULL, NULL, NULL, 0, '2014-02-04 08:58:31', 34, '2015-01-25 03:12:19'),
(10, 2, '104', '104', 'Mumbai', NULL, NULL, NULL, NULL, NULL, NULL, NULL, NULL, 0, '2014-02-04 08:58:30', 34, '2015-01-25 03:17:29'),
(11, 2, '103', '103', 'Pune', NULL, NULL, NULL, NULL, NULL, NULL, NULL, NULL, 0, '2014-02-04 08:58:30', 34, '2015-01-25 03:17:29'),
(12, 2, '502', '502', 'California', NULL, NULL, NULL, NULL, NULL, NULL, NULL, NULL, 0, '2014-02-04 08:58:31', 34, '2015-01-25 03:12:19'),
(13, 3, '1000', '1000', 'IT & BPO', NULL, NULL, NULL, 'active', NULL, NULL, NULL, NULL, 0, '2014-02-18 15:11:12', 18, '0000-00-00 00:00:00'),
(14, 4, '100001', '100001', 'Cash & Equivalent', 'A', 1, 1, NULL, 1, NULL, NULL, NULL, 0, '2014-02-05 11:04:02', 34, '2015-01-23 06:05:22'),
(15, 4, '100010', '100010', 'Cash in Bank1 ', 'A', 1, 1, NULL, NULL, NULL, NULL, NULL, 0, '2014-02-05 11:04:02', 34, '2015-01-22 16:36:28'),
(16, 4, '100030', '100030', 'Cash in Bank3', 'A', 1, 1, NULL, NULL, NULL, NULL, NULL, 0, '2014-02-05 11:04:02', 34, '2015-01-22 16:36:29'),
(17, 4, '100020', '100020', 'Cash in Bank2', 'A', 1, 1, NULL, NULL, NULL, NULL, NULL, 0, '2014-02-05 11:04:02', 34, '2015-01-22 16:36:28'),
(18, 4, '200500', '200500', 'Current Portion Of Long-Term Deb', 'L', 1, 1, NULL, 1, NULL, NULL, NULL, 0, '2014-02-05 11:04:01', 34, '2015-01-23 06:57:25'),
(19, 4, '200010', '200010', 'IC Liability', 'L', 1, 1, 'active', NULL, NULL, NULL, NULL, 0, '2014-02-05 11:04:03', 1, '2014-11-07 08:01:44'),
(20, 4, '200020', '200020', 'External Liability', 'L', 1, 1, 'active', NULL, NULL, NULL, NULL, 0, '2014-02-05 11:04:03', 1, '2014-11-07 08:01:44'),
(21, 4, '200030', '200030', 'Rental', 'L', 1, 1, 'active', NULL, NULL, NULL, NULL, 0, '2014-02-05 11:04:04', 1, '2014-11-07 08:01:45'),
(22, 4, '300001', '300001', 'Equity', 'E', 1, 1, NULL, 1, NULL, NULL, NULL, 0, '2014-02-05 11:04:04', 34, '2015-01-23 07:02:27'),
(23, 4, '500010', '500010', 'Cost External Sales', 'X', 1, 1, NULL, 1, NULL, NULL, NULL, 0, '2014-02-05 11:04:04', 34, '2015-01-27 02:54:43'),
(24, 4, '400010', '400010', 'Total Revenue2', 'R', 1, 1, NULL, 1, NULL, NULL, NULL, 0, '2014-02-05 11:04:05', 34, '2015-01-26 03:07:10'),
(25, 4, '502000', '502000', 'Cost Internal Sales', 'X', 1, 1, NULL, 1, NULL, NULL, NULL, 0, '2014-02-05 11:04:05', 34, '2015-01-27 02:54:44'),
(26, 4, '600010', '600010', 'Labor - Direct - HRA', 'X', 1, 1, NULL, NULL, NULL, NULL, NULL, 0, '2014-02-05 11:04:05', 34, '2015-01-26 05:52:37'),
(27, 4, '600020', '600020', 'Labor - Direct - Food Alow', 'X', 1, 1, NULL, NULL, NULL, NULL, NULL, 0, '2014-02-05 11:04:05', 34, '2015-01-26 05:52:36'),
(28, 4, '600030', '600030', 'Labor - Direct - Transport Alow', 'X', 1, 1, NULL, NULL, NULL, NULL, NULL, 0, '2014-02-05 11:04:05', 34, '2015-01-26 05:52:36'),
(29, 5, '3100', '3100', 'All', NULL, NULL, NULL, NULL, NULL, NULL, NULL, NULL, 0, '2014-02-04 13:25:31', 34, '2015-01-22 06:37:05'),
(30, 5, '3000', '3000', 'Computer', NULL, NULL, NULL, 'active', NULL, NULL, NULL, NULL, 0, '2014-02-04 13:25:31', 0, '2014-02-04 13:25:31'),
(31, 5, '3101', '3101', 'CPU', NULL, NULL, NULL, 'active', NULL, NULL, NULL, NULL, 0, '2014-02-04 13:25:31', 0, '2014-02-04 13:25:31'),
(32, 5, '2000', '2000', 'Mobile Group', NULL, NULL, NULL, 'active', NULL, NULL, NULL, NULL, 0, '2014-02-04 13:25:31', 0, '2014-02-04 13:25:31'),
(33, 5, '1000', '1000', 'Engine Group1', NULL, NULL, NULL, 'active', NULL, NULL, NULL, NULL, 0, '2014-02-04 13:25:32', 34, '2015-03-08 10:07:56'),
(34, 5, '3200', '3200', 'Laptop', NULL, NULL, NULL, 'active', NULL, NULL, NULL, NULL, 0, '2014-02-04 13:25:37', 0, '2014-02-04 13:25:37'),
(35, 5, '3103', '3103', 'Cabinet', NULL, NULL, NULL, 'active', NULL, NULL, NULL, NULL, 0, '2014-02-04 13:25:37', 0, '2014-02-04 13:25:37'),
(36, 5, '3102', '3102', 'Mother Board', NULL, NULL, NULL, 'active', NULL, NULL, NULL, NULL, 0, '2014-02-04 13:25:37', 0, '2014-02-04 13:25:37'),
(37, 3, '2000', '2000', 'HR & Admin', NULL, NULL, NULL, 'active', NULL, NULL, NULL, NULL, 0, '2014-02-18 15:01:35', 18, '0000-00-00 00:00:00'),
(38, 3, '3000', '3000', 'Finance', NULL, NULL, NULL, 'active', NULL, NULL, NULL, NULL, 0, '2014-02-18 15:01:34', 18, '0000-00-00 00:00:00'),
(39, 3, '4000', '4000', 'Production', NULL, NULL, NULL, 'active', NULL, NULL, NULL, NULL, 0, '2014-02-18 15:01:34', 18, '0000-00-00 00:00:00'),
(40, 3, '5000', '5000', 'Support', NULL, NULL, NULL, 'active', NULL, NULL, NULL, NULL, 0, '2014-02-18 15:01:37', 18, '0000-00-00 00:00:00'),
(41, 1, '901', '901', 'Parent Asia', NULL, NULL, NULL, NULL, 1, NULL, NULL, NULL, 0, NULL, 34, '2015-01-26 11:36:42'),
(42, 1, '902', '902', 'Parent USA', NULL, NULL, NULL, NULL, 1, NULL, NULL, NULL, 0, NULL, 34, '2015-01-26 11:37:08'),
(43, 1, '307', '307', 'France', NULL, NULL, NULL, NULL, 1, NULL, NULL, NULL, 0, NULL, 34, '2015-01-26 11:36:44'),
(44, 1, '308', '308', 'UK', NULL, NULL, NULL, NULL, 1, NULL, NULL, NULL, 0, NULL, 34, '2015-01-26 11:36:44'),
(45, 1, '905', '905', 'Parent Africa', NULL, NULL, NULL, NULL, 1, NULL, NULL, NULL, 0, NULL, 34, '2015-01-26 11:37:08'),
(46, 1, '906', '906', 'Parent SAfrica', NULL, NULL, NULL, 'active', NULL, NULL, NULL, NULL, 0, NULL, 0, NULL),
(48, 3, '1001', '1001', '1001', NULL, NULL, NULL, 'active', NULL, NULL, NULL, NULL, 0, NULL, 0, NULL),
(49, 3, '1002', '1002', '1002', NULL, NULL, NULL, 'active', NULL, NULL, NULL, NULL, 0, NULL, 0, NULL),
(50, 3, '1003', '1003', '1003', NULL, NULL, NULL, 'active', NULL, NULL, NULL, NULL, 0, NULL, 0, NULL),
(51, 3, '1004', '1004', '1004', NULL, NULL, NULL, 'active', NULL, NULL, NULL, NULL, 0, NULL, 0, NULL),
(52, 3, '1005', '1005', '1005', NULL, NULL, NULL, 'active', NULL, NULL, NULL, NULL, 0, NULL, 0, NULL),
(53, 3, '1006', '1006', '1006', NULL, NULL, NULL, 'active', NULL, NULL, NULL, NULL, 0, NULL, 0, NULL),
(54, 3, '1007', '1007', '1007', NULL, NULL, NULL, 'active', NULL, NULL, NULL, NULL, 0, NULL, 0, NULL),
(55, 3, '1008', '1008', '1008', NULL, NULL, NULL, 'active', NULL, NULL, NULL, NULL, 0, NULL, 0, NULL),
(56, 3, '1009', '1009', '1009', NULL, NULL, NULL, 'active', NULL, NULL, NULL, NULL, 0, NULL, 0, NULL),
(57, 3, '1010', '1010', '1010', NULL, NULL, NULL, 'active', NULL, NULL, NULL, NULL, 0, NULL, 0, NULL),
(58, 3, '1011', '1011', '1011', NULL, NULL, NULL, 'active', NULL, NULL, NULL, NULL, 0, NULL, 0, NULL),
(59, 3, '1012', '1012', '1012', NULL, NULL, NULL, 'active', NULL, NULL, NULL, NULL, 0, NULL, 0, NULL),
(60, 3, '1013', '1013', '1013', NULL, NULL, NULL, 'active', NULL, NULL, NULL, NULL, 0, NULL, 0, NULL),
(61, 3, '1014', '1014', '1014', NULL, NULL, NULL, 'active', NULL, NULL, NULL, NULL, 0, NULL, 0, NULL),
(62, 3, '1015', '1015', '1015', NULL, NULL, NULL, 'active', NULL, NULL, NULL, NULL, 0, NULL, 0, NULL),
(63, 3, '1016', '1016', '1016', NULL, NULL, NULL, 'active', NULL, NULL, NULL, NULL, 0, NULL, 0, NULL),
(64, 3, '1017', '1017', '1017', NULL, NULL, NULL, 'active', NULL, NULL, NULL, NULL, 0, NULL, 0, NULL),
(65, 3, '1018', '1018', '1018', NULL, NULL, NULL, 'active', NULL, NULL, NULL, NULL, 0, NULL, 0, NULL),
(66, 3, '1019', '1019', '1019', NULL, NULL, NULL, 'active', NULL, NULL, NULL, NULL, 0, NULL, 0, NULL),
(67, 3, '1020', '1020', '1020', NULL, NULL, NULL, 'active', NULL, NULL, NULL, NULL, 0, NULL, 0, NULL),
(68, 3, '1021', '1021', '1021', NULL, NULL, NULL, 'active', NULL, NULL, NULL, NULL, 0, NULL, 0, NULL),
(69, 3, '1022', '1022', '1022', NULL, NULL, NULL, 'active', NULL, NULL, NULL, NULL, 0, NULL, 0, NULL),
(70, 3, '1023', '1023', '1023', NULL, NULL, NULL, 'active', NULL, NULL, NULL, NULL, 0, NULL, 0, NULL),
(71, 3, '1024', '1024', '1024', NULL, NULL, NULL, 'active', NULL, NULL, NULL, NULL, 0, NULL, 0, NULL),
(72, 3, '1025', '1025', '1025', NULL, NULL, NULL, 'active', NULL, NULL, NULL, NULL, 0, NULL, 0, NULL),
(73, 3, '1026', '1026', '1026', NULL, NULL, NULL, 'active', NULL, NULL, NULL, NULL, 0, NULL, 0, NULL),
(74, 3, '1027', '1027', '1027', NULL, NULL, NULL, 'active', NULL, NULL, NULL, NULL, 0, NULL, 0, NULL),
(75, 3, '1028', '1028', '1028', NULL, NULL, NULL, 'active', NULL, NULL, NULL, NULL, 0, NULL, 0, NULL),
(76, 3, '1029', '1029', '1029', NULL, NULL, NULL, 'active', NULL, NULL, NULL, NULL, 0, NULL, 0, NULL),
(77, 3, '1030', '1030', '1030', NULL, NULL, NULL, 'active', NULL, NULL, NULL, NULL, 0, NULL, 0, NULL),
(78, 3, '1031', '1031', '1031', NULL, NULL, NULL, 'active', NULL, NULL, NULL, NULL, 0, NULL, 0, NULL),
(79, 3, '1032', '1032', '1032', NULL, NULL, NULL, 'active', NULL, NULL, NULL, NULL, 0, NULL, 0, NULL),
(80, 3, '1033', '1033', '1033', NULL, NULL, NULL, 'active', NULL, NULL, NULL, NULL, 0, NULL, 0, NULL),
(81, 3, '1034', '1034', '1034', NULL, NULL, NULL, 'active', NULL, NULL, NULL, NULL, 0, NULL, 0, NULL),
(82, 3, '1035', '1035', '1035', NULL, NULL, NULL, 'active', NULL, NULL, NULL, NULL, 0, NULL, 0, NULL),
(83, 3, '1036', '1036', '1036', NULL, NULL, NULL, 'active', NULL, NULL, NULL, NULL, 0, NULL, 0, NULL),
(84, 3, '1037', '1037', '1037', NULL, NULL, NULL, 'active', NULL, NULL, NULL, NULL, 0, NULL, 0, NULL),
(85, 3, '1038', '1038', '1038', NULL, NULL, NULL, 'active', NULL, NULL, NULL, NULL, 0, NULL, 0, NULL),
(86, 3, '1039', '1039', '1039', NULL, NULL, NULL, 'active', NULL, NULL, NULL, NULL, 0, NULL, 0, NULL),
(87, 3, '1040', '1040', '1040', NULL, NULL, NULL, 'active', NULL, NULL, NULL, NULL, 0, NULL, 0, NULL),
(88, 3, '1041', '1041', '1041', NULL, NULL, NULL, 'active', NULL, NULL, NULL, NULL, 0, NULL, 0, NULL),
(89, 3, '1042', '1042', '1042', NULL, NULL, NULL, 'active', NULL, NULL, NULL, NULL, 0, NULL, 0, NULL),
(90, 3, '1043', '1043', '1043', NULL, NULL, NULL, 'active', NULL, NULL, NULL, NULL, 0, NULL, 0, NULL),
(91, 3, '1044', '1044', '1044', NULL, NULL, NULL, 'active', NULL, NULL, NULL, NULL, 0, NULL, 0, NULL),
(92, 3, '1045', '1045', '1045', NULL, NULL, NULL, 'active', NULL, NULL, NULL, NULL, 0, NULL, 0, NULL),
(93, 3, '1046', '1046', '1046', NULL, NULL, NULL, 'active', NULL, NULL, NULL, NULL, 0, NULL, 0, NULL),
(94, 3, '1047', '1047', '1047', NULL, NULL, NULL, 'active', NULL, NULL, NULL, NULL, 0, NULL, 0, NULL),
(95, 3, '1048', '1048', '1048', NULL, NULL, NULL, 'active', NULL, NULL, NULL, NULL, 0, NULL, 0, NULL),
(96, 3, '1049', '1049', '1049', NULL, NULL, NULL, 'active', NULL, NULL, NULL, NULL, 0, NULL, 0, NULL),
(97, 3, '1050', '1050', '1050', NULL, NULL, NULL, 'active', NULL, NULL, NULL, NULL, 0, NULL, 0, NULL),
(98, 3, '1051', '1051', '1051', NULL, NULL, NULL, 'active', NULL, NULL, NULL, NULL, 0, NULL, 0, NULL),
(99, 3, '1052', '1052', '1052', NULL, NULL, NULL, 'active', NULL, NULL, NULL, NULL, 0, NULL, 0, NULL),
(100, 3, '1053', '1053', '1053', NULL, NULL, NULL, 'active', NULL, NULL, NULL, NULL, 0, NULL, 0, NULL),
(101, 3, '1054', '1054', '1054', NULL, NULL, NULL, 'active', NULL, NULL, NULL, NULL, 0, NULL, 0, NULL),
(102, 3, '1055', '1055', '1055', NULL, NULL, NULL, 'active', NULL, NULL, NULL, NULL, 0, NULL, 0, NULL),
(103, 3, '1056', '1056', '1056', NULL, NULL, NULL, 'active', NULL, NULL, NULL, NULL, 0, NULL, 0, NULL),
(104, 3, '1057', '1057', '1057', NULL, NULL, NULL, 'active', NULL, NULL, NULL, NULL, 0, NULL, 0, NULL),
(105, 3, '1058', '1058', '1058', NULL, NULL, NULL, 'active', NULL, NULL, NULL, NULL, 0, NULL, 0, NULL),
(106, 3, '1059', '1059', '1059', NULL, NULL, NULL, 'active', NULL, NULL, NULL, NULL, 0, NULL, 0, NULL),
(107, 3, '1060', '1060', '1060', NULL, NULL, NULL, 'active', NULL, NULL, NULL, NULL, 0, NULL, 0, NULL),
(108, 3, '1061', '1061', '1061', NULL, NULL, NULL, 'active', NULL, NULL, NULL, NULL, 0, NULL, 0, NULL),
(109, 3, '1062', '1062', '1062', NULL, NULL, NULL, 'active', NULL, NULL, NULL, NULL, 0, NULL, 0, NULL),
(110, 3, '1063', '1063', '1063', NULL, NULL, NULL, 'active', NULL, NULL, NULL, NULL, 0, NULL, 0, NULL),
(111, 3, '1064', '1064', '1064', NULL, NULL, NULL, 'active', NULL, NULL, NULL, NULL, 0, NULL, 0, NULL),
(112, 3, '1065', '1065', '1065', NULL, NULL, NULL, 'active', NULL, NULL, NULL, NULL, 0, NULL, 0, NULL),
(113, 3, '1066', '1066', '1066', NULL, NULL, NULL, 'active', NULL, NULL, NULL, NULL, 0, NULL, 0, NULL),
(114, 3, '1067', '1067', '1067', NULL, NULL, NULL, 'active', NULL, NULL, NULL, NULL, 0, NULL, 0, NULL),
(115, 3, '1068', '1068', '1068', NULL, NULL, NULL, 'active', NULL, NULL, NULL, NULL, 0, NULL, 0, NULL),
(116, 3, '1069', '1069', '1069', NULL, NULL, NULL, 'active', NULL, NULL, NULL, NULL, 0, NULL, 0, NULL),
(117, 3, '1070', '1070', '1070', NULL, NULL, NULL, 'active', NULL, NULL, NULL, NULL, 0, NULL, 0, NULL),
(118, 3, '1071', '1071', '1071', NULL, NULL, NULL, 'active', NULL, NULL, NULL, NULL, 0, NULL, 0, NULL),
(119, 3, '1072', '1072', '1072', NULL, NULL, NULL, 'active', NULL, NULL, NULL, NULL, 0, NULL, 0, NULL),
(120, 3, '1073', '1073', '1073', NULL, NULL, NULL, 'active', NULL, NULL, NULL, NULL, 0, NULL, 0, NULL),
(121, 3, '1074', '1074', '1074', NULL, NULL, NULL, 'active', NULL, NULL, NULL, NULL, 0, NULL, 0, NULL),
(122, 3, '1075', '1075', '1075', NULL, NULL, NULL, 'active', NULL, NULL, NULL, NULL, 0, NULL, 0, NULL),
(123, 3, '1076', '1076', '1076', NULL, NULL, NULL, 'active', NULL, NULL, NULL, NULL, 0, NULL, 0, NULL),
(124, 3, '1077', '1077', '1077', NULL, NULL, NULL, 'active', NULL, NULL, NULL, NULL, 0, NULL, 0, NULL),
(125, 3, '1078', '1078', '1078', NULL, NULL, NULL, 'active', NULL, NULL, NULL, NULL, 0, NULL, 0, NULL),
(126, 3, '1079', '1079', '1079', NULL, NULL, NULL, 'active', NULL, NULL, NULL, NULL, 0, NULL, 0, NULL),
(127, 3, '1080', '1080', '1080', NULL, NULL, NULL, 'active', NULL, NULL, NULL, NULL, 0, NULL, 0, NULL),
(128, 3, '1081', '1081', '1081', NULL, NULL, NULL, 'active', NULL, NULL, NULL, NULL, 0, NULL, 0, NULL),
(129, 3, '1082', '1082', '1082', NULL, NULL, NULL, 'active', NULL, NULL, NULL, NULL, 0, NULL, 0, NULL),
(130, 3, '1083', '1083', '1083', NULL, NULL, NULL, 'active', NULL, NULL, NULL, NULL, 0, NULL, 0, NULL),
(131, 3, '1084', '1084', '1084', NULL, NULL, NULL, 'active', NULL, NULL, NULL, NULL, 0, NULL, 0, NULL),
(132, 3, '1085', '1085', '1085', NULL, NULL, NULL, 'active', NULL, NULL, NULL, NULL, 0, NULL, 0, NULL),
(133, 3, '1086', '1086', '1086', NULL, NULL, NULL, 'active', NULL, NULL, NULL, NULL, 0, NULL, 0, NULL),
(134, 3, '1087', '1087', '1087', NULL, NULL, NULL, 'active', NULL, NULL, NULL, NULL, 0, NULL, 0, NULL),
(135, 3, '1088', '1088', '1088', NULL, NULL, NULL, 'active', NULL, NULL, NULL, NULL, 0, NULL, 0, NULL),
(136, 3, '1089', '1089', '1089', NULL, NULL, NULL, 'active', NULL, NULL, NULL, NULL, 0, NULL, 0, NULL),
(137, 3, '1090', '1090', '1090', NULL, NULL, NULL, 'active', NULL, NULL, NULL, NULL, 0, NULL, 0, NULL),
(138, 3, '1091', '1091', '1091', NULL, NULL, NULL, 'active', NULL, NULL, NULL, NULL, 0, NULL, 0, NULL),
(139, 3, '1092', '1092', '1092', NULL, NULL, NULL, 'active', NULL, NULL, NULL, NULL, 0, NULL, 0, NULL),
(140, 3, '1093', '1093', '1093', NULL, NULL, NULL, 'active', NULL, NULL, NULL, NULL, 0, NULL, 0, NULL),
(141, 3, '1094', '1094', '1094', NULL, NULL, NULL, 'active', NULL, NULL, NULL, NULL, 0, NULL, 0, NULL),
(142, 3, '1095', '1095', '1095', NULL, NULL, NULL, 'active', NULL, NULL, NULL, NULL, 0, NULL, 0, NULL),
(143, 3, '1096', '1096', '1096', NULL, NULL, NULL, 'active', NULL, NULL, NULL, NULL, 0, NULL, 0, NULL),
(144, 3, '1097', '1097', '1097', NULL, NULL, NULL, 'active', NULL, NULL, NULL, NULL, 0, NULL, 0, NULL),
(145, 3, '1098', '1098', '1098', NULL, NULL, NULL, 'active', NULL, NULL, NULL, NULL, 0, NULL, 0, NULL),
(146, 3, '1099', '1099', '1099', NULL, NULL, NULL, 'active', NULL, NULL, NULL, NULL, 0, NULL, 0, NULL),
(147, 3, '1100', '1100', '1100', NULL, NULL, NULL, 'active', NULL, NULL, NULL, NULL, 0, NULL, 0, NULL),
(148, 3, '1101', '1101', '1101', NULL, NULL, NULL, 'active', NULL, NULL, NULL, NULL, 0, NULL, 0, NULL),
(149, 3, '1102', '1102', '1102', NULL, NULL, NULL, 'active', NULL, NULL, NULL, NULL, 0, NULL, 0, NULL),
(150, 3, '1103', '1103', '1103', NULL, NULL, NULL, 'active', NULL, NULL, NULL, NULL, 0, NULL, 0, NULL),
(151, 3, '1104', '1104', '1104', NULL, NULL, NULL, 'active', NULL, NULL, NULL, NULL, 0, NULL, 0, NULL),
(152, 3, '1105', '1105', '1105', NULL, NULL, NULL, 'active', NULL, NULL, NULL, NULL, 0, NULL, 0, NULL),
(153, 3, '1106', '1106', '1106', NULL, NULL, NULL, 'active', NULL, NULL, NULL, NULL, 0, NULL, 0, NULL),
(154, 3, '1107', '1107', '1107', NULL, NULL, NULL, 'active', NULL, NULL, NULL, NULL, 0, NULL, 0, NULL),
(155, 3, '1108', '1108', '1108', NULL, NULL, NULL, 'active', NULL, NULL, NULL, NULL, 0, NULL, 0, NULL),
(156, 3, '1109', '1109', '1109', NULL, NULL, NULL, 'active', NULL, NULL, NULL, NULL, 0, NULL, 0, NULL),
(157, 3, '1110', '1110', '1110', NULL, NULL, NULL, 'active', NULL, NULL, NULL, NULL, 0, NULL, 0, NULL),
(158, 3, '1111', '1111', '1111', NULL, NULL, NULL, 'active', NULL, NULL, NULL, NULL, 0, NULL, 0, NULL),
(159, 3, '1112', '1112', '1112', NULL, NULL, NULL, 'active', NULL, NULL, NULL, NULL, 0, NULL, 0, NULL),
(160, 3, '1113', '1113', '1113', NULL, NULL, NULL, 'active', NULL, NULL, NULL, NULL, 0, NULL, 0, NULL),
(161, 3, '1114', '1114', '1114', NULL, NULL, NULL, 'active', NULL, NULL, NULL, NULL, 0, NULL, 0, NULL),
(162, 3, '1115', '1115', '1115', NULL, NULL, NULL, 'active', NULL, NULL, NULL, NULL, 0, NULL, 0, NULL),
(163, 3, '1116', '1116', '1116', NULL, NULL, NULL, 'active', NULL, NULL, NULL, NULL, 0, NULL, 0, NULL),
(164, 3, '1117', '1117', '1117', NULL, NULL, NULL, 'active', NULL, NULL, NULL, NULL, 0, NULL, 0, NULL),
(165, 3, '1118', '1118', '1118', NULL, NULL, NULL, 'active', NULL, NULL, NULL, NULL, 0, NULL, 0, NULL),
(166, 3, '1119', '1119', '1119', NULL, NULL, NULL, 'active', NULL, NULL, NULL, NULL, 0, NULL, 0, NULL),
(167, 3, '1120', '1120', '1120', NULL, NULL, NULL, 'active', NULL, NULL, NULL, NULL, 0, NULL, 0, NULL),
(168, 3, '1121', '1121', '1121', NULL, NULL, NULL, 'active', NULL, NULL, NULL, NULL, 0, NULL, 0, NULL),
(169, 3, '1122', '1122', '1122', NULL, NULL, NULL, 'active', NULL, NULL, NULL, NULL, 0, NULL, 0, NULL),
(170, 3, '1123', '1123', '1123', NULL, NULL, NULL, 'active', NULL, NULL, NULL, NULL, 0, NULL, 0, NULL),
(171, 3, '1124', '1124', '1124', NULL, NULL, NULL, 'active', NULL, NULL, NULL, NULL, 0, NULL, 0, NULL),
(172, 3, '1125', '1125', '1125', NULL, NULL, NULL, 'active', NULL, NULL, NULL, NULL, 0, NULL, 0, NULL),
(173, 3, '1126', '1126', '1126', NULL, NULL, NULL, 'active', NULL, NULL, NULL, NULL, 0, NULL, 0, NULL),
(174, 3, '1127', '1127', '1127', NULL, NULL, NULL, 'active', NULL, NULL, NULL, NULL, 0, NULL, 0, NULL),
(175, 3, '1128', '1128', '1128', NULL, NULL, NULL, 'active', NULL, NULL, NULL, NULL, 0, NULL, 0, NULL),
(176, 3, '1129', '1129', '1129', NULL, NULL, NULL, 'active', NULL, NULL, NULL, NULL, 0, NULL, 0, NULL),
(177, 3, '1130', '1130', '1130', NULL, NULL, NULL, 'active', NULL, NULL, NULL, NULL, 0, NULL, 0, NULL),
(178, 3, '1131', '1131', '1131', NULL, NULL, NULL, 'active', NULL, NULL, NULL, NULL, 0, NULL, 0, NULL),
(179, 3, '1132', '1132', '1132', NULL, NULL, NULL, 'active', NULL, NULL, NULL, NULL, 0, NULL, 0, NULL),
(180, 3, '1133', '1133', '1133', NULL, NULL, NULL, 'active', NULL, NULL, NULL, NULL, 0, NULL, 0, NULL),
(181, 3, '1134', '1134', '1134', NULL, NULL, NULL, 'active', NULL, NULL, NULL, NULL, 0, NULL, 0, NULL),
(182, 3, '1135', '1135', '1135', NULL, NULL, NULL, 'active', NULL, NULL, NULL, NULL, 0, NULL, 0, NULL),
(183, 3, '1136', '1136', '1136', NULL, NULL, NULL, 'active', NULL, NULL, NULL, NULL, 0, NULL, 0, NULL),
(184, 3, '1137', '1137', '1137', NULL, NULL, NULL, 'active', NULL, NULL, NULL, NULL, 0, NULL, 0, NULL),
(185, 3, '1138', '1138', '1138', NULL, NULL, NULL, 'active', NULL, NULL, NULL, NULL, 0, NULL, 0, NULL),
(186, 3, '1139', '1139', '1139', NULL, NULL, NULL, 'active', NULL, NULL, NULL, NULL, 0, NULL, 0, NULL),
(187, 3, '1140', '1140', '1140', NULL, NULL, NULL, 'active', NULL, NULL, NULL, NULL, 0, NULL, 0, NULL),
(188, 3, '1141', '1141', '1141', NULL, NULL, NULL, 'active', NULL, NULL, NULL, NULL, 0, NULL, 0, NULL),
(189, 3, '1142', '1142', '1142', NULL, NULL, NULL, 'active', NULL, NULL, NULL, NULL, 0, NULL, 0, NULL),
(190, 3, '1143', '1143', '1143', NULL, NULL, NULL, 'active', NULL, NULL, NULL, NULL, 0, NULL, 0, NULL),
(191, 3, '1144', '1144', '1144', NULL, NULL, NULL, 'active', NULL, NULL, NULL, NULL, 0, NULL, 0, NULL),
(192, 3, '1145', '1145', '1145', NULL, NULL, NULL, 'active', NULL, NULL, NULL, NULL, 0, NULL, 0, NULL),
(193, 3, '1146', '1146', '1146', NULL, NULL, NULL, 'active', NULL, NULL, NULL, NULL, 0, NULL, 0, NULL),
(194, 3, '1147', '1147', '1147', NULL, NULL, NULL, 'active', NULL, NULL, NULL, NULL, 0, NULL, 0, NULL),
(195, 3, '1148', '1148', '1148', NULL, NULL, NULL, 'active', NULL, NULL, NULL, NULL, 0, NULL, 0, NULL),
(196, 3, '1149', '1149', '1149', NULL, NULL, NULL, 'active', NULL, NULL, NULL, NULL, 0, NULL, 0, NULL),
(197, 3, '1150', '1150', '1150', NULL, NULL, NULL, 'active', NULL, NULL, NULL, NULL, 0, NULL, 0, NULL),
(198, 3, '1151', '1151', '1151', NULL, NULL, NULL, 'active', NULL, NULL, NULL, NULL, 0, NULL, 0, NULL),
(199, 3, '1152', '1152', '1152', NULL, NULL, NULL, 'active', NULL, NULL, NULL, NULL, 0, NULL, 0, NULL),
(200, 3, '1153', '1153', '1153', NULL, NULL, NULL, 'active', NULL, NULL, NULL, NULL, 0, NULL, 0, NULL),
(201, 3, '1154', '1154', '1154', NULL, NULL, NULL, 'active', NULL, NULL, NULL, NULL, 0, NULL, 0, NULL),
(202, 3, '1155', '1155', '1155', NULL, NULL, NULL, 'active', NULL, NULL, NULL, NULL, 0, NULL, 0, NULL),
(203, 3, '1156', '1156', '1156', NULL, NULL, NULL, 'active', NULL, NULL, NULL, NULL, 0, NULL, 0, NULL),
(204, 3, '1157', '1157', '1157', NULL, NULL, NULL, 'active', NULL, NULL, NULL, NULL, 0, NULL, 0, NULL),
(205, 3, '1158', '1158', '1158', NULL, NULL, NULL, 'active', NULL, NULL, NULL, NULL, 0, NULL, 0, NULL),
(206, 3, '1159', '1159', '1159', NULL, NULL, NULL, 'active', NULL, NULL, NULL, NULL, 0, NULL, 0, NULL),
(207, 3, '1160', '1160', '1160', NULL, NULL, NULL, 'active', NULL, NULL, NULL, NULL, 0, NULL, 0, NULL),
(208, 3, '1161', '1161', '1161', NULL, NULL, NULL, 'active', NULL, NULL, NULL, NULL, 0, NULL, 0, NULL),
(209, 3, '1162', '1162', '1162', NULL, NULL, NULL, 'active', NULL, NULL, NULL, NULL, 0, NULL, 0, NULL),
(210, 3, '1163', '1163', '1163', NULL, NULL, NULL, 'active', NULL, NULL, NULL, NULL, 0, NULL, 0, NULL),
(211, 3, '1164', '1164', '1164', NULL, NULL, NULL, 'active', NULL, NULL, NULL, NULL, 0, NULL, 0, NULL),
(212, 3, '1165', '1165', '1165', NULL, NULL, NULL, 'active', NULL, NULL, NULL, NULL, 0, NULL, 0, NULL),
(213, 3, '1166', '1166', '1166', NULL, NULL, NULL, 'active', NULL, NULL, NULL, NULL, 0, NULL, 0, NULL),
(214, 3, '1167', '1167', '1167', NULL, NULL, NULL, 'active', NULL, NULL, NULL, NULL, 0, NULL, 0, NULL),
(215, 3, '1168', '1168', '1168', NULL, NULL, NULL, 'active', NULL, NULL, NULL, NULL, 0, NULL, 0, NULL),
(216, 3, '1169', '1169', '1169', NULL, NULL, NULL, 'active', NULL, NULL, NULL, NULL, 0, NULL, 0, NULL),
(217, 3, '1170', '1170', '1170', NULL, NULL, NULL, 'active', NULL, NULL, NULL, NULL, 0, NULL, 0, NULL),
(218, 3, '1171', '1171', '1171', NULL, NULL, NULL, 'active', NULL, NULL, NULL, NULL, 0, NULL, 0, NULL),
(219, 3, '1172', '1172', '1172', NULL, NULL, NULL, 'active', NULL, NULL, NULL, NULL, 0, NULL, 0, NULL),
(220, 3, '1173', '1173', '1173', NULL, NULL, NULL, 'active', NULL, NULL, NULL, NULL, 0, NULL, 0, NULL),
(221, 3, '1174', '1174', '1174', NULL, NULL, NULL, 'active', NULL, NULL, NULL, NULL, 0, NULL, 0, NULL),
(222, 3, '1175', '1175', '1175', NULL, NULL, NULL, 'active', NULL, NULL, NULL, NULL, 0, NULL, 0, NULL),
(223, 3, '1176', '1176', '1176', NULL, NULL, NULL, 'active', NULL, NULL, NULL, NULL, 0, NULL, 0, NULL),
(224, 3, '1177', '1177', '1177', NULL, NULL, NULL, 'active', NULL, NULL, NULL, NULL, 0, NULL, 0, NULL),
(225, 3, '1178', '1178', '1178', NULL, NULL, NULL, 'active', NULL, NULL, NULL, NULL, 0, NULL, 0, NULL),
(226, 3, '1179', '1179', '1179', NULL, NULL, NULL, 'active', NULL, NULL, NULL, NULL, 0, NULL, 0, NULL),
(227, 3, '1180', '1180', '1180', NULL, NULL, NULL, 'active', NULL, NULL, NULL, NULL, 0, NULL, 0, NULL),
(228, 3, '1181', '1181', '1181', NULL, NULL, NULL, 'active', NULL, NULL, NULL, NULL, 0, NULL, 0, NULL),
(229, 3, '1182', '1182', '1182', NULL, NULL, NULL, 'active', NULL, NULL, NULL, NULL, 0, NULL, 0, NULL),
(230, 3, '1183', '1183', '1183', NULL, NULL, NULL, 'active', NULL, NULL, NULL, NULL, 0, NULL, 0, NULL),
(231, 3, '1184', '1184', '1184', NULL, NULL, NULL, 'active', NULL, NULL, NULL, NULL, 0, NULL, 0, NULL),
(232, 3, '1185', '1185', '1185', NULL, NULL, NULL, 'active', NULL, NULL, NULL, NULL, 0, NULL, 0, NULL),
(233, 3, '1186', '1186', '1186', NULL, NULL, NULL, 'active', NULL, NULL, NULL, NULL, 0, NULL, 0, NULL),
(234, 3, '1187', '1187', '1187', NULL, NULL, NULL, 'active', NULL, NULL, NULL, NULL, 0, NULL, 0, NULL),
(235, 3, '1188', '1188', '1188', NULL, NULL, NULL, 'active', NULL, NULL, NULL, NULL, 0, NULL, 0, NULL),
(236, 3, '1189', '1189', '1189', NULL, NULL, NULL, 'active', NULL, NULL, NULL, NULL, 0, NULL, 0, NULL),
(237, 3, '1190', '1190', '1190', NULL, NULL, NULL, 'active', NULL, NULL, NULL, NULL, 0, NULL, 0, NULL),
(238, 3, '1191', '1191', '1191', NULL, NULL, NULL, 'active', NULL, NULL, NULL, NULL, 0, NULL, 0, NULL),
(239, 3, '1192', '1192', '1192', NULL, NULL, NULL, 'active', NULL, NULL, NULL, NULL, 0, NULL, 0, NULL),
(240, 3, '1193', '1193', '1193', NULL, NULL, NULL, 'active', NULL, NULL, NULL, NULL, 0, NULL, 0, NULL),
(241, 3, '1194', '1194', '1194', NULL, NULL, NULL, 'active', NULL, NULL, NULL, NULL, 0, NULL, 0, NULL),
(242, 3, '1195', '1195', '1195', NULL, NULL, NULL, 'active', NULL, NULL, NULL, NULL, 0, NULL, 0, NULL),
(243, 3, '1196', '1196', '1196', NULL, NULL, NULL, 'active', NULL, NULL, NULL, NULL, 0, NULL, 0, NULL),
(244, 3, '1197', '1197', '1197', NULL, NULL, NULL, 'active', NULL, NULL, NULL, NULL, 0, NULL, 0, NULL),
(245, 3, '1198', '1198', '1198', NULL, NULL, NULL, 'active', NULL, NULL, NULL, NULL, 0, NULL, 0, NULL),
(246, 3, '1199', '1199', '1199', NULL, NULL, NULL, 'active', NULL, NULL, NULL, NULL, 0, NULL, 0, NULL),
(247, 3, '1200', '1200', '1200', NULL, NULL, NULL, 'active', NULL, NULL, NULL, NULL, 0, NULL, 0, NULL),
(248, 3, '1201', '1201', '1201', NULL, NULL, NULL, 'active', NULL, NULL, NULL, NULL, 0, NULL, 0, NULL),
(249, 3, '1202', '1202', '1202', NULL, NULL, NULL, 'active', NULL, NULL, NULL, NULL, 0, NULL, 0, NULL),
(250, 3, '1203', '1203', '1203', NULL, NULL, NULL, 'active', NULL, NULL, NULL, NULL, 0, NULL, 0, NULL),
(251, 3, '1204', '1204', '1204', NULL, NULL, NULL, 'active', NULL, NULL, NULL, NULL, 0, NULL, 0, NULL),
(252, 3, '1205', '1205', '1205', NULL, NULL, NULL, 'active', NULL, NULL, NULL, NULL, 0, NULL, 0, NULL),
(253, 3, '1206', '1206', '1206', NULL, NULL, NULL, 'active', NULL, NULL, NULL, NULL, 0, NULL, 0, NULL),
(254, 3, '1207', '1207', '1207', NULL, NULL, NULL, 'active', NULL, NULL, NULL, NULL, 0, NULL, 0, NULL),
(255, 3, '1208', '1208', '1208', NULL, NULL, NULL, 'active', NULL, NULL, NULL, NULL, 0, NULL, 0, NULL),
(256, 3, '1209', '1209', '1209', NULL, NULL, NULL, 'active', NULL, NULL, NULL, NULL, 0, NULL, 0, NULL),
(257, 3, '1210', '1210', '1210', NULL, NULL, NULL, 'active', NULL, NULL, NULL, NULL, 0, NULL, 0, NULL),
(258, 3, '1211', '1211', '1211', NULL, NULL, NULL, 'active', NULL, NULL, NULL, NULL, 0, NULL, 0, NULL),
(259, 3, '1212', '1212', '1212', NULL, NULL, NULL, 'active', NULL, NULL, NULL, NULL, 0, NULL, 0, NULL),
(260, 3, '1213', '1213', '1213', NULL, NULL, NULL, 'active', NULL, NULL, NULL, NULL, 0, NULL, 0, NULL),
(261, 3, '1214', '1214', '1214', NULL, NULL, NULL, 'active', NULL, NULL, NULL, NULL, 0, NULL, 0, NULL),
(262, 3, '1215', '1215', '1215', NULL, NULL, NULL, 'active', NULL, NULL, NULL, NULL, 0, NULL, 0, NULL),
(263, 3, '1216', '1216', '1216', NULL, NULL, NULL, 'active', NULL, NULL, NULL, NULL, 0, NULL, 0, NULL),
(264, 3, '1217', '1217', '1217', NULL, NULL, NULL, 'active', NULL, NULL, NULL, NULL, 0, NULL, 0, NULL),
(265, 3, '1218', '1218', '1218', NULL, NULL, NULL, 'active', NULL, NULL, NULL, NULL, 0, NULL, 0, NULL),
(266, 3, '1219', '1219', '1219', NULL, NULL, NULL, 'active', NULL, NULL, NULL, NULL, 0, NULL, 0, NULL),
(267, 3, '1220', '1220', '1220', NULL, NULL, NULL, 'active', NULL, NULL, NULL, NULL, 0, NULL, 0, NULL),
(268, 3, '1221', '1221', '1221', NULL, NULL, NULL, 'active', NULL, NULL, NULL, NULL, 0, NULL, 0, NULL),
(269, 3, '1222', '1222', '1222', NULL, NULL, NULL, 'active', NULL, NULL, NULL, NULL, 0, NULL, 0, NULL),
(270, 3, '1223', '1223', '1223', NULL, NULL, NULL, 'active', NULL, NULL, NULL, NULL, 0, NULL, 0, NULL),
(271, 3, '1224', '1224', '1224', NULL, NULL, NULL, 'active', NULL, NULL, NULL, NULL, 0, NULL, 0, NULL),
(272, 3, '1225', '1225', '1225', NULL, NULL, NULL, 'active', NULL, NULL, NULL, NULL, 0, NULL, 0, NULL),
(273, 3, '1226', '1226', '1226', NULL, NULL, NULL, 'active', NULL, NULL, NULL, NULL, 0, NULL, 0, NULL),
(274, 3, '1227', '1227', '1227', NULL, NULL, NULL, 'active', NULL, NULL, NULL, NULL, 0, NULL, 0, NULL),
(275, 3, '1228', '1228', '1228', NULL, NULL, NULL, 'active', NULL, NULL, NULL, NULL, 0, NULL, 0, NULL),
(276, 3, '1229', '1229', '1229', NULL, NULL, NULL, 'active', NULL, NULL, NULL, NULL, 0, NULL, 0, NULL),
(277, 3, '1230', '1230', '1230', NULL, NULL, NULL, 'active', NULL, NULL, NULL, NULL, 0, NULL, 0, NULL),
(278, 3, '1231', '1231', '1231', NULL, NULL, NULL, 'active', NULL, NULL, NULL, NULL, 0, NULL, 0, NULL),
(279, 3, '1232', '1232', '1232', NULL, NULL, NULL, 'active', NULL, NULL, NULL, NULL, 0, NULL, 0, NULL),
(280, 3, '1233', '1233', '1233', NULL, NULL, NULL, 'active', NULL, NULL, NULL, NULL, 0, NULL, 0, NULL),
(281, 3, '1234', '1234', '1234', NULL, NULL, NULL, 'active', NULL, NULL, NULL, NULL, 0, NULL, 0, NULL),
(282, 3, '1235', '1235', '1235', NULL, NULL, NULL, 'active', NULL, NULL, NULL, NULL, 0, NULL, 0, NULL),
(283, 3, '1236', '1236', '1236', NULL, NULL, NULL, 'active', NULL, NULL, NULL, NULL, 0, NULL, 0, NULL),
(284, 3, '1237', '1237', '1237', NULL, NULL, NULL, 'active', NULL, NULL, NULL, NULL, 0, NULL, 0, NULL),
(285, 3, '1238', '1238', '1238', NULL, NULL, NULL, 'active', NULL, NULL, NULL, NULL, 0, NULL, 0, NULL),
(286, 3, '1239', '1239', '1239', NULL, NULL, NULL, 'active', NULL, NULL, NULL, NULL, 0, NULL, 0, NULL),
(287, 3, '1240', '1240', '1240', NULL, NULL, NULL, 'active', NULL, NULL, NULL, NULL, 0, NULL, 0, NULL),
(288, 3, '1241', '1241', '1241', NULL, NULL, NULL, 'active', NULL, NULL, NULL, NULL, 0, NULL, 0, NULL),
(289, 3, '1242', '1242', '1242', NULL, NULL, NULL, 'active', NULL, NULL, NULL, NULL, 0, NULL, 0, NULL),
(290, 3, '1243', '1243', '1243', NULL, NULL, NULL, 'active', NULL, NULL, NULL, NULL, 0, NULL, 0, NULL),
(291, 3, '1244', '1244', '1244', NULL, NULL, NULL, 'active', NULL, NULL, NULL, NULL, 0, NULL, 0, NULL),
(292, 3, '1245', '1245', '1245', NULL, NULL, NULL, 'active', NULL, NULL, NULL, NULL, 0, NULL, 0, NULL),
(293, 3, '1246', '1246', '1246', NULL, NULL, NULL, 'active', NULL, NULL, NULL, NULL, 0, NULL, 0, NULL),
(294, 3, '1247', '1247', '1247', NULL, NULL, NULL, 'active', NULL, NULL, NULL, NULL, 0, NULL, 0, NULL),
(295, 3, '1248', '1248', '1248', NULL, NULL, NULL, 'active', NULL, NULL, NULL, NULL, 0, NULL, 0, NULL),
(296, 3, '1249', '1249', '1249', NULL, NULL, NULL, 'active', NULL, NULL, NULL, NULL, 0, NULL, 0, NULL),
(297, 3, '1250', '1250', '1250', NULL, NULL, NULL, 'active', NULL, NULL, NULL, NULL, 0, NULL, 0, NULL),
(298, 3, '1251', '1251', '1251', NULL, NULL, NULL, 'active', NULL, NULL, NULL, NULL, 0, NULL, 0, NULL),
(299, 3, '1252', '1252', '1252', NULL, NULL, NULL, 'active', NULL, NULL, NULL, NULL, 0, NULL, 0, NULL),
(300, 3, '1253', '1253', '1253', NULL, NULL, NULL, 'active', NULL, NULL, NULL, NULL, 0, NULL, 0, NULL),
(301, 3, '1254', '1254', '1254', NULL, NULL, NULL, 'active', NULL, NULL, NULL, NULL, 0, NULL, 0, NULL),
(302, 3, '1255', '1255', '1255', NULL, NULL, NULL, 'active', NULL, NULL, NULL, NULL, 0, NULL, 0, NULL),
(303, 3, '1256', '1256', '1256', NULL, NULL, NULL, 'active', NULL, NULL, NULL, NULL, 0, NULL, 0, NULL),
(304, 3, '1257', '1257', '1257', NULL, NULL, NULL, 'active', NULL, NULL, NULL, NULL, 0, NULL, 0, NULL),
(305, 3, '1258', '1258', '1258', NULL, NULL, NULL, 'active', NULL, NULL, NULL, NULL, 0, NULL, 0, NULL),
(306, 3, '1259', '1259', '1259', NULL, NULL, NULL, 'active', NULL, NULL, NULL, NULL, 0, NULL, 0, NULL),
(307, 3, '1260', '1260', '1260', NULL, NULL, NULL, 'active', NULL, NULL, NULL, NULL, 0, NULL, 0, NULL),
(308, 3, '1261', '1261', '1261', NULL, NULL, NULL, 'active', NULL, NULL, NULL, NULL, 0, NULL, 0, NULL),
(309, 3, '1262', '1262', '1262', NULL, NULL, NULL, 'active', NULL, NULL, NULL, NULL, 0, NULL, 0, NULL),
(310, 3, '1263', '1263', '1263', NULL, NULL, NULL, 'active', NULL, NULL, NULL, NULL, 0, NULL, 0, NULL),
(311, 3, '1264', '1264', '1264', NULL, NULL, NULL, 'active', NULL, NULL, NULL, NULL, 0, NULL, 0, NULL),
(312, 3, '1265', '1265', '1265', NULL, NULL, NULL, 'active', NULL, NULL, NULL, NULL, 0, NULL, 0, NULL),
(313, 3, '1266', '1266', '1266', NULL, NULL, NULL, 'active', NULL, NULL, NULL, NULL, 0, NULL, 0, NULL),
(314, 3, '1267', '1267', '1267', NULL, NULL, NULL, 'active', NULL, NULL, NULL, NULL, 0, NULL, 0, NULL),
(315, 3, '1268', '1268', '1268', NULL, NULL, NULL, 'active', NULL, NULL, NULL, NULL, 0, NULL, 0, NULL),
(316, 3, '1269', '1269', '1269', NULL, NULL, NULL, 'active', NULL, NULL, NULL, NULL, 0, NULL, 0, NULL),
(317, 3, '1270', '1270', '1270', NULL, NULL, NULL, 'active', NULL, NULL, NULL, NULL, 0, NULL, 0, NULL),
(318, 3, '1271', '1271', '1271', NULL, NULL, NULL, 'active', NULL, NULL, NULL, NULL, 0, NULL, 0, NULL),
(319, 3, '1272', '1272', '1272', NULL, NULL, NULL, 'active', NULL, NULL, NULL, NULL, 0, NULL, 0, NULL),
(320, 3, '1273', '1273', '1273', NULL, NULL, NULL, 'active', NULL, NULL, NULL, NULL, 0, NULL, 0, NULL),
(321, 3, '1274', '1274', '1274', NULL, NULL, NULL, 'active', NULL, NULL, NULL, NULL, 0, NULL, 0, NULL),
(322, 3, '1275', '1275', '1275', NULL, NULL, NULL, 'active', NULL, NULL, NULL, NULL, 0, NULL, 0, NULL),
(323, 3, '1276', '1276', '1276', NULL, NULL, NULL, 'active', NULL, NULL, NULL, NULL, 0, NULL, 0, NULL),
(324, 3, '1277', '1277', '1277', NULL, NULL, NULL, 'active', NULL, NULL, NULL, NULL, 0, NULL, 0, NULL),
(325, 3, '1278', '1278', '1278', NULL, NULL, NULL, 'active', NULL, NULL, NULL, NULL, 0, NULL, 0, NULL),
(326, 3, '1279', '1279', '1279', NULL, NULL, NULL, 'active', NULL, NULL, NULL, NULL, 0, NULL, 0, NULL),
(327, 3, '1280', '1280', '1280', NULL, NULL, NULL, 'active', NULL, NULL, NULL, NULL, 0, NULL, 0, NULL),
(328, 3, '1281', '1281', '1281', NULL, NULL, NULL, 'active', NULL, NULL, NULL, NULL, 0, NULL, 0, NULL),
(329, 3, '1282', '1282', '1282', NULL, NULL, NULL, 'active', NULL, NULL, NULL, NULL, 0, NULL, 0, NULL),
(330, 3, '1283', '1283', '1283', NULL, NULL, NULL, 'active', NULL, NULL, NULL, NULL, 0, NULL, 0, NULL),
(331, 3, '1284', '1284', '1284', NULL, NULL, NULL, 'active', NULL, NULL, NULL, NULL, 0, NULL, 0, NULL),
(332, 3, '1285', '1285', '1285', NULL, NULL, NULL, 'active', NULL, NULL, NULL, NULL, 0, NULL, 0, NULL),
(333, 3, '1286', '1286', '1286', NULL, NULL, NULL, 'active', NULL, NULL, NULL, NULL, 0, NULL, 0, NULL),
(334, 3, '1287', '1287', '1287', NULL, NULL, NULL, 'active', NULL, NULL, NULL, NULL, 0, NULL, 0, NULL),
(335, 3, '1288', '1288', '1288', NULL, NULL, NULL, 'active', NULL, NULL, NULL, NULL, 0, NULL, 0, NULL),
(336, 3, '1289', '1289', '1289', NULL, NULL, NULL, 'active', NULL, NULL, NULL, NULL, 0, NULL, 0, NULL),
(337, 3, '1290', '1290', '1290', NULL, NULL, NULL, 'active', NULL, NULL, NULL, NULL, 0, NULL, 0, NULL),
(338, 3, '1291', '1291', '1291', NULL, NULL, NULL, 'active', NULL, NULL, NULL, NULL, 0, NULL, 0, NULL),
(339, 3, '1292', '1292', '1292', NULL, NULL, NULL, 'active', NULL, NULL, NULL, NULL, 0, NULL, 0, NULL),
(340, 3, '1293', '1293', '1293', NULL, NULL, NULL, 'active', NULL, NULL, NULL, NULL, 0, NULL, 0, NULL),
(341, 3, '1294', '1294', '1294', NULL, NULL, NULL, 'active', NULL, NULL, NULL, NULL, 0, NULL, 0, NULL),
(342, 3, '1295', '1295', '1295', NULL, NULL, NULL, 'active', NULL, NULL, NULL, NULL, 0, NULL, 0, NULL),
(343, 3, '1296', '1296', '1296', NULL, NULL, NULL, 'active', NULL, NULL, NULL, NULL, 0, NULL, 0, NULL),
(344, 3, '1297', '1297', '1297', NULL, NULL, NULL, 'active', NULL, NULL, NULL, NULL, 0, NULL, 0, NULL),
(345, 3, '1298', '1298', '1298', NULL, NULL, NULL, 'active', NULL, NULL, NULL, NULL, 0, NULL, 0, NULL),
(346, 3, '1299', '1299', '1299', NULL, NULL, NULL, 'active', NULL, NULL, NULL, NULL, 0, NULL, 0, NULL),
(347, 3, '1300', '1300', '1300', NULL, NULL, NULL, 'active', NULL, NULL, NULL, NULL, 0, NULL, 0, NULL),
(348, 3, '1301', '1301', '1301', NULL, NULL, NULL, 'active', NULL, NULL, NULL, NULL, 0, NULL, 0, NULL),
(349, 3, '1302', '1302', '1302', NULL, NULL, NULL, 'active', NULL, NULL, NULL, NULL, 0, NULL, 0, NULL),
(350, 3, '1303', '1303', '1303', NULL, NULL, NULL, 'active', NULL, NULL, NULL, NULL, 0, NULL, 0, NULL),
(351, 3, '1304', '1304', '1304', NULL, NULL, NULL, 'active', NULL, NULL, NULL, NULL, 0, NULL, 0, NULL),
(352, 3, '1305', '1305', '1305', NULL, NULL, NULL, 'active', NULL, NULL, NULL, NULL, 0, NULL, 0, NULL),
(353, 3, '1306', '1306', '1306', NULL, NULL, NULL, 'active', NULL, NULL, NULL, NULL, 0, NULL, 0, NULL),
(354, 3, '1307', '1307', '1307', NULL, NULL, NULL, 'active', NULL, NULL, NULL, NULL, 0, NULL, 0, NULL),
(355, 3, '1308', '1308', '1308', NULL, NULL, NULL, 'active', NULL, NULL, NULL, NULL, 0, NULL, 0, NULL),
(356, 3, '1309', '1309', '1309', NULL, NULL, NULL, 'active', NULL, NULL, NULL, NULL, 0, NULL, 0, NULL),
(357, 3, '1310', '1310', '1310', NULL, NULL, NULL, 'active', NULL, NULL, NULL, NULL, 0, NULL, 0, NULL),
(358, 3, '1311', '1311', '1311', NULL, NULL, NULL, 'active', NULL, NULL, NULL, NULL, 0, NULL, 0, NULL),
(359, 3, '1312', '1312', '1312', NULL, NULL, NULL, 'active', NULL, NULL, NULL, NULL, 0, NULL, 0, NULL),
(360, 3, '1313', '1313', '1313', NULL, NULL, NULL, 'active', NULL, NULL, NULL, NULL, 0, NULL, 0, NULL),
(361, 3, '1314', '1314', '1314', NULL, NULL, NULL, 'active', NULL, NULL, NULL, NULL, 0, NULL, 0, NULL),
(362, 3, '1315', '1315', '1315', NULL, NULL, NULL, 'active', NULL, NULL, NULL, NULL, 0, NULL, 0, NULL),
(363, 3, '1316', '1316', '1316', NULL, NULL, NULL, 'active', NULL, NULL, NULL, NULL, 0, NULL, 0, NULL),
(364, 3, '1317', '1317', '1317', NULL, NULL, NULL, 'active', NULL, NULL, NULL, NULL, 0, NULL, 0, NULL),
(365, 3, '1318', '1318', '1318', NULL, NULL, NULL, 'active', NULL, NULL, NULL, NULL, 0, NULL, 0, NULL),
(366, 3, '1319', '1319', '1319', NULL, NULL, NULL, 'active', NULL, NULL, NULL, NULL, 0, NULL, 0, NULL),
(367, 3, '1320', '1320', '1320', NULL, NULL, NULL, 'active', NULL, NULL, NULL, NULL, 0, NULL, 0, NULL),
(368, 3, '1321', '1321', '1321', NULL, NULL, NULL, 'active', NULL, NULL, NULL, NULL, 0, NULL, 0, NULL),
(369, 3, '1322', '1322', '1322', NULL, NULL, NULL, 'active', NULL, NULL, NULL, NULL, 0, NULL, 0, NULL),
(370, 3, '1323', '1323', '1323', NULL, NULL, NULL, 'active', NULL, NULL, NULL, NULL, 0, NULL, 0, NULL),
(371, 3, '1324', '1324', '1324', NULL, NULL, NULL, 'active', NULL, NULL, NULL, NULL, 0, NULL, 0, NULL),
(372, 3, '1325', '1325', '1325', NULL, NULL, NULL, 'active', NULL, NULL, NULL, NULL, 0, NULL, 0, NULL),
(373, 3, '1326', '1326', '1326', NULL, NULL, NULL, 'active', NULL, NULL, NULL, NULL, 0, NULL, 0, NULL),
(374, 3, '1327', '1327', '1327', NULL, NULL, NULL, 'active', NULL, NULL, NULL, NULL, 0, NULL, 0, NULL),
(375, 3, '1328', '1328', '1328', NULL, NULL, NULL, 'active', NULL, NULL, NULL, NULL, 0, NULL, 0, NULL),
(376, 3, '1329', '1329', '1329', NULL, NULL, NULL, 'active', NULL, NULL, NULL, NULL, 0, NULL, 0, NULL),
(377, 3, '1330', '1330', '1330', NULL, NULL, NULL, 'active', NULL, NULL, NULL, NULL, 0, NULL, 0, NULL),
(378, 3, '1331', '1331', '1331', NULL, NULL, NULL, 'active', NULL, NULL, NULL, NULL, 0, NULL, 0, NULL),
(379, 3, '1332', '1332', '1332', NULL, NULL, NULL, 'active', NULL, NULL, NULL, NULL, 0, NULL, 0, NULL),
(380, 3, '1333', '1333', '1333', NULL, NULL, NULL, 'active', NULL, NULL, NULL, NULL, 0, NULL, 0, NULL),
(381, 3, '1334', '1334', '1334', NULL, NULL, NULL, 'active', NULL, NULL, NULL, NULL, 0, NULL, 0, NULL),
(382, 3, '1335', '1335', '1335', NULL, NULL, NULL, 'active', NULL, NULL, NULL, NULL, 0, NULL, 0, NULL),
(383, 3, '1336', '1336', '1336', NULL, NULL, NULL, 'active', NULL, NULL, NULL, NULL, 0, NULL, 0, NULL),
(384, 3, '1337', '1337', '1337', NULL, NULL, NULL, 'active', NULL, NULL, NULL, NULL, 0, NULL, 0, NULL),
(385, 3, '1338', '1338', '1338', NULL, NULL, NULL, 'active', NULL, NULL, NULL, NULL, 0, NULL, 0, NULL),
(386, 3, '1339', '1339', '1339', NULL, NULL, NULL, 'active', NULL, NULL, NULL, NULL, 0, NULL, 0, NULL),
(387, 3, '1340', '1340', '1340', NULL, NULL, NULL, 'active', NULL, NULL, NULL, NULL, 0, NULL, 0, NULL),
(388, 3, '1341', '1341', '1341', NULL, NULL, NULL, 'active', NULL, NULL, NULL, NULL, 0, NULL, 0, NULL),
(389, 3, '1342', '1342', '1342', NULL, NULL, NULL, 'active', NULL, NULL, NULL, NULL, 0, NULL, 0, NULL),
(390, 3, '1343', '1343', '1343', NULL, NULL, NULL, 'active', NULL, NULL, NULL, NULL, 0, NULL, 0, NULL),
(391, 3, '1344', '1344', '1344', NULL, NULL, NULL, 'active', NULL, NULL, NULL, NULL, 0, NULL, 0, NULL),
(392, 3, '1345', '1345', '1345', NULL, NULL, NULL, 'active', NULL, NULL, NULL, NULL, 0, NULL, 0, NULL),
(393, 3, '1346', '1346', '1346', NULL, NULL, NULL, 'active', NULL, NULL, NULL, NULL, 0, NULL, 0, NULL),
(394, 3, '1347', '1347', '1347', NULL, NULL, NULL, 'active', NULL, NULL, NULL, NULL, 0, NULL, 0, NULL),
(395, 3, '1348', '1348', '1348', NULL, NULL, NULL, 'active', NULL, NULL, NULL, NULL, 0, NULL, 0, NULL),
(396, 3, '1349', '1349', '1349', NULL, NULL, NULL, 'active', NULL, NULL, NULL, NULL, 0, NULL, 0, NULL),
(397, 3, '1350', '1350', '1350', NULL, NULL, NULL, 'active', NULL, NULL, NULL, NULL, 0, NULL, 0, NULL),
(398, 3, '1351', '1351', '1351', NULL, NULL, NULL, 'active', NULL, NULL, NULL, NULL, 0, NULL, 0, NULL),
(399, 3, '1352', '1352', '1352', NULL, NULL, NULL, 'active', NULL, NULL, NULL, NULL, 0, NULL, 0, NULL),
(400, 3, '1353', '1353', '1353', NULL, NULL, NULL, 'active', NULL, NULL, NULL, NULL, 0, NULL, 0, NULL),
(401, 3, '1354', '1354', '1354', NULL, NULL, NULL, 'active', NULL, NULL, NULL, NULL, 0, NULL, 0, NULL),
(402, 3, '1355', '1355', '1355', NULL, NULL, NULL, 'active', NULL, NULL, NULL, NULL, 0, NULL, 0, NULL),
(403, 3, '1356', '1356', '1356', NULL, NULL, NULL, 'active', NULL, NULL, NULL, NULL, 0, NULL, 0, NULL),
(404, 3, '1357', '1357', '1357', NULL, NULL, NULL, 'active', NULL, NULL, NULL, NULL, 0, NULL, 0, NULL),
(405, 3, '1358', '1358', '1358', NULL, NULL, NULL, 'active', NULL, NULL, NULL, NULL, 0, NULL, 0, NULL),
(406, 3, '1359', '1359', '1359', NULL, NULL, NULL, 'active', NULL, NULL, NULL, NULL, 0, NULL, 0, NULL),
(407, 3, '1360', '1360', '1360', NULL, NULL, NULL, 'active', NULL, NULL, NULL, NULL, 0, NULL, 0, NULL),
(408, 3, '1361', '1361', '1361', NULL, NULL, NULL, 'active', NULL, NULL, NULL, NULL, 0, NULL, 0, NULL),
(409, 3, '1362', '1362', '1362', NULL, NULL, NULL, 'active', NULL, NULL, NULL, NULL, 0, NULL, 0, NULL),
(410, 3, '1363', '1363', '1363', NULL, NULL, NULL, 'active', NULL, NULL, NULL, NULL, 0, NULL, 0, NULL),
(411, 3, '1364', '1364', '1364', NULL, NULL, NULL, 'active', NULL, NULL, NULL, NULL, 0, NULL, 0, NULL),
(412, 3, '1365', '1365', '1365', NULL, NULL, NULL, 'active', NULL, NULL, NULL, NULL, 0, NULL, 0, NULL),
(413, 3, '1366', '1366', '1366', NULL, NULL, NULL, 'active', NULL, NULL, NULL, NULL, 0, NULL, 0, NULL),
(414, 3, '1367', '1367', '1367', NULL, NULL, NULL, 'active', NULL, NULL, NULL, NULL, 0, NULL, 0, NULL),
(415, 3, '1368', '1368', '1368', NULL, NULL, NULL, 'active', NULL, NULL, NULL, NULL, 0, NULL, 0, NULL),
(416, 3, '1369', '1369', '1369', NULL, NULL, NULL, 'active', NULL, NULL, NULL, NULL, 0, NULL, 0, NULL),
(417, 3, '1370', '1370', '1370', NULL, NULL, NULL, 'active', NULL, NULL, NULL, NULL, 0, NULL, 0, NULL),
(418, 3, '1371', '1371', '1371', NULL, NULL, NULL, 'active', NULL, NULL, NULL, NULL, 0, NULL, 0, NULL),
(419, 3, '1372', '1372', '1372', NULL, NULL, NULL, 'active', NULL, NULL, NULL, NULL, 0, NULL, 0, NULL),
(420, 3, '1373', '1373', '1373', NULL, NULL, NULL, 'active', NULL, NULL, NULL, NULL, 0, NULL, 0, NULL),
(421, 3, '1374', '1374', '1374', NULL, NULL, NULL, 'active', NULL, NULL, NULL, NULL, 0, NULL, 0, NULL),
(422, 3, '1375', '1375', '1375', NULL, NULL, NULL, 'active', NULL, NULL, NULL, NULL, 0, NULL, 0, NULL),
(423, 3, '1376', '1376', '1376', NULL, NULL, NULL, 'active', NULL, NULL, NULL, NULL, 0, NULL, 0, NULL),
(424, 3, '1377', '1377', '1377', NULL, NULL, NULL, 'active', NULL, NULL, NULL, NULL, 0, NULL, 0, NULL),
(425, 3, '1378', '1378', '1378', NULL, NULL, NULL, 'active', NULL, NULL, NULL, NULL, 0, NULL, 0, NULL),
(426, 3, '1379', '1379', '1379', NULL, NULL, NULL, 'active', NULL, NULL, NULL, NULL, 0, NULL, 0, NULL),
(427, 3, '1380', '1380', '1380', NULL, NULL, NULL, 'active', NULL, NULL, NULL, NULL, 0, NULL, 0, NULL),
(428, 3, '1381', '1381', '1381', NULL, NULL, NULL, 'active', NULL, NULL, NULL, NULL, 0, NULL, 0, NULL),
(429, 3, '1382', '1382', '1382', NULL, NULL, NULL, 'active', NULL, NULL, NULL, NULL, 0, NULL, 0, NULL),
(430, 3, '1383', '1383', '1383', NULL, NULL, NULL, 'active', NULL, NULL, NULL, NULL, 0, NULL, 0, NULL),
(431, 3, '1384', '1384', '1384', NULL, NULL, NULL, 'active', NULL, NULL, NULL, NULL, 0, NULL, 0, NULL),
(432, 3, '1385', '1385', '1385', NULL, NULL, NULL, 'active', NULL, NULL, NULL, NULL, 0, NULL, 0, NULL),
(433, 3, '1386', '1386', '1386', NULL, NULL, NULL, 'active', NULL, NULL, NULL, NULL, 0, NULL, 0, NULL),
(434, 3, '1387', '1387', '1387', NULL, NULL, NULL, 'active', NULL, NULL, NULL, NULL, 0, NULL, 0, NULL),
(435, 3, '1388', '1388', '1388', NULL, NULL, NULL, 'active', NULL, NULL, NULL, NULL, 0, NULL, 0, NULL),
(436, 3, '1389', '1389', '1389', NULL, NULL, NULL, 'active', NULL, NULL, NULL, NULL, 0, NULL, 0, NULL),
(437, 3, '1390', '1390', '1390', NULL, NULL, NULL, 'active', NULL, NULL, NULL, NULL, 0, NULL, 0, NULL),
(438, 3, '1391', '1391', '1391', NULL, NULL, NULL, 'active', NULL, NULL, NULL, NULL, 0, NULL, 0, NULL),
(439, 3, '1392', '1392', '1392', NULL, NULL, NULL, 'active', NULL, NULL, NULL, NULL, 0, NULL, 0, NULL),
(440, 3, '1393', '1393', '1393', NULL, NULL, NULL, 'active', NULL, NULL, NULL, NULL, 0, NULL, 0, NULL),
(441, 3, '1394', '1394', '1394', NULL, NULL, NULL, 'active', NULL, NULL, NULL, NULL, 0, NULL, 0, NULL),
(442, 3, '1395', '1395', '1395', NULL, NULL, NULL, 'active', NULL, NULL, NULL, NULL, 0, NULL, 0, NULL),
(443, 3, '1396', '1396', '1396', NULL, NULL, NULL, 'active', NULL, NULL, NULL, NULL, 0, NULL, 0, NULL),
(444, 3, '1397', '1397', '1397', NULL, NULL, NULL, 'active', NULL, NULL, NULL, NULL, 0, NULL, 0, NULL),
(445, 3, '1398', '1398', '1398', NULL, NULL, NULL, 'active', NULL, NULL, NULL, NULL, 0, NULL, 0, NULL),
(446, 3, '1399', '1399', '1399', NULL, NULL, NULL, 'active', NULL, NULL, NULL, NULL, 0, NULL, 0, NULL),
(447, 3, '1400', '1400', '1400', NULL, NULL, NULL, 'active', NULL, NULL, NULL, NULL, 0, NULL, 0, NULL),
(448, 3, '1401', '1401', '1401', NULL, NULL, NULL, 'active', NULL, NULL, NULL, NULL, 0, NULL, 0, NULL),
(449, 3, '1402', '1402', '1402', NULL, NULL, NULL, 'active', NULL, NULL, NULL, NULL, 0, NULL, 0, NULL),
(450, 3, '1403', '1403', '1403', NULL, NULL, NULL, 'active', NULL, NULL, NULL, NULL, 0, NULL, 0, NULL),
(451, 3, '1404', '1404', '1404', NULL, NULL, NULL, 'active', NULL, NULL, NULL, NULL, 0, NULL, 0, NULL),
(452, 3, '1405', '1405', '1405', NULL, NULL, NULL, 'active', NULL, NULL, NULL, NULL, 0, NULL, 0, NULL),
(453, 3, '1406', '1406', '1406', NULL, NULL, NULL, 'active', NULL, NULL, NULL, NULL, 0, NULL, 0, NULL),
(454, 3, '1407', '1407', '1407', NULL, NULL, NULL, 'active', NULL, NULL, NULL, NULL, 0, NULL, 0, NULL),
(455, 3, '1408', '1408', '1408', NULL, NULL, NULL, 'active', NULL, NULL, NULL, NULL, 0, NULL, 0, NULL),
(456, 3, '1409', '1409', '1409', NULL, NULL, NULL, 'active', NULL, NULL, NULL, NULL, 0, NULL, 0, NULL),
(457, 3, '1410', '1410', '1410', NULL, NULL, NULL, 'active', NULL, NULL, NULL, NULL, 0, NULL, 0, NULL),
(458, 3, '1411', '1411', '1411', NULL, NULL, NULL, 'active', NULL, NULL, NULL, NULL, 0, NULL, 0, NULL),
(459, 3, '1412', '1412', '1412', NULL, NULL, NULL, 'active', NULL, NULL, NULL, NULL, 0, NULL, 0, NULL),
(460, 3, '1413', '1413', '1413', NULL, NULL, NULL, 'active', NULL, NULL, NULL, NULL, 0, NULL, 0, NULL),
(461, 3, '1414', '1414', '1414', NULL, NULL, NULL, 'active', NULL, NULL, NULL, NULL, 0, NULL, 0, NULL),
(462, 3, '1415', '1415', '1415', NULL, NULL, NULL, 'active', NULL, NULL, NULL, NULL, 0, NULL, 0, NULL),
(463, 3, '1416', '1416', '1416', NULL, NULL, NULL, 'active', NULL, NULL, NULL, NULL, 0, NULL, 0, NULL),
(464, 3, '1417', '1417', '1417', NULL, NULL, NULL, 'active', NULL, NULL, NULL, NULL, 0, NULL, 0, NULL),
(465, 3, '1418', '1418', '1418', NULL, NULL, NULL, 'active', NULL, NULL, NULL, NULL, 0, NULL, 0, NULL),
(466, 3, '1419', '1419', '1419', NULL, NULL, NULL, 'active', NULL, NULL, NULL, NULL, 0, NULL, 0, NULL),
(467, 3, '1420', '1420', '1420', NULL, NULL, NULL, 'active', NULL, NULL, NULL, NULL, 0, NULL, 0, NULL),
(468, 3, '1421', '1421', '1421', NULL, NULL, NULL, 'active', NULL, NULL, NULL, NULL, 0, NULL, 0, NULL),
(469, 3, '1422', '1422', '1422', NULL, NULL, NULL, 'active', NULL, NULL, NULL, NULL, 0, NULL, 0, NULL),
(470, 3, '1423', '1423', '1423', NULL, NULL, NULL, 'active', NULL, NULL, NULL, NULL, 0, NULL, 0, NULL),
(471, 3, '1424', '1424', '1424', NULL, NULL, NULL, 'active', NULL, NULL, NULL, NULL, 0, NULL, 0, NULL),
(472, 3, '1425', '1425', '1425', NULL, NULL, NULL, 'active', NULL, NULL, NULL, NULL, 0, NULL, 0, NULL),
(473, 3, '1426', '1426', '1426', NULL, NULL, NULL, 'active', NULL, NULL, NULL, NULL, 0, NULL, 0, NULL);
INSERT INTO `sys_value_group_line` (`sys_value_group_line_id`, `sys_value_group_header_id`, `code`, `code_value`, `description`, `account_qualifier`, `allow_budgeting_cb`, `allow_posting_cb`, `status`, `parent_cb`, `parent_line_id`, `effective_start_date`, `effective_end_date`, `created_by`, `creation_date`, `last_update_by`, `last_update_date`) VALUES
(474, 3, '1427', '1427', '1427', NULL, NULL, NULL, 'active', NULL, NULL, NULL, NULL, 0, NULL, 0, NULL),
(475, 3, '1428', '1428', '1428', NULL, NULL, NULL, 'active', NULL, NULL, NULL, NULL, 0, NULL, 0, NULL),
(476, 3, '1429', '1429', '1429', NULL, NULL, NULL, 'active', NULL, NULL, NULL, NULL, 0, NULL, 0, NULL),
(477, 3, '1430', '1430', '1430', NULL, NULL, NULL, 'active', NULL, NULL, NULL, NULL, 0, NULL, 0, NULL),
(478, 3, '1431', '1431', '1431', NULL, NULL, NULL, 'active', NULL, NULL, NULL, NULL, 0, NULL, 0, NULL),
(479, 3, '1432', '1432', '1432', NULL, NULL, NULL, 'active', NULL, NULL, NULL, NULL, 0, NULL, 0, NULL),
(480, 3, '1433', '1433', '1433', NULL, NULL, NULL, 'active', NULL, NULL, NULL, NULL, 0, NULL, 0, NULL),
(481, 3, '1434', '1434', '1434', NULL, NULL, NULL, 'active', NULL, NULL, NULL, NULL, 0, NULL, 0, NULL),
(482, 3, '1435', '1435', '1435', NULL, NULL, NULL, 'active', NULL, NULL, NULL, NULL, 0, NULL, 0, NULL),
(483, 3, '1436', '1436', '1436', NULL, NULL, NULL, 'active', NULL, NULL, NULL, NULL, 0, NULL, 0, NULL),
(484, 3, '1437', '1437', '1437', NULL, NULL, NULL, 'active', NULL, NULL, NULL, NULL, 0, NULL, 0, NULL),
(485, 3, '1438', '1438', '1438', NULL, NULL, NULL, 'active', NULL, NULL, NULL, NULL, 0, NULL, 0, NULL),
(486, 3, '1439', '1439', '1439', NULL, NULL, NULL, 'active', NULL, NULL, NULL, NULL, 0, NULL, 0, NULL),
(487, 3, '1440', '1440', '1440', NULL, NULL, NULL, 'active', NULL, NULL, NULL, NULL, 0, NULL, 0, NULL),
(488, 3, '1441', '1441', '1441', NULL, NULL, NULL, 'active', NULL, NULL, NULL, NULL, 0, NULL, 0, NULL),
(489, 3, '1442', '1442', '1442', NULL, NULL, NULL, 'active', NULL, NULL, NULL, NULL, 0, NULL, 0, NULL),
(490, 3, '1443', '1443', '1443', NULL, NULL, NULL, 'active', NULL, NULL, NULL, NULL, 0, NULL, 0, NULL),
(491, 3, '1444', '1444', '1444', NULL, NULL, NULL, 'active', NULL, NULL, NULL, NULL, 0, NULL, 0, NULL),
(492, 3, '1445', '1445', '1445', NULL, NULL, NULL, 'active', NULL, NULL, NULL, NULL, 0, NULL, 0, NULL),
(493, 3, '1446', '1446', '1446', NULL, NULL, NULL, 'active', NULL, NULL, NULL, NULL, 0, NULL, 0, NULL),
(494, 3, '1447', '1447', '1447', NULL, NULL, NULL, 'active', NULL, NULL, NULL, NULL, 0, NULL, 0, NULL),
(495, 3, '1448', '1448', '1448', NULL, NULL, NULL, 'active', NULL, NULL, NULL, NULL, 0, NULL, 0, NULL),
(496, 3, '1449', '1449', '1449', NULL, NULL, NULL, 'active', NULL, NULL, NULL, NULL, 0, NULL, 0, NULL),
(497, 3, '1450', '1450', '1450', NULL, NULL, NULL, 'active', NULL, NULL, NULL, NULL, 0, NULL, 0, NULL),
(498, 3, '1451', '1451', '1451', NULL, NULL, NULL, 'active', NULL, NULL, NULL, NULL, 0, NULL, 0, NULL),
(499, 3, '1452', '1452', '1452', NULL, NULL, NULL, 'active', NULL, NULL, NULL, NULL, 0, NULL, 0, NULL),
(500, 3, '1453', '1453', '1453', NULL, NULL, NULL, 'active', NULL, NULL, NULL, NULL, 0, NULL, 0, NULL),
(501, 3, '1454', '1454', '1454', NULL, NULL, NULL, 'active', NULL, NULL, NULL, NULL, 0, NULL, 0, NULL),
(502, 3, '1455', '1455', '1455', NULL, NULL, NULL, 'active', NULL, NULL, NULL, NULL, 0, NULL, 0, NULL),
(503, 3, '1456', '1456', '1456', NULL, NULL, NULL, 'active', NULL, NULL, NULL, NULL, 0, NULL, 0, NULL),
(504, 3, '1457', '1457', '1457', NULL, NULL, NULL, 'active', NULL, NULL, NULL, NULL, 0, NULL, 0, NULL),
(505, 3, '1458', '1458', '1458', NULL, NULL, NULL, 'active', NULL, NULL, NULL, NULL, 0, NULL, 0, NULL),
(506, 3, '1459', '1459', '1459', NULL, NULL, NULL, 'active', NULL, NULL, NULL, NULL, 0, NULL, 0, NULL),
(507, 3, '1460', '1460', '1460', NULL, NULL, NULL, 'active', NULL, NULL, NULL, NULL, 0, NULL, 0, NULL),
(508, 3, '1461', '1461', '1461', NULL, NULL, NULL, 'active', NULL, NULL, NULL, NULL, 0, NULL, 0, NULL),
(509, 3, '1462', '1462', '1462', NULL, NULL, NULL, 'active', NULL, NULL, NULL, NULL, 0, NULL, 0, NULL),
(510, 3, '1463', '1463', '1463', NULL, NULL, NULL, 'active', NULL, NULL, NULL, NULL, 0, NULL, 0, NULL),
(511, 3, '1464', '1464', '1464', NULL, NULL, NULL, 'active', NULL, NULL, NULL, NULL, 0, NULL, 0, NULL),
(512, 3, '1465', '1465', '1465', NULL, NULL, NULL, 'active', NULL, NULL, NULL, NULL, 0, NULL, 0, NULL),
(513, 3, '1466', '1466', '1466', NULL, NULL, NULL, 'active', NULL, NULL, NULL, NULL, 0, NULL, 0, NULL),
(514, 3, '1467', '1467', '1467', NULL, NULL, NULL, 'active', NULL, NULL, NULL, NULL, 0, NULL, 0, NULL),
(515, 3, '1468', '1468', '1468', NULL, NULL, NULL, 'active', NULL, NULL, NULL, NULL, 0, NULL, 0, NULL),
(516, 3, '1469', '1469', '1469', NULL, NULL, NULL, 'active', NULL, NULL, NULL, NULL, 0, NULL, 0, NULL),
(517, 3, '1470', '1470', '1470', NULL, NULL, NULL, 'active', NULL, NULL, NULL, NULL, 0, NULL, 0, NULL),
(518, 3, '1471', '1471', '1471', NULL, NULL, NULL, 'active', NULL, NULL, NULL, NULL, 0, NULL, 0, NULL),
(519, 3, '1472', '1472', '1472', NULL, NULL, NULL, 'active', NULL, NULL, NULL, NULL, 0, NULL, 0, NULL),
(520, 3, '1473', '1473', '1473', NULL, NULL, NULL, 'active', NULL, NULL, NULL, NULL, 0, NULL, 0, NULL),
(521, 3, '1474', '1474', '1474', NULL, NULL, NULL, 'active', NULL, NULL, NULL, NULL, 0, NULL, 0, NULL),
(522, 3, '1475', '1475', '1475', NULL, NULL, NULL, 'active', NULL, NULL, NULL, NULL, 0, NULL, 0, NULL),
(523, 3, '1476', '1476', '1476', NULL, NULL, NULL, 'active', NULL, NULL, NULL, NULL, 0, NULL, 0, NULL),
(524, 3, '1477', '1477', '1477', NULL, NULL, NULL, 'active', NULL, NULL, NULL, NULL, 0, NULL, 0, NULL),
(525, 3, '1478', '1478', '1478', NULL, NULL, NULL, 'active', NULL, NULL, NULL, NULL, 0, NULL, 0, NULL),
(526, 3, '1479', '1479', '1479', NULL, NULL, NULL, 'active', NULL, NULL, NULL, NULL, 0, NULL, 0, NULL),
(527, 3, '1480', '1480', '1480', NULL, NULL, NULL, 'active', NULL, NULL, NULL, NULL, 0, NULL, 0, NULL),
(528, 3, '1481', '1481', '1481', NULL, NULL, NULL, 'active', NULL, NULL, NULL, NULL, 0, NULL, 0, NULL),
(529, 3, '1482', '1482', '1482', NULL, NULL, NULL, 'active', NULL, NULL, NULL, NULL, 0, NULL, 0, NULL),
(530, 3, '1483', '1483', '1483', NULL, NULL, NULL, 'active', NULL, NULL, NULL, NULL, 0, NULL, 0, NULL),
(531, 3, '1484', '1484', '1484', NULL, NULL, NULL, 'active', NULL, NULL, NULL, NULL, 0, NULL, 0, NULL),
(532, 3, '1485', '1485', '1485', NULL, NULL, NULL, 'active', NULL, NULL, NULL, NULL, 0, NULL, 0, NULL),
(533, 3, '1486', '1486', '1486', NULL, NULL, NULL, 'active', NULL, NULL, NULL, NULL, 0, NULL, 0, NULL),
(534, 3, '1487', '1487', '1487', NULL, NULL, NULL, 'active', NULL, NULL, NULL, NULL, 0, NULL, 0, NULL),
(535, 3, '1488', '1488', '1488', NULL, NULL, NULL, 'active', NULL, NULL, NULL, NULL, 0, NULL, 0, NULL),
(536, 3, '1489', '1489', '1489', NULL, NULL, NULL, 'active', NULL, NULL, NULL, NULL, 0, NULL, 0, NULL),
(537, 3, '1490', '1490', '1490', NULL, NULL, NULL, 'active', NULL, NULL, NULL, NULL, 0, NULL, 0, NULL),
(538, 3, '1491', '1491', '1491', NULL, NULL, NULL, 'active', NULL, NULL, NULL, NULL, 0, NULL, 0, NULL),
(539, 3, '1492', '1492', '1492', NULL, NULL, NULL, 'active', NULL, NULL, NULL, NULL, 0, NULL, 0, NULL),
(540, 3, '1493', '1493', '1493', NULL, NULL, NULL, 'active', NULL, NULL, NULL, NULL, 0, NULL, 0, NULL),
(541, 3, '1494', '1494', '1494', NULL, NULL, NULL, 'active', NULL, NULL, NULL, NULL, 0, NULL, 0, NULL),
(542, 3, '1495', '1495', '1495', NULL, NULL, NULL, 'active', NULL, NULL, NULL, NULL, 0, NULL, 0, NULL),
(543, 3, '1496', '1496', '1496', NULL, NULL, NULL, 'active', NULL, NULL, NULL, NULL, 0, NULL, 0, NULL),
(544, 3, '1497', '1497', '1497', NULL, NULL, NULL, 'active', NULL, NULL, NULL, NULL, 0, NULL, 0, NULL),
(545, 3, '1498', '1498', '1498', NULL, NULL, NULL, 'active', NULL, NULL, NULL, NULL, 0, NULL, 0, NULL),
(546, 3, '1499', '1499', '1499', NULL, NULL, NULL, 'active', NULL, NULL, NULL, NULL, 0, NULL, 0, NULL),
(547, 3, '1500', '1500', '1500', NULL, NULL, NULL, 'active', NULL, NULL, NULL, NULL, 0, NULL, 0, NULL),
(548, 3, '1501', '1501', '1501', NULL, NULL, NULL, 'active', NULL, NULL, NULL, NULL, 0, NULL, 0, NULL),
(549, 3, '1502', '1502', '1502', NULL, NULL, NULL, 'active', NULL, NULL, NULL, NULL, 0, NULL, 0, NULL),
(550, 3, '1503', '1503', '1503', NULL, NULL, NULL, 'active', NULL, NULL, NULL, NULL, 0, NULL, 0, NULL),
(551, 3, '1504', '1504', '1504', NULL, NULL, NULL, 'active', NULL, NULL, NULL, NULL, 0, NULL, 0, NULL),
(552, 3, '1505', '1505', '1505', NULL, NULL, NULL, 'active', NULL, NULL, NULL, NULL, 0, NULL, 0, NULL),
(553, 3, '1506', '1506', '1506', NULL, NULL, NULL, 'active', NULL, NULL, NULL, NULL, 0, NULL, 0, NULL),
(554, 3, '1507', '1507', '1507', NULL, NULL, NULL, 'active', NULL, NULL, NULL, NULL, 0, NULL, 0, NULL),
(555, 3, '1508', '1508', '1508', NULL, NULL, NULL, 'active', NULL, NULL, NULL, NULL, 0, NULL, 0, NULL),
(556, 3, '1509', '1509', '1509', NULL, NULL, NULL, 'active', NULL, NULL, NULL, NULL, 0, NULL, 0, NULL),
(557, 3, '1510', '1510', '1510', NULL, NULL, NULL, 'active', NULL, NULL, NULL, NULL, 0, NULL, 0, NULL),
(558, 3, '1511', '1511', '1511', NULL, NULL, NULL, 'active', NULL, NULL, NULL, NULL, 0, NULL, 0, NULL),
(559, 3, '1512', '1512', '1512', NULL, NULL, NULL, 'active', NULL, NULL, NULL, NULL, 0, NULL, 0, NULL),
(560, 3, '1513', '1513', '1513', NULL, NULL, NULL, 'active', NULL, NULL, NULL, NULL, 0, NULL, 0, NULL),
(561, 3, '1514', '1514', '1514', NULL, NULL, NULL, 'active', NULL, NULL, NULL, NULL, 0, NULL, 0, NULL),
(562, 3, '1515', '1515', '1515', NULL, NULL, NULL, 'active', NULL, NULL, NULL, NULL, 0, NULL, 0, NULL),
(563, 3, '1516', '1516', '1516', NULL, NULL, NULL, 'active', NULL, NULL, NULL, NULL, 0, NULL, 0, NULL),
(564, 3, '1517', '1517', '1517', NULL, NULL, NULL, 'active', NULL, NULL, NULL, NULL, 0, NULL, 0, NULL),
(565, 3, '1518', '1518', '1518', NULL, NULL, NULL, 'active', NULL, NULL, NULL, NULL, 0, NULL, 0, NULL),
(566, 3, '1519', '1519', '1519', NULL, NULL, NULL, 'active', NULL, NULL, NULL, NULL, 0, NULL, 0, NULL),
(567, 3, '1520', '1520', '1520', NULL, NULL, NULL, 'active', NULL, NULL, NULL, NULL, 0, NULL, 0, NULL),
(568, 3, '1521', '1521', '1521', NULL, NULL, NULL, 'active', NULL, NULL, NULL, NULL, 0, NULL, 0, NULL),
(569, 3, '1522', '1522', '1522', NULL, NULL, NULL, 'active', NULL, NULL, NULL, NULL, 0, NULL, 0, NULL),
(570, 3, '1523', '1523', '1523', NULL, NULL, NULL, 'active', NULL, NULL, NULL, NULL, 0, NULL, 0, NULL),
(571, 3, '1524', '1524', '1524', NULL, NULL, NULL, 'active', NULL, NULL, NULL, NULL, 0, NULL, 0, NULL),
(572, 3, '1525', '1525', '1525', NULL, NULL, NULL, 'active', NULL, NULL, NULL, NULL, 0, NULL, 0, NULL),
(573, 3, '1526', '1526', '1526', NULL, NULL, NULL, 'active', NULL, NULL, NULL, NULL, 0, NULL, 0, NULL),
(574, 3, '1527', '1527', '1527', NULL, NULL, NULL, 'active', NULL, NULL, NULL, NULL, 0, NULL, 0, NULL),
(575, 3, '1528', '1528', '1528', NULL, NULL, NULL, 'active', NULL, NULL, NULL, NULL, 0, NULL, 0, NULL),
(576, 3, '1529', '1529', '1529', NULL, NULL, NULL, 'active', NULL, NULL, NULL, NULL, 0, NULL, 0, NULL),
(577, 3, '1530', '1530', '1530', NULL, NULL, NULL, 'active', NULL, NULL, NULL, NULL, 0, NULL, 0, NULL),
(578, 3, '1531', '1531', '1531', NULL, NULL, NULL, 'active', NULL, NULL, NULL, NULL, 0, NULL, 0, NULL),
(579, 3, '1532', '1532', '1532', NULL, NULL, NULL, 'active', NULL, NULL, NULL, NULL, 0, NULL, 0, NULL),
(580, 3, '1533', '1533', '1533', NULL, NULL, NULL, 'active', NULL, NULL, NULL, NULL, 0, NULL, 0, NULL),
(581, 3, '1534', '1534', '1534', NULL, NULL, NULL, 'active', NULL, NULL, NULL, NULL, 0, NULL, 0, NULL),
(582, 3, '1535', '1535', '1535', NULL, NULL, NULL, 'active', NULL, NULL, NULL, NULL, 0, NULL, 0, NULL),
(583, 3, '1536', '1536', '1536', NULL, NULL, NULL, 'active', NULL, NULL, NULL, NULL, 0, NULL, 0, NULL),
(584, 3, '1537', '1537', '1537', NULL, NULL, NULL, 'active', NULL, NULL, NULL, NULL, 0, NULL, 0, NULL),
(585, 3, '1538', '1538', '1538', NULL, NULL, NULL, 'active', NULL, NULL, NULL, NULL, 0, NULL, 0, NULL),
(586, 3, '1539', '1539', '1539', NULL, NULL, NULL, 'active', NULL, NULL, NULL, NULL, 0, NULL, 0, NULL),
(587, 3, '1540', '1540', '1540', NULL, NULL, NULL, 'active', NULL, NULL, NULL, NULL, 0, NULL, 0, NULL),
(588, 3, '1541', '1541', '1541', NULL, NULL, NULL, 'active', NULL, NULL, NULL, NULL, 0, NULL, 0, NULL),
(589, 3, '1542', '1542', '1542', NULL, NULL, NULL, 'active', NULL, NULL, NULL, NULL, 0, NULL, 0, NULL),
(590, 3, '1543', '1543', '1543', NULL, NULL, NULL, 'active', NULL, NULL, NULL, NULL, 0, NULL, 0, NULL),
(591, 3, '1544', '1544', '1544', NULL, NULL, NULL, 'active', NULL, NULL, NULL, NULL, 0, NULL, 0, NULL),
(592, 3, '1545', '1545', '1545', NULL, NULL, NULL, 'active', NULL, NULL, NULL, NULL, 0, NULL, 0, NULL),
(593, 3, '1546', '1546', '1546', NULL, NULL, NULL, 'active', NULL, NULL, NULL, NULL, 0, NULL, 0, NULL),
(594, 3, '1547', '1547', '1547', NULL, NULL, NULL, 'active', NULL, NULL, NULL, NULL, 0, NULL, 0, NULL),
(595, 3, '1548', '1548', '1548', NULL, NULL, NULL, 'active', NULL, NULL, NULL, NULL, 0, NULL, 0, NULL),
(596, 3, '1549', '1549', '1549', NULL, NULL, NULL, 'active', NULL, NULL, NULL, NULL, 0, NULL, 0, NULL),
(597, 3, '1550', '1550', '1550', NULL, NULL, NULL, 'active', NULL, NULL, NULL, NULL, 0, NULL, 0, NULL),
(598, 3, '1551', '1551', '1551', NULL, NULL, NULL, 'active', NULL, NULL, NULL, NULL, 0, NULL, 0, NULL),
(599, 3, '1552', '1552', '1552', NULL, NULL, NULL, 'active', NULL, NULL, NULL, NULL, 0, NULL, 0, NULL),
(600, 3, '1553', '1553', '1553', NULL, NULL, NULL, 'active', NULL, NULL, NULL, NULL, 0, NULL, 0, NULL),
(601, 3, '1554', '1554', '1554', NULL, NULL, NULL, 'active', NULL, NULL, NULL, NULL, 0, NULL, 0, NULL),
(602, 3, '1555', '1555', '1555', NULL, NULL, NULL, 'active', NULL, NULL, NULL, NULL, 0, NULL, 0, NULL),
(603, 3, '1556', '1556', '1556', NULL, NULL, NULL, 'active', NULL, NULL, NULL, NULL, 0, NULL, 0, NULL),
(604, 3, '1557', '1557', '1557', NULL, NULL, NULL, 'active', NULL, NULL, NULL, NULL, 0, NULL, 0, NULL),
(605, 3, '1558', '1558', '1558', NULL, NULL, NULL, 'active', NULL, NULL, NULL, NULL, 0, NULL, 0, NULL),
(606, 3, '1559', '1559', '1559', NULL, NULL, NULL, 'active', NULL, NULL, NULL, NULL, 0, NULL, 0, NULL),
(607, 3, '1560', '1560', '1560', NULL, NULL, NULL, 'active', NULL, NULL, NULL, NULL, 0, NULL, 0, NULL),
(608, 3, '1561', '1561', '1561', NULL, NULL, NULL, 'active', NULL, NULL, NULL, NULL, 0, NULL, 0, NULL),
(609, 3, '1562', '1562', '1562', NULL, NULL, NULL, 'active', NULL, NULL, NULL, NULL, 0, NULL, 0, NULL),
(610, 3, '1563', '1563', '1563', NULL, NULL, NULL, 'active', NULL, NULL, NULL, NULL, 0, NULL, 0, NULL),
(611, 3, '1564', '1564', '1564', NULL, NULL, NULL, 'active', NULL, NULL, NULL, NULL, 0, NULL, 0, NULL),
(612, 3, '1565', '1565', '1565', NULL, NULL, NULL, 'active', NULL, NULL, NULL, NULL, 0, NULL, 0, NULL),
(613, 3, '1566', '1566', '1566', NULL, NULL, NULL, 'active', NULL, NULL, NULL, NULL, 0, NULL, 0, NULL),
(614, 3, '1567', '1567', '1567', NULL, NULL, NULL, 'active', NULL, NULL, NULL, NULL, 0, NULL, 0, NULL),
(615, 3, '1568', '1568', '1568', NULL, NULL, NULL, 'active', NULL, NULL, NULL, NULL, 0, NULL, 0, NULL),
(616, 3, '1569', '1569', '1569', NULL, NULL, NULL, 'active', NULL, NULL, NULL, NULL, 0, NULL, 0, NULL),
(617, 3, '1570', '1570', '1570', NULL, NULL, NULL, 'active', NULL, NULL, NULL, NULL, 0, NULL, 0, NULL),
(618, 3, '1571', '1571', '1571', NULL, NULL, NULL, 'active', NULL, NULL, NULL, NULL, 0, NULL, 0, NULL),
(619, 3, '1572', '1572', '1572', NULL, NULL, NULL, 'active', NULL, NULL, NULL, NULL, 0, NULL, 0, NULL),
(620, 3, '1573', '1573', '1573', NULL, NULL, NULL, 'active', NULL, NULL, NULL, NULL, 0, NULL, 0, NULL),
(621, 3, '1574', '1574', '1574', NULL, NULL, NULL, 'active', NULL, NULL, NULL, NULL, 0, NULL, 0, NULL),
(622, 3, '1575', '1575', '1575', NULL, NULL, NULL, 'active', NULL, NULL, NULL, NULL, 0, NULL, 0, NULL),
(623, 3, '1576', '1576', '1576', NULL, NULL, NULL, 'active', NULL, NULL, NULL, NULL, 0, NULL, 0, NULL),
(624, 3, '1577', '1577', '1577', NULL, NULL, NULL, 'active', NULL, NULL, NULL, NULL, 0, NULL, 0, NULL),
(625, 3, '1578', '1578', '1578', NULL, NULL, NULL, 'active', NULL, NULL, NULL, NULL, 0, NULL, 0, NULL),
(626, 3, '1579', '1579', '1579', NULL, NULL, NULL, 'active', NULL, NULL, NULL, NULL, 0, NULL, 0, NULL),
(627, 3, '1580', '1580', '1580', NULL, NULL, NULL, 'active', NULL, NULL, NULL, NULL, 0, NULL, 0, NULL),
(628, 3, '1581', '1581', '1581', NULL, NULL, NULL, 'active', NULL, NULL, NULL, NULL, 0, NULL, 0, NULL),
(629, 3, '1582', '1582', '1582', NULL, NULL, NULL, 'active', NULL, NULL, NULL, NULL, 0, NULL, 0, NULL),
(630, 3, '1583', '1583', '1583', NULL, NULL, NULL, 'active', NULL, NULL, NULL, NULL, 0, NULL, 0, NULL),
(631, 3, '1584', '1584', '1584', NULL, NULL, NULL, 'active', NULL, NULL, NULL, NULL, 0, NULL, 0, NULL),
(632, 3, '1585', '1585', '1585', NULL, NULL, NULL, 'active', NULL, NULL, NULL, NULL, 0, NULL, 0, NULL),
(633, 3, '1586', '1586', '1586', NULL, NULL, NULL, 'active', NULL, NULL, NULL, NULL, 0, NULL, 0, NULL),
(634, 3, '1587', '1587', '1587', NULL, NULL, NULL, 'active', NULL, NULL, NULL, NULL, 0, NULL, 0, NULL),
(635, 3, '1588', '1588', '1588', NULL, NULL, NULL, 'active', NULL, NULL, NULL, NULL, 0, NULL, 0, NULL),
(636, 3, '1589', '1589', '1589', NULL, NULL, NULL, 'active', NULL, NULL, NULL, NULL, 0, NULL, 0, NULL),
(637, 3, '1590', '1590', '1590', NULL, NULL, NULL, 'active', NULL, NULL, NULL, NULL, 0, NULL, 0, NULL),
(638, 3, '1591', '1591', '1591', NULL, NULL, NULL, 'active', NULL, NULL, NULL, NULL, 0, NULL, 0, NULL),
(639, 3, '1592', '1592', '1592', NULL, NULL, NULL, 'active', NULL, NULL, NULL, NULL, 0, NULL, 0, NULL),
(640, 3, '1593', '1593', '1593', NULL, NULL, NULL, 'active', NULL, NULL, NULL, NULL, 0, NULL, 0, NULL),
(641, 3, '1594', '1594', '1594', NULL, NULL, NULL, 'active', NULL, NULL, NULL, NULL, 0, NULL, 0, NULL),
(642, 3, '1595', '1595', '1595', NULL, NULL, NULL, 'active', NULL, NULL, NULL, NULL, 0, NULL, 0, NULL),
(643, 3, '1596', '1596', '1596', NULL, NULL, NULL, 'active', NULL, NULL, NULL, NULL, 0, NULL, 0, NULL),
(644, 3, '1597', '1597', '1597', NULL, NULL, NULL, 'active', NULL, NULL, NULL, NULL, 0, NULL, 0, NULL),
(645, 3, '1598', '1598', '1598', NULL, NULL, NULL, 'active', NULL, NULL, NULL, NULL, 0, NULL, 0, NULL),
(646, 3, '1599', '1599', '1599', NULL, NULL, NULL, 'active', NULL, NULL, NULL, NULL, 0, NULL, 0, NULL),
(647, 3, '1600', '1600', '1600', NULL, NULL, NULL, 'active', NULL, NULL, NULL, NULL, 0, NULL, 0, NULL),
(648, 3, '1601', '1601', '1601', NULL, NULL, NULL, 'active', NULL, NULL, NULL, NULL, 0, NULL, 0, NULL),
(649, 3, '1602', '1602', '1602', NULL, NULL, NULL, 'active', NULL, NULL, NULL, NULL, 0, NULL, 0, NULL),
(650, 3, '1603', '1603', '1603', NULL, NULL, NULL, 'active', NULL, NULL, NULL, NULL, 0, NULL, 0, NULL),
(651, 3, '1604', '1604', '1604', NULL, NULL, NULL, 'active', NULL, NULL, NULL, NULL, 0, NULL, 0, NULL),
(652, 3, '1605', '1605', '1605', NULL, NULL, NULL, 'active', NULL, NULL, NULL, NULL, 0, NULL, 0, NULL),
(653, 3, '1606', '1606', '1606', NULL, NULL, NULL, 'active', NULL, NULL, NULL, NULL, 0, NULL, 0, NULL),
(654, 3, '1607', '1607', '1607', NULL, NULL, NULL, 'active', NULL, NULL, NULL, NULL, 0, NULL, 0, NULL),
(655, 3, '1608', '1608', '1608', NULL, NULL, NULL, 'active', NULL, NULL, NULL, NULL, 0, NULL, 0, NULL),
(656, 3, '1609', '1609', '1609', NULL, NULL, NULL, 'active', NULL, NULL, NULL, NULL, 0, NULL, 0, NULL),
(657, 3, '1610', '1610', '1610', NULL, NULL, NULL, 'active', NULL, NULL, NULL, NULL, 0, NULL, 0, NULL),
(658, 3, '1611', '1611', '1611', NULL, NULL, NULL, 'active', NULL, NULL, NULL, NULL, 0, NULL, 0, NULL),
(659, 3, '1612', '1612', '1612', NULL, NULL, NULL, 'active', NULL, NULL, NULL, NULL, 0, NULL, 0, NULL),
(660, 3, '1613', '1613', '1613', NULL, NULL, NULL, 'active', NULL, NULL, NULL, NULL, 0, NULL, 0, NULL),
(661, 3, '1614', '1614', '1614', NULL, NULL, NULL, 'active', NULL, NULL, NULL, NULL, 0, NULL, 0, NULL),
(662, 3, '1615', '1615', '1615', NULL, NULL, NULL, 'active', NULL, NULL, NULL, NULL, 0, NULL, 0, NULL),
(663, 3, '1616', '1616', '1616', NULL, NULL, NULL, 'active', NULL, NULL, NULL, NULL, 0, NULL, 0, NULL),
(664, 3, '1617', '1617', '1617', NULL, NULL, NULL, 'active', NULL, NULL, NULL, NULL, 0, NULL, 0, NULL),
(665, 3, '1618', '1618', '1618', NULL, NULL, NULL, 'active', NULL, NULL, NULL, NULL, 0, NULL, 0, NULL),
(666, 3, '1619', '1619', '1619', NULL, NULL, NULL, 'active', NULL, NULL, NULL, NULL, 0, NULL, 0, NULL),
(667, 3, '1620', '1620', '1620', NULL, NULL, NULL, 'active', NULL, NULL, NULL, NULL, 0, NULL, 0, NULL),
(668, 3, '1621', '1621', '1621', NULL, NULL, NULL, 'active', NULL, NULL, NULL, NULL, 0, NULL, 0, NULL),
(669, 3, '1622', '1622', '1622', NULL, NULL, NULL, 'active', NULL, NULL, NULL, NULL, 0, NULL, 0, NULL),
(670, 3, '1623', '1623', '1623', NULL, NULL, NULL, 'active', NULL, NULL, NULL, NULL, 0, NULL, 0, NULL),
(671, 3, '1624', '1624', '1624', NULL, NULL, NULL, 'active', NULL, NULL, NULL, NULL, 0, NULL, 0, NULL),
(672, 3, '1625', '1625', '1625', NULL, NULL, NULL, 'active', NULL, NULL, NULL, NULL, 0, NULL, 0, NULL),
(673, 3, '1626', '1626', '1626', NULL, NULL, NULL, 'active', NULL, NULL, NULL, NULL, 0, NULL, 0, NULL),
(674, 3, '1627', '1627', '1627', NULL, NULL, NULL, 'active', NULL, NULL, NULL, NULL, 0, NULL, 0, NULL),
(675, 3, '1628', '1628', '1628', NULL, NULL, NULL, 'active', NULL, NULL, NULL, NULL, 0, NULL, 0, NULL),
(676, 3, '1629', '1629', '1629', NULL, NULL, NULL, 'active', NULL, NULL, NULL, NULL, 0, NULL, 0, NULL),
(677, 3, '1630', '1630', '1630', NULL, NULL, NULL, 'active', NULL, NULL, NULL, NULL, 0, NULL, 0, NULL),
(678, 3, '1631', '1631', '1631', NULL, NULL, NULL, 'active', NULL, NULL, NULL, NULL, 0, NULL, 0, NULL),
(679, 3, '1632', '1632', '1632', NULL, NULL, NULL, 'active', NULL, NULL, NULL, NULL, 0, NULL, 0, NULL),
(680, 3, '1633', '1633', '1633', NULL, NULL, NULL, 'active', NULL, NULL, NULL, NULL, 0, NULL, 0, NULL),
(681, 3, '1634', '1634', '1634', NULL, NULL, NULL, 'active', NULL, NULL, NULL, NULL, 0, NULL, 0, NULL),
(682, 3, '1635', '1635', '1635', NULL, NULL, NULL, 'active', NULL, NULL, NULL, NULL, 0, NULL, 0, NULL),
(683, 3, '1636', '1636', '1636', NULL, NULL, NULL, 'active', NULL, NULL, NULL, NULL, 0, NULL, 0, NULL),
(684, 3, '1637', '1637', '1637', NULL, NULL, NULL, 'active', NULL, NULL, NULL, NULL, 0, NULL, 0, NULL),
(685, 3, '1638', '1638', '1638', NULL, NULL, NULL, 'active', NULL, NULL, NULL, NULL, 0, NULL, 0, NULL),
(686, 3, '1639', '1639', '1639', NULL, NULL, NULL, 'active', NULL, NULL, NULL, NULL, 0, NULL, 0, NULL),
(687, 3, '1640', '1640', '1640', NULL, NULL, NULL, 'active', NULL, NULL, NULL, NULL, 0, NULL, 0, NULL),
(688, 3, '1641', '1641', '1641', NULL, NULL, NULL, 'active', NULL, NULL, NULL, NULL, 0, NULL, 0, NULL),
(689, 3, '1642', '1642', '1642', NULL, NULL, NULL, 'active', NULL, NULL, NULL, NULL, 0, NULL, 0, NULL),
(690, 3, '1643', '1643', '1643', NULL, NULL, NULL, 'active', NULL, NULL, NULL, NULL, 0, NULL, 0, NULL),
(691, 3, '1644', '1644', '1644', NULL, NULL, NULL, 'active', NULL, NULL, NULL, NULL, 0, NULL, 0, NULL),
(692, 3, '1645', '1645', '1645', NULL, NULL, NULL, 'active', NULL, NULL, NULL, NULL, 0, NULL, 0, NULL),
(693, 3, '1646', '1646', '1646', NULL, NULL, NULL, 'active', NULL, NULL, NULL, NULL, 0, NULL, 0, NULL),
(694, 3, '1647', '1647', '1647', NULL, NULL, NULL, 'active', NULL, NULL, NULL, NULL, 0, NULL, 0, NULL),
(695, 3, '1648', '1648', '1648', NULL, NULL, NULL, 'active', NULL, NULL, NULL, NULL, 0, NULL, 0, NULL),
(696, 3, '1649', '1649', '1649', NULL, NULL, NULL, 'active', NULL, NULL, NULL, NULL, 0, NULL, 0, NULL),
(697, 3, '1650', '1650', '1650', NULL, NULL, NULL, 'active', NULL, NULL, NULL, NULL, 0, NULL, 0, NULL),
(698, 3, '1651', '1651', '1651', NULL, NULL, NULL, 'active', NULL, NULL, NULL, NULL, 0, NULL, 0, NULL),
(699, 3, '1652', '1652', '1652', NULL, NULL, NULL, 'active', NULL, NULL, NULL, NULL, 0, NULL, 0, NULL),
(700, 3, '1653', '1653', '1653', NULL, NULL, NULL, 'active', NULL, NULL, NULL, NULL, 0, NULL, 0, NULL),
(701, 3, '1654', '1654', '1654', NULL, NULL, NULL, 'active', NULL, NULL, NULL, NULL, 0, NULL, 0, NULL),
(702, 3, '1655', '1655', '1655', NULL, NULL, NULL, 'active', NULL, NULL, NULL, NULL, 0, NULL, 0, NULL),
(703, 3, '1656', '1656', '1656', NULL, NULL, NULL, 'active', NULL, NULL, NULL, NULL, 0, NULL, 0, NULL),
(704, 3, '1657', '1657', '1657', NULL, NULL, NULL, 'active', NULL, NULL, NULL, NULL, 0, NULL, 0, NULL),
(705, 3, '1658', '1658', '1658', NULL, NULL, NULL, 'active', NULL, NULL, NULL, NULL, 0, NULL, 0, NULL),
(706, 3, '1659', '1659', '1659', NULL, NULL, NULL, 'active', NULL, NULL, NULL, NULL, 0, NULL, 0, NULL),
(707, 3, '1660', '1660', '1660', NULL, NULL, NULL, 'active', NULL, NULL, NULL, NULL, 0, NULL, 0, NULL),
(708, 3, '1661', '1661', '1661', NULL, NULL, NULL, 'active', NULL, NULL, NULL, NULL, 0, NULL, 0, NULL),
(709, 3, '1662', '1662', '1662', NULL, NULL, NULL, 'active', NULL, NULL, NULL, NULL, 0, NULL, 0, NULL),
(710, 3, '1663', '1663', '1663', NULL, NULL, NULL, 'active', NULL, NULL, NULL, NULL, 0, NULL, 0, NULL),
(711, 3, '1664', '1664', '1664', NULL, NULL, NULL, 'active', NULL, NULL, NULL, NULL, 0, NULL, 0, NULL),
(712, 3, '1665', '1665', '1665', NULL, NULL, NULL, 'active', NULL, NULL, NULL, NULL, 0, NULL, 0, NULL),
(713, 3, '1666', '1666', '1666', NULL, NULL, NULL, 'active', NULL, NULL, NULL, NULL, 0, NULL, 0, NULL),
(714, 3, '1667', '1667', '1667', NULL, NULL, NULL, 'active', NULL, NULL, NULL, NULL, 0, NULL, 0, NULL),
(715, 3, '1668', '1668', '1668', NULL, NULL, NULL, 'active', NULL, NULL, NULL, NULL, 0, NULL, 0, NULL),
(716, 3, '1669', '1669', '1669', NULL, NULL, NULL, 'active', NULL, NULL, NULL, NULL, 0, NULL, 0, NULL),
(717, 3, '1670', '1670', '1670', NULL, NULL, NULL, 'active', NULL, NULL, NULL, NULL, 0, NULL, 0, NULL),
(718, 3, '1671', '1671', '1671', NULL, NULL, NULL, 'active', NULL, NULL, NULL, NULL, 0, NULL, 0, NULL),
(719, 3, '1672', '1672', '1672', NULL, NULL, NULL, 'active', NULL, NULL, NULL, NULL, 0, NULL, 0, NULL),
(720, 3, '1673', '1673', '1673', NULL, NULL, NULL, 'active', NULL, NULL, NULL, NULL, 0, NULL, 0, NULL),
(721, 3, '1674', '1674', '1674', NULL, NULL, NULL, 'active', NULL, NULL, NULL, NULL, 0, NULL, 0, NULL),
(722, 3, '1675', '1675', '1675', NULL, NULL, NULL, 'active', NULL, NULL, NULL, NULL, 0, NULL, 0, NULL),
(723, 3, '1676', '1676', '1676', NULL, NULL, NULL, 'active', NULL, NULL, NULL, NULL, 0, NULL, 0, NULL),
(724, 3, '1677', '1677', '1677', NULL, NULL, NULL, 'active', NULL, NULL, NULL, NULL, 0, NULL, 0, NULL),
(725, 3, '1678', '1678', '1678', NULL, NULL, NULL, 'active', NULL, NULL, NULL, NULL, 0, NULL, 0, NULL),
(726, 3, '1679', '1679', '1679', NULL, NULL, NULL, 'active', NULL, NULL, NULL, NULL, 0, NULL, 0, NULL),
(727, 3, '1680', '1680', '1680', NULL, NULL, NULL, 'active', NULL, NULL, NULL, NULL, 0, NULL, 0, NULL),
(728, 3, '1681', '1681', '1681', NULL, NULL, NULL, 'active', NULL, NULL, NULL, NULL, 0, NULL, 0, NULL),
(729, 3, '1682', '1682', '1682', NULL, NULL, NULL, 'active', NULL, NULL, NULL, NULL, 0, NULL, 0, NULL),
(730, 3, '1683', '1683', '1683', NULL, NULL, NULL, 'active', NULL, NULL, NULL, NULL, 0, NULL, 0, NULL),
(731, 3, '1684', '1684', '1684', NULL, NULL, NULL, 'active', NULL, NULL, NULL, NULL, 0, NULL, 0, NULL),
(732, 3, '1685', '1685', '1685', NULL, NULL, NULL, 'active', NULL, NULL, NULL, NULL, 0, NULL, 0, NULL),
(733, 3, '1686', '1686', '1686', NULL, NULL, NULL, 'active', NULL, NULL, NULL, NULL, 0, NULL, 0, NULL),
(734, 3, '1687', '1687', '1687', NULL, NULL, NULL, 'active', NULL, NULL, NULL, NULL, 0, NULL, 0, NULL),
(735, 3, '1688', '1688', '1688', NULL, NULL, NULL, 'active', NULL, NULL, NULL, NULL, 0, NULL, 0, NULL),
(736, 3, '1689', '1689', '1689', NULL, NULL, NULL, 'active', NULL, NULL, NULL, NULL, 0, NULL, 0, NULL),
(737, 3, '1690', '1690', '1690', NULL, NULL, NULL, 'active', NULL, NULL, NULL, NULL, 0, NULL, 0, NULL),
(738, 3, '1691', '1691', '1691', NULL, NULL, NULL, 'active', NULL, NULL, NULL, NULL, 0, NULL, 0, NULL),
(739, 3, '1692', '1692', '1692', NULL, NULL, NULL, 'active', NULL, NULL, NULL, NULL, 0, NULL, 0, NULL),
(740, 3, '1693', '1693', '1693', NULL, NULL, NULL, 'active', NULL, NULL, NULL, NULL, 0, NULL, 0, NULL),
(741, 3, '1694', '1694', '1694', NULL, NULL, NULL, 'active', NULL, NULL, NULL, NULL, 0, NULL, 0, NULL),
(742, 3, '1695', '1695', '1695', NULL, NULL, NULL, 'active', NULL, NULL, NULL, NULL, 0, NULL, 0, NULL),
(743, 3, '1696', '1696', '1696', NULL, NULL, NULL, 'active', NULL, NULL, NULL, NULL, 0, NULL, 0, NULL),
(744, 3, '1697', '1697', '1697', NULL, NULL, NULL, 'active', NULL, NULL, NULL, NULL, 0, NULL, 0, NULL),
(745, 3, '1698', '1698', '1698', NULL, NULL, NULL, 'active', NULL, NULL, NULL, NULL, 0, NULL, 0, NULL),
(746, 3, '1699', '1699', '1699', NULL, NULL, NULL, 'active', NULL, NULL, NULL, NULL, 0, NULL, 0, NULL),
(747, 3, '1700', '1700', '1700', NULL, NULL, NULL, 'active', NULL, NULL, NULL, NULL, 0, NULL, 0, NULL),
(748, 3, '1701', '1701', '1701', NULL, NULL, NULL, 'active', NULL, NULL, NULL, NULL, 0, NULL, 0, NULL),
(749, 3, '1702', '1702', '1702', NULL, NULL, NULL, 'active', NULL, NULL, NULL, NULL, 0, NULL, 0, NULL),
(750, 3, '1703', '1703', '1703', NULL, NULL, NULL, 'active', NULL, NULL, NULL, NULL, 0, NULL, 0, NULL),
(751, 3, '1704', '1704', '1704', NULL, NULL, NULL, 'active', NULL, NULL, NULL, NULL, 0, NULL, 0, NULL),
(752, 3, '1705', '1705', '1705', NULL, NULL, NULL, 'active', NULL, NULL, NULL, NULL, 0, NULL, 0, NULL),
(753, 3, '1706', '1706', '1706', NULL, NULL, NULL, 'active', NULL, NULL, NULL, NULL, 0, NULL, 0, NULL),
(754, 3, '1707', '1707', '1707', NULL, NULL, NULL, 'active', NULL, NULL, NULL, NULL, 0, NULL, 0, NULL),
(755, 3, '1708', '1708', '1708', NULL, NULL, NULL, 'active', NULL, NULL, NULL, NULL, 0, NULL, 0, NULL),
(756, 3, '1709', '1709', '1709', NULL, NULL, NULL, 'active', NULL, NULL, NULL, NULL, 0, NULL, 0, NULL),
(757, 3, '1710', '1710', '1710', NULL, NULL, NULL, 'active', NULL, NULL, NULL, NULL, 0, NULL, 0, NULL),
(758, 3, '1711', '1711', '1711', NULL, NULL, NULL, 'active', NULL, NULL, NULL, NULL, 0, NULL, 0, NULL),
(759, 3, '1712', '1712', '1712', NULL, NULL, NULL, 'active', NULL, NULL, NULL, NULL, 0, NULL, 0, NULL),
(760, 3, '1713', '1713', '1713', NULL, NULL, NULL, 'active', NULL, NULL, NULL, NULL, 0, NULL, 0, NULL),
(761, 3, '1714', '1714', '1714', NULL, NULL, NULL, 'active', NULL, NULL, NULL, NULL, 0, NULL, 0, NULL),
(762, 3, '1715', '1715', '1715', NULL, NULL, NULL, 'active', NULL, NULL, NULL, NULL, 0, NULL, 0, NULL),
(763, 3, '1716', '1716', '1716', NULL, NULL, NULL, 'active', NULL, NULL, NULL, NULL, 0, NULL, 0, NULL),
(764, 3, '1717', '1717', '1717', NULL, NULL, NULL, 'active', NULL, NULL, NULL, NULL, 0, NULL, 0, NULL),
(765, 3, '1718', '1718', '1718', NULL, NULL, NULL, 'active', NULL, NULL, NULL, NULL, 0, NULL, 0, NULL),
(766, 3, '1719', '1719', '1719', NULL, NULL, NULL, 'active', NULL, NULL, NULL, NULL, 0, NULL, 0, NULL),
(767, 3, '1720', '1720', '1720', NULL, NULL, NULL, 'active', NULL, NULL, NULL, NULL, 0, NULL, 0, NULL),
(768, 3, '1721', '1721', '1721', NULL, NULL, NULL, 'active', NULL, NULL, NULL, NULL, 0, NULL, 0, NULL),
(769, 3, '1722', '1722', '1722', NULL, NULL, NULL, 'active', NULL, NULL, NULL, NULL, 0, NULL, 0, NULL),
(770, 3, '1723', '1723', '1723', NULL, NULL, NULL, 'active', NULL, NULL, NULL, NULL, 0, NULL, 0, NULL),
(771, 3, '1724', '1724', '1724', NULL, NULL, NULL, 'active', NULL, NULL, NULL, NULL, 0, NULL, 0, NULL),
(772, 3, '1725', '1725', '1725', NULL, NULL, NULL, 'active', NULL, NULL, NULL, NULL, 0, NULL, 0, NULL),
(773, 3, '1726', '1726', '1726', NULL, NULL, NULL, 'active', NULL, NULL, NULL, NULL, 0, NULL, 0, NULL),
(774, 3, '1727', '1727', '1727', NULL, NULL, NULL, 'active', NULL, NULL, NULL, NULL, 0, NULL, 0, NULL),
(775, 3, '1728', '1728', '1728', NULL, NULL, NULL, 'active', NULL, NULL, NULL, NULL, 0, NULL, 0, NULL),
(776, 3, '1729', '1729', '1729', NULL, NULL, NULL, 'active', NULL, NULL, NULL, NULL, 0, NULL, 0, NULL),
(777, 3, '1730', '1730', '1730', NULL, NULL, NULL, 'active', NULL, NULL, NULL, NULL, 0, NULL, 0, NULL),
(778, 3, '1731', '1731', '1731', NULL, NULL, NULL, 'active', NULL, NULL, NULL, NULL, 0, NULL, 0, NULL),
(779, 3, '1732', '1732', '1732', NULL, NULL, NULL, 'active', NULL, NULL, NULL, NULL, 0, NULL, 0, NULL),
(780, 3, '1733', '1733', '1733', NULL, NULL, NULL, 'active', NULL, NULL, NULL, NULL, 0, NULL, 0, NULL),
(781, 3, '1734', '1734', '1734', NULL, NULL, NULL, 'active', NULL, NULL, NULL, NULL, 0, NULL, 0, NULL),
(782, 3, '1735', '1735', '1735', NULL, NULL, NULL, 'active', NULL, NULL, NULL, NULL, 0, NULL, 0, NULL),
(783, 3, '1736', '1736', '1736', NULL, NULL, NULL, 'active', NULL, NULL, NULL, NULL, 0, NULL, 0, NULL),
(784, 3, '1737', '1737', '1737', NULL, NULL, NULL, 'active', NULL, NULL, NULL, NULL, 0, NULL, 0, NULL),
(785, 3, '1738', '1738', '1738', NULL, NULL, NULL, 'active', NULL, NULL, NULL, NULL, 0, NULL, 0, NULL),
(786, 3, '1739', '1739', '1739', NULL, NULL, NULL, 'active', NULL, NULL, NULL, NULL, 0, NULL, 0, NULL),
(787, 3, '1740', '1740', '1740', NULL, NULL, NULL, 'active', NULL, NULL, NULL, NULL, 0, NULL, 0, NULL),
(788, 3, '1741', '1741', '1741', NULL, NULL, NULL, 'active', NULL, NULL, NULL, NULL, 0, NULL, 0, NULL),
(789, 3, '1742', '1742', '1742', NULL, NULL, NULL, 'active', NULL, NULL, NULL, NULL, 0, NULL, 0, NULL),
(790, 3, '1743', '1743', '1743', NULL, NULL, NULL, 'active', NULL, NULL, NULL, NULL, 0, NULL, 0, NULL),
(791, 3, '1744', '1744', '1744', NULL, NULL, NULL, 'active', NULL, NULL, NULL, NULL, 0, NULL, 0, NULL),
(792, 3, '1745', '1745', '1745', NULL, NULL, NULL, 'active', NULL, NULL, NULL, NULL, 0, NULL, 0, NULL),
(793, 3, '1746', '1746', '1746', NULL, NULL, NULL, 'active', NULL, NULL, NULL, NULL, 0, NULL, 0, NULL),
(794, 3, '1747', '1747', '1747', NULL, NULL, NULL, 'active', NULL, NULL, NULL, NULL, 0, NULL, 0, NULL),
(795, 3, '1748', '1748', '1748', NULL, NULL, NULL, 'active', NULL, NULL, NULL, NULL, 0, NULL, 0, NULL),
(796, 3, '1749', '1749', '1749', NULL, NULL, NULL, 'active', NULL, NULL, NULL, NULL, 0, NULL, 0, NULL),
(797, 3, '1750', '1750', '1750', NULL, NULL, NULL, 'active', NULL, NULL, NULL, NULL, 0, NULL, 0, NULL),
(798, 3, '1751', '1751', '1751', NULL, NULL, NULL, 'active', NULL, NULL, NULL, NULL, 0, NULL, 0, NULL),
(799, 3, '1752', '1752', '1752', NULL, NULL, NULL, 'active', NULL, NULL, NULL, NULL, 0, NULL, 0, NULL),
(800, 3, '1753', '1753', '1753', NULL, NULL, NULL, 'active', NULL, NULL, NULL, NULL, 0, NULL, 0, NULL),
(801, 3, '1754', '1754', '1754', NULL, NULL, NULL, 'active', NULL, NULL, NULL, NULL, 0, NULL, 0, NULL),
(802, 3, '1755', '1755', '1755', NULL, NULL, NULL, 'active', NULL, NULL, NULL, NULL, 0, NULL, 0, NULL),
(803, 3, '1756', '1756', '1756', NULL, NULL, NULL, 'active', NULL, NULL, NULL, NULL, 0, NULL, 0, NULL),
(804, 3, '1757', '1757', '1757', NULL, NULL, NULL, 'active', NULL, NULL, NULL, NULL, 0, NULL, 0, NULL),
(805, 3, '1758', '1758', '1758', NULL, NULL, NULL, 'active', NULL, NULL, NULL, NULL, 0, NULL, 0, NULL),
(806, 3, '1759', '1759', '1759', NULL, NULL, NULL, 'active', NULL, NULL, NULL, NULL, 0, NULL, 0, NULL),
(807, 3, '1760', '1760', '1760', NULL, NULL, NULL, 'active', NULL, NULL, NULL, NULL, 0, NULL, 0, NULL),
(808, 3, '1761', '1761', '1761', NULL, NULL, NULL, 'active', NULL, NULL, NULL, NULL, 0, NULL, 0, NULL),
(809, 3, '1762', '1762', '1762', NULL, NULL, NULL, 'active', NULL, NULL, NULL, NULL, 0, NULL, 0, NULL),
(810, 3, '1763', '1763', '1763', NULL, NULL, NULL, 'active', NULL, NULL, NULL, NULL, 0, NULL, 0, NULL),
(811, 3, '1764', '1764', '1764', NULL, NULL, NULL, 'active', NULL, NULL, NULL, NULL, 0, NULL, 0, NULL),
(812, 3, '1765', '1765', '1765', NULL, NULL, NULL, 'active', NULL, NULL, NULL, NULL, 0, NULL, 0, NULL),
(813, 3, '1766', '1766', '1766', NULL, NULL, NULL, 'active', NULL, NULL, NULL, NULL, 0, NULL, 0, NULL),
(814, 3, '1767', '1767', '1767', NULL, NULL, NULL, 'active', NULL, NULL, NULL, NULL, 0, NULL, 0, NULL),
(815, 3, '1768', '1768', '1768', NULL, NULL, NULL, 'active', NULL, NULL, NULL, NULL, 0, NULL, 0, NULL),
(816, 3, '1769', '1769', '1769', NULL, NULL, NULL, 'active', NULL, NULL, NULL, NULL, 0, NULL, 0, NULL),
(817, 3, '1770', '1770', '1770', NULL, NULL, NULL, 'active', NULL, NULL, NULL, NULL, 0, NULL, 0, NULL),
(818, 3, '1771', '1771', '1771', NULL, NULL, NULL, 'active', NULL, NULL, NULL, NULL, 0, NULL, 0, NULL),
(819, 3, '1772', '1772', '1772', NULL, NULL, NULL, 'active', NULL, NULL, NULL, NULL, 0, NULL, 0, NULL),
(820, 3, '1773', '1773', '1773', NULL, NULL, NULL, 'active', NULL, NULL, NULL, NULL, 0, NULL, 0, NULL),
(821, 3, '1774', '1774', '1774', NULL, NULL, NULL, 'active', NULL, NULL, NULL, NULL, 0, NULL, 0, NULL),
(822, 3, '1775', '1775', '1775', NULL, NULL, NULL, 'active', NULL, NULL, NULL, NULL, 0, NULL, 0, NULL),
(823, 3, '1776', '1776', '1776', NULL, NULL, NULL, 'active', NULL, NULL, NULL, NULL, 0, NULL, 0, NULL),
(824, 3, '1777', '1777', '1777', NULL, NULL, NULL, 'active', NULL, NULL, NULL, NULL, 0, NULL, 0, NULL),
(825, 3, '1778', '1778', '1778', NULL, NULL, NULL, 'active', NULL, NULL, NULL, NULL, 0, NULL, 0, NULL),
(826, 3, '1779', '1779', '1779', NULL, NULL, NULL, 'active', NULL, NULL, NULL, NULL, 0, NULL, 0, NULL),
(827, 3, '1780', '1780', '1780', NULL, NULL, NULL, 'active', NULL, NULL, NULL, NULL, 0, NULL, 0, NULL),
(828, 3, '1781', '1781', '1781', NULL, NULL, NULL, 'active', NULL, NULL, NULL, NULL, 0, NULL, 0, NULL),
(829, 3, '1782', '1782', '1782', NULL, NULL, NULL, 'active', NULL, NULL, NULL, NULL, 0, NULL, 0, NULL),
(830, 3, '1783', '1783', '1783', NULL, NULL, NULL, 'active', NULL, NULL, NULL, NULL, 0, NULL, 0, NULL),
(831, 3, '1784', '1784', '1784', NULL, NULL, NULL, 'active', NULL, NULL, NULL, NULL, 0, NULL, 0, NULL),
(832, 3, '1785', '1785', '1785', NULL, NULL, NULL, 'active', NULL, NULL, NULL, NULL, 0, NULL, 0, NULL),
(833, 3, '1786', '1786', '1786', NULL, NULL, NULL, 'active', NULL, NULL, NULL, NULL, 0, NULL, 0, NULL),
(834, 3, '1787', '1787', '1787', NULL, NULL, NULL, 'active', NULL, NULL, NULL, NULL, 0, NULL, 0, NULL),
(835, 3, '1788', '1788', '1788', NULL, NULL, NULL, 'active', NULL, NULL, NULL, NULL, 0, NULL, 0, NULL),
(836, 3, '1789', '1789', '1789', NULL, NULL, NULL, 'active', NULL, NULL, NULL, NULL, 0, NULL, 0, NULL),
(837, 3, '1790', '1790', '1790', NULL, NULL, NULL, 'active', NULL, NULL, NULL, NULL, 0, NULL, 0, NULL),
(838, 3, '1791', '1791', '1791', NULL, NULL, NULL, 'active', NULL, NULL, NULL, NULL, 0, NULL, 0, NULL),
(839, 3, '1792', '1792', '1792', NULL, NULL, NULL, 'active', NULL, NULL, NULL, NULL, 0, NULL, 0, NULL),
(840, 3, '1793', '1793', '1793', NULL, NULL, NULL, 'active', NULL, NULL, NULL, NULL, 0, NULL, 0, NULL),
(841, 3, '1794', '1794', '1794', NULL, NULL, NULL, 'active', NULL, NULL, NULL, NULL, 0, NULL, 0, NULL),
(842, 3, '1795', '1795', '1795', NULL, NULL, NULL, 'active', NULL, NULL, NULL, NULL, 0, NULL, 0, NULL),
(843, 3, '1796', '1796', '1796', NULL, NULL, NULL, 'active', NULL, NULL, NULL, NULL, 0, NULL, 0, NULL),
(844, 3, '1797', '1797', '1797', NULL, NULL, NULL, 'active', NULL, NULL, NULL, NULL, 0, NULL, 0, NULL),
(845, 3, '1798', '1798', '1798', NULL, NULL, NULL, 'active', NULL, NULL, NULL, NULL, 0, NULL, 0, NULL),
(846, 3, '1799', '1799', '1799', NULL, NULL, NULL, 'active', NULL, NULL, NULL, NULL, 0, NULL, 0, NULL),
(847, 3, '1800', '1800', '1800', NULL, NULL, NULL, 'active', NULL, NULL, NULL, NULL, 0, NULL, 0, NULL),
(848, 3, '1801', '1801', '1801', NULL, NULL, NULL, 'active', NULL, NULL, NULL, NULL, 0, NULL, 0, NULL),
(849, 3, '1802', '1802', '1802', NULL, NULL, NULL, 'active', NULL, NULL, NULL, NULL, 0, NULL, 0, NULL),
(850, 3, '1803', '1803', '1803', NULL, NULL, NULL, 'active', NULL, NULL, NULL, NULL, 0, NULL, 0, NULL),
(851, 3, '1804', '1804', '1804', NULL, NULL, NULL, 'active', NULL, NULL, NULL, NULL, 0, NULL, 0, NULL),
(852, 3, '1805', '1805', '1805', NULL, NULL, NULL, 'active', NULL, NULL, NULL, NULL, 0, NULL, 0, NULL),
(853, 3, '1806', '1806', '1806', NULL, NULL, NULL, 'active', NULL, NULL, NULL, NULL, 0, NULL, 0, NULL),
(854, 3, '1807', '1807', '1807', NULL, NULL, NULL, 'active', NULL, NULL, NULL, NULL, 0, NULL, 0, NULL),
(855, 3, '1808', '1808', '1808', NULL, NULL, NULL, 'active', NULL, NULL, NULL, NULL, 0, NULL, 0, NULL),
(856, 3, '1809', '1809', '1809', NULL, NULL, NULL, 'active', NULL, NULL, NULL, NULL, 0, NULL, 0, NULL),
(857, 3, '1810', '1810', '1810', NULL, NULL, NULL, 'active', NULL, NULL, NULL, NULL, 0, NULL, 0, NULL),
(858, 3, '1811', '1811', '1811', NULL, NULL, NULL, 'active', NULL, NULL, NULL, NULL, 0, NULL, 0, NULL),
(859, 3, '1812', '1812', '1812', NULL, NULL, NULL, 'active', NULL, NULL, NULL, NULL, 0, NULL, 0, NULL),
(860, 3, '1813', '1813', '1813', NULL, NULL, NULL, 'active', NULL, NULL, NULL, NULL, 0, NULL, 0, NULL),
(861, 3, '1814', '1814', '1814', NULL, NULL, NULL, 'active', NULL, NULL, NULL, NULL, 0, NULL, 0, NULL),
(862, 3, '1815', '1815', '1815', NULL, NULL, NULL, 'active', NULL, NULL, NULL, NULL, 0, NULL, 0, NULL),
(863, 3, '1816', '1816', '1816', NULL, NULL, NULL, 'active', NULL, NULL, NULL, NULL, 0, NULL, 0, NULL),
(864, 3, '1817', '1817', '1817', NULL, NULL, NULL, 'active', NULL, NULL, NULL, NULL, 0, NULL, 0, NULL),
(865, 3, '1818', '1818', '1818', NULL, NULL, NULL, 'active', NULL, NULL, NULL, NULL, 0, NULL, 0, NULL),
(866, 3, '1819', '1819', '1819', NULL, NULL, NULL, 'active', NULL, NULL, NULL, NULL, 0, NULL, 0, NULL),
(867, 3, '1820', '1820', '1820', NULL, NULL, NULL, 'active', NULL, NULL, NULL, NULL, 0, NULL, 0, NULL),
(868, 3, '1821', '1821', '1821', NULL, NULL, NULL, 'active', NULL, NULL, NULL, NULL, 0, NULL, 0, NULL),
(869, 3, '1822', '1822', '1822', NULL, NULL, NULL, 'active', NULL, NULL, NULL, NULL, 0, NULL, 0, NULL),
(870, 3, '1823', '1823', '1823', NULL, NULL, NULL, 'active', NULL, NULL, NULL, NULL, 0, NULL, 0, NULL),
(871, 3, '1824', '1824', '1824', NULL, NULL, NULL, 'active', NULL, NULL, NULL, NULL, 0, NULL, 0, NULL),
(872, 3, '1825', '1825', '1825', NULL, NULL, NULL, 'active', NULL, NULL, NULL, NULL, 0, NULL, 0, NULL),
(873, 3, '1826', '1826', '1826', NULL, NULL, NULL, 'active', NULL, NULL, NULL, NULL, 0, NULL, 0, NULL),
(874, 3, '1827', '1827', '1827', NULL, NULL, NULL, 'active', NULL, NULL, NULL, NULL, 0, NULL, 0, NULL),
(875, 3, '1828', '1828', '1828', NULL, NULL, NULL, 'active', NULL, NULL, NULL, NULL, 0, NULL, 0, NULL),
(876, 3, '1829', '1829', '1829', NULL, NULL, NULL, 'active', NULL, NULL, NULL, NULL, 0, NULL, 0, NULL),
(877, 3, '1830', '1830', '1830', NULL, NULL, NULL, 'active', NULL, NULL, NULL, NULL, 0, NULL, 0, NULL),
(878, 3, '1831', '1831', '1831', NULL, NULL, NULL, 'active', NULL, NULL, NULL, NULL, 0, NULL, 0, NULL),
(879, 3, '1832', '1832', '1832', NULL, NULL, NULL, 'active', NULL, NULL, NULL, NULL, 0, NULL, 0, NULL),
(880, 3, '1833', '1833', '1833', NULL, NULL, NULL, 'active', NULL, NULL, NULL, NULL, 0, NULL, 0, NULL),
(881, 3, '1834', '1834', '1834', NULL, NULL, NULL, 'active', NULL, NULL, NULL, NULL, 0, NULL, 0, NULL),
(882, 3, '1835', '1835', '1835', NULL, NULL, NULL, 'active', NULL, NULL, NULL, NULL, 0, NULL, 0, NULL),
(883, 3, '1836', '1836', '1836', NULL, NULL, NULL, 'active', NULL, NULL, NULL, NULL, 0, NULL, 0, NULL),
(884, 3, '1837', '1837', '1837', NULL, NULL, NULL, 'active', NULL, NULL, NULL, NULL, 0, NULL, 0, NULL),
(885, 3, '1838', '1838', '1838', NULL, NULL, NULL, 'active', NULL, NULL, NULL, NULL, 0, NULL, 0, NULL),
(886, 3, '1839', '1839', '1839', NULL, NULL, NULL, 'active', NULL, NULL, NULL, NULL, 0, NULL, 0, NULL),
(887, 3, '1840', '1840', '1840', NULL, NULL, NULL, 'active', NULL, NULL, NULL, NULL, 0, NULL, 0, NULL),
(888, 3, '1841', '1841', '1841', NULL, NULL, NULL, 'active', NULL, NULL, NULL, NULL, 0, NULL, 0, NULL),
(889, 3, '1842', '1842', '1842', NULL, NULL, NULL, 'active', NULL, NULL, NULL, NULL, 0, NULL, 0, NULL),
(890, 3, '1843', '1843', '1843', NULL, NULL, NULL, 'active', NULL, NULL, NULL, NULL, 0, NULL, 0, NULL),
(891, 3, '1844', '1844', '1844', NULL, NULL, NULL, 'active', NULL, NULL, NULL, NULL, 0, NULL, 0, NULL),
(892, 3, '1845', '1845', '1845', NULL, NULL, NULL, 'active', NULL, NULL, NULL, NULL, 0, NULL, 0, NULL),
(893, 3, '1846', '1846', '1846', NULL, NULL, NULL, 'active', NULL, NULL, NULL, NULL, 0, NULL, 0, NULL),
(894, 3, '1847', '1847', '1847', NULL, NULL, NULL, 'active', NULL, NULL, NULL, NULL, 0, NULL, 0, NULL),
(895, 3, '1848', '1848', '1848', NULL, NULL, NULL, 'active', NULL, NULL, NULL, NULL, 0, NULL, 0, NULL),
(896, 3, '1849', '1849', '1849', NULL, NULL, NULL, 'active', NULL, NULL, NULL, NULL, 0, NULL, 0, NULL),
(897, 3, '1850', '1850', '1850', NULL, NULL, NULL, 'active', NULL, NULL, NULL, NULL, 0, NULL, 0, NULL),
(898, 3, '1851', '1851', '1851', NULL, NULL, NULL, 'active', NULL, NULL, NULL, NULL, 0, NULL, 0, NULL),
(899, 3, '1852', '1852', '1852', NULL, NULL, NULL, 'active', NULL, NULL, NULL, NULL, 0, NULL, 0, NULL),
(900, 3, '1853', '1853', '1853', NULL, NULL, NULL, 'active', NULL, NULL, NULL, NULL, 0, NULL, 0, NULL),
(901, 3, '1854', '1854', '1854', NULL, NULL, NULL, 'active', NULL, NULL, NULL, NULL, 0, NULL, 0, NULL),
(902, 3, '1855', '1855', '1855', NULL, NULL, NULL, 'active', NULL, NULL, NULL, NULL, 0, NULL, 0, NULL),
(903, 3, '1856', '1856', '1856', NULL, NULL, NULL, 'active', NULL, NULL, NULL, NULL, 0, NULL, 0, NULL),
(904, 3, '1857', '1857', '1857', NULL, NULL, NULL, 'active', NULL, NULL, NULL, NULL, 0, NULL, 0, NULL),
(905, 3, '1858', '1858', '1858', NULL, NULL, NULL, 'active', NULL, NULL, NULL, NULL, 0, NULL, 0, NULL),
(906, 3, '1859', '1859', '1859', NULL, NULL, NULL, 'active', NULL, NULL, NULL, NULL, 0, NULL, 0, NULL),
(907, 3, '1860', '1860', '1860', NULL, NULL, NULL, 'active', NULL, NULL, NULL, NULL, 0, NULL, 0, NULL),
(908, 3, '1861', '1861', '1861', NULL, NULL, NULL, 'active', NULL, NULL, NULL, NULL, 0, NULL, 0, NULL),
(909, 3, '1862', '1862', '1862', NULL, NULL, NULL, 'active', NULL, NULL, NULL, NULL, 0, NULL, 0, NULL),
(910, 3, '1863', '1863', '1863', NULL, NULL, NULL, 'active', NULL, NULL, NULL, NULL, 0, NULL, 0, NULL),
(911, 3, '1864', '1864', '1864', NULL, NULL, NULL, 'active', NULL, NULL, NULL, NULL, 0, NULL, 0, NULL),
(912, 3, '1865', '1865', '1865', NULL, NULL, NULL, 'active', NULL, NULL, NULL, NULL, 0, NULL, 0, NULL),
(913, 3, '1866', '1866', '1866', NULL, NULL, NULL, 'active', NULL, NULL, NULL, NULL, 0, NULL, 0, NULL),
(914, 3, '1867', '1867', '1867', NULL, NULL, NULL, 'active', NULL, NULL, NULL, NULL, 0, NULL, 0, NULL),
(915, 3, '1868', '1868', '1868', NULL, NULL, NULL, 'active', NULL, NULL, NULL, NULL, 0, NULL, 0, NULL),
(916, 3, '1869', '1869', '1869', NULL, NULL, NULL, 'active', NULL, NULL, NULL, NULL, 0, NULL, 0, NULL),
(917, 3, '1870', '1870', '1870', NULL, NULL, NULL, 'active', NULL, NULL, NULL, NULL, 0, NULL, 0, NULL),
(918, 3, '1871', '1871', '1871', NULL, NULL, NULL, 'active', NULL, NULL, NULL, NULL, 0, NULL, 0, NULL),
(919, 3, '1872', '1872', '1872', NULL, NULL, NULL, 'active', NULL, NULL, NULL, NULL, 0, NULL, 0, NULL),
(920, 3, '1873', '1873', '1873', NULL, NULL, NULL, 'active', NULL, NULL, NULL, NULL, 0, NULL, 0, NULL),
(921, 3, '1874', '1874', '1874', NULL, NULL, NULL, 'active', NULL, NULL, NULL, NULL, 0, NULL, 0, NULL),
(922, 3, '1875', '1875', '1875', NULL, NULL, NULL, 'active', NULL, NULL, NULL, NULL, 0, NULL, 0, NULL),
(923, 3, '1876', '1876', '1876', NULL, NULL, NULL, 'active', NULL, NULL, NULL, NULL, 0, NULL, 0, NULL),
(924, 3, '1877', '1877', '1877', NULL, NULL, NULL, 'active', NULL, NULL, NULL, NULL, 0, NULL, 0, NULL),
(925, 3, '1878', '1878', '1878', NULL, NULL, NULL, 'active', NULL, NULL, NULL, NULL, 0, NULL, 0, NULL),
(926, 3, '1879', '1879', '1879', NULL, NULL, NULL, 'active', NULL, NULL, NULL, NULL, 0, NULL, 0, NULL),
(927, 3, '1880', '1880', '1880', NULL, NULL, NULL, 'active', NULL, NULL, NULL, NULL, 0, NULL, 0, NULL),
(928, 3, '1881', '1881', '1881', NULL, NULL, NULL, 'active', NULL, NULL, NULL, NULL, 0, NULL, 0, NULL),
(929, 3, '1882', '1882', '1882', NULL, NULL, NULL, 'active', NULL, NULL, NULL, NULL, 0, NULL, 0, NULL),
(930, 3, '1883', '1883', '1883', NULL, NULL, NULL, 'active', NULL, NULL, NULL, NULL, 0, NULL, 0, NULL),
(931, 3, '1884', '1884', '1884', NULL, NULL, NULL, 'active', NULL, NULL, NULL, NULL, 0, NULL, 0, NULL),
(932, 3, '1885', '1885', '1885', NULL, NULL, NULL, 'active', NULL, NULL, NULL, NULL, 0, NULL, 0, NULL),
(933, 3, '1886', '1886', '1886', NULL, NULL, NULL, 'active', NULL, NULL, NULL, NULL, 0, NULL, 0, NULL),
(934, 3, '1887', '1887', '1887', NULL, NULL, NULL, 'active', NULL, NULL, NULL, NULL, 0, NULL, 0, NULL),
(935, 3, '1888', '1888', '1888', NULL, NULL, NULL, 'active', NULL, NULL, NULL, NULL, 0, NULL, 0, NULL),
(936, 3, '1889', '1889', '1889', NULL, NULL, NULL, 'active', NULL, NULL, NULL, NULL, 0, NULL, 0, NULL),
(937, 3, '1890', '1890', '1890', NULL, NULL, NULL, 'active', NULL, NULL, NULL, NULL, 0, NULL, 0, NULL),
(938, 3, '1891', '1891', '1891', NULL, NULL, NULL, 'active', NULL, NULL, NULL, NULL, 0, NULL, 0, NULL),
(939, 3, '1892', '1892', '1892', NULL, NULL, NULL, 'active', NULL, NULL, NULL, NULL, 0, NULL, 0, NULL),
(940, 3, '1893', '1893', '1893', NULL, NULL, NULL, 'active', NULL, NULL, NULL, NULL, 0, NULL, 0, NULL),
(941, 3, '1894', '1894', '1894', NULL, NULL, NULL, 'active', NULL, NULL, NULL, NULL, 0, NULL, 0, NULL),
(942, 3, '1895', '1895', '1895', NULL, NULL, NULL, 'active', NULL, NULL, NULL, NULL, 0, NULL, 0, NULL),
(943, 3, '1896', '1896', '1896', NULL, NULL, NULL, 'active', NULL, NULL, NULL, NULL, 0, NULL, 0, NULL),
(944, 3, '1897', '1897', '1897', NULL, NULL, NULL, 'active', NULL, NULL, NULL, NULL, 0, NULL, 0, NULL),
(945, 3, '1898', '1898', '1898', NULL, NULL, NULL, 'active', NULL, NULL, NULL, NULL, 0, NULL, 0, NULL),
(946, 3, '1899', '1899', '1899', NULL, NULL, NULL, 'active', NULL, NULL, NULL, NULL, 0, NULL, 0, NULL),
(947, 3, '1900', '1900', '1900', NULL, NULL, NULL, 'active', NULL, NULL, NULL, NULL, 0, NULL, 0, NULL),
(948, 3, '1901', '1901', '1901', NULL, NULL, NULL, 'active', NULL, NULL, NULL, NULL, 0, NULL, 0, NULL),
(949, 3, '1902', '1902', '1902', NULL, NULL, NULL, 'active', NULL, NULL, NULL, NULL, 0, NULL, 0, NULL),
(950, 3, '1903', '1903', '1903', NULL, NULL, NULL, 'active', NULL, NULL, NULL, NULL, 0, NULL, 0, NULL),
(951, 3, '1904', '1904', '1904', NULL, NULL, NULL, 'active', NULL, NULL, NULL, NULL, 0, NULL, 0, NULL),
(952, 3, '1905', '1905', '1905', NULL, NULL, NULL, 'active', NULL, NULL, NULL, NULL, 0, NULL, 0, NULL),
(953, 3, '1906', '1906', '1906', NULL, NULL, NULL, 'active', NULL, NULL, NULL, NULL, 0, NULL, 0, NULL),
(954, 3, '1907', '1907', '1907', NULL, NULL, NULL, 'active', NULL, NULL, NULL, NULL, 0, NULL, 0, NULL),
(955, 3, '1908', '1908', '1908', NULL, NULL, NULL, 'active', NULL, NULL, NULL, NULL, 0, NULL, 0, NULL),
(956, 3, '1909', '1909', '1909', NULL, NULL, NULL, 'active', NULL, NULL, NULL, NULL, 0, NULL, 0, NULL),
(957, 3, '1910', '1910', '1910', NULL, NULL, NULL, 'active', NULL, NULL, NULL, NULL, 0, NULL, 0, NULL),
(958, 3, '1911', '1911', '1911', NULL, NULL, NULL, 'active', NULL, NULL, NULL, NULL, 0, NULL, 0, NULL),
(959, 3, '1912', '1912', '1912', NULL, NULL, NULL, 'active', NULL, NULL, NULL, NULL, 0, NULL, 0, NULL);
INSERT INTO `sys_value_group_line` (`sys_value_group_line_id`, `sys_value_group_header_id`, `code`, `code_value`, `description`, `account_qualifier`, `allow_budgeting_cb`, `allow_posting_cb`, `status`, `parent_cb`, `parent_line_id`, `effective_start_date`, `effective_end_date`, `created_by`, `creation_date`, `last_update_by`, `last_update_date`) VALUES
(960, 3, '1913', '1913', '1913', NULL, NULL, NULL, 'active', NULL, NULL, NULL, NULL, 0, NULL, 0, NULL),
(961, 3, '1914', '1914', '1914', NULL, NULL, NULL, 'active', NULL, NULL, NULL, NULL, 0, NULL, 0, NULL),
(962, 3, '1915', '1915', '1915', NULL, NULL, NULL, 'active', NULL, NULL, NULL, NULL, 0, NULL, 0, NULL),
(963, 3, '1916', '1916', '1916', NULL, NULL, NULL, 'active', NULL, NULL, NULL, NULL, 0, NULL, 0, NULL),
(964, 3, '1917', '1917', '1917', NULL, NULL, NULL, 'active', NULL, NULL, NULL, NULL, 0, NULL, 0, NULL),
(965, 3, '1918', '1918', '1918', NULL, NULL, NULL, 'active', NULL, NULL, NULL, NULL, 0, NULL, 0, NULL),
(966, 3, '1919', '1919', '1919', NULL, NULL, NULL, 'active', NULL, NULL, NULL, NULL, 0, NULL, 0, NULL),
(967, 3, '1920', '1920', '1920', NULL, NULL, NULL, 'active', NULL, NULL, NULL, NULL, 0, NULL, 0, NULL),
(968, 3, '1921', '1921', '1921', NULL, NULL, NULL, 'active', NULL, NULL, NULL, NULL, 0, NULL, 0, NULL),
(969, 3, '1922', '1922', '1922', NULL, NULL, NULL, 'active', NULL, NULL, NULL, NULL, 0, NULL, 0, NULL),
(970, 3, '1923', '1923', '1923', NULL, NULL, NULL, 'active', NULL, NULL, NULL, NULL, 0, NULL, 0, NULL),
(971, 3, '1924', '1924', '1924', NULL, NULL, NULL, 'active', NULL, NULL, NULL, NULL, 0, NULL, 0, NULL),
(972, 3, '1925', '1925', '1925', NULL, NULL, NULL, 'active', NULL, NULL, NULL, NULL, 0, NULL, 0, NULL),
(973, 3, '1926', '1926', '1926', NULL, NULL, NULL, 'active', NULL, NULL, NULL, NULL, 0, NULL, 0, NULL),
(974, 3, '1927', '1927', '1927', NULL, NULL, NULL, 'active', NULL, NULL, NULL, NULL, 0, NULL, 0, NULL),
(975, 3, '1928', '1928', '1928', NULL, NULL, NULL, 'active', NULL, NULL, NULL, NULL, 0, NULL, 0, NULL),
(976, 3, '1929', '1929', '1929', NULL, NULL, NULL, 'active', NULL, NULL, NULL, NULL, 0, NULL, 0, NULL),
(977, 3, '1930', '1930', '1930', NULL, NULL, NULL, 'active', NULL, NULL, NULL, NULL, 0, NULL, 0, NULL),
(978, 3, '1931', '1931', '1931', NULL, NULL, NULL, 'active', NULL, NULL, NULL, NULL, 0, NULL, 0, NULL),
(979, 3, '1932', '1932', '1932', NULL, NULL, NULL, 'active', NULL, NULL, NULL, NULL, 0, NULL, 0, NULL),
(980, 3, '1933', '1933', '1933', NULL, NULL, NULL, 'active', NULL, NULL, NULL, NULL, 0, NULL, 0, NULL),
(981, 3, '1934', '1934', '1934', NULL, NULL, NULL, 'active', NULL, NULL, NULL, NULL, 0, NULL, 0, NULL),
(982, 3, '1935', '1935', '1935', NULL, NULL, NULL, 'active', NULL, NULL, NULL, NULL, 0, NULL, 0, NULL),
(983, 3, '1936', '1936', '1936', NULL, NULL, NULL, 'active', NULL, NULL, NULL, NULL, 0, NULL, 0, NULL),
(984, 3, '1937', '1937', '1937', NULL, NULL, NULL, 'active', NULL, NULL, NULL, NULL, 0, NULL, 0, NULL),
(985, 3, '1938', '1938', '1938', NULL, NULL, NULL, 'active', NULL, NULL, NULL, NULL, 0, NULL, 0, NULL),
(986, 3, '1939', '1939', '1939', NULL, NULL, NULL, 'active', NULL, NULL, NULL, NULL, 0, NULL, 0, NULL),
(987, 3, '1940', '1940', '1940', NULL, NULL, NULL, 'active', NULL, NULL, NULL, NULL, 0, NULL, 0, NULL),
(988, 3, '1941', '1941', '1941', NULL, NULL, NULL, 'active', NULL, NULL, NULL, NULL, 0, NULL, 0, NULL),
(989, 3, '1942', '1942', '1942', NULL, NULL, NULL, 'active', NULL, NULL, NULL, NULL, 0, NULL, 0, NULL),
(990, 3, '1943', '1943', '1943', NULL, NULL, NULL, 'active', NULL, NULL, NULL, NULL, 0, NULL, 0, NULL),
(991, 3, '1944', '1944', '1944', NULL, NULL, NULL, 'active', NULL, NULL, NULL, NULL, 0, NULL, 0, NULL),
(992, 3, '1945', '1945', '1945', NULL, NULL, NULL, 'active', NULL, NULL, NULL, NULL, 0, NULL, 0, NULL),
(993, 3, '1946', '1946', '1946', NULL, NULL, NULL, 'active', NULL, NULL, NULL, NULL, 0, NULL, 0, NULL),
(994, 3, '1947', '1947', '1947', NULL, NULL, NULL, 'active', NULL, NULL, NULL, NULL, 0, NULL, 0, NULL),
(995, 3, '1948', '1948', '1948', NULL, NULL, NULL, 'active', NULL, NULL, NULL, NULL, 0, NULL, 0, NULL),
(996, 3, '1949', '1949', '1949', NULL, NULL, NULL, 'active', NULL, NULL, NULL, NULL, 0, NULL, 0, NULL),
(997, 3, '1950', '1950', '1950', NULL, NULL, NULL, 'active', NULL, NULL, NULL, NULL, 0, NULL, 0, NULL),
(998, 3, '1951', '1951', '1951', NULL, NULL, NULL, 'active', NULL, NULL, NULL, NULL, 0, NULL, 0, NULL),
(999, 3, '1952', '1952', '1952', NULL, NULL, NULL, 'active', NULL, NULL, NULL, NULL, 0, NULL, 0, NULL),
(1000, 3, '1953', '1953', '1953', NULL, NULL, NULL, 'active', NULL, NULL, NULL, NULL, 0, NULL, 0, NULL),
(1001, 3, '1954', '1954', '1954', NULL, NULL, NULL, 'active', NULL, NULL, NULL, NULL, 0, NULL, 0, NULL),
(1002, 3, '1955', '1955', '1955', NULL, NULL, NULL, 'active', NULL, NULL, NULL, NULL, 0, NULL, 0, NULL),
(1003, 3, '1956', '1956', '1956', NULL, NULL, NULL, 'active', NULL, NULL, NULL, NULL, 0, NULL, 0, NULL),
(1004, 3, '1957', '1957', '1957', NULL, NULL, NULL, 'active', NULL, NULL, NULL, NULL, 0, NULL, 0, NULL),
(1005, 3, '1958', '1958', '1958', NULL, NULL, NULL, 'active', NULL, NULL, NULL, NULL, 0, NULL, 0, NULL),
(1006, 3, '1959', '1959', '1959', NULL, NULL, NULL, 'active', NULL, NULL, NULL, NULL, 0, NULL, 0, NULL),
(1007, 3, '1960', '1960', '1960', NULL, NULL, NULL, 'active', NULL, NULL, NULL, NULL, 0, NULL, 0, NULL),
(1008, 3, '1961', '1961', '1961', NULL, NULL, NULL, 'active', NULL, NULL, NULL, NULL, 0, NULL, 0, NULL),
(1009, 3, '1962', '1962', '1962', NULL, NULL, NULL, 'active', NULL, NULL, NULL, NULL, 0, NULL, 0, NULL),
(1010, 3, '1963', '1963', '1963', NULL, NULL, NULL, 'active', NULL, NULL, NULL, NULL, 0, NULL, 0, NULL),
(1011, 3, '1964', '1964', '1964', NULL, NULL, NULL, 'active', NULL, NULL, NULL, NULL, 0, NULL, 0, NULL),
(1012, 3, '1965', '1965', '1965', NULL, NULL, NULL, 'active', NULL, NULL, NULL, NULL, 0, NULL, 0, NULL),
(1013, 3, '1966', '1966', '1966', NULL, NULL, NULL, 'active', NULL, NULL, NULL, NULL, 0, NULL, 0, NULL),
(1014, 3, '1967', '1967', '1967', NULL, NULL, NULL, 'active', NULL, NULL, NULL, NULL, 0, NULL, 0, NULL),
(1015, 3, '1968', '1968', '1968', NULL, NULL, NULL, 'active', NULL, NULL, NULL, NULL, 0, NULL, 0, NULL),
(1016, 3, '1969', '1969', '1969', NULL, NULL, NULL, 'active', NULL, NULL, NULL, NULL, 0, NULL, 0, NULL),
(1017, 3, '1970', '1970', '1970', NULL, NULL, NULL, 'active', NULL, NULL, NULL, NULL, 0, NULL, 0, NULL),
(1018, 3, '1971', '1971', '1971', NULL, NULL, NULL, 'active', NULL, NULL, NULL, NULL, 0, NULL, 0, NULL),
(1019, 3, '1972', '1972', '1972', NULL, NULL, NULL, 'active', NULL, NULL, NULL, NULL, 0, NULL, 0, NULL),
(1020, 3, '1973', '1973', '1973', NULL, NULL, NULL, 'active', NULL, NULL, NULL, NULL, 0, NULL, 0, NULL),
(1021, 3, '1974', '1974', '1974', NULL, NULL, NULL, 'active', NULL, NULL, NULL, NULL, 0, NULL, 0, NULL),
(1022, 3, '1975', '1975', '1975', NULL, NULL, NULL, 'active', NULL, NULL, NULL, NULL, 0, NULL, 0, NULL),
(1023, 3, '1976', '1976', '1976', NULL, NULL, NULL, 'active', NULL, NULL, NULL, NULL, 0, NULL, 0, NULL),
(1024, 3, '1977', '1977', '1977', NULL, NULL, NULL, 'active', NULL, NULL, NULL, NULL, 0, NULL, 0, NULL),
(1025, 3, '1978', '1978', '1978', NULL, NULL, NULL, 'active', NULL, NULL, NULL, NULL, 0, NULL, 0, NULL),
(1026, 3, '1979', '1979', '1979', NULL, NULL, NULL, 'active', NULL, NULL, NULL, NULL, 0, NULL, 0, NULL),
(1027, 3, '1980', '1980', '1980', NULL, NULL, NULL, 'active', NULL, NULL, NULL, NULL, 0, NULL, 0, NULL),
(1028, 3, '1981', '1981', '1981', NULL, NULL, NULL, 'active', NULL, NULL, NULL, NULL, 0, NULL, 0, NULL),
(1029, 3, '1982', '1982', '1982', NULL, NULL, NULL, 'active', NULL, NULL, NULL, NULL, 0, NULL, 0, NULL),
(1030, 3, '1983', '1983', '1983', NULL, NULL, NULL, 'active', NULL, NULL, NULL, NULL, 0, NULL, 0, NULL),
(1031, 3, '1984', '1984', '1984', NULL, NULL, NULL, 'active', NULL, NULL, NULL, NULL, 0, NULL, 0, NULL),
(1032, 3, '1985', '1985', '1985', NULL, NULL, NULL, 'active', NULL, NULL, NULL, NULL, 0, NULL, 0, NULL),
(1033, 3, '1986', '1986', '1986', NULL, NULL, NULL, 'active', NULL, NULL, NULL, NULL, 0, NULL, 0, NULL),
(1034, 3, '1987', '1987', '1987', NULL, NULL, NULL, 'active', NULL, NULL, NULL, NULL, 0, NULL, 0, NULL),
(1035, 3, '1988', '1988', '1988', NULL, NULL, NULL, 'active', NULL, NULL, NULL, NULL, 0, NULL, 0, NULL),
(1036, 3, '1989', '1989', '1989', NULL, NULL, NULL, 'active', NULL, NULL, NULL, NULL, 0, NULL, 0, NULL),
(1037, 3, '1990', '1990', '1990', NULL, NULL, NULL, 'active', NULL, NULL, NULL, NULL, 0, NULL, 0, NULL),
(1038, 3, '1991', '1991', '1991', NULL, NULL, NULL, 'active', NULL, NULL, NULL, NULL, 0, NULL, 0, NULL),
(1039, 3, '1992', '1992', '1992', NULL, NULL, NULL, 'active', NULL, NULL, NULL, NULL, 0, NULL, 0, NULL),
(1040, 3, '1993', '1993', '1993', NULL, NULL, NULL, 'active', NULL, NULL, NULL, NULL, 0, NULL, 0, NULL),
(1041, 3, '1994', '1994', '1994', NULL, NULL, NULL, 'active', NULL, NULL, NULL, NULL, 0, NULL, 0, NULL),
(1042, 3, '1995', '1995', '1995', NULL, NULL, NULL, 'active', NULL, NULL, NULL, NULL, 0, NULL, 0, NULL),
(1043, 3, '1996', '1996', '1996', NULL, NULL, NULL, 'active', NULL, NULL, NULL, NULL, 0, NULL, 0, NULL),
(1044, 3, '1997', '1997', '1997', NULL, NULL, NULL, 'active', NULL, NULL, NULL, NULL, 0, NULL, 0, NULL),
(1045, 3, '1998', '1998', '1998', NULL, NULL, NULL, 'active', NULL, NULL, NULL, NULL, 0, NULL, 0, NULL),
(1046, 3, '1999', '1999', '1999', NULL, NULL, NULL, 'active', NULL, NULL, NULL, NULL, 0, NULL, 0, NULL),
(1049, 4, '100040', '100040', 'Cash in Bank4', 'A', NULL, NULL, NULL, NULL, NULL, NULL, NULL, 0, NULL, 34, '2015-01-22 16:36:28'),
(1050, 4, '100050', '100050', 'Cash in Bank5', 'A', NULL, NULL, NULL, NULL, NULL, NULL, NULL, 0, NULL, 34, '2015-01-22 16:36:29'),
(1053, 4, '502100', '502100', 'Cost Intergroup', 'X', NULL, NULL, NULL, NULL, NULL, NULL, NULL, 0, '2014-06-20 17:46:57', 34, '2015-01-27 02:54:44'),
(1054, 4, '110500', '110500', 'Accumulated Depreciation', NULL, NULL, NULL, NULL, 1, NULL, NULL, NULL, 0, '2014-06-20 17:50:04', 34, '2015-01-22 16:40:37'),
(1055, 6, 'EAST_IN', 'East India', 'East India', NULL, NULL, NULL, NULL, NULL, NULL, NULL, NULL, 1, '2014-12-08 11:09:22', 34, '2014-12-27 11:54:02'),
(1056, 6, 'REST_IN', 'Rest India', 'Rest India', NULL, NULL, NULL, NULL, NULL, NULL, NULL, NULL, 1, '2014-12-08 11:09:23', 34, '2014-12-27 11:54:02'),
(1057, 6, 'MUMBAI', 'Mumbai', 'Mumbai', NULL, NULL, NULL, NULL, NULL, NULL, NULL, NULL, 1, '2014-12-08 11:09:23', 34, '2014-12-27 11:54:04'),
(1058, 6, 'CHENNAI', 'Chennai', 'Chennai', NULL, NULL, NULL, NULL, NULL, NULL, NULL, NULL, 1, '2014-12-08 11:09:23', 34, '2014-12-27 11:54:04'),
(1059, 6, 'SOUTH_IN', 'South India', 'South India', NULL, NULL, NULL, NULL, NULL, NULL, NULL, NULL, 1, '2014-12-08 11:09:23', 34, '2014-12-27 11:54:03'),
(1060, 6, 'BNGLR', 'Bangaluru', 'Bangaluru', NULL, NULL, NULL, NULL, NULL, NULL, NULL, NULL, 1, '2014-12-08 11:09:24', 34, '2014-12-27 11:54:05'),
(1061, 6, 'KOLKA', 'Kolkata', 'Kolkata', NULL, NULL, NULL, NULL, NULL, NULL, NULL, NULL, 34, '2014-12-27 11:52:31', 34, '2014-12-27 11:54:05'),
(1062, 4, '101001', '101001', 'Foreign Cash Reserve 1', 'A', NULL, NULL, NULL, NULL, NULL, NULL, NULL, 34, '2015-01-22 03:42:07', 34, '2015-01-24 05:49:23'),
(1063, 4, '101011', '101011', 'Foreign Cash Reserve 2', 'A', NULL, NULL, NULL, NULL, NULL, NULL, NULL, 34, '2015-01-22 03:42:07', 34, '2015-01-24 05:49:22'),
(1064, 4, '101012', '101012', 'Foreign Cash Reserve 3', 'A', NULL, NULL, NULL, NULL, NULL, NULL, NULL, 34, '2015-01-22 03:42:07', 34, '2015-01-24 05:49:22'),
(1065, 4, '101013', '101013', 'Cash - BoA - USD', 'A', NULL, NULL, 'active', NULL, NULL, NULL, NULL, 34, '2015-01-22 03:42:07', 34, '2015-01-22 03:42:07'),
(1066, 4, '101101', '101101', 'Cash - DB - EUR', 'A', NULL, NULL, 'active', NULL, NULL, NULL, NULL, 34, '2015-01-22 03:42:07', 34, '2015-01-22 03:42:07'),
(1067, 4, '101102', '101102', 'Cash - DB - GBP', 'A', NULL, NULL, 'active', NULL, NULL, NULL, NULL, 34, '2015-01-22 03:42:07', 34, '2015-01-22 03:42:07'),
(1068, 4, '101103', '101103', 'Cash - DB - USD', 'A', NULL, NULL, 'active', NULL, NULL, NULL, NULL, 34, '2015-01-22 03:42:07', 34, '2015-01-22 03:42:07'),
(1069, 4, '101104', '101104', 'Cash - DB - JPY', 'A', NULL, NULL, 'active', NULL, NULL, NULL, NULL, 34, '2015-01-22 03:42:07', 34, '2015-01-22 03:42:07'),
(1070, 4, '101204', '101204', 'Settlements in Transit', 'A', NULL, NULL, 'active', NULL, NULL, NULL, NULL, 34, '2015-01-22 03:42:07', 34, '2015-01-22 03:42:07'),
(1071, 4, '101205', '101205', 'Unidentified Receipts', 'A', NULL, NULL, 'active', NULL, NULL, NULL, NULL, 34, '2015-01-22 03:42:07', 34, '2015-01-22 03:42:07'),
(1072, 4, '101206', '101206', 'Cash Clearing Account', 'A', NULL, NULL, 'active', NULL, NULL, NULL, NULL, 34, '2015-01-22 03:42:07', 34, '2015-01-22 03:42:07'),
(1073, 4, '101270', '101270', 'Transfer Between Bank Accounts, Clearing Account', 'A', NULL, NULL, 'active', NULL, NULL, NULL, NULL, 34, '2015-01-22 03:42:07', 34, '2015-01-22 03:42:07'),
(1074, 4, '101800', '101800', 'Paypal/Escrow Cash', 'A', NULL, NULL, 'active', NULL, NULL, NULL, NULL, 34, '2015-01-22 03:42:07', 34, '2015-01-22 03:42:07'),
(1075, 4, '101950', '101950', 'Petty Cash - USD', 'A', NULL, NULL, 'active', NULL, NULL, NULL, NULL, 34, '2015-01-22 03:42:07', 34, '2015-01-22 03:42:07'),
(1076, 4, '101951', '101951', 'Petty Cash - GBP', 'A', NULL, NULL, 'active', NULL, NULL, NULL, NULL, 34, '2015-01-22 03:42:07', 34, '2015-01-22 03:42:07'),
(1077, 4, '101952', '101952', 'Petty Cash - EURO', 'A', NULL, NULL, 'active', NULL, NULL, NULL, NULL, 34, '2015-01-22 03:42:07', 34, '2015-01-22 03:42:07'),
(1078, 4, '101990', '101990', 'Investment < 90 Days (Cash Equivalent)', 'A', NULL, NULL, 'active', NULL, NULL, NULL, NULL, 34, '2015-01-22 03:42:07', 34, '2015-01-22 03:42:07'),
(1079, 4, '101991', '101991', 'Investment < 60 Days (Cash Equivalent)', 'A', NULL, NULL, 'active', NULL, NULL, NULL, NULL, 34, '2015-01-22 03:42:07', 34, '2015-01-22 03:42:07'),
(1080, 4, '101999', '101999', 'Investment - Flexible FD (Cash Equivalent)', 'A', NULL, NULL, 'active', NULL, NULL, NULL, NULL, 34, '2015-01-22 03:42:07', 34, '2015-01-22 03:42:07'),
(1081, 4, '102900', '102900', 'Other Investments ', 'A', NULL, NULL, 'active', NULL, NULL, NULL, NULL, 34, '2015-01-22 03:42:07', 34, '2015-01-22 03:42:07'),
(1082, 4, '103000', '103000', 'Receivable - Gross', 'A', NULL, NULL, NULL, 1, NULL, NULL, NULL, 34, '2015-01-22 03:42:07', 34, '2015-01-22 15:31:03'),
(1083, 4, '103005', '103005', 'Trade A/R - JE', 'A', NULL, NULL, 'active', NULL, NULL, NULL, NULL, 34, '2015-01-22 03:42:07', 34, '2015-01-22 03:42:07'),
(1084, 4, '103010', '103010', 'A/R - Promissory Notes', 'A', NULL, NULL, 'active', NULL, NULL, NULL, NULL, 34, '2015-01-22 03:42:07', 34, '2015-01-22 03:42:07'),
(1085, 4, '103015', '103015', 'A/R Promissory Notes Clearing', 'A', NULL, NULL, 'active', NULL, NULL, NULL, NULL, 34, '2015-01-22 03:42:07', 34, '2015-01-22 03:42:07'),
(1086, 4, '103020', '103020', 'A/R - Uninvoiced Revenue', 'A', NULL, NULL, 'active', NULL, NULL, NULL, NULL, 34, '2015-01-22 03:42:07', 34, '2015-01-22 03:42:07'),
(1087, 4, '103100', '103100', 'A/R - Allowance', 'A', NULL, NULL, 'active', NULL, NULL, NULL, NULL, 34, '2015-01-22 03:42:07', 34, '2015-01-22 03:42:07'),
(1088, 4, '103110', '103110', 'A/R - Allowance Sales and Returns', 'A', NULL, NULL, 'active', NULL, NULL, NULL, NULL, 34, '2015-01-22 03:42:07', 34, '2015-01-22 03:42:07'),
(1089, 4, '104000', '104000', 'Sales Returns and Allowances', 'A', NULL, NULL, NULL, 1, NULL, NULL, NULL, 34, '2015-01-22 03:42:07', 34, '2015-01-23 06:23:11'),
(1090, 4, '104100', '104100', 'Uninvoiced Service contract', 'A', NULL, NULL, 'active', NULL, NULL, NULL, NULL, 34, '2015-01-22 03:42:07', 34, '2015-01-22 03:42:07'),
(1091, 4, '104400', '104400', 'Salary Advance & Temp Payroll', 'A', NULL, NULL, 'active', NULL, NULL, NULL, NULL, 34, '2015-01-22 03:42:07', 34, '2015-01-22 03:42:07'),
(1092, 4, '104410', '104410', 'Travel/Other Advances', 'A', NULL, NULL, 'active', NULL, NULL, NULL, NULL, 34, '2015-01-22 03:42:07', 34, '2015-01-22 03:42:07'),
(1093, 4, '104420', '104420', 'Advances - Inventory', 'A', NULL, NULL, 'active', NULL, NULL, NULL, NULL, 34, '2015-01-22 03:42:07', 34, '2015-01-22 03:42:07'),
(1094, 4, '104430', '104430', 'Advances of Fixed Assets', 'A', NULL, NULL, 'active', NULL, NULL, NULL, NULL, 34, '2015-01-22 03:42:07', 34, '2015-01-22 03:42:07'),
(1095, 4, '104440', '104440', 'Advances of Current Assets', 'A', NULL, NULL, 'active', NULL, NULL, NULL, NULL, 34, '2015-01-22 03:42:07', 34, '2015-01-22 03:42:07'),
(1096, 4, '107000', '107000', 'Deferred Income Taxes', 'A', NULL, NULL, NULL, 1, NULL, NULL, NULL, 34, '2015-01-22 03:42:07', 34, '2015-01-22 15:45:26'),
(1097, 4, '107010', '107010', 'Interest & Taxes on Officer Notes', 'A', NULL, NULL, 'active', NULL, NULL, NULL, NULL, 34, '2015-01-22 03:42:07', 34, '2015-01-22 03:42:07'),
(1098, 4, '107020', '107020', 'VAT on Import/Import Consumption Tax Receivable', 'A', NULL, NULL, 'active', NULL, NULL, NULL, NULL, 34, '2015-01-22 03:42:07', 34, '2015-01-22 03:42:07'),
(1099, 4, '107030', '107030', 'VAT on Prepayments', 'A', NULL, NULL, 'active', NULL, NULL, NULL, NULL, 34, '2015-01-22 03:42:07', 34, '2015-01-22 03:42:07'),
(1100, 4, '107040', '107040', 'BV 0% Exempt  Purchases', 'A', NULL, NULL, 'active', NULL, NULL, NULL, NULL, 34, '2015-01-22 03:42:07', 34, '2015-01-22 03:42:07'),
(1101, 4, '107050', '107050', 'BV 0% Extra EU  Purchases', 'A', NULL, NULL, 'active', NULL, NULL, NULL, NULL, 34, '2015-01-22 03:42:07', 34, '2015-01-22 03:42:07'),
(1102, 4, '107060', '107060', 'BV 0% Intra EU  Purchases', 'A', NULL, NULL, 'active', NULL, NULL, NULL, NULL, 34, '2015-01-22 03:42:07', 34, '2015-01-22 03:42:07'),
(1103, 4, '107070', '107070', 'BV 19% Domestic  Purchases', 'A', NULL, NULL, 'active', NULL, NULL, NULL, NULL, 34, '2015-01-22 03:42:07', 34, '2015-01-22 03:42:07'),
(1104, 4, '107080', '107080', 'BV 6% Domestic  Purchases', 'A', NULL, NULL, 'active', NULL, NULL, NULL, NULL, 34, '2015-01-22 03:42:07', 34, '2015-01-22 03:42:07'),
(1105, 4, '107090', '107090', 'DE 0% Exempt  Purchases', 'A', NULL, NULL, 'active', NULL, NULL, NULL, NULL, 34, '2015-01-22 03:42:07', 34, '2015-01-22 03:42:07'),
(1106, 4, '107100', '107100', 'DE 0% Extra EU  Purchases', 'A', NULL, NULL, 'active', NULL, NULL, NULL, NULL, 34, '2015-01-22 03:42:07', 34, '2015-01-22 03:42:07'),
(1107, 4, '107110', '107110', 'DE 0% Intra EU  Purchases', 'A', NULL, NULL, 'active', NULL, NULL, NULL, NULL, 34, '2015-01-22 03:42:07', 34, '2015-01-22 03:42:07'),
(1108, 4, '107120', '107120', 'DE 16% 80% Recoverable  Purchases', 'A', NULL, NULL, 'active', NULL, NULL, NULL, NULL, 34, '2015-01-22 03:42:07', 34, '2015-01-22 03:42:07'),
(1109, 4, '107130', '107130', 'DE 16% Domestic  Purchases', 'A', NULL, NULL, 'active', NULL, NULL, NULL, NULL, 34, '2015-01-22 03:42:07', 34, '2015-01-22 03:42:07'),
(1110, 4, '107140', '107140', 'DE 7% Domestic  Purchases', 'A', NULL, NULL, 'active', NULL, NULL, NULL, NULL, 34, '2015-01-22 03:42:07', 34, '2015-01-22 03:42:07'),
(1111, 4, '107150', '107150', 'FR 0% Exempt Purchases', 'A', NULL, NULL, 'active', NULL, NULL, NULL, NULL, 34, '2015-01-22 03:42:07', 34, '2015-01-22 03:42:07'),
(1112, 4, '107160', '107160', 'FR 0% Extra EU Purchases', 'A', NULL, NULL, 'active', NULL, NULL, NULL, NULL, 34, '2015-01-22 03:42:07', 34, '2015-01-22 03:42:07'),
(1113, 4, '107170', '107170', 'FR 0% Intra EU Purchases', 'A', NULL, NULL, 'active', NULL, NULL, NULL, NULL, 34, '2015-01-22 03:42:07', 34, '2015-01-22 03:42:07'),
(1114, 4, '107180', '107180', 'FR 19.6% Domestic Purchases', 'A', NULL, NULL, 'active', NULL, NULL, NULL, NULL, 34, '2015-01-22 03:42:07', 34, '2015-01-22 03:42:07'),
(1115, 4, '107190', '107190', 'FR 2.1% Domestic Purchases', 'A', NULL, NULL, 'active', NULL, NULL, NULL, NULL, 34, '2015-01-22 03:42:07', 34, '2015-01-22 03:42:07'),
(1116, 4, '107200', '107200', 'FR 5.5% Domestic Purchases', 'A', NULL, NULL, 'active', NULL, NULL, NULL, NULL, 34, '2015-01-22 03:42:07', 34, '2015-01-22 03:42:07'),
(1117, 4, '104678', '104678', 'UK 0% Exempt Purchases', 'A', NULL, NULL, 'active', NULL, NULL, NULL, NULL, 34, '2015-01-22 03:42:07', 34, '2015-01-22 03:42:07'),
(1118, 4, '104679', '104679', 'UK 0% Purchases', 'A', NULL, NULL, 'active', NULL, NULL, NULL, NULL, 34, '2015-01-22 03:42:07', 34, '2015-01-22 03:42:07'),
(1119, 4, '104680', '104680', 'UK Purchase EU', 'A', NULL, NULL, 'active', NULL, NULL, NULL, NULL, 34, '2015-01-22 03:42:07', 34, '2015-01-22 03:42:07'),
(1120, 4, '104681', '104681', 'UK Purchase Non EU', 'A', NULL, NULL, 'active', NULL, NULL, NULL, NULL, 34, '2015-01-22 03:42:07', 34, '2015-01-22 03:42:07'),
(1121, 4, '104730', '104730', '0% Import', 'A', NULL, NULL, 'active', NULL, NULL, NULL, NULL, 34, '2015-01-22 03:42:07', 34, '2015-01-22 03:42:07'),
(1122, 4, '104740', '104740', 'Asia VAT Prepayment', 'A', NULL, NULL, 'active', NULL, NULL, NULL, NULL, 34, '2015-01-22 03:42:07', 34, '2015-01-22 03:42:07'),
(1123, 4, '104899', '104899', 'VAT Receivables', 'A', NULL, NULL, 'active', NULL, NULL, NULL, NULL, 34, '2015-01-22 03:42:07', 34, '2015-01-22 03:42:07'),
(1124, 4, '104900', '104900', 'Other Receivables', 'A', NULL, NULL, 'active', NULL, NULL, NULL, NULL, 34, '2015-01-22 03:42:07', 34, '2015-01-22 03:42:07'),
(1125, 4, '104910', '104910', 'Other Receivables - Allowance', 'A', NULL, NULL, 'active', NULL, NULL, NULL, NULL, 34, '2015-01-22 03:42:07', 34, '2015-01-22 03:42:07'),
(1126, 4, '104920', '104920', 'Deferred Royalty', 'A', NULL, NULL, 'active', NULL, NULL, NULL, NULL, 34, '2015-01-22 03:42:07', 34, '2015-01-22 03:42:07'),
(1127, 4, '104990', '104990', 'Receivable Suspense', 'A', NULL, NULL, 'active', NULL, NULL, NULL, NULL, 34, '2015-01-22 03:42:07', 34, '2015-01-22 03:42:07'),
(1128, 4, '105000', '105000', 'Raw Material', 'A', NULL, NULL, NULL, 1, NULL, NULL, NULL, 34, '2015-01-22 03:42:07', 34, '2015-01-23 06:18:55'),
(1129, 4, '105001', '105001', 'Raw Material - Cap Variance', 'A', NULL, NULL, 'active', NULL, NULL, NULL, NULL, 34, '2015-01-22 03:42:07', 34, '2015-01-22 03:42:07'),
(1130, 4, '105002', '105002', 'Raw Material - Capitalized Freight', 'A', NULL, NULL, 'active', NULL, NULL, NULL, NULL, 34, '2015-01-22 03:42:07', 34, '2015-01-22 03:42:07'),
(1131, 4, '105005', '105005', 'Raw Material - Consigned Inv', 'A', NULL, NULL, 'active', NULL, NULL, NULL, NULL, 34, '2015-01-22 03:42:07', 34, '2015-01-22 03:42:07'),
(1132, 4, '105008', '105008', 'Raw Material - Inventory Accrual', 'A', NULL, NULL, 'active', NULL, NULL, NULL, NULL, 34, '2015-01-22 03:42:07', 34, '2015-01-22 03:42:07'),
(1133, 4, '105009', '105009', 'Raw Material Adjustment', 'A', NULL, NULL, 'active', NULL, NULL, NULL, NULL, 34, '2015-01-22 03:42:07', 34, '2015-01-22 03:42:07'),
(1134, 4, '105100', '105100', 'Work in Process', 'A', NULL, NULL, NULL, 1, NULL, NULL, NULL, 34, '2015-01-22 03:42:07', 34, '2015-01-25 04:22:46'),
(1135, 4, '105105', '105105', 'WIP - Cap Variance', 'A', NULL, NULL, NULL, NULL, NULL, NULL, NULL, 34, '2015-01-22 03:42:07', 34, '2015-01-22 15:59:12'),
(1136, 4, '105110', '105110', 'WIP - Consigned Inv', 'A', NULL, NULL, NULL, NULL, NULL, NULL, NULL, 34, '2015-01-22 03:42:07', 34, '2015-01-24 17:34:54'),
(1137, 4, '105115', '105115', 'WIP - Inventory Accruals', 'A', NULL, NULL, NULL, NULL, NULL, NULL, NULL, 34, '2015-01-22 03:42:07', 34, '2015-01-22 15:59:11'),
(1138, 4, '105120', '105120', 'WIP - Material', 'A', NULL, NULL, NULL, NULL, NULL, NULL, NULL, 34, '2015-01-22 03:42:07', 34, '2015-01-25 04:22:47'),
(1139, 4, '105200', '105200', 'Finished Goods', 'A', NULL, NULL, NULL, 1, NULL, NULL, NULL, 34, '2015-01-22 03:42:07', 34, '2015-01-25 04:00:47'),
(1140, 4, '105205', '105205', 'Fin Goods - Cap Variance', 'A', NULL, NULL, NULL, NULL, NULL, NULL, NULL, 34, '2015-01-22 03:42:07', 34, '2015-01-24 17:38:17'),
(1141, 4, '105210', '105210', 'Fin Goods - Consigned Inv', 'A', NULL, NULL, NULL, NULL, NULL, NULL, NULL, 34, '2015-01-22 03:42:07', 34, '2015-01-24 17:38:58'),
(1142, 4, '105215', '105215', 'Finished Goods Adjustment', 'A', NULL, NULL, NULL, NULL, NULL, NULL, NULL, 34, '2015-01-22 03:42:07', 34, '2015-01-24 17:38:17'),
(1143, 4, '105310', '105310', 'Service Inventory', 'A', NULL, NULL, NULL, NULL, NULL, NULL, NULL, 34, '2015-01-22 03:42:07', 34, '2015-01-22 16:17:41'),
(1144, 4, '105320', '105320', 'Pilot Inventory', 'A', NULL, NULL, NULL, NULL, NULL, NULL, NULL, 34, '2015-01-22 03:42:07', 34, '2015-01-22 16:17:41'),
(1145, 4, '105330', '105330', 'Demo Inventory', 'A', NULL, NULL, NULL, NULL, NULL, NULL, NULL, 34, '2015-01-22 03:42:07', 34, '2015-01-22 16:17:42'),
(1146, 4, '105090', '105090', 'Deferred COGS', 'A', NULL, NULL, NULL, NULL, NULL, NULL, NULL, 34, '2015-01-22 03:42:07', 34, '2015-01-22 15:54:31'),
(1147, 4, '105300', '105300', 'Demo, Service & In-transit - Inventory', 'A', NULL, NULL, NULL, 1, NULL, NULL, NULL, 34, '2015-01-22 03:42:07', 34, '2015-01-24 17:37:14'),
(1148, 4, '105450', '105450', 'Inventory Clearing', 'A', NULL, NULL, 'active', NULL, NULL, NULL, NULL, 34, '2015-01-22 03:42:07', 34, '2015-01-22 03:42:07'),
(1149, 4, '105480', '105480', 'Intransit Inventory', 'A', NULL, NULL, 'active', NULL, NULL, NULL, NULL, 34, '2015-01-22 03:42:07', 34, '2015-01-22 03:42:07'),
(1150, 4, '105490', '105490', 'Inv Receiving Account', 'A', NULL, NULL, 'active', NULL, NULL, NULL, NULL, 34, '2015-01-22 03:42:07', 34, '2015-01-22 03:42:07'),
(1151, 4, '105499', '105499', 'Adder in Inventory', 'A', NULL, NULL, 'active', NULL, NULL, NULL, NULL, 34, '2015-01-22 03:42:07', 34, '2015-01-22 03:42:07'),
(1152, 4, '105500', '105500', 'Inventory Reserve', 'A', NULL, NULL, NULL, 1, NULL, NULL, NULL, 34, '2015-01-22 03:42:07', 34, '2015-01-22 16:31:06'),
(1153, 4, '105510', '105510', 'Consigned Inventory Reserve', 'A', NULL, NULL, 'active', NULL, NULL, NULL, NULL, 34, '2015-01-22 03:42:07', 34, '2015-01-22 03:42:07'),
(1154, 4, '105530', '105530', 'Allowance for Standards Update', 'A', NULL, NULL, 'active', NULL, NULL, NULL, NULL, 34, '2015-01-22 03:42:07', 34, '2015-01-22 03:42:07'),
(1155, 4, '106491', '106491', 'Prepaid Income Taxes', 'A', NULL, NULL, 'active', NULL, NULL, NULL, NULL, 34, '2015-01-22 03:42:07', 34, '2015-01-22 03:42:07'),
(1156, 4, '106520', '106520', 'Prepaid Software Maintenance', 'A', NULL, NULL, 'active', NULL, NULL, NULL, NULL, 34, '2015-01-22 03:42:07', 34, '2015-01-22 03:42:07'),
(1157, 4, '106530', '106530', 'Prepaid Insurance', 'A', NULL, NULL, 'active', NULL, NULL, NULL, NULL, 34, '2015-01-22 03:42:07', 34, '2015-01-22 03:42:07'),
(1158, 4, '106531', '106531', 'Prepaid Pension Insurance', 'A', NULL, NULL, 'active', NULL, NULL, NULL, NULL, 34, '2015-01-22 03:42:07', 34, '2015-01-22 03:42:07'),
(1159, 4, '106800', '106800', 'Prepaid - Deferred Cost of Sales', 'A', NULL, NULL, 'active', NULL, NULL, NULL, NULL, 34, '2015-01-22 03:42:07', 34, '2015-01-22 03:42:07'),
(1160, 4, '106990', '106990', 'Prepaid - Others', 'A', NULL, NULL, 'active', NULL, NULL, NULL, NULL, 34, '2015-01-22 03:42:07', 34, '2015-01-22 03:42:07'),
(1161, 4, '106991', '106991', 'Prepaid - recurring', 'A', NULL, NULL, 'active', NULL, NULL, NULL, NULL, 34, '2015-01-22 03:42:07', 34, '2015-01-22 03:42:07'),
(1162, 4, '110000', '110000', 'Property & Equipment', 'A', NULL, NULL, NULL, 1, NULL, NULL, NULL, 34, '2015-01-22 03:42:07', 34, '2015-01-22 16:33:05'),
(1163, 4, '110010', '110010', 'Land', 'A', NULL, NULL, NULL, NULL, NULL, NULL, NULL, 34, '2015-01-22 03:42:07', 34, '2015-01-22 16:33:05'),
(1164, 4, '110020', '110020', 'Building', 'A', NULL, NULL, NULL, NULL, NULL, NULL, NULL, 34, '2015-01-22 03:42:07', 34, '2015-01-22 16:34:57'),
(1165, 4, '110015', '110015', 'Collected Grants - Building', 'A', NULL, NULL, NULL, NULL, NULL, NULL, NULL, 34, '2015-01-22 03:42:07', 34, '2015-01-22 16:35:15'),
(1166, 4, '110025', '110025', 'Leasehold Improvements', 'A', NULL, NULL, NULL, NULL, NULL, NULL, NULL, 34, '2015-01-22 03:42:07', 34, '2015-01-22 16:34:25'),
(1167, 4, '110030', '110030', 'Furniture & Fixtures', 'A', NULL, NULL, 'active', NULL, NULL, NULL, NULL, 34, '2015-01-22 03:42:07', 34, '2015-01-22 03:42:07'),
(1168, 4, '110040', '110040', 'Production Equipment', 'A', NULL, NULL, 'active', NULL, NULL, NULL, NULL, 34, '2015-01-22 03:42:07', 34, '2015-01-22 03:42:07'),
(1169, 4, '110041', '110041', 'Immaterial rights', 'A', NULL, NULL, 'active', NULL, NULL, NULL, NULL, 34, '2015-01-22 03:42:07', 34, '2015-01-22 03:42:07'),
(1170, 4, '110042', '110042', 'Collected Grants - Equipment', 'A', NULL, NULL, 'active', NULL, NULL, NULL, NULL, 34, '2015-01-22 03:42:07', 34, '2015-01-22 03:42:07'),
(1171, 4, '110050', '110050', 'Tooling, Molds & Dies', 'A', NULL, NULL, 'active', NULL, NULL, NULL, NULL, 34, '2015-01-22 03:42:07', 34, '2015-01-22 03:42:07'),
(1172, 4, '110055', '110055', 'Maintenance', 'A', NULL, NULL, 'active', NULL, NULL, NULL, NULL, 34, '2015-01-22 03:42:07', 34, '2015-01-22 03:42:07'),
(1173, 4, '110060', '110060', 'Test & Lab Equipment', 'A', NULL, NULL, 'active', NULL, NULL, NULL, NULL, 34, '2015-01-22 03:42:07', 34, '2015-01-22 03:42:07'),
(1174, 4, '110070', '110070', 'Computer Hardware', 'A', NULL, NULL, 'active', NULL, NULL, NULL, NULL, 34, '2015-01-22 03:42:07', 34, '2015-01-22 03:42:07'),
(1175, 4, '110080', '110080', 'Computer Software', 'A', NULL, NULL, 'active', NULL, NULL, NULL, NULL, 34, '2015-01-22 03:42:07', 34, '2015-01-22 03:42:07'),
(1176, 4, '110090', '110090', 'Auto', 'A', NULL, NULL, 'active', NULL, NULL, NULL, NULL, 34, '2015-01-22 03:42:07', 34, '2015-01-22 03:42:07'),
(1177, 4, '110095', '110095', 'Precious Metals', 'A', NULL, NULL, 'active', NULL, NULL, NULL, NULL, 34, '2015-01-22 03:42:07', 34, '2015-01-22 03:42:07'),
(1178, 4, '110096', '110096', 'Capitalized Interest', 'A', NULL, NULL, 'active', NULL, NULL, NULL, NULL, 34, '2015-01-22 03:42:07', 34, '2015-01-22 03:42:07'),
(1179, 4, '110098', '110098', 'F/A - Adjustments', 'A', NULL, NULL, 'active', NULL, NULL, NULL, NULL, 34, '2015-01-22 03:42:07', 34, '2015-01-22 03:42:07'),
(1180, 4, '110099', '110099', 'Asset Clearing', 'A', NULL, NULL, 'active', NULL, NULL, NULL, NULL, 34, '2015-01-22 03:42:07', 34, '2015-01-22 03:42:07'),
(1181, 4, '110200', '110200', 'CIP', 'A', NULL, NULL, 'active', NULL, NULL, NULL, NULL, 34, '2015-01-22 03:42:07', 34, '2015-01-22 03:42:07'),
(1182, 4, '110210', '110210', 'CIP - System', 'A', NULL, NULL, 'active', NULL, NULL, NULL, NULL, 34, '2015-01-22 03:42:07', 34, '2015-01-22 03:42:07'),
(1183, 4, '110219', '110219', 'CIP - System Clearing Account', 'A', NULL, NULL, 'active', NULL, NULL, NULL, NULL, 34, '2015-01-22 03:42:07', 34, '2015-01-22 03:42:07'),
(1184, 4, '110296', '110296', 'CIP  - Capitalized Interest', 'A', NULL, NULL, 'active', NULL, NULL, NULL, NULL, 34, '2015-01-22 03:42:07', 34, '2015-01-22 03:42:07'),
(1185, 4, '110299', '110299', 'CIP Clearing', 'A', NULL, NULL, 'active', NULL, NULL, NULL, NULL, 34, '2015-01-22 03:42:07', 34, '2015-01-22 03:42:07'),
(1186, 4, '110399', '110399', 'FA Sales Clearing', 'A', NULL, NULL, 'active', NULL, NULL, NULL, NULL, 34, '2015-01-22 03:42:07', 34, '2015-01-22 03:42:07'),
(1187, 4, '110400', '110400', 'Capital lease', 'A', NULL, NULL, NULL, 1, NULL, NULL, NULL, 34, '2015-01-22 03:42:07', 34, '2015-01-22 16:40:37'),
(1188, 4, '110599', '110599', 'Depreciation Adjustment', 'A', NULL, NULL, 'active', NULL, NULL, NULL, NULL, 34, '2015-01-22 03:42:07', 34, '2015-01-22 03:42:07'),
(1189, 4, '112000', '112000', 'Goodwill', 'A', NULL, NULL, NULL, 1, NULL, NULL, NULL, 34, '2015-01-22 03:42:07', 34, '2015-01-22 16:52:51'),
(1190, 4, '112520', '112520', 'Goodwill Amortization', 'A', NULL, NULL, 'active', NULL, NULL, NULL, NULL, 34, '2015-01-22 03:42:07', 34, '2015-01-22 03:42:07'),
(1191, 4, '113000', '113000', 'Patents', 'A', NULL, NULL, NULL, 1, NULL, NULL, NULL, 34, '2015-01-22 03:42:07', 34, '2015-01-22 16:52:52'),
(1192, 4, '113500', '113500', 'Patents - Accumulated Amortization', 'A', NULL, NULL, 'active', NULL, NULL, NULL, NULL, 34, '2015-01-22 03:42:07', 34, '2015-01-22 03:42:07'),
(1193, 4, '114000', '114000', 'Other Intangibles', 'A', NULL, NULL, NULL, 1, NULL, NULL, NULL, 34, '2015-01-22 03:42:07', 34, '2015-01-22 16:53:38'),
(1194, 4, '114500', '114500', 'Intangibles Amortization', 'A', NULL, NULL, 'active', NULL, NULL, NULL, NULL, 34, '2015-01-22 03:42:07', 34, '2015-01-22 03:42:07'),
(1195, 4, '115100', '115100', 'Notes Receivable - LT', 'A', NULL, NULL, 'active', NULL, NULL, NULL, NULL, 34, '2015-01-22 03:42:07', 34, '2015-01-22 03:42:07'),
(1196, 4, '115105', '115105', 'L/T - Prepaids', 'A', NULL, NULL, 'active', NULL, NULL, NULL, NULL, 34, '2015-01-22 03:42:07', 34, '2015-01-22 03:42:07'),
(1197, 4, '115110', '115110', 'Deposit', 'A', NULL, NULL, 'active', NULL, NULL, NULL, NULL, 34, '2015-01-22 03:42:07', 34, '2015-01-22 03:42:07'),
(1198, 4, '115115', '115115', 'Shares', 'A', NULL, NULL, 'active', NULL, NULL, NULL, NULL, 34, '2015-01-22 03:42:07', 34, '2015-01-22 03:42:07'),
(1199, 4, '115117', '115117', 'Immaterial Rights', 'A', NULL, NULL, 'active', NULL, NULL, NULL, NULL, 34, '2015-01-22 03:42:07', 34, '2015-01-22 03:42:07'),
(1200, 4, '115118', '115118', 'Acc Amort - Immaterial Rights', 'A', NULL, NULL, 'active', NULL, NULL, NULL, NULL, 34, '2015-01-22 03:42:07', 34, '2015-01-22 03:42:07'),
(1201, 4, '115170', '115170', 'Inadmittant Assets', 'A', NULL, NULL, 'active', NULL, NULL, NULL, NULL, 34, '2015-01-22 03:42:07', 34, '2015-01-22 03:42:07'),
(1202, 4, '115175', '115175', 'Acc Dep - Inadmittant Assets', 'A', NULL, NULL, 'active', NULL, NULL, NULL, NULL, 34, '2015-01-22 03:42:07', 34, '2015-01-22 03:42:07'),
(1203, 4, '115900', '115900', 'Other Longterm Assets', 'A', NULL, NULL, 'active', NULL, NULL, NULL, NULL, 34, '2015-01-22 03:42:07', 34, '2015-01-22 03:42:07'),
(1209, 4, '200000', '200000', 'Total Liabilities', 'L', NULL, NULL, 'active', NULL, NULL, NULL, NULL, 34, '2015-01-22 04:50:44', 34, '2015-01-22 04:50:44'),
(1210, 4, '210000', '210000', 'Short-Term Borrowings ', 'L', NULL, NULL, NULL, 1, NULL, NULL, NULL, 34, '2015-01-22 04:50:44', 34, '2015-01-23 06:57:26'),
(1211, 4, '211000', '211000', 'Current Notes and Loans Payable', 'L', NULL, NULL, 'active', NULL, NULL, NULL, NULL, 34, '2015-01-22 04:50:44', 34, '2015-01-22 04:50:44'),
(1212, 4, '212000', '212000', 'Leases Payable - Current', 'L', NULL, NULL, 'active', NULL, NULL, NULL, NULL, 34, '2015-01-22 04:50:44', 34, '2015-01-22 04:50:44'),
(1213, 4, '213000', '213000', 'Bonds Payable - Current', 'L', NULL, NULL, 'active', NULL, NULL, NULL, NULL, 34, '2015-01-22 04:50:44', 34, '2015-01-22 04:50:44'),
(1269, 4, '220000', '220000', 'Accounts Payable', 'L', NULL, NULL, NULL, 1, NULL, NULL, NULL, 34, '2015-01-22 05:16:54', 34, '2015-01-22 18:47:42'),
(1270, 4, '221050', '221050', 'A/P Trade - Vouchered', 'L', NULL, NULL, 'active', NULL, NULL, NULL, NULL, 34, '2015-01-22 05:16:54', 34, '2015-01-22 05:16:54'),
(1271, 4, '221100', '221100', 'A/P Uninvoiced Receipts - Outside Inventory', 'L', NULL, NULL, 'active', NULL, NULL, NULL, NULL, 34, '2015-01-22 05:16:54', 34, '2015-01-22 05:16:54'),
(1272, 4, '221150', '221150', 'A/P Uninvoiced Receipts - Interco Inventory', 'L', NULL, NULL, 'active', NULL, NULL, NULL, NULL, 34, '2015-01-22 05:16:54', 34, '2015-01-22 05:16:54'),
(1273, 4, '221200', '221200', 'A/P Uninvoiced Receipts - Non inventory', 'L', NULL, NULL, 'active', NULL, NULL, NULL, NULL, 34, '2015-01-22 05:16:54', 34, '2015-01-22 05:16:54'),
(1274, 4, '221250', '221250', 'A/P Accrual', 'L', NULL, NULL, 'active', NULL, NULL, NULL, NULL, 34, '2015-01-22 05:16:54', 34, '2015-01-22 05:16:54'),
(1275, 4, '221300', '221300', 'A/P Accrual - Intercompany', 'L', NULL, NULL, 'active', NULL, NULL, NULL, NULL, 34, '2015-01-22 05:16:54', 34, '2015-01-22 05:16:54'),
(1276, 4, '221350', '221350', 'A/P - Affiliated Company', 'L', NULL, NULL, 'active', NULL, NULL, NULL, NULL, 34, '2015-01-22 05:16:54', 34, '2015-01-22 05:16:54'),
(1277, 4, '221400', '221400', 'A/P - Manual Adjustments', 'L', NULL, NULL, 'active', NULL, NULL, NULL, NULL, 34, '2015-01-22 05:16:54', 34, '2015-01-22 05:16:54'),
(1278, 4, '222000', '222000', 'Inventory-Received but not Invoiced', 'L', NULL, NULL, 'active', NULL, NULL, NULL, NULL, 34, '2015-01-22 05:16:54', 34, '2015-01-22 05:16:54'),
(1279, 4, '223000', '223000', 'Non Stock-Received but not Invoiced', 'L', NULL, NULL, 'active', NULL, NULL, NULL, NULL, 34, '2015-01-22 05:16:54', 34, '2015-01-22 05:16:54'),
(1280, 4, '224000', '224000', 'Other Accrued Expenses', 'L', NULL, NULL, 'active', NULL, NULL, NULL, NULL, 34, '2015-01-22 05:16:54', 34, '2015-01-22 05:16:54'),
(1281, 4, '230000', '230000', 'Accrued Payroll and Taxes', 'L', NULL, NULL, NULL, 1, NULL, NULL, NULL, 34, '2015-01-22 05:16:54', 34, '2015-01-23 06:40:13'),
(1282, 4, '231000', '231000', 'Taxes Payable', 'L', NULL, NULL, NULL, 1, NULL, NULL, NULL, 34, '2015-01-22 05:16:54', 34, '2015-01-23 06:46:43'),
(1283, 4, '231050', '231050', 'SALES TAX - USA', 'L', NULL, NULL, 'active', NULL, NULL, NULL, NULL, 34, '2015-01-22 05:16:54', 34, '2015-01-22 05:16:54'),
(1284, 4, '231060', '231060', 'Sales Tax Audit Reserve', 'L', NULL, NULL, 'active', NULL, NULL, NULL, NULL, 34, '2015-01-22 05:16:54', 34, '2015-01-22 05:16:54'),
(1285, 4, '231070', '231070', 'Canada Goods & Service Tax Payable GST', 'L', NULL, NULL, 'active', NULL, NULL, NULL, NULL, 34, '2015-01-22 05:16:54', 34, '2015-01-22 05:16:54'),
(1286, 4, '231080', '231080', 'Canada Quebec Sales Tax Payable - QST', 'L', NULL, NULL, 'active', NULL, NULL, NULL, NULL, 34, '2015-01-22 05:16:54', 34, '2015-01-22 05:16:54'),
(1287, 4, '231090', '231090', 'Canada Ontario Harmonized Sales Tax Payable - HST', 'L', NULL, NULL, 'active', NULL, NULL, NULL, NULL, 34, '2015-01-22 05:16:54', 34, '2015-01-22 05:16:54'),
(1288, 4, '231100', '231100', 'Sales Tax Default', 'L', NULL, NULL, 'active', NULL, NULL, NULL, NULL, 34, '2015-01-22 05:16:54', 34, '2015-01-22 05:16:54'),
(1289, 4, '231110', '231110', '22 % VAT on domestic Sales', 'L', NULL, NULL, 'active', NULL, NULL, NULL, NULL, 34, '2015-01-22 05:16:54', 34, '2015-01-22 05:16:54'),
(1290, 4, '231120', '231120', '0% VAT Sales, Domestic', 'L', NULL, NULL, 'active', NULL, NULL, NULL, NULL, 34, '2015-01-22 05:16:54', 34, '2015-01-22 05:16:54'),
(1291, 4, '231130', '231130', '0% VAT Sales, Export', 'L', NULL, NULL, 'active', NULL, NULL, NULL, NULL, 34, '2015-01-22 05:16:54', 34, '2015-01-22 05:16:54'),
(1292, 4, '231140', '231140', '0% VAT Sales, EU', 'L', NULL, NULL, 'active', NULL, NULL, NULL, NULL, 34, '2015-01-22 05:16:54', 34, '2015-01-22 05:16:54'),
(1293, 4, '231150', '231150', 'VAT 22% Offset EU Purchase', 'L', NULL, NULL, 'active', NULL, NULL, NULL, NULL, 34, '2015-01-22 05:16:54', 34, '2015-01-22 05:16:54'),
(1294, 4, '231160', '231160', 'VAT 17% Offset EU Purchase', 'L', NULL, NULL, 'active', NULL, NULL, NULL, NULL, 34, '2015-01-22 05:16:54', 34, '2015-01-22 05:16:54'),
(1295, 4, '231170', '231170', 'VAT 8% Offset EU Purchase', 'L', NULL, NULL, 'active', NULL, NULL, NULL, NULL, 34, '2015-01-22 05:16:54', 34, '2015-01-22 05:16:54'),
(1296, 4, '231180', '231180', 'VAT 22% Offset Foreign Services', 'L', NULL, NULL, 'active', NULL, NULL, NULL, NULL, 34, '2015-01-22 05:16:54', 34, '2015-01-22 05:16:54'),
(1297, 4, '231190', '231190', 'DE 0% VAT Sales, Export', 'L', NULL, NULL, 'active', NULL, NULL, NULL, NULL, 34, '2015-01-22 05:16:54', 34, '2015-01-22 05:16:54'),
(1298, 4, '231200', '231200', 'DE 16% Sales', 'L', NULL, NULL, 'active', NULL, NULL, NULL, NULL, 34, '2015-01-22 05:16:54', 34, '2015-01-22 05:16:54'),
(1299, 4, '231210', '231210', 'DE 0% Exempt Sales', 'L', NULL, NULL, 'active', NULL, NULL, NULL, NULL, 34, '2015-01-22 05:16:54', 34, '2015-01-22 05:16:54'),
(1300, 4, '231220', '231220', 'FR 0% VAT Sales, Export', 'L', NULL, NULL, 'active', NULL, NULL, NULL, NULL, 34, '2015-01-22 05:16:54', 34, '2015-01-22 05:16:54'),
(1301, 4, '231230', '231230', 'FR 19.6% Sales', 'L', NULL, NULL, 'active', NULL, NULL, NULL, NULL, 34, '2015-01-22 05:16:54', 34, '2015-01-22 05:16:54'),
(1302, 4, '231240', '231240', 'FR 0% Exempt Sales', 'L', NULL, NULL, 'active', NULL, NULL, NULL, NULL, 34, '2015-01-22 05:16:54', 34, '2015-01-22 05:16:54'),
(1303, 4, '231250', '231250', 'IT 0% Sales', 'L', NULL, NULL, 'active', NULL, NULL, NULL, NULL, 34, '2015-01-22 05:16:54', 34, '2015-01-22 05:16:54'),
(1304, 4, '231260', '231260', 'IT 15% Sales', 'L', NULL, NULL, 'active', NULL, NULL, NULL, NULL, 34, '2015-01-22 05:16:54', 34, '2015-01-22 05:16:54'),
(1305, 4, '231270', '231270', 'IT 20% Sales', 'L', NULL, NULL, 'active', NULL, NULL, NULL, NULL, 34, '2015-01-22 05:16:54', 34, '2015-01-22 05:16:54'),
(1306, 4, '231280', '231280', 'IT 0% Exempt  Sales', 'L', NULL, NULL, 'active', NULL, NULL, NULL, NULL, 34, '2015-01-22 05:16:54', 34, '2015-01-22 05:16:54'),
(1307, 4, '231290', '231290', 'NL 0% Extra EU Sales', 'L', NULL, NULL, 'active', NULL, NULL, NULL, NULL, 34, '2015-01-22 05:16:54', 34, '2015-01-22 05:16:54'),
(1308, 4, '231300', '231300', 'NL 0% Sales', 'L', NULL, NULL, 'active', NULL, NULL, NULL, NULL, 34, '2015-01-22 05:16:54', 34, '2015-01-22 05:16:54'),
(1309, 4, '231310', '231310', 'NL 19% Sales', 'L', NULL, NULL, 'active', NULL, NULL, NULL, NULL, 34, '2015-01-22 05:16:54', 34, '2015-01-22 05:16:54'),
(1310, 4, '231320', '231320', 'NL 0% Exempt Sales', 'L', NULL, NULL, 'active', NULL, NULL, NULL, NULL, 34, '2015-01-22 05:16:54', 34, '2015-01-22 05:16:54'),
(1311, 4, '231330', '231330', 'UK 17.5% Sales', 'L', NULL, NULL, 'active', NULL, NULL, NULL, NULL, 34, '2015-01-22 05:16:54', 34, '2015-01-22 05:16:54'),
(1312, 4, '231340', '231340', 'UK 0% VAT Sales, Export', 'L', NULL, NULL, 'active', NULL, NULL, NULL, NULL, 34, '2015-01-22 05:16:54', 34, '2015-01-22 05:16:54'),
(1313, 4, '231350', '231350', '5% VAT/Consumption Tax Payable', 'L', NULL, NULL, 'active', NULL, NULL, NULL, NULL, 34, '2015-01-22 05:16:54', 34, '2015-01-22 05:16:54'),
(1314, 4, '231360', '231360', 'UK 0% Exempt Sales', 'L', NULL, NULL, 'active', NULL, NULL, NULL, NULL, 34, '2015-01-22 05:16:54', 34, '2015-01-22 05:16:54'),
(1315, 4, '231370', '231370', 'UK VAT Payments', 'L', NULL, NULL, 'active', NULL, NULL, NULL, NULL, 34, '2015-01-22 05:16:54', 34, '2015-01-22 05:16:54'),
(1316, 4, '231380', '231380', 'DE VAT Payments', 'L', NULL, NULL, 'active', NULL, NULL, NULL, NULL, 34, '2015-01-22 05:16:54', 34, '2015-01-22 05:16:54'),
(1317, 4, '231390', '231390', 'BV VAT Payments', 'L', NULL, NULL, 'active', NULL, NULL, NULL, NULL, 34, '2015-01-22 05:16:54', 34, '2015-01-22 05:16:54'),
(1318, 4, '231400', '231400', 'CH VAT Payments', 'L', NULL, NULL, 'active', NULL, NULL, NULL, NULL, 34, '2015-01-22 05:16:54', 34, '2015-01-22 05:16:54'),
(1319, 4, '231410', '231410', 'FR VAT Payments', 'L', NULL, NULL, 'active', NULL, NULL, NULL, NULL, 34, '2015-01-22 05:16:54', 34, '2015-01-22 05:16:54'),
(1320, 4, '231420', '231420', 'IT VAT Payments', 'L', NULL, NULL, 'active', NULL, NULL, NULL, NULL, 34, '2015-01-22 05:16:54', 34, '2015-01-22 05:16:54'),
(1321, 4, '231430', '231430', 'UK Sales Europe', 'L', NULL, NULL, 'active', NULL, NULL, NULL, NULL, 34, '2015-01-22 05:16:54', 34, '2015-01-22 05:16:54'),
(1322, 4, '231440', '231440', 'UK Sales Non Europe', 'L', NULL, NULL, 'active', NULL, NULL, NULL, NULL, 34, '2015-01-22 05:16:54', 34, '2015-01-22 05:16:54'),
(1323, 4, '231450', '231450', 'VAT on Advances within EU', 'L', NULL, NULL, 'active', NULL, NULL, NULL, NULL, 34, '2015-01-22 05:16:54', 34, '2015-01-22 05:16:54'),
(1324, 4, '231460', '231460', 'VAT DE Offset EU Purchase', 'L', NULL, NULL, 'active', NULL, NULL, NULL, NULL, 34, '2015-01-22 05:16:54', 34, '2015-01-22 05:16:54'),
(1325, 4, '231470', '231470', 'VAT Previous Years', 'L', NULL, NULL, 'active', NULL, NULL, NULL, NULL, 34, '2015-01-22 05:16:54', 34, '2015-01-22 05:16:54'),
(1326, 4, '231480', '231480', 'IT 10% Sales', 'L', NULL, NULL, 'active', NULL, NULL, NULL, NULL, 34, '2015-01-22 05:16:54', 34, '2015-01-22 05:16:54'),
(1327, 4, '231490', '231490', 'VAT - I/C Recon', 'L', NULL, NULL, 'active', NULL, NULL, NULL, NULL, 34, '2015-01-22 05:16:54', 34, '2015-01-22 05:16:54'),
(1328, 4, '231500', '231500', 'Asia VAT Payable', 'L', NULL, NULL, 'active', NULL, NULL, NULL, NULL, 34, '2015-01-22 05:16:54', 34, '2015-01-22 05:16:54'),
(1329, 4, '231510', '231510', 'IT 11.15% Sales', 'L', NULL, NULL, 'active', NULL, NULL, NULL, NULL, 34, '2015-01-22 05:16:54', 34, '2015-01-22 05:16:54'),
(1330, 4, '231520', '231520', 'IT 4% Sales', 'L', NULL, NULL, 'active', NULL, NULL, NULL, NULL, 34, '2015-01-22 05:16:54', 34, '2015-01-22 05:16:54'),
(1331, 4, '231530', '231530', 'DE 19% Sales', 'L', NULL, NULL, 'active', NULL, NULL, NULL, NULL, 34, '2015-01-22 05:16:54', 34, '2015-01-22 05:16:54'),
(1332, 4, '231540', '231540', 'IT 5% Sales', 'L', NULL, NULL, 'active', NULL, NULL, NULL, NULL, 34, '2015-01-22 05:16:54', 34, '2015-01-22 05:16:54'),
(1333, 4, '231550', '231550', 'UK 15% Sales', 'L', NULL, NULL, 'active', NULL, NULL, NULL, NULL, 34, '2015-01-22 05:16:54', 34, '2015-01-22 05:16:54'),
(1334, 4, '231560', '231560', 'UK 20% Sales', 'L', NULL, NULL, 'active', NULL, NULL, NULL, NULL, 34, '2015-01-22 05:16:54', 34, '2015-01-22 05:16:54'),
(1335, 4, '231570', '231570', 'CH 8% Sales', 'L', NULL, NULL, 'active', NULL, NULL, NULL, NULL, 34, '2015-01-22 05:16:54', 34, '2015-01-22 05:16:54'),
(1336, 4, '231580', '231580', 'CH 0% Export', 'L', NULL, NULL, 'active', NULL, NULL, NULL, NULL, 34, '2015-01-22 05:16:54', 34, '2015-01-22 05:16:54'),
(1337, 4, '231590', '231590', 'CH 0% Privileged Bodies', 'L', NULL, NULL, 'active', NULL, NULL, NULL, NULL, 34, '2015-01-22 05:16:54', 34, '2015-01-22 05:16:54'),
(1338, 4, '231600', '231600', 'IT 21% Sales', 'L', NULL, NULL, 'active', NULL, NULL, NULL, NULL, 34, '2015-01-22 05:16:54', 34, '2015-01-22 05:16:54'),
(1339, 4, '231610', '231610', 'NL 21% Domestic Sales', 'L', NULL, NULL, 'active', NULL, NULL, NULL, NULL, 34, '2015-01-22 05:16:54', 34, '2015-01-22 05:16:54'),
(1340, 4, '231620', '231620', 'DE 0% VAT Sales, EU', 'L', NULL, NULL, 'active', NULL, NULL, NULL, NULL, 34, '2015-01-22 05:16:54', 34, '2015-01-22 05:16:54'),
(1341, 4, '231630', '231630', 'FR 0% VAT Sales, EU', 'L', NULL, NULL, 'active', NULL, NULL, NULL, NULL, 34, '2015-01-22 05:16:54', 34, '2015-01-22 05:16:54'),
(1342, 4, '231640', '231640', 'UK 0% VAT Sales, EU', 'L', NULL, NULL, 'active', NULL, NULL, NULL, NULL, 34, '2015-01-22 05:16:54', 34, '2015-01-22 05:16:54'),
(1343, 4, '231650', '231650', 'IT 22% Domestic Sales', 'L', NULL, NULL, 'active', NULL, NULL, NULL, NULL, 34, '2015-01-22 05:16:54', 34, '2015-01-22 05:16:54'),
(1344, 4, '231660', '231660', 'DE 0% VAT Service, EU', 'L', NULL, NULL, 'active', NULL, NULL, NULL, NULL, 34, '2015-01-22 05:16:54', 34, '2015-01-22 05:16:54'),
(1345, 4, '231670', '231670', 'DE 0% VAT Service, Export', 'L', NULL, NULL, 'active', NULL, NULL, NULL, NULL, 34, '2015-01-22 05:16:54', 34, '2015-01-22 05:16:54'),
(1346, 4, '231680', '231680', 'FR 20% Domestic Sales', 'L', NULL, NULL, 'active', NULL, NULL, NULL, NULL, 34, '2015-01-22 05:16:54', 34, '2015-01-22 05:16:54'),
(1347, 4, '231690', '231690', '8% VAT/Consumption Tax Payable', 'L', NULL, NULL, 'active', NULL, NULL, NULL, NULL, 34, '2015-01-22 05:16:54', 34, '2015-01-22 05:16:54'),
(1348, 4, '231700', '231700', '19% OFFSET Domestic Reverse Charge Purchases', 'L', NULL, NULL, 'active', NULL, NULL, NULL, NULL, 34, '2015-01-22 05:16:54', 34, '2015-01-22 05:16:54'),
(1349, 4, '231710', '231710', 'VAT Payable', 'L', NULL, NULL, 'active', NULL, NULL, NULL, NULL, 34, '2015-01-22 05:16:54', 34, '2015-01-22 05:16:54'),
(1350, 4, '231720', '231720', 'Import Consumption Tax Payable', 'L', NULL, NULL, 'active', NULL, NULL, NULL, NULL, 34, '2015-01-22 05:16:54', 34, '2015-01-22 05:16:54'),
(1351, 4, '231730', '231730', 'Duty Payable', 'L', NULL, NULL, 'active', NULL, NULL, NULL, NULL, 34, '2015-01-22 05:16:54', 34, '2015-01-22 05:16:54'),
(1352, 4, '231740', '231740', 'Accrued Property Tax', 'L', NULL, NULL, 'active', NULL, NULL, NULL, NULL, 34, '2015-01-22 05:16:54', 34, '2015-01-22 05:16:54'),
(1353, 4, '231900', '231900', 'Income Tax - Domestic Federal 2', 'L', NULL, NULL, 'active', NULL, NULL, NULL, NULL, 34, '2015-01-22 05:16:54', 34, '2015-01-22 05:16:54'),
(1354, 4, '231910', '231910', 'Income Tax - Domestic Federal 3', 'L', NULL, NULL, 'active', NULL, NULL, NULL, NULL, 34, '2015-01-22 05:16:54', 34, '2015-01-22 05:16:54'),
(1355, 4, '231920', '231920', 'Income Tax - Domestic Federal 4', 'L', NULL, NULL, 'active', NULL, NULL, NULL, NULL, 34, '2015-01-22 05:16:54', 34, '2015-01-22 05:16:54'),
(1356, 4, '231930', '231930', 'Domestic State Tax Payable', 'L', NULL, NULL, 'active', NULL, NULL, NULL, NULL, 34, '2015-01-22 05:16:54', 34, '2015-01-22 05:16:54'),
(1357, 4, '231940', '231940', 'INCOME TAX - US', 'L', NULL, NULL, 'active', NULL, NULL, NULL, NULL, 34, '2015-01-22 05:16:54', 34, '2015-01-22 05:16:54'),
(1358, 4, '231950', '231950', 'INCOME TAX - India', 'L', NULL, NULL, 'active', NULL, NULL, NULL, NULL, 34, '2015-01-22 05:16:54', 34, '2015-01-22 05:16:54'),
(1359, 4, '231960', '231960', 'Income Tax - Others', 'L', NULL, NULL, 'active', NULL, NULL, NULL, NULL, 34, '2015-01-22 05:16:54', 34, '2015-01-22 05:16:54'),
(1360, 4, '231970', '231970', 'Income Tax - Others 2', 'L', NULL, NULL, 'active', NULL, NULL, NULL, NULL, 34, '2015-01-22 05:16:54', 34, '2015-01-22 05:16:54'),
(1361, 4, '231980', '231980', 'Income Tax Reserve', 'L', NULL, NULL, 'active', NULL, NULL, NULL, NULL, 34, '2015-01-22 05:16:54', 34, '2015-01-22 05:16:54'),
(1362, 4, '231990', '231990', 'Income Tax Audit Reserve', 'L', NULL, NULL, 'active', NULL, NULL, NULL, NULL, 34, '2015-01-22 05:16:54', 34, '2015-01-22 05:16:54'),
(1363, 4, '232000', '232000', 'FICA Withheld', 'L', NULL, NULL, 'active', NULL, NULL, NULL, NULL, 34, '2015-01-22 05:16:54', 34, '2015-01-22 05:16:54'),
(1364, 4, '232100', '232100', 'FICA Employer Withheld', 'L', NULL, NULL, 'active', NULL, NULL, NULL, NULL, 34, '2015-01-22 05:16:54', 34, '2015-01-22 05:16:54'),
(1365, 4, '233000', '233000', 'State Income Tax Withheld', 'L', NULL, NULL, 'active', NULL, NULL, NULL, NULL, 34, '2015-01-22 05:16:54', 34, '2015-01-22 05:16:54'),
(1366, 4, '234000', '234000', 'Other Tax Withholdings', 'L', NULL, NULL, 'active', NULL, NULL, NULL, NULL, 34, '2015-01-22 05:16:54', 34, '2015-01-22 05:16:54'),
(1367, 4, '235000', '235000', 'Accrued Salaries & Wages', 'L', NULL, NULL, 'active', NULL, NULL, NULL, NULL, 34, '2015-01-22 05:16:54', 34, '2015-01-22 05:16:54'),
(1368, 4, '235100', '235100', 'Accrued Sick, Vacation, PTO', 'L', NULL, NULL, 'active', NULL, NULL, NULL, NULL, 34, '2015-01-22 05:16:54', 34, '2015-01-22 05:16:54');
INSERT INTO `sys_value_group_line` (`sys_value_group_line_id`, `sys_value_group_header_id`, `code`, `code_value`, `description`, `account_qualifier`, `allow_budgeting_cb`, `allow_posting_cb`, `status`, `parent_cb`, `parent_line_id`, `effective_start_date`, `effective_end_date`, `created_by`, `creation_date`, `last_update_by`, `last_update_date`) VALUES
(1369, 4, '235200', '235200', 'Accrued Payroll Taxes', 'L', NULL, NULL, 'active', NULL, NULL, NULL, NULL, 34, '2015-01-22 05:16:54', 34, '2015-01-22 05:16:54'),
(1370, 4, '236000', '236000', 'Other Payroll Withholdings Payable', 'L', NULL, NULL, 'active', NULL, NULL, NULL, NULL, 34, '2015-01-22 05:16:54', 34, '2015-01-22 05:16:54'),
(1371, 4, '237000', '237000', 'Other Employer Taxes Payable', 'L', NULL, NULL, 'active', NULL, NULL, NULL, NULL, 34, '2015-01-22 05:16:54', 34, '2015-01-22 05:16:54'),
(1372, 4, '239000', '239000', 'Payroll Clearing', 'L', NULL, NULL, 'active', NULL, NULL, NULL, NULL, 34, '2015-01-22 05:16:54', 34, '2015-01-22 05:16:54'),
(1373, 4, '239100', '239100', 'Accrued salesmen\'s commissions', 'L', NULL, NULL, 'active', NULL, NULL, NULL, NULL, 34, '2015-01-22 05:16:54', 34, '2015-01-22 05:16:54'),
(1374, 4, '239150', '239150', 'Accrued Bonus - Other', 'L', NULL, NULL, 'active', NULL, NULL, NULL, NULL, 34, '2015-01-22 05:16:54', 34, '2015-01-22 05:16:54'),
(1375, 4, '239200', '239200', 'Accrued Local Bonus', 'L', NULL, NULL, 'active', NULL, NULL, NULL, NULL, 34, '2015-01-22 05:16:54', 34, '2015-01-22 05:16:54'),
(1376, 4, '239250', '239250', 'Accrued Holiday', 'L', NULL, NULL, 'active', NULL, NULL, NULL, NULL, 34, '2015-01-22 05:16:54', 34, '2015-01-22 05:16:54'),
(1377, 4, '239300', '239300', 'Accrued Discretionary Time', 'L', NULL, NULL, 'active', NULL, NULL, NULL, NULL, 34, '2015-01-22 05:16:54', 34, '2015-01-22 05:16:54'),
(1378, 4, '239350', '239350', 'Accrued Vacation - All Employees', 'L', NULL, NULL, 'active', NULL, NULL, NULL, NULL, 34, '2015-01-22 05:16:54', 34, '2015-01-22 05:16:54'),
(1379, 4, '239400', '239400', 'Accrued Sick Leave - Non Exempt', 'L', NULL, NULL, 'active', NULL, NULL, NULL, NULL, 34, '2015-01-22 05:16:54', 34, '2015-01-22 05:16:54'),
(1380, 4, '239450', '239450', 'Accrued Sick Leave - Exempt', 'L', NULL, NULL, 'active', NULL, NULL, NULL, NULL, 34, '2015-01-22 05:16:54', 34, '2015-01-22 05:16:54'),
(1381, 4, '240000', '240000', 'Customer Deposits', 'L', NULL, NULL, NULL, 1, NULL, NULL, NULL, 34, '2015-01-22 05:16:54', 34, '2015-01-23 06:50:03'),
(1382, 4, '241000', '241000', 'Due to Regional Hospital', 'L', NULL, NULL, 'active', NULL, NULL, NULL, NULL, 34, '2015-01-22 05:16:54', 34, '2015-01-22 05:16:54'),
(1383, 4, '242000', '242000', 'Due to Community Hospital', 'L', NULL, NULL, 'active', NULL, NULL, NULL, NULL, 34, '2015-01-22 05:16:54', 34, '2015-01-22 05:16:54'),
(1384, 4, '243000', '243000', 'Due to VHS Clinic', 'L', NULL, NULL, 'active', NULL, NULL, NULL, NULL, 34, '2015-01-22 05:16:54', 34, '2015-01-22 05:16:54'),
(1385, 4, '244000', '244000', 'Due to Nursing Home - SNF', 'L', NULL, NULL, 'active', NULL, NULL, NULL, NULL, 34, '2015-01-22 05:16:54', 34, '2015-01-22 05:16:54'),
(1386, 4, '245000', '245000', 'Current Deferred Income', 'L', NULL, NULL, NULL, 1, NULL, NULL, NULL, 34, '2015-01-22 05:16:54', 34, '2015-01-23 06:50:03'),
(1387, 4, '246000', '246000', 'Due to Corporate Services', 'L', NULL, NULL, 'active', NULL, NULL, NULL, NULL, 34, '2015-01-22 05:16:54', 34, '2015-01-22 05:16:54'),
(1388, 4, '247000', '247000', 'Due to Distribution Center', 'L', NULL, NULL, 'active', NULL, NULL, NULL, NULL, 34, '2015-01-22 05:16:54', 34, '2015-01-22 05:16:54'),
(1389, 4, '249000', '249000', 'Reserve for Warranty and Inst ', 'L', NULL, NULL, NULL, 1, NULL, NULL, NULL, 34, '2015-01-22 05:16:54', 34, '2015-01-23 06:51:14'),
(1390, 4, '250000', '250000', 'Other Accurals', 'L', NULL, NULL, NULL, 1, NULL, NULL, NULL, 34, '2015-01-22 05:16:54', 34, '2015-01-23 06:51:14'),
(1391, 4, '251000', '251000', 'Interest Payable', 'L', NULL, NULL, 'active', NULL, NULL, NULL, NULL, 34, '2015-01-22 05:16:54', 34, '2015-01-22 05:16:54'),
(1392, 4, '252000', '252000', 'Accrued Auditing Fees', 'L', NULL, NULL, 'active', NULL, NULL, NULL, NULL, 34, '2015-01-22 05:16:54', 34, '2015-01-22 05:16:54'),
(1393, 4, '253000', '253000', 'Escheats Payable', 'L', NULL, NULL, 'active', NULL, NULL, NULL, NULL, 34, '2015-01-22 05:16:54', 34, '2015-01-22 05:16:54'),
(1394, 4, '255000', '255000', 'Unearned Revenue', 'L', NULL, NULL, 'active', NULL, NULL, NULL, NULL, 34, '2015-01-22 05:16:54', 34, '2015-01-22 05:16:54'),
(1395, 4, '256000', '256000', 'Customer Deposits', 'L', NULL, NULL, 'active', NULL, NULL, NULL, NULL, 34, '2015-01-22 05:16:54', 34, '2015-01-22 05:16:54'),
(1396, 4, '257000', '257000', 'Deferred Depreciation Reserve', 'L', NULL, NULL, 'active', NULL, NULL, NULL, NULL, 34, '2015-01-22 05:16:54', 34, '2015-01-22 05:16:54'),
(1397, 4, '258000', '258000', 'Cost of Removal Clearing', 'L', NULL, NULL, 'active', NULL, NULL, NULL, NULL, 34, '2015-01-22 05:16:54', 34, '2015-01-22 05:16:54'),
(1398, 4, '259000', '259000', 'Suspense', 'L', NULL, NULL, 'active', NULL, NULL, NULL, NULL, 34, '2015-01-22 05:16:54', 34, '2015-01-22 05:16:54'),
(1399, 4, '260000', '260000', 'Long Term Liabilities', 'L', NULL, NULL, NULL, 1, NULL, NULL, NULL, 34, '2015-01-22 05:16:54', 34, '2015-01-23 06:53:17'),
(1400, 4, '261000', '261000', 'Long-Term Deferred Income ', 'L', NULL, NULL, NULL, 1, NULL, NULL, NULL, 34, '2015-01-22 05:16:54', 34, '2015-01-23 06:53:17'),
(1401, 4, '262000', '262000', 'Deferred Income Taxes', 'L', NULL, NULL, NULL, 1, NULL, NULL, NULL, 34, '2015-01-22 05:16:54', 34, '2015-01-23 06:53:16'),
(1402, 4, '263000', '263000', 'Other Long-Term Liabilities', 'L', NULL, NULL, NULL, 1, NULL, NULL, NULL, 34, '2015-01-22 05:16:54', 34, '2015-01-23 06:53:16'),
(1403, 4, '270000', '270000', 'Intercompany Accounts', 'L', NULL, NULL, NULL, 1, NULL, NULL, NULL, 34, '2015-01-22 05:16:54', 34, '2015-01-23 06:59:26'),
(1404, 4, '500000', '500000', 'Total COGS', 'X', NULL, NULL, NULL, NULL, NULL, NULL, NULL, 34, '2015-01-22 05:50:27', 34, '2015-01-27 02:54:43'),
(1405, 4, '502200', '502200', 'Cost Intragroup', 'X', NULL, NULL, NULL, NULL, NULL, NULL, NULL, 34, '2015-01-22 05:50:27', 34, '2015-01-26 03:32:36'),
(1406, 4, '502300', '502300', 'Cost Intergroup Service', 'X', NULL, NULL, NULL, NULL, NULL, NULL, NULL, 34, '2015-01-22 05:50:27', 34, '2015-01-26 03:32:36'),
(1407, 4, '502400', '502400', 'Cost Intragroup Service', 'X', NULL, NULL, NULL, NULL, NULL, NULL, NULL, 34, '2015-01-22 05:50:27', 34, '2015-01-26 03:32:37'),
(1408, 4, '502500', '502500', 'Cost - Other Inventory', 'X', NULL, NULL, NULL, NULL, NULL, NULL, NULL, 34, '2015-01-22 05:50:27', 34, '2015-01-26 03:59:50'),
(1409, 4, '510000', '510000', 'Other COGS - Inventory', 'X', NULL, NULL, NULL, 1, NULL, NULL, NULL, 34, '2015-01-22 05:50:27', 34, '2015-01-26 03:59:48'),
(1410, 4, '511000', '511000', 'Purchase Price Variance', 'X', NULL, NULL, NULL, 1, NULL, NULL, NULL, 34, '2015-01-22 05:50:27', 34, '2015-01-26 03:59:49'),
(1411, 4, '512000', '512000', 'Intercompany PPV', 'X', NULL, NULL, NULL, 1, NULL, NULL, NULL, 34, '2015-01-22 05:50:27', 34, '2015-01-26 03:59:50'),
(1412, 4, '513000', '513000', 'Retroactive pricing adjustment', 'X', NULL, NULL, NULL, 1, NULL, NULL, NULL, 34, '2015-01-22 05:50:27', 34, '2015-01-26 03:59:50'),
(1413, 4, '514000', '514000', 'Invoice Price Variance', 'X', NULL, NULL, NULL, 1, NULL, NULL, NULL, 34, '2015-01-22 05:50:27', 34, '2015-01-26 03:59:51'),
(1414, 4, '515000', '515000', 'Exchage Rate Variance', 'X', NULL, NULL, NULL, 1, NULL, NULL, NULL, 34, '2015-01-22 05:50:27', 34, '2015-01-26 03:59:51'),
(1415, 4, '516000', '516000', 'Physical Inventory Adjustment', 'X', NULL, NULL, NULL, 1, NULL, NULL, NULL, 34, '2015-01-22 05:50:27', 34, '2015-01-26 03:59:51'),
(1416, 4, '516500', '516500', 'Cycle Count Adjustment', 'X', NULL, NULL, NULL, 1, NULL, NULL, NULL, 34, '2015-01-22 05:50:27', 34, '2015-01-26 03:59:52'),
(1417, 4, '517000', '517000', 'WIP Variance - Material', 'X', NULL, NULL, NULL, 1, NULL, NULL, NULL, 34, '2015-01-22 05:50:27', 34, '2015-01-26 03:59:52'),
(1418, 4, '517500', '517500', 'WIP Variance - Resource', 'X', NULL, NULL, NULL, 1, NULL, NULL, NULL, 34, '2015-01-22 05:50:27', 34, '2015-01-26 03:59:52'),
(1419, 4, '518000', '518000', 'Overhead Eff. Variance', 'X', NULL, NULL, NULL, 1, NULL, NULL, NULL, 34, '2015-01-22 05:50:27', 34, '2015-01-26 03:59:53'),
(1420, 4, '518500', '518500', 'Overhead Absorption Variance', 'X', NULL, NULL, NULL, 1, NULL, NULL, NULL, 34, '2015-01-22 05:50:27', 34, '2015-01-26 03:59:53'),
(1421, 4, '519000', '519000', 'Scrap', 'X', NULL, NULL, NULL, 1, NULL, NULL, NULL, 34, '2015-01-22 05:50:27', 34, '2015-01-26 06:26:37'),
(1422, 4, '519100', '519100', 'Cycle Count Adjustment', 'X', NULL, NULL, NULL, 1, NULL, NULL, NULL, 34, '2015-01-22 05:50:27', 34, '2015-01-26 06:23:45'),
(1423, 4, '519200', '519200', 'Physical Inventory Adjustment', 'X', NULL, NULL, NULL, 1, NULL, NULL, NULL, 34, '2015-01-22 05:50:27', 34, '2015-01-26 06:23:45'),
(1424, 4, '519300', '519300', 'Rework', 'X', NULL, NULL, NULL, 1, NULL, NULL, NULL, 34, '2015-01-22 05:50:27', 34, '2015-01-26 06:23:45'),
(1425, 4, '520000', '520000', 'Total Absorption', 'X', NULL, NULL, NULL, 1, NULL, NULL, NULL, 34, '2015-01-22 05:50:27', 34, '2015-01-26 06:23:46'),
(1426, 4, '521000', '521000', 'Mfg OH Absorption ', 'X', NULL, NULL, NULL, 1, NULL, NULL, NULL, 34, '2015-01-22 05:50:27', 34, '2015-01-26 06:23:46'),
(1427, 4, '522000', '522000', 'Mfg Labor Absorption ', 'X', NULL, NULL, NULL, 1, NULL, NULL, NULL, 34, '2015-01-22 05:50:27', 34, '2015-01-29 11:20:04'),
(1428, 4, '523000', '523000', 'Material OH Absorption ', 'X', NULL, NULL, NULL, 1, NULL, NULL, NULL, 34, '2015-01-22 05:50:27', 34, '2015-01-26 06:23:47'),
(1429, 4, '524000', '524000', 'Service OH Absorption    ', 'X', NULL, NULL, NULL, 1, NULL, NULL, NULL, 34, '2015-01-22 05:50:27', 34, '2015-01-26 06:23:47'),
(1430, 4, '530000', '530000', 'Warranty & Installation', 'X', NULL, NULL, NULL, 1, NULL, NULL, NULL, 34, '2015-01-22 05:50:27', 34, '2015-01-26 06:23:47'),
(1431, 4, '531000', '531000', 'Warranty Expense', 'X', NULL, NULL, NULL, 1, NULL, NULL, NULL, 34, '2015-01-22 05:50:27', 34, '2015-01-26 06:23:48'),
(1432, 4, '532000', '532000', 'Warranty Expense 2', 'X', NULL, NULL, NULL, 1, NULL, NULL, NULL, 34, '2015-01-22 05:50:27', 34, '2015-01-26 06:23:48'),
(1433, 4, '533000', '533000', 'Installation Provision', 'X', NULL, NULL, NULL, 1, NULL, NULL, NULL, 34, '2015-01-22 05:50:27', 34, '2015-01-26 06:23:48'),
(1434, 4, '615100', '615100', 'Auto Allowance - Counter Account', 'X', NULL, NULL, NULL, NULL, NULL, NULL, NULL, 34, '2015-01-22 05:50:27', 34, '2015-01-26 07:51:54'),
(1435, 4, '615150', '615150', 'Pension Cost', 'X', NULL, NULL, NULL, NULL, NULL, NULL, NULL, 34, '2015-01-22 05:50:27', 34, '2015-01-26 07:51:54'),
(1436, 4, '615200', '615200', 'Educational Reimbursement', 'X', NULL, NULL, NULL, NULL, NULL, NULL, NULL, 34, '2015-01-22 05:50:27', 34, '2015-01-26 07:51:55'),
(1437, 4, '615250', '615250', 'Professional Development/Training', 'X', NULL, NULL, NULL, NULL, NULL, NULL, NULL, 34, '2015-01-22 05:50:27', 34, '2015-01-26 07:51:55'),
(1438, 4, '615350', '615350', 'Recruiting', 'X', NULL, NULL, NULL, NULL, NULL, NULL, NULL, 34, '2015-01-22 05:50:27', 34, '2015-01-26 07:51:56'),
(1439, 4, '615500', '615500', 'Temporary Living Allowance', 'X', NULL, NULL, NULL, NULL, NULL, NULL, NULL, 34, '2015-01-22 05:50:27', 34, '2015-01-26 07:47:44'),
(1440, 4, '615550', '615550', 'Expatriate Taxes', 'X', NULL, NULL, NULL, NULL, NULL, NULL, NULL, 34, '2015-01-22 05:50:27', 34, '2015-01-26 07:47:43'),
(1441, 4, '619000', '619000', 'Employee Suspense', 'X', NULL, NULL, NULL, 1, NULL, NULL, NULL, 34, '2015-01-22 05:50:27', 34, '2015-01-26 07:47:45'),
(1442, 4, '545000', '540000', 'Other Direct Cost', 'X', NULL, NULL, NULL, 1, NULL, NULL, NULL, 34, '2015-01-22 05:50:27', 34, '2015-01-26 05:42:15'),
(1445, 4, '543000', '543000', 'Duty & Tax', 'X', NULL, NULL, NULL, 1, NULL, NULL, NULL, 34, '2015-01-22 05:50:27', 34, '2015-01-26 06:23:50'),
(1447, 4, '544000', '544000', 'Packaging Cost', 'X', NULL, NULL, NULL, 1, NULL, NULL, NULL, 34, '2015-01-22 05:50:27', 34, '2015-01-26 06:23:50'),
(1495, 4, '600100', '600100', 'Labor Direct Accrued', 'X', NULL, NULL, NULL, NULL, NULL, NULL, NULL, 34, '2015-01-22 05:50:27', 34, '2015-01-26 05:53:31'),
(1496, 4, '600200', '600200', 'Labor - Indirect', 'X', NULL, NULL, NULL, 1, NULL, NULL, NULL, 34, '2015-01-22 05:50:27', 34, '2015-01-26 05:53:31'),
(1497, 4, '600300', '600300', 'Labor Indirect Accrued', 'X', NULL, NULL, NULL, NULL, NULL, NULL, NULL, 34, '2015-01-22 05:50:27', 34, '2015-01-26 05:53:32'),
(1498, 4, '600350', '600350', 'Severance', 'X', NULL, NULL, NULL, NULL, NULL, NULL, NULL, 34, '2015-01-22 05:50:27', 34, '2015-01-26 05:53:32'),
(1499, 4, '600120', '600120', 'Labor - Other Department', 'X', NULL, NULL, NULL, NULL, NULL, NULL, NULL, 34, '2015-01-22 05:50:27', 34, '2015-01-26 05:53:31'),
(1500, 4, '600140', '600140', 'Labor Out - Direct Labor', 'X', NULL, NULL, NULL, NULL, NULL, NULL, NULL, 34, '2015-01-22 05:50:27', 34, '2015-01-26 05:53:32'),
(1501, 4, '610000', '610000', 'Fringe Out', 'X', NULL, NULL, NULL, 1, NULL, NULL, NULL, 34, '2015-01-22 05:50:27', 34, '2015-01-26 07:08:55'),
(1503, 4, '600400', '600400', 'Overtime Premium', 'X', NULL, NULL, NULL, NULL, NULL, NULL, NULL, 34, '2015-01-22 05:50:27', 34, '2015-01-26 05:53:33'),
(1504, 4, '600450', '600450', 'Overtime Premium, accrued', 'X', NULL, NULL, NULL, NULL, NULL, NULL, NULL, 34, '2015-01-22 05:50:27', 34, '2015-01-26 05:53:33'),
(1505, 4, '600500', '600500', 'Training Time', 'X', NULL, NULL, NULL, NULL, NULL, NULL, NULL, 34, '2015-01-22 05:50:27', 34, '2015-01-26 05:53:58'),
(1506, 4, '600600', '600600', 'Saleman\'s Commissions', 'X', NULL, NULL, NULL, NULL, NULL, NULL, NULL, 34, '2015-01-22 05:50:27', 34, '2015-01-26 06:46:23'),
(1549, 4, '600000', '600000', 'Labor - Direct', 'X', NULL, NULL, NULL, NULL, NULL, NULL, NULL, 34, '2015-01-22 05:50:27', 34, '2015-01-26 05:52:35'),
(1550, 4, '625000', '625000', 'External Services/Information Technology', 'X', NULL, NULL, NULL, 1, NULL, NULL, NULL, 34, '2015-01-22 05:50:27', 34, '2015-01-26 07:51:14'),
(1551, 4, '626100', '626100', 'Other Services Re-charge OUT  Full Rate', 'X', NULL, NULL, NULL, NULL, NULL, NULL, NULL, 34, '2015-01-22 05:50:27', 34, '2015-01-26 07:51:14'),
(1552, 4, '626300', '626300', 'Other Services Re-charge OUT  Non-Reportable', 'X', NULL, NULL, NULL, NULL, NULL, NULL, NULL, 34, '2015-01-22 05:50:27', 34, '2015-01-26 07:51:15'),
(1553, 4, '626500', '626500', 'Legal2', 'X', NULL, NULL, NULL, NULL, NULL, NULL, NULL, 34, '2015-01-22 05:50:27', 34, '2015-01-26 07:51:15'),
(1554, 4, '611000', '611000', 'Fringe Benefits Accrued', 'X', NULL, NULL, NULL, NULL, NULL, NULL, NULL, 34, '2015-01-22 05:50:27', 34, '2015-01-26 07:08:55'),
(1555, 4, '612000', '612000', 'Fringe Benefits Non Taxable', 'X', NULL, NULL, NULL, NULL, NULL, NULL, NULL, 34, '2015-01-22 05:50:27', 34, '2015-01-26 07:08:55'),
(1556, 4, '614400', '614400', 'Phone Benefit Value', 'X', NULL, NULL, NULL, 1, NULL, NULL, NULL, 34, '2015-01-22 05:50:27', 34, '2015-01-26 07:13:41'),
(1560, 4, '614550', '614550', 'Stock Options, Benefit Value', 'X', NULL, NULL, NULL, NULL, NULL, NULL, NULL, 34, '2015-01-22 05:50:27', 34, '2015-01-26 07:13:41'),
(1561, 4, '614600', '614600', 'Stock Options, Benefit Value, Mfg', 'X', NULL, NULL, NULL, NULL, NULL, NULL, NULL, 34, '2015-01-22 05:50:27', 34, '2015-01-26 07:13:42'),
(1562, 4, '630000', '630000', 'Supplies - R&D', 'X', NULL, NULL, NULL, 1, NULL, NULL, NULL, 34, '2015-01-22 05:50:27', 34, '2015-01-26 07:56:58'),
(1563, 4, '613000', '613000', 'Vacation, Paid', 'X', NULL, NULL, NULL, NULL, NULL, NULL, NULL, 34, '2015-01-22 05:50:27', 34, '2015-01-26 07:08:56'),
(1564, 4, '613100', '613100', 'Vacation, Accrued', 'X', NULL, NULL, NULL, NULL, NULL, NULL, NULL, 34, '2015-01-22 05:50:27', 34, '2015-01-26 07:08:56'),
(1565, 4, '613200', '613200', 'Sick, Paid', 'X', NULL, NULL, NULL, NULL, NULL, NULL, NULL, 34, '2015-01-22 05:50:27', 34, '2015-01-26 07:08:57'),
(1566, 4, '629100', '613300', 'Insurance Refunds', 'X', NULL, NULL, NULL, NULL, NULL, NULL, NULL, 34, '2015-01-22 05:50:27', 34, '2015-01-26 07:13:39'),
(1567, 4, '629200', '614000', 'Pension Insurance', 'X', NULL, NULL, NULL, NULL, NULL, NULL, NULL, 34, '2015-01-22 05:50:27', 34, '2015-01-26 07:13:39'),
(1568, 4, '629300', '614100', 'Occupational Injury Insurance', 'X', NULL, NULL, NULL, NULL, NULL, NULL, NULL, 34, '2015-01-22 05:50:27', 34, '2015-01-26 07:13:40'),
(1569, 4, '614150', '614150', 'Unemployment Insurance', 'X', NULL, NULL, NULL, NULL, NULL, NULL, NULL, 34, '2015-01-22 05:50:27', 34, '2015-01-26 07:13:39'),
(1570, 4, '614200', '614200', 'Social Security', 'X', NULL, NULL, NULL, NULL, NULL, NULL, NULL, 34, '2015-01-22 05:50:27', 34, '2015-01-26 07:13:40'),
(1571, 4, '614250', '614250', 'Life Insurance', 'X', NULL, NULL, NULL, NULL, NULL, NULL, NULL, 34, '2015-01-22 05:50:27', 34, '2015-01-26 07:13:40'),
(1572, 4, '614300', '614300', 'Auto Allowance', 'X', NULL, NULL, NULL, NULL, NULL, NULL, NULL, 34, '2015-01-22 05:50:27', 34, '2015-01-26 07:13:41'),
(1573, 4, '614500', '614500', 'Shares, Benefit Value', 'X', NULL, NULL, NULL, NULL, NULL, NULL, NULL, 34, '2015-01-22 05:50:27', 34, '2015-01-26 07:13:41'),
(1574, 4, '630400', '630400', 'R&D NRE (Non-Recurring Eng)', 'X', NULL, NULL, NULL, NULL, NULL, NULL, NULL, 34, '2015-01-22 05:50:27', 34, '2015-01-26 07:56:59'),
(1575, 4, '630550', '630550', 'Laboratory Supplies', 'X', NULL, NULL, NULL, NULL, NULL, NULL, NULL, 34, '2015-01-22 05:50:27', 34, '2015-01-26 07:56:59'),
(1576, 4, '630600', '630600', 'Processing Materials', 'X', NULL, NULL, NULL, NULL, NULL, NULL, NULL, 34, '2015-01-22 05:50:27', 34, '2015-01-26 07:57:00'),
(1577, 4, '630650', '630650', 'Laboratory Garments', 'X', NULL, NULL, NULL, NULL, NULL, NULL, NULL, 34, '2015-01-22 05:50:27', 34, '2015-01-26 07:57:00'),
(1578, 4, '630200', '630200', 'R&D Applied Eng\'g OH', 'X', NULL, NULL, NULL, NULL, NULL, NULL, NULL, 34, '2015-01-22 05:50:27', 34, '2015-01-26 07:56:58'),
(1579, 4, '630300', '630300', 'R&D Grants', 'X', NULL, NULL, NULL, NULL, NULL, NULL, NULL, 34, '2015-01-22 05:50:27', 34, '2015-01-26 07:56:58'),
(1580, 4, '614650', '614650', 'Shares, Actual Expense', 'X', NULL, NULL, NULL, NULL, NULL, NULL, NULL, 34, '2015-01-22 05:50:27', 34, '2015-01-26 07:13:42'),
(1581, 4, '614700', '614700', 'Phone Benefit Value Counter Account', 'X', NULL, NULL, NULL, NULL, NULL, NULL, NULL, 34, '2015-01-22 05:50:27', 34, '2015-01-26 07:43:19'),
(1582, 4, '615000', '615000', 'Health Care', 'X', NULL, NULL, NULL, NULL, NULL, NULL, NULL, 34, '2015-01-22 05:50:27', 34, '2015-01-26 07:51:53'),
(1583, 4, '615300', '615300', 'Departmental Meetings', 'X', NULL, NULL, NULL, NULL, NULL, NULL, NULL, 34, '2015-01-22 05:50:27', 34, '2015-01-26 07:51:55'),
(1584, 4, '615400', '615400', 'Relocation', 'X', NULL, NULL, NULL, NULL, NULL, NULL, NULL, 34, '2015-01-22 05:50:27', 34, '2015-01-26 07:47:44'),
(1585, 4, '616000', '616000', 'Temporary Help - Direct', 'X', NULL, NULL, NULL, 1, NULL, NULL, NULL, 34, '2015-01-22 05:50:27', 34, '2015-01-26 07:47:44'),
(1586, 4, '617000', '617000', 'Temporary Help - Indirect', 'X', NULL, NULL, NULL, 1, NULL, NULL, NULL, 34, '2015-01-22 05:50:27', 34, '2015-01-26 07:47:43'),
(1587, 4, '618000', '618000', 'Other Personnel Cost', 'X', NULL, NULL, NULL, 1, NULL, NULL, NULL, 34, '2015-01-22 05:50:27', 34, '2015-01-26 07:47:45'),
(1588, 4, '621000', '621000', 'Audit & Tax', 'X', NULL, NULL, NULL, NULL, NULL, NULL, NULL, 34, '2015-01-22 05:50:27', 34, '2015-01-26 07:51:12'),
(1589, 4, '622000', '622000', 'Consultants', 'X', NULL, NULL, NULL, NULL, NULL, NULL, NULL, 34, '2015-01-22 05:50:27', 34, '2015-01-26 07:51:13'),
(1590, 4, '623000', '623000', 'Outside Data Processing', 'X', NULL, NULL, NULL, NULL, NULL, NULL, NULL, 34, '2015-01-22 05:50:27', 34, '2015-01-26 07:51:13'),
(1591, 4, '624000', '624000', 'Sales Rep Commission', 'X', NULL, NULL, NULL, NULL, NULL, NULL, NULL, 34, '2015-01-22 05:50:27', 34, '2015-01-26 07:51:13'),
(1592, 4, '626000', '626000', 'Other Purchased Services', 'X', NULL, NULL, NULL, NULL, NULL, NULL, NULL, 34, '2015-01-22 05:50:27', 34, '2015-01-26 07:51:14'),
(1593, 4, '626200', '626200', 'Other Services Re-charge OUT  Intra EU', 'X', NULL, NULL, NULL, NULL, NULL, NULL, NULL, 34, '2015-01-22 05:50:27', 34, '2015-01-26 07:51:14'),
(1594, 4, '626400', '626400', 'Other Services Re-charge OUT  Extra EU', 'X', NULL, NULL, NULL, NULL, NULL, NULL, NULL, 34, '2015-01-22 05:50:27', 34, '2015-01-26 07:51:15'),
(1595, 4, '626600', '626600', 'Legal3', 'X', NULL, NULL, NULL, NULL, NULL, NULL, NULL, 34, '2015-01-22 05:50:27', 34, '2015-01-26 07:51:16'),
(1596, 4, '630100', '630100', 'R&D Applied Mat\'l OH', 'X', NULL, NULL, NULL, NULL, NULL, NULL, NULL, 34, '2015-01-22 05:50:27', 34, '2015-01-26 07:56:57'),
(1597, 4, '630500', '630500', 'Supplies - Production/Manufacturing', 'X', NULL, NULL, NULL, NULL, NULL, NULL, NULL, 34, '2015-01-22 05:50:27', 34, '2015-01-26 07:56:59'),
(1598, 4, '630700', '630700', 'Component and Material', 'X', NULL, NULL, NULL, NULL, NULL, NULL, NULL, 34, '2015-01-22 05:50:27', 34, '2015-01-26 07:57:00'),
(1599, 4, '630750', '630750', 'Gases, Chemicals & Solvents', 'X', NULL, NULL, NULL, NULL, NULL, NULL, NULL, 34, '2015-01-22 05:50:27', 34, '2015-01-26 07:57:00'),
(1600, 4, '630800', '630800', 'Vaporization Materials', 'X', NULL, NULL, NULL, NULL, NULL, NULL, NULL, 34, '2015-01-22 05:50:27', 34, '2015-01-26 07:57:01'),
(1601, 4, '630850', '630850', 'Other Materials and Supplies', 'X', NULL, NULL, NULL, NULL, NULL, NULL, NULL, 34, '2015-01-22 05:50:27', 34, '2015-01-26 07:57:01'),
(1602, 4, '630900', '630900', 'Pattern & Tooling Charges', 'X', NULL, NULL, NULL, NULL, NULL, NULL, NULL, 34, '2015-01-22 05:50:27', 34, '2015-01-26 07:57:01'),
(1603, 4, '630950', '630950', 'Hand Tools', 'X', NULL, NULL, NULL, NULL, NULL, NULL, NULL, 34, '2015-01-22 05:50:27', 34, '2015-01-26 07:57:02'),
(1604, 4, '631000', '631000', 'Pilot Project Reserves', 'X', NULL, NULL, NULL, NULL, NULL, NULL, NULL, 34, '2015-01-22 05:50:27', 34, '2015-01-26 07:57:02'),
(1605, 4, '631050', '631050', 'Office and forms', 'X', NULL, NULL, NULL, NULL, NULL, NULL, NULL, 34, '2015-01-22 05:50:27', 34, '2015-01-26 07:57:02'),
(1606, 4, '631100', '631100', 'Computer Supplies', 'X', NULL, NULL, NULL, NULL, NULL, NULL, NULL, 34, '2015-01-22 05:50:27', 34, '2015-01-26 07:57:03'),
(1607, 4, '640000', '640000', 'Expensed Equipment', 'X', NULL, NULL, NULL, NULL, NULL, NULL, NULL, 34, '2015-01-22 05:50:27', 34, '2015-01-26 08:29:41'),
(1608, 4, '640100', '640100', 'Equipment Repair & Maintenance', 'X', NULL, NULL, NULL, NULL, NULL, NULL, NULL, 34, '2015-01-22 05:50:27', 34, '2015-01-26 08:29:43'),
(1609, 4, '640200', '640200', 'Equipment Rental', 'X', NULL, NULL, NULL, NULL, NULL, NULL, NULL, 34, '2015-01-22 05:50:27', 34, '2015-01-26 08:29:42'),
(1610, 4, '640300', '640300', 'Furniture & Fixture', 'X', NULL, NULL, NULL, NULL, NULL, NULL, NULL, 34, '2015-01-22 05:50:27', 34, '2015-01-26 08:29:42'),
(1611, 4, '640400', '640400', 'Office Machine', 'X', NULL, NULL, NULL, NULL, NULL, NULL, NULL, 34, '2015-01-22 05:50:27', 34, '2015-01-26 08:29:42'),
(1612, 4, '640500', '640500', 'Printers and Peripherals', 'X', NULL, NULL, NULL, NULL, NULL, NULL, NULL, 34, '2015-01-22 05:50:27', 34, '2015-01-26 08:36:46'),
(1613, 4, '640600', '640600', 'PC Purchases', 'X', NULL, NULL, NULL, NULL, NULL, NULL, NULL, 34, '2015-01-22 05:50:27', 34, '2015-01-26 08:29:43'),
(1615, 4, '640700', '640700', 'Auto Repair & Maintenance', 'X', NULL, NULL, NULL, NULL, NULL, NULL, NULL, 34, '2015-01-22 05:50:27', 34, '2015-01-26 08:36:46'),
(1616, 4, '640800', '640800', 'Auto License & Tax', 'X', NULL, NULL, NULL, NULL, NULL, NULL, NULL, 34, '2015-01-22 05:50:27', 34, '2015-01-26 08:36:47'),
(1620, 4, '650100', '650100', 'Convention and Seminars', 'X', NULL, NULL, NULL, NULL, NULL, NULL, NULL, 34, '2015-01-22 05:50:27', 34, '2015-01-26 08:37:58'),
(1621, 4, '650200', '650200', 'Mileage Reimbursement', 'X', NULL, NULL, NULL, NULL, NULL, NULL, NULL, 34, '2015-01-22 05:50:27', 34, '2015-01-26 08:36:48'),
(1622, 4, '650300', '650300', 'Airfare', 'X', NULL, NULL, NULL, NULL, NULL, NULL, NULL, 34, '2015-01-22 05:50:27', 34, '2015-01-26 08:36:48'),
(1623, 4, '650400', '650400', 'Car Rental', 'X', NULL, NULL, NULL, NULL, NULL, NULL, NULL, 34, '2015-01-22 05:50:27', 34, '2015-01-26 08:36:49'),
(1624, 4, '650500', '650500', 'Accommodation', 'X', NULL, NULL, NULL, NULL, NULL, NULL, NULL, 34, '2015-01-22 05:50:27', 34, '2015-01-26 08:36:49'),
(1625, 4, '650600', '650600', 'Mileage', 'X', NULL, NULL, NULL, NULL, NULL, NULL, NULL, 34, '2015-01-22 05:50:27', 34, '2015-01-26 08:36:49'),
(1626, 4, '650700', '650700', 'Taxis', 'X', NULL, NULL, NULL, NULL, NULL, NULL, NULL, 34, '2015-01-22 05:50:27', 34, '2015-01-26 08:36:50'),
(1666, 4, '300000', '300000', 'Net Assets', 'X', NULL, NULL, 'active', NULL, NULL, NULL, NULL, 34, '2015-01-22 06:04:48', 34, '2015-01-22 06:04:48'),
(1667, 4, '310000', '310000', 'Net Asset Additions', 'E', NULL, NULL, NULL, 1, NULL, NULL, NULL, 34, '2015-01-22 06:04:48', 34, '2015-01-23 07:02:27'),
(1668, 4, '320000', '320000', 'Net Asset Deductions', 'E', NULL, NULL, 'active', NULL, NULL, NULL, NULL, 34, '2015-01-22 06:04:48', 34, '2015-01-22 06:04:48'),
(1669, 4, '330000', '330000', 'Net Assets Prior Year', 'E', NULL, NULL, 'active', NULL, NULL, NULL, NULL, 34, '2015-01-22 06:04:48', 34, '2015-01-22 06:04:48'),
(1670, 4, '340000', '340000', 'Prior Year Adjustment to Net Assets', 'E', NULL, NULL, 'active', NULL, NULL, NULL, NULL, 34, '2015-01-22 06:04:48', 34, '2015-01-22 06:04:48'),
(1671, 4, '350000', '350000', 'Change in Net Assets', 'E', NULL, NULL, 'active', NULL, NULL, NULL, NULL, 34, '2015-01-22 06:04:48', 34, '2015-01-22 06:04:48'),
(1672, 4, '360000', '360000', 'Temporary Close Account', 'E', NULL, NULL, 'active', NULL, NULL, NULL, NULL, 34, '2015-01-22 06:04:48', 34, '2015-01-22 06:04:48'),
(1673, 4, '370000', '370000', 'Reserve for Encumbrances', 'E', NULL, NULL, 'active', NULL, NULL, NULL, NULL, 34, '2015-01-22 06:04:48', 34, '2015-01-22 06:04:48'),
(1674, 4, '380000', '380000', 'Translation Adjustment', 'E', NULL, NULL, 'active', NULL, NULL, NULL, NULL, 34, '2015-01-22 06:04:48', 34, '2015-01-22 06:04:48'),
(1675, 4, '380050', '380050', 'Common Stock', 'E', NULL, NULL, NULL, 1, NULL, NULL, NULL, 34, '2015-01-22 06:04:48', 34, '2015-01-23 07:02:44'),
(1676, 4, '380100', '380100', 'Treasury Stock', 'E', NULL, NULL, 'active', NULL, NULL, NULL, NULL, 34, '2015-01-22 06:04:48', 34, '2015-01-22 06:04:48'),
(1677, 4, '380150', '380150', 'Preferred Stock', 'E', NULL, NULL, NULL, 1, NULL, NULL, NULL, 34, '2015-01-22 06:04:48', 34, '2015-01-23 07:02:44'),
(1678, 4, '380200', '380200', 'Deferred Compensation', 'E', NULL, NULL, 'active', NULL, NULL, NULL, NULL, 34, '2015-01-22 06:04:48', 34, '2015-01-22 06:04:48'),
(1679, 4, '380250', '380250', 'Notes Rec From Stock Sales', 'E', NULL, NULL, 'active', NULL, NULL, NULL, NULL, 34, '2015-01-22 06:04:48', 34, '2015-01-22 06:04:48'),
(1680, 4, '380300', '380300', 'Decentralization Equity', 'E', NULL, NULL, 'active', NULL, NULL, NULL, NULL, 34, '2015-01-22 06:04:48', 34, '2015-01-22 06:04:48'),
(1681, 4, '390000', '390000', 'Retained Earnings', 'E', NULL, NULL, NULL, NULL, NULL, NULL, NULL, 34, '2015-01-22 06:04:48', 34, '2015-01-23 07:02:57'),
(1682, 4, '400000', '400000', 'Total Revenue', 'R', NULL, NULL, NULL, NULL, NULL, NULL, NULL, 34, '2015-01-22 06:04:48', 34, '2015-01-25 05:19:41'),
(1683, 4, '401000', '401000', 'External Sales', 'R', NULL, NULL, NULL, 1, NULL, NULL, NULL, 34, '2015-01-22 06:04:48', 34, '2015-01-26 03:07:11'),
(1684, 4, '401050', '401050', 'External Sales - JE Account', 'R', NULL, NULL, 'active', NULL, NULL, NULL, NULL, 34, '2015-01-22 06:04:48', 34, '2015-01-22 06:04:48'),
(1685, 4, '401100', '401100', 'External Service', 'R', NULL, NULL, 'active', NULL, NULL, NULL, NULL, 34, '2015-01-22 06:04:48', 34, '2015-01-22 06:04:48'),
(1686, 4, '401150', '401150', 'External Service - JE Account', 'R', NULL, NULL, 'active', NULL, NULL, NULL, NULL, 34, '2015-01-22 06:04:48', 34, '2015-01-22 06:04:48'),
(1687, 4, '401200', '401200', 'External Sales - Non US', 'R', NULL, NULL, 'active', NULL, NULL, NULL, NULL, 34, '2015-01-22 06:04:48', 34, '2015-01-22 06:04:48'),
(1688, 4, '401250', '401250', 'External Service - Third Party', 'R', NULL, NULL, NULL, NULL, NULL, NULL, NULL, 34, '2015-01-22 06:04:48', 34, '2015-01-26 03:07:10'),
(1689, 4, '401300', '401300', 'Internt\'l Rep Commission', 'R', NULL, NULL, 'active', NULL, NULL, NULL, NULL, 34, '2015-01-22 06:04:48', 34, '2015-01-22 06:04:48'),
(1690, 4, '401350', '401500', 'Internal Sales', 'R', NULL, NULL, NULL, 1, NULL, NULL, NULL, 34, '2015-01-22 06:04:48', 34, '2015-01-26 03:07:11'),
(1691, 4, '401400', '401600', 'Intergroup Sales', 'R', NULL, NULL, NULL, NULL, NULL, NULL, NULL, 34, '2015-01-22 06:04:48', 34, '2015-01-26 03:07:12'),
(1692, 4, '401450', '401700', 'Intragroup Sales', 'R', NULL, NULL, NULL, NULL, NULL, NULL, NULL, 34, '2015-01-22 06:04:48', 34, '2015-01-26 03:07:12'),
(1693, 4, '410000', '410000', 'I/C Revenue - Corporate', 'R', NULL, NULL, NULL, NULL, NULL, NULL, NULL, 34, '2015-01-22 06:04:48', 34, '2015-01-26 03:07:12'),
(1694, 4, '411000', '411000', 'I/C Revenue - Distribution', 'R', NULL, NULL, NULL, NULL, NULL, NULL, NULL, 34, '2015-01-22 06:04:48', 34, '2015-01-26 03:07:12'),
(1695, 4, '412000', '412000', 'I/C Revenue - Facilities', 'R', NULL, NULL, NULL, NULL, NULL, NULL, NULL, 34, '2015-01-22 06:04:48', 34, '2015-01-26 03:07:13'),
(1696, 4, '420000', '420000', 'Revenue Deductions', 'R', NULL, NULL, NULL, 1, NULL, NULL, NULL, 34, '2015-01-22 06:04:48', 34, '2015-01-26 03:07:13'),
(1697, 4, '421000', '421000', 'Contractual Adjustments', 'R', NULL, NULL, 'active', NULL, NULL, NULL, NULL, 34, '2015-01-22 06:04:48', 34, '2015-01-22 06:04:48'),
(1698, 4, '422000', '422000', 'Employee Discount/Adjustment', 'R', NULL, NULL, 'active', NULL, NULL, NULL, NULL, 34, '2015-01-22 06:04:48', 34, '2015-01-22 06:04:48'),
(1699, 4, '423000', '423000', 'Sales Discount', 'R', NULL, NULL, NULL, NULL, NULL, NULL, NULL, 34, '2015-01-22 06:04:48', 34, '2015-01-26 03:07:13'),
(1700, 4, '430000', '430000', 'Other Operating Income', 'R', NULL, NULL, NULL, 1, NULL, NULL, NULL, 34, '2015-01-22 06:04:48', 34, '2015-01-26 03:07:14'),
(1701, 4, '431000', '431000', 'Cafeteria Revenue', 'R', NULL, NULL, 'active', NULL, NULL, NULL, NULL, 34, '2015-01-22 06:04:48', 34, '2015-01-22 06:04:48'),
(1702, 4, '432000', '432000', 'Retail Pharmacy Revenue', 'R', NULL, NULL, 'active', NULL, NULL, NULL, NULL, 34, '2015-01-22 06:04:48', 34, '2015-01-22 06:04:48'),
(1703, 4, '433000', '433000', 'Grant Revenue', 'R', NULL, NULL, 'active', NULL, NULL, NULL, NULL, 34, '2015-01-22 06:04:48', 34, '2015-01-22 06:04:48'),
(1704, 4, '439000', '439000', 'Miscellaneous Revenue', 'R', NULL, NULL, 'active', NULL, NULL, NULL, NULL, 34, '2015-01-22 06:04:48', 34, '2015-01-22 06:04:48'),
(1705, 4, '440000', '440000', 'Investment Income', 'R', NULL, NULL, 'active', NULL, NULL, NULL, NULL, 34, '2015-01-22 06:04:48', 34, '2015-01-22 06:04:48'),
(1706, 4, '441000', '441000', 'Short Term Investment Income', 'R', NULL, NULL, 'active', NULL, NULL, NULL, NULL, 34, '2015-01-22 06:04:48', 34, '2015-01-22 06:04:48'),
(1707, 4, '442000', '442000', 'Miscellaneous Interest Income', 'R', NULL, NULL, 'active', NULL, NULL, NULL, NULL, 34, '2015-01-22 06:04:48', 34, '2015-01-22 06:04:48'),
(1708, 4, '443000', '443000', 'Realized Gain Loss on Investments', 'R', NULL, NULL, 'active', NULL, NULL, NULL, NULL, 34, '2015-01-22 06:04:48', 34, '2015-01-22 06:04:48'),
(1709, 4, '450000', '450000', 'Affiliate Revenue', 'R', NULL, NULL, 'active', NULL, NULL, NULL, NULL, 34, '2015-01-22 06:04:48', 34, '2015-01-22 06:04:48'),
(1710, 4, '451000', '451000', 'I/C Revenue Regional Hospital', 'R', NULL, NULL, 'active', NULL, NULL, NULL, NULL, 34, '2015-01-22 06:04:48', 34, '2015-01-22 06:04:48'),
(1711, 4, '452000', '452000', 'I/C Revenue Community Hospital', 'R', NULL, NULL, 'active', NULL, NULL, NULL, NULL, 34, '2015-01-22 06:04:48', 34, '2015-01-22 06:04:48'),
(1712, 4, '453000', '453000', 'I/C Revenue VHS Clinic', 'R', NULL, NULL, 'active', NULL, NULL, NULL, NULL, 34, '2015-01-22 06:04:48', 34, '2015-01-22 06:04:48'),
(1713, 4, '455000', '455000', 'I/C Revenue Foundation', 'R', NULL, NULL, 'active', NULL, NULL, NULL, NULL, 34, '2015-01-22 06:04:48', 34, '2015-01-22 06:04:48'),
(1714, 4, '456000', '456000', 'I/C Revenue Corporate Services', 'R', NULL, NULL, 'active', NULL, NULL, NULL, NULL, 34, '2015-01-22 06:04:48', 34, '2015-01-22 06:04:48'),
(1715, 4, '457000', '457000', 'I/C Revenue Distribution Center', 'R', NULL, NULL, 'active', NULL, NULL, NULL, NULL, 34, '2015-01-22 06:04:48', 34, '2015-01-22 06:04:48'),
(1716, 4, '460000', '460000', 'Gain on Investment - Realized', 'R', NULL, NULL, 'active', NULL, NULL, NULL, NULL, 34, '2015-01-22 06:04:48', 34, '2015-01-22 06:04:48'),
(1717, 4, '460100', '460100', 'Gain on Investment- Unrealized', 'R', NULL, NULL, 'active', NULL, NULL, NULL, NULL, 34, '2015-01-22 06:04:48', 34, '2015-01-22 06:04:48'),
(1718, 4, '460200', '460200', 'Interest Income', 'R', NULL, NULL, 'active', NULL, NULL, NULL, NULL, 34, '2015-01-22 06:04:48', 34, '2015-01-22 06:04:48'),
(1719, 4, '460300', '460300', 'Interest Income from Short Term Investments', 'R', NULL, NULL, 'active', NULL, NULL, NULL, NULL, 34, '2015-01-22 06:04:48', 34, '2015-01-22 06:04:48'),
(1720, 4, '460400', '460400', 'Cash Discounts', 'R', NULL, NULL, 'active', NULL, NULL, NULL, NULL, 34, '2015-01-22 06:04:48', 34, '2015-01-22 06:04:48'),
(1721, 4, '460500', '460500', 'Dividends', 'R', NULL, NULL, 'active', NULL, NULL, NULL, NULL, 34, '2015-01-22 06:04:48', 34, '2015-01-22 06:04:48'),
(1722, 4, '460600', '460600', 'Minority JV Income', 'R', NULL, NULL, 'active', NULL, NULL, NULL, NULL, 34, '2015-01-22 06:04:48', 34, '2015-01-22 06:04:48'),
(1723, 4, '460700', '460700', 'Other Income', 'R', NULL, NULL, 'active', NULL, NULL, NULL, NULL, 34, '2015-01-22 06:04:48', 34, '2015-01-22 06:04:48'),
(1724, 4, '460800', '460800', 'Gain from Reversal of Accruals', 'R', NULL, NULL, 'active', NULL, NULL, NULL, NULL, 34, '2015-01-22 06:04:48', 34, '2015-01-22 06:04:48'),
(1725, 4, '460900', '460900', 'Loss on Investment - Unrealized', 'R', NULL, NULL, 'active', NULL, NULL, NULL, NULL, 34, '2015-01-22 06:04:48', 34, '2015-01-22 06:04:48'),
(1726, 4, '461000', '461000', 'Interest Expense', 'R', NULL, NULL, 'active', NULL, NULL, NULL, NULL, 34, '2015-01-22 06:04:48', 34, '2015-01-22 06:04:48'),
(1727, 4, '461100', '461100', 'Interest expense of subordinated loans, current year', 'R', NULL, NULL, 'active', NULL, NULL, NULL, NULL, 34, '2015-01-22 06:04:48', 34, '2015-01-22 06:04:48'),
(1728, 4, '461200', '461200', 'Interest expense from Leasing Contracts', 'R', NULL, NULL, 'active', NULL, NULL, NULL, NULL, 34, '2015-01-22 06:04:48', 34, '2015-01-22 06:04:48'),
(1729, 4, '461300', '461300', 'Tax Penalties', 'R', NULL, NULL, 'active', NULL, NULL, NULL, NULL, 34, '2015-01-22 06:04:48', 34, '2015-01-22 06:04:48'),
(1730, 4, '461400', '461400', 'Misc Business Taxes', 'R', NULL, NULL, 'active', NULL, NULL, NULL, NULL, 34, '2015-01-22 06:04:48', 34, '2015-01-22 06:04:48'),
(1731, 4, '461500', '461500', 'Other Expense, Random', 'R', NULL, NULL, 'active', NULL, NULL, NULL, NULL, 34, '2015-01-22 06:04:48', 34, '2015-01-22 06:04:48'),
(1732, 4, '461600', '461600', 'Other Financial Expense', 'R', NULL, NULL, 'active', NULL, NULL, NULL, NULL, 34, '2015-01-22 06:04:48', 34, '2015-01-22 06:04:48'),
(1733, 4, '461700', '461700', 'Other Expense', 'R', NULL, NULL, 'active', NULL, NULL, NULL, NULL, 34, '2015-01-22 06:04:48', 34, '2015-01-22 06:04:48'),
(1734, 4, '461800', '461800', 'I/C Interest Income', 'R', NULL, NULL, 'active', NULL, NULL, NULL, NULL, 34, '2015-01-22 06:04:48', 34, '2015-01-22 06:04:48'),
(1735, 4, '461900', '461900', 'I/C Interest Expense', 'R', NULL, NULL, 'active', NULL, NULL, NULL, NULL, 34, '2015-01-22 06:04:48', 34, '2015-01-22 06:04:48'),
(1736, 4, '462000', '462000', 'I/C Service Fees', 'R', NULL, NULL, 'active', NULL, NULL, NULL, NULL, 34, '2015-01-22 06:04:48', 34, '2015-01-22 06:04:48'),
(1737, 4, '462100', '462100', 'I/C Global Service Allocation', 'R', NULL, NULL, 'active', NULL, NULL, NULL, NULL, 34, '2015-01-22 06:04:48', 34, '2015-01-22 06:04:48'),
(1738, 4, '462200', '462200', 'I/C Royalty Income', 'R', NULL, NULL, 'active', NULL, NULL, NULL, NULL, 34, '2015-01-22 06:04:48', 34, '2015-01-22 06:04:48'),
(1739, 4, '462300', '462300', 'I/C Royalty Expense', 'R', NULL, NULL, 'active', NULL, NULL, NULL, NULL, 34, '2015-01-22 06:04:48', 34, '2015-01-22 06:04:48'),
(1740, 4, '462400', '462400', 'FX Gain - Realized', 'R', NULL, NULL, 'active', NULL, NULL, NULL, NULL, 34, '2015-01-22 06:04:48', 34, '2015-01-22 06:04:48'),
(1741, 4, '462500', '462500', 'FX Gain, Intercompany Loans', 'R', NULL, NULL, 'active', NULL, NULL, NULL, NULL, 34, '2015-01-22 06:04:48', 34, '2015-01-22 06:04:48'),
(1742, 4, '462600', '462600', 'FX Gain from Sales, Realized', 'R', NULL, NULL, 'active', NULL, NULL, NULL, NULL, 34, '2015-01-22 06:04:48', 34, '2015-01-22 06:04:48'),
(1743, 4, '462700', '462700', 'FX Gain - Unrealized', 'R', NULL, NULL, 'active', NULL, NULL, NULL, NULL, 34, '2015-01-22 06:04:48', 34, '2015-01-22 06:04:48'),
(1744, 4, '462800', '462800', 'FX Gain Sales, Unrealized', 'R', NULL, NULL, 'active', NULL, NULL, NULL, NULL, 34, '2015-01-22 06:04:48', 34, '2015-01-22 06:04:48'),
(1745, 4, '462900', '462900', 'FX Loss - Realized', 'R', NULL, NULL, 'active', NULL, NULL, NULL, NULL, 34, '2015-01-22 06:04:48', 34, '2015-01-22 06:04:48'),
(1746, 4, '463000', '463000', 'FX Loss, Intercompany Loans', 'R', NULL, NULL, 'active', NULL, NULL, NULL, NULL, 34, '2015-01-22 06:04:48', 34, '2015-01-22 06:04:48'),
(1747, 4, '463100', '463100', 'FX Loss from Sales, Realized', 'R', NULL, NULL, 'active', NULL, NULL, NULL, NULL, 34, '2015-01-22 06:04:48', 34, '2015-01-22 06:04:48'),
(1748, 4, '463200', '463200', 'FX Loss - Unrealized', 'R', NULL, NULL, 'active', NULL, NULL, NULL, NULL, 34, '2015-01-22 06:04:48', 34, '2015-01-22 06:04:48'),
(1749, 4, '463300', '463300', 'FX Loss from Sales, Unrealized', 'R', NULL, NULL, 'active', NULL, NULL, NULL, NULL, 34, '2015-01-22 06:04:48', 34, '2015-01-22 06:04:48'),
(1750, 4, '463400', '463400', 'Gain/Loss from Disposition of Operations', 'R', NULL, NULL, NULL, NULL, NULL, NULL, NULL, 34, '2015-01-22 06:04:48', 34, '2015-01-27 02:54:44'),
(1751, 3, '0000', '0000', '0000', NULL, NULL, NULL, NULL, NULL, NULL, NULL, NULL, 34, '2015-01-22 06:34:32', 34, '2015-01-22 06:34:32'),
(1752, 3, '9000', '9000', 'Corporate', NULL, NULL, NULL, NULL, NULL, NULL, NULL, NULL, 34, '2015-01-22 08:43:27', 34, '2015-01-22 08:43:27'),
(1753, 4, '102000', '102000', 'Investments', 'A', NULL, NULL, NULL, 1, NULL, NULL, NULL, 34, '2015-01-22 15:24:09', 34, '2015-01-23 06:14:08'),
(1755, 4, '210001', '210500', 'Bank Loan1', 'L', NULL, NULL, NULL, NULL, NULL, NULL, NULL, 34, '2015-01-22 19:21:22', 34, '2015-01-23 06:41:09'),
(1756, 4, '106000', '106000', 'Prepaids Expenses', 'A', NULL, NULL, NULL, 1, NULL, NULL, NULL, 34, '2015-01-23 06:05:22', 34, '2015-01-23 06:05:22'),
(1757, 4, '280000', '280000', ' Long-Term Debt', 'L', NULL, NULL, NULL, 1, NULL, NULL, NULL, 34, '2015-01-23 06:59:26', 34, '2015-01-23 06:59:26'),
(1758, 4, '399999', '399999', 'Equity-Others', 'E', NULL, NULL, NULL, 1, NULL, NULL, NULL, 34, '2015-01-24 08:54:52', 34, '2015-01-26 08:05:39'),
(1759, 4, '299999', '299999', 'Liability-UnMatched', 'L', NULL, NULL, NULL, 1, NULL, NULL, NULL, 34, '2015-01-24 08:54:53', 34, '2015-01-26 08:05:39'),
(1760, 4, '199999', '199999', 'Unassigned Assets', 'A', NULL, NULL, NULL, 1, NULL, NULL, NULL, 34, '2015-01-24 09:00:33', 34, '2015-01-24 09:00:33'),
(1761, 4, '105040', '105040', 'Raw Material - MOH', 'A', NULL, NULL, NULL, NULL, NULL, NULL, NULL, 34, '2015-01-24 17:30:57', 34, '2015-01-24 17:30:57'),
(1762, 4, '105050', '105050', 'Raw Material - Resource', 'A', NULL, NULL, NULL, NULL, NULL, NULL, NULL, 34, '2015-01-24 17:30:57', 34, '2015-01-24 17:31:51'),
(1763, 4, '105030', '105030', 'Raw Material - Overhead', 'A', NULL, NULL, NULL, NULL, NULL, NULL, NULL, 34, '2015-01-24 17:30:57', 34, '2015-01-24 17:30:57'),
(1765, 4, '105060', '105060', 'Raw Material - OSP', 'A', NULL, NULL, NULL, NULL, NULL, NULL, NULL, 34, '2015-01-24 17:31:51', 34, '2015-01-24 17:34:55'),
(1766, 4, '105130', '105130', 'WIP - Overhead', 'A', NULL, NULL, NULL, NULL, NULL, NULL, NULL, 34, '2015-01-24 17:34:54', 34, '2015-01-24 17:34:54'),
(1767, 4, '105150', '105150', 'WIP - Resource', 'A', NULL, NULL, NULL, NULL, NULL, NULL, NULL, 34, '2015-01-24 17:34:54', 34, '2015-01-24 17:34:54'),
(1768, 4, '105140', '105140', 'WIP - MOH', 'A', NULL, NULL, NULL, NULL, NULL, NULL, NULL, 34, '2015-01-24 17:34:55', 34, '2015-01-24 17:34:55'),
(1769, 4, '105160', '105160', 'WIP - OSP', 'A', NULL, NULL, NULL, NULL, NULL, NULL, NULL, 34, '2015-01-24 17:34:55', 34, '2015-01-24 17:34:55'),
(1771, 4, '105240', '105240', 'Finished Goods - MOH', 'A', NULL, NULL, NULL, NULL, NULL, NULL, NULL, 34, '2015-01-24 17:37:15', 34, '2015-01-24 17:38:17'),
(1772, 4, '105250', '105250', 'Finished Goods - Resource', 'A', NULL, NULL, NULL, NULL, NULL, NULL, NULL, 34, '2015-01-24 17:37:15', 34, '2015-01-24 17:37:15'),
(1773, 4, '105260', '105260', 'Finished Goods - OSP', 'A', NULL, NULL, NULL, NULL, NULL, NULL, NULL, 34, '2015-01-24 17:37:15', 34, '2015-01-24 17:37:15'),
(1774, 4, '105230', '105230', 'Finished Goods - Overheade', 'A', NULL, NULL, NULL, NULL, NULL, NULL, NULL, 34, '2015-01-24 17:38:17', 34, '2015-01-24 17:38:17'),
(1775, 4, '105220', '105220', 'Finished Goods - RAW', 'A', NULL, NULL, NULL, NULL, NULL, NULL, NULL, 34, '2015-01-25 04:00:48', 34, '2015-01-25 04:00:48'),
(1778, 4, '399900', '399900', 'Retained Earnings - Expected', 'E', NULL, NULL, NULL, NULL, NULL, NULL, NULL, 34, '2015-01-25 04:40:39', 34, '2015-01-25 04:40:39'),
(1783, 4, '602000', '602000', 'Pension Cost', NULL, NULL, NULL, NULL, NULL, NULL, NULL, NULL, 34, '2015-01-26 06:40:08', 34, '2015-01-26 06:40:08'),
(1784, 4, '604000', '604000', 'Recruiting', NULL, NULL, NULL, NULL, NULL, NULL, NULL, NULL, 34, '2015-01-26 06:40:08', 34, '2015-01-26 06:40:08'),
(1785, 4, '603000', '603000', 'Professional Development/Training', NULL, NULL, NULL, NULL, NULL, NULL, NULL, NULL, 34, '2015-01-26 06:40:09', 34, '2015-01-26 06:56:25'),
(1786, 4, '601000', '601000', 'Health Care', NULL, NULL, NULL, NULL, NULL, NULL, NULL, NULL, 34, '2015-01-26 06:40:09', 34, '2015-01-26 06:56:25'),
(1787, 4, '650000', '620000', 'Legal', 'X', NULL, NULL, NULL, NULL, NULL, NULL, NULL, 34, '2015-01-26 06:40:09', 34, '2015-01-26 07:51:12'),
(1788, 4, '609000', '609000', 'Other Personnel Cost', NULL, NULL, NULL, NULL, NULL, NULL, NULL, NULL, 34, '2015-01-26 06:40:10', 34, '2015-01-26 06:40:10'),
(1801, 4, '660000', '660000', 'Advertisement', 'X', NULL, NULL, NULL, 1, NULL, NULL, NULL, 34, '2015-01-26 09:28:47', 34, '2015-01-26 09:28:47'),
(1802, 4, '660100', '660100', 'Ad Preparation, Copy & Press Release', 'X', NULL, NULL, NULL, NULL, NULL, NULL, NULL, 34, '2015-01-26 09:28:47', 34, '2015-01-26 09:28:47'),
(1803, 4, '660200', '660200', 'Ad Space', 'X', NULL, NULL, NULL, NULL, NULL, NULL, NULL, 34, '2015-01-26 09:28:47', 34, '2015-01-26 09:28:47'),
(1804, 4, '660300', '660300', 'Direct mail Advertising', 'X', NULL, NULL, NULL, NULL, NULL, NULL, NULL, 34, '2015-01-26 09:28:47', 34, '2015-01-26 09:28:47'),
(1805, 4, '660400', '660400', 'Literature & Brochures', 'X', NULL, NULL, NULL, NULL, NULL, NULL, NULL, 34, '2015-01-26 09:28:47', 34, '2015-01-26 09:28:47'),
(1806, 4, '660500', '660500', 'Public/Media Relations - Non Taxable', 'X', NULL, NULL, NULL, NULL, NULL, NULL, NULL, 34, '2015-01-26 09:28:47', 34, '2015-01-26 09:28:47'),
(1807, 4, '660600', '660600', 'Demo Amort/Depreciation', 'X', NULL, NULL, NULL, NULL, NULL, NULL, NULL, 34, '2015-01-26 09:28:47', 34, '2015-01-26 09:28:47'),
(1808, 4, '660700', '660700', 'Other Demo Expenses', 'X', NULL, NULL, NULL, NULL, NULL, NULL, NULL, 34, '2015-01-26 09:28:47', 34, '2015-01-26 09:28:47'),
(1809, 4, '660800', '660800', 'Presentations & Seminars', 'X', NULL, NULL, NULL, NULL, NULL, NULL, NULL, 34, '2015-01-26 09:28:47', 34, '2015-01-26 09:28:47'),
(1810, 4, '660900', '660900', 'Customer Presentation Material', 'X', NULL, NULL, NULL, NULL, NULL, NULL, NULL, 34, '2015-01-26 09:28:47', 34, '2015-01-26 09:28:47'),
(1811, 4, '661000', '661000', 'Trade Shows', 'X', NULL, NULL, NULL, NULL, NULL, NULL, NULL, 34, '2015-01-26 09:28:47', 34, '2015-01-26 09:28:47'),
(1812, 4, '661100', '661100', 'Sales Training & Materials', 'X', NULL, NULL, NULL, NULL, NULL, NULL, NULL, 34, '2015-01-26 09:28:47', 34, '2015-01-26 09:28:47'),
(1813, 4, '661200', '661200', 'Gifts < 35 Euro', 'X', NULL, NULL, NULL, NULL, NULL, NULL, NULL, 34, '2015-01-26 09:28:47', 34, '2015-01-26 09:28:47'),
(1814, 4, '661300', '661300', 'Nondeductible customer expenses', 'X', NULL, NULL, NULL, NULL, NULL, NULL, NULL, 34, '2015-01-26 09:28:47', 34, '2015-01-26 09:28:47'),
(1815, 4, '661400', '661400', 'Other Promotion Costs', 'X', NULL, NULL, NULL, NULL, NULL, NULL, NULL, 34, '2015-01-26 09:28:47', 34, '2015-01-26 09:28:47'),
(1816, 4, '670000', '670000', 'Utilities & Facilities', 'X', NULL, NULL, NULL, 1, NULL, NULL, NULL, 34, '2015-01-26 09:28:47', 34, '2015-01-26 09:28:47'),
(1817, 4, '670100', '670100', 'Utilities', 'X', NULL, NULL, NULL, NULL, NULL, NULL, NULL, 34, '2015-01-26 09:28:47', 34, '2015-01-26 09:28:47'),
(1818, 4, '670200', '670200', 'Facilities Repair & Maint', 'X', NULL, NULL, NULL, NULL, NULL, NULL, NULL, 34, '2015-01-26 09:28:47', 34, '2015-01-26 09:28:47'),
(1819, 4, '670300', '670300', 'Facilities Cleaning', 'X', NULL, NULL, NULL, NULL, NULL, NULL, NULL, 34, '2015-01-26 09:28:47', 34, '2015-01-26 09:28:47'),
(1820, 4, '670400', '670400', 'Facilities Heating', 'X', NULL, NULL, NULL, NULL, NULL, NULL, NULL, 34, '2015-01-26 09:28:47', 34, '2015-01-26 09:28:47'),
(1821, 4, '670500', '670500', 'Facilities Electricity', 'X', NULL, NULL, NULL, NULL, NULL, NULL, NULL, 34, '2015-01-26 09:28:47', 34, '2015-01-26 09:28:47'),
(1822, 4, '670600', '670600', 'Facilities Water', 'X', NULL, NULL, NULL, NULL, NULL, NULL, NULL, 34, '2015-01-26 09:28:47', 34, '2015-01-26 09:28:47'),
(1823, 4, '670700', '670700', 'Facilities Guarding', 'X', NULL, NULL, NULL, NULL, NULL, NULL, NULL, 34, '2015-01-26 09:28:47', 34, '2015-01-26 09:28:47'),
(1824, 4, '670800', '670800', 'Facilities,  Other Expenses', 'X', NULL, NULL, NULL, NULL, NULL, NULL, NULL, 34, '2015-01-26 09:28:47', 34, '2015-01-26 09:28:47'),
(1825, 4, '670900', '670900', 'Facilities Rent', 'X', NULL, NULL, NULL, NULL, NULL, NULL, NULL, 34, '2015-01-26 09:28:47', 34, '2015-01-26 09:28:47'),
(1826, 4, '671000', '671000', 'Facilities Relo/Rearrangement', 'X', NULL, NULL, NULL, NULL, NULL, NULL, NULL, 34, '2015-01-26 09:28:47', 34, '2015-01-26 09:28:47'),
(1827, 4, '671100', '671100', 'Facilities Depreciation', 'X', NULL, NULL, NULL, NULL, NULL, NULL, NULL, 34, '2015-01-26 09:28:47', 34, '2015-01-26 09:28:47'),
(1828, 4, '671200', '671200', 'Hazardous Waste', 'X', NULL, NULL, NULL, NULL, NULL, NULL, NULL, 34, '2015-01-26 09:28:47', 34, '2015-01-26 09:28:47'),
(1829, 4, '671300', '671300', 'Phone - Telecommuting', 'X', NULL, NULL, NULL, NULL, NULL, NULL, NULL, 34, '2015-01-26 09:28:47', 34, '2015-01-26 09:28:47'),
(1830, 4, '671400', '671400', 'Phone - Cellular', 'X', NULL, NULL, NULL, NULL, NULL, NULL, NULL, 34, '2015-01-26 09:28:47', 34, '2015-01-26 09:28:47'),
(1831, 4, '671500', '671500', 'Phone - Office', 'X', NULL, NULL, NULL, NULL, NULL, NULL, NULL, 34, '2015-01-26 09:28:47', 34, '2015-01-26 09:28:47'),
(1832, 4, '671600', '671600', 'Telecommunications Rents', 'X', NULL, NULL, NULL, NULL, NULL, NULL, NULL, 34, '2015-01-26 09:28:47', 34, '2015-01-26 09:28:47'),
(1833, 4, '671700', '671700', 'Telecommunications Supplies', 'X', NULL, NULL, NULL, NULL, NULL, NULL, NULL, 34, '2015-01-26 09:28:47', 34, '2015-01-26 09:28:47'),
(1834, 4, '680000', '680000', 'Bank Charges', 'X', NULL, NULL, NULL, 1, NULL, NULL, NULL, 34, '2015-01-26 09:28:47', 34, '2015-01-26 09:28:47'),
(1835, 4, '681000', '681000', 'Insurance', 'X', NULL, NULL, NULL, NULL, NULL, NULL, NULL, 34, '2015-01-26 09:28:47', 34, '2015-01-26 09:28:47'),
(1836, 4, '682000', '682000', 'Bad Debt', 'X', NULL, NULL, NULL, 1, NULL, NULL, NULL, 34, '2015-01-26 09:28:47', 34, '2015-01-26 09:28:47'),
(1837, 4, '690000', '690000', 'Other Expenses', 'X', NULL, NULL, NULL, 1, NULL, NULL, NULL, 34, '2015-01-26 09:28:47', 34, '2015-01-26 09:28:47'),
(1838, 4, '690010', '690010', 'Property Tax', 'X', NULL, NULL, NULL, NULL, NULL, NULL, NULL, 34, '2015-01-26 09:28:47', 34, '2015-01-26 09:28:47'),
(1839, 4, '690020', '690020', 'Noncapitalized Projects', 'X', NULL, NULL, NULL, NULL, NULL, NULL, NULL, 34, '2015-01-26 09:28:47', 34, '2015-01-26 09:28:47'),
(1840, 4, '690030', '690030', 'Director Fees', 'X', NULL, NULL, NULL, NULL, NULL, NULL, NULL, 34, '2015-01-26 09:28:47', 34, '2015-01-26 09:28:47'),
(1841, 4, '690040', '690040', 'Transfer Agent', 'X', NULL, NULL, NULL, NULL, NULL, NULL, NULL, 34, '2015-01-26 09:28:47', 34, '2015-01-26 09:28:47'),
(1842, 4, '690050', '690050', 'Shareholder Communication', 'X', NULL, NULL, NULL, NULL, NULL, NULL, NULL, 34, '2015-01-26 09:28:47', 34, '2015-01-26 09:28:47'),
(1843, 4, '690060', '690060', 'Other Shareholder Cost', 'X', NULL, NULL, NULL, NULL, NULL, NULL, NULL, 34, '2015-01-26 09:28:47', 34, '2015-01-26 09:28:47'),
(1844, 4, '690070', '690070', 'Business Licensing & Registration', 'X', NULL, NULL, NULL, NULL, NULL, NULL, NULL, 34, '2015-01-26 09:28:47', 34, '2015-01-26 09:28:47'),
(1845, 4, '690080', '690080', 'Outside Collection Fees', 'X', NULL, NULL, NULL, NULL, NULL, NULL, NULL, 34, '2015-01-26 09:28:47', 34, '2015-01-26 09:28:47'),
(1846, 4, '690090', '690090', 'Software licenses', 'X', NULL, NULL, NULL, NULL, NULL, NULL, NULL, 34, '2015-01-26 09:28:47', 34, '2015-01-26 09:28:47'),
(1847, 4, '690100', '690100', 'Prof dues and subscriptions', 'X', NULL, NULL, NULL, NULL, NULL, NULL, NULL, 34, '2015-01-26 09:28:47', 34, '2015-01-26 09:28:47');
INSERT INTO `sys_value_group_line` (`sys_value_group_line_id`, `sys_value_group_header_id`, `code`, `code_value`, `description`, `account_qualifier`, `allow_budgeting_cb`, `allow_posting_cb`, `status`, `parent_cb`, `parent_line_id`, `effective_start_date`, `effective_end_date`, `created_by`, `creation_date`, `last_update_by`, `last_update_date`) VALUES
(1848, 4, '690110', '690110', 'Magazines, Books & Other Periodicals', 'X', NULL, NULL, NULL, NULL, NULL, NULL, NULL, 34, '2015-01-26 09:28:47', 34, '2015-01-26 09:28:47'),
(1849, 4, '690120', '690120', 'Postage & Misc Freight', 'X', NULL, NULL, NULL, NULL, NULL, NULL, NULL, 34, '2015-01-26 09:28:47', 34, '2015-01-26 09:28:47'),
(1850, 4, '690130', '690130', 'Postage & Misc Freight - Non Taxable (Japan Use Only)', 'X', NULL, NULL, NULL, NULL, NULL, NULL, NULL, 34, '2015-01-26 09:28:47', 34, '2015-01-26 09:28:47'),
(1851, 4, '690140', '690140', 'Taxes - Other', 'X', NULL, NULL, NULL, NULL, NULL, NULL, NULL, 34, '2015-01-26 09:28:47', 34, '2015-01-26 09:28:47'),
(1852, 4, '690160', '690160', 'Rounding differences', 'X', NULL, NULL, NULL, NULL, NULL, NULL, NULL, 34, '2015-01-26 09:28:47', 34, '2015-01-26 09:28:47'),
(1853, 4, '690170', '690170', 'Other Expense, Not Tax Deductible in Taxation', 'X', NULL, NULL, NULL, NULL, NULL, NULL, NULL, 34, '2015-01-26 09:28:47', 34, '2015-01-26 09:28:47'),
(1854, 4, '690180', '690180', 'Misc Fixed Asset Expense', 'X', NULL, NULL, NULL, NULL, NULL, NULL, NULL, 34, '2015-01-26 09:28:47', 34, '2015-01-26 09:28:47'),
(1855, 4, '690190', '690190', 'Other', 'X', NULL, NULL, NULL, NULL, NULL, NULL, NULL, 34, '2015-01-26 09:28:47', 34, '2015-01-26 09:28:47'),
(1856, 4, '690200', '690200', 'Other - non taxable', 'X', NULL, NULL, NULL, NULL, NULL, NULL, NULL, 34, '2015-01-26 09:28:47', 34, '2015-01-26 09:28:47'),
(1857, 4, '700100', '700100', 'Equipment Depreciation', 'X', NULL, NULL, NULL, 1, NULL, NULL, NULL, 34, '2015-01-26 09:28:47', 34, '2015-01-26 09:28:47'),
(1858, 4, '700200', '700200', 'Depreciation Allocation', 'X', NULL, NULL, NULL, 1, NULL, NULL, NULL, 34, '2015-01-26 09:28:47', 34, '2015-01-26 09:28:47'),
(1859, 4, '700300', '700300', 'Goodwill Amort', 'X', NULL, NULL, NULL, 1, NULL, NULL, NULL, 34, '2015-01-26 09:28:47', 34, '2015-01-26 09:28:47'),
(1860, 4, '700400', '700400', 'Intangible Amortization', 'X', NULL, NULL, NULL, 1, NULL, NULL, NULL, 34, '2015-01-26 09:28:47', 34, '2015-01-26 09:28:47'),
(1861, 4, '700500', '700500', 'Allocations', 'X', NULL, NULL, NULL, 1, NULL, NULL, NULL, 34, '2015-01-26 09:28:47', 34, '2015-01-26 09:28:47'),
(1862, 4, '700600', '700600', 'Building Alloc - IN', 'X', NULL, NULL, NULL, NULL, NULL, NULL, NULL, 34, '2015-01-26 09:28:47', 34, '2015-01-26 09:28:47'),
(1863, 4, '700700', '700700', 'Communication Alloc - IN', 'X', NULL, NULL, NULL, NULL, NULL, NULL, NULL, 34, '2015-01-26 09:28:47', 34, '2015-01-26 09:28:47'),
(1864, 4, '700800', '700800', 'Div Purchasing Alloc - IN', 'X', NULL, NULL, NULL, NULL, NULL, NULL, NULL, 34, '2015-01-26 09:28:47', 34, '2015-01-26 09:28:47'),
(1865, 4, '700900', '700900', 'Interdepartment Allocation', 'X', NULL, NULL, NULL, NULL, NULL, NULL, NULL, 34, '2015-01-26 09:28:47', 34, '2015-01-26 09:28:47'),
(1866, 4, '701000', '701000', 'Material Burden Expense Allocation', 'X', NULL, NULL, NULL, NULL, NULL, NULL, NULL, 34, '2015-01-26 09:28:47', 34, '2015-01-26 09:28:47'),
(1867, 4, '701100', '701100', 'ALLOCATION - PRODLINE', 'X', NULL, NULL, NULL, NULL, NULL, NULL, NULL, 34, '2015-01-26 09:28:47', 34, '2015-01-26 09:28:47'),
(1868, 4, '701200', '701200', 'MACHINE SHOP ALLOC TO DEPTS', 'X', NULL, NULL, NULL, NULL, NULL, NULL, NULL, 34, '2015-01-26 09:28:47', 34, '2015-01-26 09:28:47'),
(1869, 4, '701300', '701300', 'Allocation Table Transfer', 'X', NULL, NULL, NULL, NULL, NULL, NULL, NULL, 34, '2015-01-26 09:28:47', 34, '2015-01-26 09:28:47'),
(1870, 4, '701400', '701400', 'Cost Transfer OUT', 'X', NULL, NULL, NULL, 1, NULL, NULL, NULL, 34, '2015-01-26 09:28:47', 34, '2015-01-26 09:28:47'),
(1871, 4, '701500', '701500', 'Cost Transfer OUT ? Intra EU', 'X', NULL, NULL, NULL, NULL, NULL, NULL, NULL, 34, '2015-01-26 09:28:47', 34, '2015-01-26 09:28:47'),
(1872, 4, '701600', '701600', 'Cost Transfer OUT ? Non-Reportable', 'X', NULL, NULL, NULL, NULL, NULL, NULL, NULL, 34, '2015-01-26 09:28:47', 34, '2015-01-26 09:28:47'),
(1873, 4, '701700', '701700', 'Cost Transfer IN ? Full Rate', 'X', NULL, NULL, NULL, NULL, NULL, NULL, NULL, 34, '2015-01-26 09:28:47', 34, '2015-01-26 09:28:47'),
(1874, 4, '701800', '701800', 'Cost Transfer IN ? Intra EU', 'X', NULL, NULL, NULL, NULL, NULL, NULL, NULL, 34, '2015-01-26 09:28:47', 34, '2015-01-26 09:28:47'),
(1875, 4, '701900', '701900', 'Cost Transfer IN ? Non-Reportable', 'X', NULL, NULL, NULL, NULL, NULL, NULL, NULL, 34, '2015-01-26 09:28:47', 34, '2015-01-26 09:28:47'),
(1876, 4, '702000', '702000', 'Cost Transfer', 'X', NULL, NULL, NULL, NULL, NULL, NULL, NULL, 34, '2015-01-26 09:28:47', 34, '2015-01-26 09:28:47'),
(1877, 4, '702100', '702100', 'R&D Subvention Received', 'X', NULL, NULL, NULL, NULL, NULL, NULL, NULL, 34, '2015-01-26 09:28:47', 34, '2015-01-26 09:28:47'),
(1878, 4, '702200', '702200', 'Project Clearing', 'X', NULL, NULL, NULL, 1, NULL, NULL, NULL, 34, '2015-01-26 09:28:47', 34, '2015-01-26 09:28:47'),
(1879, 4, '702300', '702300', 'Purchased R&D', 'X', NULL, NULL, NULL, NULL, NULL, NULL, NULL, 34, '2015-01-26 09:28:47', 34, '2015-01-26 09:28:47'),
(1880, 4, '702400', '702400', 'Impairment Charges', 'X', NULL, NULL, NULL, NULL, NULL, NULL, NULL, 34, '2015-01-26 09:28:47', 34, '2015-01-26 09:28:47'),
(1881, 4, '900000', '900000', 'Gain on Investment - Realized', 'X', NULL, NULL, NULL, 1, NULL, NULL, NULL, 34, '2015-01-26 09:28:47', 34, '2015-01-26 09:28:47'),
(1882, 4, '900100', '900100', 'Gain on Investment- Unrealized', 'X', NULL, NULL, NULL, 1, NULL, NULL, NULL, 34, '2015-01-26 09:28:47', 34, '2015-01-26 09:28:47'),
(1883, 4, '900200', '900200', 'Interest Income', 'X', NULL, NULL, NULL, 1, NULL, NULL, NULL, 34, '2015-01-26 09:28:47', 34, '2015-01-26 09:28:47'),
(1884, 4, '900300', '900300', 'Interest Income from Short Term Investments', 'X', NULL, NULL, NULL, NULL, NULL, NULL, NULL, 34, '2015-01-26 09:28:47', 34, '2015-01-26 09:28:47'),
(1885, 4, '900400', '900400', 'Cash Discounts', 'X', NULL, NULL, NULL, 1, NULL, NULL, NULL, 34, '2015-01-26 09:28:47', 34, '2015-01-26 09:28:47'),
(1886, 4, '900600', '900600', 'Dividends', 'X', NULL, NULL, NULL, 1, NULL, NULL, NULL, 34, '2015-01-26 09:28:47', 34, '2015-01-26 09:28:47'),
(1887, 4, '900700', '900700', 'Minority JV Income', 'X', NULL, NULL, NULL, NULL, NULL, NULL, NULL, 34, '2015-01-26 09:28:47', 34, '2015-01-26 09:28:47'),
(1888, 4, '901100', '901100', 'Interest Expense', 'X', NULL, NULL, NULL, 1, NULL, NULL, NULL, 34, '2015-01-26 09:28:47', 34, '2015-01-26 09:28:47'),
(1889, 4, '902900', '902900', 'FX Gain - Loss ', 'X', NULL, NULL, NULL, 1, NULL, NULL, NULL, 34, '2015-01-26 09:28:47', 34, '2015-01-26 09:28:47'),
(1890, 4, '903000', '903000', 'FX Gain, Intercompany Loans', 'X', NULL, NULL, NULL, NULL, NULL, NULL, NULL, 34, '2015-01-26 09:28:47', 34, '2015-01-26 09:28:47'),
(1891, 4, '903100', '903100', 'FX Gain from Sales, Realized', 'X', NULL, NULL, NULL, NULL, NULL, NULL, NULL, 34, '2015-01-26 09:28:47', 34, '2015-01-26 09:28:47'),
(1892, 4, '903200', '903200', 'FX Gain - Realized, Purchases', 'X', NULL, NULL, NULL, NULL, NULL, NULL, NULL, 34, '2015-01-26 09:28:47', 34, '2015-01-26 09:28:47'),
(1893, 4, '903300', '903300', 'FX Gain - Unrealized', 'X', NULL, NULL, NULL, NULL, NULL, NULL, NULL, 34, '2015-01-26 09:28:47', 34, '2015-01-26 09:28:47'),
(1894, 4, '903400', '903400', 'FX Gain Sales, Unrealized', 'X', NULL, NULL, NULL, NULL, NULL, NULL, NULL, 34, '2015-01-26 09:28:47', 34, '2015-01-26 09:28:47'),
(1895, 4, '903500', '903500', 'FX Gain - Unrealized, Purchases', 'X', NULL, NULL, NULL, NULL, NULL, NULL, NULL, 34, '2015-01-26 09:28:47', 34, '2015-01-26 09:28:47'),
(1896, 4, '903600', '903600', 'FX Loss - Realized', 'X', NULL, NULL, NULL, NULL, NULL, NULL, NULL, 34, '2015-01-26 09:28:47', 34, '2015-01-26 09:28:47'),
(1897, 4, '903700', '903700', 'FX Loss, Intercompany Loans', 'X', NULL, NULL, NULL, NULL, NULL, NULL, NULL, 34, '2015-01-26 09:28:47', 34, '2015-01-26 09:28:47'),
(1898, 4, '903800', '903800', 'FX Loss from Sales, Realized', 'X', NULL, NULL, NULL, NULL, NULL, NULL, NULL, 34, '2015-01-26 09:28:47', 34, '2015-01-26 09:28:47'),
(1899, 4, '903900', '903900', 'FX Loss - Realized, Purchases', 'X', NULL, NULL, NULL, NULL, NULL, NULL, NULL, 34, '2015-01-26 09:28:47', 34, '2015-01-26 09:28:47'),
(1900, 4, '904000', '904000', 'FX Loss - Unrealized', 'X', NULL, NULL, NULL, NULL, NULL, NULL, NULL, 34, '2015-01-26 09:28:47', 34, '2015-01-26 09:28:47'),
(1901, 4, '904100', '904100', 'FX Loss from Sales, Unrealized', 'X', NULL, NULL, NULL, NULL, NULL, NULL, NULL, 34, '2015-01-26 09:28:47', 34, '2015-01-26 09:28:47'),
(1902, 4, '904200', '904200', 'FX Loss - Unrealized, Purchases', 'X', NULL, NULL, NULL, 1, NULL, NULL, NULL, 34, '2015-01-26 09:28:47', 34, '2015-01-26 09:28:47'),
(1903, 4, '999999', '999999', 'Suspense', 'X', NULL, NULL, NULL, NULL, NULL, NULL, NULL, 34, '2015-01-26 09:28:47', 34, '2015-01-26 09:28:47'),
(1904, 4, '522100', '522100', 'Mfg Labor Variance', 'X', NULL, NULL, NULL, NULL, NULL, NULL, NULL, 34, '2015-01-29 11:20:04', 34, '2015-01-29 11:20:04'),
(1905, 7, 'LINUX', 'Liunux', 'Liunux', NULL, NULL, NULL, NULL, NULL, NULL, NULL, NULL, 34, '2015-04-03 11:06:58', 34, '2015-04-03 11:06:58'),
(1906, 7, 'WINDOWS7', 'Windows 7', 'Windows 7', NULL, NULL, NULL, NULL, NULL, NULL, NULL, NULL, 34, '2015-04-03 11:06:59', 34, '2015-04-03 11:06:59'),
(1907, 7, 'CHROME_OS', 'Chrome OS', 'Chrome OS', NULL, NULL, NULL, NULL, NULL, NULL, NULL, NULL, 34, '2015-04-03 11:07:00', 34, '2015-04-03 11:07:00'),
(1908, 7, 'WINDOWS_VISTA', 'Windows  Vista', 'Windows  Vista', NULL, NULL, NULL, NULL, NULL, NULL, NULL, NULL, 34, '2015-04-03 11:07:02', 34, '2015-04-03 11:07:02'),
(1909, 7, 'WINDOWS8', 'Windows 8', 'Windows 8', NULL, NULL, NULL, NULL, NULL, NULL, NULL, NULL, 34, '2015-04-03 11:07:03', 34, '2015-04-03 11:07:03'),
(1910, 8, '15_TO_16', '15 to 15.9 Inches', '15 to 15.9 Inches', NULL, NULL, NULL, NULL, NULL, NULL, NULL, NULL, 34, '2015-04-03 11:10:55', 34, '2015-04-03 11:10:55'),
(1911, 8, 'LESS_THAN_13', 'Under 13 Inches', 'Under 13 Inches', NULL, NULL, NULL, NULL, NULL, NULL, NULL, NULL, 34, '2015-04-03 11:10:56', 34, '2015-04-03 11:10:56'),
(1912, 8, '13_TO_14', '13 to 13.9 Inches', '13 to 13.9 Inches', NULL, NULL, NULL, NULL, NULL, NULL, NULL, NULL, 34, '2015-04-03 11:10:58', 34, '2015-04-03 11:10:58'),
(1913, 8, '14_TO_15', '14 to 14.9 Inches', '14 to 14.9 Inches', NULL, NULL, NULL, NULL, NULL, NULL, NULL, NULL, 34, '2015-04-03 11:10:59', 34, '2015-04-03 11:10:59'),
(1914, 8, '16_ABOVE', '16  Inches & Up', '16  Inches & Up', NULL, NULL, NULL, NULL, NULL, NULL, NULL, NULL, 34, '2015-04-03 11:11:00', 34, '2015-04-03 11:11:00'),
(1915, 9, 'INTEL_CORE2', 'Intel Core2', 'Intel Core2', NULL, NULL, NULL, NULL, NULL, NULL, NULL, NULL, 34, '2015-04-03 11:16:04', 34, '2015-04-03 11:16:04'),
(1916, 9, 'INTEL_CORE3', 'Intel Core3i', 'Intel Core3i', NULL, NULL, NULL, NULL, NULL, NULL, NULL, NULL, 34, '2015-04-03 11:16:05', 34, '2015-04-03 11:16:05'),
(1917, 9, 'INTEL_ATOM', 'Intel Atom', 'Intel Atom', NULL, NULL, NULL, NULL, NULL, NULL, NULL, NULL, 34, '2015-04-03 11:16:06', 34, '2015-04-03 11:16:06'),
(1918, 9, 'INTEL_CELERON', 'Intel Celeron', 'Intel Celeron', NULL, NULL, NULL, NULL, NULL, NULL, NULL, NULL, 34, '2015-04-03 11:16:07', 34, '2015-04-03 11:16:07'),
(1919, 9, 'INTEL_PENTIUM', 'Intel Pentium', 'Intel Pentium', NULL, NULL, NULL, NULL, NULL, NULL, NULL, NULL, 34, '2015-04-03 11:16:12', 34, '2015-04-03 11:16:12'),
(1920, 10, '80_320GB', '80 to 320 GB', '80 to 320 GB', NULL, NULL, NULL, NULL, NULL, NULL, NULL, NULL, 34, '2015-04-03 11:32:16', 34, '2015-05-27 11:13:22'),
(1921, 10, '1TB', '1 TB', '1 TB', NULL, NULL, NULL, NULL, NULL, NULL, NULL, NULL, 34, '2015-04-03 11:32:18', 34, '2015-05-27 11:13:22'),
(1922, 10, 'UNDER_80GB', 'Under 80GB', 'Under 80GB', NULL, NULL, NULL, NULL, NULL, NULL, NULL, NULL, 34, '2015-04-03 11:32:19', 34, '2015-05-27 11:13:23'),
(1923, 10, '501_999GB', '501 to 999GB', '501 to 999GB', NULL, NULL, NULL, NULL, NULL, NULL, NULL, NULL, 34, '2015-04-03 11:32:20', 34, '2015-05-27 11:13:21'),
(1924, 10, '321_500GB', '321 to 500 GB', '321 to 500 GB', NULL, NULL, NULL, NULL, NULL, NULL, NULL, NULL, 34, '2015-04-03 11:32:21', 34, '2015-05-27 11:13:20'),
(1925, 11, '1000', '1000', 'Internal', NULL, NULL, NULL, NULL, NULL, NULL, NULL, NULL, 34, '2015-07-25 17:06:06', 34, '2015-07-25 17:06:06'),
(1926, 11, '2000', '2000', 'Contract', NULL, NULL, NULL, NULL, NULL, NULL, NULL, NULL, 34, '2015-07-25 17:06:07', 34, '2015-07-25 17:06:07'),
(1927, 11, '3000', '3000', 'Capital', NULL, NULL, NULL, NULL, NULL, NULL, NULL, NULL, 34, '2015-07-25 17:06:07', 34, '2015-07-25 17:06:07'),
(1928, 12, '1000', '1000', 'Default', NULL, NULL, NULL, NULL, NULL, NULL, NULL, NULL, 34, '2015-07-25 17:07:09', 34, '2015-07-25 17:07:09'),
(1929, 13, 'BNGLR', 'Bangaluru', 'Bangaluru', NULL, NULL, NULL, NULL, NULL, NULL, NULL, NULL, 34, '2015-08-24 12:15:02', 34, '2015-08-24 12:15:02'),
(1930, 13, 'CHENNAI', 'Chennai', 'Chennai', NULL, NULL, NULL, NULL, NULL, NULL, NULL, NULL, 34, '2015-08-24 12:15:03', 34, '2015-08-24 12:15:03'),
(1931, 13, 'MUMBAI', 'Mumbai', 'Mumbai', NULL, NULL, NULL, NULL, NULL, NULL, NULL, NULL, 34, '2015-08-24 12:15:03', 34, '2015-08-24 12:15:03'),
(1932, 13, 'REST_IN', 'Rest India', 'Rest India', NULL, NULL, NULL, NULL, NULL, NULL, NULL, NULL, 34, '2015-08-24 12:15:04', 34, '2015-08-24 12:15:04'),
(1933, 13, 'EAST_IN', 'East India', 'East India', NULL, NULL, NULL, NULL, NULL, NULL, NULL, NULL, 34, '2015-08-24 12:15:04', 34, '2015-08-24 12:15:04'),
(1934, 13, 'KOLKA', 'Kolkata', 'Kolkata', NULL, NULL, NULL, NULL, NULL, NULL, NULL, NULL, 34, '2015-08-24 12:15:05', 34, '2015-08-24 12:15:05'),
(1935, 13, 'SOUTH_IN', 'South India', 'South India', NULL, NULL, NULL, NULL, NULL, NULL, NULL, NULL, 34, '2015-08-24 12:15:05', 34, '2015-08-24 12:15:05'),
(1936, 14, 'IN', 'India', 'India', NULL, NULL, NULL, NULL, NULL, NULL, NULL, NULL, 34, '2015-08-24 12:17:00', 34, '2015-08-24 12:17:00'),
(1937, 14, 'US', 'USA', 'USA', NULL, NULL, NULL, NULL, NULL, NULL, NULL, NULL, 34, '2015-08-24 12:17:00', 34, '2015-08-24 12:17:00'),
(1938, 14, 'UK', 'United Kingdom', 'United Kingdom', NULL, NULL, NULL, NULL, NULL, NULL, NULL, NULL, 34, '2015-08-24 12:17:01', 34, '2015-08-24 12:17:01'),
(1939, 14, 'DE', 'Germany', 'Germany', NULL, NULL, NULL, NULL, NULL, NULL, NULL, NULL, 34, '2015-08-24 12:17:02', 34, '2015-08-24 12:17:02'),
(1940, 14, 'SG', 'Singapore', 'Singapore', NULL, NULL, NULL, NULL, NULL, NULL, NULL, NULL, 34, '2015-08-24 12:17:02', 34, '2015-08-24 12:17:02'),
(1941, 14, 'FR', 'France', 'France', NULL, NULL, NULL, NULL, NULL, NULL, NULL, NULL, 34, '2015-08-24 12:17:02', 34, '2015-08-24 12:17:02'),
(1942, 14, 'IT', 'Italy', 'Italy', NULL, NULL, NULL, NULL, NULL, NULL, NULL, NULL, 34, '2015-08-24 12:17:03', 34, '2015-08-24 12:17:03'),
(1943, 15, 'ORISSA', 'Orissa', 'Orissa', NULL, NULL, NULL, NULL, NULL, NULL, NULL, NULL, 34, '2015-08-24 12:19:18', 34, '2015-08-24 12:19:18'),
(1944, 15, 'WB', 'West Bengal', 'West Bengal', NULL, NULL, NULL, NULL, NULL, NULL, NULL, NULL, 34, '2015-08-24 12:19:19', 34, '2015-08-24 12:19:19'),
(1945, 15, 'JK', 'Jammu & Kashmir', 'Jammu & Kashmir', NULL, NULL, NULL, NULL, NULL, NULL, NULL, NULL, 34, '2015-08-24 12:19:20', 34, '2015-08-24 12:19:20'),
(1946, 15, 'MAHARASTRA', 'Maharastra', 'Maharastra', NULL, NULL, NULL, NULL, NULL, NULL, NULL, NULL, 34, '2015-08-24 12:19:20', 34, '2015-08-24 12:19:20'),
(1947, 15, 'PUNJAB', 'Punjab', 'Punjab', NULL, NULL, NULL, NULL, NULL, NULL, NULL, NULL, 34, '2015-08-24 12:19:21', 34, '2015-08-24 12:19:21'),
(1948, 15, 'OTH', 'Others', 'Others', NULL, NULL, NULL, NULL, NULL, NULL, NULL, NULL, 34, '2015-08-24 12:19:21', 34, '2015-08-24 12:19:21'),
(1949, 15, 'NA', 'Not Applicable', 'Not Applicable', NULL, NULL, NULL, NULL, NULL, NULL, NULL, NULL, 34, '2015-08-24 12:19:22', 34, '2015-08-24 12:19:22');

-- --------------------------------------------------------

--
-- Table structure for table `transaction_type`
--

CREATE TABLE `transaction_type` (
  `transaction_type_id` int(12) NOT NULL,
  `transaction_type_number` int(12) NOT NULL,
  `transaction_type` varchar(40) NOT NULL,
  `type_class` varchar(50) NOT NULL,
  `transaction_action` varchar(50) NOT NULL,
  `description` varchar(50) DEFAULT NULL,
  `allow_negative_balance_cb` tinyint(1) DEFAULT NULL,
  `account_id` int(12) DEFAULT NULL,
  `ef_id` int(12) DEFAULT NULL,
  `status` varchar(25) NOT NULL,
  `rev_enabled_cb` tinyint(1) DEFAULT NULL,
  `rev_number` varchar(256) DEFAULT NULL,
  `created_by` int(12) NOT NULL,
  `creation_date` datetime DEFAULT NULL,
  `last_update_by` int(12) NOT NULL,
  `last_update_date` datetime DEFAULT NULL
) ENGINE=InnoDB DEFAULT CHARSET=latin1;

--
-- Dumping data for table `transaction_type`
--

INSERT INTO `transaction_type` (`transaction_type_id`, `transaction_type_number`, `transaction_type`, `type_class`, `transaction_action`, `description`, `allow_negative_balance_cb`, `account_id`, `ef_id`, `status`, `rev_enabled_cb`, `rev_number`, `created_by`, `creation_date`, `last_update_by`, `last_update_date`) VALUES
(1, 1, 'Miscellaneous Issue', 'INVENTORY', '1', 'Miscellaneous Issue', 0, 20, 0, 'active', 0, '', 0, '2014-01-09 06:59:30', 0, '2014-01-09 06:59:30'),
(2, 2, 'Miscellaneous Receipt', 'INVENTORY', '27', 'Miscellaneous Receipt', 0, 21, 0, 'active', 0, '', 0, '2014-01-09 06:59:30', 0, '2014-01-09 06:59:30'),
(3, 3, 'Subinventory Transfer', 'INVENTORY', '2', 'Subinventory Transfer', 0, 0, 0, 'active', 0, '', 0, '2014-01-09 06:59:30', 0, '2014-01-09 06:59:30'),
(4, 4, 'PO Receipt', 'PO', '26', 'PO Receipt', 0, NULL, NULL, 'inactive', 0, '', 0, '2014-06-20 15:59:48', 0, '2020-06-14 15:59:48'),
(5, 5, 'PO Delivery', 'PO', '27', 'PO Delivery', 0, NULL, NULL, 'active', 0, NULL, 0, '2014-01-09 06:59:31', 0, '2014-01-09 06:59:31'),
(6, 6, 'WIP Issue', 'WIP', '1', 'WIP Material Issue', 0, NULL, NULL, 'active', 0, NULL, 0, '2014-01-16 07:20:34', 0, '2014-01-16 07:20:34'),
(7, 7, 'WIP Return', 'WIP', '27', 'Material Return from WIP', 0, 20, NULL, 'active', 0, NULL, 0, '2014-01-16 07:20:34', 0, '2014-01-16 07:20:34'),
(8, 8, 'WIP Negative Issue', 'WIP', '27', 'WIP Negative Issue', 0, NULL, NULL, 'active', 0, NULL, 0, '2014-01-16 07:20:34', 0, '2014-01-16 07:20:34'),
(9, 9, 'WIP Negative Return', 'WIP', '1', 'WIP Negative Return', 0, NULL, NULL, 'active', 0, NULL, 0, '2014-01-16 07:20:34', 0, '2014-01-16 07:20:34'),
(10, 10, 'WIP WOL Completion', 'WIP', '27', 'WIP WOL Completion', 0, NULL, NULL, 'active', 0, NULL, 0, '2014-01-16 07:20:34', 0, '2014-01-16 07:20:34'),
(11, 11, 'WIP Assembly Completion', 'WIP', '27', 'WIP Assembly Completion', 1, NULL, NULL, 'active', 0, '', 0, '2014-04-26 16:48:11', 0, '2026-04-14 16:48:11'),
(12, 12, 'WIP WOL Return', 'WIP', '1', 'WIP Assembly Return', 0, NULL, NULL, 'active', 0, NULL, 0, '2014-01-16 07:20:34', 0, '2014-01-16 07:20:34'),
(13, 13, 'WIP Assembly Return', 'WIP', '1', 'WIP Assembly Return', NULL, NULL, NULL, 'active', NULL, NULL, 0, '2014-01-16 07:20:34', 0, '2014-01-16 07:20:34'),
(14, 14, 'SO Picking', 'OM', '2', 'Sales Order Picking', NULL, NULL, NULL, 'active', NULL, NULL, 0, '2014-05-23 05:27:58', 0, '2014-05-23 05:27:58'),
(15, 15, 'SO Shipping', 'OM', '1', 'Sales Order Shipping', NULL, NULL, NULL, 'active', NULL, NULL, 0, '2014-05-23 05:28:43', 0, '2014-05-23 05:28:43'),
(16, 16, 'Count Adjustment Issue', 'INVENTORY', '4', 'Count Adjustment Issue - Cycle Count & Physical In', 0, NULL, NULL, 'active', 0, '', 0, '2014-07-29 10:29:30', 0, '2029-07-14 10:29:30'),
(17, 17, 'Count Adjustment Receipt', 'INVENTORY', '4', 'Count Adjustment Receipt - Cycle Count & Physical ', NULL, NULL, NULL, 'active', NULL, NULL, 0, '2014-07-29 10:30:07', 0, '2014-07-29 10:30:07'),
(18, 18, 'Inter Org Transfer - Direct', 'INVENTORY', '3', 'Inter Org Transfer - Direct', 1, NULL, NULL, 'active', 0, '', 0, '2014-08-01 13:35:15', 0, '2001-08-14 13:35:15'),
(19, 19, 'Inter Org Transfer - Intransit', 'INVENTORY', '3', 'Inter Org Transfer - Intransit', 1, NULL, NULL, 'active', 0, '', 0, '2014-07-31 04:40:12', 0, '2031-07-14 04:40:12'),
(20, 20, 'Inter-Org Trasfer Receipt', 'INVENTORY', '27', 'Inter-Org Trasfer Receipt', NULL, NULL, NULL, 'active', NULL, NULL, 0, '2014-10-07 08:45:15', 0, '2007-10-14 08:45:15'),
(21, 21, 'PO Return', 'PO', '1', NULL, 1, NULL, NULL, 'ACTIVE', NULL, NULL, 0, '2014-10-07 08:42:52', 34, '2015-03-08 10:28:14'),
(22, 22, 'POS Transaction', 'POS', '1', 'POS Transaction - Sale & Shipping', NULL, NULL, NULL, 'ACTIVE', NULL, NULL, 34, '2015-02-02 02:33:58', 34, '2015-02-02 02:33:58'),
(23, 23, 'RMA Delivery', 'OM', '27', 'Return Material Authorization Delivery', NULL, NULL, NULL, 'ACTIVE', NULL, NULL, 34, '2015-02-07 04:28:23', 34, '2015-02-07 04:28:23'),
(24, 24, 'Maintenance Issue', 'AM', '1', NULL, NULL, NULL, NULL, 'ACTIVE', NULL, NULL, 34, '2015-03-21 17:49:17', 34, '2015-03-21 17:49:17'),
(25, 25, 'Maintenance Return', 'AM', '27', NULL, NULL, NULL, NULL, 'ACTIVE', NULL, NULL, 34, '2015-03-21 17:51:03', 34, '2015-03-21 17:51:10'),
(26, 26, 'Inv Move Transaction', 'INVENTORY', '2', NULL, NULL, NULL, NULL, 'ACTIVE', NULL, NULL, 34, '2015-08-02 02:54:39', 34, '2015-08-02 02:54:39'),
(27, 27, 'Sales Move Transaction', 'INVENTORY', '2', NULL, NULL, NULL, NULL, 'ACTIVE', NULL, NULL, 34, '2015-08-02 02:54:59', 34, '2015-08-02 02:54:59'),
(28, 28, 'WIP Move Transaction', 'INVENTORY', '1', NULL, NULL, NULL, NULL, 'ACTIVE', NULL, NULL, 34, '2015-08-02 02:55:17', 34, '2015-08-02 02:56:18'),
(29, 29, 'Process WIP Issue', 'PM', '1', NULL, NULL, NULL, NULL, 'ACTIVE', NULL, NULL, 34, '2016-05-17 04:02:36', 34, '2016-05-17 04:19:10'),
(30, 30, 'Process WIP Return', 'PM', '27', NULL, NULL, NULL, NULL, 'ACTIVE', NULL, NULL, 34, '2016-05-17 04:03:58', 34, '2016-05-17 04:18:52'),
(31, 31, 'Batch Completion', 'PM', '27', NULL, NULL, NULL, NULL, 'ACTIVE', NULL, NULL, 34, '2016-05-23 12:25:55', 34, '2016-05-23 12:25:55'),
(32, 32, 'Batch Return', 'PM', '1', NULL, NULL, NULL, NULL, 'ACTIVE', NULL, NULL, 34, '2016-05-23 12:26:46', 34, '2016-05-23 12:26:46'),
(33, 33, 'Interla Requisition Receipt', 'INVENTORY', '27', NULL, NULL, NULL, NULL, 'ACTIVE', NULL, NULL, 1, '2016-07-04 06:10:06', 1, '2016-07-04 06:10:09');

-- --------------------------------------------------------

--
-- Table structure for table `uom`
--

CREATE TABLE `uom` (
  `uom_id` int(12) UNSIGNED NOT NULL,
  `class` varchar(25) NOT NULL,
  `uom_name` varchar(25) DEFAULT NULL,
  `description` varchar(200) DEFAULT NULL,
  `primary_cb` tinyint(1) DEFAULT NULL,
  `primary_uom_id` int(12) DEFAULT NULL,
  `primary_relation` float DEFAULT NULL,
  `ef_id` int(12) DEFAULT NULL,
  `status` varchar(20) DEFAULT NULL,
  `rev_enabled_cb` tinyint(1) DEFAULT NULL,
  `rev_number` int(10) DEFAULT NULL,
  `created_by` int(12) NOT NULL,
  `creation_date` datetime DEFAULT NULL,
  `last_update_by` int(12) NOT NULL,
  `last_update_date` datetime DEFAULT NULL
) ENGINE=InnoDB DEFAULT CHARSET=latin1;

--
-- Dumping data for table `uom`
--

INSERT INTO `uom` (`uom_id`, `class`, `uom_name`, `description`, `primary_cb`, `primary_uom_id`, `primary_relation`, `ef_id`, `status`, `rev_enabled_cb`, `rev_number`, `created_by`, `creation_date`, `last_update_by`, `last_update_date`) VALUES
(26, 'Time', 'HR', 'Hour', NULL, 29, 60, NULL, 'active', 0, NULL, 0, '2014-03-31 04:54:24', 0, '2031-03-14 04:54:24'),
(27, 'Quantity', 'Ea', 'Each', NULL, 27, 1, 1, 'active', 0, 0, 0, '2013-12-16 02:29:13', 0, '2013-12-16 02:29:13'),
(28, 'Length', 'Meter', 'Meter', 1, 28, 1, NULL, NULL, NULL, NULL, 0, '2014-03-31 04:57:34', 34, '2015-02-10 06:20:14'),
(29, 'Time', 'Min', 'Minutes', NULL, 29, 1, NULL, NULL, NULL, 11, 0, '2013-12-16 02:29:13', 34, '2014-12-29 05:04:07'),
(30, 'Area', 'Centi Meter', 'Centi Meter', NULL, 28, 100, NULL, 'active', NULL, NULL, 0, '2014-03-31 02:55:18', 0, '2014-03-31 02:55:18'),
(31, 'Time', 'Second', 'Second', NULL, 29, 0.0166, NULL, 'active', NULL, NULL, 0, '2014-03-31 05:07:25', 0, '2014-03-31 05:07:25'),
(32, 'Area', 'M2', 'Square Meter', 1, NULL, NULL, NULL, 'ACTIVE', NULL, NULL, 34, '2015-02-10 06:04:14', 34, '2015-05-25 11:17:03'),
(33, 'Area', 'FT2', 'Square Foot', 1, 32, 0.092903, NULL, 'ACTIVE', NULL, NULL, 34, '2015-02-10 06:05:04', 34, '2015-05-25 11:17:03'),
(34, 'Document', 'REF', 'Reference', 1, NULL, NULL, NULL, 'ACTIVE', NULL, NULL, 34, '2015-02-10 06:05:31', 34, '2015-06-16 10:34:34'),
(35, 'Length', 'FT', 'Foot', 1, 28, 0.3048, NULL, 'ACTIVE', NULL, NULL, 34, '2015-02-10 06:06:14', 34, '2015-08-05 07:09:58'),
(36, 'Length', 'IN', 'Inch', 1, 28, 0.0254, NULL, 'ACTIVE', NULL, NULL, 34, '2015-02-10 06:07:09', 34, '2015-08-05 07:09:58'),
(37, 'Length', 'KM', 'Kilometer', 1, 28, 1000, NULL, 'ACTIVE', NULL, NULL, 34, '2015-02-10 06:07:52', 34, '2015-08-05 07:09:58'),
(38, 'Quantity', 'BT', 'Bottle', 1, 27, 1, NULL, 'ACTIVE', NULL, NULL, 34, '2015-02-10 06:09:52', 34, '2015-08-05 07:09:58'),
(39, 'Weight', 'KG', 'Kilogram', 1, NULL, NULL, NULL, 'ACTIVE', NULL, NULL, 34, '2015-02-10 06:21:01', 34, '2015-08-05 07:09:58'),
(40, 'Weight', 'GM', 'Gram', 1, 39, 0.001, NULL, 'ACTIVE', NULL, 2, 34, '2015-02-10 06:21:32', 34, '2015-08-05 07:09:58'),
(41, 'Weight', 'MG', 'Milligram', 1, 39, 0.000001, NULL, 'ACTIVE', NULL, 1, 34, '2015-02-10 06:22:11', 34, '2015-08-05 07:09:58'),
(42, 'Time', 'Day', 'Day', 1, 29, 1440, NULL, NULL, NULL, NULL, 34, '2015-06-13 09:52:45', 34, '2015-08-05 07:09:58'),
(43, 'Money', 'Currency', 'Currency', 1, NULL, NULL, NULL, 'ACTIVE', NULL, NULL, 34, '2015-06-16 10:33:32', 34, '2015-08-05 07:32:22'),
(45, 'Money', 'Dollar', 'Dollar', 1, NULL, NULL, NULL, 'ACTIVE', NULL, NULL, 34, '2015-06-16 10:34:34', 34, '2015-08-05 07:34:38'),
(46, 'Time', 'Year', 'Year', 1, 42, 365, NULL, 'ACTIVE', NULL, NULL, 34, '2015-09-14 11:27:31', 34, '2015-09-14 11:27:31');

-- --------------------------------------------------------

--
-- Table structure for table `user_dashboard_config`
--

CREATE TABLE `user_dashboard_config` (
  `user_dashboard_config_id` int(12) NOT NULL,
  `config_level` varchar(25) DEFAULT NULL,
  `report_label` varchar(40) NOT NULL,
  `user_role` varchar(50) DEFAULT NULL,
  `user_id` int(12) DEFAULT NULL,
  `report_group` varchar(50) NOT NULL,
  `report_type` varchar(256) DEFAULT NULL,
  `report_id` int(12) DEFAULT NULL,
  `priority` int(12) DEFAULT NULL,
  `created_by` int(12) NOT NULL,
  `creation_date` datetime DEFAULT NULL,
  `last_update_by` int(12) NOT NULL,
  `last_update_date` datetime DEFAULT NULL
) ENGINE=InnoDB DEFAULT CHARSET=latin1;

-- --------------------------------------------------------

--
-- Table structure for table `user_favourite`
--

CREATE TABLE `user_favourite` (
  `user_favourite_id` int(12) NOT NULL,
  `user_id` int(12) NOT NULL,
  `path_id` int(12) DEFAULT NULL,
  `external_link` varchar(256) DEFAULT NULL,
  `fav_name` varchar(100) NOT NULL,
  `fav_group` varchar(50) DEFAULT NULL,
  `priority` int(12) DEFAULT NULL,
  `created_by` int(12) NOT NULL,
  `creation_date` datetime DEFAULT NULL,
  `last_update_by` int(12) NOT NULL,
  `last_update_date` datetime DEFAULT NULL
) ENGINE=InnoDB DEFAULT CHARSET=latin1;

--
-- Dumping data for table `user_favourite`
--

INSERT INTO `user_favourite` (`user_favourite_id`, `user_id`, `path_id`, `external_link`, `fav_name`, `fav_group`, `priority`, `created_by`, `creation_date`, `last_update_by`, `last_update_date`) VALUES
(1, 34, 18, NULL, 'sys - Option', NULL, NULL, 34, '2014-10-22 13:33:22', 34, '2014-10-22 13:33:22'),
(2, 34, NULL, 'www.google.com', 'Google', NULL, 1, 34, '2014-10-22 13:33:23', 34, '2014-10-22 13:58:05'),
(3, 34, 26, NULL, 'sys - Path', NULL, 2, 34, '2014-10-22 13:58:05', 34, '2014-10-22 13:58:05'),
(4, 34, 0, 'www.inoideas.org', 'inoERP', NULL, 2, 34, '2014-12-26 16:23:18', 34, '2014-12-26 16:23:18'),
(5, 34, 99, NULL, 'pur - Purchase Order', NULL, 2, 34, '2015-01-10 08:31:15', 34, '2015-01-10 08:31:15'),
(6, 34, 56, NULL, 'inv - Inventory Transaction', NULL, 2, 34, '2015-01-10 08:31:15', 34, '2015-01-10 08:31:15'),
(7, 34, 44, NULL, 'inv - Item Master', NULL, NULL, 34, '2015-01-10 08:31:16', 34, '2015-01-10 08:31:16');

-- --------------------------------------------------------

--
-- Table structure for table `user_group`
--

CREATE TABLE `user_group` (
  `user_group_id` int(12) UNSIGNED NOT NULL,
  `user_group_code` varchar(25) NOT NULL,
  `ino_user_id` int(12) UNSIGNED NOT NULL,
  `created_by` int(12) NOT NULL,
  `creation_date` datetime DEFAULT NULL,
  `last_update_by` int(12) NOT NULL,
  `last_update_date` datetime DEFAULT NULL
) ENGINE=InnoDB DEFAULT CHARSET=latin1;

-- --------------------------------------------------------

--
-- Table structure for table `user_group_access`
--

CREATE TABLE `user_group_access` (
  `user_group_access_id` int(12) NOT NULL,
  `user_group_code` varchar(25) NOT NULL,
  `org_id` int(12) NOT NULL,
  `access_level` int(5) NOT NULL,
  `created_by` int(12) NOT NULL,
  `creation_date` datetime DEFAULT NULL,
  `last_update_by` int(12) NOT NULL,
  `last_update_date` datetime DEFAULT NULL
) ENGINE=InnoDB DEFAULT CHARSET=latin1;

-- --------------------------------------------------------

--
-- Table structure for table `user_password_reset`
--

CREATE TABLE `user_password_reset` (
  `user_password_reset_id` int(12) UNSIGNED NOT NULL,
  `user_id` int(12) UNSIGNED NOT NULL,
  `code` varchar(256) NOT NULL,
  `status` float DEFAULT NULL,
  `creation_date` datetime NOT NULL,
  `created_by` varchar(50) DEFAULT NULL,
  `last_update_by` int(12) DEFAULT NULL,
  `last_update_date` varchar(50) DEFAULT NULL
) ENGINE=InnoDB DEFAULT CHARSET=latin1;

--
-- Dumping data for table `user_password_reset`
--

INSERT INTO `user_password_reset` (`user_password_reset_id`, `user_id`, `code`, `status`, `creation_date`, `created_by`, `last_update_by`, `last_update_date`) VALUES
(3, 40, '4f4c49bc354e8187667ad6628853c10e60bdd1a3e1c1f128b38c6746ecffdd8a', 1, '2014-01-21 15:37:51', NULL, NULL, NULL),
(4, 40, '5df5a609c1eb91d1db1eba9987838b450441a8b86474a395ac3975ebfeac9166', 1, '2014-01-21 15:42:06', NULL, NULL, NULL),
(5, 40, 'fc8321b837a7d96c3278f7f2babfceadaa82969e17e41f914ea1178227edc270', 1, '2014-01-21 15:47:28', NULL, NULL, NULL),
(14, 0, '', NULL, '0000-00-00 00:00:00', NULL, NULL, NULL),
(15, 0, '', NULL, '0000-00-00 00:00:00', NULL, NULL, NULL),
(21, 86, 'a4732042ed233307969128758062d0930d0f0cce0fd9714ae294b82d49f20027', NULL, '2014-06-07 05:16:06', NULL, NULL, NULL),
(24, 34, '036483904d6b3610d16dade89687b67b382a9131953d220dc44365e91bbd9013', NULL, '2015-10-19 18:54:35', '-99', -99, '2015-10-19 18:54:35'),
(25, 100, 'c446b6a7ba3967d73054051ddc3bff532beb76da003c0d23cb7fdac540e9f873', NULL, '2016-06-15 07:48:03', '-99', -99, '2016-06-15 07:48:03');

-- --------------------------------------------------------

--
-- Table structure for table `user_role`
--

CREATE TABLE `user_role` (
  `user_role_id` int(12) UNSIGNED NOT NULL,
  `role_code` varchar(25) NOT NULL,
  `ino_user_id` int(12) UNSIGNED NOT NULL,
  `created_by` int(12) NOT NULL,
  `creation_date` datetime DEFAULT NULL,
  `last_update_by` int(12) NOT NULL,
  `last_update_date` datetime DEFAULT NULL
) ENGINE=InnoDB DEFAULT CHARSET=latin1;

--
-- Dumping data for table `user_role`
--

INSERT INTO `user_role` (`user_role_id`, `role_code`, `ino_user_id`, `created_by`, `creation_date`, `last_update_by`, `last_update_date`) VALUES
(1, '263', 38, 0, NULL, 0, NULL),
(2, '261', 38, 0, NULL, 0, NULL),
(3, 'ADMIN', 34, 0, '2014-08-26 00:00:00', 34, '2015-06-22 12:15:42'),
(4, '262', 57, 0, NULL, 0, NULL),
(5, '264', 56, 0, NULL, 0, NULL),
(6, '261', 56, 0, NULL, 0, NULL),
(7, '262', 40, 0, NULL, 0, NULL),
(8, '262', 41, 0, NULL, 0, NULL),
(9, '263', 41, 0, NULL, 0, NULL),
(10, '261', 58, 0, NULL, 0, NULL),
(11, '261', 77, 0, NULL, 0, NULL),
(12, '261', 78, 0, NULL, 0, NULL),
(13, '261', 79, 0, NULL, 0, NULL),
(14, '261', 53, 0, '2014-05-01 00:00:00', 0, '2001-05-14 00:00:00'),
(16, '263', 53, 0, '2014-05-01 00:00:00', 0, '2014-05-01 00:00:00'),
(17, '263', 81, 0, '2014-05-01 00:00:00', 0, '2014-05-01 00:00:00'),
(18, '262', 82, 0, '2014-05-01 00:00:00', 0, '2014-05-01 00:00:00'),
(19, '262', 82, 0, '2014-05-01 00:00:00', 0, '2014-05-01 00:00:00'),
(20, '262', 83, 0, '2014-05-06 00:00:00', 0, '2014-05-06 00:00:00'),
(21, '261', 84, 0, NULL, 0, NULL),
(22, '261', 85, 0, NULL, 0, NULL),
(23, 'BASIC', 86, 0, '2014-06-09 00:00:00', 0, '2009-06-14 00:00:00'),
(25, 'BASIC', 89, 0, NULL, 0, NULL),
(26, 'BASIC', 90, 0, NULL, 0, NULL),
(27, 'BASIC', 91, 0, '2014-08-24 00:00:00', 34, '2014-10-21 06:31:54'),
(28, 'ADMIN', 92, 0, '2014-09-13 00:00:00', 0, '2013-09-14 00:00:00'),
(30, 'ADMIN', 88, 0, '2014-08-20 00:00:00', 0, '2014-08-20 00:00:00'),
(31, 'ADMIN', 93, 0, '2014-09-04 00:00:00', 0, '2014-09-04 00:00:00'),
(32, 'BUYER', 94, 0, '2014-09-11 00:00:00', 34, '2014-11-22 17:03:55'),
(33, 'ADMIN', 1, 34, '2014-10-23 18:37:04', 1, '2016-08-26 10:46:05'),
(34, 'BASIC', 95, -99, '2014-11-09 05:05:48', -99, '2014-11-09 05:05:48'),
(35, 'ADMIN', 96, 34, '2014-11-19 18:51:08', 34, '2014-11-19 18:51:08'),
(36, 'BASIC', 97, -99, '2015-01-07 16:17:03', 34, '2015-04-06 10:55:55'),
(37, 'BASIC', 98, -99, '2015-02-18 17:06:28', -99, '2015-02-18 17:06:28'),
(38, 'BUYER', 99, -99, '2015-02-18 17:13:45', 34, '2015-05-09 14:44:32'),
(39, 'LOCAL_ADMIN', 100, 34, '2015-05-06 04:40:31', 34, '2015-05-06 04:40:31'),
(40, 'SALES', 101, 34, '2015-05-06 07:23:13', 34, '2015-05-06 07:23:13'),
(42, 'MANAGEMENT', 102, 34, '2015-05-06 07:26:24', 34, '2015-05-06 07:26:24'),
(43, 'BASIC', 103, -99, '2015-05-22 07:15:16', -99, '2015-05-22 07:15:16'),
(44, 'BASIC', 104, -99, '2015-09-30 16:45:07', -99, '2015-09-30 16:45:07'),
(45, 'BASIC', 105, -99, '2015-10-15 18:56:13', -99, '2015-10-15 18:56:13'),
(46, 'BASIC', 106, -99, '2015-10-15 19:10:20', -99, '2015-10-15 19:10:20'),
(47, 'BASIC', 107, -99, '2015-10-15 19:13:14', -99, '2015-10-15 19:13:14'),
(48, 'BASIC', 108, -99, '2015-10-15 19:29:23', -99, '2015-10-15 19:29:23'),
(49, 'BASIC', 109, -99, '2015-10-15 19:29:48', -99, '2015-10-15 19:29:48'),
(50, 'BASIC', 111, -99, '2016-04-25 08:31:37', -99, '2016-04-25 08:31:37'),
(51, 'BASIC', 112, -99, '2016-04-25 08:36:22', -99, '2016-04-25 08:36:22'),
(52, 'BASIC', 113, -99, '2016-04-25 08:46:18', -99, '2016-04-25 08:46:18'),
(53, 'BUYER', 114, -99, '2016-04-30 19:36:45', 34, '2016-06-11 14:19:37'),
(54, 'BASIC', 115, -99, '2016-06-15 07:37:19', -99, '2016-06-15 07:37:19'),
(55, 'BASIC', 116, -99, '2016-06-28 09:33:02', -99, '2016-06-28 09:33:02'),
(56, 'BASIC', 117, -99, '2016-06-28 09:36:44', -99, '2016-06-28 09:36:44'),
(57, 'BASIC', 118, -99, '2016-06-28 09:38:47', -99, '2016-06-28 09:38:47'),
(58, 'BASIC', 119, -99, '2016-06-28 09:43:18', -99, '2016-06-28 09:43:18'),
(59, 'BASIC', 120, -99, '2016-06-28 09:47:14', -99, '2016-06-28 09:47:14'),
(60, 'BASIC', 121, -99, '2016-06-28 09:47:33', -99, '2016-06-28 09:47:33'),
(61, 'ADMIN', 2, 1, '2016-07-16 15:29:01', 1, '2016-07-16 15:29:01'),
(62, 'BUYER', 4, 1, '2016-08-26 10:52:55', 1, '2016-08-26 10:52:55');

-- --------------------------------------------------------

--
-- Table structure for table `user_supplier`
--

CREATE TABLE `user_supplier` (
  `user_supplier_id` int(12) UNSIGNED NOT NULL,
  `user_id` int(12) NOT NULL,
  `supplier_id` int(12) UNSIGNED NOT NULL,
  `supplier_site_id` int(12) DEFAULT NULL,
  `created_by` int(12) NOT NULL,
  `creation_date` datetime DEFAULT NULL,
  `last_update_by` int(12) NOT NULL,
  `last_update_date` datetime DEFAULT NULL
) ENGINE=InnoDB DEFAULT CHARSET=latin1;

--
-- Dumping data for table `user_supplier`
--

INSERT INTO `user_supplier` (`user_supplier_id`, `user_id`, `supplier_id`, `supplier_site_id`, `created_by`, `creation_date`, `last_update_by`, `last_update_date`) VALUES
(1, 93, 2, 3, 0, '2014-09-04 00:00:00', 0, '2004-09-14 00:00:00');

-- --------------------------------------------------------

--
-- Table structure for table `view_path`
--

CREATE TABLE `view_path` (
  `view_path_id` int(12) NOT NULL,
  `view_id` int(12) NOT NULL,
  `column_name` varchar(100) NOT NULL,
  `path` varchar(256) NOT NULL,
  `description` varchar(256) DEFAULT NULL
) ENGINE=InnoDB DEFAULT CHARSET=latin1;

--
-- Dumping data for table `view_path`
--

INSERT INTO `view_path` (`view_path_id`, `view_id`, `column_name`, `path`, `description`) VALUES
(1, 0, 'subinventory_id', 'modules/inv/subinventory/subinventory.php', NULL),
(2, 0, 'org_id', 'modules/org/org.php', NULL),
(3, 0, 'content_id', 'extensions/content/content.php?content_type=content', NULL),
(6, 1, 'org_id', 'modules/org/org.php', NULL),
(7, 1, 'subinventory_id', 'modules/inv/subinventory/subinventory.php', NULL),
(8, 8, 'content_id', 'extensions/content/content.php?content_type=content', NULL);

-- --------------------------------------------------------

--
-- Table structure for table `wip_accounting_group`
--

CREATE TABLE `wip_accounting_group` (
  `wip_accounting_group_id` int(12) NOT NULL,
  `org_id` int(12) NOT NULL,
  `wo_type` varchar(25) NOT NULL,
  `wip_accounting_group` varchar(50) NOT NULL,
  `description` varchar(256) DEFAULT NULL,
  `ef_id` int(12) DEFAULT NULL,
  `rev_enabled` enum('enabled','disabled') DEFAULT NULL,
  `rev_number` int(12) DEFAULT NULL,
  `status` enum('active','inactive') DEFAULT NULL,
  `material_ac_id` int(12) NOT NULL,
  `material_oh_ac_id` int(12) NOT NULL,
  `overhead_ac_id` int(12) NOT NULL,
  `resource_ac_id` int(12) NOT NULL,
  `osp_ac_id` int(12) NOT NULL,
  `var_material_ac_id` int(12) NOT NULL,
  `var_material_oh_ac_id` int(12) NOT NULL,
  `var_overhead_ac_id` int(12) NOT NULL,
  `var_resource_ac_id` int(12) NOT NULL,
  `var_osp_ac_id` int(12) NOT NULL,
  `created_by` int(12) NOT NULL,
  `creation_date` datetime DEFAULT NULL,
  `last_update_by` int(12) NOT NULL,
  `last_update_date` datetime DEFAULT NULL
) ENGINE=InnoDB DEFAULT CHARSET=latin1;

-- --------------------------------------------------------

--
-- Table structure for table `wip_control`
--

CREATE TABLE `wip_control` (
  `wip_control_id` int(12) UNSIGNED NOT NULL,
  `org_id` int(12) NOT NULL,
  `default_accounting_group` int(12) DEFAULT NULL,
  `wo_number_type` varchar(25) DEFAULT NULL,
  `allow_one_operation_cb` tinyint(1) DEFAULT NULL,
  `completion_subinventory_id` int(12) DEFAULT NULL,
  `completion_locator_id` int(12) DEFAULT NULL,
  `issue_subinventory_id` int(12) DEFAULT NULL,
  `issue_locator_id` tinyint(1) DEFAULT NULL,
  `so_change_effect` varchar(25) DEFAULT NULL,
  `auto_release_days` int(4) DEFAULT NULL,
  `created_by` int(12) NOT NULL,
  `creation_date` datetime DEFAULT NULL,
  `last_update_by` int(12) NOT NULL,
  `last_update_date` datetime DEFAULT NULL
) ENGINE=InnoDB DEFAULT CHARSET=latin1;

-- --------------------------------------------------------

--
-- Table structure for table `wip_move_transaction`
--

CREATE TABLE `wip_move_transaction` (
  `wip_move_transaction_id` int(12) UNSIGNED NOT NULL,
  `wip_wo_header_id` int(12) DEFAULT NULL,
  `wo_routing_line_id` int(12) UNSIGNED NOT NULL,
  `wo_routing_detail_id` int(12) UNSIGNED NOT NULL,
  `org_id` int(12) UNSIGNED NOT NULL,
  `wo_number` varchar(50) DEFAULT NULL,
  `item_id_m` int(12) NOT NULL,
  `item_number` varchar(50) DEFAULT NULL,
  `from_routing_sequence` int(12) NOT NULL,
  `to_routing_sequence` int(12) NOT NULL,
  `from_operation_step` varchar(50) NOT NULL,
  `to_operation_step` varchar(50) NOT NULL,
  `transaction_type` varchar(50) DEFAULT NULL,
  `transaction_date` datetime NOT NULL,
  `move_quantity` decimal(20,5) NOT NULL,
  `reason` varchar(256) DEFAULT NULL,
  `reference` varchar(256) DEFAULT NULL,
  `scrap_account_id` int(12) DEFAULT NULL,
  `sales_order_header_id` int(12) DEFAULT NULL,
  `sales_order_line_id` int(12) DEFAULT NULL,
  `created_by` int(12) NOT NULL,
  `creation_date` datetime NOT NULL,
  `last_update_by` int(12) NOT NULL,
  `last_update_date` datetime NOT NULL
) ENGINE=InnoDB DEFAULT CHARSET=latin1;

-- --------------------------------------------------------

--
-- Table structure for table `wip_resource_transaction`
--

CREATE TABLE `wip_resource_transaction` (
  `wip_resource_transaction_id` int(12) NOT NULL,
  `wip_wo_header_id` int(12) UNSIGNED NOT NULL,
  `wip_wo_routing_line_id` int(12) UNSIGNED NOT NULL,
  `wip_wo_routing_detail_id` int(12) UNSIGNED NOT NULL,
  `org_id` int(12) UNSIGNED NOT NULL,
  `transaction_type` varchar(50) NOT NULL,
  `transaction_date` date NOT NULL,
  `transaction_quantity` decimal(20,5) NOT NULL,
  `reason` varchar(256) DEFAULT NULL,
  `reference` varchar(256) DEFAULT NULL,
  `scrap_account_id` int(12) DEFAULT NULL,
  `sales_order_header_id` int(12) DEFAULT NULL,
  `sales_order_line_id` int(12) DEFAULT NULL,
  `gl_journal_header_id` int(12) DEFAULT NULL,
  `created_by` int(12) NOT NULL,
  `creation_date` datetime NOT NULL,
  `last_update_by` int(12) NOT NULL,
  `last_update_date` datetime NOT NULL
) ENGINE=InnoDB DEFAULT CHARSET=latin1;

-- --------------------------------------------------------

--
-- Table structure for table `wip_wol_transaction`
--

CREATE TABLE `wip_wol_transaction` (
  `wip_wol_transaction_id` int(12) NOT NULL,
  `item_id_m` int(12) NOT NULL,
  `description` varchar(256) DEFAULT NULL,
  `revision_name` varchar(10) DEFAULT NULL,
  `org_id` int(12) NOT NULL,
  `wip_accounting_group_id` int(12) NOT NULL,
  `transaction_type_id` int(12) NOT NULL,
  `transaction_status` varchar(50) DEFAULT NULL,
  `start_date` date NOT NULL,
  `completion_date` date DEFAULT NULL,
  `quantity` decimal(20,5) NOT NULL,
  `reference_bom_item_id_m` int(12) DEFAULT NULL,
  `reference_routing_item_id_m` int(12) DEFAULT NULL,
  `completion_sub_inventory` int(12) DEFAULT NULL,
  `completion_locator` int(12) DEFAULT NULL,
  `created_by` int(12) NOT NULL,
  `creation_date` datetime NOT NULL,
  `last_update_by` int(12) NOT NULL,
  `last_update_date` datetime NOT NULL
) ENGINE=InnoDB DEFAULT CHARSET=latin1;

-- --------------------------------------------------------

--
-- Table structure for table `wip_wo_bom`
--

CREATE TABLE `wip_wo_bom` (
  `wip_wo_bom_id` int(12) UNSIGNED NOT NULL,
  `wip_wo_header_id` int(12) UNSIGNED NOT NULL,
  `bom_sequence` int(10) UNSIGNED NOT NULL,
  `routing_sequence` int(12) DEFAULT NULL,
  `component_item_id_m` int(12) NOT NULL,
  `component_revision` varchar(10) DEFAULT NULL,
  `usage_basis` varchar(50) DEFAULT NULL,
  `usage_quantity` decimal(15,5) NOT NULL,
  `auto_request_material_cb` tinyint(1) DEFAULT NULL,
  `effective_start_date` date DEFAULT NULL,
  `effective_end_date` date DEFAULT NULL,
  `eco_number` varchar(50) DEFAULT NULL,
  `eco_implemented_cb` tinyint(1) DEFAULT NULL,
  `planning_percentage` decimal(6,2) DEFAULT NULL,
  `yield` decimal(6,6) DEFAULT NULL,
  `include_in_cost_rollup_cb` tinyint(1) DEFAULT NULL,
  `wip_supply_type` varchar(50) DEFAULT NULL,
  `supply_sub_inventory` int(12) DEFAULT NULL,
  `supply_locator` int(12) DEFAULT NULL,
  `required_quantity` int(12) DEFAULT NULL,
  `issued_quantity` int(12) DEFAULT NULL,
  `ef_id` int(12) DEFAULT NULL,
  `created_by` int(12) NOT NULL,
  `creation_date` datetime NOT NULL,
  `last_update_by` int(12) NOT NULL,
  `last_update_date` datetime NOT NULL
) ENGINE=InnoDB DEFAULT CHARSET=latin1;

-- --------------------------------------------------------

--
-- Table structure for table `wip_wo_header`
--

CREATE TABLE `wip_wo_header` (
  `wip_wo_header_id` int(12) NOT NULL,
  `item_id_m` int(12) NOT NULL,
  `wo_number` varchar(50) DEFAULT NULL,
  `revision_name` varchar(10) DEFAULT NULL,
  `org_id` int(12) NOT NULL,
  `wip_accounting_group_id` int(12) NOT NULL,
  `wo_type` int(12) NOT NULL,
  `wo_status` varchar(50) DEFAULT NULL,
  `start_date` date NOT NULL,
  `completion_date` date DEFAULT NULL,
  `quantity` decimal(20,5) NOT NULL,
  `nettable_quantity` decimal(20,5) NOT NULL,
  `reference_bom_item_id_m` int(12) DEFAULT NULL,
  `bom_exploded_cb` tinyint(1) DEFAULT NULL,
  `routing_exploded_cb` tinyint(1) DEFAULT NULL,
  `reference_routing_item_id_m` int(12) DEFAULT NULL,
  `completion_sub_inventory` int(12) DEFAULT NULL,
  `completion_locator` int(12) DEFAULT NULL,
  `completed_quantity` decimal(20,5) DEFAULT NULL,
  `scrapped_quantity` decimal(20,5) DEFAULT NULL,
  `released_date` date DEFAULT NULL,
  `first_unit_completed_date` date DEFAULT NULL,
  `last_unit_completed_date` date DEFAULT NULL,
  `schedule_group` varchar(20) DEFAULT NULL,
  `build_sequence` int(12) DEFAULT NULL,
  `line` varchar(20) DEFAULT NULL,
  `scheduling_priority` int(12) DEFAULT NULL,
  `closed_date` date DEFAULT NULL,
  `ef_id` int(12) DEFAULT NULL,
  `created_by` int(12) NOT NULL,
  `creation_date` datetime NOT NULL,
  `last_update_by` int(12) NOT NULL,
  `last_update_date` datetime NOT NULL
) ENGINE=InnoDB DEFAULT CHARSET=latin1;

-- --------------------------------------------------------

--
-- Table structure for table `wip_wo_routing_detail`
--

CREATE TABLE `wip_wo_routing_detail` (
  `wip_wo_routing_detail_id` int(12) NOT NULL,
  `wip_wo_routing_line_id` int(12) NOT NULL,
  `wip_wo_header_id` int(12) NOT NULL,
  `resource_sequence` int(12) NOT NULL,
  `charge_basis` varchar(50) DEFAULT NULL,
  `resource_id` int(12) NOT NULL,
  `resource_usage` varchar(20) DEFAULT NULL,
  `resource_schedule` varchar(20) DEFAULT NULL,
  `assigned_units` int(12) DEFAULT NULL,
  `required_quantity` decimal(20,5) DEFAULT NULL,
  `applied_quantity` decimal(20,5) DEFAULT NULL,
  `charge_type` varchar(50) DEFAULT NULL,
  `standard_rate_cb` tinyint(1) DEFAULT NULL,
  `created_by` int(12) NOT NULL,
  `creation_date` datetime NOT NULL,
  `last_update_by` int(12) NOT NULL,
  `last_update_date` datetime NOT NULL
) ENGINE=InnoDB DEFAULT CHARSET=latin1;

-- --------------------------------------------------------

--
-- Table structure for table `wip_wo_routing_line`
--

CREATE TABLE `wip_wo_routing_line` (
  `wip_wo_routing_line_id` int(12) NOT NULL,
  `wip_wo_header_id` int(12) NOT NULL,
  `routing_sequence` int(12) NOT NULL DEFAULT '1',
  `standard_operation_id` int(12) DEFAULT NULL,
  `department_id` int(12) DEFAULT NULL,
  `description` varchar(256) DEFAULT NULL,
  `start_date` date DEFAULT NULL,
  `count_point_cb` tinyint(1) DEFAULT NULL,
  `auto_charge_cb` tinyint(1) DEFAULT NULL,
  `completion_date` date DEFAULT NULL,
  `queue_quantity` int(12) DEFAULT NULL,
  `running_quantity` int(12) DEFAULT NULL,
  `rejected_quantity` int(12) DEFAULT NULL,
  `backflush_cb` tinyint(1) DEFAULT NULL,
  `yield` decimal(6,6) DEFAULT NULL,
  `scrapped_quantity` int(12) DEFAULT NULL,
  `minimum_transfer_quantity` int(12) DEFAULT NULL,
  `tomove_quantity` int(12) DEFAULT NULL,
  `completed_quantity` int(12) DEFAULT NULL,
  `progress_percentage` int(12) DEFAULT NULL,
  `created_by` int(12) NOT NULL,
  `creation_date` datetime NOT NULL,
  `last_update_by` int(12) NOT NULL,
  `last_update_date` datetime NOT NULL
) ENGINE=InnoDB DEFAULT CHARSET=latin1;

-- --------------------------------------------------------

--
-- Stand-in structure for view `wip_wo_routing_v`
--
CREATE TABLE `wip_wo_routing_v` (
`item_number` varchar(50)
,`item_description` varchar(256)
,`uom_id` int(12)
,`item_id_m` int(12)
,`wo_number` varchar(50)
,`org_id` int(12)
,`wip_accounting_group_id` int(12)
,`quantity` decimal(20,5)
,`completed_quantity` decimal(20,5)
,`routing_sequence` int(12)
,`department_id` int(12)
,`wip_wo_routing_detail_id` int(12)
,`wip_wo_routing_line_id` int(12)
,`wip_wo_header_id` int(12)
,`resource_sequence` int(12)
,`resource_id` int(12)
,`resource_usage` varchar(20)
,`resource_schedule` varchar(20)
,`required_quantity` decimal(20,5)
,`applied_quantity` decimal(20,5)
,`charge_type` varchar(50)
);

-- --------------------------------------------------------

--
-- Table structure for table `xxgl_calendar`
--

CREATE TABLE `xxgl_calendar` (
  `gl_calendar_id` int(12) NOT NULL,
  `option_line_code` varchar(50) NOT NULL,
  `adjustment_period_cb` tinyint(1) DEFAULT NULL,
  `name` varchar(50) NOT NULL,
  `calendar_type` varchar(50) NOT NULL,
  `year` year(4) DEFAULT NULL,
  `quarter` int(4) DEFAULT NULL,
  `number` int(12) NOT NULL,
  `from_date` date DEFAULT NULL,
  `to_date` date DEFAULT NULL,
  `name_prefix` varchar(20) DEFAULT NULL,
  `ef_id` int(12) DEFAULT NULL,
  `created_by` int(12) NOT NULL,
  `creation_date` varchar(30) DEFAULT NULL,
  `last_update_by` int(12) NOT NULL,
  `last_update_date` varchar(30) DEFAULT NULL
) ENGINE=InnoDB DEFAULT CHARSET=latin1;

-- --------------------------------------------------------

--
-- Table structure for table `xx_locator`
--

CREATE TABLE `xx_locator` (
  `locator_id` int(12) NOT NULL,
  `subinventory_id` int(12) NOT NULL,
  `org_id` int(12) NOT NULL,
  `locator_structure` varchar(256) DEFAULT NULL,
  `locator` varchar(256) NOT NULL,
  `alias` varchar(25) DEFAULT NULL,
  `dimension_uom_id` int(12) DEFAULT NULL,
  `length` decimal(15,5) DEFAULT NULL,
  `height` decimal(15,5) DEFAULT NULL,
  `width` decimal(15,5) DEFAULT NULL,
  `x_coordinate` decimal(10,5) DEFAULT NULL,
  `y_coordinate` decimal(10,5) DEFAULT NULL,
  `z_coordinate` decimal(10,5) DEFAULT NULL,
  `max_units` decimal(15,5) DEFAULT NULL,
  `max_volume_uom_id` int(12) DEFAULT NULL,
  `max_volume` decimal(15,5) DEFAULT NULL,
  `max_weight_uom_id` int(12) DEFAULT NULL,
  `max_weight` decimal(15,5) DEFAULT NULL,
  `ef_id` int(12) DEFAULT NULL,
  `status` varchar(25) DEFAULT NULL,
  `rev_enabled_cb` tinyint(1) DEFAULT NULL,
  `rev_number` varchar(256) DEFAULT NULL,
  `created_by` int(12) NOT NULL,
  `creation_date` varchar(25) DEFAULT NULL,
  `last_update_by` int(12) NOT NULL,
  `last_update_date` varchar(25) DEFAULT NULL
) ENGINE=InnoDB DEFAULT CHARSET=latin1;

-- --------------------------------------------------------

--
-- Structure for view `ap_import_claim_v`
--
DROP TABLE IF EXISTS `ap_import_claim_v`;

CREATE ALGORITHM=UNDEFINED  SQL SECURITY DEFINER VIEW `ap_import_claim_v`  AS  select `eh`.`claim_number` AS `claim_number`,`eh`.`hr_expense_header_id` AS `hr_expense_header_id`,`eh`.`bu_org_id` AS `bu_org_id`,`eh`.`hr_employee_id` AS `hr_employee_id`,`eh`.`claim_date` AS `claim_date`,`eh`.`status` AS `status`,`eh`.`purpose` AS `purpose`,`eh`.`doc_currency` AS `doc_currency`,`eh`.`department_id` AS `department_id`,`eh`.`reason` AS `reason`,`eh`.`currency` AS `currency`,`eh`.`exchange_rate_type` AS `exchange_rate_type`,`eh`.`exchange_rate` AS `exchange_rate`,`eh`.`header_amount` AS `header_amount`,`user`.`supplier_id` AS `supplier_id`,`he`.`first_name` AS `first_name`,`he`.`last_name` AS `last_name`,`he`.`identification_id` AS `identification_id` from ((`hr_expense_header` `eh` join `ino_user` `user`) join `hr_employee` `he`) where ((`eh`.`status` = 'APPROVED') and (`user`.`hr_employee_id` = `eh`.`hr_employee_id`) and (`he`.`hr_employee_id` = `eh`.`hr_employee_id`)) ;

-- --------------------------------------------------------

--
-- Structure for view `ap_payment_all_v`
--
DROP TABLE IF EXISTS `ap_payment_all_v`;

CREATE ALGORITHM=UNDEFINED  SQL SECURITY DEFINER VIEW `ap_payment_all_v`  AS  select `apph`.`ap_payment_header_id` AS `ap_payment_header_id`,`apph`.`bu_org_id` AS `bu_org_id`,`apph`.`payment_type` AS `payment_type`,`apph`.`payment_number` AS `payment_number`,`apph`.`supplier_id` AS `supplier_id`,`apph`.`supplier_site_id` AS `supplier_site_id`,`apph`.`from_bank_header_id` AS `from_bank_header_id`,`apph`.`header_amount` AS `header_amount`,`apph`.`currency` AS `currency`,`apph`.`document_number` AS `document_number`,`apph`.`payment_status` AS `payment_status`,`apph`.`gl_journal_header_id` AS `gl_journal_header_id`,`appl`.`ap_payment_line_id` AS `ap_payment_line_id`,`appl`.`line_number` AS `line_number`,`appl`.`amount` AS `amount`,`appl`.`line_description` AS `line_description`,`apth`.`ap_transaction_header_id` AS `ap_transaction_header_id`,`apth`.`transaction_type` AS `transaction_type`,`apth`.`transaction_number` AS `transaction_number`,`apth`.`hr_employee_id` AS `hr_employee_id`,`apth`.`currency` AS `apth_currency`,`apth`.`header_amount` AS `apth_header_amount`,`apth`.`transaction_status` AS `transaction_status`,`apth`.`paid_amount` AS `paid_amount`,`apth`.`payment_status` AS `apth_payment_status`,`supplier`.`supplier_name` AS `supplier_name`,`supplier`.`supplier_number` AS `supplier_number`,`supplier_site`.`supplier_site_name` AS `supplier_site_name`,`supplier_site`.`supplier_site_number` AS `supplier_site_number` from ((((`ap_payment_header` `apph` join `ap_payment_line` `appl`) join `ap_transaction_header` `apth`) join `supplier`) join `supplier_site`) where ((`apph`.`ap_payment_header_id` = `appl`.`ap_payment_header_id`) and (`appl`.`ap_transaction_header_id` = `apth`.`ap_transaction_header_id`) and (`apph`.`supplier_id` = `supplier`.`supplier_id`) and (`apph`.`supplier_site_id` = `supplier_site`.`supplier_site_id`)) ;

-- --------------------------------------------------------

--
-- Structure for view `ap_payment_trnx_v`
--
DROP TABLE IF EXISTS `ap_payment_trnx_v`;

CREATE ALGORITHM=UNDEFINED  SQL SECURITY DEFINER VIEW `ap_payment_trnx_v`  AS  select `ap_transaction_header`.`ap_transaction_header_id` AS `ap_transaction_header_id`,`ap_transaction_header`.`bu_org_id` AS `bu_org_id`,`ap_transaction_header`.`transaction_type` AS `transaction_type`,`ap_transaction_header`.`transaction_number` AS `transaction_number`,`ap_transaction_header`.`supplier_id` AS `supplier_id`,`ap_transaction_header`.`supplier_site_id` AS `supplier_site_id`,`ap_transaction_header`.`exchange_rate` AS `exchange_rate`,`ap_transaction_header`.`hr_employee_id` AS `hr_employee_id`,`ap_transaction_header`.`currency` AS `currency`,`ap_transaction_header`.`header_amount` AS `header_amount`,`ap_transaction_header`.`transaction_status` AS `transaction_status`,`ap_transaction_header`.`payment_term_id` AS `payment_term_id`,`ap_transaction_header`.`paid_amount` AS `paid_amount`,`ap_transaction_header`.`payment_status` AS `payment_status`,`ap_transaction_header`.`ledger_id` AS `ledger_id`,`ap_transaction_header`.`period_id` AS `period_id`,`supplier`.`supplier_name` AS `supplier_name`,`supplier`.`supplier_number` AS `supplier_number`,`supplier_site`.`supplier_site_name` AS `supplier_site_name`,`supplier_site`.`supplier_site_number` AS `supplier_site_number`,`ph`.`po_number` AS `po_number`,`ph`.`po_type` AS `po_type`,`ph`.`buyer` AS `buyer`,`payment_term`.`payment_term` AS `payment_term`,`payment_term`.`description` AS `description`,`ap_transaction_line`.`ap_transaction_line_id` AS `ap_transaction_line_id`,`ap_transaction_line`.`line_type` AS `line_type`,`ap_transaction_line`.`line_number` AS `line_number`,`ap_transaction_line`.`item_id_m` AS `item_id_m`,`ap_transaction_line`.`item_description` AS `item_description`,`ap_transaction_line`.`line_description` AS `line_description`,`ap_transaction_line`.`inv_line_quantity` AS `inv_line_quantity`,`ap_transaction_line`.`inv_unit_price` AS `inv_unit_price`,`ap_transaction_line`.`inv_line_price` AS `inv_line_price`,`ap_transaction_line`.`gl_inv_line_price` AS `gl_inv_line_price`,`ap_transaction_line`.`po_header_id` AS `po_header_id`,`ap_transaction_line`.`po_line_id` AS `po_line_id`,`ap_transaction_line`.`po_detail_id` AS `po_detail_id`,`ap_transaction_line`.`ref_transaction_header_id` AS `ref_transaction_header_id`,`ap_transaction_line`.`ref_transaction_line_id` AS `ref_transaction_line_id`,`item`.`item_number` AS `item_number`,`item`.`uom_id` AS `uom_id`,`item`.`item_status` AS `item_status`,`ap_transaction_header`.`created_by` AS `created_by`,`ap_transaction_header`.`creation_date` AS `creation_date`,`ap_transaction_header`.`last_update_by` AS `last_update_by`,`ap_transaction_header`.`last_update_date` AS `last_update_date` from ((((((`ap_transaction_header` left join `supplier` on((`ap_transaction_header`.`supplier_id` = `supplier`.`supplier_id`))) left join `supplier_site` on((`ap_transaction_header`.`supplier_site_id` = `supplier_site`.`supplier_site_id`))) left join `payment_term` on((`ap_transaction_header`.`payment_term_id` = `payment_term`.`payment_term_id`))) left join `ap_transaction_line` on((`ap_transaction_header`.`ap_transaction_header_id` = `ap_transaction_line`.`ap_transaction_header_id`))) left join `item` on(((`ap_transaction_line`.`item_id_m` = `item`.`item_id_m`) and (`item`.`item_id_m` = `item`.`item_id`)))) left join `po_header` `ph` on((`ph`.`po_header_id` = `ap_transaction_line`.`po_header_id`))) where ((ifnull(`ap_transaction_header`.`paid_amount`,0) < `ap_transaction_header`.`header_amount`) and (isnull(`ap_transaction_header`.`payment_status`) or (`ap_transaction_header`.`payment_status` <> 'FULLY_PAID'))) ;

-- --------------------------------------------------------

--
-- Structure for view `ap_po_matching_v`
--
DROP TABLE IF EXISTS `ap_po_matching_v`;

CREATE ALGORITHM=UNDEFINED  SQL SECURITY DEFINER VIEW `ap_po_matching_v`  AS  select `po_header`.`po_header_id` AS `po_header_id`,`po_header`.`bu_org_id` AS `bu_org_id`,`po_header`.`po_type` AS `po_type`,`po_header`.`po_number` AS `po_number`,`po_header`.`supplier_id` AS `supplier_id`,`po_header`.`supplier_site_id` AS `supplier_site_id`,`po_header`.`buyer` AS `buyer`,`po_header`.`currency` AS `currency`,`po_header`.`doc_currency` AS `doc_currency`,`po_header`.`header_amount` AS `header_amount`,`po_header`.`po_status` AS `po_status`,`po_header`.`payment_term_id` AS `payment_term_id`,`supplier`.`supplier_name` AS `supplier_name`,`supplier`.`supplier_number` AS `supplier_number`,`supplier_site`.`supplier_site_name` AS `supplier_site_name`,`supplier_site`.`supplier_site_number` AS `supplier_site_number`,`payment_term`.`payment_term` AS `payment_term`,`payment_term`.`description` AS `payment_term_description`,`po_line`.`po_line_id` AS `po_line_id`,`po_line`.`line_type` AS `line_type`,`po_line`.`line_number` AS `po_line_number`,`po_line`.`item_id_m` AS `item_id_m`,`po_line`.`item_description` AS `item_description`,`po_line`.`line_description` AS `line_description`,`po_line`.`line_quantity` AS `line_quantity`,`po_line`.`unit_price` AS `unit_price`,`po_line`.`line_price` AS `line_price`,`po_line`.`gl_line_price` AS `gl_line_price`,`po_line`.`gl_tax_amount` AS `gl_tax_amount`,`po_line`.`tax_amount` AS `tax_amount`,`item`.`item_number` AS `item_number`,`item`.`uom_id` AS `uom_id`,`item`.`item_status` AS `item_status`,`po_detail`.`po_detail_id` AS `po_detail_id`,`po_detail`.`shipment_number` AS `shipment_number`,`po_line`.`receving_org_id` AS `receving_org_id`,`po_detail`.`subinventory_id` AS `subinventory_id`,`po_detail`.`locator_id` AS `locator_id`,`po_detail`.`requestor` AS `requestor`,`po_detail`.`quantity` AS `quantity`,ifnull(`po_detail`.`received_quantity`,0) AS `received_quantity`,(`po_detail`.`quantity` - ifnull(`po_detail`.`received_quantity`,0)) AS `receiving_open_quantity`,`po_detail`.`need_by_date` AS `need_by_date`,`po_detail`.`promise_date` AS `promise_date`,`po_detail`.`accepted_quantity` AS `accepted_quantity`,`po_detail`.`delivered_quantity` AS `delivered_quantity`,`po_detail`.`invoiced_quantity` AS `invoiced_quantity`,`po_detail`.`paid_quantity` AS `paid_quantity`,(case `po_detail`.`invoice_match_type` when 'THREE_WAY' then (ifnull(`po_detail`.`received_quantity`,0) - ifnull(`po_detail`.`invoiced_quantity`,0)) else (`po_detail`.`quantity` - ifnull(`po_detail`.`invoiced_quantity`,0)) end) AS `invoicing_open_quantity`,`po_detail`.`charge_ac_id` AS `charge_ac_id`,`po_detail`.`accrual_ac_id` AS `accrual_ac_id`,`po_detail`.`budget_ac_id` AS `budget_ac_id`,`po_detail`.`ppv_ac_id` AS `ppv_ac_id`,`org`.`org` AS `receving_org`,`po_header`.`created_by` AS `created_by`,`po_header`.`creation_date` AS `creation_date`,`po_header`.`last_update_by` AS `last_update_by`,`po_header`.`last_update_date` AS `last_update_date` from (((((((`po_header` left join `supplier` on((`po_header`.`supplier_id` = `supplier`.`supplier_id`))) left join `supplier_site` on((`po_header`.`supplier_site_id` = `supplier_site`.`supplier_site_id`))) left join `payment_term` on((`po_header`.`payment_term_id` = `payment_term`.`payment_term_id`))) left join `po_line` on((`po_header`.`po_header_id` = `po_line`.`po_header_id`))) left join `item` on(((`po_line`.`item_id_m` = `item`.`item_id_m`) and (`item`.`org_id` = `po_line`.`receving_org_id`)))) left join `org` on((`po_line`.`receving_org_id` = `org`.`org_id`))) join `po_detail`) where ((`po_header`.`po_status` = 'APPROVED') and (`po_header`.`po_type` in ('BLANKET_RELEASE','STANDARD')) and (`po_line`.`po_line_id` = `po_detail`.`po_line_id`) and (((ifnull(`po_detail`.`invoiced_quantity`,0) < `po_detail`.`quantity`) and ((`po_detail`.`invoice_match_type` = 'TWO_WAY') or isnull(`po_detail`.`invoice_match_type`))) or ((ifnull(`po_detail`.`invoiced_quantity`,0) < ifnull(`po_detail`.`received_quantity`,0)) and (`po_detail`.`invoice_match_type` = 'THREE_WAY'))) and (`po_detail`.`po_detail_id` is not null)) ;

-- --------------------------------------------------------

--
-- Structure for view `ap_transaction_all_v`
--
DROP TABLE IF EXISTS `ap_transaction_all_v`;

CREATE ALGORITHM=UNDEFINED  SQL SECURITY DEFINER VIEW `ap_transaction_all_v`  AS  select `ap_transaction_header`.`ap_transaction_header_id` AS `ap_transaction_header_id`,`ap_transaction_header`.`bu_org_id` AS `bu_org_id`,`ap_transaction_header`.`transaction_type` AS `transaction_type`,`ap_transaction_header`.`transaction_number` AS `transaction_number`,`ap_transaction_header`.`supplier_id` AS `supplier_id`,`ap_transaction_header`.`supplier_site_id` AS `supplier_site_id`,`ap_transaction_header`.`hr_employee_id` AS `hr_employee_id`,`ap_transaction_header`.`currency` AS `currency`,`ap_transaction_header`.`header_amount` AS `header_amount`,`ap_transaction_header`.`transaction_status` AS `transaction_status`,`ap_transaction_header`.`payment_term_id` AS `payment_term_id`,`ap_transaction_header`.`paid_amount` AS `paid_amount`,`ap_transaction_header`.`payment_status` AS `payment_status`,`supplier`.`supplier_name` AS `supplier_name`,`supplier`.`supplier_number` AS `supplier_number`,`supplier_site`.`supplier_site_name` AS `supplier_site_name`,`supplier_site`.`supplier_site_number` AS `supplier_site_number`,`ph`.`po_number` AS `po_number`,`ph`.`po_type` AS `po_type`,`ph`.`buyer` AS `buyer`,`payment_term`.`payment_term` AS `payment_term`,`payment_term`.`description` AS `payment_term_description`,`ap_transaction_line`.`ap_transaction_line_id` AS `ap_transaction_line_id`,`ap_transaction_line`.`line_type` AS `line_type`,`ap_transaction_line`.`line_number` AS `line_number`,`ap_transaction_line`.`item_id_m` AS `item_id_m`,`ap_transaction_line`.`item_description` AS `item_description`,`ap_transaction_line`.`line_description` AS `line_description`,`ap_transaction_line`.`inv_line_quantity` AS `inv_line_quantity`,`ap_transaction_line`.`inv_unit_price` AS `inv_unit_price`,`ap_transaction_line`.`inv_line_price` AS `inv_line_price`,`ap_transaction_line`.`po_header_id` AS `po_header_id`,`ap_transaction_line`.`po_line_id` AS `po_line_id`,`ap_transaction_line`.`po_detail_id` AS `po_detail_id`,`ap_transaction_line`.`ref_transaction_header_id` AS `ref_transaction_header_id`,`ap_transaction_line`.`ref_transaction_line_id` AS `ref_transaction_line_id`,`item`.`item_number` AS `item_number`,`item`.`uom_id` AS `uom_id`,`item`.`item_status` AS `item_status`,`ap_transaction_detail`.`ap_transaction_detail_id` AS `ap_transaction_detail_id`,`ap_transaction_detail`.`account_type` AS `account_type`,`ap_transaction_detail`.`description` AS `detail_description`,`ap_transaction_detail`.`amount` AS `amount`,`ap_transaction_detail`.`detail_ac_id` AS `detail_ac_id`,`ap_transaction_header`.`created_by` AS `created_by`,`ap_transaction_header`.`creation_date` AS `creation_date`,`ap_transaction_header`.`last_update_by` AS `last_update_by`,`ap_transaction_header`.`last_update_date` AS `last_update_date` from (((((((`ap_transaction_header` left join `supplier` on((`ap_transaction_header`.`supplier_id` = `supplier`.`supplier_id`))) left join `supplier_site` on((`ap_transaction_header`.`supplier_site_id` = `supplier_site`.`supplier_site_id`))) left join `payment_term` on((`ap_transaction_header`.`payment_term_id` = `payment_term`.`payment_term_id`))) left join `ap_transaction_line` on((`ap_transaction_header`.`ap_transaction_header_id` = `ap_transaction_line`.`ap_transaction_header_id`))) left join `item` on(((`ap_transaction_line`.`item_id_m` = `item`.`item_id_m`) and (`item`.`item_id_m` = `item`.`item_id`)))) left join `ap_transaction_detail` on((`ap_transaction_line`.`ap_transaction_line_id` = `ap_transaction_detail`.`ap_transaction_line_id`))) left join `po_header` `ph` on((`ph`.`po_header_id` = `ap_transaction_line`.`po_header_id`))) ;

-- --------------------------------------------------------

--
-- Structure for view `ar_customer_v`
--
DROP TABLE IF EXISTS `ar_customer_v`;

CREATE ALGORITHM=UNDEFINED  SQL SECURITY DEFINER VIEW `ar_customer_v`  AS  select `ac`.`ar_customer_id` AS `ar_customer_id`,`ac`.`customer_number` AS `customer_number`,`ac`.`customer_name` AS `customer_name`,`acs`.`ar_customer_site_id` AS `ar_customer_site_id`,`acs`.`customer_site_number` AS `customer_site_number`,`acs`.`customer_site_name` AS `customer_site_name`,`ac`.`status` AS `status`,`ac`.`creation_date` AS `creation_date`,`ac`.`last_update_by` AS `last_update_by`,`ac`.`last_update_date` AS `last_update_date`,`acs`.`site_tax_country` AS `site_tax_country`,`acs`.`site_tax_reg_no` AS `site_tax_reg_no`,`acs`.`status` AS `site_status`,`acs`.`currency` AS `currency`,`acs`.`payment_term_id` AS `payment_term_id` from (`ar_customer` `ac` left join `ar_customer_site` `acs` on((`acs`.`ar_customer_id` = `ac`.`ar_customer_id`))) ;

-- --------------------------------------------------------

--
-- Structure for view `ar_transaction_all_v`
--
DROP TABLE IF EXISTS `ar_transaction_all_v`;

CREATE ALGORITHM=UNDEFINED  SQL SECURITY DEFINER VIEW `ar_transaction_all_v`  AS  select `ath`.`ar_transaction_header_id` AS `ar_transaction_header_id`,`ath`.`bu_org_id` AS `bu_org_id`,`ath`.`transaction_type` AS `transaction_type`,`ath`.`transaction_class` AS `transaction_class`,`ath`.`transaction_number` AS `transaction_number`,`ath`.`ar_customer_id` AS `ar_customer_id`,`ath`.`ar_customer_site_id` AS `ar_customer_site_id`,`ath`.`document_owner` AS `document_owner`,`ath`.`description` AS `description`,`ath`.`ship_to_id` AS `ship_to_id`,`ath`.`bill_to_id` AS `bill_to_id`,`ath`.`header_amount` AS `header_amount`,`ath`.`receipt_amount` AS `receipt_amount`,`ath`.`tax_amount` AS `tax_amount`,`ath`.`currency` AS `currency`,`ath`.`doc_currency` AS `doc_currency`,`ath`.`receivable_ac_id` AS `receivable_ac_id`,`ath`.`payment_term_id` AS `payment_term_id`,`ath`.`exchange_rate_type` AS `exchange_rate_type`,`ath`.`exchange_rate` AS `exchange_rate`,`ath`.`transaction_status` AS `transaction_status`,`ath`.`document_date` AS `document_date`,`ath`.`document_number` AS `document_number`,`ath`.`ledger_id` AS `ledger_id`,`ath`.`period_id` AS `trnx_period_id`,`ath`.`payment_term_date` AS `payment_term_date`,`ath`.`sales_person` AS `sales_person`,`ath`.`receipt_method` AS `receipt_method`,`ath`.`approval_status` AS `approval_status`,`ath`.`receipt_status` AS `receipt_status`,`ath`.`reference_type` AS `trnx_reference_type`,`ath`.`reference_key_name` AS `trnx_reference_key_name`,`ath`.`reference_key_value` AS `trnx_reference_key_value`,`ath`.`sd_so_header_id` AS `trnx_sd_so_header_id`,`atl`.`ar_transaction_line_id` AS `ar_transaction_line_id`,`atl`.`line_number` AS `line_number`,`atl`.`item_id_m` AS `item_id_m`,`atl`.`item_description` AS `item_description`,`atl`.`inv_line_quantity` AS `inv_line_quantity`,`atl`.`inv_unit_price` AS `inv_unit_price`,`atl`.`tax_code_id` AS `tax_code_id`,`atl`.`tax_amount` AS `so_tax_amount`,`atl`.`gl_inv_line_price` AS `gl_inv_line_price`,`atl`.`gl_tax_amount` AS `gl_tax_amount`,`atl`.`inv_line_price` AS `inv_line_price`,`atl`.`line_type` AS `trnx_line_type`,`atl`.`line_description` AS `line_description`,`atl`.`asset_cb` AS `asset_cb`,`atl`.`uom_id` AS `uom_id`,`atl`.`status` AS `status`,`atl`.`line_source` AS `line_source`,`atl`.`sd_so_header_id` AS `sd_so_header_id`,`atl`.`sd_so_line_id` AS `trnx_sd_so_line_id`,`atl`.`sd_so_detail_id` AS `sd_so_detail_id`,`atl`.`period_id` AS `period_id`,`atl`.`reference_type` AS `reference_type`,`atl`.`reference_key_name` AS `reference_key_name`,`atl`.`reference_key_value` AS `reference_key_value`,`ar_customer`.`customer_name` AS `customer_name`,`ar_customer`.`customer_number` AS `customer_number`,`ar_customer_site`.`customer_site_name` AS `customer_site_name`,`ar_customer_site`.`customer_site_number` AS `customer_site_number`,`sdsl`.`sd_so_line_id` AS `sd_so_line_id`,`sdsl`.`line_type` AS `line_type`,`sdsl`.`line_number` AS `so_line_number`,`sdsl`.`kit_cb` AS `kit_cb`,`sdsl`.`kit_configured_cb` AS `kit_configured_cb`,`sdsl`.`bom_config_header_id` AS `bom_config_header_id`,`sdsl`.`wip_wo_header_id` AS `wip_wo_header_id`,`sdsl`.`line_quantity` AS `line_quantity`,`sdsl`.`picked_quantity` AS `picked_quantity`,`sdsl`.`shipped_quantity` AS `shipped_quantity`,`sdsl`.`unit_price` AS `unit_price`,`sdsl`.`line_price` AS `line_price`,`sdsl`.`line_status` AS `line_status`,`sdsl`.`requested_date` AS `requested_date`,`sdsl`.`promise_date` AS `promise_date`,`sdsl`.`schedule_ship_date` AS `schedule_ship_date`,`sdsl`.`actual_ship_date` AS `actual_ship_date`,`item`.`item_number` AS `item_number`,`item`.`uom_id` AS `item_uom_id`,`item`.`item_status` AS `item_status`,`org`.`org` AS `org`,`sdsl`.`shipping_org_id` AS `shipping_org_id`,`sdsl`.`created_by` AS `created_by`,`sdsl`.`creation_date` AS `creation_date`,`sdsl`.`last_update_by` AS `last_update_by`,`sdsl`.`last_update_date` AS `last_update_date`,`ship_address`.`address` AS `address`,`ship_address`.`country` AS `country`,`ship_address`.`postal_code` AS `postal_code`,`ship_address`.`phone` AS `phone`,`ship_address`.`email` AS `email`,`ship_address`.`website` AS `website`,`bill_address`.`address` AS `address_b`,`bill_address`.`country` AS `country_b`,`bill_address`.`postal_code` AS `postal_code_b`,`bill_address`.`phone` AS `phone_b`,`bill_address`.`email` AS `email_b`,`bill_address`.`website` AS `website_b`,`payment_term`.`payment_term` AS `payment_term`,`payment_term`.`description` AS `payment_term_description` from (((`ar_customer` join `address` `ship_address`) join `address` `bill_address`) join (((((((`ar_transaction_line` `atl` left join `ar_transaction_header` `ath` on((`ath`.`ar_transaction_header_id` = `atl`.`ar_transaction_header_id`))) left join `ar_customer_site` on((`ath`.`ar_customer_site_id` = `ar_customer_site`.`ar_customer_site_id`))) left join `payment_term` on((`ath`.`payment_term_id` = `payment_term`.`payment_term_id`))) left join `sd_so_line` `sdsl` on((`atl`.`sd_so_line_id` = `sdsl`.`sd_so_line_id`))) left join `sd_so_header` `sdsh` on((`sdsh`.`sd_so_header_id` = `sdsl`.`sd_so_header_id`))) left join `org` on((`sdsl`.`shipping_org_id` = `org`.`org_id`))) left join `item` on(((`sdsl`.`item_id_m` = `item`.`item_id_m`) and (`item`.`org_id` = `sdsl`.`shipping_org_id`))))) where ((`ath`.`ar_customer_id` = `ar_customer`.`ar_customer_id`) and (`ship_address`.`address_id` = `ath`.`ship_to_id`) and (`bill_address`.`address_id` = `ath`.`bill_to_id`)) ;

-- --------------------------------------------------------

--
-- Structure for view `ar_unpaid_transaction_v`
--
DROP TABLE IF EXISTS `ar_unpaid_transaction_v`;

CREATE ALGORITHM=UNDEFINED  SQL SECURITY DEFINER VIEW `ar_unpaid_transaction_v`  AS  select `arth`.`ar_transaction_header_id` AS `ar_transaction_header_id`,`arth`.`bu_org_id` AS `bu_org_id`,`arth`.`transaction_class` AS `transaction_class`,`arth`.`transaction_number` AS `transaction_number`,`arth`.`header_amount` AS `header_amount`,`arth`.`tax_amount` AS `tax_amount`,`arth`.`exchange_rate` AS `receipt_amount`,`arth`.`receipt_amount` AS `exchange_rate`,(ifnull(`arth`.`header_amount`,0) - ifnull(`arth`.`receipt_amount`,0)) AS `remaing_amount`,`arth`.`currency` AS `currency`,`arth`.`doc_currency` AS `doc_currency`,`arth`.`document_date` AS `document_date`,`arth`.`document_number` AS `document_number`,`arth`.`gl_journal_header_id` AS `gl_journal_header_id`,`arth`.`ledger_id` AS `ledger_id`,`arth`.`sd_so_header_id` AS `sd_so_header_id`,`arth`.`ar_customer_id` AS `ar_customer_id`,`arth`.`ar_customer_site_id` AS `ar_customer_site_id`,`arc`.`customer_name` AS `customer_name`,`arc`.`customer_number` AS `customer_number`,`arcs`.`customer_site_name` AS `customer_site_name`,`arcs`.`customer_site_number` AS `customer_site_number`,`sosh`.`so_number` AS `so_number`,`org`.`org` AS `org` from ((((`ar_transaction_header` `arth` left join `sd_so_header` `sosh` on((`arth`.`sd_so_header_id` = `sosh`.`sd_so_header_id`))) join `ar_customer` `arc`) join `ar_customer_site` `arcs`) join `org`) where ((`arth`.`ar_customer_id` = `arc`.`ar_customer_id`) and (`arth`.`ar_customer_site_id` = `arcs`.`ar_customer_site_id`) and (`arth`.`ar_customer_id` = `arcs`.`ar_customer_id`) and (`org`.`org_id` = `arth`.`bu_org_id`) and (ifnull(`arth`.`header_amount`,0) > ifnull(`arth`.`receipt_amount`,0)) and (`arth`.`transaction_class` in ('INVOICE','DEPOSIT','CHARGE_BACK','PREPAYMENT','DEBIT_MEMO'))) ;

-- --------------------------------------------------------

--
-- Structure for view `bom_all_v`
--
DROP TABLE IF EXISTS `bom_all_v`;

CREATE ALGORITHM=UNDEFINED  SQL SECURITY DEFINER VIEW `bom_all_v`  AS  select `bh`.`bom_header_id` AS `bom_header_id`,`bh`.`item_id_m` AS `item_id_m`,`bh`.`alternate_bom` AS `alternate_bom`,`bh`.`org_id` AS `org_id`,`bh`.`bom_revision` AS `bom_revision`,`bh`.`effective_date` AS `effective_date`,`bh`.`common_bom_item_id_m` AS `common_bom_item_id_m`,`item`.`item_number` AS `item_number`,`item`.`item_description` AS `item_description`,`item`.`uom_id` AS `uom_id`,`item`.`item_type` AS `item_type`,`item`.`item_status` AS `item_status`,`item`.`bom_type` AS `bom_type`,`item`.`costing_enabled_cb` AS `costing_enabled_cb`,`item`.`make_buy` AS `make_buy`,`org`.`org` AS `org`,`org`.`type` AS `org_type`,`org`.`status` AS `org_status`,`org`.`description` AS `org_description`,`org`.`code` AS `org_code` from ((`bom_header` `bh` left join `item` on(((`item`.`item_id_m` = `bh`.`item_id_m`) and (`item`.`org_id` = `bh`.`org_id`)))) left join `org` on((`org`.`org_id` = `bh`.`org_id`))) ;

-- --------------------------------------------------------

--
-- Structure for view `bom_line_v`
--
DROP TABLE IF EXISTS `bom_line_v`;

CREATE ALGORITHM=UNDEFINED  SQL SECURITY DEFINER VIEW `bom_line_v`  AS  select `bh`.`bom_header_id` AS `bom_header_id_h`,`bh`.`item_id_m` AS `item_id_m`,`bh`.`org_id` AS `org_id`,`bh`.`alternate_bom` AS `alternate_bom`,`bh`.`effective_date` AS `effective_date`,`bh`.`common_bom_item_id_m` AS `common_bom_item_id_m`,`bh`.`common_bom_org_id` AS `common_bom_org_id`,`bh`.`created_by` AS `h_created_by`,`bh`.`creation_date` AS `h_creation_date`,`bh`.`last_update_by` AS `h_last_update_by`,`bh`.`last_update_date` AS `h_last_update_date`,`bl`.`bom_header_id` AS `bom_header_id`,`bl`.`bom_line_id` AS `bom_line_id`,`bl`.`bom_sequence` AS `bom_sequence`,`bl`.`routing_sequence` AS `routing_sequence`,`bl`.`component_item_id_m` AS `component_item_id_m`,`bl`.`usage_basis` AS `usage_basis`,`bl`.`usage_quantity` AS `usage_quantity`,`bl`.`auto_request_material_cb` AS `auto_request_material_cb`,`bl`.`effective_start_date` AS `effective_start_date`,`bl`.`effective_end_date` AS `effective_end_date`,`bl`.`eco_number` AS `eco_number`,`bl`.`eco_implemented_cb` AS `eco_implemented_cb`,`bl`.`planning_percentage` AS `planning_percentage`,`bl`.`yield` AS `yield`,`bl`.`include_in_cost_rollup_cb` AS `include_in_cost_rollup_cb`,(case coalesce(`bl`.`wip_supply_type`,0) when '0' then (select `item`.`wip_supply_type` from `item` where ((`item`.`item_id_m` = `bl`.`component_item_id_m`) and (`item`.`org_id` = `bh`.`org_id`))) else `bl`.`wip_supply_type` end) AS `wip_supply_type`,(case coalesce(`bl`.`supply_sub_inventory`,0) when '0' then (select `item`.`wip_supply_subinventory` from `item` where ((`item`.`item_id_m` = `bl`.`component_item_id_m`) and (`item`.`org_id` = `bh`.`org_id`))) else `bl`.`supply_sub_inventory` end) AS `supply_sub_inventory`,(case coalesce(`bl`.`supply_locator`,0) when '0' then (select `item`.`wip_supply_locator` from `item` where ((`item`.`item_id_m` = `bl`.`component_item_id_m`) and (`item`.`org_id` = `bh`.`org_id`))) else `bl`.`supply_locator` end) AS `supply_locator`,`bl`.`created_by` AS `created_by`,`bl`.`creation_date` AS `creation_date`,`bl`.`last_update_by` AS `last_update_by`,`bl`.`last_update_date` AS `last_update_date` from (`bom_line` `bl` join `bom_header` `bh`) where ((`bh`.`bom_header_id` = `bl`.`bom_header_id`) and (isnull(`bh`.`common_bom_item_id_m`) or (`bh`.`common_bom_item_id_m` = 0))) union select `bh`.`bom_header_id` AS `bom_header_id_h`,`bhc`.`item_id_m` AS `item_id_m`,`bhc`.`org_id` AS `org_id`,`bhc`.`alternate_bom` AS `alternate_bom`,`bhc`.`effective_date` AS `effective_date`,`bhc`.`common_bom_item_id_m` AS `common_bom_item_id_m`,`bhc`.`common_bom_org_id` AS `common_bom_org_id`,`bh`.`created_by` AS `h_created_by`,`bh`.`creation_date` AS `h_creation_date`,`bh`.`last_update_by` AS `h_last_update_by`,`bh`.`last_update_date` AS `h_last_update_date`,`bl`.`bom_header_id` AS `bom_header_id`,`bl`.`bom_line_id` AS `bom_line_id`,`bl`.`bom_sequence` AS `bom_sequence`,`bl`.`routing_sequence` AS `routing_sequence`,`bl`.`component_item_id_m` AS `component_item_id_m`,`bl`.`usage_basis` AS `usage_basis`,`bl`.`usage_quantity` AS `usage_quantity`,`bl`.`auto_request_material_cb` AS `auto_request_material_cb`,`bl`.`effective_start_date` AS `effective_start_date`,`bl`.`effective_end_date` AS `effective_end_date`,`bl`.`eco_number` AS `eco_number`,`bl`.`eco_implemented_cb` AS `eco_implemented_cb`,`bl`.`planning_percentage` AS `planning_percentage`,`bl`.`yield` AS `yield`,`bl`.`include_in_cost_rollup_cb` AS `include_in_cost_rollup_cb`,(case coalesce(`bl`.`wip_supply_type`,0) when '0' then (select `item`.`wip_supply_type` from `item` where ((`item`.`item_id_m` = `bl`.`component_item_id_m`) and (`item`.`org_id` = `bh`.`org_id`))) else `bl`.`wip_supply_type` end) AS `wip_supply_type`,(case coalesce(`bl`.`supply_sub_inventory`,0) when '0' then (select `item`.`wip_supply_subinventory` from `item` where ((`item`.`item_id_m` = `bl`.`component_item_id_m`) and (`item`.`org_id` = `bh`.`org_id`))) else `bl`.`supply_sub_inventory` end) AS `supply_sub_inventory`,(case coalesce(`bl`.`supply_locator`,0) when '0' then (select `item`.`wip_supply_locator` from `item` where ((`item`.`item_id_m` = `bl`.`component_item_id_m`) and (`item`.`org_id` = `bh`.`org_id`))) else `bl`.`supply_locator` end) AS `supply_locator`,`bl`.`created_by` AS `created_by`,`bl`.`creation_date` AS `creation_date`,`bl`.`last_update_by` AS `last_update_by`,`bl`.`last_update_date` AS `last_update_date` from ((`bom_line` `bl` join `bom_header` `bh`) join `bom_header` `bhc`) where ((`bh`.`bom_header_id` = `bl`.`bom_header_id`) and ((`bhc`.`common_bom_item_id_m` is not null) or (`bhc`.`common_bom_item_id_m` = 0)) and (`bhc`.`common_bom_item_id_m` = `bh`.`item_id_m`)) ;

-- --------------------------------------------------------

--
-- Structure for view `bom_overhead_v`
--
DROP TABLE IF EXISTS `bom_overhead_v`;

CREATE ALGORITHM=UNDEFINED  SQL SECURITY DEFINER VIEW `bom_overhead_v`  AS  select `res`.`bom_oh_res_assignment_id` AS `bom_oh_res_assignment_id`,`res`.`bom_cost_type` AS `resource_bom_cost_type`,`res`.`resource_id` AS `resource_id`,`ora`.`bom_oh_rate_assignment_id` AS `bom_oh_rate_assignment_id`,`ora`.`bom_overhead_id` AS `bom_overhead_id`,`ora`.`bom_cost_type` AS `rate_bom_cost_type`,`ora`.`default_basis` AS `default_basis`,`ora`.`rate` AS `rate`,`bo`.`overhead` AS `overhead`,`bo`.`description` AS `description`,`bo`.`org_id` AS `org_id`,`bo`.`overhead_type` AS `overhead_type`,`bo`.`absorption_ac_id` AS `absorption_ac_id` from ((`bom_oh_rate_assignment` `ora` left join `bom_overhead` `bo` on((`bo`.`bom_overhead_id` = `ora`.`bom_overhead_id`))) left join `bom_oh_res_assignment` `res` on((`res`.`bom_overhead_id` = `ora`.`bom_overhead_id`))) where (`res`.`bom_cost_type` = `ora`.`bom_cost_type`) ;

-- --------------------------------------------------------

--
-- Structure for view `bom_routing_line_v`
--
DROP TABLE IF EXISTS `bom_routing_line_v`;

CREATE ALGORITHM=UNDEFINED  SQL SECURITY DEFINER VIEW `bom_routing_line_v`  AS  select `brh`.`bom_routing_header_id` AS `bom_routing_header_id_h`,`brh`.`item_id_m` AS `item_id_m`,`brh`.`alternate_routing` AS `alternate_routing`,`brh`.`org_id` AS `org_id`,`brh`.`routing_revision` AS `routing_revision`,`brh`.`effective_date` AS `effective_date`,`brh`.`common_routing_item_id_m` AS `common_routing_item_id_m`,`brh`.`description` AS `description_h`,`brh`.`completion_subinventory` AS `completion_subinventory`,`brh`.`completion_locator` AS `completion_locator`,`brl`.`bom_routing_line_id` AS `bom_routing_line_id`,`brl`.`bom_routing_header_id` AS `bom_routing_header_id`,`brl`.`routing_sequence` AS `routing_sequence`,`brl`.`standard_operation_id` AS `standard_operation_id`,`brl`.`department_id` AS `department_id`,`brl`.`description` AS `description`,`brl`.`count_point_cb` AS `count_point_cb`,`brl`.`auto_charge_cb` AS `auto_charge_cb`,`brl`.`backflush_cb` AS `backflush_cb`,`brl`.`minimum_transfer_quantity` AS `minimum_transfer_quantity`,`brl`.`lead_time_percentage` AS `lead_time_percentage`,`brl`.`effective_start_date` AS `effective_start_date`,`brl`.`effective_end_date` AS `effective_end_date`,`brl`.`eco_number` AS `eco_number`,`brl`.`eco_implemented_cb` AS `eco_implemented_cb`,`brl`.`include_in_rollup_cb` AS `include_in_rollup_cb`,`brl`.`referenced_cb` AS `referenced_cb`,`brl`.`yield` AS `yield`,`brl`.`cumm_yield` AS `cumm_yield` from (`bom_routing_header` `brh` join `bom_routing_line` `brl`) where ((`brh`.`bom_routing_header_id` = `brl`.`bom_routing_header_id`) and (isnull(`brh`.`common_routing_item_id_m`) or (`brh`.`common_routing_item_id_m` = 0))) union select `brhc`.`bom_routing_header_id` AS `bom_routing_header_id_h`,`brhc`.`item_id_m` AS `item_id_m`,`brhc`.`alternate_routing` AS `alternate_routing`,`brhc`.`org_id` AS `org_id`,`brhc`.`routing_revision` AS `routing_revision`,`brhc`.`effective_date` AS `effective_date`,`brhc`.`common_routing_item_id_m` AS `common_routing_item_id_m`,`brhc`.`description` AS `description_h`,`brhc`.`completion_subinventory` AS `completion_subinventory`,`brhc`.`completion_locator` AS `completion_locator`,`brl`.`bom_routing_line_id` AS `bom_routing_line_id`,`brl`.`bom_routing_header_id` AS `bom_routing_header_id`,`brl`.`routing_sequence` AS `routing_sequence`,`brl`.`standard_operation_id` AS `standard_operation_id`,`brl`.`department_id` AS `department_id`,`brl`.`description` AS `description`,`brl`.`count_point_cb` AS `count_point_cb`,`brl`.`auto_charge_cb` AS `auto_charge_cb`,`brl`.`backflush_cb` AS `backflush_cb`,`brl`.`minimum_transfer_quantity` AS `minimum_transfer_quantity`,`brl`.`lead_time_percentage` AS `lead_time_percentage`,`brl`.`effective_start_date` AS `effective_start_date`,`brl`.`effective_end_date` AS `effective_end_date`,`brl`.`eco_number` AS `eco_number`,`brl`.`eco_implemented_cb` AS `eco_implemented_cb`,`brl`.`include_in_rollup_cb` AS `include_in_rollup_cb`,`brl`.`referenced_cb` AS `referenced_cb`,`brl`.`yield` AS `yield`,`brl`.`cumm_yield` AS `cumm_yield` from ((`bom_routing_header` `brh` join `bom_routing_header` `brhc`) join `bom_routing_line` `brl`) where ((`brh`.`bom_routing_header_id` = `brl`.`bom_routing_header_id`) and ((`brhc`.`common_routing_item_id_m` is not null) or (`brhc`.`common_routing_item_id_m` = 0)) and (`brhc`.`common_routing_item_id_m` = `brh`.`item_id_m`)) ;

-- --------------------------------------------------------

--
-- Structure for view `bom_routing_v`
--
DROP TABLE IF EXISTS `bom_routing_v`;

CREATE ALGORITHM=UNDEFINED  SQL SECURITY DEFINER VIEW `bom_routing_v`  AS  select `brh`.`bom_routing_header_id` AS `bom_routing_header_id`,`brh`.`item_id_m` AS `item_id_m`,`brh`.`alternate_routing` AS `alternate_routing`,`brh`.`org_id` AS `org_id`,`brh`.`routing_revision` AS `routing_revision`,`brh`.`effective_date` AS `effective_date`,`brh`.`common_routing_item_id_m` AS `common_routing_item_id_m`,`brh`.`description` AS `description`,`brh`.`completion_subinventory` AS `completion_subinventory`,`brh`.`completion_locator` AS `completion_locator`,`brh`.`ef_id` AS `ef_id`,`brh`.`created_by` AS `created_by`,`brh`.`creation_date` AS `creation_date`,`brh`.`last_update_by` AS `last_update_by`,`brh`.`last_update_date` AS `last_update_date`,`item`.`item_number` AS `item_number`,`item`.`item_description` AS `item_description`,`item`.`uom_id` AS `uom_id`,`item`.`item_type` AS `item_type`,`item`.`item_status` AS `item_status`,`item`.`bom_type` AS `bom_type`,`item`.`costing_enabled_cb` AS `costing_enabled_cb`,`item`.`make_buy` AS `make_buy`,`org`.`org` AS `org`,`org`.`type` AS `type`,`org`.`status` AS `status`,`org`.`description` AS `org_description`,`org`.`code` AS `code`,`sub`.`subinventory` AS `subinventory`,`loc`.`locator` AS `locator` from ((((`bom_routing_header` `brh` left join `item` on(((`item`.`item_id_m` = `brh`.`item_id_m`) and (`item`.`org_id` = `brh`.`org_id`)))) left join `org` on((`org`.`org_id` = `brh`.`org_id`))) left join `subinventory` `sub` on((`sub`.`subinventory_id` = `brh`.`completion_subinventory`))) left join `locator` `loc` on((`loc`.`locator_id` = `brh`.`completion_locator`))) ;

-- --------------------------------------------------------

--
-- Structure for view `cst_gross_margin_v`
--
DROP TABLE IF EXISTS `cst_gross_margin_v`;

CREATE ALGORITHM=UNDEFINED  SQL SECURITY DEFINER VIEW `cst_gross_margin_v`  AS  select `ath`.`ar_transaction_header_id` AS `ar_transaction_header_id`,`ath`.`bu_org_id` AS `bu_org_id`,`ath`.`transaction_type` AS `transaction_type`,`ath`.`transaction_class` AS `transaction_class`,`ath`.`transaction_number` AS `transaction_number`,`ath`.`ar_customer_id` AS `ar_customer_id`,`ath`.`ar_customer_site_id` AS `ar_customer_site_id`,`ath`.`document_owner` AS `document_owner`,`ath`.`description` AS `description`,`ath`.`ship_to_id` AS `ship_to_id`,`ath`.`bill_to_id` AS `bill_to_id`,`ath`.`header_amount` AS `header_amount`,`ath`.`currency` AS `currency`,`ath`.`exchange_rate` AS `exchange_rate`,`ath`.`doc_currency` AS `doc_currency`,`ath`.`document_number` AS `document_number`,`ath`.`ledger_id` AS `ledger_id`,`ath`.`period_id` AS `period_id`,`gp`.`period_name` AS `period_name`,`ath`.`sales_person` AS `sales_person`,`ath`.`reference_key_name` AS `reference_key_name_ath`,`ath`.`reference_key_value` AS `reference_key_value_ath`,`ath`.`sd_so_header_id` AS `sd_so_header_id_ath`,`atl`.`ar_transaction_line_id` AS `ar_transaction_line_id`,`atl`.`line_number` AS `line_number`,`atl`.`item_id_m` AS `item_id_m`,`atl`.`ar_transaction_header_id` AS `ar_transaction_header_id_atl`,`atl`.`item_description` AS `item_description`,`atl`.`inv_line_quantity` AS `inv_line_quantity`,`atl`.`inv_unit_price` AS `inv_unit_price`,`atl`.`line_type` AS `line_type`,`atl`.`line_description` AS `line_description`,`atl`.`sd_so_header_id` AS `sd_so_header_id`,`atl`.`reference_key_name` AS `reference_key_name`,`atl`.`reference_key_value` AS `reference_key_value`,`ar_customer`.`customer_name` AS `customer_name`,`ar_customer`.`customer_number` AS `customer_number`,`ar_customer_site`.`customer_site_name` AS `customer_site_name`,`ar_customer_site`.`customer_site_number` AS `customer_site_number`,`sdsl`.`sd_so_line_id` AS `sd_so_line_id`,`sdsl`.`line_type` AS `line_type_so_line`,`sdsl`.`unit_price` AS `unit_price`,`item`.`item_number` AS `item_number`,`org`.`org` AS `org`,`sdsl`.`shipping_org_id` AS `shipping_org_id`,(`atl`.`inv_unit_price` * `ath`.`exchange_rate`) AS `inv_unit_price_ledgc`,`ship_address`.`address` AS `address`,`ship_address`.`country` AS `country`,`cich`.`cst_item_cost_header_id` AS `cst_item_cost_header_id`,sum(`cicl`.`amount`) AS `frozen_cost`,(ifnull((`atl`.`inv_unit_price` * `ath`.`exchange_rate`),0) - ifnull(sum(`cicl`.`amount`),0)) AS `gross_profit`,(round(((ifnull((`atl`.`inv_unit_price` * `ath`.`exchange_rate`),0) - ifnull(sum(`cicl`.`amount`),0)) / ifnull((`atl`.`inv_unit_price` * `ath`.`exchange_rate`),1)),5) * 100) AS `gross_margin` from (((`ar_customer` join `address` `ship_address`) join `gl_period` `gp`) join ((((((((`ar_transaction_line` `atl` left join `ar_transaction_header` `ath` on((`ath`.`ar_transaction_header_id` = `atl`.`ar_transaction_header_id`))) left join `ar_customer_site` on((`ath`.`ar_customer_site_id` = `ar_customer_site`.`ar_customer_site_id`))) left join `sd_so_line` `sdsl` on((`atl`.`sd_so_line_id` = `sdsl`.`sd_so_line_id`))) left join `sd_so_header` `sdsh` on((`sdsh`.`sd_so_header_id` = `sdsl`.`sd_so_header_id`))) left join `org` on((`sdsl`.`shipping_org_id` = `org`.`org_id`))) left join `item` on(((`sdsl`.`item_id_m` = `item`.`item_id_m`) and (`item`.`org_id` = `sdsl`.`shipping_org_id`)))) left join `cst_item_cost_header` `cich` on(((`cich`.`item_id_m` = `item`.`item_id_m`) and (`item`.`org_id` = `cich`.`org_id`) and (`cich`.`bom_cost_type` = 'FROZEN')))) left join `cst_item_cost_line` `cicl` on((`cicl`.`cst_item_cost_header_id` = `cich`.`cst_item_cost_header_id`)))) where ((`ath`.`ar_customer_id` = `ar_customer`.`ar_customer_id`) and (`ship_address`.`address_id` = `ath`.`ship_to_id`) and (`gp`.`gl_period_id` = `ath`.`period_id`)) group by `cich`.`cst_item_cost_header_id`,`atl`.`ar_transaction_line_id` ;

-- --------------------------------------------------------

--
-- Structure for view `cst_item_cost_sum_v`
--
DROP TABLE IF EXISTS `cst_item_cost_sum_v`;

CREATE ALGORITHM=UNDEFINED  SQL SECURITY DEFINER VIEW `cst_item_cost_sum_v`  AS  select `ich`.`cst_item_cost_header_id` AS `cst_item_cost_header_id`,sum(`icl`.`amount`) AS `standard_cost` from (`cst_item_cost_header` `ich` join `cst_item_cost_line` `icl`) where (`icl`.`cst_item_cost_header_id` = `ich`.`cst_item_cost_header_id`) group by `ich`.`cst_item_cost_header_id` ;

-- --------------------------------------------------------

--
-- Structure for view `cst_item_cost_v`
--
DROP TABLE IF EXISTS `cst_item_cost_v`;

CREATE ALGORITHM=UNDEFINED  SQL SECURITY DEFINER VIEW `cst_item_cost_v`  AS  select `item`.`item_number` AS `item_number`,`item`.`item_description` AS `item_description`,`cich`.`item_id_m` AS `item_id_m`,`cich`.`org_id` AS `org_id`,`org`.`org` AS `org`,`cich`.`sales_price` AS `sales_price`,`cich`.`purchase_price` AS `purchase_price`,`cich`.`cst_item_cost_header_id` AS `cst_item_cost_header_id`,`cich`.`bom_cost_type` AS `bom_cost_type`,`icsv`.`standard_cost` AS `standard_cost` from (((`cst_item_cost_header` `cich` join `cst_item_cost_sum_v` `icsv`) join `item`) join `org`) where ((`icsv`.`cst_item_cost_header_id` = `cich`.`cst_item_cost_header_id`) and (`item`.`item_id_m` = `cich`.`item_id_m`) and (`item`.`org_id` = `cich`.`org_id`) and (`org`.`org_id` = `cich`.`org_id`)) ;

-- --------------------------------------------------------

--
-- Structure for view `fa_asset_transaction_v`
--
DROP TABLE IF EXISTS `fa_asset_transaction_v`;

CREATE ALGORITHM=UNDEFINED  SQL SECURITY DEFINER VIEW `fa_asset_transaction_v`  AS  select `fat`.`fa_asset_transaction_id` AS `fa_asset_transaction_id`,`fat`.`fa_asset_id` AS `fa_asset_id`,`fat`.`fa_asset_book_info_id` AS `fa_asset_book_info_id`,`fat`.`fa_asset_book_id` AS `fa_asset_book_id`,`fat`.`transaction_type` AS `transaction_type`,`fat`.`quantity` AS `quantity`,`fat`.`amout` AS `amout`,`fat`.`gl_journal_header_id` AS `gl_journal_header_id`,`fat`.`gl_journal_line_id` AS `gl_journal_line_id`,`fat`.`description` AS `description`,`fat`.`created_by` AS `created_by`,`fat`.`creation_date` AS `creation_date`,`fat`.`last_update_by` AS `last_update_by`,`fat`.`last_update_date` AS `last_update_date`,`ast`.`asset_number` AS `asset_number`,`ast`.`tag_number` AS `tag_number`,`ast`.`serial_number` AS `serial_number`,`ast`.`key_number` AS `key_number`,`ast`.`description` AS `asset_description`,`ast`.`manufacturer` AS `manufacturer`,`ast`.`model_number` AS `model_number`,`ast`.`warrranty_number` AS `warrranty_number`,`ast`.`lease_number` AS `lease_number`,`ast`.`physical_inventory_cb` AS `physical_inventory_cb`,`fab`.`asset_book_name` AS `asset_book_name`,`fab`.`bu_org_id` AS `bu_org_id`,`fab`.`type` AS `type`,`fab`.`primary_fa_asset_book_id` AS `primary_fa_asset_book_id`,`fab`.`description` AS `book_description` from ((`fa_asset_transaction` `fat` join `fa_asset` `ast`) join `fa_asset_book` `fab`) where ((`ast`.`fa_asset_id` = `fat`.`fa_asset_id`) and (`fab`.`fa_asset_book_id` = `fat`.`fa_asset_book_id`)) ;

-- --------------------------------------------------------

--
-- Structure for view `fp_forecast_line_date_v`
--
DROP TABLE IF EXISTS `fp_forecast_line_date_v`;

CREATE ALGORITHM=UNDEFINED  SQL SECURITY DEFINER VIEW `fp_forecast_line_date_v`  AS  select `fld`.`fp_forecast_line_date_id` AS `fp_forecast_line_date_id`,`fld`.`fp_forecast_line_id` AS `fp_forecast_line_id`,`fh`.`forecast` AS `forecast`,`fg`.`forecast_group` AS `forecast_group`,`org`.`org` AS `org`,`item`.`item_number` AS `item_number`,`uom`.`uom_name` AS `uom_name`,`item`.`item_description` AS `item_description`,`fld`.`forecast_date` AS `forecast_date`,`fl`.`bucket_type` AS `bucket_type`,`fld`.`original_quantity` AS `original_quantity`,`fld`.`current_quantity` AS `current_quantity`,`fld`.`source` AS `source`,`fl`.`item_id_m` AS `item_id_m`,`item`.`uom_id` AS `uom_id` from ((((`fp_forecast_line_date` `fld` join `fp_forecast_line` `fl`) join `org`) join (`fp_forecast_header` `fh` left join `fp_forecast_group` `fg` on((`fg`.`fp_forecast_group_id` = `fh`.`forecast_group_id`)))) join (`item` left join `uom` on((`uom`.`uom_id` = `item`.`uom_id`)))) where ((`fl`.`fp_forecast_line_id` = `fld`.`fp_forecast_line_id`) and (`fl`.`fp_forecast_header_id` = `fh`.`fp_forecast_header_id`) and (`item`.`item_id_m` = `fl`.`item_id_m`) and (`item`.`org_id` = `fh`.`org_id`) and (`org`.`org_id` = `fh`.`org_id`)) ;

-- --------------------------------------------------------

--
-- Structure for view `fp_forecast_over_consumption_v`
--
DROP TABLE IF EXISTS `fp_forecast_over_consumption_v`;

CREATE ALGORITHM=UNDEFINED  SQL SECURITY DEFINER VIEW `fp_forecast_over_consumption_v`  AS  select `fg`.`forecast_group` AS `forecast_group`,`org`.`org` AS `org`,`sosh`.`so_number` AS `so_number`,`sosl`.`line_number` AS `line_number`,`item`.`item_number` AS `item_number`,`uom`.`uom_name` AS `uom_name`,`item`.`item_description` AS `item_description`,`sosl`.`schedule_ship_date` AS `schedule_ship_date`,`foc`.`quantity` AS `quantity`,`sosl`.`item_id_m` AS `item_id_m`,`item`.`uom_id` AS `uom_id`,`foc`.`fp_forecast_consumption_id` AS `fp_forecast_consumption_id`,`foc`.`sd_so_line_id` AS `sd_so_line_id`,`sosl`.`sd_so_header_id` AS `sd_so_header_id` from (((((`fp_forecast_consumption` `foc` join `fp_forecast_group` `fg`) join `sd_so_line` `sosl`) join `sd_so_header` `sosh`) join `org`) join (`item` left join `uom` on((`uom`.`uom_id` = `item`.`uom_id`)))) where ((`foc`.`sd_so_line_id` = `sosl`.`sd_so_line_id`) and (`fg`.`fp_forecast_group_id` = `foc`.`fp_forecast_group_id`) and (`item`.`item_id_m` = `sosl`.`item_id_m`) and (`item`.`org_id` = `sosl`.`shipping_org_id`) and (`org`.`org_id` = `sosl`.`shipping_org_id`) and (`sosh`.`sd_so_header_id` = `sosl`.`sd_so_header_id`) and (`foc`.`quantity` < 0)) ;

-- --------------------------------------------------------

--
-- Structure for view `fp_kanban_demand_v`
--
DROP TABLE IF EXISTS `fp_kanban_demand_v`;

CREATE ALGORITHM=UNDEFINED  SQL SECURITY DEFINER VIEW `fp_kanban_demand_v`  AS  select `mmh`.`plan_name` AS `plan_name`,`mmh`.`org_id` AS `org_id`,`mmh`.`planning_horizon_days` AS `planning_horizon_days`,`org`.`org` AS `org`,`fh`.`forecast` AS `forecast`,`fh`.`description` AS `forecast_description`,`fmd`.`fp_kanban_demand_id` AS `fp_kanban_demand_id`,`fmd`.`plan_id` AS `plan_id`,`fmd`.`item_id_m` AS `item_id_m`,`fmd`.`quantity` AS `quantity`,`fmd`.`demand_item_id_m` AS `demand_item_id_m`,`fmd`.`toplevel_demand_item_id_m` AS `toplevel_demand_item_id_m`,`fmd`.`demand_type` AS `demand_type`,`fmd`.`source` AS `source`,`item`.`item_number` AS `item_number`,`item`.`item_description` AS `item_description`,`item2`.`item_number` AS `top_level_item_number`,`item2`.`item_description` AS `top_level_item_description`,`item3`.`item_number` AS `demand_item_number`,`item3`.`item_description` AS `demand_item_description`,`fmd`.`created_by` AS `created_by`,`fmd`.`creation_date` AS `creation_date`,`fmd`.`last_update_by` AS `last_update_by`,`fmd`.`last_update_date` AS `last_update_date` from ((((((`fp_kanban_demand` `fmd` left join `fp_kanban_planner_header` `mmh` on((`mmh`.`fp_kanban_planner_header_id` = `fmd`.`plan_id`))) left join `fp_forecast_header` `fh` on((`fh`.`fp_forecast_header_id` = `fmd`.`source`))) left join `item` on((`item`.`item_id_m` = `fmd`.`item_id_m`))) left join `item` `item2` on((`item2`.`item_id_m` = `fmd`.`toplevel_demand_item_id_m`))) left join `item` `item3` on((`item3`.`item_id_m` = `fmd`.`demand_item_id_m`))) left join `org` on((`org`.`org_id` = `mmh`.`org_id`))) ;

-- --------------------------------------------------------

--
-- Structure for view `fp_kanban_line_v`
--
DROP TABLE IF EXISTS `fp_kanban_line_v`;

CREATE ALGORITHM=UNDEFINED  SQL SECURITY DEFINER VIEW `fp_kanban_line_v`  AS  select `kbl`.`fp_kanban_line_id` AS `fp_kanban_line_id`,`kbl`.`fp_kanban_header_id` AS `fp_kanban_header_id`,`kbl`.`description` AS `description`,`kbl`.`card_number` AS `card_number`,`kbl`.`card_status` AS `card_status`,`kbl`.`supply_status` AS `supply_status`,`kbl`.`kanban_size` AS `kanban_size`,`kbl`.`card_type` AS `card_type`,`kbh`.`org_id` AS `org_id`,`kbh`.`description` AS `kbh_description`,`kbh`.`item_id_m` AS `item_id_m`,`kbh`.`effective_from` AS `effective_from`,`kbh`.`effective_to` AS `effective_to`,`kbh`.`subinventory_id` AS `subinventory_id`,`kbh`.`locator_id` AS `locator_id`,`kbh`.`source_type` AS `source_type`,`kbh`.`supplier_id` AS `supplier_id`,`kbh`.`supplier_site_id` AS `supplier_site_id`,`kbh`.`from_org_id` AS `from_org_id`,`kbh`.`from_subinventory_id` AS `from_subinventory_id`,`kbh`.`from_locator_id` AS `from_locator_id`,`item`.`item_number` AS `item_number`,`item`.`item_description` AS `item_description`,`item`.`uom_id` AS `uom_id`,`item`.`list_price` AS `list_price`,`item`.`sourcing_rule_id` AS `sourcing_rule_id`,(ifnull(`item`.`pre_processing_lt`,0) + ifnull(`item`.`processing_lt`,0)) AS `lead_time`,`sub`.`subinventory` AS `subinventory`,`locator`.`locator` AS `locator`,`org`.`org` AS `org`,`org`.`business_org_id` AS `bu_org_id` from ((((`fp_kanban_line` `kbl` join `item`) join `subinventory` `sub`) join `org`) join (`fp_kanban_header` `kbh` left join `locator` on((`locator`.`locator_id` = `kbh`.`locator_id`)))) where ((`kbh`.`fp_kanban_header_id` = `kbl`.`fp_kanban_header_id`) and (`item`.`item_id_m` = `kbh`.`item_id_m`) and (`item`.`org_id` = `kbh`.`org_id`) and (`org`.`org_id` = `kbh`.`org_id`) and (`sub`.`subinventory_id` = `kbh`.`subinventory_id`)) ;

-- --------------------------------------------------------

--
-- Structure for view `fp_kanban_suggestion_v`
--
DROP TABLE IF EXISTS `fp_kanban_suggestion_v`;

CREATE ALGORITHM=UNDEFINED  SQL SECURITY DEFINER VIEW `fp_kanban_suggestion_v`  AS  select `mmh`.`plan_name` AS `plan_name`,`mmh`.`org_id` AS `org_id`,`mmh`.`planning_horizon_days` AS `planning_horizon_days`,`org`.`org` AS `org`,`fmd`.`item_id_m` AS `item_id_m`,`item`.`item_number` AS `item_number`,sum(`fmd`.`quantity`) AS `total_demand`,(sum(`fmd`.`quantity`) / `mmh`.`planning_horizon_days`) AS `avg_daily_demand`,`item`.`saftey_stock_quantity` AS `saftey_stock_quantity`,((`item`.`pre_processing_lt` + `item`.`post_processing_lt`) + `item`.`processing_lt`) AS `lead_time`,`item`.`saftey_stock_days` AS `saftey_stock_days`,(((((`item`.`pre_processing_lt` + `item`.`post_processing_lt`) + `item`.`processing_lt`) + ifnull(`item`.`saftey_stock_days`,0)) * (sum(`fmd`.`quantity`) / `mmh`.`planning_horizon_days`)) + ifnull(`item`.`saftey_stock_quantity`,0)) AS `minimum_quantity`,`item`.`fix_days_supply` AS `fix_days_supply`,if(((`item`.`fix_days_supply` * (sum(`fmd`.`quantity`) / `mmh`.`planning_horizon_days`)) > (((((`item`.`pre_processing_lt` + `item`.`post_processing_lt`) + `item`.`processing_lt`) + ifnull(`item`.`saftey_stock_days`,0)) * (sum(`fmd`.`quantity`) / `mmh`.`planning_horizon_days`)) + ifnull(`item`.`saftey_stock_quantity`,0))),(`item`.`fix_days_supply` * (sum(`fmd`.`quantity`) / `mmh`.`planning_horizon_days`)),((((((`item`.`pre_processing_lt` + `item`.`post_processing_lt`) + `item`.`processing_lt`) + ifnull(`item`.`saftey_stock_days`,0)) * 1.5) * (sum(`fmd`.`quantity`) / `mmh`.`planning_horizon_days`)) + ifnull(`item`.`saftey_stock_quantity`,0))) AS `maximum_quantity`,ifnull(`item`.`fix_days_supply`,30) AS `multibin_fix_days_supply`,ifnull(ifnull(`kh`.`noof_card`,(ceiling(((((((`item`.`pre_processing_lt` + `item`.`post_processing_lt`) + `item`.`processing_lt`) + ifnull(`item`.`saftey_stock_days`,0)) * (sum(`fmd`.`quantity`) / `mmh`.`planning_horizon_days`)) + ifnull(`item`.`saftey_stock_quantity`,0)) / `kh`.`card_size`)) + 1)),2) AS `kanban_multibin_number`,ifnull(`kh`.`card_size`,((((((`item`.`pre_processing_lt` + `item`.`post_processing_lt`) + `item`.`processing_lt`) + ifnull(`item`.`saftey_stock_days`,0)) * (sum(`fmd`.`quantity`) / `mmh`.`planning_horizon_days`)) + ifnull(`item`.`saftey_stock_quantity`,0)) / ifnull(`kh`.`noof_card`,ceiling((ifnull(((`item`.`pre_processing_lt` + `item`.`post_processing_lt`) + `item`.`processing_lt`),0) / ifnull(`item`.`fix_days_supply`,30)))))) AS `kanban_multibin_size`,(((((`item`.`pre_processing_lt` + `item`.`post_processing_lt`) + `item`.`processing_lt`) + ifnull(`item`.`saftey_stock_days`,0)) * (sum(`fmd`.`quantity`) / `mmh`.`planning_horizon_days`)) + ifnull(`item`.`saftey_stock_quantity`,0)) AS `kanban_twobin_size`,`fh`.`forecast` AS `forecast`,`fh`.`description` AS `forecast_description`,`fmd`.`fp_kanban_demand_id` AS `fp_kanban_demand_id`,`fmd`.`plan_id` AS `plan_id`,`fmd`.`demand_item_id_m` AS `demand_item_id_m`,`fmd`.`toplevel_demand_item_id_m` AS `toplevel_demand_item_id_m`,`fmd`.`demand_type` AS `demand_type`,`fmd`.`source` AS `source`,`item`.`item_description` AS `item_description`,`item2`.`item_number` AS `top_level_item_number`,`item2`.`item_description` AS `top_level_item_description`,`item3`.`item_number` AS `demand_item_number`,`item3`.`item_description` AS `demand_item_description`,`fmd`.`created_by` AS `created_by`,`fmd`.`creation_date` AS `creation_date`,`fmd`.`last_update_by` AS `last_update_by`,`fmd`.`last_update_date` AS `last_update_date`,`kh`.`fp_kanban_header_id` AS `fp_kanban_header_id` from (((((((`fp_kanban_demand` `fmd` left join `fp_kanban_planner_header` `mmh` on((`mmh`.`fp_kanban_planner_header_id` = `fmd`.`plan_id`))) left join `fp_forecast_header` `fh` on((`fh`.`fp_forecast_header_id` = `fmd`.`source`))) left join `item` on((`item`.`item_id_m` = `fmd`.`item_id_m`))) left join `item` `item2` on((`item2`.`item_id_m` = `fmd`.`toplevel_demand_item_id_m`))) left join `item` `item3` on((`item3`.`item_id_m` = `fmd`.`demand_item_id_m`))) left join `org` on((`org`.`org_id` = `mmh`.`org_id`))) left join `fp_kanban_header` `kh` on(((`kh`.`org_id` = `mmh`.`org_id`) and (`kh`.`item_id_m` = `fmd`.`item_id_m`)))) group by `fmd`.`item_id_m` ;

-- --------------------------------------------------------

--
-- Structure for view `fp_minmax_demand_v`
--
DROP TABLE IF EXISTS `fp_minmax_demand_v`;

CREATE ALGORITHM=UNDEFINED  SQL SECURITY DEFINER VIEW `fp_minmax_demand_v`  AS  select `mmh`.`fp_minmax_header_id` AS `fp_minmax_header_id`,`mmh`.`plan_name` AS `plan_name`,`mmh`.`org_id` AS `org_id`,`mmh`.`planning_horizon_days` AS `planning_horizon_days`,`org`.`org` AS `org`,`fh`.`forecast` AS `forecast`,`fh`.`description` AS `forecast_description`,`fmd`.`fp_minmax_demand_id` AS `fp_minmax_demand_id`,`fmd`.`plan_id` AS `plan_id`,`fmd`.`item_id_m` AS `item_id_m`,`fmd`.`quantity` AS `quantity`,`fmd`.`demand_item_id_m` AS `demand_item_id_m`,`fmd`.`toplevel_demand_item_id_m` AS `toplevel_demand_item_id_m`,`fmd`.`demand_type` AS `demand_type`,`fmd`.`source` AS `source`,`item`.`item_number` AS `item_number`,`item`.`item_description` AS `item_description`,`item2`.`item_number` AS `top_level_item_number`,`item2`.`item_description` AS `top_level_item_description`,`item3`.`item_number` AS `demand_item_number`,`item3`.`item_description` AS `demand_item_description`,`fmd`.`created_by` AS `created_by`,`fmd`.`creation_date` AS `creation_date`,`fmd`.`last_update_by` AS `last_update_by`,`fmd`.`last_update_date` AS `last_update_date` from ((((((`fp_minmax_demand` `fmd` left join `fp_minmax_header` `mmh` on((`mmh`.`fp_minmax_header_id` = `fmd`.`plan_id`))) left join `fp_forecast_header` `fh` on((`fh`.`fp_forecast_header_id` = `fmd`.`source`))) left join `item` on(((`item`.`item_id_m` = `fmd`.`item_id_m`) and (`item`.`item_id_m` = `item`.`item_id`)))) left join `item` `item2` on(((`item2`.`item_id_m` = `fmd`.`toplevel_demand_item_id_m`) and (`item2`.`item_id_m` = `item2`.`item_id`)))) left join `item` `item3` on(((`item3`.`item_id_m` = `fmd`.`demand_item_id_m`) and (`item3`.`item_id_m` = `item3`.`item_id`)))) left join `org` on((`org`.`org_id` = `mmh`.`org_id`))) ;

-- --------------------------------------------------------

--
-- Structure for view `fp_minmax_suggestion_v`
--
DROP TABLE IF EXISTS `fp_minmax_suggestion_v`;

CREATE ALGORITHM=UNDEFINED  SQL SECURITY DEFINER VIEW `fp_minmax_suggestion_v`  AS  select `mmh`.`fp_minmax_header_id` AS `fp_minmax_header_id`,`mmh`.`plan_name` AS `plan_name`,`mmh`.`org_id` AS `org_id`,`mmh`.`planning_horizon_days` AS `planning_horizon_days`,`org`.`org` AS `org`,`fmd`.`item_id_m` AS `item_id_m`,`item`.`item_number` AS `item_number`,sum(`fmd`.`quantity`) AS `total_demand`,(sum(`fmd`.`quantity`) / `mmh`.`planning_horizon_days`) AS `avg_daily_demand`,`item`.`saftey_stock_quantity` AS `saftey_stock_quantity`,((`item`.`pre_processing_lt` + `item`.`post_processing_lt`) + `item`.`processing_lt`) AS `lead_time`,`item`.`saftey_stock_days` AS `saftey_stock_days`,(((((`item`.`pre_processing_lt` + `item`.`post_processing_lt`) + `item`.`processing_lt`) + ifnull(`item`.`saftey_stock_days`,0)) * (sum(`fmd`.`quantity`) / `mmh`.`planning_horizon_days`)) + ifnull(`item`.`saftey_stock_quantity`,0)) AS `minmax_min_quantity`,`item`.`fix_days_supply` AS `fix_days_supply`,if(((`item`.`fix_days_supply` * (sum(`fmd`.`quantity`) / `mmh`.`planning_horizon_days`)) > (((((`item`.`pre_processing_lt` + `item`.`post_processing_lt`) + `item`.`processing_lt`) + ifnull(`item`.`saftey_stock_days`,0)) * (sum(`fmd`.`quantity`) / `mmh`.`planning_horizon_days`)) + ifnull(`item`.`saftey_stock_quantity`,0))),(`item`.`fix_days_supply` * (sum(`fmd`.`quantity`) / `mmh`.`planning_horizon_days`)),((((((`item`.`pre_processing_lt` + `item`.`post_processing_lt`) + `item`.`processing_lt`) + ifnull(`item`.`saftey_stock_days`,0)) * 1.5) * (sum(`fmd`.`quantity`) / `mmh`.`planning_horizon_days`)) + ifnull(`item`.`saftey_stock_quantity`,0))) AS `minmax_max_quantity`,ifnull(`item`.`fix_days_supply`,30) AS `multibin_fix_days_supply`,(ceiling((ifnull(((`item`.`pre_processing_lt` + `item`.`post_processing_lt`) + `item`.`processing_lt`),0) / ifnull(`item`.`fix_days_supply`,30))) + 1) AS `minmax_multibin_number`,((((((`item`.`pre_processing_lt` + `item`.`post_processing_lt`) + `item`.`processing_lt`) + ifnull(`item`.`saftey_stock_days`,0)) * (sum(`fmd`.`quantity`) / `mmh`.`planning_horizon_days`)) + ifnull(`item`.`saftey_stock_quantity`,0)) / ceiling((ifnull(((`item`.`pre_processing_lt` + `item`.`post_processing_lt`) + `item`.`processing_lt`),0) / ifnull(`item`.`fix_days_supply`,30)))) AS `minmax_multibin_size`,((((((`item`.`pre_processing_lt` + `item`.`post_processing_lt`) + `item`.`processing_lt`) + ifnull(`item`.`saftey_stock_days`,0)) * (sum(`fmd`.`quantity`) / `mmh`.`planning_horizon_days`)) + ifnull(`item`.`saftey_stock_quantity`,0)) + 1) AS `multibin_minmax_quantity`,`fh`.`forecast` AS `forecast`,`fh`.`description` AS `forecast_description`,`fmd`.`fp_minmax_demand_id` AS `fp_minmax_demand_id`,`fmd`.`plan_id` AS `plan_id`,`fmd`.`demand_item_id_m` AS `demand_item_id_m`,`fmd`.`toplevel_demand_item_id_m` AS `toplevel_demand_item_id_m`,`fmd`.`demand_type` AS `demand_type`,`fmd`.`source` AS `source`,`item`.`item_description` AS `item_description`,`item2`.`item_number` AS `top_level_item_number`,`item2`.`item_description` AS `top_level_item_description`,`item3`.`item_number` AS `demand_item_number`,`item3`.`item_description` AS `demand_item_description`,`fmd`.`created_by` AS `created_by`,`fmd`.`creation_date` AS `creation_date`,`fmd`.`last_update_by` AS `last_update_by`,`fmd`.`last_update_date` AS `last_update_date` from ((((((`fp_minmax_demand` `fmd` left join `fp_minmax_header` `mmh` on((`mmh`.`fp_minmax_header_id` = `fmd`.`plan_id`))) left join `fp_forecast_header` `fh` on((`fh`.`fp_forecast_header_id` = `fmd`.`source`))) left join `item` on((`item`.`item_id_m` = `fmd`.`item_id_m`))) left join `item` `item2` on(((`item2`.`item_id_m` = `fmd`.`toplevel_demand_item_id_m`) and (`item2`.`item_id_m` = `item2`.`item_id`)))) left join `item` `item3` on(((`item3`.`item_id_m` = `fmd`.`demand_item_id_m`) and (`item3`.`item_id_m` = `item3`.`item_id`)))) left join `org` on((`org`.`org_id` = `mmh`.`org_id`))) group by `fmd`.`item_id_m` ;

-- --------------------------------------------------------

--
-- Structure for view `fp_mrp_demand_v`
--
DROP TABLE IF EXISTS `fp_mrp_demand_v`;

CREATE ALGORITHM=UNDEFINED  SQL SECURITY DEFINER VIEW `fp_mrp_demand_v`  AS  select `fmd`.`fp_mrp_demand_id` AS `fp_mrp_demand_id`,`fmd`.`fp_mrp_header_id` AS `fp_mrp_header_id`,`fmh`.`mrp_name` AS `mrp_name`,`fmd`.`org_id` AS `org_id`,`fmd`.`item_id_m` AS `item_id_m`,`fmd`.`demand_date` AS `demand_date`,`fmd`.`quantity` AS `quantity`,`fmd`.`demand_item_id_m` AS `demand_item_id_m`,`fmd`.`toplevel_demand_item_id_m` AS `toplevel_demand_item_id_m`,`fmd`.`source_type` AS `source_type`,`fmd`.`primary_source_type` AS `primary_source_type`,`fmd`.`source_header_id` AS `source_header_id`,`fmd`.`source_line_id` AS `source_line_id`,`item`.`item_number` AS `item_number`,`item`.`item_description` AS `item_description`,`item`.`planner` AS `planner`,`item`.`product_line` AS `product_line`,`cic`.`standard_cost` AS `standard_cost`,`cic`.`sales_price` AS `sales_price`,`cic`.`purchase_price` AS `purchase_price` from (((`fp_mrp_demand` `fmd` left join `item` on(((`item`.`item_id_m` = `fmd`.`item_id_m`) and (`item`.`org_id` = `fmd`.`org_id`)))) left join `cst_item_cost_v` `cic` on(((`cic`.`item_id_m` = `fmd`.`item_id_m`) and (`cic`.`org_id` = `cic`.`org_id`) and (`cic`.`bom_cost_type` = 'FROZEN')))) join `fp_mrp_header` `fmh`) where (`fmh`.`fp_mrp_header_id` = `fmd`.`fp_mrp_header_id`) ;

-- --------------------------------------------------------

--
-- Structure for view `fp_mrp_existing_supply_v`
--
DROP TABLE IF EXISTS `fp_mrp_existing_supply_v`;

CREATE ALGORITHM=UNDEFINED  SQL SECURITY DEFINER VIEW `fp_mrp_existing_supply_v`  AS  select `item`.`item_id_m` AS `item_id_m`,'PO' AS `document_type`,(`pd`.`quantity` - `pd`.`received_quantity`) AS `quantity`,ifnull(`pd`.`promise_date`,`pd`.`need_by_date`) AS `supply_date`,`pd`.`po_detail_id` AS `document_id` from (((`item` join `po_line` `pl`) join `po_detail` `pd`) join `po_header` `ph`) where ((`pl`.`item_id_m` = `item`.`item_id_m`) and (`pd`.`po_line_id` = `pl`.`po_line_id`) and (`pd`.`po_header_id` = `ph`.`po_header_id`)) union select `item`.`item_id_m` AS `item_id_m`,'Requisition' AS `document_type`,`prd`.`quantity` AS `quantity`,ifnull(`prd`.`promise_date`,`prd`.`need_by_date`) AS `supply_date`,`prd`.`po_requisition_detail_id` AS `document_id` from (((`item` join `po_requisition_line` `prl`) join `po_requisition_detail` `prd`) join `po_requisition_header` `prh`) where ((`prl`.`item_id_m` = `item`.`item_id_m`) and (`prd`.`po_requisition_line_id` = `prl`.`po_requisition_line_id`) and (`prd`.`po_requisition_header_id` = `prh`.`po_requisition_header_id`) and isnull(`prd`.`order_number`)) union select `item`.`item_id_m` AS `item_id_m`,'Onhand' AS `document_type`,sum(`oh`.`onhand`) AS `quantity`,curdate() AS `supply_date`,`oh`.`onhand_id` AS `document_id` from (`onhand` `oh` join `item`) where (`oh`.`item_id_m` = `item`.`item_id_m`) group by `oh`.`item_id_m` union select `item`.`item_id_m` AS `item_id_m`,'WO' AS `document_type`,((`wwh`.`nettable_quantity` - ifnull(`wwh`.`completed_quantity`,0)) - ifnull(`wwh`.`scrapped_quantity`,0)) AS `quantity`,`wwh`.`completion_date` AS `supply_date`,`wwh`.`wip_wo_header_id` AS `document_id` from (`wip_wo_header` `wwh` join `item`) where (`wwh`.`item_id_m` = `item`.`item_id_m`) ;

-- --------------------------------------------------------

--
-- Structure for view `fp_mrp_v`
--
DROP TABLE IF EXISTS `fp_mrp_v`;

CREATE ALGORITHM=UNDEFINED  SQL SECURITY DEFINER VIEW `fp_mrp_v`  AS  select `fmh`.`mrp_name` AS `mrp_name`,`fmh`.`org_id` AS `org_id`,`org`.`org` AS `org`,`item`.`item_number` AS `item_number`,`item`.`item_description` AS `item_description`,`item2`.`item_number` AS `demand_item_number`,`item2`.`item_description` AS `demand_item_description`,`item3`.`item_number` AS `toplevel_demand_item_number`,`item3`.`item_description` AS `toplevel_demand_item_desc`,`item`.`sourcing_rule_id` AS `sourcing_rule_id`,`fmd`.`fp_mrp_planned_order_id` AS `fp_mrp_planned_order_id`,`fmd`.`fp_mrp_header_id` AS `fp_mrp_header_id`,`fmd`.`order_type` AS `order_type`,`fmd`.`order_action` AS `order_action`,`fmd`.`item_id_m` AS `item_id_m`,`fmd`.`quantity` AS `quantity`,`fmd`.`need_by_date` AS `need_by_date`,`fmd`.`supplier_id` AS `supplier_id`,`fmd`.`supplier_site_id` AS `supplier_site_id`,`fmd`.`demand_item_id_m` AS `demand_item_id_m`,`fmd`.`toplevel_demand_item_id_m` AS `toplevel_demand_item_id_m`,`fmd`.`source_type` AS `source_type`,`fmd`.`primary_source_type` AS `primary_source_type`,`fmd`.`source_header_id` AS `source_header_id`,`fmd`.`source_line_id` AS `source_line_id`,`ssh`.`so_number` AS `so_number`,`ffh`.`forecast` AS `forecast`,`soline`.`line_number` AS `sales_order_line` from ((((((((`fp_mrp_planned_order` `fmd` left join `fp_mrp_header` `fmh` on((`fmh`.`fp_mrp_header_id` = `fmd`.`fp_mrp_header_id`))) left join `item` on((`item`.`item_id_m` = `fmd`.`item_id_m`))) left join `item` `item2` on((`item2`.`item_id_m` = `fmd`.`demand_item_id_m`))) left join `item` `item3` on((`item3`.`item_id_m` = `fmd`.`toplevel_demand_item_id_m`))) left join `sd_so_header` `ssh` on(((`ssh`.`sd_so_header_id` = `fmd`.`source_header_id`) and (`fmd`.`primary_source_type` = 'Sales_Order')))) left join `fp_forecast_header` `ffh` on(((`ffh`.`fp_forecast_header_id` = `fmd`.`source_header_id`) and (`fmd`.`primary_source_type` = 'Forecast')))) left join `sd_so_line` `soline` on(((`soline`.`sd_so_line_id` = `fmd`.`source_line_id`) and (`fmd`.`primary_source_type` = 'Sales_Order')))) left join `org` on((`org`.`org_id` = `fmh`.`org_id`))) order by `item`.`item_number`,`fmd`.`need_by_date` ;

-- --------------------------------------------------------

--
-- Structure for view `gl_balance_v`
--
DROP TABLE IF EXISTS `gl_balance_v`;

CREATE ALGORITHM=UNDEFINED  SQL SECURITY DEFINER VIEW `gl_balance_v`  AS  select `gp`.`period_name` AS `period_name`,`gp`.`gl_period_id` AS `gl_period_id`,`cc`.`combination` AS `combination`,`cc`.`description` AS `description`,`gb`.`gl_balance_id` AS `gl_balance_id`,`gb`.`ledger_id` AS `ledger_id`,`gb`.`coa_combination_id` AS `coa_combination_id`,`gb`.`period_id` AS `period_id`,`gb`.`balance_type` AS `balance_type`,`gb`.`period_net_dr` AS `period_net_dr`,`gb`.`period_net_cr` AS `period_net_cr`,`gb`.`begin_balance_dr` AS `begin_balance_dr`,`gb`.`begin_balance_cr` AS `begin_balance_cr`,`gb`.`last_update_by` AS `last_update_by`,`gb`.`last_update_date` AS `last_update_date`,`cc`.`field1` AS `field1`,`cc`.`field2` AS `field2`,`cc`.`field3` AS `field3`,`cc`.`field4` AS `field4`,`cc`.`field5` AS `field5`,`cc`.`field6` AS `field6`,`cc`.`field7` AS `field7`,`cc`.`field8` AS `field8` from ((`gl_balance` `gb` left join `gl_period` `gp` on((`gp`.`gl_period_id` = `gb`.`period_id`))) left join `coa_combination` `cc` on((`cc`.`coa_combination_id` = `gb`.`coa_combination_id`))) order by `gp`.`gl_period_id` desc ;

-- --------------------------------------------------------

--
-- Structure for view `gl_journal_line_v`
--
DROP TABLE IF EXISTS `gl_journal_line_v`;

CREATE ALGORITHM=UNDEFINED  SQL SECURITY DEFINER VIEW `gl_journal_line_v`  AS  select `cc`.`combination` AS `combination`,`gjl`.`code_combination_id` AS `code_combination_id`,`gp`.`period_name` AS `period_name`,`gjl`.`total_cr` AS `total_cr`,`gjl`.`total_dr` AS `total_dr`,`gjl`.`total_ac_dr` AS `total_ac_dr`,`gjl`.`total_ac_cr` AS `total_ac_cr`,`cc`.`coa_id` AS `coa_id`,`gjh`.`ledger_id` AS `ledger_id`,`cc`.`description` AS `combination_description`,`gjl`.`gl_journal_line_id` AS `gl_journal_line_id`,`gjl`.`status` AS `status`,`gjl`.`gl_journal_header_id` AS `gl_journal_header_id`,`gjl`.`line_num` AS `line_num`,`gjl`.`line_type` AS `line_type`,`gjl`.`description` AS `line_description`,`gjl`.`reference_type` AS `reference_type`,`gjl`.`reference_key_name` AS `reference_key_name`,`gjl`.`reference_key_value` AS `reference_key_value`,`cc`.`coa_structure_id` AS `coa_structure_id`,`cc`.`field1` AS `field1`,`cc`.`field2` AS `field2`,`cc`.`field3` AS `field3`,`cc`.`field4` AS `field4`,`cc`.`field5` AS `field5`,`cc`.`field6` AS `field6`,`cc`.`field7` AS `field7`,`cc`.`field8` AS `field8`,`gjh`.`balance_type` AS `balance_type`,`gjh`.`post_date` AS `post_date`,`gp`.`gl_period_id` AS `gl_period_id`,`gjl`.`created_by` AS `created_by`,`gjl`.`creation_date` AS `creation_date`,`gjl`.`last_update_by` AS `last_update_by`,`gjl`.`last_update_date` AS `last_update_date`,`gjh`.`reference_key_name` AS `reference_key_name_h`,`gjh`.`reference_key_value` AS `reference_key_value_h` from (((`gl_journal_line` `gjl` left join `gl_journal_header` `gjh` on((`gjl`.`gl_journal_header_id` = `gjh`.`gl_journal_header_id`))) left join `gl_period` `gp` on((`gp`.`gl_period_id` = `gjh`.`period_id`))) left join `coa_combination` `cc` on((`gjl`.`code_combination_id` = `cc`.`coa_combination_id`))) order by `gp`.`gl_period_id` desc,`cc`.`combination` desc ;

-- --------------------------------------------------------

--
-- Structure for view `gl_unposted_balance_v`
--
DROP TABLE IF EXISTS `gl_unposted_balance_v`;

CREATE ALGORITHM=UNDEFINED  SQL SECURITY DEFINER VIEW `gl_unposted_balance_v`  AS  select `cc`.`combination` AS `combination`,`gjl`.`code_combination_id` AS `code_combination_id`,`gp`.`period_name` AS `period_name`,`cc`.`coa_id` AS `coa_id`,sum(`gjl`.`total_cr`) AS `total_cr`,sum(`gjl`.`total_dr`) AS `total_dr`,sum(`gjl`.`total_ac_dr`) AS `total_ac_dr`,sum(`gjl`.`total_ac_cr`) AS `total_ac_cr`,`gjh`.`ledger_id` AS `ledger_id`,`cc`.`description` AS `description`,`gjl`.`gl_journal_line_id` AS `gl_journal_line_id`,`gjl`.`gl_journal_header_id` AS `gl_journal_header_id`,`gjl`.`line_num` AS `line_num`,`gjl`.`line_type` AS `line_type`,`gjl`.`description` AS `line_description`,`gjl`.`reference_type` AS `reference_type`,`gjl`.`reference_key_name` AS `reference_key_name`,`gjl`.`reference_key_value` AS `reference_key_value`,`cc`.`coa_structure_id` AS `coa_structure_id`,`cc`.`field1` AS `field1`,`cc`.`field2` AS `field2`,`cc`.`field3` AS `field3`,`cc`.`field4` AS `field4`,`cc`.`field5` AS `field5`,`cc`.`field6` AS `field6`,`cc`.`field7` AS `field7`,`cc`.`field8` AS `field8`,`gjh`.`balance_type` AS `balance_type`,`gjh`.`post_date` AS `post_date`,`gp`.`gl_period_id` AS `gl_period_id` from (((`gl_journal_line` `gjl` left join `gl_journal_header` `gjh` on((`gjl`.`gl_journal_header_id` = `gjh`.`gl_journal_header_id`))) left join `gl_period` `gp` on((`gp`.`gl_period_id` = `gjh`.`period_id`))) left join `coa_combination` `cc` on((`gjl`.`code_combination_id` = `cc`.`coa_combination_id`))) where (`gjl`.`status` = 'U') group by `gjl`.`code_combination_id` ;

-- --------------------------------------------------------

--
-- Structure for view `gl_unposted_journal_lines_v`
--
DROP TABLE IF EXISTS `gl_unposted_journal_lines_v`;

CREATE ALGORITHM=UNDEFINED  SQL SECURITY DEFINER VIEW `gl_unposted_journal_lines_v`  AS  select `cc`.`combination` AS `combination`,`gjl`.`code_combination_id` AS `code_combination_id`,`gp`.`period_name` AS `period_name`,`cc`.`coa_id` AS `coa_id`,sum(`gjl`.`total_cr`) AS `sum_total_cr`,sum(`gjl`.`total_dr`) AS `sum_total_dr`,sum(`gjl`.`total_ac_dr`) AS `sum_total_ac_dr`,sum(`gjl`.`total_ac_cr`) AS `sum_total_ac_cr`,`gjh`.`ledger_id` AS `ledger_id`,`cc`.`description` AS `combination_description`,`gjl`.`gl_journal_line_id` AS `gl_journal_line_id`,`gjl`.`status` AS `status`,`gjl`.`gl_journal_header_id` AS `gl_journal_header_id`,`gjl`.`line_num` AS `line_num`,`gjl`.`line_type` AS `line_type`,`gjl`.`description` AS `line_description`,`gjl`.`reference_type` AS `reference_type`,`gjl`.`reference_key_name` AS `reference_key_name`,`gjl`.`reference_key_value` AS `reference_key_value`,`cc`.`coa_structure_id` AS `coa_structure_id`,`cc`.`field1` AS `field1`,`cc`.`field2` AS `field2`,`cc`.`field3` AS `field3`,`cc`.`field4` AS `field4`,`cc`.`field5` AS `field5`,`cc`.`field6` AS `field6`,`cc`.`field7` AS `field7`,`cc`.`field8` AS `field8`,`gjh`.`balance_type` AS `balance_type`,`gjh`.`post_date` AS `post_date`,`gp`.`gl_period_id` AS `gl_period_id`,`gjl`.`created_by` AS `created_by`,`gjl`.`creation_date` AS `creation_date`,`gjl`.`last_update_by` AS `last_update_by`,`gjl`.`last_update_date` AS `last_update_date`,`gjh`.`reference_key_name` AS `reference_key_name_h`,`gjh`.`reference_key_value` AS `reference_key_value_h` from (((`gl_journal_line` `gjl` left join `gl_journal_header` `gjh` on((`gjl`.`gl_journal_header_id` = `gjh`.`gl_journal_header_id`))) left join `gl_period` `gp` on((`gp`.`gl_period_id` = `gjh`.`period_id`))) left join `coa_combination` `cc` on((`gjl`.`code_combination_id` = `cc`.`coa_combination_id`))) group by `gjl`.`code_combination_id` ;

-- --------------------------------------------------------

--
-- Structure for view `hr_employee_position_v`
--
DROP TABLE IF EXISTS `hr_employee_position_v`;

CREATE ALGORITHM=UNDEFINED  SQL SECURITY DEFINER VIEW `hr_employee_position_v`  AS  select `user`.`ino_user_id` AS `user_id`,`user`.`username` AS `username`,`user`.`first_name` AS `first_name`,`user`.`last_name` AS `last_name`,`user`.`email` AS `email`,`user`.`hr_employee_id` AS `hr_employee_id`,`user`.`status` AS `status`,`he`.`identification_id` AS `identification_id`,`he`.`start_date` AS `emp_start_date`,`he`.`citizen_number` AS `citizen_number`,`he`.`first_name` AS `emp_first_name`,`he`.`last_name` AS `emp_last_name`,`he`.`phone` AS `phone`,`he`.`email` AS `emp_email`,`he`.`gender` AS `gender`,`he`.`person_type` AS `person_type`,`he`.`org_id` AS `org_id`,`he`.`job_id` AS `job_id`,`he`.`position_id` AS `position_id`,`he`.`expense_ac_id` AS `expense_ac_id`,`he`.`supervisor_employee_id` AS `supervisor_employee_id`,`hp`.`position_name` AS `position_name`,`he`.`org_id` AS `emp_org_id`,`hala`.`hr_approval_limit_header_id` AS `hr_approval_limit_header_id`,`hala`.`document_type` AS `document_type`,`hala`.`start_date` AS `limit_start_date`,`hall`.`limit_type` AS `limit_type`,`hall`.`limit_range_low` AS `limit_range_low`,`hall`.`limit_range_high` AS `limit_range_high`,`hall`.`amount_limit` AS `amount_limit`,`hall`.`limit_object` AS `limit_object`,`halh`.`bu_org_id` AS `bu_org_id`,`org_v`.`currency_code` AS `currency_code` from (((((((`ino_user` `user` left join `hr_employee` `he` on((`he`.`hr_employee_id` = `user`.`hr_employee_id`))) left join `hr_position` `hp` on((`hp`.`hr_position_id` = `he`.`position_id`))) left join `hr_approval_limit_assign` `hala` on((`he`.`position_id` = `hala`.`position_id`))) left join `hr_approval_limit_line` `hall` on((`hala`.`hr_approval_limit_header_id` = `hall`.`hr_approval_limit_header_id`))) left join `hr_approval_object` `hao` on((`hao`.`hr_approval_object_id` = `hall`.`limit_object`))) left join `hr_approval_limit_header` `halh` on((`hall`.`hr_approval_limit_header_id` = `halh`.`hr_approval_limit_header_id`))) left join `org_v` on((`org_v`.`org_id` = `halh`.`bu_org_id`))) ;

-- --------------------------------------------------------

--
-- Structure for view `hr_employee_v`
--
DROP TABLE IF EXISTS `hr_employee_v`;

CREATE ALGORITHM=UNDEFINED  SQL SECURITY DEFINER VIEW `hr_employee_v`  AS  select `user`.`ino_user_id` AS `user_id`,`user`.`username` AS `username`,`user`.`first_name` AS `first_name`,`user`.`last_name` AS `last_name`,`user`.`email` AS `email`,`user`.`hr_employee_id` AS `hr_employee_id`,`user`.`status` AS `status`,`he`.`identification_id` AS `identification_id`,`he`.`start_date` AS `emp_start_date`,`he`.`citizen_number` AS `citizen_number`,`he`.`first_name` AS `emp_first_name`,`he`.`last_name` AS `emp_last_name`,`he`.`phone` AS `phone`,concat(`he`.`last_name`,', ',`he`.`first_name`) AS `employee_name`,`he`.`email` AS `emp_email`,`he`.`gender` AS `gender`,`he`.`person_type` AS `person_type`,`he`.`org_id` AS `org_id`,`he`.`job_id` AS `job_id`,`he`.`position_id` AS `position_id`,`he`.`expense_ac_id` AS `expense_ac_id`,`he`.`supervisor_employee_id` AS `supervisor_employee_id`,`org_v`.`currency_code` AS `currency_code`,`org_v`.`org` AS `org` from ((`hr_employee` `he` left join `ino_user` `user` on((`he`.`hr_employee_id` = `user`.`hr_employee_id`))) left join `org_v` on((`org_v`.`org_id` = `he`.`org_id`))) ;

-- --------------------------------------------------------

--
-- Structure for view `hr_expense_all_v`
--
DROP TABLE IF EXISTS `hr_expense_all_v`;

CREATE ALGORITHM=UNDEFINED  SQL SECURITY DEFINER VIEW `hr_expense_all_v`  AS  select `eh`.`hr_expense_header_id` AS `hr_expense_header_id`,`eh`.`bu_org_id` AS `bu_org_id`,`eh`.`hr_employee_id` AS `hr_employee_id`,`eh`.`claim_date` AS `claim_date`,`eh`.`status` AS `status`,`eh`.`purpose` AS `purpose`,`eh`.`doc_currency` AS `doc_currency`,`eh`.`department_id` AS `department_id`,`eh`.`reason` AS `reason`,`eh`.`currency` AS `currency`,`eh`.`exchange_rate_type` AS `exchange_rate_type`,`eh`.`exchange_rate` AS `exchange_rate`,`eh`.`header_amount` AS `header_amount`,`el`.`hr_expense_line_id` AS `hr_expense_line_id`,`el`.`line_number` AS `line_number`,`el`.`claim_date` AS `line_claim_date`,`el`.`receipt_amount` AS `receipt_amount`,`el`.`receipt_currency` AS `receipt_currency`,`el`.`expense_type` AS `expense_type`,`el`.`status` AS `line_status`,`el`.`purpose` AS `line_purpose`,`el`.`start_date` AS `start_date`,`el`.`exchange_rate` AS `line_exchange_rate`,`user`.`supplier_id` AS `supplier_id` from ((`hr_expense_header` `eh` join `hr_expense_line` `el`) join `ino_user` `user`) where ((`el`.`hr_expense_header_id` = `eh`.`hr_expense_header_id`) and (`user`.`hr_employee_id` = `eh`.`hr_employee_id`)) ;

-- --------------------------------------------------------

--
-- Structure for view `inv_count_entries_v`
--
DROP TABLE IF EXISTS `inv_count_entries_v`;

CREATE ALGORITHM=UNDEFINED  SQL SECURITY DEFINER VIEW `inv_count_entries_v`  AS  select `ice`.`inv_count_entries_id` AS `inv_count_entries_id`,`ice`.`inv_count_schedule_id` AS `inv_count_schedule_id`,`ice`.`item_id_m` AS `item_id_m`,`ice`.`uom_id` AS `uom_id`,`ice`.`org_id` AS `org_id`,`ice`.`subinventory_id` AS `subinventory_id`,`ice`.`locator_id` AS `locator_id`,`ice`.`lot_number` AS `lot_number`,`ice`.`serial_number` AS `serial_number`,`ice`.`schedule_date` AS `schedule_date`,`ice`.`adjustment_ac_id` AS `adjustment_ac_id`,`ice`.`status` AS `status`,`ice`.`reason` AS `reason`,`ice`.`reference` AS `reference`,`ice`.`counted_by` AS `counted_by`,`ice`.`count_date` AS `count_date`,`ice`.`count_qty` AS `count_qty`,`ice`.`system_qty` AS `system_qty`,`ice`.`adjusted_qty` AS `adjusted_qty`,`ice`.`description` AS `description`,`ice`.`created_by` AS `created_by`,`ice`.`creation_date` AS `creation_date`,`ice`.`last_update_by` AS `last_update_by`,`ice`.`last_update_date` AS `last_update_date`,`item`.`item_number` AS `item_number`,`item`.`item_description` AS `item_description`,`sin`.`subinventory` AS `subinventory`,`loc`.`locator` AS `locator`,`uom`.`uom_name` AS `uom_name`,`org`.`org` AS `org` from (((((`inv_count_entries` `ice` left join `item` on(((`item`.`item_id_m` = `ice`.`item_id_m`) and (`item`.`org_id` = `ice`.`org_id`)))) left join `subinventory` `sin` on((`sin`.`subinventory_id` = `ice`.`subinventory_id`))) left join `locator` `loc` on((`loc`.`locator_id` = `ice`.`locator_id`))) left join `uom` on((`uom`.`uom_id` = `ice`.`uom_id`))) left join `org` on((`org`.`org_id` = `ice`.`org_id`))) ;

-- --------------------------------------------------------

--
-- Structure for view `inv_interorg_receipt_header`
--
DROP TABLE IF EXISTS `inv_interorg_receipt_header`;

CREATE ALGORITHM=UNDEFINED  SQL SECURITY DEFINER VIEW `inv_interorg_receipt_header`  AS  select `inv_receipt_header`.`inv_receipt_header_id` AS `inv_receipt_header_id`,`inv_receipt_header`.`receipt_number` AS `receipt_number`,`inv_receipt_header`.`org_id` AS `org_id`,`inv_receipt_header`.`transaction_type_id` AS `transaction_type_id`,`inv_receipt_header`.`receipt_date` AS `receipt_date`,`inv_receipt_header`.`received_by` AS `received_by`,`inv_receipt_header`.`carrier` AS `carrier`,`inv_receipt_header`.`vechile_number` AS `vechile_number`,`inv_receipt_header`.`comment` AS `comment`,`inv_receipt_header`.`ef_id` AS `ef_id`,`inv_receipt_header`.`created_by` AS `created_by`,`inv_receipt_header`.`creation_date` AS `creation_date`,`inv_receipt_header`.`last_update_by` AS `last_update_by`,`inv_receipt_header`.`last_update_date` AS `last_update_date` from `inv_receipt_header` where (`inv_receipt_header`.`transaction_type_id` = '20') ;

-- --------------------------------------------------------

--
-- Structure for view `inv_interorg_transfer_v`
--
DROP TABLE IF EXISTS `inv_interorg_transfer_v`;

CREATE ALGORITHM=UNDEFINED  SQL SECURITY DEFINER VIEW `inv_interorg_transfer_v`  AS  select `ith`.`inv_intorg_transfer_header_id` AS `inv_intorg_transfer_header_id`,`ith`.`order_number` AS `order_number`,`ith`.`order_number` AS `io_order_number`,`itl`.`line_number` AS `line_number`,`itl`.`line_number` AS `io_line_number`,`item`.`item_number` AS `item_number`,`itl`.`status` AS `status`,`itl`.`inv_intorg_transfer_line_id` AS `inv_intorg_transfer_line_id`,`ith`.`comment` AS `comment`,`ith`.`from_org_id` AS `from_org_id`,`ith`.`transaction_type_id` AS `transaction_type_id`,`ith`.`to_org_id` AS `to_org_id`,`ith`.`carrier` AS `carrier`,`ith`.`vehicle_number` AS `vehicle_number`,`ith`.`waybill` AS `waybill`,`itl`.`uom_id` AS `uom_id`,`itl`.`from_subinventory_id` AS `from_subinventory_id`,`itl`.`from_locator_id` AS `from_locator_id`,`itl`.`item_id_m` AS `item_id_m`,`itl`.`item_description` AS `item_description`,`itl`.`to_subinventory_id` AS `to_subinventory_id`,`itl`.`to_locator_id` AS `to_locator_id`,`itl`.`transaction_quantity` AS `transaction_quantity`,`itl`.`serial_number` AS `serial_number`,`itl`.`lot_number` AS `lot_number` from ((`inv_intorg_transfer_header` `ith` join `inv_intorg_transfer_line` `itl`) join `item`) where ((`ith`.`inv_intorg_transfer_header_id` = `itl`.`inv_intorg_transfer_header_id`) and (`item`.`item_id_m` = `itl`.`item_id_m`) and (`item`.`org_id` = `ith`.`from_org_id`)) ;

-- --------------------------------------------------------

--
-- Structure for view `inv_lot_onhand_v`
--
DROP TABLE IF EXISTS `inv_lot_onhand_v`;

CREATE ALGORITHM=UNDEFINED  SQL SECURITY DEFINER VIEW `inv_lot_onhand_v`  AS  select `ilo`.`inv_lot_onhand_id` AS `inv_lot_onhand_id`,`ilo`.`onhand_id` AS `onhand_id`,`ilo`.`inv_lot_number_id` AS `lot_inv_lot_number_id`,`ilo`.`lot_quantity` AS `lot_quantity`,`iln`.`lot_number` AS `lot_number`,`iln`.`inv_lot_number_id` AS `inv_lot_number_id`,`item`.`item_number` AS `item_number`,`item`.`item_description` AS `item_description`,`oh`.`org_id` AS `org_id`,`oh`.`item_id_m` AS `item_id_m`,`sub`.`subinventory` AS `subinventory`,`loc`.`locator` AS `locator`,`oh`.`uom_id` AS `uom_id`,`oh`.`onhand` AS `onhand`,`oh`.`subinventory_id` AS `subinventory_id`,`oh`.`locator_id` AS `locator_id` from (((((`inv_lot_onhand` `ilo` left join `inv_lot_number` `iln` on((`iln`.`inv_lot_number_id` = `ilo`.`inv_lot_number_id`))) left join `onhand` `oh` on((`oh`.`onhand_id` = `ilo`.`onhand_id`))) left join `item` on(((`item`.`item_id_m` = `oh`.`item_id_m`) and (`item`.`org_id` = `oh`.`org_id`)))) left join `subinventory` `sub` on((`sub`.`subinventory_id` = `oh`.`subinventory_id`))) left join `locator` `loc` on((`loc`.`locator_id` = `oh`.`locator_id`))) ;

-- --------------------------------------------------------

--
-- Structure for view `inv_lot_transaction_v`
--
DROP TABLE IF EXISTS `inv_lot_transaction_v`;

CREATE ALGORITHM=UNDEFINED  SQL SECURITY DEFINER VIEW `inv_lot_transaction_v`  AS  select `ist`.`inv_lot_transaction_id` AS `inv_lot_transaction_id`,`ist`.`inv_transaction_id` AS `inv_transaction_id`,`ist`.`inv_lot_number_id` AS `inv_lot_number_id`,`isn`.`lot_number` AS `lot_number`,`it`.`transaction_type_id` AS `transaction_type_id`,`tt`.`transaction_type` AS `transaction_type`,`it`.`org_id` AS `org_id`,`item`.`item_number` AS `item_number`,`item`.`item_description` AS `item_description`,`it`.`item_id_m` AS `item_id_m`,`subf`.`subinventory` AS `from_subinventory`,`subt`.`subinventory` AS `to_subinventory`,`locf`.`locator` AS `from_locator`,`loct`.`locator` AS `to_locator`,`it`.`uom_id` AS `uom_id`,`it`.`lot_number_id` AS `lot_number_id`,`it`.`document_type` AS `document_type`,`it`.`document_number` AS `document_number`,`it`.`document_id` AS `document_id`,`it`.`po_header_id` AS `po_header_id`,`it`.`po_line_id` AS `po_line_id`,`it`.`po_detail_id` AS `po_detail_id`,`it`.`sd_so_line_id` AS `sd_so_line_id`,`it`.`reason` AS `reason`,`it`.`reference_key_name` AS `reference_key_name`,`it`.`reference_key_value` AS `reference_key_value`,`it`.`description` AS `description`,`it`.`from_org_id` AS `from_org_id`,`it`.`from_subinventory_id` AS `from_subinventory_id`,`it`.`to_org_id` AS `to_org_id`,`it`.`to_subinventory_id` AS `to_subinventory_id`,`it`.`from_locator_id` AS `from_locator_id`,`it`.`to_locator_id` AS `to_locator_id` from ((((((((`inv_lot_transaction` `ist` left join `inv_lot_number` `isn` on((`isn`.`inv_lot_number_id` = `ist`.`inv_lot_number_id`))) left join `inv_transaction` `it` on((`it`.`inv_transaction_id` = `ist`.`inv_transaction_id`))) left join `item` on(((`item`.`item_id_m` = `it`.`item_id_m`) and (`item`.`org_id` = `it`.`org_id`)))) left join `transaction_type` `tt` on((`tt`.`transaction_type_id` = `it`.`transaction_type_id`))) left join `subinventory` `subf` on((`subf`.`subinventory_id` = `it`.`from_subinventory_id`))) left join `subinventory` `subt` on((`subt`.`subinventory_id` = `it`.`to_subinventory_id`))) left join `locator` `locf` on((`locf`.`locator_id` = `it`.`from_locator_id`))) left join `locator` `loct` on((`loct`.`locator_id` = `it`.`to_locator_id`))) ;

-- --------------------------------------------------------

--
-- Structure for view `inv_serial_transaction_v`
--
DROP TABLE IF EXISTS `inv_serial_transaction_v`;

CREATE ALGORITHM=UNDEFINED  SQL SECURITY DEFINER VIEW `inv_serial_transaction_v`  AS  select `ist`.`inv_serial_transaction_id` AS `inv_serial_transaction_id`,`ist`.`inv_transaction_id` AS `inv_transaction_id`,`ist`.`inv_serial_number_id` AS `inv_serial_number_id`,`isn`.`serial_number` AS `serial_number`,`it`.`transaction_type_id` AS `transaction_type_id`,`tt`.`transaction_type` AS `transaction_type`,`it`.`org_id` AS `org_id`,`item`.`item_number` AS `item_number`,`item`.`item_description` AS `item_description`,`it`.`item_id_m` AS `item_id_m`,`subf`.`subinventory` AS `from_subinventory`,`subt`.`subinventory` AS `to_subinventory`,`locf`.`locator` AS `from_locator`,`loct`.`locator` AS `to_locator`,`it`.`uom_id` AS `uom_id`,`it`.`lot_number_id` AS `lot_number_id`,`it`.`document_type` AS `document_type`,`it`.`document_number` AS `document_number`,`it`.`document_id` AS `document_id`,`it`.`po_header_id` AS `po_header_id`,`it`.`po_line_id` AS `po_line_id`,`it`.`po_detail_id` AS `po_detail_id`,`it`.`sd_so_line_id` AS `sd_so_line_id`,`it`.`reason` AS `reason`,`it`.`reference_key_name` AS `reference_key_name`,`it`.`reference_key_value` AS `reference_key_value`,`it`.`description` AS `description`,`it`.`from_org_id` AS `from_org_id`,`it`.`from_subinventory_id` AS `from_subinventory_id`,`it`.`to_org_id` AS `to_org_id`,`it`.`to_subinventory_id` AS `to_subinventory_id`,`it`.`from_locator_id` AS `from_locator_id`,`it`.`to_locator_id` AS `to_locator_id` from ((((((((`inv_serial_transaction` `ist` left join `inv_serial_number` `isn` on((`isn`.`inv_serial_number_id` = `ist`.`inv_serial_number_id`))) left join `inv_transaction` `it` on((`it`.`inv_transaction_id` = `ist`.`inv_transaction_id`))) left join `item` on(((`item`.`item_id_m` = `it`.`item_id_m`) and (`item`.`org_id` = `it`.`org_id`)))) left join `transaction_type` `tt` on((`tt`.`transaction_type_id` = `it`.`transaction_type_id`))) left join `subinventory` `subf` on((`subf`.`subinventory_id` = `it`.`from_subinventory_id`))) left join `subinventory` `subt` on((`subt`.`subinventory_id` = `it`.`to_subinventory_id`))) left join `locator` `locf` on((`locf`.`locator_id` = `it`.`from_locator_id`))) left join `locator` `loct` on((`loct`.`locator_id` = `it`.`to_locator_id`))) ;

-- --------------------------------------------------------

--
-- Structure for view `item_select_v`
--
DROP TABLE IF EXISTS `item_select_v`;

CREATE ALGORITHM=UNDEFINED  SQL SECURITY DEFINER VIEW `item_select_v`  AS  select distinct `item`.`item_number` AS `item_number`,`item`.`item_description` AS `item_description`,`item`.`product_line` AS `product_line`,`item`.`item_id_m` AS `item_id_m` from `item` ;

-- --------------------------------------------------------

--
-- Structure for view `locator_v`
--
DROP TABLE IF EXISTS `locator_v`;

CREATE ALGORITHM=UNDEFINED  SQL SECURITY DEFINER VIEW `locator_v`  AS  select `org`.`org_id` AS `org_id`,`loca`.`locator` AS `locator`,`loca`.`alias` AS `alias`,`loca`.`locator_id` AS `locator_id`,`sub`.`subinventory` AS `subinventory`,`sub`.`subinventory_id` AS `subinventory_id`,`sub`.`description` AS `sub_description`,`org`.`org` AS `org`,`org`.`type` AS `type`,`org`.`code` AS `code`,`org`.`description` AS `description`,`org`.`enterprise_org_id` AS `enterprise_org_id`,`org`.`legal_org_id` AS `legal_org_id`,`org`.`business_org_id` AS `business_org_id`,`org`.`inventory_org_id` AS `inventory_org_id`,`org`.`address_id` AS `address_id`,`legal`.`ledger_id` AS `ledger_id`,`gl`.`ledger` AS `ledger`,`gl`.`coa_structure_id` AS `coa_structure_id`,`gl`.`currency_code` AS `currency_code` from ((((`org` join `subinventory` `sub`) join `locator` `loca`) join `legal`) join `gl_ledger` `gl`) where ((`sub`.`org_id` = `org`.`org_id`) and (`loca`.`subinventory_id` = `sub`.`subinventory_id`) and (`legal`.`org_id` = `org`.`legal_org_id`) and (`gl`.`gl_ledger_id` = `legal`.`ledger_id`)) ;

-- --------------------------------------------------------

--
-- Structure for view `mdm_bank_account_v`
--
DROP TABLE IF EXISTS `mdm_bank_account_v`;

CREATE ALGORITHM=UNDEFINED  SQL SECURITY DEFINER VIEW `mdm_bank_account_v`  AS  select `mba`.`mdm_bank_account_id` AS `mdm_bank_account_id`,`mba`.`account_number` AS `account_number`,`mba`.`description` AS `account_description`,`mba`.`account_usage` AS `account_usage`,`mba`.`account_type` AS `account_type`,`mba`.`bu_org_id` AS `bu_org_id`,`mba`.`supplier_id` AS `supplier_id`,`mba`.`supplier_site_id` AS `supplier_site_id`,`mba`.`ar_customer_id` AS `ar_customer_id`,`mba`.`ar_customer_site_id` AS `ar_customer_site_id`,`mba`.`cash_ac_id` AS `cash_ac_id`,`mba`.`cash_clearing_ac_id` AS `cash_clearing_ac_id`,`mba`.`bank_charge_ac_id` AS `bank_charge_ac_id`,`mba`.`exchange_gl_ac_id` AS `exchange_gl_ac_id`,`mba`.`netting_ac_cb` AS `netting_ac_cb`,`mba`.`minimum_payment` AS `minimum_payment`,`mba`.`maximum_payment` AS `maximum_payment`,`mba`.`contact_id` AS `contact_id`,`mba`.`ap_payment_method_id` AS `ap_payment_method_id`,`mbh`.`mdm_bank_header_id` AS `mdm_bank_header_id`,`mbh`.`country` AS `country`,`mbh`.`bank_name` AS `bank_name`,`mbh`.`bank_number` AS `bank_number`,`mbh`.`description` AS `description`,`mbh`.`bank_name_short` AS `bank_name_short`,`mbh`.`bank_name_alt` AS `bank_name_alt`,`mbh`.`tax_reg_no` AS `tax_reg_no`,`mbh`.`tax_payer_id` AS `tax_payer_id`,`mbs`.`branch_name` AS `branch_name`,`mbs`.`country` AS `branch_country`,`mbs`.`branch_number` AS `branch_number`,`mbs`.`mdm_bank_site_id` AS `mdm_bank_site_id`,`mbs`.`branch_name_short` AS `branch_name_short`,`mbs`.`branch_name_alt` AS `branch_name_alt`,`mbs`.`ifsc_code` AS `ifsc_code`,`mbs`.`swift_code` AS `swift_code`,`mbs`.`routing_number` AS `routing_number`,`mbs`.`iban_code` AS `iban_code`,`mbs`.`tax_reg_no` AS `branch_tax_reg_no`,`mbs`.`tax_payer_id` AS `branch_tax_payer_id`,`mbs`.`site_address_id` AS `site_address_id`,`sav`.`supplier_name` AS `supplier_name`,`sav`.`supplier_site_name` AS `supplier_site_name`,`acv`.`customer_name` AS `customer_name`,`acv`.`customer_number` AS `customer_number` from (((((`mdm_bank_account` `mba` left join `supplier_all_v` `sav` on((`mba`.`supplier_site_id` = `sav`.`supplier_site_id`))) left join `ar_customer_v` `acv` on((`mba`.`ar_customer_site_id` = `acv`.`ar_customer_site_id`))) left join `org_v` `ov` on((`ov`.`org_id` = `mba`.`bu_org_id`))) join `mdm_bank_header` `mbh`) join `mdm_bank_site` `mbs`) where ((`mbs`.`mdm_bank_header_id` = `mbh`.`mdm_bank_header_id`) and (`mbh`.`mdm_bank_header_id` = `mba`.`mdm_bank_header_id`) and (`mbs`.`mdm_bank_site_id` = `mba`.`mdm_bank_site_id`)) ;

-- --------------------------------------------------------

--
-- Structure for view `mdm_bank_v`
--
DROP TABLE IF EXISTS `mdm_bank_v`;

CREATE ALGORITHM=UNDEFINED  SQL SECURITY DEFINER VIEW `mdm_bank_v`  AS  select `mbh`.`mdm_bank_header_id` AS `mdm_bank_header_id`,`mbh`.`country` AS `country`,`mbh`.`bank_name` AS `bank_name`,`mbh`.`bank_number` AS `bank_number`,`mbh`.`description` AS `description`,`mbh`.`bank_name_short` AS `bank_name_short`,`mbh`.`bank_name_alt` AS `bank_name_alt`,`mbh`.`tax_reg_no` AS `tax_reg_no`,`mbh`.`tax_payer_id` AS `tax_payer_id`,`mbs`.`branch_name` AS `branch_name`,`mbs`.`country` AS `branch_country`,`mbs`.`branch_number` AS `branch_number`,`mbs`.`mdm_bank_site_id` AS `mdm_bank_site_id`,`mbs`.`branch_name_short` AS `branch_name_short`,`mbs`.`branch_name_alt` AS `branch_name_alt`,`mbs`.`ifsc_code` AS `ifsc_code`,`mbs`.`swift_code` AS `swift_code`,`mbs`.`routing_number` AS `routing_number`,`mbs`.`iban_code` AS `iban_code`,`mbs`.`tax_reg_no` AS `branch_tax_reg_no`,`mbs`.`tax_payer_id` AS `branch_tax_payer_id`,`mbs`.`site_address_id` AS `site_address_id` from (`mdm_bank_header` `mbh` join `mdm_bank_site` `mbs`) where (`mbs`.`mdm_bank_header_id` = `mbh`.`mdm_bank_header_id`) ;

-- --------------------------------------------------------

--
-- Structure for view `onhand_summary_v`
--
DROP TABLE IF EXISTS `onhand_summary_v`;

CREATE ALGORITHM=UNDEFINED  SQL SECURITY DEFINER VIEW `onhand_summary_v`  AS  select `onhand`.`onhand_id` AS `onhand_id`,`item`.`item_number` AS `item_number`,`item`.`item_description` AS `item_description`,`org`.`org` AS `org_name`,`onhand`.`uom_id` AS `uom_id`,sum(`onhand`.`onhand`) AS `onhand`,`onhand`.`item_id_m` AS `item_id_m`,`onhand`.`org_id` AS `org_id`,`onhand`.`reservable_onhand` AS `reservable_onhand`,`onhand`.`transactable_onhand` AS `transactable_onhand` from ((`onhand` left join `item` on(((`onhand`.`item_id_m` = `item`.`item_id_m`) and (`item`.`org_id` = `onhand`.`org_id`)))) left join `org` on((`onhand`.`org_id` = `org`.`org_id`))) group by `onhand`.`item_id_m`,`onhand`.`org_id` ;

-- --------------------------------------------------------

--
-- Structure for view `onhand_v`
--
DROP TABLE IF EXISTS `onhand_v`;

CREATE ALGORITHM=UNDEFINED  SQL SECURITY DEFINER VIEW `onhand_v`  AS  select `onhand`.`onhand_id` AS `onhand_id`,`item`.`item_number` AS `item_number`,`item`.`item_description` AS `item_description`,`item`.`product_line` AS `product_line`,`item`.`lot_generation` AS `lot_generation`,`item`.`serial_generation` AS `serial_generation`,`org`.`org` AS `org_name`,`subinventory`.`subinventory` AS `subinventory`,`locator`.`locator` AS `locator`,`onhand`.`uom_id` AS `uom_id`,`onhand`.`onhand` AS `onhand`,(`onhand`.`onhand` - ifnull(sum(`ir`.`demand_quantity`),0)) AS `reservable_onhand`,sum(`ir`.`demand_quantity`) AS `reserved_quantity`,`cic`.`standard_cost` AS `standard_cost`,(`onhand`.`onhand` * `cic`.`standard_cost`) AS `onhand_value`,`onhand`.`item_id_m` AS `item_id_m`,`onhand`.`revision_name` AS `revision_name`,`onhand`.`org_id` AS `org_id`,`onhand`.`subinventory_id` AS `subinventory_id`,`subinventory`.`type` AS `subinventory_type`,`onhand`.`locator_id` AS `locator_id`,`onhand`.`lot_id` AS `lot_id`,`onhand`.`serial_id` AS `serial_id`,`onhand`.`transactable_onhand` AS `transactable_onhand`,`onhand`.`lot_status` AS `lot_status`,`onhand`.`serial_status` AS `serial_status`,`onhand`.`secondary_uom_id` AS `secondary_uom_id`,`onhand`.`onhand_status` AS `onhand_status`,`onhand`.`ef_id` AS `ef_id`,`onhand`.`created_by` AS `created_by`,`onhand`.`creation_date` AS `creation_date`,`onhand`.`last_update_by` AS `last_update_by`,`onhand`.`last_update_date` AS `last_update_date` from ((((((`onhand` left join `item` on(((`onhand`.`item_id_m` = `item`.`item_id_m`) and (`item`.`org_id` = `onhand`.`org_id`)))) left join `org` on((`onhand`.`org_id` = `org`.`org_id`))) left join `subinventory` on((`onhand`.`subinventory_id` = `subinventory`.`subinventory_id`))) left join `locator` on((`onhand`.`locator_id` = `locator`.`locator_id`))) left join `cst_item_cost_v` `cic` on(((`cic`.`item_id_m` = `onhand`.`item_id_m`) and (`cic`.`bom_cost_type` = 'FROZEN') and (`cic`.`org_id` = `onhand`.`org_id`)))) left join `inv_reservation` `ir` on(((`ir`.`item_id_m` = `onhand`.`item_id_m`) and (`ir`.`org_id` = `onhand`.`org_id`) and (`ir`.`subinventory_id` = `onhand`.`subinventory_id`) and ((`ir`.`locator_id` = `onhand`.`locator_id`) or isnull(`onhand`.`locator_id`))))) group by `onhand`.`item_id_m`,`onhand`.`org_id`,`onhand`.`subinventory_id`,`onhand`.`locator_id` ;

-- --------------------------------------------------------

--
-- Structure for view `org_v`
--
DROP TABLE IF EXISTS `org_v`;

CREATE ALGORITHM=UNDEFINED  SQL SECURITY DEFINER VIEW `org_v`  AS  select `org`.`org_id` AS `org_id`,`org`.`org` AS `org`,`org`.`type` AS `type`,`org`.`code` AS `code`,`org`.`description` AS `description`,`org`.`enterprise_org_id` AS `enterprise_org_id`,`org`.`legal_org_id` AS `legal_org_id`,`org`.`business_org_id` AS `business_org_id`,`org`.`inventory_org_id` AS `inventory_org_id`,`org`.`address_id` AS `address_id`,`legal`.`ledger_id` AS `ledger_id`,`gl`.`ledger` AS `ledger`,`gl`.`coa_structure_id` AS `coa_structure_id`,`gl`.`currency_code` AS `currency_code` from ((`org` left join `legal` on((`legal`.`org_id` = `org`.`legal_org_id`))) left join `gl_ledger` `gl` on((`gl`.`gl_ledger_id` = `legal`.`ledger_id`))) ;

-- --------------------------------------------------------

--
-- Structure for view `pm_recipe_all_v`
--
DROP TABLE IF EXISTS `pm_recipe_all_v`;

CREATE ALGORITHM=UNDEFINED  SQL SECURITY DEFINER VIEW `pm_recipe_all_v`  AS  select `prh`.`pm_recipe_header_id` AS `pm_recipe_header_id`,`prh`.`org_id` AS `org_id`,`prh`.`recipe_name` AS `recipe_name`,`prh`.`pm_formula_header_id` AS `pm_formula_header_id`,`prh`.`pm_process_routing_header_id` AS `pm_process_routing_header_id`,`prh`.`item_id_m` AS `item_id_m`,`pfh`.`formula_name` AS `formula_name`,`pfh`.`description` AS `formula_description`,`pprh`.`routing_name` AS `routing_name`,`pprh`.`description` AS `routing_description`,`item`.`item_number` AS `item_number`,`item`.`item_description` AS `item_description`,`org`.`org` AS `org` from ((((`pm_recipe_header` `prh` left join `item` on(((`item`.`item_id_m` = `prh`.`item_id_m`) and (`item`.`org_id` = `prh`.`org_id`)))) join `pm_formula_header` `pfh`) join `pm_process_routing_header` `pprh`) join `org`) where ((`prh`.`pm_formula_header_id` = `pfh`.`pm_formula_header_id`) and (`prh`.`pm_process_routing_header_id` = `pprh`.`pm_process_routing_header_id`) and (`org`.`org_id` = `prh`.`org_id`)) ;

-- --------------------------------------------------------

--
-- Structure for view `po_all_v`
--
DROP TABLE IF EXISTS `po_all_v`;

CREATE ALGORITHM=UNDEFINED  SQL SECURITY DEFINER VIEW `po_all_v`  AS  select `po_header`.`po_header_id` AS `po_header_id`,`po_header`.`bu_org_id` AS `bu_org_id`,`po_header`.`po_type` AS `po_type`,`po_header`.`po_number` AS `po_number`,`po_header`.`supplier_id` AS `supplier_id`,`po_header`.`supplier_site_id` AS `supplier_site_id`,`po_header`.`buyer` AS `buyer`,`po_header`.`currency` AS `currency`,`po_header`.`doc_currency` AS `doc_currency`,`po_header`.`header_amount` AS `header_amount`,`po_header`.`po_status` AS `po_status`,`po_header`.`payment_term_id` AS `payment_term_id`,`po_header`.`exchange_rate` AS `exchange_rate`,`po_header`.`exchange_rate_type` AS `exchange_rate_type`,`supplier`.`supplier_name` AS `supplier_name`,`supplier`.`supplier_number` AS `supplier_number`,`supplier_site`.`supplier_site_name` AS `supplier_site_name`,`supplier_site`.`supplier_site_number` AS `supplier_site_number`,`payment_term`.`payment_term` AS `payment_term`,`payment_term`.`description` AS `payment_term_description`,`po_line`.`po_line_id` AS `po_line_id`,`po_line`.`line_type` AS `line_type`,`po_line`.`line_number` AS `po_line_number`,`po_line`.`item_id_m` AS `item_id_m`,`po_line`.`kit_cb` AS `kit_cb`,`po_line`.`revision_name` AS `revision_name`,`po_line`.`item_description` AS `item_description`,`po_line`.`line_description` AS `line_description`,`po_line`.`line_quantity` AS `line_quantity`,`po_line`.`unit_price` AS `unit_price`,`po_line`.`line_price` AS `line_price`,`po_line`.`gl_line_price` AS `gl_line_price`,`po_line`.`gl_tax_amount` AS `gl_tax_amount`,`item`.`item_number` AS `item_number`,`item`.`uom_id` AS `uom_id`,`item`.`item_status` AS `item_status`,`item`.`serial_generation` AS `serial_generation`,`item`.`lot_generation` AS `lot_generation`,`po_detail`.`po_detail_id` AS `po_detail_id`,`po_detail`.`shipment_number` AS `shipment_number`,`po_line`.`receving_org_id` AS `receving_org_id`,`po_line`.`receving_org_id` AS `org_id`,`po_detail`.`subinventory_id` AS `subinventory_id`,`po_detail`.`locator_id` AS `locator_id`,`po_detail`.`requestor` AS `requestor`,`po_detail`.`quantity` AS `quantity`,ifnull(`po_detail`.`received_quantity`,0) AS `received_quantity`,(`po_detail`.`quantity` - ifnull(`po_detail`.`received_quantity`,0)) AS `open_quantity`,`po_detail`.`need_by_date` AS `need_by_date`,`po_detail`.`promise_date` AS `promise_date`,`po_detail`.`accepted_quantity` AS `accepted_quantity`,`po_detail`.`delivered_quantity` AS `delivered_quantity`,`po_detail`.`invoiced_quantity` AS `invoiced_quantity`,`po_detail`.`paid_quantity` AS `paid_quantity`,`po_detail`.`charge_ac_id` AS `charge_ac_id`,`po_detail`.`accrual_ac_id` AS `accrual_ac_id`,`po_detail`.`budget_ac_id` AS `budget_ac_id`,`po_detail`.`ppv_ac_id` AS `ppv_ac_id`,`org`.`org` AS `receving_org`,`po_header`.`created_by` AS `created_by`,`po_header`.`creation_date` AS `creation_date`,`po_header`.`last_update_by` AS `last_update_by`,`po_header`.`last_update_date` AS `last_update_date` from (((((((`po_header` left join `supplier` on((`po_header`.`supplier_id` = `supplier`.`supplier_id`))) left join `supplier_site` on((`po_header`.`supplier_site_id` = `supplier_site`.`supplier_site_id`))) left join `payment_term` on((`po_header`.`payment_term_id` = `payment_term`.`payment_term_id`))) left join `po_line` on((`po_header`.`po_header_id` = `po_line`.`po_header_id`))) left join `item` on(((`po_line`.`item_id_m` = `item`.`item_id_m`) and (`item`.`org_id` = `po_line`.`receving_org_id`)))) left join `po_detail` on((`po_line`.`po_line_id` = `po_detail`.`po_line_id`))) left join `org` on((`po_line`.`receving_org_id` = `org`.`org_id`))) ;

-- --------------------------------------------------------

--
-- Structure for view `po_blanket_v`
--
DROP TABLE IF EXISTS `po_blanket_v`;

CREATE ALGORITHM=UNDEFINED  SQL SECURITY DEFINER VIEW `po_blanket_v`  AS  select `po_header`.`po_header_id` AS `po_header_id`,`po_header`.`bu_org_id` AS `bu_org_id`,`po_header`.`po_type` AS `po_type`,`po_header`.`po_number` AS `po_number`,`po_header`.`release_number` AS `release_number`,`po_header`.`supplier_id` AS `supplier_id`,`po_header`.`supplier_site_id` AS `supplier_site_id`,`po_header`.`buyer` AS `buyer`,`po_header`.`currency` AS `currency`,`po_header`.`header_amount` AS `header_amount`,`po_header`.`po_status` AS `po_status`,`po_header`.`payment_term_id` AS `payment_term_id`,`supplier`.`supplier_name` AS `supplier_name`,`supplier`.`supplier_number` AS `supplier_number`,`supplier_site`.`supplier_site_name` AS `supplier_site_name`,`supplier_site`.`supplier_site_number` AS `supplier_site_number`,`payment_term`.`payment_term` AS `payment_term`,`payment_term`.`description` AS `payment_term_description`,`po_header`.`agreement_start_date` AS `agreement_start_date`,`po_header`.`agreement_end_date` AS `agreement_end_date`,`po_line`.`po_line_id` AS `po_line_id`,`po_line`.`line_type` AS `line_type`,`po_line`.`line_number` AS `po_line_number`,`po_line`.`item_id_m` AS `item_id_m`,`po_line`.`item_description` AS `item_description`,`po_line`.`line_description` AS `line_description`,`po_line`.`line_quantity` AS `line_quantity`,`po_line`.`unit_price` AS `unit_price`,`po_line`.`line_price` AS `line_price`,`item`.`item_number` AS `item_number`,`item`.`uom_id` AS `uom_id`,`item`.`item_status` AS `item_status`,`po_detail`.`po_detail_id` AS `po_detail_id`,`po_detail`.`shipment_number` AS `shipment_number`,`po_line`.`receving_org_id` AS `receving_org_id`,`po_detail`.`subinventory_id` AS `subinventory_id`,`po_detail`.`locator_id` AS `locator_id`,`po_detail`.`requestor` AS `requestor`,`po_detail`.`quantity` AS `quantity`,ifnull(`po_detail`.`received_quantity`,0) AS `received_quantity`,(`po_detail`.`quantity` - ifnull(`po_detail`.`received_quantity`,0)) AS `open_quantity`,`po_detail`.`need_by_date` AS `need_by_date`,`po_detail`.`promise_date` AS `promise_date`,`po_detail`.`accepted_quantity` AS `accepted_quantity`,`po_detail`.`delivered_quantity` AS `delivered_quantity`,`po_detail`.`invoiced_quantity` AS `invoiced_quantity`,`po_detail`.`paid_quantity` AS `paid_quantity`,`po_detail`.`charge_ac_id` AS `charge_ac_id`,`po_detail`.`accrual_ac_id` AS `accrual_ac_id`,`po_detail`.`budget_ac_id` AS `budget_ac_id`,`po_detail`.`ppv_ac_id` AS `ppv_ac_id`,`org`.`org` AS `receving_org`,`po_header`.`created_by` AS `created_by`,`po_header`.`creation_date` AS `creation_date`,`po_header`.`last_update_by` AS `last_update_by`,`po_header`.`last_update_date` AS `last_update_date` from (((((((`po_header` left join `supplier` on((`po_header`.`supplier_id` = `supplier`.`supplier_id`))) left join `supplier_site` on((`po_header`.`supplier_site_id` = `supplier_site`.`supplier_site_id`))) left join `payment_term` on((`po_header`.`payment_term_id` = `payment_term`.`payment_term_id`))) left join `po_line` on((`po_header`.`po_header_id` = `po_line`.`po_header_id`))) left join `item` on(((`po_line`.`item_id_m` = `item`.`item_id_m`) and (`item`.`org_id` = `po_line`.`receving_org_id`)))) left join `po_detail` on((`po_line`.`po_line_id` = `po_detail`.`po_line_id`))) left join `org` on((`po_line`.`receving_org_id` = `org`.`org_id`))) where (`po_header`.`po_type` in ('BLANKET','BLANKET_RELEASE')) ;

-- --------------------------------------------------------

--
-- Structure for view `po_convert_requisition_v`
--
DROP TABLE IF EXISTS `po_convert_requisition_v`;

CREATE ALGORITHM=UNDEFINED  SQL SECURITY DEFINER VIEW `po_convert_requisition_v`  AS  select `po_requisition_header`.`po_requisition_header_id` AS `po_requisition_header_id`,`po_requisition_header`.`bu_org_id` AS `bu_org_id`,`po_requisition_header`.`po_requisition_type` AS `po_requisition_type`,`po_requisition_header`.`po_requisition_number` AS `po_requisition_number`,`po_requisition_header`.`supplier_id` AS `supplier_id`,`po_requisition_header`.`supplier_site_id` AS `supplier_site_id`,`po_requisition_header`.`buyer` AS `buyer`,`po_requisition_header`.`currency` AS `currency`,`po_requisition_header`.`header_amount` AS `header_amount`,`po_requisition_header`.`requisition_status` AS `requisition_status`,ifnull(`po_requisition_header`.`payment_term_id`,`supplier_site`.`payment_term_id`) AS `payment_term_id`,`supplier`.`supplier_name` AS `supplier_name`,`supplier`.`supplier_number` AS `supplier_number`,`supplier_site`.`supplier_site_name` AS `supplier_site_name`,`supplier_site`.`supplier_site_number` AS `supplier_site_number`,`po_requisition_header`.`supply_org_id` AS `supply_org_id`,`payment_term`.`payment_term` AS `payment_term`,`payment_term`.`description` AS `payment_term_description`,`po_requisition_line`.`po_requisition_line_id` AS `po_requisition_line_id`,`po_requisition_line`.`line_type` AS `line_type`,`po_requisition_line`.`line_number` AS `po_requisition_line_number`,`po_requisition_line`.`item_id_m` AS `item_id_m`,`po_requisition_line`.`bpa_po_line_id` AS `bpa_po_line_id`,`po_requisition_line`.`item_description` AS `item_description`,`po_requisition_line`.`line_description` AS `line_description`,`po_requisition_line`.`line_quantity` AS `line_quantity`,`po_requisition_line`.`unit_price` AS `unit_price`,`po_requisition_line`.`line_price` AS `line_price`,`po_requisition_line`.`receving_org_id` AS `receving_org_id`,`item`.`item_number` AS `item_number`,`item`.`uom_id` AS `uom_id`,`item`.`item_status` AS `item_status`,`po_requisition_detail`.`po_requisition_detail_id` AS `po_requisition_detail_id`,`po_requisition_detail`.`shipment_number` AS `shipment_number`,`po_requisition_detail`.`subinventory_id` AS `subinventory_id`,`po_requisition_detail`.`locator_id` AS `locator_id`,`po_requisition_detail`.`requestor` AS `requestor`,`po_requisition_detail`.`quantity` AS `quantity`,`po_requisition_detail`.`need_by_date` AS `need_by_date`,`po_requisition_detail`.`promise_date` AS `promise_date`,`po_requisition_detail`.`received_quantity` AS `received_quantity`,`po_requisition_detail`.`accepted_quantity` AS `accepted_quantity`,`po_requisition_detail`.`delivered_quantity` AS `delivered_quantity`,`po_requisition_detail`.`invoiced_quantity` AS `invoiced_quantity`,`po_requisition_detail`.`paid_quantity` AS `paid_quantity`,`po_requisition_detail`.`order_number` AS `order_number`,`org`.`org` AS `ship_to_org`,`po_requisition_header`.`created_by` AS `created_by`,`po_requisition_header`.`creation_date` AS `creation_date`,`po_requisition_header`.`last_update_by` AS `last_update_by`,`po_requisition_header`.`last_update_date` AS `last_update_date` from (((((((`po_requisition_header` left join `supplier` on((`po_requisition_header`.`supplier_id` = `supplier`.`supplier_id`))) left join `supplier_site` on((`po_requisition_header`.`supplier_site_id` = `supplier_site`.`supplier_site_id`))) left join `payment_term` on((`po_requisition_header`.`payment_term_id` = `payment_term`.`payment_term_id`))) left join `po_requisition_line` on((`po_requisition_header`.`po_requisition_header_id` = `po_requisition_line`.`po_requisition_header_id`))) left join `item` on(((`po_requisition_line`.`item_id_m` = `item`.`item_id_m`) and (`item`.`org_id` = `po_requisition_line`.`receving_org_id`)))) left join `po_requisition_detail` on((`po_requisition_line`.`po_requisition_line_id` = `po_requisition_detail`.`po_requisition_line_id`))) left join `org` on((`po_requisition_line`.`receving_org_id` = `org`.`org_id`))) where ((`po_requisition_header`.`requisition_status` = 'APPROVED') and (isnull(`po_requisition_detail`.`order_number`) or (`po_requisition_detail`.`order_number` = ''))) ;

-- --------------------------------------------------------

--
-- Structure for view `po_document_v`
--
DROP TABLE IF EXISTS `po_document_v`;

CREATE ALGORITHM=UNDEFINED  SQL SECURITY DEFINER VIEW `po_document_v`  AS  select `po_header`.`po_header_id` AS `po_header_id`,`po_header`.`bu_org_id` AS `bu_org_id`,`po_header`.`po_type` AS `po_type`,`po_header`.`po_number` AS `po_number`,`po_header`.`supplier_id` AS `supplier_id`,`po_header`.`supplier_site_id` AS `supplier_site_id`,`po_header`.`buyer` AS `buyer`,`po_header`.`currency` AS `currency`,`po_header`.`header_amount` AS `header_amount`,`po_header`.`po_status` AS `po_status`,`po_header`.`payment_term_id` AS `payment_term_id`,`supplier`.`supplier_name` AS `supplier_name`,`supplier`.`supplier_number` AS `supplier_number`,`supplier_site`.`supplier_site_name` AS `supplier_site_name`,`supplier_site`.`supplier_site_number` AS `supplier_site_number`,`payment_term`.`payment_term` AS `payment_term`,`payment_term`.`description` AS `payment_term_description`,`po_line`.`po_line_id` AS `po_line_id`,`po_line`.`line_type` AS `line_type`,`po_line`.`line_number` AS `po_line_number`,`po_line`.`item_id_m` AS `item_id_m`,`po_line`.`item_description` AS `item_description`,`po_line`.`line_description` AS `line_description`,`po_line`.`line_quantity` AS `line_quantity`,`po_line`.`unit_price` AS `unit_price`,`po_line`.`line_price` AS `line_price`,`item`.`item_number` AS `item_number`,`item`.`uom_id` AS `uom_id`,`item`.`item_status` AS `item_status`,`po_detail`.`po_detail_id` AS `po_detail_id`,`po_detail`.`shipment_number` AS `shipment_number`,`po_line`.`receving_org_id` AS `receving_org_id`,`po_detail`.`subinventory_id` AS `subinventory_id`,`po_detail`.`locator_id` AS `locator_id`,`po_detail`.`requestor` AS `requestor`,`po_detail`.`quantity` AS `quantity`,ifnull(`po_detail`.`received_quantity`,0) AS `received_quantity`,(`po_detail`.`quantity` - ifnull(`po_detail`.`received_quantity`,0)) AS `open_quantity`,`po_detail`.`need_by_date` AS `need_by_date`,`po_detail`.`promise_date` AS `promise_date`,`po_detail`.`accepted_quantity` AS `accepted_quantity`,`po_detail`.`delivered_quantity` AS `delivered_quantity`,`po_detail`.`invoiced_quantity` AS `invoiced_quantity`,`po_detail`.`paid_quantity` AS `paid_quantity`,`po_detail`.`charge_ac_id` AS `charge_ac_id`,`po_detail`.`accrual_ac_id` AS `accrual_ac_id`,`po_detail`.`budget_ac_id` AS `budget_ac_id`,`po_detail`.`ppv_ac_id` AS `ppv_ac_id`,`org`.`org` AS `receving_org`,`po_header`.`created_by` AS `created_by`,`po_header`.`creation_date` AS `creation_date`,`po_header`.`last_update_by` AS `last_update_by`,`po_header`.`last_update_date` AS `last_update_date` from (((((((`po_header` left join `supplier` on((`po_header`.`supplier_id` = `supplier`.`supplier_id`))) left join `supplier_site` on((`po_header`.`supplier_site_id` = `supplier_site`.`supplier_site_id`))) left join `payment_term` on((`po_header`.`payment_term_id` = `payment_term`.`payment_term_id`))) left join `po_line` on((`po_header`.`po_header_id` = `po_line`.`po_header_id`))) left join `item` on(((`po_line`.`item_id_m` = `item`.`item_id_m`) and (`item`.`org_id` = `po_line`.`receving_org_id`)))) left join `po_detail` on((`po_line`.`po_line_id` = `po_detail`.`po_line_id`))) left join `org` on((`po_line`.`receving_org_id` = `org`.`org_id`))) where (`po_header`.`po_type` in ('STANDARD','BLANKET','CONTRACT')) ;

-- --------------------------------------------------------

--
-- Structure for view `po_receive_requisition_v`
--
DROP TABLE IF EXISTS `po_receive_requisition_v`;

CREATE ALGORITHM=UNDEFINED  SQL SECURITY DEFINER VIEW `po_receive_requisition_v`  AS  select `prd`.`po_requisition_detail_id` AS `po_requisition_detail_id`,`prd`.`po_requisition_line_id` AS `po_requisition_line_id`,`prd`.`po_requisition_header_id` AS `po_requisition_header_id`,`prd`.`shipment_number` AS `shipment_number`,`prd`.`subinventory_id` AS `subinventory_id`,`prd`.`locator_id` AS `locator_id`,`prd`.`quantity` AS `req_quantity`,`prd`.`delivered_quantity` AS `delivered_quantity`,`prl`.`line_number` AS `req_line_number`,`prl`.`receving_org_id` AS `receving_org_id`,`prl`.`item_id_m` AS `item_id_m`,`item`.`item_number` AS `item_number`,`prl`.`item_description` AS `item_description`,`prl`.`line_description` AS `line_description`,`prh`.`bu_org_id` AS `bu_org_id`,`prh`.`po_requisition_type` AS `po_requisition_type`,`prh`.`po_requisition_number` AS `po_requisition_number`,`prh`.`supply_org_id` AS `supply_org_id`,`prh`.`requisition_status` AS `requisition_status`,`soline`.`uom_id` AS `uom_id`,`soline`.`sd_so_line_id` AS `sd_so_line_id`,`soline`.`sd_so_header_id` AS `sd_so_header_id`,`soline`.`line_number` AS `so_line_number`,`soline`.`line_quantity` AS `iso_line_quantity`,`soline`.`shipped_quantity` AS `iso_shipped_quantity`,`soline`.`line_status` AS `so_line_status`,`soh`.`so_number` AS `so_number`,`soh`.`document_type` AS `document_type`,`soh`.`order_source_type` AS `order_source_type`,`soh`.`so_status` AS `so_status` from (((((`po_requisition_detail` `prd` join `po_requisition_line` `prl`) join `po_requisition_header` `prh`) join `sd_so_line` `soline`) join `sd_so_header` `soh`) join `item`) where ((`prh`.`po_requisition_header_id` = `prl`.`po_requisition_header_id`) and (`prh`.`po_requisition_header_id` = `prd`.`po_requisition_header_id`) and (`prl`.`po_requisition_line_id` = `prd`.`po_requisition_line_id`) and (`soline`.`reference_doc_number` = `prd`.`po_requisition_detail_id`) and (`soline`.`reference_doc_type` = 'po_requisition_detail') and (`soline`.`sd_so_header_id` = `soh`.`sd_so_header_id`) and (`item`.`item_id_m` = `item`.`item_id`) and (`item`.`item_id_m` = `prl`.`item_id_m`)) ;

-- --------------------------------------------------------

--
-- Structure for view `po_requisition_all_v`
--
DROP TABLE IF EXISTS `po_requisition_all_v`;

CREATE ALGORITHM=UNDEFINED  SQL SECURITY DEFINER VIEW `po_requisition_all_v`  AS  select `po_requisition_header`.`po_requisition_header_id` AS `po_requisition_header_id`,`po_requisition_header`.`bu_org_id` AS `bu_org_id`,`po_requisition_header`.`po_requisition_type` AS `po_requisition_type`,`po_requisition_header`.`po_requisition_number` AS `po_requisition_number`,`po_requisition_header`.`supplier_id` AS `supplier_id`,`po_requisition_header`.`supplier_site_id` AS `supplier_site_id`,`po_requisition_header`.`buyer` AS `buyer`,`po_requisition_header`.`currency` AS `currency`,`po_requisition_header`.`header_amount` AS `header_amount`,`po_requisition_header`.`requisition_status` AS `requisition_status`,`po_requisition_header`.`payment_term_id` AS `payment_term_id`,`supplier`.`supplier_name` AS `supplier_name`,`supplier`.`supplier_number` AS `supplier_number`,`supplier_site`.`supplier_site_name` AS `supplier_site_name`,`supplier_site`.`supplier_site_number` AS `supplier_site_number`,`payment_term`.`payment_term` AS `payment_term`,`payment_term`.`description` AS `payment_term_description`,`po_requisition_line`.`po_requisition_line_id` AS `po_requisition_line_id`,`po_requisition_line`.`line_type` AS `line_type`,`po_requisition_line`.`line_number` AS `po_requisition_line_number`,`po_requisition_line`.`item_id_m` AS `item_id_m`,`po_requisition_line`.`item_description` AS `item_description`,`po_requisition_line`.`line_description` AS `line_description`,`po_requisition_line`.`line_quantity` AS `line_quantity`,`po_requisition_line`.`unit_price` AS `unit_price`,`po_requisition_line`.`line_price` AS `line_price`,`item`.`item_number` AS `item_number`,`item`.`uom_id` AS `uom_id`,`item`.`item_status` AS `item_status`,`po_requisition_detail`.`po_requisition_detail_id` AS `po_requisition_detail_id`,`po_requisition_detail`.`shipment_number` AS `shipment_number`,`po_requisition_detail`.`ship_to_inventory` AS `ship_to_inventory`,`po_requisition_detail`.`subinventory_id` AS `subinventory_id`,`po_requisition_detail`.`locator_id` AS `locator_id`,`po_requisition_detail`.`requestor` AS `requestor`,`po_requisition_detail`.`quantity` AS `quantity`,`po_requisition_detail`.`need_by_date` AS `need_by_date`,`po_requisition_detail`.`promise_date` AS `promise_date`,`po_requisition_detail`.`received_quantity` AS `received_quantity`,`po_requisition_detail`.`accepted_quantity` AS `accepted_quantity`,`po_requisition_detail`.`delivered_quantity` AS `delivered_quantity`,`po_requisition_detail`.`invoiced_quantity` AS `invoiced_quantity`,`po_requisition_detail`.`paid_quantity` AS `paid_quantity`,`po_requisition_detail`.`order_number` AS `order_number`,`org`.`org` AS `ship_to_org`,`po_requisition_header`.`created_by` AS `created_by`,`po_requisition_header`.`creation_date` AS `creation_date`,`po_requisition_header`.`last_update_by` AS `last_update_by`,`po_requisition_header`.`last_update_date` AS `last_update_date` from (((((((`po_requisition_header` left join `supplier` on((`po_requisition_header`.`supplier_id` = `supplier`.`supplier_id`))) left join `supplier_site` on((`po_requisition_header`.`supplier_site_id` = `supplier_site`.`supplier_site_id`))) left join `payment_term` on((`po_requisition_header`.`payment_term_id` = `payment_term`.`payment_term_id`))) left join `po_requisition_line` on((`po_requisition_header`.`po_requisition_header_id` = `po_requisition_line`.`po_requisition_header_id`))) left join `item` on(((`po_requisition_line`.`item_id_m` = `item`.`item_id_m`) and (`item`.`org_id` = `po_requisition_line`.`receving_org_id`)))) left join `po_requisition_detail` on((`po_requisition_line`.`po_requisition_line_id` = `po_requisition_detail`.`po_requisition_line_id`))) left join `org` on((`po_requisition_detail`.`ship_to_inventory` = `org`.`org_id`))) ;

-- --------------------------------------------------------

--
-- Structure for view `prj_burden_expenditure_v`
--
DROP TABLE IF EXISTS `prj_burden_expenditure_v`;

CREATE ALGORITHM=UNDEFINED  SQL SECURITY DEFINER VIEW `prj_burden_expenditure_v`  AS  select `pbe`.`prj_burden_expenditure_id` AS `prj_burden_expenditure_id`,`pph`.`project_number` AS `project_number`,`pbc`.`costcode` AS `costcode`,`pbc`.`description` AS `costcode_description`,`pbcb`.`cost_base` AS `cost_base`,`pbcb`.`description` AS `cost_base_description`,`bplh`.`burden_list` AS `burden_list`,`pel`.`prj_expenditure_line_id` AS `prj_expenditure_line_id`,`pel`.`prj_expenditure_header_id` AS `prj_expenditure_header_id`,`pel`.`org_id` AS `org_id`,`pel`.`prj_project_header_id` AS `prj_project_header_id`,`pel`.`prj_project_line_id` AS `prj_project_line_id`,`pel`.`prj_nlr_header_id` AS `prj_nlr_header_id`,`pel`.`prj_expenditure_type_header_id` AS `prj_expenditure_type_header_id`,`pel`.`uom_id` AS `uom_id`,`pel`.`quantity` AS `quantity`,`pbe`.`description` AS `description`,`pbe`.`prj_burden_list_header_id` AS `prj_burden_list_header_id`,`pbe`.`expenditure_date` AS `expenditure_date`,`pbe`.`prj_burden_structure_header_id` AS `prj_burden_structure_header_id`,`pbe`.`prj_burden_costcode_id` AS `prj_burden_costcode_id`,`pbe`.`multiplier` AS `multiplier`,`pbe`.`burden_value` AS `burden_value`,`pbe`.`burden_amount` AS `burden_amount` from (((((`prj_burden_expenditure` `pbe` join `prj_expenditure_line` `pel`) join `prj_project_header` `pph`) join `prj_burden_list_header` `bplh`) join `prj_burden_cost_base` `pbcb`) join `prj_burden_costcode` `pbc`) where ((`pbe`.`prj_expenditure_line_id` = `pel`.`prj_expenditure_line_id`) and (`pbcb`.`prj_burden_cost_base_id` = `pbe`.`prj_burden_cost_base_id`) and (`pbc`.`prj_burden_costcode_id` = `pbe`.`prj_burden_cost_base_id`) and (`pph`.`prj_project_header_id` = `pel`.`prj_project_header_id`) and (`bplh`.`prj_burden_list_header_id` = `pbe`.`prj_burden_list_header_id`)) ;

-- --------------------------------------------------------

--
-- Structure for view `prj_expenditure_line_v`
--
DROP TABLE IF EXISTS `prj_expenditure_line_v`;

CREATE ALGORITHM=UNDEFINED  SQL SECURITY DEFINER VIEW `prj_expenditure_line_v`  AS  select `pel`.`prj_expenditure_line_id` AS `prj_expenditure_line_id`,`pel`.`prj_expenditure_header_id` AS `prj_expenditure_header_id`,`pel`.`org_id` AS `org_id`,`pel`.`hr_employee_id` AS `hr_employee_id`,`pel`.`description` AS `description`,`pel`.`job_id` AS `job_id`,`pel`.`expenditure_date` AS `expenditure_date`,`pel`.`prj_project_header_id` AS `prj_project_header_id`,`pel`.`prj_project_line_id` AS `prj_project_line_id`,`pel`.`prj_nlr_header_id` AS `prj_nlr_header_id`,`pel`.`prj_expenditure_type_header_id` AS `prj_expenditure_type_header_id`,`pel`.`uom_id` AS `uom_id`,`pel`.`quantity` AS `quantity`,`pel`.`rate` AS `rate`,`pel`.`debit_ac_id` AS `debit_ac_id`,`pel`.`credit_ac_id` AS `credit_ac_id`,`pel`.`burden_amount` AS `burden_amount`,`pel`.`gl_journal_header_id` AS `gl_journal_header_id`,`pel`.`gl_journal_interface_cb` AS `gl_journal_interface_cb`,`pel`.`status` AS `status`,`pph`.`project_number` AS `project_number`,`pph`.`bu_org_id` AS `bu_org_id`,`ppl`.`task_number` AS `task_number` from ((`prj_expenditure_line` `pel` join `prj_project_line` `ppl`) join `prj_project_header` `pph`) where ((`pel`.`prj_project_header_id` = `pph`.`prj_project_header_id`) and (`pel`.`prj_project_line_id` = `ppl`.`prj_project_line_id`)) ;

-- --------------------------------------------------------

--
-- Structure for view `prj_percent_all_v`
--
DROP TABLE IF EXISTS `prj_percent_all_v`;

CREATE ALGORITHM=UNDEFINED  SQL SECURITY DEFINER VIEW `prj_percent_all_v`  AS  select `pp`.`prj_percent_header_id` AS `prj_percent_header_id`,`pp`.`percent` AS `percent`,`pp`.`description` AS `description`,`pp`.`as_of_date` AS `as_of_date`,`pp`.`status` AS `status`,`pp`.`created_by` AS `created_by`,`pp`.`creation_date` AS `creation_date`,`pp`.`last_update_by` AS `last_update_by`,`pp`.`last_update_date` AS `last_update_date`,`projh`.`project_number` AS `project_number`,`projh`.`description` AS `project_description`,`projh`.`prj_project_header_id` AS `prj_project_header_id` from (`prj_percent_header` `pp` join `prj_project_header` `projh`) where (`projh`.`prj_project_header_id` = `pp`.`prj_project_header_id`) union select NULL AS `prj_percent_header_id`,NULL AS `percent`,NULL AS `description`,NULL AS `as_of_date`,NULL AS `status`,NULL AS `created_by`,NULL AS `creation_date`,NULL AS `last_update_by`,NULL AS `last_update_date`,`projh`.`project_number` AS `project_number`,`projh`.`description` AS `project_description`,`projh`.`prj_project_header_id` AS `prj_project_header_id` from `prj_project_header` `projh` where (not(`projh`.`prj_project_header_id` in (select distinct `prj_percent_header`.`prj_project_header_id` from `prj_percent_header`))) ;

-- --------------------------------------------------------

--
-- Structure for view `prj_percent_line_v`
--
DROP TABLE IF EXISTS `prj_percent_line_v`;

CREATE ALGORITHM=UNDEFINED  SQL SECURITY DEFINER VIEW `prj_percent_line_v`  AS  select `ppl`.`prj_percent_line_id` AS `prj_percent_line_id`,`ppl`.`prj_percent_header_id` AS `prj_percent_header_id`,`ppl`.`percent` AS `percent`,`ppl`.`comment` AS `comment`,`ppl`.`as_of_date` AS `as_of_date`,`ppl`.`created_by` AS `created_by`,`ppl`.`creation_date` AS `creation_date`,`ppl`.`last_update_by` AS `last_update_by`,`ppl`.`last_update_date` AS `last_update_date`,`projl`.`prj_project_line_id` AS `prj_project_line_id`,`projl`.`prj_project_header_id` AS `prj_project_header_id`,`projl`.`task_number` AS `task_number`,`projl`.`task_name` AS `task_name`,`projl`.`task_level_weight` AS `task_level_weight`,`projl`.`parent_prj_task_num` AS `parent_prj_task_num`,`projl`.`description` AS `description` from (`prj_percent_line` `ppl` join `prj_project_line` `projl`) where ((`projl`.`prj_project_header_id` = `ppl`.`prj_project_header_id`) and (`projl`.`prj_project_line_id` = `ppl`.`prj_project_line_id`)) union select NULL AS `prj_percent_line_id`,NULL AS `prj_percent_line_id`,NULL AS `percent`,NULL AS `comment`,NULL AS `as_of_date`,NULL AS `created_by`,NULL AS `creation_date`,NULL AS `last_update_by`,NULL AS `last_update_date`,`projl`.`prj_project_line_id` AS `prj_project_line_id`,`projl`.`prj_project_header_id` AS `prj_project_header_id`,`projl`.`task_number` AS `task_number`,`projl`.`task_name` AS `task_name`,`projl`.`task_level_weight` AS `task_level_weight`,`projl`.`parent_prj_task_num` AS `parent_prj_task_num`,`projl`.`description` AS `description` from `prj_project_line` `projl` where (not(`projl`.`prj_project_line_id` in (select distinct `prj_percent_line`.`prj_project_line_id` from `prj_percent_line`))) ;

-- --------------------------------------------------------

--
-- Structure for view `prj_project_all_lowesttask_v`
--
DROP TABLE IF EXISTS `prj_project_all_lowesttask_v`;

CREATE ALGORITHM=UNDEFINED  SQL SECURITY DEFINER VIEW `prj_project_all_lowesttask_v`  AS  select `org`.`org` AS `org`,`prh`.`project_number` AS `project_number`,`prh`.`description` AS `description`,`prl`.`task_number` AS `task_number`,`prl`.`task_name` AS `task_name`,`prl`.`description` AS `task_description`,`prh`.`project_status` AS `project_status`,`prh`.`approval_status` AS `approval_status`,`prl`.`prj_project_line_id` AS `prj_project_line_id`,`prl`.`prj_project_header_id` AS `prj_project_header_id`,`prl`.`task_level_weight` AS `task_level_weight`,`prl`.`parent_prj_task_num` AS `parent_prj_task_num`,`prl`.`start_date` AS `task_start_date`,`prl`.`end_date` AS `task_end_date`,`prl`.`manager_user_id` AS `task_manager_user_id`,`prl`.`org_id` AS `org_id`,`prl`.`service_type` AS `service_type`,`prl`.`work_type` AS `work_type`,`prl`.`allow_charges_cb` AS `allow_charges_cb`,`prl`.`capitalizable_cb` AS `capitalizable_cb`,`prh`.`bu_org_id` AS `bu_org_id`,`prh`.`prj_project_type_id` AS `prj_project_type_id`,`prh`.`ar_customer_id` AS `ar_customer_id`,`prh`.`ar_customer_site_id` AS `ar_customer_site_id`,`prh`.`pm_employee_id` AS `pm_employee_id`,`prh`.`manager_user_id` AS `manager_user_id`,`prh`.`start_date` AS `start_date`,`prh`.`completion_date` AS `completion_date`,`prh`.`header_amount` AS `header_amount` from ((`prj_project_header` `prh` join `prj_project_line` `prl`) join `org`) where ((`prl`.`prj_project_header_id` = `prh`.`prj_project_header_id`) and (`prh`.`bu_org_id` = `org`.`org_id`) and (not(`prl`.`task_number` in (select `prl`.`parent_prj_task_num` from `prj_project_line` `prl` where (`prl`.`parent_prj_task_num` is not null))))) ;

-- --------------------------------------------------------

--
-- Structure for view `prj_project_all_v`
--
DROP TABLE IF EXISTS `prj_project_all_v`;

CREATE ALGORITHM=UNDEFINED  SQL SECURITY DEFINER VIEW `prj_project_all_v`  AS  select `org`.`org` AS `org`,`prh`.`project_number` AS `project_number`,`prh`.`description` AS `description`,`prl`.`task_number` AS `task_number`,`prl`.`task_name` AS `task_name`,`prl`.`description` AS `task_description`,`prh`.`project_status` AS `project_status`,`prh`.`approval_status` AS `approval_status`,`prl`.`prj_project_line_id` AS `prj_project_line_id`,`prl`.`prj_project_header_id` AS `prj_project_header_id`,`prl`.`task_level_weight` AS `task_level_weight`,`prl`.`parent_prj_task_num` AS `parent_prj_task_num`,`prl`.`start_date` AS `task_start_date`,`prl`.`end_date` AS `task_end_date`,`prl`.`manager_user_id` AS `task_manager_user_id`,`prl`.`org_id` AS `org_id`,`prl`.`service_type` AS `service_type`,`prl`.`work_type` AS `work_type`,`prl`.`allow_charges_cb` AS `allow_charges_cb`,`prl`.`capitalizable_cb` AS `capitalizable_cb`,`prh`.`bu_org_id` AS `bu_org_id`,`prh`.`prj_project_type_id` AS `prj_project_type_id`,`prh`.`ar_customer_id` AS `ar_customer_id`,`prh`.`ar_customer_site_id` AS `ar_customer_site_id`,`prh`.`pm_employee_id` AS `pm_employee_id`,`prh`.`manager_user_id` AS `manager_user_id`,`prh`.`start_date` AS `start_date`,`prh`.`completion_date` AS `completion_date`,`prh`.`header_amount` AS `header_amount` from ((`prj_project_header` `prh` join `prj_project_line` `prl`) join `org`) where ((`prl`.`prj_project_header_id` = `prh`.`prj_project_header_id`) and (`prh`.`bu_org_id` = `org`.`org_id`)) ;

-- --------------------------------------------------------

--
-- Structure for view `sd_delivery_all_v`
--
DROP TABLE IF EXISTS `sd_delivery_all_v`;

CREATE ALGORITHM=UNDEFINED  SQL SECURITY DEFINER VIEW `sd_delivery_all_v`  AS  select `sddh`.`sd_delivery_header_id` AS `sd_delivery_header_id`,`sddh`.`delivery_number` AS `delivery_number`,`sddh`.`carrier` AS `carrier`,`sddh`.`vehicle_number` AS `vehicle_number`,`sddh`.`handling_instruction` AS `handling_instruction`,`sddl`.`shipped_quantity` AS `delivery_shipped_quantity`,`sddl`.`delivery_status` AS `delivery_status`,`sdsh`.`sd_so_header_id` AS `sd_so_header_id`,`sdsh`.`bu_org_id` AS `bu_org_id`,`sdsh`.`document_type` AS `document_type`,`sdsh`.`so_number` AS `so_number`,`sdsh`.`ar_customer_id` AS `ar_customer_id`,`sdsh`.`ship_to_id` AS `ship_to_id`,`sdsh`.`bill_to_id` AS `bill_to_id`,`sdsh`.`ar_customer_site_id` AS `ar_customer_site_id`,`sdsh`.`hr_employee_id` AS `hr_employee_id`,`sdsh`.`doc_currency` AS `doc_currency`,`sdsh`.`header_amount` AS `header_amount`,`sdsh`.`so_status` AS `so_status`,`sdsh`.`payment_term_id` AS `payment_term_id`,`ar_customer`.`customer_name` AS `customer_name`,`ar_customer`.`customer_number` AS `customer_number`,`ar_customer_site`.`customer_site_name` AS `customer_site_name`,`ar_customer_site`.`customer_site_number` AS `customer_site_number`,`sdsl`.`sd_so_line_id` AS `sd_so_line_id`,`sdsl`.`line_type` AS `line_type`,`sdsl`.`line_number` AS `line_number`,`sdsl`.`item_id_m` AS `item_id_m`,`sdsl`.`kit_cb` AS `kit_cb`,`sdsl`.`kit_configured_cb` AS `kit_configured_cb`,`sdsl`.`bom_config_header_id` AS `bom_config_header_id`,`sdsl`.`wip_wo_header_id` AS `wip_wo_header_id`,`sdsl`.`item_description` AS `item_description`,`sdsl`.`line_description` AS `line_description`,`sdsl`.`line_quantity` AS `line_quantity`,`sdsl`.`picked_quantity` AS `picked_quantity`,`sdsl`.`shipped_quantity` AS `shipped_quantity`,`sdsl`.`unit_price` AS `unit_price`,`sdsl`.`line_price` AS `line_price`,`sdsl`.`line_status` AS `line_status`,`sdsl`.`requested_date` AS `requested_date`,`sdsl`.`promise_date` AS `promise_date`,`sdsl`.`schedule_ship_date` AS `schedule_ship_date`,`sdsl`.`actual_ship_date` AS `actual_ship_date`,`item`.`item_number` AS `item_number`,`item`.`uom_id` AS `uom_id`,`item`.`item_status` AS `item_status`,`org`.`org` AS `org`,`sdsl`.`shipping_org_id` AS `shipping_org_id`,`sdsl`.`created_by` AS `created_by`,`sdsl`.`creation_date` AS `creation_date`,`sdsl`.`last_update_by` AS `last_update_by`,`sdsl`.`last_update_date` AS `last_update_date`,`ship_address`.`address` AS `address`,`ship_address`.`country` AS `country`,`ship_address`.`postal_code` AS `postal_code`,`ship_address`.`phone` AS `phone`,`ship_address`.`email` AS `email`,`ship_address`.`website` AS `website`,`bill_address`.`address` AS `address_b`,`bill_address`.`country` AS `country_b`,`bill_address`.`postal_code` AS `postal_code_b`,`bill_address`.`phone` AS `phone_b`,`bill_address`.`email` AS `email_b`,`bill_address`.`website` AS `website_b`,concat(`hre`.`last_name`,', ',`hre`.`first_name`) AS `sales_person` from ((((((((`sd_delivery_header` `sddh` join `sd_delivery_line` `sddl`) join `ar_customer`) join `item`) join `org`) join `address` `ship_address`) join `address` `bill_address`) join ((`sd_so_header` `sdsh` left join `hr_employee` `hre` on((`sdsh`.`hr_employee_id` = `hre`.`hr_employee_id`))) left join `ar_customer_site` on((`sdsh`.`ar_customer_site_id` = `ar_customer_site`.`ar_customer_site_id`)))) join `sd_so_line` `sdsl`) where ((`sdsh`.`sd_so_header_id` = `sdsl`.`sd_so_header_id`) and (`sdsh`.`ar_customer_id` = `ar_customer`.`ar_customer_id`) and (`sdsl`.`item_id_m` = `item`.`item_id_m`) and (`item`.`org_id` = `sdsl`.`shipping_org_id`) and (`sdsl`.`shipping_org_id` = `org`.`org_id`) and (`sddh`.`sd_delivery_header_id` = `sddl`.`sd_delivery_header_id`) and (`sddl`.`sd_so_line_id` = `sdsl`.`sd_so_line_id`) and (`ship_address`.`address_id` = `sdsh`.`ship_to_id`) and (`bill_address`.`address_id` = `sdsh`.`bill_to_id`)) ;

-- --------------------------------------------------------

--
-- Structure for view `sd_pick_list_v`
--
DROP TABLE IF EXISTS `sd_pick_list_v`;

CREATE ALGORITHM=UNDEFINED  SQL SECURITY DEFINER VIEW `sd_pick_list_v`  AS  select `sdsh`.`sd_so_header_id` AS `sd_so_header_id`,`sdsh`.`bu_org_id` AS `bu_org_id`,`sdsh`.`document_type` AS `document_type`,`sdsh`.`so_number` AS `so_number`,`sdsh`.`ar_customer_id` AS `ar_customer_id`,`sdsh`.`ar_customer_site_id` AS `ar_customer_site_id`,`sdsh`.`hr_employee_id` AS `hr_employee_id`,`sdsh`.`doc_currency` AS `doc_currency`,`sdsh`.`header_amount` AS `header_amount`,`sdsh`.`so_status` AS `so_status`,`sdsh`.`payment_term_id` AS `payment_term_id`,`osv`.`onhand` AS `onhand`,`ar_customer`.`customer_name` AS `customer_name`,`ar_customer`.`customer_number` AS `customer_number`,`ar_customer_site`.`customer_site_name` AS `customer_site_name`,`ar_customer_site`.`customer_site_number` AS `customer_site_number`,`payment_term`.`payment_term` AS `payment_term`,`payment_term`.`description` AS `payment_term_description`,`sdsl`.`sd_so_line_id` AS `sd_so_line_id`,`sdsl`.`line_type` AS `line_type`,`sdsl`.`line_number` AS `line_number`,`sdsl`.`item_id_m` AS `item_id_m`,`sdsl`.`kit_cb` AS `kit_cb`,`sdsl`.`kit_configured_cb` AS `kit_configured_cb`,`sdsl`.`bom_config_header_id` AS `bom_config_header_id`,`sdsl`.`wip_wo_header_id` AS `wip_wo_header_id`,`sdsl`.`item_description` AS `item_description`,`sdsl`.`line_description` AS `line_description`,`sdsl`.`line_quantity` AS `line_quantity`,`sdsl`.`picked_quantity` AS `picked_quantity`,`sdsl`.`shipped_quantity` AS `shipped_quantity`,`sdsl`.`unit_price` AS `unit_price`,`sdsl`.`line_price` AS `line_price`,`sdsl`.`line_status` AS `line_status`,`ssc`.`staging_subinventory_id` AS `staging_subinventory_id`,`ssc`.`staging_locator_id` AS `staging_locator_id`,`subinventory`.`subinventory` AS `staging_subinventory`,`locator`.`locator` AS `staging_locator`,`sdsl`.`requested_date` AS `requested_date`,`sdsl`.`promise_date` AS `promise_date`,`sdsl`.`schedule_ship_date` AS `schedule_ship_date`,`sdsl`.`actual_ship_date` AS `actual_ship_date`,`item`.`item_number` AS `item_number`,`item`.`uom_id` AS `uom_id`,`item`.`item_status` AS `item_status`,`item`.`serial_generation` AS `serial_generation`,`item`.`lot_generation` AS `lot_generation`,`org`.`org` AS `org`,`sdsl`.`shipping_org_id` AS `shipping_org_id`,`sdsl`.`created_by` AS `created_by`,`sdsl`.`creation_date` AS `creation_date`,`sdsl`.`last_update_by` AS `last_update_by`,`sdsl`.`last_update_date` AS `last_update_date` from (((((((`sd_so_header` `sdsh` left join `payment_term` on((`sdsh`.`payment_term_id` = `payment_term`.`payment_term_id`))) join `ar_customer`) join `ar_customer_site`) join (`sd_so_line` `sdsl` left join `onhand_summary_v` `osv` on(((`osv`.`item_id_m` = `sdsl`.`item_id_m`) and (`osv`.`org_id` = `sdsl`.`shipping_org_id`))))) join `item`) join `org`) join ((`sd_shipping_control` `ssc` left join `subinventory` on((`subinventory`.`subinventory_id` = `ssc`.`staging_subinventory_id`))) left join `locator` on((`locator`.`locator_id` = `ssc`.`staging_locator_id`)))) where ((`sdsh`.`sd_so_header_id` = `sdsl`.`sd_so_header_id`) and (`sdsh`.`ar_customer_id` = `ar_customer`.`ar_customer_id`) and (`sdsh`.`ar_customer_site_id` = `ar_customer_site`.`ar_customer_site_id`) and (`sdsl`.`item_id_m` = `item`.`item_id_m`) and (`item`.`org_id` = `sdsl`.`shipping_org_id`) and (`sdsl`.`shipping_org_id` = `org`.`org_id`) and (`ssc`.`org_id` = `sdsl`.`shipping_org_id`) and (`sdsh`.`so_status` = 'BOOKED') and (`sdsl`.`line_status` in ('AWAITING_PICKING','PARTIAL_PICKED','PARTIAL_SHIPPED'))) ;

-- --------------------------------------------------------

--
-- Structure for view `sd_sales_documents_v`
--
DROP TABLE IF EXISTS `sd_sales_documents_v`;

CREATE ALGORITHM=UNDEFINED  SQL SECURITY DEFINER VIEW `sd_sales_documents_v`  AS  select `sd_lead`.`sd_lead_id` AS `document_id`,`sd_lead`.`lead_number` AS `docuemnt_number`,`sd_lead`.`sales_team` AS `sales_team`,`sd_lead`.`creation_date` AS `creation_date`,'lead' AS `document_type`,`sd_lead`.`status` AS `status` from `sd_lead` union select `sd_opportunity`.`sd_opportunity_id` AS `document_id`,`sd_opportunity`.`opportunity_number` AS `docuemnt_number`,`sd_opportunity`.`sales_team` AS `sales_team`,`sd_opportunity`.`creation_date` AS `creation_date`,'opportunity' AS `document_type`,`sd_opportunity`.`status` AS `status` from `sd_opportunity` union select `sd_quote_header`.`sd_quote_header_id` AS `document_id`,`sd_quote_header`.`quote_number` AS `docuemnt_number`,'Quote' AS `sales_team`,`sd_quote_header`.`creation_date` AS `creation_date`,'quote' AS `document_type`,`sd_quote_header`.`status` AS `status` from `sd_quote_header` union select `sd_so_header`.`sd_so_header_id` AS `document_id`,`sd_so_header`.`so_number` AS `docuemnt_number`,'SO' AS `sales_team`,`sd_so_header`.`creation_date` AS `creation_date`,'Sales Order' AS `document_type`,`sd_so_header`.`so_status` AS `status` from `sd_so_header` ;

-- --------------------------------------------------------

--
-- Structure for view `sd_so_all_v`
--
DROP TABLE IF EXISTS `sd_so_all_v`;

CREATE ALGORITHM=UNDEFINED  SQL SECURITY DEFINER VIEW `sd_so_all_v`  AS  select `sdsh`.`sd_so_header_id` AS `sd_so_header_id`,`sdsh`.`bu_org_id` AS `bu_org_id`,`sdsh`.`document_type` AS `document_type`,`sdsh`.`so_number` AS `so_number`,`sdsh`.`ar_customer_id` AS `ar_customer_id`,`sdsh`.`ar_customer_site_id` AS `ar_customer_site_id`,`sdsh`.`hr_employee_id` AS `hr_employee_id`,`sdsh`.`doc_currency` AS `doc_currency`,`sdsh`.`header_amount` AS `header_amount`,`sdsh`.`so_status` AS `so_status`,`sdsh`.`payment_term_id` AS `payment_term_id`,`osv`.`onhand` AS `onhand`,`ar_customer`.`customer_name` AS `customer_name`,`ar_customer`.`customer_number` AS `customer_number`,`ar_customer_site`.`customer_site_name` AS `customer_site_name`,`ar_customer_site`.`customer_site_number` AS `customer_site_number`,`payment_term`.`payment_term` AS `payment_term`,`payment_term`.`description` AS `payment_term_description`,`sdsl`.`sd_so_line_id` AS `sd_so_line_id`,`sdsl`.`line_type` AS `line_type`,`sdsl`.`line_number` AS `line_number`,`sdsl`.`item_id_m` AS `item_id_m`,`sdsl`.`kit_cb` AS `kit_cb`,`sdsl`.`kit_configured_cb` AS `kit_configured_cb`,`sdsl`.`bom_config_header_id` AS `bom_config_header_id`,`sdsl`.`wip_wo_header_id` AS `wip_wo_header_id`,`sdsl`.`item_description` AS `item_description`,`sdsl`.`line_description` AS `line_description`,`sdsl`.`line_quantity` AS `line_quantity`,`sdsl`.`picked_quantity` AS `picked_quantity`,`sdsl`.`shipped_quantity` AS `shipped_quantity`,`sdsl`.`unit_price` AS `unit_price`,`sdsl`.`line_price` AS `line_price`,`sdsl`.`line_status` AS `line_status`,`ssc`.`staging_subinventory_id` AS `staging_subinventory_id`,`ssc`.`staging_locator_id` AS `staging_locator_id`,`subinventory`.`subinventory` AS `staging_subinventory`,`locator`.`locator` AS `staging_locator`,`sdsl`.`requested_date` AS `requested_date`,`sdsl`.`promise_date` AS `promise_date`,`sdsl`.`schedule_ship_date` AS `schedule_ship_date`,`sdsl`.`actual_ship_date` AS `actual_ship_date`,`item`.`item_number` AS `item_number`,`item`.`uom_id` AS `uom_id`,`item`.`item_status` AS `item_status`,`org`.`org` AS `org`,`sdsl`.`shipping_org_id` AS `shipping_org_id`,`sdsl`.`created_by` AS `created_by`,`sdsl`.`creation_date` AS `creation_date`,`sdsl`.`last_update_by` AS `last_update_by`,`sdsl`.`last_update_date` AS `last_update_date`,concat(`hre`.`last_name`,', ',`hre`.`first_name`) AS `sales_person` from ((((((((`sd_so_header` `sdsh` left join `hr_employee` `hre` on((`sdsh`.`hr_employee_id` = `hre`.`hr_employee_id`))) left join `payment_term` on((`sdsh`.`payment_term_id` = `payment_term`.`payment_term_id`))) left join `ar_customer_site` on((`sdsh`.`ar_customer_site_id` = `ar_customer_site`.`ar_customer_site_id`))) join `ar_customer`) join (`sd_so_line` `sdsl` left join `onhand_summary_v` `osv` on(((`osv`.`item_id_m` = `sdsl`.`item_id_m`) and (`osv`.`org_id` = `sdsl`.`shipping_org_id`))))) join `item`) join `org`) join ((`sd_shipping_control` `ssc` left join `subinventory` on((`subinventory`.`subinventory_id` = `ssc`.`staging_subinventory_id`))) left join `locator` on((`locator`.`locator_id` = `ssc`.`staging_locator_id`)))) where ((`sdsh`.`sd_so_header_id` = `sdsl`.`sd_so_header_id`) and (`sdsh`.`ar_customer_id` = `ar_customer`.`ar_customer_id`) and (`sdsl`.`item_id_m` = `item`.`item_id_m`) and (`item`.`org_id` = `sdsl`.`shipping_org_id`) and (`sdsl`.`shipping_org_id` = `org`.`org_id`) and (`ssc`.`org_id` = `sdsl`.`shipping_org_id`)) ;

-- --------------------------------------------------------

--
-- Structure for view `supplier_all_v`
--
DROP TABLE IF EXISTS `supplier_all_v`;

CREATE ALGORITHM=UNDEFINED  SQL SECURITY DEFINER VIEW `supplier_all_v`  AS  select `su`.`supplier_id` AS `supplier_id`,`su`.`supplier_number` AS `supplier_number`,`su`.`supplier_name` AS `supplier_name`,`ss`.`supplier_site_id` AS `supplier_site_id`,`ss`.`supplier_site_number` AS `supplier_site_number`,`ss`.`supplier_site_name` AS `supplier_site_name`,`su`.`supplier_type` AS `supplier_type`,`su`.`tax_country` AS `tax_country`,`su`.`created_by` AS `created_by`,`su`.`ar_customer_id` AS `ar_customer_id`,`su`.`status` AS `status`,`su`.`creation_date` AS `creation_date`,`su`.`last_update_by` AS `last_update_by`,`su`.`last_update_date` AS `last_update_date`,`sb`.`supplier_bu_id` AS `supplier_bu_id`,`sb`.`org_id` AS `org_id`,`sb`.`liability_account_id` AS `liability_account_id`,`sb`.`payable_account_id` AS `payable_account_id`,`sb`.`payment_discount_account_id` AS `payment_discount_account_id`,`sb`.`pre_payment_account_id` AS `pre_payment_account_id`,`ss`.`site_tax_country` AS `site_tax_country`,`ss`.`site_tax_reg_no` AS `site_tax_reg_no`,`ss`.`status` AS `site_status`,`ss`.`currency` AS `currency`,`ss`.`payment_term_id` AS `payment_term_id` from ((`supplier` `su` left join `supplier_site` `ss` on((`ss`.`supplier_id` = `su`.`supplier_id`))) left join `supplier_bu` `sb` on((`su`.`supplier_id` = `sb`.`supplier_id`))) ;

-- --------------------------------------------------------

--
-- Structure for view `wip_wo_routing_v`
--
DROP TABLE IF EXISTS `wip_wo_routing_v`;

CREATE ALGORITHM=UNDEFINED  SQL SECURITY DEFINER VIEW `wip_wo_routing_v`  AS  select `item`.`item_number` AS `item_number`,`item`.`item_description` AS `item_description`,`item`.`uom_id` AS `uom_id`,`wwh`.`item_id_m` AS `item_id_m`,`wwh`.`wo_number` AS `wo_number`,`wwh`.`org_id` AS `org_id`,`wwh`.`wip_accounting_group_id` AS `wip_accounting_group_id`,`wwh`.`quantity` AS `quantity`,`wwh`.`completed_quantity` AS `completed_quantity`,`wwrl`.`routing_sequence` AS `routing_sequence`,`wwrl`.`department_id` AS `department_id`,`wwrd`.`wip_wo_routing_detail_id` AS `wip_wo_routing_detail_id`,`wwrd`.`wip_wo_routing_line_id` AS `wip_wo_routing_line_id`,`wwrd`.`wip_wo_header_id` AS `wip_wo_header_id`,`wwrd`.`resource_sequence` AS `resource_sequence`,`wwrd`.`resource_id` AS `resource_id`,`wwrd`.`resource_usage` AS `resource_usage`,`wwrd`.`resource_schedule` AS `resource_schedule`,`wwrd`.`required_quantity` AS `required_quantity`,`wwrd`.`applied_quantity` AS `applied_quantity`,`wwrd`.`charge_type` AS `charge_type` from (((`wip_wo_routing_detail` `wwrd` left join `wip_wo_routing_line` `wwrl` on((`wwrl`.`wip_wo_routing_line_id` = `wwrd`.`wip_wo_routing_line_id`))) left join `wip_wo_header` `wwh` on((`wwh`.`wip_wo_header_id` = `wwrd`.`wip_wo_header_id`))) left join `item` on(((`item`.`item_id_m` = `wwh`.`item_id_m`) and (`item`.`org_id` = `wwh`.`org_id`)))) ;

--
-- Indexes for dumped tables
--

--
-- Indexes for table `address`
--
ALTER TABLE `address`
  ADD PRIMARY KEY (`address_id`),
  ADD UNIQUE KEY `name` (`address_name`),
  ADD UNIQUE KEY `address` (`address_name`),
  ADD UNIQUE KEY `address_name` (`address_name`);

--
-- Indexes for table `address_reference`
--
ALTER TABLE `address_reference`
  ADD PRIMARY KEY (`address_reference_id`),
  ADD UNIQUE KEY `address_id` (`address_id`,`reference_table`,`reference_id`);

--
-- Indexes for table `adm_task_status`
--
ALTER TABLE `adm_task_status`
  ADD PRIMARY KEY (`adm_task_status_id`);

--
-- Indexes for table `adm_task_template_header`
--
ALTER TABLE `adm_task_template_header`
  ADD PRIMARY KEY (`adm_task_template_header_id`);

--
-- Indexes for table `adm_task_template_line`
--
ALTER TABLE `adm_task_template_line`
  ADD PRIMARY KEY (`adm_task_template_line_id`);

--
-- Indexes for table `adm_task_type`
--
ALTER TABLE `adm_task_type`
  ADD PRIMARY KEY (`adm_task_type_id`);

--
-- Indexes for table `ag_job`
--
ALTER TABLE `ag_job`
  ADD PRIMARY KEY (`ag_job_id`),
  ADD UNIQUE KEY `job_code` (`job_code`),
  ADD UNIQUE KEY `job_name` (`job_name`),
  ADD UNIQUE KEY `job_code_2` (`job_code`),
  ADD UNIQUE KEY `job_name_2` (`job_name`);

--
-- Indexes for table `ag_org`
--
ALTER TABLE `ag_org`
  ADD PRIMARY KEY (`ag_org_id`),
  ADD UNIQUE KEY `job_code` (`org_code`),
  ADD UNIQUE KEY `job_name` (`org_name`),
  ADD UNIQUE KEY `job_code_2` (`org_code`),
  ADD UNIQUE KEY `job_name_2` (`org_name`);

--
-- Indexes for table `am_activity_reference`
--
ALTER TABLE `am_activity_reference`
  ADD PRIMARY KEY (`am_activity_reference_id`),
  ADD UNIQUE KEY `asset_number` (`am_asset_id`),
  ADD UNIQUE KEY `tag_number` (`priority`),
  ADD UNIQUE KEY `asset_number_2` (`am_asset_id`,`start_date`);

--
-- Indexes for table `am_asset`
--
ALTER TABLE `am_asset`
  ADD PRIMARY KEY (`am_asset_id`),
  ADD UNIQUE KEY `asset_number` (`asset_number`),
  ADD UNIQUE KEY `tag_number` (`tag_number`),
  ADD UNIQUE KEY `asset_number_2` (`asset_number`,`serial_number`);

--
-- Indexes for table `am_maintenance_schedule`
--
ALTER TABLE `am_maintenance_schedule`
  ADD PRIMARY KEY (`am_maintenance_schedule_id`),
  ADD UNIQUE KEY `schedule_name` (`schedule_name`,`org_id`);

--
-- Indexes for table `am_meter`
--
ALTER TABLE `am_meter`
  ADD PRIMARY KEY (`am_meter_id`),
  ADD UNIQUE KEY `base_interval_days` (`type`,`from_date`);

--
-- Indexes for table `am_ms_activity_reference`
--
ALTER TABLE `am_ms_activity_reference`
  ADD PRIMARY KEY (`am_ms_activity_reference_id`),
  ADD UNIQUE KEY `am_maintenance_schedule_id` (`am_maintenance_schedule_id`,`activity_item_id_m`);

--
-- Indexes for table `am_ms_calendar_date`
--
ALTER TABLE `am_ms_calendar_date`
  ADD PRIMARY KEY (`am_ms_calendar_date_id`),
  ADD UNIQUE KEY `am_maintenance_schedule_id` (`am_maintenance_schedule_id`,`date`);

--
-- Indexes for table `am_ms_date_rule`
--
ALTER TABLE `am_ms_date_rule`
  ADD PRIMARY KEY (`am_ms_date_rule_id`),
  ADD UNIQUE KEY `base_interval_days` (`base_interval_days`,`from_date`);

--
-- Indexes for table `am_ms_meter_rule`
--
ALTER TABLE `am_ms_meter_rule`
  ADD PRIMARY KEY (`am_ms_meter_rule_id`),
  ADD UNIQUE KEY `am_maintenance_schedule_id` (`am_maintenance_schedule_id`,`am_meter_id`);

--
-- Indexes for table `am_planned_wo`
--
ALTER TABLE `am_planned_wo`
  ADD PRIMARY KEY (`am_wo_header_id`);

--
-- Indexes for table `am_wo_bom`
--
ALTER TABLE `am_wo_bom`
  ADD PRIMARY KEY (`am_wo_bom_id`),
  ADD UNIQUE KEY `bom_header_id` (`am_wo_header_id`,`bom_sequence`),
  ADD UNIQUE KEY `bom_header_id_2` (`am_wo_header_id`,`routing_sequence`,`component_item_id_m`);

--
-- Indexes for table `am_wo_header`
--
ALTER TABLE `am_wo_header`
  ADD PRIMARY KEY (`am_wo_header_id`);

--
-- Indexes for table `am_wo_routing_detail`
--
ALTER TABLE `am_wo_routing_detail`
  ADD PRIMARY KEY (`am_wo_routing_detail_id`),
  ADD UNIQUE KEY `wip_wo_routing_line_id` (`am_wo_routing_line_id`,`resource_sequence`);

--
-- Indexes for table `am_wo_routing_line`
--
ALTER TABLE `am_wo_routing_line`
  ADD PRIMARY KEY (`am_wo_routing_line_id`),
  ADD UNIQUE KEY `bom_header_id` (`am_wo_header_id`,`routing_sequence`);

--
-- Indexes for table `ap_payable_control`
--
ALTER TABLE `ap_payable_control`
  ADD PRIMARY KEY (`ap_payable_control_id`),
  ADD UNIQUE KEY `org` (`org_id`);

--
-- Indexes for table `ap_payment_header`
--
ALTER TABLE `ap_payment_header`
  ADD PRIMARY KEY (`ap_payment_header_id`),
  ADD UNIQUE KEY `transaction_number` (`payment_number`);

--
-- Indexes for table `ap_payment_interface`
--
ALTER TABLE `ap_payment_interface`
  ADD PRIMARY KEY (`ap_payment_interface_id`),
  ADD UNIQUE KEY `ap_payment_interface_id` (`ap_payment_interface_id`);

--
-- Indexes for table `ap_payment_line`
--
ALTER TABLE `ap_payment_line`
  ADD PRIMARY KEY (`ap_payment_line_id`),
  ADD UNIQUE KEY `ap_transaction_header_id` (`ap_payment_header_id`,`line_number`);

--
-- Indexes for table `ap_payment_process`
--
ALTER TABLE `ap_payment_process`
  ADD PRIMARY KEY (`ap_payment_process_id`),
  ADD UNIQUE KEY `document_type_name` (`payment_process`,`cash_ac_id`);

--
-- Indexes for table `ap_payment_terms`
--
ALTER TABLE `ap_payment_terms`
  ADD PRIMARY KEY (`term_id`),
  ADD UNIQUE KEY `term_name` (`term_name`);

--
-- Indexes for table `ap_transaction_detail`
--
ALTER TABLE `ap_transaction_detail`
  ADD PRIMARY KEY (`ap_transaction_detail_id`);

--
-- Indexes for table `ap_transaction_header`
--
ALTER TABLE `ap_transaction_header`
  ADD PRIMARY KEY (`ap_transaction_header_id`),
  ADD UNIQUE KEY `transaction_number` (`transaction_number`);

--
-- Indexes for table `ap_transaction_line`
--
ALTER TABLE `ap_transaction_line`
  ADD PRIMARY KEY (`ap_transaction_line_id`),
  ADD UNIQUE KEY `ap_transaction_header_id` (`ap_transaction_header_id`,`line_number`);

--
-- Indexes for table `ar_customer`
--
ALTER TABLE `ar_customer`
  ADD PRIMARY KEY (`ar_customer_id`),
  ADD UNIQUE KEY `customer_number` (`customer_number`),
  ADD UNIQUE KEY `customer_name` (`customer_name`);

--
-- Indexes for table `ar_customer_bu`
--
ALTER TABLE `ar_customer_bu`
  ADD PRIMARY KEY (`ar_customer_bu_id`),
  ADD UNIQUE KEY `ar_customer_id` (`ar_customer_id`,`org_id`);

--
-- Indexes for table `ar_customer_relation`
--
ALTER TABLE `ar_customer_relation`
  ADD PRIMARY KEY (`ar_customer_relation_id`),
  ADD UNIQUE KEY `customer_number` (`ar_customer_id`),
  ADD UNIQUE KEY `customer_name` (`org_id`);

--
-- Indexes for table `ar_customer_site`
--
ALTER TABLE `ar_customer_site`
  ADD PRIMARY KEY (`ar_customer_site_id`),
  ADD UNIQUE KEY `customer_site_number` (`customer_site_number`),
  ADD UNIQUE KEY `ar_customer_id` (`ar_customer_id`,`customer_site_name`);

--
-- Indexes for table `ar_payment_process`
--
ALTER TABLE `ar_payment_process`
  ADD PRIMARY KEY (`ar_receipt_source_id`),
  ADD UNIQUE KEY `document_type_name` (`receipt_source`,`creation_method`);

--
-- Indexes for table `ar_receipt_header`
--
ALTER TABLE `ar_receipt_header`
  ADD PRIMARY KEY (`ar_receipt_header_id`),
  ADD UNIQUE KEY `transaction_number` (`receipt_number`);

--
-- Indexes for table `ar_receipt_interface`
--
ALTER TABLE `ar_receipt_interface`
  ADD PRIMARY KEY (`ar_receipt_interface_id`);

--
-- Indexes for table `ar_receipt_line`
--
ALTER TABLE `ar_receipt_line`
  ADD PRIMARY KEY (`ar_receipt_line_id`),
  ADD UNIQUE KEY `ar_receipt_header_id` (`ar_receipt_header_id`,`line_number`);

--
-- Indexes for table `ar_receipt_source`
--
ALTER TABLE `ar_receipt_source`
  ADD PRIMARY KEY (`ar_receipt_source_id`),
  ADD UNIQUE KEY `document_type_name` (`receipt_source`,`creation_method`);

--
-- Indexes for table `ar_receivable_activity`
--
ALTER TABLE `ar_receivable_activity`
  ADD PRIMARY KEY (`ar_receivable_activity_id`),
  ADD UNIQUE KEY `document_type_name` (`activity_name`,`active_cb`);

--
-- Indexes for table `ar_revenue_rule_header`
--
ALTER TABLE `ar_revenue_rule_header`
  ADD PRIMARY KEY (`ar_revenue_rule_header_id`),
  ADD UNIQUE KEY `transaction_number` (`description`);

--
-- Indexes for table `ar_revenue_rule_line`
--
ALTER TABLE `ar_revenue_rule_line`
  ADD PRIMARY KEY (`ar_revenue_rule_line_id`),
  ADD UNIQUE KEY `ap_transaction_header_id` (`ar_revenue_rule_header_id`,`period_number`);

--
-- Indexes for table `ar_revenue_schedule`
--
ALTER TABLE `ar_revenue_schedule`
  ADD PRIMARY KEY (`revenue_schedule_id`);

--
-- Indexes for table `ar_sales_region`
--
ALTER TABLE `ar_sales_region`
  ADD PRIMARY KEY (`ar_sales_region_id`),
  ADD UNIQUE KEY `gl_calendar_id` (`state`,`description`),
  ADD UNIQUE KEY `tax_region_name` (`sales_region_name`);

--
-- Indexes for table `ar_transaction_adjustment`
--
ALTER TABLE `ar_transaction_adjustment`
  ADD PRIMARY KEY (`ar_transaction_adjustment_id`);

--
-- Indexes for table `ar_transaction_detail`
--
ALTER TABLE `ar_transaction_detail`
  ADD PRIMARY KEY (`ar_transaction_detail_id`),
  ADD UNIQUE KEY `ar_transaction_line_id` (`ar_transaction_line_id`,`detail_number`);

--
-- Indexes for table `ar_transaction_header`
--
ALTER TABLE `ar_transaction_header`
  ADD PRIMARY KEY (`ar_transaction_header_id`),
  ADD UNIQUE KEY `transaction_number` (`transaction_number`);

--
-- Indexes for table `ar_transaction_interface`
--
ALTER TABLE `ar_transaction_interface`
  ADD PRIMARY KEY (`ar_transaction_interface_id`),
  ADD UNIQUE KEY `ap_transaction_header_id` (`ar_transaction_header_id`,`line_number`);

--
-- Indexes for table `ar_transaction_line`
--
ALTER TABLE `ar_transaction_line`
  ADD PRIMARY KEY (`ar_transaction_line_id`),
  ADD UNIQUE KEY `ap_transaction_header_id` (`ar_transaction_header_id`,`line_number`);

--
-- Indexes for table `ar_transaction_source`
--
ALTER TABLE `ar_transaction_source`
  ADD PRIMARY KEY (`ar_transaction_source_id`),
  ADD UNIQUE KEY `document_type_name` (`transaction_source`,`source_type`);

--
-- Indexes for table `ar_transaction_type`
--
ALTER TABLE `ar_transaction_type`
  ADD PRIMARY KEY (`ar_transaction_type_id`),
  ADD UNIQUE KEY `document_type_name` (`ar_transaction_type`,`transaction_class`);

--
-- Indexes for table `bc_label_auto_trigger`
--
ALTER TABLE `bc_label_auto_trigger`
  ADD PRIMARY KEY (`bc_label_auto_trigger_id`),
  ADD UNIQUE KEY `transaction_type_id` (`transaction_type_id`,`association_level`,`association_level_value`);

--
-- Indexes for table `bc_label_format_header`
--
ALTER TABLE `bc_label_format_header`
  ADD PRIMARY KEY (`bc_label_format_header_id`),
  ADD UNIQUE KEY `document_type_name` (`label_type`,`format_name`);

--
-- Indexes for table `bc_label_format_line`
--
ALTER TABLE `bc_label_format_line`
  ADD PRIMARY KEY (`bc_label_format_line_id`),
  ADD UNIQUE KEY `document_type_name` (`bc_label_format_header_id`,`sys_field_name`);

--
-- Indexes for table `bc_label_request`
--
ALTER TABLE `bc_label_request`
  ADD PRIMARY KEY (`bc_label_request_id`),
  ADD UNIQUE KEY `transaction_type_id` (`transaction_type_id`,`status`,`label_content`);

--
-- Indexes for table `bc_static_label`
--
ALTER TABLE `bc_static_label`
  ADD PRIMARY KEY (`bc_static_label_id`),
  ADD UNIQUE KEY `transaction_type_id` (`label_type`,`status`,`label_content`);

--
-- Indexes for table `block`
--
ALTER TABLE `block`
  ADD PRIMARY KEY (`block_id`),
  ADD UNIQUE KEY `reference_table` (`reference_table`,`name`,`reference_key_value`);

--
-- Indexes for table `block_cache`
--
ALTER TABLE `block_cache`
  ADD UNIQUE KEY `block_id` (`block_id`,`session_id`);

--
-- Indexes for table `block_content`
--
ALTER TABLE `block_content`
  ADD PRIMARY KEY (`block_content_id`);

--
-- Indexes for table `bom_commonbom_line`
--
ALTER TABLE `bom_commonbom_line`
  ADD PRIMARY KEY (`bom_commonbom_line_id`),
  ADD UNIQUE KEY `bom_header_id` (`bom_header_id`,`bom_line_id`);

--
-- Indexes for table `bom_config_header`
--
ALTER TABLE `bom_config_header`
  ADD PRIMARY KEY (`bom_config_header_id`),
  ADD UNIQUE KEY `item_id_m` (`item_id_m`,`reference_key_name`,`reference_key_value`);

--
-- Indexes for table `bom_config_line`
--
ALTER TABLE `bom_config_line`
  ADD PRIMARY KEY (`bom_config_line_id`),
  ADD UNIQUE KEY `bom_header_id` (`bom_config_header_id`,`bom_sequence`),
  ADD UNIQUE KEY `bom_header_id_2` (`bom_config_header_id`,`routing_sequence`,`component_item_id_m`);

--
-- Indexes for table `bom_cost_type`
--
ALTER TABLE `bom_cost_type`
  ADD PRIMARY KEY (`bom_cost_type_id`),
  ADD UNIQUE KEY `cost_type` (`cost_type`,`org_id`),
  ADD UNIQUE KEY `cost_type_code` (`cost_type_code`);

--
-- Indexes for table `bom_department`
--
ALTER TABLE `bom_department`
  ADD PRIMARY KEY (`bom_department_id`),
  ADD UNIQUE KEY `overhead` (`department`,`org_id`);

--
-- Indexes for table `bom_dept_res_assignment`
--
ALTER TABLE `bom_dept_res_assignment`
  ADD PRIMARY KEY (`bom_dept_res_assignment_id`);

--
-- Indexes for table `bom_header`
--
ALTER TABLE `bom_header`
  ADD PRIMARY KEY (`bom_header_id`),
  ADD UNIQUE KEY `item_id` (`item_id_m`,`org_id`),
  ADD UNIQUE KEY `item_id_2` (`item_id_m`,`alternate_bom`);

--
-- Indexes for table `bom_line`
--
ALTER TABLE `bom_line`
  ADD PRIMARY KEY (`bom_line_id`),
  ADD UNIQUE KEY `bom_header_id` (`bom_header_id`,`bom_sequence`),
  ADD UNIQUE KEY `bom_header_id_2` (`bom_header_id`,`routing_sequence`,`component_item_id_m`);

--
-- Indexes for table `bom_material_element`
--
ALTER TABLE `bom_material_element`
  ADD PRIMARY KEY (`bom_material_element_id`),
  ADD UNIQUE KEY `cost_type` (`material_element`,`org_id`);

--
-- Indexes for table `bom_oh_rate_assignment`
--
ALTER TABLE `bom_oh_rate_assignment`
  ADD PRIMARY KEY (`bom_oh_rate_assignment_id`),
  ADD UNIQUE KEY `bom_overhead_id` (`bom_overhead_id`,`bom_cost_type`);

--
-- Indexes for table `bom_oh_res_assignment`
--
ALTER TABLE `bom_oh_res_assignment`
  ADD PRIMARY KEY (`bom_oh_res_assignment_id`),
  ADD UNIQUE KEY `bom_overhead_id` (`bom_overhead_id`,`bom_cost_type`,`resource_id`);

--
-- Indexes for table `bom_overhead`
--
ALTER TABLE `bom_overhead`
  ADD PRIMARY KEY (`bom_overhead_id`),
  ADD UNIQUE KEY `overhead` (`overhead`,`org_id`);

--
-- Indexes for table `bom_resource`
--
ALTER TABLE `bom_resource`
  ADD PRIMARY KEY (`bom_resource_id`),
  ADD UNIQUE KEY `item_id` (`resource`,`org_id`),
  ADD UNIQUE KEY `item_id_2` (`resource`,`description`);

--
-- Indexes for table `bom_resource_cost`
--
ALTER TABLE `bom_resource_cost`
  ADD PRIMARY KEY (`bom_resource_cost_id`);

--
-- Indexes for table `bom_routing_detail`
--
ALTER TABLE `bom_routing_detail`
  ADD PRIMARY KEY (`bom_routing_detail_id`);

--
-- Indexes for table `bom_routing_header`
--
ALTER TABLE `bom_routing_header`
  ADD PRIMARY KEY (`bom_routing_header_id`),
  ADD UNIQUE KEY `item_id` (`item_id_m`,`org_id`),
  ADD UNIQUE KEY `item_id_2` (`item_id_m`,`alternate_routing`);

--
-- Indexes for table `bom_routing_line`
--
ALTER TABLE `bom_routing_line`
  ADD PRIMARY KEY (`bom_routing_line_id`),
  ADD UNIQUE KEY `bom_header_id` (`bom_routing_header_id`,`routing_sequence`),
  ADD UNIQUE KEY `bom_header_id_2` (`bom_routing_header_id`,`department_id`,`description`);

--
-- Indexes for table `bom_standard_operation`
--
ALTER TABLE `bom_standard_operation`
  ADD PRIMARY KEY (`bom_standard_operation_id`);

--
-- Indexes for table `bom_stnd_op_res_assignment`
--
ALTER TABLE `bom_stnd_op_res_assignment`
  ADD PRIMARY KEY (`bom_stnd_op_res_assignment_id`);

--
-- Indexes for table `business`
--
ALTER TABLE `business`
  ADD PRIMARY KEY (`business_id`),
  ADD UNIQUE KEY `org_id` (`org_id`);

--
-- Indexes for table `category`
--
ALTER TABLE `category`
  ADD PRIMARY KEY (`category_id`),
  ADD UNIQUE KEY `parent_id` (`parent_id`,`category`);

--
-- Indexes for table `category_reference`
--
ALTER TABLE `category_reference`
  ADD PRIMARY KEY (`category_reference_id`),
  ADD UNIQUE KEY `category_id` (`category_id`,`reference_type`,`reference_table`,`reference_id`);

--
-- Indexes for table `cc_co_header`
--
ALTER TABLE `cc_co_header`
  ADD PRIMARY KEY (`cc_co_header_id`),
  ADD UNIQUE KEY `release_number` (`security_level`,`change_type`),
  ADD UNIQUE KEY `po_header_id` (`cc_co_header_id`,`security_level`);

--
-- Indexes for table `cc_co_line`
--
ALTER TABLE `cc_co_line`
  ADD PRIMARY KEY (`cc_co_line_id`),
  ADD UNIQUE KEY `po_header_id` (`cc_co_header_id`,`item_description`);

--
-- Indexes for table `cc_co_line_value`
--
ALTER TABLE `cc_co_line_value`
  ADD PRIMARY KEY (`cc_co_line_value_id`),
  ADD UNIQUE KEY `cc_co_line_id` (`cc_co_line_id`,`cc_co_template_line_id`);

--
-- Indexes for table `cc_co_pflow_action_value`
--
ALTER TABLE `cc_co_pflow_action_value`
  ADD PRIMARY KEY (`cc_co_pflow_action_value_id`),
  ADD UNIQUE KEY `document_type_name` (`sys_process_flow_action_id`,`comment`);

--
-- Indexes for table `cc_co_process_flow_action`
--
ALTER TABLE `cc_co_process_flow_action`
  ADD PRIMARY KEY (`cc_co_process_flow_action_id`),
  ADD UNIQUE KEY `document_type_name` (`cc_co_header_id`,`role_code`),
  ADD UNIQUE KEY `sys_process_flow_line_id` (`cc_co_header_id`,`role_code`),
  ADD UNIQUE KEY `sys_process_flow_line_id_2` (`cc_co_header_id`,`user_id`);

--
-- Indexes for table `cc_co_template_header`
--
ALTER TABLE `cc_co_template_header`
  ADD PRIMARY KEY (`cc_co_template_header_id`),
  ADD UNIQUE KEY `po_header_id` (`template_name`,`description`);

--
-- Indexes for table `cc_co_template_line`
--
ALTER TABLE `cc_co_template_line`
  ADD PRIMARY KEY (`cc_co_template_line_id`),
  ADD UNIQUE KEY `sys_extra_field_id` (`cc_co_template_header_id`,`field_name`);

--
-- Indexes for table `coa`
--
ALTER TABLE `coa`
  ADD PRIMARY KEY (`coa_id`),
  ADD UNIQUE KEY `value` (`coa_name`);

--
-- Indexes for table `coa_combination`
--
ALTER TABLE `coa_combination`
  ADD PRIMARY KEY (`coa_combination_id`),
  ADD UNIQUE KEY `combination` (`combination`),
  ADD KEY `coa_id` (`coa_id`),
  ADD KEY `balancing` (`field1`),
  ADD KEY `cost_center` (`field2`),
  ADD KEY `natural_account` (`field3`),
  ADD KEY `inter_company` (`field4`),
  ADD KEY `segment1` (`field5`),
  ADD KEY `segment2` (`field6`),
  ADD KEY `segment3` (`field7`),
  ADD KEY `segment4` (`field8`);

--
-- Indexes for table `coa_combination_1`
--
ALTER TABLE `coa_combination_1`
  ADD PRIMARY KEY (`coa_combination_id`),
  ADD UNIQUE KEY `combination` (`combination`),
  ADD KEY `coa_id` (`coa_id`),
  ADD KEY `balancing` (`field1`),
  ADD KEY `cost_center` (`field2`),
  ADD KEY `natural_account` (`field3`),
  ADD KEY `inter_company` (`field4`),
  ADD KEY `segment1` (`field5`),
  ADD KEY `segment2` (`field6`),
  ADD KEY `segment3` (`field7`),
  ADD KEY `segment4` (`field8`);

--
-- Indexes for table `coa_segment_values`
--
ALTER TABLE `coa_segment_values`
  ADD PRIMARY KEY (`coa_segment_values_id`),
  ADD KEY `coa_id` (`coa_id`),
  ADD KEY `coa_segments` (`coa_segments`),
  ADD KEY `coa_segment_values_id` (`coa_segment_values_id`);

--
-- Indexes for table `common_bom_line`
--
ALTER TABLE `common_bom_line`
  ADD PRIMARY KEY (`bom_line_id`),
  ADD UNIQUE KEY `bom_header_id` (`bom_header_id`,`bom_sequence`),
  ADD UNIQUE KEY `bom_header_id_2` (`bom_header_id`,`routing_sequence`,`component_item_id_m`);

--
-- Indexes for table `content`
--
ALTER TABLE `content`
  ADD PRIMARY KEY (`content_id`);
ALTER TABLE `content` ADD FULLTEXT KEY `subject` (`subject`);

--
-- Indexes for table `content_type`
--
ALTER TABLE `content_type`
  ADD PRIMARY KEY (`content_type_id`),
  ADD UNIQUE KEY `content_type` (`content_type`);
ALTER TABLE `content_type` ADD FULLTEXT KEY `content` (`content_label`);
ALTER TABLE `content_type` ADD FULLTEXT KEY `subject` (`subject_label`);

--
-- Indexes for table `content_type_reference`
--
ALTER TABLE `content_type_reference`
  ADD PRIMARY KEY (`content_type_reference_id`),
  ADD UNIQUE KEY `field_name` (`content_type_id`,`field_name`);

--
-- Indexes for table `cst_item_cost_header`
--
ALTER TABLE `cst_item_cost_header`
  ADD PRIMARY KEY (`cst_item_cost_header_id`),
  ADD UNIQUE KEY `bom_cost_type` (`bom_cost_type`,`org_id`,`item_id_m`);

--
-- Indexes for table `cst_item_cost_line`
--
ALTER TABLE `cst_item_cost_line`
  ADD PRIMARY KEY (`cst_item_cost_line_id`),
  ADD UNIQUE KEY `cst_item_cost_header_id_2` (`cst_item_cost_header_id`,`cost_element_type`,`cost_element_id`,`this_level_cb`);

--
-- Indexes for table `cst_item_cost_line_pre`
--
ALTER TABLE `cst_item_cost_line_pre`
  ADD PRIMARY KEY (`cst_item_cost_line_pre_id`);

--
-- Indexes for table `c_article`
--
ALTER TABLE `c_article`
  ADD PRIMARY KEY (`content_id`);

--
-- Indexes for table `c_collections`
--
ALTER TABLE `c_collections`
  ADD PRIMARY KEY (`content_id`);

--
-- Indexes for table `c_content`
--
ALTER TABLE `c_content`
  ADD PRIMARY KEY (`content_id`);

--
-- Indexes for table `c_dataentity`
--
ALTER TABLE `c_dataentity`
  ADD PRIMARY KEY (`content_id`);

--
-- Indexes for table `c_documentation`
--
ALTER TABLE `c_documentation`
  ADD PRIMARY KEY (`content_id`);

--
-- Indexes for table `c_forum`
--
ALTER TABLE `c_forum`
  ADD PRIMARY KEY (`content_id`);

--
-- Indexes for table `c_issue`
--
ALTER TABLE `c_issue`
  ADD PRIMARY KEY (`content_id`);

--
-- Indexes for table `ec_cart`
--
ALTER TABLE `ec_cart`
  ADD PRIMARY KEY (`ec_cart_id`),
  ADD UNIQUE KEY `ec_product_id` (`ec_product_id`,`user_id`);

--
-- Indexes for table `ec_control`
--
ALTER TABLE `ec_control`
  ADD UNIQUE KEY `name` (`site_name`);

--
-- Indexes for table `ec_paid_order`
--
ALTER TABLE `ec_paid_order`
  ADD PRIMARY KEY (`ec_paid_order_id`),
  ADD UNIQUE KEY `service_provider` (`service_provider`,`sp_transaction_id`);

--
-- Indexes for table `ec_payment_method`
--
ALTER TABLE `ec_payment_method`
  ADD PRIMARY KEY (`ec_payment_method_id`),
  ADD UNIQUE KEY `item_id_m` (`type`,`username`);

--
-- Indexes for table `ec_product`
--
ALTER TABLE `ec_product`
  ADD PRIMARY KEY (`ec_product_id`),
  ADD UNIQUE KEY `item_id_m` (`item_id_m`,`product_name`);

--
-- Indexes for table `ef_f_wavelength`
--
ALTER TABLE `ef_f_wavelength`
  ADD PRIMARY KEY (`ef_f_wavelength_id`),
  ADD UNIQUE KEY `extra_field_value` (`ef_f_wavelength_value`,`reference_key_name`,`reference_key_value`);

--
-- Indexes for table `ef_grade`
--
ALTER TABLE `ef_grade`
  ADD PRIMARY KEY (`ef_grade_id`),
  ADD UNIQUE KEY `extra_field_value` (`ef_grade_value`,`reference_key_name`,`reference_key_value`);

--
-- Indexes for table `ef_length`
--
ALTER TABLE `ef_length`
  ADD PRIMARY KEY (`ef_length_id`),
  ADD UNIQUE KEY `extra_field_value` (`ef_length_value`,`reference_key_name`,`reference_key_value`);

--
-- Indexes for table `ef_per_master_file`
--
ALTER TABLE `ef_per_master_file`
  ADD PRIMARY KEY (`ef_per_master_file_id`),
  ADD UNIQUE KEY `extra_field_value` (`ef_per_master_file_value`,`reference_key_name`,`reference_key_value`);

--
-- Indexes for table `ef_power_cable`
--
ALTER TABLE `ef_power_cable`
  ADD PRIMARY KEY (`ef_power_cable_id`),
  ADD UNIQUE KEY `extra_field_value` (`ef_power_cable_value`,`reference_key_name`,`reference_key_value`);

--
-- Indexes for table `ef_serial_status`
--
ALTER TABLE `ef_serial_status`
  ADD PRIMARY KEY (`ef_serial_status_id`),
  ADD UNIQUE KEY `extra_field_value` (`ef_serial_status_value`,`reference_key_name`,`reference_key_value`);

--
-- Indexes for table `engine`
--
ALTER TABLE `engine`
  ADD PRIMARY KEY (`engine_id`),
  ADD UNIQUE KEY `reference_table` (`obj_class_name`,`type`),
  ADD UNIQUE KEY `number` (`number`);

--
-- Indexes for table `enterprise`
--
ALTER TABLE `enterprise`
  ADD PRIMARY KEY (`enterprise_id`),
  ADD UNIQUE KEY `org_id` (`org_id`);

--
-- Indexes for table `extn_comment`
--
ALTER TABLE `extn_comment`
  ADD PRIMARY KEY (`extn_comment_id`);
ALTER TABLE `extn_comment` ADD FULLTEXT KEY `content` (`extn_comment`);
ALTER TABLE `extn_comment` ADD FULLTEXT KEY `subject` (`subject`);

--
-- Indexes for table `extn_contact`
--
ALTER TABLE `extn_contact`
  ADD PRIMARY KEY (`extn_contact_id`),
  ADD UNIQUE KEY `job_code` (`contact_name`),
  ADD UNIQUE KEY `job_code_2` (`contact_name`),
  ADD UNIQUE KEY `job_name` (`last_name`),
  ADD UNIQUE KEY `job_name_2` (`last_name`);

--
-- Indexes for table `extn_contact_reference`
--
ALTER TABLE `extn_contact_reference`
  ADD PRIMARY KEY (`extn_contact_reference_id`),
  ADD UNIQUE KEY `category_id` (`status`,`reference_type`,`reference_table`,`reference_id`);

--
-- Indexes for table `extn_emessage_header`
--
ALTER TABLE `extn_emessage_header`
  ADD PRIMARY KEY (`extn_emessage_header_id`),
  ADD UNIQUE KEY `user_id_comb` (`user_id_comb`),
  ADD UNIQUE KEY `user_id` (`user_id`,`from_user_id`);

--
-- Indexes for table `extn_emessage_line`
--
ALTER TABLE `extn_emessage_line`
  ADD PRIMARY KEY (`extn_emessage_line_id`);

--
-- Indexes for table `extn_file`
--
ALTER TABLE `extn_file`
  ADD PRIMARY KEY (`extn_file_id`);

--
-- Indexes for table `extn_image`
--
ALTER TABLE `extn_image`
  ADD PRIMARY KEY (`extn_image_id`);

--
-- Indexes for table `extn_image_reference`
--
ALTER TABLE `extn_image_reference`
  ADD PRIMARY KEY (`extn_image_reference_id`);

--
-- Indexes for table `extn_menu_header`
--
ALTER TABLE `extn_menu_header`
  ADD PRIMARY KEY (`extn_menu_header_id`);

--
-- Indexes for table `extn_menu_line`
--
ALTER TABLE `extn_menu_line`
  ADD PRIMARY KEY (`extn_menu_line_id`),
  ADD UNIQUE KEY `extn_menu_header_id` (`extn_menu_header_id`,`link_name`);

--
-- Indexes for table `extn_rating_control`
--
ALTER TABLE `extn_rating_control`
  ADD PRIMARY KEY (`pos_inv_control_id`);

--
-- Indexes for table `extn_rating_values`
--
ALTER TABLE `extn_rating_values`
  ADD PRIMARY KEY (`extn_rating_values_id`);

--
-- Indexes for table `extn_report`
--
ALTER TABLE `extn_report`
  ADD PRIMARY KEY (`extn_report_id`),
  ADD UNIQUE KEY `name` (`report_name`);

--
-- Indexes for table `extn_report_path`
--
ALTER TABLE `extn_report_path`
  ADD PRIMARY KEY (`extn_report_path_id`),
  ADD UNIQUE KEY `view_id` (`extn_report_id`,`column_name`);

--
-- Indexes for table `extn_social_login`
--
ALTER TABLE `extn_social_login`
  ADD PRIMARY KEY (`extn_social_login_id`),
  ADD UNIQUE KEY `name` (`enabled_cb`,`slid`);

--
-- Indexes for table `extn_subscribe`
--
ALTER TABLE `extn_subscribe`
  ADD PRIMARY KEY (`extn_subscribe_id`),
  ADD UNIQUE KEY `reference_key_name` (`reference_key_name`,`reference_key_value`,`user_email`);

--
-- Indexes for table `extn_theme`
--
ALTER TABLE `extn_theme`
  ADD PRIMARY KEY (`extn_theme_id`),
  ADD UNIQUE KEY `theme_name` (`theme_name`);

--
-- Indexes for table `extn_uprofile`
--
ALTER TABLE `extn_uprofile`
  ADD PRIMARY KEY (`extn_uprofile_id`);

--
-- Indexes for table `extn_view`
--
ALTER TABLE `extn_view`
  ADD PRIMARY KEY (`view_id`),
  ADD UNIQUE KEY `name` (`view_name`);

--
-- Indexes for table `extn_web_tracking`
--
ALTER TABLE `extn_web_tracking`
  ADD PRIMARY KEY (`extn_web_tracking_id`),
  ADD UNIQUE KEY `name` (`referrer`);

--
-- Indexes for table `extra_field_calculated_power`
--
ALTER TABLE `extra_field_calculated_power`
  ADD PRIMARY KEY (`extra_field_calculated_power_id`),
  ADD UNIQUE KEY `extra_field_value` (`extra_field_calculated_power_value`,`reference_key_name`,`reference_key_value`);

--
-- Indexes for table `ext_test_case_header`
--
ALTER TABLE `ext_test_case_header`
  ADD PRIMARY KEY (`ext_test_case_header_id`),
  ADD UNIQUE KEY `module_name` (`module_name`,`name`);

--
-- Indexes for table `ext_test_case_line`
--
ALTER TABLE `ext_test_case_line`
  ADD PRIMARY KEY (`ext_test_case_line_id`),
  ADD UNIQUE KEY `module_name` (`ext_test_case_header_id`,`line_number`);

--
-- Indexes for table `ext_url_alias`
--
ALTER TABLE `ext_url_alias`
  ADD PRIMARY KEY (`ext_url_alias_id`),
  ADD UNIQUE KEY `original_url` (`original_url`),
  ADD UNIQUE KEY `alias` (`alias`);

--
-- Indexes for table `fa_asset`
--
ALTER TABLE `fa_asset`
  ADD PRIMARY KEY (`fa_asset_id`),
  ADD UNIQUE KEY `asset_number` (`asset_number`),
  ADD UNIQUE KEY `tag_number` (`tag_number`),
  ADD UNIQUE KEY `asset_number_2` (`asset_number`,`serial_number`);

--
-- Indexes for table `fa_asset_assignment`
--
ALTER TABLE `fa_asset_assignment`
  ADD PRIMARY KEY (`fa_asset_assignment_id`);

--
-- Indexes for table `fa_asset_book`
--
ALTER TABLE `fa_asset_book`
  ADD PRIMARY KEY (`fa_asset_book_id`),
  ADD UNIQUE KEY `asset_book_name` (`asset_book_name`);

--
-- Indexes for table `fa_asset_book_info`
--
ALTER TABLE `fa_asset_book_info`
  ADD PRIMARY KEY (`fa_asset_book_info_id`),
  ADD UNIQUE KEY `fa_asset_book_id` (`fa_asset_book_id`,`fa_asset_id`);

--
-- Indexes for table `fa_asset_category`
--
ALTER TABLE `fa_asset_category`
  ADD PRIMARY KEY (`fa_asset_category_id`),
  ADD UNIQUE KEY `name` (`type`),
  ADD UNIQUE KEY `address` (`type`),
  ADD UNIQUE KEY `address_name` (`type`);

--
-- Indexes for table `fa_asset_component`
--
ALTER TABLE `fa_asset_component`
  ADD PRIMARY KEY (`fa_asset_component_id`),
  ADD UNIQUE KEY `fa_asset_book_id` (`fa_asset_id`,`reference2`);

--
-- Indexes for table `fa_asset_retirement`
--
ALTER TABLE `fa_asset_retirement`
  ADD PRIMARY KEY (`fa_asset_retirement_id`),
  ADD UNIQUE KEY `fa_asset_book_id` (`fa_asset_id`,`retired_cost`);

--
-- Indexes for table `fa_asset_source`
--
ALTER TABLE `fa_asset_source`
  ADD PRIMARY KEY (`fa_asset_source_id`),
  ADD UNIQUE KEY `fa_asset_book_id` (`fa_asset_id`,`ap_transaction_line_id`);

--
-- Indexes for table `fa_asset_transaction`
--
ALTER TABLE `fa_asset_transaction`
  ADD PRIMARY KEY (`fa_asset_transaction_id`);

--
-- Indexes for table `fa_book_category_assoc`
--
ALTER TABLE `fa_book_category_assoc`
  ADD PRIMARY KEY (`fa_book_category_assoc_id`),
  ADD UNIQUE KEY `fa_asset_category_id` (`fa_asset_category_id`,`fa_asset_book_id`);

--
-- Indexes for table `fa_depreciation_header`
--
ALTER TABLE `fa_depreciation_header`
  ADD PRIMARY KEY (`fa_depreciation_header_id`),
  ADD UNIQUE KEY `fa_asset_book_id` (`fa_asset_book_id`,`gl_period_id`);

--
-- Indexes for table `fa_depreciation_line`
--
ALTER TABLE `fa_depreciation_line`
  ADD PRIMARY KEY (`fa_depreciation_line_id`),
  ADD UNIQUE KEY `fa_depreciation_header_id` (`fa_depreciation_header_id`,`asset_id`);

--
-- Indexes for table `fa_depreciation_method`
--
ALTER TABLE `fa_depreciation_method`
  ADD PRIMARY KEY (`fa_depreciation_method_id`),
  ADD UNIQUE KEY `depreciation_method` (`depreciation_method`);

--
-- Indexes for table `fa_depreciation_method_rate`
--
ALTER TABLE `fa_depreciation_method_rate`
  ADD PRIMARY KEY (`fa_depreciation_method_rate_id`),
  ADD UNIQUE KEY `fa_depreciation_method_id` (`fa_depreciation_method_id`,`year`,`period`);

--
-- Indexes for table `file_reference`
--
ALTER TABLE `file_reference`
  ADD PRIMARY KEY (`file_reference_id`);

--
-- Indexes for table `form`
--
ALTER TABLE `form`
  ADD PRIMARY KEY (`form_id`);

--
-- Indexes for table `fp_forecast_consumption`
--
ALTER TABLE `fp_forecast_consumption`
  ADD PRIMARY KEY (`fp_forecast_consumption_id`);

--
-- Indexes for table `fp_forecast_group`
--
ALTER TABLE `fp_forecast_group`
  ADD PRIMARY KEY (`fp_forecast_group_id`);

--
-- Indexes for table `fp_forecast_header`
--
ALTER TABLE `fp_forecast_header`
  ADD PRIMARY KEY (`fp_forecast_header_id`),
  ADD UNIQUE KEY `org_id` (`org_id`,`forecast`);

--
-- Indexes for table `fp_forecast_line`
--
ALTER TABLE `fp_forecast_line`
  ADD PRIMARY KEY (`fp_forecast_line_id`);

--
-- Indexes for table `fp_forecast_line_date`
--
ALTER TABLE `fp_forecast_line_date`
  ADD PRIMARY KEY (`fp_forecast_line_date_id`),
  ADD UNIQUE KEY `fp_forecast_line_id` (`fp_forecast_line_id`,`forecast_date`);

--
-- Indexes for table `fp_kanban_demand`
--
ALTER TABLE `fp_kanban_demand`
  ADD PRIMARY KEY (`fp_kanban_demand_id`);

--
-- Indexes for table `fp_kanban_header`
--
ALTER TABLE `fp_kanban_header`
  ADD PRIMARY KEY (`fp_kanban_header_id`),
  ADD UNIQUE KEY `org_id` (`org_id`,`item_id_m`,`subinventory_id`);

--
-- Indexes for table `fp_kanban_line`
--
ALTER TABLE `fp_kanban_line`
  ADD PRIMARY KEY (`fp_kanban_line_id`),
  ADD UNIQUE KEY `card_number` (`card_number`);

--
-- Indexes for table `fp_kanban_planner_header`
--
ALTER TABLE `fp_kanban_planner_header`
  ADD PRIMARY KEY (`fp_kanban_planner_header_id`),
  ADD UNIQUE KEY `org_id` (`org_id`,`plan_name`);

--
-- Indexes for table `fp_kanban_release`
--
ALTER TABLE `fp_kanban_release`
  ADD PRIMARY KEY (`fp_kanban_release_id`);

--
-- Indexes for table `fp_mds_header`
--
ALTER TABLE `fp_mds_header`
  ADD PRIMARY KEY (`fp_mds_header_id`),
  ADD UNIQUE KEY `org_id` (`org_id`,`mds_name`);

--
-- Indexes for table `fp_mds_line`
--
ALTER TABLE `fp_mds_line`
  ADD PRIMARY KEY (`fp_mds_line_id`);

--
-- Indexes for table `fp_minmax_demand`
--
ALTER TABLE `fp_minmax_demand`
  ADD PRIMARY KEY (`fp_minmax_demand_id`);

--
-- Indexes for table `fp_minmax_header`
--
ALTER TABLE `fp_minmax_header`
  ADD PRIMARY KEY (`fp_minmax_header_id`),
  ADD UNIQUE KEY `org_id` (`org_id`,`plan_name`),
  ADD UNIQUE KEY `org_id_2` (`org_id`,`plan_name`);

--
-- Indexes for table `fp_minmax_line`
--
ALTER TABLE `fp_minmax_line`
  ADD PRIMARY KEY (`fp_minmax_line_id`),
  ADD UNIQUE KEY `fp_mrp_header_id` (`fp_minmax_header_id`,`item_id_m`);

--
-- Indexes for table `fp_mrp_demand`
--
ALTER TABLE `fp_mrp_demand`
  ADD PRIMARY KEY (`fp_mrp_demand_id`);

--
-- Indexes for table `fp_mrp_exception`
--
ALTER TABLE `fp_mrp_exception`
  ADD PRIMARY KEY (`fp_mrp_exception_id`);

--
-- Indexes for table `fp_mrp_header`
--
ALTER TABLE `fp_mrp_header`
  ADD PRIMARY KEY (`fp_mrp_header_id`),
  ADD UNIQUE KEY `org_id` (`org_id`,`mrp_name`);

--
-- Indexes for table `fp_mrp_lowlevel_code`
--
ALTER TABLE `fp_mrp_lowlevel_code`
  ADD PRIMARY KEY (`fp_mrp_lowlevel_code_id`),
  ADD UNIQUE KEY `item_id` (`item_id_m`);

--
-- Indexes for table `fp_mrp_planned_order`
--
ALTER TABLE `fp_mrp_planned_order`
  ADD PRIMARY KEY (`fp_mrp_planned_order_id`);

--
-- Indexes for table `fp_mrp_supply`
--
ALTER TABLE `fp_mrp_supply`
  ADD PRIMARY KEY (`fp_mrp_supply_id`);

--
-- Indexes for table `fp_planning_control`
--
ALTER TABLE `fp_planning_control`
  ADD PRIMARY KEY (`fp_planning_control_id`);

--
-- Indexes for table `fp_source_list_header`
--
ALTER TABLE `fp_source_list_header`
  ADD PRIMARY KEY (`fp_source_list_header_id`),
  ADD UNIQUE KEY `org_id` (`org_id`,`source_list`);

--
-- Indexes for table `fp_source_list_line`
--
ALTER TABLE `fp_source_list_line`
  ADD PRIMARY KEY (`fp_source_list_line_id`);

--
-- Indexes for table `fp_urgent_card`
--
ALTER TABLE `fp_urgent_card`
  ADD PRIMARY KEY (`fp_urgent_card_id`);

--
-- Indexes for table `gl_balance`
--
ALTER TABLE `gl_balance`
  ADD PRIMARY KEY (`gl_balance_id`),
  ADD UNIQUE KEY `begin_balance_dr` (`coa_combination_id`,`balance_type`,`begin_balance_dr`,`period_id`),
  ADD UNIQUE KEY `begin_balance_cr` (`period_id`,`coa_combination_id`,`balance_type`,`begin_balance_cr`),
  ADD UNIQUE KEY `period_net_cr` (`period_id`,`coa_combination_id`,`balance_type`,`period_net_cr`),
  ADD UNIQUE KEY `period_net_dr` (`period_id`,`coa_combination_id`,`balance_type`,`period_net_dr`);

--
-- Indexes for table `gl_calendar`
--
ALTER TABLE `gl_calendar`
  ADD PRIMARY KEY (`gl_calendar_id`),
  ADD UNIQUE KEY `option_line_code` (`option_line_code`,`name`),
  ADD UNIQUE KEY `option_line_code_2` (`option_line_code`,`c_year`,`c_number`);

--
-- Indexes for table `gl_currency_conversion`
--
ALTER TABLE `gl_currency_conversion`
  ADD PRIMARY KEY (`gl_currency_conversion_id`),
  ADD UNIQUE KEY `currency_conversion_type` (`currency_conversion_type`,`from_date`,`from_currency`,`to_currency`);

--
-- Indexes for table `gl_journal_header`
--
ALTER TABLE `gl_journal_header`
  ADD PRIMARY KEY (`gl_journal_header_id`),
  ADD UNIQUE KEY `ledger_id` (`ledger_id`,`period_id`,`reference_type`,`reference_key_name`,`reference_key_value`);

--
-- Indexes for table `gl_journal_interface`
--
ALTER TABLE `gl_journal_interface`
  ADD PRIMARY KEY (`gl_journal_interface_id`),
  ADD UNIQUE KEY `ledger_id` (`ledger_id`,`document_date`,`line_reference_key_name`,`line_reference_key_value`);

--
-- Indexes for table `gl_journal_line`
--
ALTER TABLE `gl_journal_line`
  ADD PRIMARY KEY (`gl_journal_line_id`),
  ADD UNIQUE KEY `gl_journal_header_id` (`gl_journal_header_id`,`line_num`);

--
-- Indexes for table `gl_ledger`
--
ALTER TABLE `gl_ledger`
  ADD PRIMARY KEY (`gl_ledger_id`);

--
-- Indexes for table `gl_ledger_balancing_values`
--
ALTER TABLE `gl_ledger_balancing_values`
  ADD PRIMARY KEY (`gl_ledger_balancing_values_id`);

--
-- Indexes for table `gl_period`
--
ALTER TABLE `gl_period`
  ADD PRIMARY KEY (`gl_period_id`),
  ADD UNIQUE KEY `gl_calendar_id` (`gl_calendar_id`,`ledger_id`);

--
-- Indexes for table `hd_change_request`
--
ALTER TABLE `hd_change_request`
  ADD PRIMARY KEY (`hd_change_request_id`);

--
-- Indexes for table `hd_repair_type_line`
--
ALTER TABLE `hd_repair_type_line`
  ADD PRIMARY KEY (`hd_service_activity_line_id`),
  ADD UNIQUE KEY `sd_so_header_id_2` (`hd_service_activity_header_id`,`bu_org_id`),
  ADD UNIQUE KEY `sd_so_header_id` (`hd_service_activity_header_id`,`line_type_id`);

--
-- Indexes for table `hd_sbp_header`
--
ALTER TABLE `hd_sbp_header`
  ADD PRIMARY KEY (`hd_sbp_header_id`),
  ADD UNIQUE KEY `customer_number` (`business_process`),
  ADD UNIQUE KEY `customer_name` (`description`);

--
-- Indexes for table `hd_sbp_line`
--
ALTER TABLE `hd_sbp_line`
  ADD PRIMARY KEY (`hd_sbp_line_id`),
  ADD UNIQUE KEY `hd_sbp_header_id` (`hd_sbp_header_id`,`hd_service_activity_header_id`);

--
-- Indexes for table `hd_service_activity_header`
--
ALTER TABLE `hd_service_activity_header`
  ADD PRIMARY KEY (`hd_service_activity_header_id`);

--
-- Indexes for table `hd_service_activity_line`
--
ALTER TABLE `hd_service_activity_line`
  ADD PRIMARY KEY (`hd_service_activity_line_id`),
  ADD UNIQUE KEY `sd_so_header_id_2` (`hd_service_activity_header_id`,`bu_org_id`),
  ADD UNIQUE KEY `sd_so_header_id` (`hd_service_activity_header_id`,`line_type_id`);

--
-- Indexes for table `hd_service_contract_detail`
--
ALTER TABLE `hd_service_contract_detail`
  ADD PRIMARY KEY (`hd_service_contract_detail_id`);

--
-- Indexes for table `hd_service_contract_header`
--
ALTER TABLE `hd_service_contract_header`
  ADD PRIMARY KEY (`hd_service_contract_header_id`),
  ADD UNIQUE KEY `transaction_number` (`version`);

--
-- Indexes for table `hd_service_contract_line`
--
ALTER TABLE `hd_service_contract_line`
  ADD PRIMARY KEY (`hd_service_contract_line_id`),
  ADD UNIQUE KEY `ap_transaction_header_id` (`hd_service_contract_header_id`,`line_number`);

--
-- Indexes for table `hd_service_contract_schedule`
--
ALTER TABLE `hd_service_contract_schedule`
  ADD PRIMARY KEY (`hd_service_contract_schedule_id`);

--
-- Indexes for table `hd_service_request`
--
ALTER TABLE `hd_service_request`
  ADD PRIMARY KEY (`hd_service_request_id`);

--
-- Indexes for table `hd_service_type_header`
--
ALTER TABLE `hd_service_type_header`
  ADD PRIMARY KEY (`hd_service_type_header_id`);

--
-- Indexes for table `hd_service_type_line`
--
ALTER TABLE `hd_service_type_line`
  ADD PRIMARY KEY (`hd_service_type_line_id`),
  ADD UNIQUE KEY `hd_service_type_header_id` (`hd_service_type_header_id`,`billing_type`);

--
-- Indexes for table `hd_subscription_detail`
--
ALTER TABLE `hd_subscription_detail`
  ADD PRIMARY KEY (`hd_subscription_detail_id`),
  ADD UNIQUE KEY `hd_subscription_line_id` (`hd_subscription_line_id`,`member_name`);

--
-- Indexes for table `hd_subscription_header`
--
ALTER TABLE `hd_subscription_header`
  ADD PRIMARY KEY (`hd_subscription_header_id`),
  ADD UNIQUE KEY `order_reference_table` (`mobile_phone2`,`fax_no`);

--
-- Indexes for table `hd_subscription_line`
--
ALTER TABLE `hd_subscription_line`
  ADD PRIMARY KEY (`hd_subscription_line_id`),
  ADD UNIQUE KEY `hd_subscription_header_id` (`hd_subscription_header_id`,`item_id_m`,`line_type`);

--
-- Indexes for table `hd_support_request`
--
ALTER TABLE `hd_support_request`
  ADD PRIMARY KEY (`hd_support_request_id`);

--
-- Indexes for table `hd_svo_actuals`
--
ALTER TABLE `hd_svo_actuals`
  ADD PRIMARY KEY (`hd_svo_actuals_id`),
  ADD UNIQUE KEY `hd_svo_header_id` (`hd_svo_header_id`,`source`,`wip_wo_header_id`),
  ADD UNIQUE KEY `hd_svo_header_id_2` (`hd_svo_header_id`,`hd_svo_estimates_id`);

--
-- Indexes for table `hd_svo_estimates`
--
ALTER TABLE `hd_svo_estimates`
  ADD PRIMARY KEY (`hd_svo_estimates_id`),
  ADD UNIQUE KEY `sd_so_header_id_2` (`hd_svo_header_id`),
  ADD UNIQUE KEY `sd_so_header_id` (`hd_svo_header_id`,`billing_source`);

--
-- Indexes for table `hd_svo_header`
--
ALTER TABLE `hd_svo_header`
  ADD PRIMARY KEY (`hd_svo_header_id`),
  ADD UNIQUE KEY `primary_sd_so_header_id` (`primary_sd_so_header_id`);

--
-- Indexes for table `hd_svo_line`
--
ALTER TABLE `hd_svo_line`
  ADD PRIMARY KEY (`hd_svo_line_id`),
  ADD UNIQUE KEY `sd_so_header_id_2` (`hd_svo_header_id`,`line_number`),
  ADD UNIQUE KEY `sd_so_header_id` (`hd_svo_header_id`,`hd_service_type_header_id`,`requested_date`);

--
-- Indexes for table `hd_task_type`
--
ALTER TABLE `hd_task_type`
  ADD PRIMARY KEY (`hd_task_type_id`),
  ADD UNIQUE KEY `org` (`task_type`);

--
-- Indexes for table `hr_approval_limit_assign`
--
ALTER TABLE `hr_approval_limit_assign`
  ADD PRIMARY KEY (`hr_approval_limit_assign_id`),
  ADD UNIQUE KEY `hr_approval_limit_header_id` (`hr_approval_limit_header_id`,`bu_org_id`,`job_id`,`document_type`);

--
-- Indexes for table `hr_approval_limit_header`
--
ALTER TABLE `hr_approval_limit_header`
  ADD PRIMARY KEY (`hr_approval_limit_header_id`),
  ADD UNIQUE KEY `element_name` (`limit_name`);

--
-- Indexes for table `hr_approval_limit_line`
--
ALTER TABLE `hr_approval_limit_line`
  ADD PRIMARY KEY (`hr_approval_limit_line_id`),
  ADD UNIQUE KEY `hr_approval_limit_header_id` (`hr_approval_limit_header_id`,`limit_object`);

--
-- Indexes for table `hr_approval_object`
--
ALTER TABLE `hr_approval_object`
  ADD PRIMARY KEY (`hr_approval_object_id`),
  ADD UNIQUE KEY `object_name` (`object_name`);

--
-- Indexes for table `hr_attendance`
--
ALTER TABLE `hr_attendance`
  ADD PRIMARY KEY (`hr_attendance_id`),
  ADD UNIQUE KEY `hr_employee_id` (`hr_employee_id`,`date`);

--
-- Indexes for table `hr_compensation_element`
--
ALTER TABLE `hr_compensation_element`
  ADD PRIMARY KEY (`hr_compensation_element_id`),
  ADD UNIQUE KEY `position_name_2` (`element_type`,`element_name`);

--
-- Indexes for table `hr_control`
--
ALTER TABLE `hr_control`
  ADD PRIMARY KEY (`hr_control_id`),
  ADD UNIQUE KEY `org` (`bu_org_id`);

--
-- Indexes for table `hr_element_entry_header`
--
ALTER TABLE `hr_element_entry_header`
  ADD PRIMARY KEY (`hr_element_entry_header_id`),
  ADD UNIQUE KEY `element_name` (`hr_employee_id`);

--
-- Indexes for table `hr_element_entry_line`
--
ALTER TABLE `hr_element_entry_line`
  ADD PRIMARY KEY (`hr_element_entry_line_id`),
  ADD UNIQUE KEY `hr_element_entry_header_id` (`hr_element_entry_header_id`,`element_id`);

--
-- Indexes for table `hr_element_entry_tpl_header`
--
ALTER TABLE `hr_element_entry_tpl_header`
  ADD PRIMARY KEY (`hr_element_entry_tpl_header_id`),
  ADD UNIQUE KEY `element_name` (`template_name`);

--
-- Indexes for table `hr_element_entry_tpl_line`
--
ALTER TABLE `hr_element_entry_tpl_line`
  ADD PRIMARY KEY (`hr_element_entry_tpl_line_id`),
  ADD UNIQUE KEY `hr_element_entry_tpl_header_id` (`hr_element_entry_tpl_header_id`,`element_id`);

--
-- Indexes for table `hr_element_history_header`
--
ALTER TABLE `hr_element_history_header`
  ADD PRIMARY KEY (`hr_element_history_header_id`),
  ADD UNIQUE KEY `hr_element_entry_header_id` (`hr_element_entry_header_id`,`archive_date`);

--
-- Indexes for table `hr_element_history_line`
--
ALTER TABLE `hr_element_history_line`
  ADD PRIMARY KEY (`hr_element_history_line_id`),
  ADD UNIQUE KEY `hr_element_entry_header_id` (`hr_element_history_header_id`,`element_id`);

--
-- Indexes for table `hr_employee`
--
ALTER TABLE `hr_employee`
  ADD PRIMARY KEY (`hr_employee_id`),
  ADD UNIQUE KEY `email` (`email`),
  ADD UNIQUE KEY `identification_id` (`identification_id`);

--
-- Indexes for table `hr_employee_education`
--
ALTER TABLE `hr_employee_education`
  ADD PRIMARY KEY (`hr_employee_education_id`),
  ADD UNIQUE KEY `employee_id` (`employee_id`,`degree_name`);

--
-- Indexes for table `hr_employee_experience`
--
ALTER TABLE `hr_employee_experience`
  ADD PRIMARY KEY (`hr_employee_experience_id`),
  ADD UNIQUE KEY `employee_id_2` (`employee_id`,`organization_name`,`designation`,`employee_number`);

--
-- Indexes for table `hr_employee_termination`
--
ALTER TABLE `hr_employee_termination`
  ADD PRIMARY KEY (`hr_employee_termination_id`),
  ADD UNIQUE KEY `employee_id` (`employee_id`,`new_employer`);

--
-- Indexes for table `hr_event_header`
--
ALTER TABLE `hr_event_header`
  ADD PRIMARY KEY (`hr_event_header_id`),
  ADD UNIQUE KEY `start_date` (`start_date`,`start_time`,`title`);

--
-- Indexes for table `hr_event_line`
--
ALTER TABLE `hr_event_line`
  ADD PRIMARY KEY (`hr_event_line_id`),
  ADD UNIQUE KEY `start_date` (`user_id`,`resource_id`);

--
-- Indexes for table `hr_expense_header`
--
ALTER TABLE `hr_expense_header`
  ADD PRIMARY KEY (`hr_expense_header_id`),
  ADD UNIQUE KEY `bu_org_id` (`bu_org_id`,`claim_number`);

--
-- Indexes for table `hr_expense_line`
--
ALTER TABLE `hr_expense_line`
  ADD PRIMARY KEY (`hr_expense_line_id`),
  ADD UNIQUE KEY `hr_expense_header_id` (`hr_expense_header_id`,`line_number`);

--
-- Indexes for table `hr_expense_tpl_header`
--
ALTER TABLE `hr_expense_tpl_header`
  ADD PRIMARY KEY (`hr_expense_tpl_header_id`);

--
-- Indexes for table `hr_expense_tpl_line`
--
ALTER TABLE `hr_expense_tpl_line`
  ADD PRIMARY KEY (`hr_expense_tpl_line_id`),
  ADD UNIQUE KEY `hr_expense_tpl_header_id` (`hr_expense_tpl_header_id`,`expense_item`);

--
-- Indexes for table `hr_grade`
--
ALTER TABLE `hr_grade`
  ADD PRIMARY KEY (`hr_grade_id`),
  ADD UNIQUE KEY `grade` (`grade`);

--
-- Indexes for table `hr_job`
--
ALTER TABLE `hr_job`
  ADD PRIMARY KEY (`hr_job_id`),
  ADD UNIQUE KEY `job_code` (`job_code`),
  ADD UNIQUE KEY `job_name` (`job_name`),
  ADD UNIQUE KEY `job_code_2` (`job_code`),
  ADD UNIQUE KEY `job_name_2` (`job_name`);

--
-- Indexes for table `hr_leave_balance`
--
ALTER TABLE `hr_leave_balance`
  ADD PRIMARY KEY (`hr_leave_balance_id`),
  ADD UNIQUE KEY `gl_calendar_id` (`leave_type`,`total_used`);

--
-- Indexes for table `hr_leave_entitlement_header`
--
ALTER TABLE `hr_leave_entitlement_header`
  ADD PRIMARY KEY (`hr_leave_entitlement_header_id`),
  ADD UNIQUE KEY `gl_calendar_id` (`job_id`,`grade_id`);

--
-- Indexes for table `hr_leave_entitlement_line`
--
ALTER TABLE `hr_leave_entitlement_line`
  ADD PRIMARY KEY (`hr_leave_entitlement_line_id`),
  ADD UNIQUE KEY `gl_calendar_id` (`leave_type`,`default_no_of_period`);

--
-- Indexes for table `hr_leave_transaction`
--
ALTER TABLE `hr_leave_transaction`
  ADD PRIMARY KEY (`hr_leave_transaction_id`);

--
-- Indexes for table `hr_leave_type`
--
ALTER TABLE `hr_leave_type`
  ADD PRIMARY KEY (`hr_leave_type_id`),
  ADD UNIQUE KEY `leave_type` (`leave_type`);

--
-- Indexes for table `hr_location`
--
ALTER TABLE `hr_location`
  ADD PRIMARY KEY (`hr_location_id`),
  ADD UNIQUE KEY `combination` (`combination`),
  ADD KEY `balancing` (`country`),
  ADD KEY `cost_center` (`state`),
  ADD KEY `natural_account` (`city`);

--
-- Indexes for table `hr_payroll`
--
ALTER TABLE `hr_payroll`
  ADD PRIMARY KEY (`hr_payroll_id`),
  ADD UNIQUE KEY `payroll` (`payroll`);

--
-- Indexes for table `hr_payroll_payment_method`
--
ALTER TABLE `hr_payroll_payment_method`
  ADD PRIMARY KEY (`hr_payroll_payment_method_id`),
  ADD UNIQUE KEY `job_code` (`payment_method`),
  ADD UNIQUE KEY `job_name` (`payment_type`),
  ADD UNIQUE KEY `job_code_2` (`payment_method`),
  ADD UNIQUE KEY `job_name_2` (`payment_type`);

--
-- Indexes for table `hr_payroll_process`
--
ALTER TABLE `hr_payroll_process`
  ADD PRIMARY KEY (`hr_payroll_process_id`),
  ADD UNIQUE KEY `hr_payroll_schedule_id` (`hr_payroll_schedule_id`,`proces_name`);

--
-- Indexes for table `hr_payroll_schedule`
--
ALTER TABLE `hr_payroll_schedule`
  ADD PRIMARY KEY (`hr_payroll_schedule_id`),
  ADD UNIQUE KEY `hr_payroll_id` (`hr_payroll_id`,`scheduled_date`);

--
-- Indexes for table `hr_payslip_header`
--
ALTER TABLE `hr_payslip_header`
  ADD PRIMARY KEY (`hr_payslip_header_id`),
  ADD UNIQUE KEY `pay_date` (`pay_date`,`employee_id`);

--
-- Indexes for table `hr_payslip_line`
--
ALTER TABLE `hr_payslip_line`
  ADD PRIMARY KEY (`hr_payslip_line_id`),
  ADD UNIQUE KEY `hr_payslip_header_id` (`hr_payslip_header_id`,`hr_compensation_element_id`);

--
-- Indexes for table `hr_perdiem_rate`
--
ALTER TABLE `hr_perdiem_rate`
  ADD PRIMARY KEY (`hr_perdiem_rate_id`),
  ADD UNIQUE KEY `hr_location_id` (`hr_location_id`,`hr_grade_id`,`from_date`,`currency`);

--
-- Indexes for table `hr_position`
--
ALTER TABLE `hr_position`
  ADD PRIMARY KEY (`hr_position_id`),
  ADD UNIQUE KEY `position_name_2` (`position_name`,`org_id`);

--
-- Indexes for table `hr_pos_hierarchy_header`
--
ALTER TABLE `hr_pos_hierarchy_header`
  ADD PRIMARY KEY (`hr_pos_hierarchy_header_id`),
  ADD UNIQUE KEY `item_id` (`starting_position_id`),
  ADD UNIQUE KEY `item_id_2` (`starting_position_id`,`hierarchy_name`);

--
-- Indexes for table `hr_pos_hierarchy_line`
--
ALTER TABLE `hr_pos_hierarchy_line`
  ADD PRIMARY KEY (`hr_pos_hierarchy_line_id`),
  ADD UNIQUE KEY `hr_position_hierarchy_header_id` (`hr_pos_hierarchy_header_id`,`position_id`);

--
-- Indexes for table `hr_team_header`
--
ALTER TABLE `hr_team_header`
  ADD PRIMARY KEY (`hr_team_header_id`),
  ADD UNIQUE KEY `element_name` (`team_name`);

--
-- Indexes for table `hr_team_line`
--
ALTER TABLE `hr_team_line`
  ADD PRIMARY KEY (`hr_team_line_id`),
  ADD UNIQUE KEY `hr_team_header_id` (`hr_team_header_id`,`member_employee_id`);

--
-- Indexes for table `hr_timesheet_header`
--
ALTER TABLE `hr_timesheet_header`
  ADD PRIMARY KEY (`hr_timesheet_header_id`),
  ADD UNIQUE KEY `hr_timesheet_period_id` (`hr_timesheet_period_id`,`hr_employee_id`);

--
-- Indexes for table `hr_timesheet_line`
--
ALTER TABLE `hr_timesheet_line`
  ADD PRIMARY KEY (`hr_timesheet_line_id`),
  ADD UNIQUE KEY `hr_timesheet_header_id` (`hr_timesheet_header_id`,`prj_project_line_id`);

--
-- Indexes for table `hr_timesheet_period`
--
ALTER TABLE `hr_timesheet_period`
  ADD PRIMARY KEY (`hr_timesheet_period_id`),
  ADD UNIQUE KEY `combination` (`max_work_hour`),
  ADD KEY `balancing` (`timesheet_period`),
  ADD KEY `cost_center` (`from_date`),
  ADD KEY `natural_account` (`to_date`);

--
-- Indexes for table `ino_session`
--
ALTER TABLE `ino_session`
  ADD PRIMARY KEY (`ino_session_id`),
  ADD UNIQUE KEY `ino_user_id` (`ino_user_id`);

--
-- Indexes for table `ino_user`
--
ALTER TABLE `ino_user`
  ADD PRIMARY KEY (`ino_user_id`),
  ADD UNIQUE KEY `email` (`email`),
  ADD UNIQUE KEY `user_name` (`username`);

--
-- Indexes for table `inventory`
--
ALTER TABLE `inventory`
  ADD PRIMARY KEY (`inventory_id`);

--
-- Indexes for table `inv_abc_assignment_header`
--
ALTER TABLE `inv_abc_assignment_header`
  ADD PRIMARY KEY (`inv_abc_assignment_header_id`),
  ADD UNIQUE KEY `document_type_name` (`abc_assignment_name`,`org_id`);

--
-- Indexes for table `inv_abc_assignment_line`
--
ALTER TABLE `inv_abc_assignment_line`
  ADD PRIMARY KEY (`inv_abc_assignment_line_id`),
  ADD UNIQUE KEY `inv_abc_assignment_header_id` (`inv_abc_assignment_header_id`,`item_id_m`);

--
-- Indexes for table `inv_abc_valuation`
--
ALTER TABLE `inv_abc_valuation`
  ADD PRIMARY KEY (`inv_abc_valuation_id`),
  ADD UNIQUE KEY `document_type_name` (`valuation_name`,`scope_sub_inventory_id`);

--
-- Indexes for table `inv_abc_valuation_result`
--
ALTER TABLE `inv_abc_valuation_result`
  ADD PRIMARY KEY (`inv_abc_valuation_result_id`),
  ADD UNIQUE KEY `inv_abc_valuation_id` (`inv_abc_valuation_id`,`seq_number`),
  ADD UNIQUE KEY `inv_abc_valuation_id_2` (`inv_abc_valuation_id`,`item_id_m`);

--
-- Indexes for table `inv_count_abc_ref`
--
ALTER TABLE `inv_count_abc_ref`
  ADD PRIMARY KEY (`inv_count_abc_ref_id`),
  ADD UNIQUE KEY `inv_count_header_id` (`inv_count_header_id`,`class_code`);

--
-- Indexes for table `inv_count_entries`
--
ALTER TABLE `inv_count_entries`
  ADD PRIMARY KEY (`inv_count_entries_id`),
  ADD UNIQUE KEY `inv_count_schedule_id` (`inv_count_schedule_id`);

--
-- Indexes for table `inv_count_header`
--
ALTER TABLE `inv_count_header`
  ADD PRIMARY KEY (`inv_count_header_id`),
  ADD UNIQUE KEY `document_type_name` (`count_name`,`org_id`);

--
-- Indexes for table `inv_count_schedule`
--
ALTER TABLE `inv_count_schedule`
  ADD PRIMARY KEY (`inv_count_schedule_id`),
  ADD UNIQUE KEY `inv_count_header_id` (`inv_count_header_id`,`item_id_m`,`subinventory_id`,`locator_id`,`schedule_date`);

--
-- Indexes for table `inv_intorg_transfer_header`
--
ALTER TABLE `inv_intorg_transfer_header`
  ADD PRIMARY KEY (`inv_intorg_transfer_header_id`),
  ADD UNIQUE KEY `order_number` (`order_number`);

--
-- Indexes for table `inv_intorg_transfer_line`
--
ALTER TABLE `inv_intorg_transfer_line`
  ADD PRIMARY KEY (`inv_intorg_transfer_line_id`);

--
-- Indexes for table `inv_item_relation`
--
ALTER TABLE `inv_item_relation`
  ADD PRIMARY KEY (`inv_item_relation_id`),
  ADD UNIQUE KEY `gl_calendar_id` (`to_item_id_m`,`description`);

--
-- Indexes for table `inv_item_revision`
--
ALTER TABLE `inv_item_revision`
  ADD PRIMARY KEY (`inv_item_revision_id`),
  ADD UNIQUE KEY `serial_number` (`revision_name`,`item_id_m`,`org_id`);

--
-- Indexes for table `inv_location_default`
--
ALTER TABLE `inv_location_default`
  ADD PRIMARY KEY (`inv_location_default_id`),
  ADD UNIQUE KEY `org_id` (`org_id`,`item_id_m`,`priority`,`subinventory_id`,`locator_id`);

--
-- Indexes for table `inv_lot_number`
--
ALTER TABLE `inv_lot_number`
  ADD PRIMARY KEY (`inv_lot_number_id`),
  ADD UNIQUE KEY `serial_number` (`lot_number`,`item_id_m`,`org_id`);

--
-- Indexes for table `inv_lot_onhand`
--
ALTER TABLE `inv_lot_onhand`
  ADD PRIMARY KEY (`inv_lot_onhand_id`),
  ADD UNIQUE KEY `onhand_id` (`onhand_id`,`inv_lot_number_id`);

--
-- Indexes for table `inv_lot_transaction`
--
ALTER TABLE `inv_lot_transaction`
  ADD PRIMARY KEY (`inv_lot_transaction_id`);

--
-- Indexes for table `inv_moveorder_header`
--
ALTER TABLE `inv_moveorder_header`
  ADD PRIMARY KEY (`inv_moveorder_header_id`),
  ADD UNIQUE KEY `order_number` (`order_number`);

--
-- Indexes for table `inv_moveorder_line`
--
ALTER TABLE `inv_moveorder_line`
  ADD PRIMARY KEY (`inv_moveorder_line_id`);

--
-- Indexes for table `inv_receipt_header`
--
ALTER TABLE `inv_receipt_header`
  ADD PRIMARY KEY (`inv_receipt_header_id`);

--
-- Indexes for table `inv_receipt_line`
--
ALTER TABLE `inv_receipt_line`
  ADD PRIMARY KEY (`inv_receipt_line_id`),
  ADD UNIQUE KEY `inv_receipt_header_id` (`inv_receipt_header_id`,`line_number`);

--
-- Indexes for table `inv_reservation`
--
ALTER TABLE `inv_reservation`
  ADD PRIMARY KEY (`inv_reservation_id`),
  ADD UNIQUE KEY `d_reference_key_name` (`d_reference_key_name`,`d_reference_key_value`,`s_reference_key_name`,`s_reference_key_value`,`inv_serial_number_id`),
  ADD UNIQUE KEY `sd_so_line_id` (`sd_so_line_id`,`inv_serial_number_id`);

--
-- Indexes for table `inv_serial_number`
--
ALTER TABLE `inv_serial_number`
  ADD PRIMARY KEY (`inv_serial_number_id`),
  ADD UNIQUE KEY `serial_number` (`serial_number`,`item_id_m`,`org_id`);

--
-- Indexes for table `inv_serial_transaction`
--
ALTER TABLE `inv_serial_transaction`
  ADD PRIMARY KEY (`inv_serial_transaction_id`);

--
-- Indexes for table `inv_transaction`
--
ALTER TABLE `inv_transaction`
  ADD PRIMARY KEY (`inv_transaction_id`),
  ADD KEY `transaction_type_id` (`transaction_type_id`);

--
-- Indexes for table `item`
--
ALTER TABLE `item`
  ADD PRIMARY KEY (`item_id`),
  ADD UNIQUE KEY `item_number_2` (`item_number`,`org_id`),
  ADD UNIQUE KEY `item_id_m` (`item_id_m`,`org_id`);

--
-- Indexes for table `item_status`
--
ALTER TABLE `item_status`
  ADD PRIMARY KEY (`item_status_id`),
  ADD UNIQUE KEY `name` (`active`);

--
-- Indexes for table `legal`
--
ALTER TABLE `legal`
  ADD PRIMARY KEY (`legal_id`);

--
-- Indexes for table `locator`
--
ALTER TABLE `locator`
  ADD PRIMARY KEY (`locator_id`);

--
-- Indexes for table `mdm_bank_account`
--
ALTER TABLE `mdm_bank_account`
  ADD PRIMARY KEY (`mdm_bank_account_id`),
  ADD UNIQUE KEY `supplier_number` (`mdm_bank_site_id`),
  ADD UNIQUE KEY `mdm_bank_site_id` (`mdm_bank_site_id`,`account_number`);

--
-- Indexes for table `mdm_bank_header`
--
ALTER TABLE `mdm_bank_header`
  ADD PRIMARY KEY (`mdm_bank_header_id`),
  ADD UNIQUE KEY `bank_name` (`bank_name`),
  ADD UNIQUE KEY `bank_name_short` (`bank_name_short`),
  ADD UNIQUE KEY `bank_name_short_2` (`bank_name_short`),
  ADD UNIQUE KEY `bank_name_alt` (`bank_name_alt`);

--
-- Indexes for table `mdm_bank_site`
--
ALTER TABLE `mdm_bank_site`
  ADD PRIMARY KEY (`mdm_bank_site_id`),
  ADD UNIQUE KEY `mdm_bank_header_id` (`mdm_bank_header_id`,`branch_name`),
  ADD UNIQUE KEY `branch_name_short` (`branch_name_short`);

--
-- Indexes for table `mdm_price_list_detail`
--
ALTER TABLE `mdm_price_list_detail`
  ADD PRIMARY KEY (`mdm_price_list_detail_id`),
  ADD UNIQUE KEY `mdm_price_list_line_id` (`mdm_price_list_line_id`,`qty_from`,`effective_start_date`);

--
-- Indexes for table `mdm_price_list_header`
--
ALTER TABLE `mdm_price_list_header`
  ADD PRIMARY KEY (`mdm_price_list_header_id`),
  ADD UNIQUE KEY `price_list` (`price_list`);

--
-- Indexes for table `mdm_price_list_line`
--
ALTER TABLE `mdm_price_list_line`
  ADD PRIMARY KEY (`mdm_price_list_line_id`),
  ADD UNIQUE KEY `mdm_price_list_header_id` (`mdm_price_list_header_id`,`org_id`,`item_id_m`,`effective_start_date`);

--
-- Indexes for table `mdm_tax_code`
--
ALTER TABLE `mdm_tax_code`
  ADD PRIMARY KEY (`mdm_tax_code_id`),
  ADD UNIQUE KEY `gl_calendar_id` (`tax_code`,`description`);

--
-- Indexes for table `mdm_tax_region`
--
ALTER TABLE `mdm_tax_region`
  ADD PRIMARY KEY (`mdm_tax_region_id`),
  ADD UNIQUE KEY `gl_calendar_id` (`state`,`description`),
  ADD UNIQUE KEY `tax_region_name` (`tax_region_name`);

--
-- Indexes for table `mdm_tax_rule`
--
ALTER TABLE `mdm_tax_rule`
  ADD PRIMARY KEY (`mdm_tax_rule_id`),
  ADD UNIQUE KEY `tax_region_name` (`weightage`),
  ADD UNIQUE KEY `gl_calendar_id` (`ship_to_region_id`,`tax_code_id`);

--
-- Indexes for table `module`
--
ALTER TABLE `module`
  ADD PRIMARY KEY (`module_id`),
  ADD UNIQUE KEY `number` (`number`,`name`);

--
-- Indexes for table `onhand`
--
ALTER TABLE `onhand`
  ADD PRIMARY KEY (`onhand_id`),
  ADD UNIQUE KEY `item_id_m` (`item_id_m`,`revision_name`,`org_id`,`subinventory_id`,`locator_id`);

--
-- Indexes for table `option_detail`
--
ALTER TABLE `option_detail`
  ADD PRIMARY KEY (`option_detail_id`),
  ADD UNIQUE KEY `option_line_id` (`option_line_id`,`option_detail_value`),
  ADD KEY `option_header_id` (`option_header_id`,`option_line_id`);

--
-- Indexes for table `option_header`
--
ALTER TABLE `option_header`
  ADD PRIMARY KEY (`option_header_id`),
  ADD UNIQUE KEY `option_type` (`option_type`);

--
-- Indexes for table `option_line`
--
ALTER TABLE `option_line`
  ADD PRIMARY KEY (`option_line_id`),
  ADD UNIQUE KEY `option_header_id_2` (`option_header_id`,`option_line_code`),
  ADD KEY `option_header_id` (`option_header_id`);

--
-- Indexes for table `org`
--
ALTER TABLE `org`
  ADD PRIMARY KEY (`org_id`),
  ADD UNIQUE KEY `org` (`org`),
  ADD KEY `inventory_id` (`inventory_org_id`),
  ADD KEY `enterprise_id` (`enterprise_org_id`),
  ADD KEY `legal_id` (`legal_org_id`),
  ADD KEY `business_id` (`business_org_id`);

--
-- Indexes for table `page`
--
ALTER TABLE `page`
  ADD PRIMARY KEY (`page_id`);
ALTER TABLE `page` ADD FULLTEXT KEY `content` (`content`);
ALTER TABLE `page` ADD FULLTEXT KEY `subject` (`subject`);

--
-- Indexes for table `path`
--
ALTER TABLE `path`
  ADD PRIMARY KEY (`path_id`),
  ADD UNIQUE KEY `name` (`name`,`module_code`);

--
-- Indexes for table `payment_term`
--
ALTER TABLE `payment_term`
  ADD PRIMARY KEY (`payment_term_id`);

--
-- Indexes for table `payment_term_discount`
--
ALTER TABLE `payment_term_discount`
  ADD PRIMARY KEY (`payment_term_discount_id`);

--
-- Indexes for table `payment_term_schedule`
--
ALTER TABLE `payment_term_schedule`
  ADD PRIMARY KEY (`payment_term_schedule_id`);

--
-- Indexes for table `pm_batch_byproduct`
--
ALTER TABLE `pm_batch_byproduct`
  ADD PRIMARY KEY (`pm_batch_byproduct_id`),
  ADD UNIQUE KEY `org_id` (`pm_batch_header_id`,`line_no`);

--
-- Indexes for table `pm_batch_header`
--
ALTER TABLE `pm_batch_header`
  ADD PRIMARY KEY (`pm_batch_header_id`),
  ADD UNIQUE KEY `batch_name` (`batch_name`,`org_id`);

--
-- Indexes for table `pm_batch_ingredient`
--
ALTER TABLE `pm_batch_ingredient`
  ADD PRIMARY KEY (`pm_batch_ingredient_id`),
  ADD UNIQUE KEY `org_id` (`pm_batch_header_id`,`line_no`);

--
-- Indexes for table `pm_batch_line`
--
ALTER TABLE `pm_batch_line`
  ADD PRIMARY KEY (`pm_batch_line_id`),
  ADD UNIQUE KEY `pm_formula_header_id` (`pm_batch_header_id`,`item_id_m`),
  ADD UNIQUE KEY `org_id` (`pm_batch_header_id`,`line_no`);

--
-- Indexes for table `pm_batch_operation_detail`
--
ALTER TABLE `pm_batch_operation_detail`
  ADD PRIMARY KEY (`pm_batch_operation_detail_id`),
  ADD UNIQUE KEY `org_id` (`pm_batch_operation_header_id`,`pm_batch_operation_line_id`);

--
-- Indexes for table `pm_batch_operation_line`
--
ALTER TABLE `pm_batch_operation_line`
  ADD PRIMARY KEY (`pm_batch_operation_line_id`);

--
-- Indexes for table `pm_formula_byproduct`
--
ALTER TABLE `pm_formula_byproduct`
  ADD PRIMARY KEY (`pm_formula_byproduct_id`),
  ADD UNIQUE KEY `org_id` (`pm_formula_header_id`,`line_no`);

--
-- Indexes for table `pm_formula_header`
--
ALTER TABLE `pm_formula_header`
  ADD PRIMARY KEY (`pm_formula_header_id`),
  ADD UNIQUE KEY `org_id` (`org_id`,`formula_name`);

--
-- Indexes for table `pm_formula_ingredient`
--
ALTER TABLE `pm_formula_ingredient`
  ADD PRIMARY KEY (`pm_formula_ingredient_id`),
  ADD UNIQUE KEY `org_id` (`pm_formula_header_id`,`line_no`);

--
-- Indexes for table `pm_formula_line`
--
ALTER TABLE `pm_formula_line`
  ADD PRIMARY KEY (`pm_formula_line_id`),
  ADD UNIQUE KEY `pm_formula_header_id` (`pm_formula_header_id`,`item_id_m`),
  ADD UNIQUE KEY `org_id` (`pm_formula_header_id`,`line_no`);

--
-- Indexes for table `pm_process_operation_detail`
--
ALTER TABLE `pm_process_operation_detail`
  ADD PRIMARY KEY (`pm_process_operation_detail_id`),
  ADD UNIQUE KEY `org_id` (`pm_process_operation_header_id`,`pm_process_operation_line_id`);

--
-- Indexes for table `pm_process_operation_header`
--
ALTER TABLE `pm_process_operation_header`
  ADD PRIMARY KEY (`pm_process_operation_header_id`),
  ADD UNIQUE KEY `org_id` (`org_id`,`operation_class`);

--
-- Indexes for table `pm_process_operation_line`
--
ALTER TABLE `pm_process_operation_line`
  ADD PRIMARY KEY (`pm_process_operation_line_id`),
  ADD UNIQUE KEY `org_id` (`pm_process_operation_header_id`,`activity_code`);

--
-- Indexes for table `pm_process_routing_header`
--
ALTER TABLE `pm_process_routing_header`
  ADD PRIMARY KEY (`pm_process_routing_header_id`),
  ADD UNIQUE KEY `routing_name` (`routing_name`,`org_id`);

--
-- Indexes for table `pm_process_routing_line`
--
ALTER TABLE `pm_process_routing_line`
  ADD PRIMARY KEY (`pm_process_routing_line_id`),
  ADD UNIQUE KEY `org_id` (`pm_process_routing_header_id`,`step_no`);

--
-- Indexes for table `pm_recipe_customer`
--
ALTER TABLE `pm_recipe_customer`
  ADD PRIMARY KEY (`pm_recipe_customer_id`),
  ADD UNIQUE KEY `org_id` (`pm_recipe_header_id`,`org_id`);

--
-- Indexes for table `pm_recipe_header`
--
ALTER TABLE `pm_recipe_header`
  ADD PRIMARY KEY (`pm_recipe_header_id`),
  ADD UNIQUE KEY `org_id` (`org_id`,`recipe_name`);

--
-- Indexes for table `pm_recipe_line`
--
ALTER TABLE `pm_recipe_line`
  ADD PRIMARY KEY (`pm_recipe_line_id`),
  ADD UNIQUE KEY `org_id` (`pm_recipe_header_id`,`org_id`);

--
-- Indexes for table `pm_recipe_material_header`
--
ALTER TABLE `pm_recipe_material_header`
  ADD PRIMARY KEY (`pm_recipe_material_header_id`),
  ADD UNIQUE KEY `routing_name` (`pm_recipe_header_id`);

--
-- Indexes for table `pm_recipe_material_line`
--
ALTER TABLE `pm_recipe_material_line`
  ADD PRIMARY KEY (`pm_recipe_material_line_id`),
  ADD UNIQUE KEY `pm_formula_ingredient_id` (`pm_formula_ingredient_id`);

--
-- Indexes for table `pm_resource_transaction`
--
ALTER TABLE `pm_resource_transaction`
  ADD PRIMARY KEY (`pm_resource_transaction_id`);

--
-- Indexes for table `pos_barcode_list_header`
--
ALTER TABLE `pos_barcode_list_header`
  ADD PRIMARY KEY (`pos_barcode_list_header_id`),
  ADD UNIQUE KEY `pos_transaction_header_id` (`list_name`,`description`);

--
-- Indexes for table `pos_barcode_list_line`
--
ALTER TABLE `pos_barcode_list_line`
  ADD PRIMARY KEY (`pos_barcode_list_line_id`),
  ADD UNIQUE KEY `pos_transaction_header_id` (`pos_barcode_list_header_id`,`item_number`);

--
-- Indexes for table `pos_inv_control`
--
ALTER TABLE `pos_inv_control`
  ADD PRIMARY KEY (`pos_inv_control_id`);

--
-- Indexes for table `pos_terminal`
--
ALTER TABLE `pos_terminal`
  ADD PRIMARY KEY (`pos_terminal_id`);

--
-- Indexes for table `pos_transaction_header`
--
ALTER TABLE `pos_transaction_header`
  ADD PRIMARY KEY (`pos_transaction_header_id`);

--
-- Indexes for table `pos_transaction_line`
--
ALTER TABLE `pos_transaction_line`
  ADD PRIMARY KEY (`pos_transaction_line_id`),
  ADD UNIQUE KEY `pos_transaction_header_id` (`pos_transaction_header_id`,`item_number`);

--
-- Indexes for table `po_asl_document`
--
ALTER TABLE `po_asl_document`
  ADD PRIMARY KEY (`po_asl_document_id`);

--
-- Indexes for table `po_asl_header`
--
ALTER TABLE `po_asl_header`
  ADD PRIMARY KEY (`po_asl_header_id`),
  ADD UNIQUE KEY `bu_org_id` (`bu_org_id`,`asl_type`,`item_id_m`);

--
-- Indexes for table `po_asl_line`
--
ALTER TABLE `po_asl_line`
  ADD PRIMARY KEY (`po_asl_line_id`);

--
-- Indexes for table `po_detail`
--
ALTER TABLE `po_detail`
  ADD PRIMARY KEY (`po_detail_id`);

--
-- Indexes for table `po_header`
--
ALTER TABLE `po_header`
  ADD PRIMARY KEY (`po_header_id`),
  ADD UNIQUE KEY `release_number` (`release_number`,`po_number`),
  ADD UNIQUE KEY `po_header_id` (`po_header_id`,`release_number`);

--
-- Indexes for table `po_line`
--
ALTER TABLE `po_line`
  ADD PRIMARY KEY (`po_line_id`),
  ADD UNIQUE KEY `po_header_id` (`po_header_id`,`line_number`);

--
-- Indexes for table `po_purchasing_control`
--
ALTER TABLE `po_purchasing_control`
  ADD PRIMARY KEY (`po_purchasing_control_id`),
  ADD UNIQUE KEY `org` (`org_id`);

--
-- Indexes for table `po_quote_detail`
--
ALTER TABLE `po_quote_detail`
  ADD PRIMARY KEY (`po_quote_detail_id`),
  ADD UNIQUE KEY `po_quote_line_id` (`po_quote_line_id`,`po_rfq_detail_id`);

--
-- Indexes for table `po_quote_header`
--
ALTER TABLE `po_quote_header`
  ADD PRIMARY KEY (`po_quote_header_id`),
  ADD UNIQUE KEY `po_rfq_header_id` (`po_rfq_header_id`,`supplier_site_id`,`supplier_id`,`active_cb`);

--
-- Indexes for table `po_quote_line`
--
ALTER TABLE `po_quote_line`
  ADD PRIMARY KEY (`po_quote_line_id`),
  ADD UNIQUE KEY `po_header_id` (`po_quote_header_id`,`line_number`);

--
-- Indexes for table `po_requisition_detail`
--
ALTER TABLE `po_requisition_detail`
  ADD PRIMARY KEY (`po_requisition_detail_id`);

--
-- Indexes for table `po_requisition_header`
--
ALTER TABLE `po_requisition_header`
  ADD PRIMARY KEY (`po_requisition_header_id`);

--
-- Indexes for table `po_requisition_interface`
--
ALTER TABLE `po_requisition_interface`
  ADD PRIMARY KEY (`po_requisition_interface_id`);

--
-- Indexes for table `po_requisition_line`
--
ALTER TABLE `po_requisition_line`
  ADD PRIMARY KEY (`po_requisition_line_id`);

--
-- Indexes for table `po_rfq_detail`
--
ALTER TABLE `po_rfq_detail`
  ADD PRIMARY KEY (`po_rfq_detail_id`);

--
-- Indexes for table `po_rfq_header`
--
ALTER TABLE `po_rfq_header`
  ADD PRIMARY KEY (`po_rfq_header_id`),
  ADD UNIQUE KEY `release_number` (`security_level`,`rfq_type`),
  ADD UNIQUE KEY `po_header_id` (`po_rfq_header_id`,`security_level`);

--
-- Indexes for table `po_rfq_line`
--
ALTER TABLE `po_rfq_line`
  ADD PRIMARY KEY (`po_rfq_line_id`),
  ADD UNIQUE KEY `po_header_id` (`po_rfq_header_id`,`line_number`);

--
-- Indexes for table `po_sourcing_rule_header`
--
ALTER TABLE `po_sourcing_rule_header`
  ADD PRIMARY KEY (`po_sourcing_rule_header_id`);

--
-- Indexes for table `po_sourcing_rule_line`
--
ALTER TABLE `po_sourcing_rule_line`
  ADD PRIMARY KEY (`po_sourcing_rule_line_id`);

--
-- Indexes for table `prj_agreement_header`
--
ALTER TABLE `prj_agreement_header`
  ADD PRIMARY KEY (`prj_agreement_header_id`);

--
-- Indexes for table `prj_agreement_line`
--
ALTER TABLE `prj_agreement_line`
  ADD PRIMARY KEY (`prj_agreement_line_id`);

--
-- Indexes for table `prj_bem`
--
ALTER TABLE `prj_bem`
  ADD PRIMARY KEY (`prj_bem_id`),
  ADD UNIQUE KEY `value_group` (`bem`);

--
-- Indexes for table `prj_budget_detail`
--
ALTER TABLE `prj_budget_detail`
  ADD PRIMARY KEY (`prj_budget_detail_id`),
  ADD UNIQUE KEY `value_group` (`prj_budget_line_id`);

--
-- Indexes for table `prj_budget_header`
--
ALTER TABLE `prj_budget_header`
  ADD PRIMARY KEY (`prj_budget_header_id`),
  ADD UNIQUE KEY `budget_type` (`budget_type`,`prj_project_header_id`,`version_number`);

--
-- Indexes for table `prj_budget_line`
--
ALTER TABLE `prj_budget_line`
  ADD PRIMARY KEY (`prj_budget_line_id`);

--
-- Indexes for table `prj_budget_rev_header`
--
ALTER TABLE `prj_budget_rev_header`
  ADD PRIMARY KEY (`prj_budget_rev_header_id`),
  ADD UNIQUE KEY `prj_project_header_id` (`prj_project_header_id`,`version_number`,`baselined_cb`);

--
-- Indexes for table `prj_budget_rev_line`
--
ALTER TABLE `prj_budget_rev_line`
  ADD PRIMARY KEY (`prj_budget_rev_line_id`),
  ADD UNIQUE KEY `prj_budget_header_id` (`prj_budget_rev_header_id`,`prj_project_line_id`);

--
-- Indexes for table `prj_burden_costcode`
--
ALTER TABLE `prj_burden_costcode`
  ADD PRIMARY KEY (`prj_burden_costcode_id`),
  ADD UNIQUE KEY `value_group` (`costcode`);

--
-- Indexes for table `prj_burden_cost_base`
--
ALTER TABLE `prj_burden_cost_base`
  ADD PRIMARY KEY (`prj_burden_cost_base_id`),
  ADD UNIQUE KEY `value_group` (`cost_base`);

--
-- Indexes for table `prj_burden_expenditure`
--
ALTER TABLE `prj_burden_expenditure`
  ADD PRIMARY KEY (`prj_burden_expenditure_id`),
  ADD UNIQUE KEY `prj_expenditure_line_id` (`prj_expenditure_line_id`,`prj_burden_costcode_id`);

--
-- Indexes for table `prj_burden_list_header`
--
ALTER TABLE `prj_burden_list_header`
  ADD PRIMARY KEY (`prj_burden_list_header_id`),
  ADD UNIQUE KEY `value_group` (`burden_list`);

--
-- Indexes for table `prj_burden_list_line`
--
ALTER TABLE `prj_burden_list_line`
  ADD PRIMARY KEY (`prj_burden_list_line_id`),
  ADD UNIQUE KEY `mdm_price_list_header_id` (`prj_burden_list_header_id`,`bu_org_id`,`multiplier`,`effective_start_date`);

--
-- Indexes for table `prj_burden_structure_header`
--
ALTER TABLE `prj_burden_structure_header`
  ADD PRIMARY KEY (`prj_burden_structure_header_id`),
  ADD UNIQUE KEY `value_group` (`structure`);

--
-- Indexes for table `prj_burden_struct_costcode`
--
ALTER TABLE `prj_burden_struct_costcode`
  ADD PRIMARY KEY (`prj_burden_struct_costcode_id`),
  ADD UNIQUE KEY `prj_burden_structure_header_id` (`prj_burden_structure_header_id`,`burden_cost_code_id`,`burden_cost_base_id`);

--
-- Indexes for table `prj_burden_struct_exptype`
--
ALTER TABLE `prj_burden_struct_exptype`
  ADD PRIMARY KEY (`prj_burden_struct_exptype_id`),
  ADD UNIQUE KEY `prj_burden_structure_header_id` (`prj_burden_structure_header_id`,`prj_expenditure_type_id`);

--
-- Indexes for table `prj_category_header`
--
ALTER TABLE `prj_category_header`
  ADD PRIMARY KEY (`prj_category_header_id`),
  ADD UNIQUE KEY `value_group` (`category`);

--
-- Indexes for table `prj_category_line`
--
ALTER TABLE `prj_category_line`
  ADD PRIMARY KEY (`prj_category_line_id`),
  ADD UNIQUE KEY `sys_catalog_header_id` (`prj_category_header_id`,`category_code`);

--
-- Indexes for table `prj_category_value`
--
ALTER TABLE `prj_category_value`
  ADD PRIMARY KEY (`prj_category_value_id`),
  ADD UNIQUE KEY `sys_catalog_line_id` (`prj_project_header_id`,`reference_table`,`reference_id`);

--
-- Indexes for table `prj_default_account`
--
ALTER TABLE `prj_default_account`
  ADD PRIMARY KEY (`prj_default_account_id`),
  ADD UNIQUE KEY `gl_calendar_id` (`description`);

--
-- Indexes for table `prj_event_header`
--
ALTER TABLE `prj_event_header`
  ADD PRIMARY KEY (`prj_event_header_id`),
  ADD UNIQUE KEY `prj_project_header_id` (`prj_project_header_id`);

--
-- Indexes for table `prj_event_line`
--
ALTER TABLE `prj_event_line`
  ADD PRIMARY KEY (`prj_event_line_id`),
  ADD UNIQUE KEY `value_group` (`event_type_id`);

--
-- Indexes for table `prj_event_type`
--
ALTER TABLE `prj_event_type`
  ADD PRIMARY KEY (`prj_event_type_id`),
  ADD UNIQUE KEY `value_group` (`event_type`);

--
-- Indexes for table `prj_expenditure_header`
--
ALTER TABLE `prj_expenditure_header`
  ADD PRIMARY KEY (`prj_expenditure_header_id`),
  ADD UNIQUE KEY `value_group` (`batch_name`);

--
-- Indexes for table `prj_expenditure_line`
--
ALTER TABLE `prj_expenditure_line`
  ADD PRIMARY KEY (`prj_expenditure_line_id`),
  ADD UNIQUE KEY `sys_catalog_header_id` (`prj_expenditure_header_id`,`org_id`);

--
-- Indexes for table `prj_expenditure_type_header`
--
ALTER TABLE `prj_expenditure_type_header`
  ADD PRIMARY KEY (`prj_expenditure_type_header_id`),
  ADD UNIQUE KEY `value_group` (`expenditure_type`);

--
-- Indexes for table `prj_expenditure_type_line`
--
ALTER TABLE `prj_expenditure_type_line`
  ADD PRIMARY KEY (`prj_expenditure_type_line_id`),
  ADD UNIQUE KEY `sys_catalog_header_id` (`prj_expenditure_type_header_id`,`bu_org_id`);

--
-- Indexes for table `prj_invoice_header`
--
ALTER TABLE `prj_invoice_header`
  ADD PRIMARY KEY (`prj_invoice_header_id`),
  ADD UNIQUE KEY `transaction_number` (`unbilled_coa_id`);

--
-- Indexes for table `prj_invoice_line`
--
ALTER TABLE `prj_invoice_line`
  ADD PRIMARY KEY (`prj_invoice_line_id`),
  ADD UNIQUE KEY `transaction_number` (`revenue_source`);

--
-- Indexes for table `prj_milestone`
--
ALTER TABLE `prj_milestone`
  ADD PRIMARY KEY (`prj_milestone_id`),
  ADD UNIQUE KEY `prj_project_line_id` (`prj_project_line_id`);

--
-- Indexes for table `prj_nlr_header`
--
ALTER TABLE `prj_nlr_header`
  ADD PRIMARY KEY (`prj_nlr_header_id`),
  ADD UNIQUE KEY `value_group` (`resource_name`);

--
-- Indexes for table `prj_nlr_line`
--
ALTER TABLE `prj_nlr_line`
  ADD PRIMARY KEY (`prj_nlr_line_id`),
  ADD UNIQUE KEY `sys_catalog_header_id` (`prj_nlr_header_id`,`bu_org_id`);

--
-- Indexes for table `prj_percent_header`
--
ALTER TABLE `prj_percent_header`
  ADD PRIMARY KEY (`prj_percent_header_id`),
  ADD UNIQUE KEY `value_group` (`percent`);

--
-- Indexes for table `prj_percent_headerrev`
--
ALTER TABLE `prj_percent_headerrev`
  ADD PRIMARY KEY (`prj_percent_headerrev_id`),
  ADD UNIQUE KEY `value_group` (`percent`);

--
-- Indexes for table `prj_percent_line`
--
ALTER TABLE `prj_percent_line`
  ADD PRIMARY KEY (`prj_percent_line_id`),
  ADD UNIQUE KEY `value_group` (`prj_project_header_id`);

--
-- Indexes for table `prj_project_control`
--
ALTER TABLE `prj_project_control`
  ADD PRIMARY KEY (`prj_project_control_id`);

--
-- Indexes for table `prj_project_header`
--
ALTER TABLE `prj_project_header`
  ADD PRIMARY KEY (`prj_project_header_id`);

--
-- Indexes for table `prj_project_line`
--
ALTER TABLE `prj_project_line`
  ADD PRIMARY KEY (`prj_project_line_id`);

--
-- Indexes for table `prj_project_member`
--
ALTER TABLE `prj_project_member`
  ADD PRIMARY KEY (`prj_project_member_id`);

--
-- Indexes for table `prj_project_type_billing`
--
ALTER TABLE `prj_project_type_billing`
  ADD PRIMARY KEY (`prj_project_type_billing_id`);

--
-- Indexes for table `prj_project_type_header`
--
ALTER TABLE `prj_project_type_header`
  ADD PRIMARY KEY (`prj_project_type_header_id`),
  ADD UNIQUE KEY `value_group` (`project_type`);

--
-- Indexes for table `prj_project_type_line`
--
ALTER TABLE `prj_project_type_line`
  ADD PRIMARY KEY (`prj_project_type_line_id`);

--
-- Indexes for table `prj_rate_schedule_header`
--
ALTER TABLE `prj_rate_schedule_header`
  ADD PRIMARY KEY (`prj_rate_schedule_header_id`),
  ADD UNIQUE KEY `value_group` (`schedule_name`);

--
-- Indexes for table `prj_rate_schedule_line`
--
ALTER TABLE `prj_rate_schedule_line`
  ADD PRIMARY KEY (`prj_rate_schedule_line_id`),
  ADD UNIQUE KEY `sys_catalog_header_id` (`prj_rate_schedule_header_id`,`reference_key_name`);

--
-- Indexes for table `prj_resource_list_header`
--
ALTER TABLE `prj_resource_list_header`
  ADD PRIMARY KEY (`prj_resource_list_header_id`),
  ADD UNIQUE KEY `value_group` (`list_name`);

--
-- Indexes for table `prj_resource_list_line`
--
ALTER TABLE `prj_resource_list_line`
  ADD PRIMARY KEY (`prj_resource_list_line_id`),
  ADD UNIQUE KEY `sys_catalog_header_id` (`prj_resource_list_header_id`,`resource_type`);

--
-- Indexes for table `prj_revenue_header`
--
ALTER TABLE `prj_revenue_header`
  ADD PRIMARY KEY (`prj_revenue_header_id`);

--
-- Indexes for table `prj_revenue_line`
--
ALTER TABLE `prj_revenue_line`
  ADD PRIMARY KEY (`prj_revenue_line_id`),
  ADD UNIQUE KEY `prj_revenue_header_id` (`prj_revenue_header_id`,`line_number`);

--
-- Indexes for table `prj_role`
--
ALTER TABLE `prj_role`
  ADD PRIMARY KEY (`prj_role_id`),
  ADD UNIQUE KEY `value_group` (`role_name`);

--
-- Indexes for table `prj_status_header`
--
ALTER TABLE `prj_status_header`
  ADD PRIMARY KEY (`prj_status_header_id`);

--
-- Indexes for table `prj_status_line`
--
ALTER TABLE `prj_status_line`
  ADD PRIMARY KEY (`prj_status_line_id`),
  ADD UNIQUE KEY `sd_so_header_id_2` (`prj_status_header_id`,`action_code`),
  ADD UNIQUE KEY `sd_so_header_id` (`prj_status_header_id`,`default_cb`);

--
-- Indexes for table `prj_status_next`
--
ALTER TABLE `prj_status_next`
  ADD PRIMARY KEY (`prj_status_next_id`),
  ADD UNIQUE KEY `sd_so_header_id_2` (`prj_status_header_id`,`status_name`),
  ADD UNIQUE KEY `sd_so_header_id` (`prj_status_header_id`);

--
-- Indexes for table `prj_work_type`
--
ALTER TABLE `prj_work_type`
  ADD PRIMARY KEY (`prj_work_type_id`),
  ADD UNIQUE KEY `value_group` (`work_type`);

--
-- Indexes for table `product`
--
ALTER TABLE `product`
  ADD PRIMARY KEY (`content_id`);

--
-- Indexes for table `qa_ce_action`
--
ALTER TABLE `qa_ce_action`
  ADD PRIMARY KEY (`qa_ce_action_id`);

--
-- Indexes for table `qa_ce_action_type`
--
ALTER TABLE `qa_ce_action_type`
  ADD PRIMARY KEY (`qa_ce_action_type_id`),
  ADD UNIQUE KEY `colletion_element_value` (`qa_ce_action_type_value`,`reference_key_name`,`reference_key_value`);

--
-- Indexes for table `qa_ce_bgm_calibration_reading`
--
ALTER TABLE `qa_ce_bgm_calibration_reading`
  ADD PRIMARY KEY (`qa_ce_bgm_calibration_reading_id`),
  ADD UNIQUE KEY `colletion_element_value` (`qa_ce_bgm_calibration_reading_value`,`reference_key_name`,`reference_key_value`);

--
-- Indexes for table `qa_ce_enc_rating`
--
ALTER TABLE `qa_ce_enc_rating`
  ADD PRIMARY KEY (`qa_ce_enc_rating_id`),
  ADD UNIQUE KEY `colletion_element_value` (`qa_ce_enc_rating_value`,`reference_key_name`,`reference_key_value`);

--
-- Indexes for table `qa_ce_header`
--
ALTER TABLE `qa_ce_header`
  ADD PRIMARY KEY (`qa_ce_header_id`),
  ADD UNIQUE KEY `element_name` (`element_name`),
  ADD UNIQUE KEY `sys_element_name` (`sys_element_name`);

--
-- Indexes for table `qa_ce_higher_bandwidth1`
--
ALTER TABLE `qa_ce_higher_bandwidth1`
  ADD PRIMARY KEY (`qa_ce_higher_bandwidth1_id`),
  ADD UNIQUE KEY `colletion_element_value` (`qa_ce_higher_bandwidth1_value`,`reference_key_name`,`reference_key_value`);

--
-- Indexes for table `qa_ce_line`
--
ALTER TABLE `qa_ce_line`
  ADD PRIMARY KEY (`qa_ce_line_id`);

--
-- Indexes for table `qa_ce_lower_bandwidth1`
--
ALTER TABLE `qa_ce_lower_bandwidth1`
  ADD PRIMARY KEY (`qa_ce_lower_bandwidth1_id`),
  ADD UNIQUE KEY `colletion_element_value` (`qa_ce_lower_bandwidth1_value`,`reference_key_name`,`reference_key_value`);

--
-- Indexes for table `qa_ce_lower_bandwidth2`
--
ALTER TABLE `qa_ce_lower_bandwidth2`
  ADD PRIMARY KEY (`qa_ce_lower_bandwidth2_id`),
  ADD UNIQUE KEY `colletion_element_value` (`qa_ce_lower_bandwidth2_value`,`reference_key_name`,`reference_key_value`);

--
-- Indexes for table `qa_ce_quality_rating`
--
ALTER TABLE `qa_ce_quality_rating`
  ADD PRIMARY KEY (`qa_ce_quality_rating_id`),
  ADD UNIQUE KEY `colletion_element_value` (`qa_ce_quality_rating_value`,`reference_key_name`,`reference_key_value`);

--
-- Indexes for table `qa_ce_spectra_reading`
--
ALTER TABLE `qa_ce_spectra_reading`
  ADD PRIMARY KEY (`qa_ce_spectra_reading_id`),
  ADD UNIQUE KEY `colletion_element_value` (`qa_ce_spectra_reading_value`,`reference_key_name`,`reference_key_value`);

--
-- Indexes for table `qa_ce_spectrum_range`
--
ALTER TABLE `qa_ce_spectrum_range`
  ADD PRIMARY KEY (`qa_ce_spectrum_range_id`),
  ADD UNIQUE KEY `colletion_element_value` (`qa_ce_spectrum_range_value`,`reference_key_name`,`reference_key_value`);

--
-- Indexes for table `qa_cp_assignment_header`
--
ALTER TABLE `qa_cp_assignment_header`
  ADD PRIMARY KEY (`qa_cp_assignment_header_id`);

--
-- Indexes for table `qa_cp_assignment_line`
--
ALTER TABLE `qa_cp_assignment_line`
  ADD PRIMARY KEY (`qa_cp_assignment_line_id`);

--
-- Indexes for table `qa_cp_header`
--
ALTER TABLE `qa_cp_header`
  ADD PRIMARY KEY (`qa_cp_header_id`);

--
-- Indexes for table `qa_cp_line`
--
ALTER TABLE `qa_cp_line`
  ADD PRIMARY KEY (`qa_cp_line_id`);

--
-- Indexes for table `qa_specification_header`
--
ALTER TABLE `qa_specification_header`
  ADD PRIMARY KEY (`qa_specification_header_id`);

--
-- Indexes for table `qa_specification_line`
--
ALTER TABLE `qa_specification_line`
  ADD PRIMARY KEY (`qa_specification_line_id`);

--
-- Indexes for table `role_access`
--
ALTER TABLE `role_access`
  ADD PRIMARY KEY (`role_access_id`);

--
-- Indexes for table `role_path`
--
ALTER TABLE `role_path`
  ADD PRIMARY KEY (`role_path_id`);

--
-- Indexes for table `sd_delivery_header`
--
ALTER TABLE `sd_delivery_header`
  ADD PRIMARY KEY (`sd_delivery_header_id`);

--
-- Indexes for table `sd_delivery_line`
--
ALTER TABLE `sd_delivery_line`
  ADD PRIMARY KEY (`sd_delivery_line_id`);

--
-- Indexes for table `sd_document_relation`
--
ALTER TABLE `sd_document_relation`
  ADD PRIMARY KEY (`mdm_price_list_header_id`),
  ADD UNIQUE KEY `org_id` (`module_name`,`currency_code`),
  ADD UNIQUE KEY `price_list` (`price_list`);

--
-- Indexes for table `sd_document_type`
--
ALTER TABLE `sd_document_type`
  ADD PRIMARY KEY (`sd_document_type_id`),
  ADD UNIQUE KEY `document_type_name` (`document_type_name`,`bu_org_id_r`);

--
-- Indexes for table `sd_lead`
--
ALTER TABLE `sd_lead`
  ADD PRIMARY KEY (`sd_lead_id`),
  ADD UNIQUE KEY `job_code` (`lead_number`);

--
-- Indexes for table `sd_opportunity`
--
ALTER TABLE `sd_opportunity`
  ADD PRIMARY KEY (`sd_opportunity_id`),
  ADD UNIQUE KEY `job_code` (`opportunity_number`);

--
-- Indexes for table `sd_quote_header`
--
ALTER TABLE `sd_quote_header`
  ADD PRIMARY KEY (`sd_quote_header_id`);

--
-- Indexes for table `sd_quote_line`
--
ALTER TABLE `sd_quote_line`
  ADD PRIMARY KEY (`sd_quote_line_id`);

--
-- Indexes for table `sd_sales_control`
--
ALTER TABLE `sd_sales_control`
  ADD PRIMARY KEY (`sd_sales_control_id`);

--
-- Indexes for table `sd_shipping_control`
--
ALTER TABLE `sd_shipping_control`
  ADD PRIMARY KEY (`sd_shipping_control_id`);

--
-- Indexes for table `sd_so_header`
--
ALTER TABLE `sd_so_header`
  ADD PRIMARY KEY (`sd_so_header_id`),
  ADD UNIQUE KEY `order_reference_table` (`order_reference_table`,`order_reference_id`);

--
-- Indexes for table `sd_so_line`
--
ALTER TABLE `sd_so_line`
  ADD PRIMARY KEY (`sd_so_line_id`),
  ADD UNIQUE KEY `sd_so_header_id_2` (`sd_so_header_id`,`line_number`),
  ADD UNIQUE KEY `sd_so_header_id` (`sd_so_header_id`,`item_id_m`,`requested_date`);

--
-- Indexes for table `sd_store`
--
ALTER TABLE `sd_store`
  ADD PRIMARY KEY (`sd_store_id`),
  ADD UNIQUE KEY `org` (`store_name`),
  ADD UNIQUE KEY `code` (`code`),
  ADD KEY `inventory_id` (`org_id`);

--
-- Indexes for table `sd_store_subinventory`
--
ALTER TABLE `sd_store_subinventory`
  ADD PRIMARY KEY (`sd_store_subinventory_id`),
  ADD UNIQUE KEY `sd_store_id` (`sd_store_id`,`subinventory_id`);

--
-- Indexes for table `sf_item_file1`
--
ALTER TABLE `sf_item_file1`
  ADD PRIMARY KEY (`sf_item_file1_id`),
  ADD UNIQUE KEY `secondary_field_value` (`sf_item_file1_value`,`reference_key_name`,`reference_key_value`);

--
-- Indexes for table `sf_item_image1`
--
ALTER TABLE `sf_item_image1`
  ADD PRIMARY KEY (`sf_item_image1_id`),
  ADD UNIQUE KEY `secondary_field_value` (`sf_item_image1_value`,`reference_key_name`,`reference_key_value`);

--
-- Indexes for table `sf_item_image2`
--
ALTER TABLE `sf_item_image2`
  ADD PRIMARY KEY (`sf_item_image2_id`),
  ADD UNIQUE KEY `secondary_field_value` (`sf_item_image2_value`,`reference_key_name`,`reference_key_value`);

--
-- Indexes for table `sf_item_inv_category`
--
ALTER TABLE `sf_item_inv_category`
  ADD PRIMARY KEY (`sf_item_inv_category_id`),
  ADD UNIQUE KEY `secondary_field_value` (`sf_item_inv_category_value`,`reference_key_name`,`reference_key_value`);

--
-- Indexes for table `sf_item_pur_category`
--
ALTER TABLE `sf_item_pur_category`
  ADD PRIMARY KEY (`sf_item_pur_category_id`),
  ADD UNIQUE KEY `secondary_field_value` (`sf_item_pur_category_value`,`reference_key_name`,`reference_key_value`);

--
-- Indexes for table `site_info`
--
ALTER TABLE `site_info`
  ADD UNIQUE KEY `name` (`site_name`);

--
-- Indexes for table `subinventory`
--
ALTER TABLE `subinventory`
  ADD PRIMARY KEY (`subinventory_id`);

--
-- Indexes for table `supplier`
--
ALTER TABLE `supplier`
  ADD PRIMARY KEY (`supplier_id`),
  ADD UNIQUE KEY `supplier_number` (`supplier_number`),
  ADD UNIQUE KEY `supplier_name` (`supplier_name`);

--
-- Indexes for table `supplier_bu`
--
ALTER TABLE `supplier_bu`
  ADD PRIMARY KEY (`supplier_bu_id`),
  ADD UNIQUE KEY `supplier_id` (`supplier_id`,`org_id`);

--
-- Indexes for table `supplier_site`
--
ALTER TABLE `supplier_site`
  ADD PRIMARY KEY (`supplier_site_id`),
  ADD UNIQUE KEY `supplier_site_number` (`supplier_site_number`),
  ADD KEY `supplier_site_ref` (`supplier_site_ref`);

--
-- Indexes for table `system_path`
--
ALTER TABLE `system_path`
  ADD PRIMARY KEY (`path_id`);

--
-- Indexes for table `sys_catalog_header`
--
ALTER TABLE `sys_catalog_header`
  ADD PRIMARY KEY (`sys_catalog_header_id`),
  ADD UNIQUE KEY `value_group` (`catalog`);

--
-- Indexes for table `sys_catalog_line`
--
ALTER TABLE `sys_catalog_line`
  ADD PRIMARY KEY (`sys_catalog_line_id`),
  ADD UNIQUE KEY `sys_catalog_header_id` (`sys_catalog_header_id`,`line_name`);

--
-- Indexes for table `sys_catalog_value`
--
ALTER TABLE `sys_catalog_value`
  ADD PRIMARY KEY (`sys_catalog_value_id`),
  ADD UNIQUE KEY `sys_catalog_line_id` (`sys_catalog_line_id`,`reference_table`,`reference_id`);

--
-- Indexes for table `sys_document_sequence`
--
ALTER TABLE `sys_document_sequence`
  ADD PRIMARY KEY (`sys_document_sequence_id`),
  ADD UNIQUE KEY `org_id` (`bu_org_id`,`next_number`,`document_type`);

--
-- Indexes for table `sys_dynamic_block_header`
--
ALTER TABLE `sys_dynamic_block_header`
  ADD PRIMARY KEY (`sys_dynamic_block_header_id`),
  ADD UNIQUE KEY `reference_table` (`block_id`,`name`);

--
-- Indexes for table `sys_dynamic_block_line`
--
ALTER TABLE `sys_dynamic_block_line`
  ADD PRIMARY KEY (`sys_dynamic_block_line_id`),
  ADD UNIQUE KEY `reference_table` (`dynamic_block_header_id`,`content_type`);

--
-- Indexes for table `sys_extra_field`
--
ALTER TABLE `sys_extra_field`
  ADD PRIMARY KEY (`sys_extra_field_id`);

--
-- Indexes for table `sys_extra_field_instance`
--
ALTER TABLE `sys_extra_field_instance`
  ADD PRIMARY KEY (`sys_extra_field_instance_id`),
  ADD UNIQUE KEY `sys_extra_field_id` (`sys_extra_field_id`,`reference_type`,`reference_key_name`,`reference_key_value`);

--
-- Indexes for table `sys_hold`
--
ALTER TABLE `sys_hold`
  ADD PRIMARY KEY (`sys_hold_id`),
  ADD UNIQUE KEY `job_code` (`hold_code`),
  ADD UNIQUE KEY `job_name` (`hold_name`),
  ADD UNIQUE KEY `job_code_2` (`hold_code`),
  ADD UNIQUE KEY `job_name_2` (`hold_name`);

--
-- Indexes for table `sys_hold_reference`
--
ALTER TABLE `sys_hold_reference`
  ADD PRIMARY KEY (`sys_hold_reference_id`),
  ADD UNIQUE KEY `hold_code` (`hold_code`,`reference_table`,`reference_id`,`hold_count`);

--
-- Indexes for table `sys_message_format`
--
ALTER TABLE `sys_message_format`
  ADD PRIMARY KEY (`sys_message_format_id`);

--
-- Indexes for table `sys_notification`
--
ALTER TABLE `sys_notification`
  ADD PRIMARY KEY (`sys_notification_id`);

--
-- Indexes for table `sys_notification_group`
--
ALTER TABLE `sys_notification_group`
  ADD PRIMARY KEY (`sys_notification_group_id`),
  ADD UNIQUE KEY `user_name` (`notification_name`);

--
-- Indexes for table `sys_pd_header`
--
ALTER TABLE `sys_pd_header`
  ADD PRIMARY KEY (`sys_pd_header_id`),
  ADD UNIQUE KEY `release_number` (`security_level`,`change_type`),
  ADD UNIQUE KEY `po_header_id` (`sys_pd_header_id`,`security_level`);

--
-- Indexes for table `sys_pd_pflow_action_val`
--
ALTER TABLE `sys_pd_pflow_action_val`
  ADD PRIMARY KEY (`sys_pd_pflow_action_val_id`),
  ADD UNIQUE KEY `document_type_name` (`sys_process_flow_action_id`,`comment_i`);

--
-- Indexes for table `sys_pd_process_flow_action`
--
ALTER TABLE `sys_pd_process_flow_action`
  ADD PRIMARY KEY (`sys_pd_process_flow_action_id`),
  ADD UNIQUE KEY `sys_pd_header_id` (`sys_pd_header_id`,`sys_process_flow_line_id`);

--
-- Indexes for table `sys_permission`
--
ALTER TABLE `sys_permission`
  ADD PRIMARY KEY (`sys_permission_id`),
  ADD UNIQUE KEY `permision` (`permision`,`class`);

--
-- Indexes for table `sys_pflow_action_val`
--
ALTER TABLE `sys_pflow_action_val`
  ADD PRIMARY KEY (`sys_pflow_action_val_id`),
  ADD UNIQUE KEY `document_type_name` (`sys_process_flow_action_id`,`comment_i`);

--
-- Indexes for table `sys_printer`
--
ALTER TABLE `sys_printer`
  ADD PRIMARY KEY (`sys_printer_id`),
  ADD UNIQUE KEY `printer_name` (`printer_name`);

--
-- Indexes for table `sys_process_flow_action`
--
ALTER TABLE `sys_process_flow_action`
  ADD PRIMARY KEY (`sys_process_flow_action_id`),
  ADD UNIQUE KEY `document_type_name` (`sys_process_flow_line_id`,`role_code`),
  ADD UNIQUE KEY `sys_process_flow_line_id` (`sys_process_flow_line_id`,`role_code`),
  ADD UNIQUE KEY `sys_process_flow_line_id_2` (`sys_process_flow_line_id`,`user_id`);

--
-- Indexes for table `sys_process_flow_header`
--
ALTER TABLE `sys_process_flow_header`
  ADD PRIMARY KEY (`sys_process_flow_header_id`),
  ADD UNIQUE KEY `document_type_name` (`process_flow`,`module_name`);

--
-- Indexes for table `sys_process_flow_line`
--
ALTER TABLE `sys_process_flow_line`
  ADD PRIMARY KEY (`sys_process_flow_line_id`),
  ADD UNIQUE KEY `document_type_name` (`sys_process_flow_header_id`,`line_name`);

--
-- Indexes for table `sys_profile_header`
--
ALTER TABLE `sys_profile_header`
  ADD PRIMARY KEY (`sys_profile_header_id`),
  ADD UNIQUE KEY `profile_name` (`profile_name`);

--
-- Indexes for table `sys_profile_line`
--
ALTER TABLE `sys_profile_line`
  ADD PRIMARY KEY (`sys_profile_line_id`),
  ADD UNIQUE KEY `sys_profile_header_id_2` (`sys_profile_header_id`,`profile_level`,`level_name`,`level_value`);

--
-- Indexes for table `sys_program`
--
ALTER TABLE `sys_program`
  ADD PRIMARY KEY (`sys_program_id`);

--
-- Indexes for table `sys_program_schedule`
--
ALTER TABLE `sys_program_schedule`
  ADD PRIMARY KEY (`sys_program_schedule_id`);

--
-- Indexes for table `sys_program_status`
--
ALTER TABLE `sys_program_status`
  ADD PRIMARY KEY (`sys_program_status_id`);

--
-- Indexes for table `sys_rfid_interface`
--
ALTER TABLE `sys_rfid_interface`
  ADD PRIMARY KEY (`sys_rfid_interface_id`),
  ADD UNIQUE KEY `tag_number` (`tag_number`,`antena_number`,`time_stamp`);

--
-- Indexes for table `sys_role_permission`
--
ALTER TABLE `sys_role_permission`
  ADD PRIMARY KEY (`sys_role_permission_id`);

--
-- Indexes for table `sys_secondary_field`
--
ALTER TABLE `sys_secondary_field`
  ADD PRIMARY KEY (`sys_secondary_field_id`);

--
-- Indexes for table `sys_secondary_field_inst`
--
ALTER TABLE `sys_secondary_field_inst`
  ADD PRIMARY KEY (`sys_secondary_field_inst_id`),
  ADD UNIQUE KEY `sys_extra_field_id` (`sys_secondary_field_id`,`reference_type`,`reference_key_name`,`reference_key_value`);

--
-- Indexes for table `sys_spd_header`
--
ALTER TABLE `sys_spd_header`
  ADD PRIMARY KEY (`sys_spd_header_id`),
  ADD UNIQUE KEY `release_number` (`security_level`,`change_type`),
  ADD UNIQUE KEY `po_header_id` (`sys_spd_header_id`,`security_level`),
  ADD UNIQUE KEY `primary_document` (`primary_document`,`primary_document_id`);

--
-- Indexes for table `sys_spd_process_flow_action`
--
ALTER TABLE `sys_spd_process_flow_action`
  ADD PRIMARY KEY (`sys_spd_process_flow_action_id`),
  ADD UNIQUE KEY `sys_pd_header_id` (`sys_spd_header_id`,`sys_process_flow_line_id`);

--
-- Indexes for table `sys_value_group_header`
--
ALTER TABLE `sys_value_group_header`
  ADD PRIMARY KEY (`sys_value_group_header_id`),
  ADD UNIQUE KEY `value_group` (`value_group`);

--
-- Indexes for table `sys_value_group_line`
--
ALTER TABLE `sys_value_group_line`
  ADD PRIMARY KEY (`sys_value_group_line_id`),
  ADD UNIQUE KEY `sys_value_group_header_id` (`sys_value_group_header_id`,`code`),
  ADD KEY `option_header_id` (`sys_value_group_header_id`);

--
-- Indexes for table `transaction_type`
--
ALTER TABLE `transaction_type`
  ADD PRIMARY KEY (`transaction_type_id`);

--
-- Indexes for table `uom`
--
ALTER TABLE `uom`
  ADD PRIMARY KEY (`uom_id`),
  ADD UNIQUE KEY `name` (`uom_name`);

--
-- Indexes for table `user_dashboard_config`
--
ALTER TABLE `user_dashboard_config`
  ADD PRIMARY KEY (`user_dashboard_config_id`);

--
-- Indexes for table `user_favourite`
--
ALTER TABLE `user_favourite`
  ADD PRIMARY KEY (`user_favourite_id`);

--
-- Indexes for table `user_group`
--
ALTER TABLE `user_group`
  ADD PRIMARY KEY (`user_group_id`),
  ADD UNIQUE KEY `user_group_code` (`user_group_code`,`ino_user_id`);

--
-- Indexes for table `user_group_access`
--
ALTER TABLE `user_group_access`
  ADD PRIMARY KEY (`user_group_access_id`),
  ADD UNIQUE KEY `user_group_code` (`user_group_code`,`org_id`,`access_level`);

--
-- Indexes for table `user_password_reset`
--
ALTER TABLE `user_password_reset`
  ADD PRIMARY KEY (`user_password_reset_id`);

--
-- Indexes for table `user_role`
--
ALTER TABLE `user_role`
  ADD PRIMARY KEY (`user_role_id`);

--
-- Indexes for table `user_supplier`
--
ALTER TABLE `user_supplier`
  ADD PRIMARY KEY (`user_supplier_id`);

--
-- Indexes for table `view_path`
--
ALTER TABLE `view_path`
  ADD PRIMARY KEY (`view_path_id`),
  ADD UNIQUE KEY `view_id` (`view_id`,`column_name`);

--
-- Indexes for table `wip_accounting_group`
--
ALTER TABLE `wip_accounting_group`
  ADD PRIMARY KEY (`wip_accounting_group_id`),
  ADD UNIQUE KEY `org_id` (`org_id`,`wip_accounting_group`);

--
-- Indexes for table `wip_control`
--
ALTER TABLE `wip_control`
  ADD PRIMARY KEY (`wip_control_id`);

--
-- Indexes for table `wip_move_transaction`
--
ALTER TABLE `wip_move_transaction`
  ADD PRIMARY KEY (`wip_move_transaction_id`);

--
-- Indexes for table `wip_resource_transaction`
--
ALTER TABLE `wip_resource_transaction`
  ADD PRIMARY KEY (`wip_resource_transaction_id`);

--
-- Indexes for table `wip_wol_transaction`
--
ALTER TABLE `wip_wol_transaction`
  ADD PRIMARY KEY (`wip_wol_transaction_id`),
  ADD UNIQUE KEY `wo_number` (`description`);

--
-- Indexes for table `wip_wo_bom`
--
ALTER TABLE `wip_wo_bom`
  ADD PRIMARY KEY (`wip_wo_bom_id`),
  ADD UNIQUE KEY `bom_header_id` (`wip_wo_header_id`,`bom_sequence`),
  ADD UNIQUE KEY `bom_header_id_2` (`wip_wo_header_id`,`routing_sequence`,`component_item_id_m`);

--
-- Indexes for table `wip_wo_header`
--
ALTER TABLE `wip_wo_header`
  ADD PRIMARY KEY (`wip_wo_header_id`),
  ADD UNIQUE KEY `wo_number` (`wo_number`);

--
-- Indexes for table `wip_wo_routing_detail`
--
ALTER TABLE `wip_wo_routing_detail`
  ADD PRIMARY KEY (`wip_wo_routing_detail_id`),
  ADD UNIQUE KEY `wip_wo_routing_line_id` (`wip_wo_routing_line_id`,`resource_sequence`);

--
-- Indexes for table `wip_wo_routing_line`
--
ALTER TABLE `wip_wo_routing_line`
  ADD PRIMARY KEY (`wip_wo_routing_line_id`),
  ADD UNIQUE KEY `bom_header_id` (`wip_wo_header_id`,`routing_sequence`);

--
-- Indexes for table `xxgl_calendar`
--
ALTER TABLE `xxgl_calendar`
  ADD PRIMARY KEY (`gl_calendar_id`),
  ADD UNIQUE KEY `option_line_code` (`option_line_code`,`name`),
  ADD UNIQUE KEY `option_line_code_2` (`option_line_code`,`year`,`number`);

--
-- Indexes for table `xx_locator`
--
ALTER TABLE `xx_locator`
  ADD PRIMARY KEY (`locator_id`);

--
-- AUTO_INCREMENT for dumped tables
--

--
-- AUTO_INCREMENT for table `address`
--
ALTER TABLE `address`
  MODIFY `address_id` int(10) UNSIGNED NOT NULL AUTO_INCREMENT;
--
-- AUTO_INCREMENT for table `address_reference`
--
ALTER TABLE `address_reference`
  MODIFY `address_reference_id` int(12) UNSIGNED NOT NULL AUTO_INCREMENT;
--
-- AUTO_INCREMENT for table `adm_task_status`
--
ALTER TABLE `adm_task_status`
  MODIFY `adm_task_status_id` int(12) NOT NULL AUTO_INCREMENT;
--
-- AUTO_INCREMENT for table `adm_task_template_header`
--
ALTER TABLE `adm_task_template_header`
  MODIFY `adm_task_template_header_id` int(12) NOT NULL AUTO_INCREMENT;
--
-- AUTO_INCREMENT for table `adm_task_template_line`
--
ALTER TABLE `adm_task_template_line`
  MODIFY `adm_task_template_line_id` int(12) NOT NULL AUTO_INCREMENT;
--
-- AUTO_INCREMENT for table `adm_task_type`
--
ALTER TABLE `adm_task_type`
  MODIFY `adm_task_type_id` int(12) NOT NULL AUTO_INCREMENT, AUTO_INCREMENT=3;
--
-- AUTO_INCREMENT for table `ag_job`
--
ALTER TABLE `ag_job`
  MODIFY `ag_job_id` int(10) UNSIGNED NOT NULL AUTO_INCREMENT;
--
-- AUTO_INCREMENT for table `ag_org`
--
ALTER TABLE `ag_org`
  MODIFY `ag_org_id` int(10) UNSIGNED NOT NULL AUTO_INCREMENT;
--
-- AUTO_INCREMENT for table `am_activity_reference`
--
ALTER TABLE `am_activity_reference`
  MODIFY `am_activity_reference_id` int(10) UNSIGNED NOT NULL AUTO_INCREMENT;
--
-- AUTO_INCREMENT for table `am_asset`
--
ALTER TABLE `am_asset`
  MODIFY `am_asset_id` int(10) UNSIGNED NOT NULL AUTO_INCREMENT;
--
-- AUTO_INCREMENT for table `am_maintenance_schedule`
--
ALTER TABLE `am_maintenance_schedule`
  MODIFY `am_maintenance_schedule_id` int(10) UNSIGNED NOT NULL AUTO_INCREMENT;
--
-- AUTO_INCREMENT for table `am_meter`
--
ALTER TABLE `am_meter`
  MODIFY `am_meter_id` int(12) UNSIGNED NOT NULL AUTO_INCREMENT, AUTO_INCREMENT=2;
--
-- AUTO_INCREMENT for table `am_ms_activity_reference`
--
ALTER TABLE `am_ms_activity_reference`
  MODIFY `am_ms_activity_reference_id` int(12) UNSIGNED NOT NULL AUTO_INCREMENT;
--
-- AUTO_INCREMENT for table `am_ms_calendar_date`
--
ALTER TABLE `am_ms_calendar_date`
  MODIFY `am_ms_calendar_date_id` int(12) UNSIGNED NOT NULL AUTO_INCREMENT, AUTO_INCREMENT=9;
--
-- AUTO_INCREMENT for table `am_ms_date_rule`
--
ALTER TABLE `am_ms_date_rule`
  MODIFY `am_ms_date_rule_id` int(12) UNSIGNED NOT NULL AUTO_INCREMENT, AUTO_INCREMENT=4;
--
-- AUTO_INCREMENT for table `am_ms_meter_rule`
--
ALTER TABLE `am_ms_meter_rule`
  MODIFY `am_ms_meter_rule_id` int(12) UNSIGNED NOT NULL AUTO_INCREMENT, AUTO_INCREMENT=4;
--
-- AUTO_INCREMENT for table `am_planned_wo`
--
ALTER TABLE `am_planned_wo`
  MODIFY `am_wo_header_id` int(12) NOT NULL AUTO_INCREMENT;
--
-- AUTO_INCREMENT for table `am_wo_bom`
--
ALTER TABLE `am_wo_bom`
  MODIFY `am_wo_bom_id` int(12) UNSIGNED NOT NULL AUTO_INCREMENT;
--
-- AUTO_INCREMENT for table `am_wo_header`
--
ALTER TABLE `am_wo_header`
  MODIFY `am_wo_header_id` int(12) NOT NULL AUTO_INCREMENT;
--
-- AUTO_INCREMENT for table `am_wo_routing_detail`
--
ALTER TABLE `am_wo_routing_detail`
  MODIFY `am_wo_routing_detail_id` int(12) NOT NULL AUTO_INCREMENT;
--
-- AUTO_INCREMENT for table `am_wo_routing_line`
--
ALTER TABLE `am_wo_routing_line`
  MODIFY `am_wo_routing_line_id` int(12) NOT NULL AUTO_INCREMENT;
--
-- AUTO_INCREMENT for table `ap_payable_control`
--
ALTER TABLE `ap_payable_control`
  MODIFY `ap_payable_control_id` int(12) UNSIGNED NOT NULL AUTO_INCREMENT;
--
-- AUTO_INCREMENT for table `ap_payment_header`
--
ALTER TABLE `ap_payment_header`
  MODIFY `ap_payment_header_id` int(12) NOT NULL AUTO_INCREMENT;
--
-- AUTO_INCREMENT for table `ap_payment_interface`
--
ALTER TABLE `ap_payment_interface`
  MODIFY `ap_payment_interface_id` int(12) NOT NULL AUTO_INCREMENT;
--
-- AUTO_INCREMENT for table `ap_payment_line`
--
ALTER TABLE `ap_payment_line`
  MODIFY `ap_payment_line_id` int(12) NOT NULL AUTO_INCREMENT;
--
-- AUTO_INCREMENT for table `ap_payment_process`
--
ALTER TABLE `ap_payment_process`
  MODIFY `ap_payment_process_id` int(12) NOT NULL AUTO_INCREMENT;
--
-- AUTO_INCREMENT for table `ap_payment_terms`
--
ALTER TABLE `ap_payment_terms`
  MODIFY `term_id` int(12) NOT NULL AUTO_INCREMENT, AUTO_INCREMENT=4;
--
-- AUTO_INCREMENT for table `ap_transaction_detail`
--
ALTER TABLE `ap_transaction_detail`
  MODIFY `ap_transaction_detail_id` int(12) NOT NULL AUTO_INCREMENT;
--
-- AUTO_INCREMENT for table `ap_transaction_header`
--
ALTER TABLE `ap_transaction_header`
  MODIFY `ap_transaction_header_id` int(12) NOT NULL AUTO_INCREMENT;
--
-- AUTO_INCREMENT for table `ap_transaction_line`
--
ALTER TABLE `ap_transaction_line`
  MODIFY `ap_transaction_line_id` int(12) NOT NULL AUTO_INCREMENT;
--
-- AUTO_INCREMENT for table `ar_customer`
--
ALTER TABLE `ar_customer`
  MODIFY `ar_customer_id` int(12) NOT NULL AUTO_INCREMENT;
--
-- AUTO_INCREMENT for table `ar_customer_bu`
--
ALTER TABLE `ar_customer_bu`
  MODIFY `ar_customer_bu_id` int(12) NOT NULL AUTO_INCREMENT;
--
-- AUTO_INCREMENT for table `ar_customer_relation`
--
ALTER TABLE `ar_customer_relation`
  MODIFY `ar_customer_relation_id` int(12) NOT NULL AUTO_INCREMENT;
--
-- AUTO_INCREMENT for table `ar_customer_site`
--
ALTER TABLE `ar_customer_site`
  MODIFY `ar_customer_site_id` int(12) NOT NULL AUTO_INCREMENT;
--
-- AUTO_INCREMENT for table `ar_payment_process`
--
ALTER TABLE `ar_payment_process`
  MODIFY `ar_receipt_source_id` int(12) NOT NULL AUTO_INCREMENT;
--
-- AUTO_INCREMENT for table `ar_receipt_header`
--
ALTER TABLE `ar_receipt_header`
  MODIFY `ar_receipt_header_id` int(12) NOT NULL AUTO_INCREMENT;
--
-- AUTO_INCREMENT for table `ar_receipt_interface`
--
ALTER TABLE `ar_receipt_interface`
  MODIFY `ar_receipt_interface_id` int(12) NOT NULL AUTO_INCREMENT;
--
-- AUTO_INCREMENT for table `ar_receipt_line`
--
ALTER TABLE `ar_receipt_line`
  MODIFY `ar_receipt_line_id` int(12) NOT NULL AUTO_INCREMENT;
--
-- AUTO_INCREMENT for table `ar_receipt_source`
--
ALTER TABLE `ar_receipt_source`
  MODIFY `ar_receipt_source_id` int(12) NOT NULL AUTO_INCREMENT, AUTO_INCREMENT=3;
--
-- AUTO_INCREMENT for table `ar_receivable_activity`
--
ALTER TABLE `ar_receivable_activity`
  MODIFY `ar_receivable_activity_id` int(12) NOT NULL AUTO_INCREMENT;
--
-- AUTO_INCREMENT for table `ar_revenue_rule_header`
--
ALTER TABLE `ar_revenue_rule_header`
  MODIFY `ar_revenue_rule_header_id` int(12) NOT NULL AUTO_INCREMENT, AUTO_INCREMENT=2;
--
-- AUTO_INCREMENT for table `ar_revenue_rule_line`
--
ALTER TABLE `ar_revenue_rule_line`
  MODIFY `ar_revenue_rule_line_id` int(12) NOT NULL AUTO_INCREMENT;
--
-- AUTO_INCREMENT for table `ar_revenue_schedule`
--
ALTER TABLE `ar_revenue_schedule`
  MODIFY `revenue_schedule_id` int(12) NOT NULL AUTO_INCREMENT;
--
-- AUTO_INCREMENT for table `ar_sales_region`
--
ALTER TABLE `ar_sales_region`
  MODIFY `ar_sales_region_id` int(12) UNSIGNED NOT NULL AUTO_INCREMENT, AUTO_INCREMENT=2;
--
-- AUTO_INCREMENT for table `ar_transaction_adjustment`
--
ALTER TABLE `ar_transaction_adjustment`
  MODIFY `ar_transaction_adjustment_id` int(12) NOT NULL AUTO_INCREMENT;
--
-- AUTO_INCREMENT for table `ar_transaction_detail`
--
ALTER TABLE `ar_transaction_detail`
  MODIFY `ar_transaction_detail_id` int(12) NOT NULL AUTO_INCREMENT;
--
-- AUTO_INCREMENT for table `ar_transaction_header`
--
ALTER TABLE `ar_transaction_header`
  MODIFY `ar_transaction_header_id` int(12) NOT NULL AUTO_INCREMENT;
--
-- AUTO_INCREMENT for table `ar_transaction_interface`
--
ALTER TABLE `ar_transaction_interface`
  MODIFY `ar_transaction_interface_id` int(12) NOT NULL AUTO_INCREMENT;
--
-- AUTO_INCREMENT for table `ar_transaction_line`
--
ALTER TABLE `ar_transaction_line`
  MODIFY `ar_transaction_line_id` int(12) NOT NULL AUTO_INCREMENT;
--
-- AUTO_INCREMENT for table `ar_transaction_source`
--
ALTER TABLE `ar_transaction_source`
  MODIFY `ar_transaction_source_id` int(12) NOT NULL AUTO_INCREMENT, AUTO_INCREMENT=3;
--
-- AUTO_INCREMENT for table `ar_transaction_type`
--
ALTER TABLE `ar_transaction_type`
  MODIFY `ar_transaction_type_id` int(12) NOT NULL AUTO_INCREMENT, AUTO_INCREMENT=3;
--
-- AUTO_INCREMENT for table `bc_label_auto_trigger`
--
ALTER TABLE `bc_label_auto_trigger`
  MODIFY `bc_label_auto_trigger_id` int(12) NOT NULL AUTO_INCREMENT, AUTO_INCREMENT=15;
--
-- AUTO_INCREMENT for table `bc_label_format_header`
--
ALTER TABLE `bc_label_format_header`
  MODIFY `bc_label_format_header_id` int(12) NOT NULL AUTO_INCREMENT, AUTO_INCREMENT=7;
--
-- AUTO_INCREMENT for table `bc_label_format_line`
--
ALTER TABLE `bc_label_format_line`
  MODIFY `bc_label_format_line_id` int(12) NOT NULL AUTO_INCREMENT, AUTO_INCREMENT=26;
--
-- AUTO_INCREMENT for table `bc_label_request`
--
ALTER TABLE `bc_label_request`
  MODIFY `bc_label_request_id` int(12) NOT NULL AUTO_INCREMENT;
--
-- AUTO_INCREMENT for table `bc_static_label`
--
ALTER TABLE `bc_static_label`
  MODIFY `bc_static_label_id` int(12) NOT NULL AUTO_INCREMENT, AUTO_INCREMENT=6;
--
-- AUTO_INCREMENT for table `block`
--
ALTER TABLE `block`
  MODIFY `block_id` int(12) UNSIGNED NOT NULL AUTO_INCREMENT, AUTO_INCREMENT=63;
--
-- AUTO_INCREMENT for table `block_content`
--
ALTER TABLE `block_content`
  MODIFY `block_content_id` int(12) NOT NULL AUTO_INCREMENT, AUTO_INCREMENT=22;
--
-- AUTO_INCREMENT for table `bom_commonbom_line`
--
ALTER TABLE `bom_commonbom_line`
  MODIFY `bom_commonbom_line_id` int(12) NOT NULL AUTO_INCREMENT;
--
-- AUTO_INCREMENT for table `bom_config_header`
--
ALTER TABLE `bom_config_header`
  MODIFY `bom_config_header_id` int(12) NOT NULL AUTO_INCREMENT;
--
-- AUTO_INCREMENT for table `bom_config_line`
--
ALTER TABLE `bom_config_line`
  MODIFY `bom_config_line_id` int(12) NOT NULL AUTO_INCREMENT;
--
-- AUTO_INCREMENT for table `bom_cost_type`
--
ALTER TABLE `bom_cost_type`
  MODIFY `bom_cost_type_id` int(12) NOT NULL AUTO_INCREMENT, AUTO_INCREMENT=9;
--
-- AUTO_INCREMENT for table `bom_department`
--
ALTER TABLE `bom_department`
  MODIFY `bom_department_id` int(12) UNSIGNED NOT NULL AUTO_INCREMENT, AUTO_INCREMENT=6;
--
-- AUTO_INCREMENT for table `bom_dept_res_assignment`
--
ALTER TABLE `bom_dept_res_assignment`
  MODIFY `bom_dept_res_assignment_id` int(12) NOT NULL AUTO_INCREMENT, AUTO_INCREMENT=22;
--
-- AUTO_INCREMENT for table `bom_header`
--
ALTER TABLE `bom_header`
  MODIFY `bom_header_id` int(12) NOT NULL AUTO_INCREMENT;
--
-- AUTO_INCREMENT for table `bom_line`
--
ALTER TABLE `bom_line`
  MODIFY `bom_line_id` int(12) NOT NULL AUTO_INCREMENT;
--
-- AUTO_INCREMENT for table `bom_material_element`
--
ALTER TABLE `bom_material_element`
  MODIFY `bom_material_element_id` int(12) NOT NULL AUTO_INCREMENT, AUTO_INCREMENT=5;
--
-- AUTO_INCREMENT for table `bom_oh_rate_assignment`
--
ALTER TABLE `bom_oh_rate_assignment`
  MODIFY `bom_oh_rate_assignment_id` int(12) NOT NULL AUTO_INCREMENT, AUTO_INCREMENT=12;
--
-- AUTO_INCREMENT for table `bom_oh_res_assignment`
--
ALTER TABLE `bom_oh_res_assignment`
  MODIFY `bom_oh_res_assignment_id` int(12) NOT NULL AUTO_INCREMENT, AUTO_INCREMENT=15;
--
-- AUTO_INCREMENT for table `bom_overhead`
--
ALTER TABLE `bom_overhead`
  MODIFY `bom_overhead_id` int(12) UNSIGNED NOT NULL AUTO_INCREMENT, AUTO_INCREMENT=6;
--
-- AUTO_INCREMENT for table `bom_resource`
--
ALTER TABLE `bom_resource`
  MODIFY `bom_resource_id` int(12) NOT NULL AUTO_INCREMENT, AUTO_INCREMENT=6;
--
-- AUTO_INCREMENT for table `bom_resource_cost`
--
ALTER TABLE `bom_resource_cost`
  MODIFY `bom_resource_cost_id` int(12) NOT NULL AUTO_INCREMENT, AUTO_INCREMENT=13;
--
-- AUTO_INCREMENT for table `bom_routing_detail`
--
ALTER TABLE `bom_routing_detail`
  MODIFY `bom_routing_detail_id` int(12) NOT NULL AUTO_INCREMENT;
--
-- AUTO_INCREMENT for table `bom_routing_header`
--
ALTER TABLE `bom_routing_header`
  MODIFY `bom_routing_header_id` int(12) NOT NULL AUTO_INCREMENT;
--
-- AUTO_INCREMENT for table `bom_routing_line`
--
ALTER TABLE `bom_routing_line`
  MODIFY `bom_routing_line_id` int(12) NOT NULL AUTO_INCREMENT;
--
-- AUTO_INCREMENT for table `bom_standard_operation`
--
ALTER TABLE `bom_standard_operation`
  MODIFY `bom_standard_operation_id` int(12) NOT NULL AUTO_INCREMENT;
--
-- AUTO_INCREMENT for table `bom_stnd_op_res_assignment`
--
ALTER TABLE `bom_stnd_op_res_assignment`
  MODIFY `bom_stnd_op_res_assignment_id` int(12) NOT NULL AUTO_INCREMENT;
--
-- AUTO_INCREMENT for table `business`
--
ALTER TABLE `business`
  MODIFY `business_id` int(12) NOT NULL AUTO_INCREMENT, AUTO_INCREMENT=5;
--
-- AUTO_INCREMENT for table `category`
--
ALTER TABLE `category`
  MODIFY `category_id` int(12) NOT NULL AUTO_INCREMENT, AUTO_INCREMENT=86;
--
-- AUTO_INCREMENT for table `category_reference`
--
ALTER TABLE `category_reference`
  MODIFY `category_reference_id` int(12) NOT NULL AUTO_INCREMENT, AUTO_INCREMENT=536;
--
-- AUTO_INCREMENT for table `cc_co_header`
--
ALTER TABLE `cc_co_header`
  MODIFY `cc_co_header_id` int(12) NOT NULL AUTO_INCREMENT;
--
-- AUTO_INCREMENT for table `cc_co_line`
--
ALTER TABLE `cc_co_line`
  MODIFY `cc_co_line_id` int(12) NOT NULL AUTO_INCREMENT;
--
-- AUTO_INCREMENT for table `cc_co_line_value`
--
ALTER TABLE `cc_co_line_value`
  MODIFY `cc_co_line_value_id` int(12) NOT NULL AUTO_INCREMENT;
--
-- AUTO_INCREMENT for table `cc_co_pflow_action_value`
--
ALTER TABLE `cc_co_pflow_action_value`
  MODIFY `cc_co_pflow_action_value_id` int(12) NOT NULL AUTO_INCREMENT;
--
-- AUTO_INCREMENT for table `cc_co_process_flow_action`
--
ALTER TABLE `cc_co_process_flow_action`
  MODIFY `cc_co_process_flow_action_id` int(12) NOT NULL AUTO_INCREMENT;
--
-- AUTO_INCREMENT for table `cc_co_template_header`
--
ALTER TABLE `cc_co_template_header`
  MODIFY `cc_co_template_header_id` int(12) NOT NULL AUTO_INCREMENT, AUTO_INCREMENT=2;
--
-- AUTO_INCREMENT for table `cc_co_template_line`
--
ALTER TABLE `cc_co_template_line`
  MODIFY `cc_co_template_line_id` int(12) NOT NULL AUTO_INCREMENT, AUTO_INCREMENT=10;
--
-- AUTO_INCREMENT for table `coa`
--
ALTER TABLE `coa`
  MODIFY `coa_id` int(12) NOT NULL AUTO_INCREMENT, AUTO_INCREMENT=4;
--
-- AUTO_INCREMENT for table `coa_combination`
--
ALTER TABLE `coa_combination`
  MODIFY `coa_combination_id` int(12) NOT NULL AUTO_INCREMENT;
--
-- AUTO_INCREMENT for table `coa_combination_1`
--
ALTER TABLE `coa_combination_1`
  MODIFY `coa_combination_id` int(12) NOT NULL AUTO_INCREMENT;
--
-- AUTO_INCREMENT for table `coa_segment_values`
--
ALTER TABLE `coa_segment_values`
  MODIFY `coa_segment_values_id` int(12) UNSIGNED NOT NULL AUTO_INCREMENT;
--
-- AUTO_INCREMENT for table `common_bom_line`
--
ALTER TABLE `common_bom_line`
  MODIFY `bom_line_id` int(12) NOT NULL AUTO_INCREMENT;
--
-- AUTO_INCREMENT for table `content`
--
ALTER TABLE `content`
  MODIFY `content_id` int(12) NOT NULL AUTO_INCREMENT;
--
-- AUTO_INCREMENT for table `content_type`
--
ALTER TABLE `content_type`
  MODIFY `content_type_id` int(12) NOT NULL AUTO_INCREMENT, AUTO_INCREMENT=51;
--
-- AUTO_INCREMENT for table `content_type_reference`
--
ALTER TABLE `content_type_reference`
  MODIFY `content_type_reference_id` int(12) NOT NULL AUTO_INCREMENT, AUTO_INCREMENT=41;
--
-- AUTO_INCREMENT for table `cst_item_cost_header`
--
ALTER TABLE `cst_item_cost_header`
  MODIFY `cst_item_cost_header_id` int(12) NOT NULL AUTO_INCREMENT;
--
-- AUTO_INCREMENT for table `cst_item_cost_line`
--
ALTER TABLE `cst_item_cost_line`
  MODIFY `cst_item_cost_line_id` int(12) NOT NULL AUTO_INCREMENT;
--
-- AUTO_INCREMENT for table `cst_item_cost_line_pre`
--
ALTER TABLE `cst_item_cost_line_pre`
  MODIFY `cst_item_cost_line_pre_id` int(12) NOT NULL AUTO_INCREMENT;
--
-- AUTO_INCREMENT for table `ec_cart`
--
ALTER TABLE `ec_cart`
  MODIFY `ec_cart_id` int(12) UNSIGNED NOT NULL AUTO_INCREMENT;
--
-- AUTO_INCREMENT for table `ec_paid_order`
--
ALTER TABLE `ec_paid_order`
  MODIFY `ec_paid_order_id` int(12) UNSIGNED NOT NULL AUTO_INCREMENT;
--
-- AUTO_INCREMENT for table `ec_payment_method`
--
ALTER TABLE `ec_payment_method`
  MODIFY `ec_payment_method_id` int(12) UNSIGNED NOT NULL AUTO_INCREMENT;
--
-- AUTO_INCREMENT for table `ec_product`
--
ALTER TABLE `ec_product`
  MODIFY `ec_product_id` int(12) UNSIGNED NOT NULL AUTO_INCREMENT;
--
-- AUTO_INCREMENT for table `ef_f_wavelength`
--
ALTER TABLE `ef_f_wavelength`
  MODIFY `ef_f_wavelength_id` int(12) NOT NULL AUTO_INCREMENT;
--
-- AUTO_INCREMENT for table `ef_grade`
--
ALTER TABLE `ef_grade`
  MODIFY `ef_grade_id` int(12) NOT NULL AUTO_INCREMENT;
--
-- AUTO_INCREMENT for table `ef_length`
--
ALTER TABLE `ef_length`
  MODIFY `ef_length_id` int(12) NOT NULL AUTO_INCREMENT;
--
-- AUTO_INCREMENT for table `ef_per_master_file`
--
ALTER TABLE `ef_per_master_file`
  MODIFY `ef_per_master_file_id` int(12) NOT NULL AUTO_INCREMENT;
--
-- AUTO_INCREMENT for table `ef_power_cable`
--
ALTER TABLE `ef_power_cable`
  MODIFY `ef_power_cable_id` int(12) NOT NULL AUTO_INCREMENT;
--
-- AUTO_INCREMENT for table `ef_serial_status`
--
ALTER TABLE `ef_serial_status`
  MODIFY `ef_serial_status_id` int(12) NOT NULL AUTO_INCREMENT;
--
-- AUTO_INCREMENT for table `engine`
--
ALTER TABLE `engine`
  MODIFY `engine_id` int(12) UNSIGNED NOT NULL AUTO_INCREMENT, AUTO_INCREMENT=407;
--
-- AUTO_INCREMENT for table `enterprise`
--
ALTER TABLE `enterprise`
  MODIFY `enterprise_id` int(12) UNSIGNED NOT NULL AUTO_INCREMENT, AUTO_INCREMENT=44;
--
-- AUTO_INCREMENT for table `extn_comment`
--
ALTER TABLE `extn_comment`
  MODIFY `extn_comment_id` int(12) NOT NULL AUTO_INCREMENT;
--
-- AUTO_INCREMENT for table `extn_contact`
--
ALTER TABLE `extn_contact`
  MODIFY `extn_contact_id` int(12) UNSIGNED NOT NULL AUTO_INCREMENT;
--
-- AUTO_INCREMENT for table `extn_contact_reference`
--
ALTER TABLE `extn_contact_reference`
  MODIFY `extn_contact_reference_id` int(12) NOT NULL AUTO_INCREMENT;
--
-- AUTO_INCREMENT for table `extn_emessage_header`
--
ALTER TABLE `extn_emessage_header`
  MODIFY `extn_emessage_header_id` int(12) UNSIGNED NOT NULL AUTO_INCREMENT;
--
-- AUTO_INCREMENT for table `extn_emessage_line`
--
ALTER TABLE `extn_emessage_line`
  MODIFY `extn_emessage_line_id` int(12) UNSIGNED NOT NULL AUTO_INCREMENT;
--
-- AUTO_INCREMENT for table `extn_file`
--
ALTER TABLE `extn_file`
  MODIFY `extn_file_id` int(12) UNSIGNED NOT NULL AUTO_INCREMENT;
--
-- AUTO_INCREMENT for table `extn_image`
--
ALTER TABLE `extn_image`
  MODIFY `extn_image_id` int(12) UNSIGNED NOT NULL AUTO_INCREMENT;
--
-- AUTO_INCREMENT for table `extn_image_reference`
--
ALTER TABLE `extn_image_reference`
  MODIFY `extn_image_reference_id` int(12) UNSIGNED NOT NULL AUTO_INCREMENT;
--
-- AUTO_INCREMENT for table `extn_menu_header`
--
ALTER TABLE `extn_menu_header`
  MODIFY `extn_menu_header_id` int(12) NOT NULL AUTO_INCREMENT, AUTO_INCREMENT=3;
--
-- AUTO_INCREMENT for table `extn_menu_line`
--
ALTER TABLE `extn_menu_line`
  MODIFY `extn_menu_line_id` int(12) NOT NULL AUTO_INCREMENT, AUTO_INCREMENT=23;
--
-- AUTO_INCREMENT for table `extn_rating_control`
--
ALTER TABLE `extn_rating_control`
  MODIFY `pos_inv_control_id` int(12) UNSIGNED NOT NULL AUTO_INCREMENT;
--
-- AUTO_INCREMENT for table `extn_rating_values`
--
ALTER TABLE `extn_rating_values`
  MODIFY `extn_rating_values_id` int(12) NOT NULL AUTO_INCREMENT;
--
-- AUTO_INCREMENT for table `extn_report`
--
ALTER TABLE `extn_report`
  MODIFY `extn_report_id` int(12) UNSIGNED NOT NULL AUTO_INCREMENT, AUTO_INCREMENT=20;
--
-- AUTO_INCREMENT for table `extn_report_path`
--
ALTER TABLE `extn_report_path`
  MODIFY `extn_report_path_id` int(12) NOT NULL AUTO_INCREMENT;
--
-- AUTO_INCREMENT for table `extn_social_login`
--
ALTER TABLE `extn_social_login`
  MODIFY `extn_social_login_id` int(12) NOT NULL AUTO_INCREMENT, AUTO_INCREMENT=3;
--
-- AUTO_INCREMENT for table `extn_subscribe`
--
ALTER TABLE `extn_subscribe`
  MODIFY `extn_subscribe_id` int(20) UNSIGNED NOT NULL AUTO_INCREMENT;
--
-- AUTO_INCREMENT for table `extn_theme`
--
ALTER TABLE `extn_theme`
  MODIFY `extn_theme_id` int(12) UNSIGNED NOT NULL AUTO_INCREMENT;
--
-- AUTO_INCREMENT for table `extn_uprofile`
--
ALTER TABLE `extn_uprofile`
  MODIFY `extn_uprofile_id` int(12) NOT NULL AUTO_INCREMENT;
--
-- AUTO_INCREMENT for table `extn_view`
--
ALTER TABLE `extn_view`
  MODIFY `view_id` int(12) UNSIGNED NOT NULL AUTO_INCREMENT;
--
-- AUTO_INCREMENT for table `extra_field_calculated_power`
--
ALTER TABLE `extra_field_calculated_power`
  MODIFY `extra_field_calculated_power_id` int(12) NOT NULL AUTO_INCREMENT;
--
-- AUTO_INCREMENT for table `ext_test_case_header`
--
ALTER TABLE `ext_test_case_header`
  MODIFY `ext_test_case_header_id` int(12) NOT NULL AUTO_INCREMENT;
--
-- AUTO_INCREMENT for table `ext_test_case_line`
--
ALTER TABLE `ext_test_case_line`
  MODIFY `ext_test_case_line_id` int(12) NOT NULL AUTO_INCREMENT;
--
-- AUTO_INCREMENT for table `ext_url_alias`
--
ALTER TABLE `ext_url_alias`
  MODIFY `ext_url_alias_id` int(12) NOT NULL AUTO_INCREMENT, AUTO_INCREMENT=17;
--
-- AUTO_INCREMENT for table `fa_asset`
--
ALTER TABLE `fa_asset`
  MODIFY `fa_asset_id` int(10) UNSIGNED NOT NULL AUTO_INCREMENT;
--
-- AUTO_INCREMENT for table `fa_asset_assignment`
--
ALTER TABLE `fa_asset_assignment`
  MODIFY `fa_asset_assignment_id` int(12) UNSIGNED NOT NULL AUTO_INCREMENT;
--
-- AUTO_INCREMENT for table `fa_asset_book`
--
ALTER TABLE `fa_asset_book`
  MODIFY `fa_asset_book_id` int(10) UNSIGNED NOT NULL AUTO_INCREMENT;
--
-- AUTO_INCREMENT for table `fa_asset_book_info`
--
ALTER TABLE `fa_asset_book_info`
  MODIFY `fa_asset_book_info_id` int(10) UNSIGNED NOT NULL AUTO_INCREMENT;
--
-- AUTO_INCREMENT for table `fa_asset_category`
--
ALTER TABLE `fa_asset_category`
  MODIFY `fa_asset_category_id` int(12) UNSIGNED NOT NULL AUTO_INCREMENT;
--
-- AUTO_INCREMENT for table `fa_asset_component`
--
ALTER TABLE `fa_asset_component`
  MODIFY `fa_asset_component_id` int(12) UNSIGNED NOT NULL AUTO_INCREMENT;
--
-- AUTO_INCREMENT for table `fa_asset_retirement`
--
ALTER TABLE `fa_asset_retirement`
  MODIFY `fa_asset_retirement_id` int(12) UNSIGNED NOT NULL AUTO_INCREMENT;
--
-- AUTO_INCREMENT for table `fa_asset_source`
--
ALTER TABLE `fa_asset_source`
  MODIFY `fa_asset_source_id` int(12) UNSIGNED NOT NULL AUTO_INCREMENT, AUTO_INCREMENT=3;
--
-- AUTO_INCREMENT for table `fa_asset_transaction`
--
ALTER TABLE `fa_asset_transaction`
  MODIFY `fa_asset_transaction_id` int(12) NOT NULL AUTO_INCREMENT;
--
-- AUTO_INCREMENT for table `fa_book_category_assoc`
--
ALTER TABLE `fa_book_category_assoc`
  MODIFY `fa_book_category_assoc_id` int(12) UNSIGNED NOT NULL AUTO_INCREMENT;
--
-- AUTO_INCREMENT for table `fa_depreciation_header`
--
ALTER TABLE `fa_depreciation_header`
  MODIFY `fa_depreciation_header_id` int(12) UNSIGNED NOT NULL AUTO_INCREMENT;
--
-- AUTO_INCREMENT for table `fa_depreciation_line`
--
ALTER TABLE `fa_depreciation_line`
  MODIFY `fa_depreciation_line_id` int(12) UNSIGNED NOT NULL AUTO_INCREMENT;
--
-- AUTO_INCREMENT for table `fa_depreciation_method`
--
ALTER TABLE `fa_depreciation_method`
  MODIFY `fa_depreciation_method_id` int(12) UNSIGNED NOT NULL AUTO_INCREMENT;
--
-- AUTO_INCREMENT for table `fa_depreciation_method_rate`
--
ALTER TABLE `fa_depreciation_method_rate`
  MODIFY `fa_depreciation_method_rate_id` int(12) UNSIGNED NOT NULL AUTO_INCREMENT;
--
-- AUTO_INCREMENT for table `file_reference`
--
ALTER TABLE `file_reference`
  MODIFY `file_reference_id` int(12) UNSIGNED NOT NULL AUTO_INCREMENT;
--
-- AUTO_INCREMENT for table `fp_forecast_consumption`
--
ALTER TABLE `fp_forecast_consumption`
  MODIFY `fp_forecast_consumption_id` int(12) NOT NULL AUTO_INCREMENT;
--
-- AUTO_INCREMENT for table `fp_forecast_group`
--
ALTER TABLE `fp_forecast_group`
  MODIFY `fp_forecast_group_id` int(12) NOT NULL AUTO_INCREMENT, AUTO_INCREMENT=3;
--
-- AUTO_INCREMENT for table `fp_forecast_header`
--
ALTER TABLE `fp_forecast_header`
  MODIFY `fp_forecast_header_id` int(12) NOT NULL AUTO_INCREMENT, AUTO_INCREMENT=7;
--
-- AUTO_INCREMENT for table `fp_forecast_line`
--
ALTER TABLE `fp_forecast_line`
  MODIFY `fp_forecast_line_id` int(12) NOT NULL AUTO_INCREMENT;
--
-- AUTO_INCREMENT for table `fp_forecast_line_date`
--
ALTER TABLE `fp_forecast_line_date`
  MODIFY `fp_forecast_line_date_id` int(12) NOT NULL AUTO_INCREMENT;
--
-- AUTO_INCREMENT for table `fp_kanban_demand`
--
ALTER TABLE `fp_kanban_demand`
  MODIFY `fp_kanban_demand_id` int(12) NOT NULL AUTO_INCREMENT;
--
-- AUTO_INCREMENT for table `fp_kanban_header`
--
ALTER TABLE `fp_kanban_header`
  MODIFY `fp_kanban_header_id` int(12) UNSIGNED NOT NULL AUTO_INCREMENT;
--
-- AUTO_INCREMENT for table `fp_kanban_line`
--
ALTER TABLE `fp_kanban_line`
  MODIFY `fp_kanban_line_id` int(12) UNSIGNED NOT NULL AUTO_INCREMENT;
--
-- AUTO_INCREMENT for table `fp_kanban_planner_header`
--
ALTER TABLE `fp_kanban_planner_header`
  MODIFY `fp_kanban_planner_header_id` int(12) NOT NULL AUTO_INCREMENT;
--
-- AUTO_INCREMENT for table `fp_kanban_release`
--
ALTER TABLE `fp_kanban_release`
  MODIFY `fp_kanban_release_id` int(12) UNSIGNED NOT NULL AUTO_INCREMENT;
--
-- AUTO_INCREMENT for table `fp_mds_header`
--
ALTER TABLE `fp_mds_header`
  MODIFY `fp_mds_header_id` int(12) NOT NULL AUTO_INCREMENT;
--
-- AUTO_INCREMENT for table `fp_mds_line`
--
ALTER TABLE `fp_mds_line`
  MODIFY `fp_mds_line_id` int(12) NOT NULL AUTO_INCREMENT;
--
-- AUTO_INCREMENT for table `fp_minmax_demand`
--
ALTER TABLE `fp_minmax_demand`
  MODIFY `fp_minmax_demand_id` int(12) NOT NULL AUTO_INCREMENT;
--
-- AUTO_INCREMENT for table `fp_minmax_header`
--
ALTER TABLE `fp_minmax_header`
  MODIFY `fp_minmax_header_id` int(12) NOT NULL AUTO_INCREMENT, AUTO_INCREMENT=4;
--
-- AUTO_INCREMENT for table `fp_minmax_line`
--
ALTER TABLE `fp_minmax_line`
  MODIFY `fp_minmax_line_id` int(12) NOT NULL AUTO_INCREMENT;
--
-- AUTO_INCREMENT for table `fp_mrp_demand`
--
ALTER TABLE `fp_mrp_demand`
  MODIFY `fp_mrp_demand_id` int(12) NOT NULL AUTO_INCREMENT;
--
-- AUTO_INCREMENT for table `fp_mrp_exception`
--
ALTER TABLE `fp_mrp_exception`
  MODIFY `fp_mrp_exception_id` int(12) NOT NULL AUTO_INCREMENT;
--
-- AUTO_INCREMENT for table `fp_mrp_header`
--
ALTER TABLE `fp_mrp_header`
  MODIFY `fp_mrp_header_id` int(12) NOT NULL AUTO_INCREMENT;
--
-- AUTO_INCREMENT for table `fp_mrp_lowlevel_code`
--
ALTER TABLE `fp_mrp_lowlevel_code`
  MODIFY `fp_mrp_lowlevel_code_id` int(12) NOT NULL AUTO_INCREMENT;
--
-- AUTO_INCREMENT for table `fp_mrp_planned_order`
--
ALTER TABLE `fp_mrp_planned_order`
  MODIFY `fp_mrp_planned_order_id` int(12) NOT NULL AUTO_INCREMENT;
--
-- AUTO_INCREMENT for table `fp_mrp_supply`
--
ALTER TABLE `fp_mrp_supply`
  MODIFY `fp_mrp_supply_id` int(12) NOT NULL AUTO_INCREMENT;
--
-- AUTO_INCREMENT for table `fp_planning_control`
--
ALTER TABLE `fp_planning_control`
  MODIFY `fp_planning_control_id` int(12) UNSIGNED NOT NULL AUTO_INCREMENT, AUTO_INCREMENT=5;
--
-- AUTO_INCREMENT for table `fp_source_list_header`
--
ALTER TABLE `fp_source_list_header`
  MODIFY `fp_source_list_header_id` int(12) NOT NULL AUTO_INCREMENT, AUTO_INCREMENT=6;
--
-- AUTO_INCREMENT for table `fp_source_list_line`
--
ALTER TABLE `fp_source_list_line`
  MODIFY `fp_source_list_line_id` int(12) NOT NULL AUTO_INCREMENT;
--
-- AUTO_INCREMENT for table `fp_urgent_card`
--
ALTER TABLE `fp_urgent_card`
  MODIFY `fp_urgent_card_id` int(12) NOT NULL AUTO_INCREMENT;
--
-- AUTO_INCREMENT for table `gl_balance`
--
ALTER TABLE `gl_balance`
  MODIFY `gl_balance_id` int(12) NOT NULL AUTO_INCREMENT;
--
-- AUTO_INCREMENT for table `gl_calendar`
--
ALTER TABLE `gl_calendar`
  MODIFY `gl_calendar_id` int(12) NOT NULL AUTO_INCREMENT, AUTO_INCREMENT=39;
--
-- AUTO_INCREMENT for table `gl_currency_conversion`
--
ALTER TABLE `gl_currency_conversion`
  MODIFY `gl_currency_conversion_id` int(12) UNSIGNED NOT NULL AUTO_INCREMENT;
--
-- AUTO_INCREMENT for table `gl_journal_header`
--
ALTER TABLE `gl_journal_header`
  MODIFY `gl_journal_header_id` int(12) NOT NULL AUTO_INCREMENT;
--
-- AUTO_INCREMENT for table `gl_journal_interface`
--
ALTER TABLE `gl_journal_interface`
  MODIFY `gl_journal_interface_id` int(12) NOT NULL AUTO_INCREMENT;
--
-- AUTO_INCREMENT for table `gl_journal_line`
--
ALTER TABLE `gl_journal_line`
  MODIFY `gl_journal_line_id` int(12) NOT NULL AUTO_INCREMENT;
--
-- AUTO_INCREMENT for table `gl_ledger`
--
ALTER TABLE `gl_ledger`
  MODIFY `gl_ledger_id` int(12) NOT NULL AUTO_INCREMENT, AUTO_INCREMENT=21;
--
-- AUTO_INCREMENT for table `gl_ledger_balancing_values`
--
ALTER TABLE `gl_ledger_balancing_values`
  MODIFY `gl_ledger_balancing_values_id` int(12) NOT NULL AUTO_INCREMENT;
--
-- AUTO_INCREMENT for table `gl_period`
--
ALTER TABLE `gl_period`
  MODIFY `gl_period_id` int(12) UNSIGNED NOT NULL AUTO_INCREMENT, AUTO_INCREMENT=32;
--
-- AUTO_INCREMENT for table `hd_change_request`
--
ALTER TABLE `hd_change_request`
  MODIFY `hd_change_request_id` int(12) UNSIGNED NOT NULL AUTO_INCREMENT;
--
-- AUTO_INCREMENT for table `hd_repair_type_line`
--
ALTER TABLE `hd_repair_type_line`
  MODIFY `hd_service_activity_line_id` int(12) NOT NULL AUTO_INCREMENT;
--
-- AUTO_INCREMENT for table `hd_sbp_header`
--
ALTER TABLE `hd_sbp_header`
  MODIFY `hd_sbp_header_id` int(6) NOT NULL AUTO_INCREMENT;
--
-- AUTO_INCREMENT for table `hd_sbp_line`
--
ALTER TABLE `hd_sbp_line`
  MODIFY `hd_sbp_line_id` int(12) NOT NULL AUTO_INCREMENT;
--
-- AUTO_INCREMENT for table `hd_service_activity_header`
--
ALTER TABLE `hd_service_activity_header`
  MODIFY `hd_service_activity_header_id` int(12) NOT NULL AUTO_INCREMENT;
--
-- AUTO_INCREMENT for table `hd_service_activity_line`
--
ALTER TABLE `hd_service_activity_line`
  MODIFY `hd_service_activity_line_id` int(12) NOT NULL AUTO_INCREMENT;
--
-- AUTO_INCREMENT for table `hd_service_contract_detail`
--
ALTER TABLE `hd_service_contract_detail`
  MODIFY `hd_service_contract_detail_id` int(12) NOT NULL AUTO_INCREMENT;
--
-- AUTO_INCREMENT for table `hd_service_contract_header`
--
ALTER TABLE `hd_service_contract_header`
  MODIFY `hd_service_contract_header_id` int(12) NOT NULL AUTO_INCREMENT;
--
-- AUTO_INCREMENT for table `hd_service_contract_line`
--
ALTER TABLE `hd_service_contract_line`
  MODIFY `hd_service_contract_line_id` int(12) NOT NULL AUTO_INCREMENT;
--
-- AUTO_INCREMENT for table `hd_service_contract_schedule`
--
ALTER TABLE `hd_service_contract_schedule`
  MODIFY `hd_service_contract_schedule_id` int(12) NOT NULL AUTO_INCREMENT;
--
-- AUTO_INCREMENT for table `hd_service_request`
--
ALTER TABLE `hd_service_request`
  MODIFY `hd_service_request_id` int(12) UNSIGNED NOT NULL AUTO_INCREMENT;
--
-- AUTO_INCREMENT for table `hd_service_type_header`
--
ALTER TABLE `hd_service_type_header`
  MODIFY `hd_service_type_header_id` int(12) NOT NULL AUTO_INCREMENT, AUTO_INCREMENT=2;
--
-- AUTO_INCREMENT for table `hd_service_type_line`
--
ALTER TABLE `hd_service_type_line`
  MODIFY `hd_service_type_line_id` int(12) NOT NULL AUTO_INCREMENT, AUTO_INCREMENT=2;
--
-- AUTO_INCREMENT for table `hd_subscription_detail`
--
ALTER TABLE `hd_subscription_detail`
  MODIFY `hd_subscription_detail_id` int(12) NOT NULL AUTO_INCREMENT;
--
-- AUTO_INCREMENT for table `hd_subscription_header`
--
ALTER TABLE `hd_subscription_header`
  MODIFY `hd_subscription_header_id` int(12) NOT NULL AUTO_INCREMENT;
--
-- AUTO_INCREMENT for table `hd_subscription_line`
--
ALTER TABLE `hd_subscription_line`
  MODIFY `hd_subscription_line_id` int(12) NOT NULL AUTO_INCREMENT;
--
-- AUTO_INCREMENT for table `hd_support_request`
--
ALTER TABLE `hd_support_request`
  MODIFY `hd_support_request_id` int(12) UNSIGNED NOT NULL AUTO_INCREMENT;
--
-- AUTO_INCREMENT for table `hd_svo_actuals`
--
ALTER TABLE `hd_svo_actuals`
  MODIFY `hd_svo_actuals_id` int(12) NOT NULL AUTO_INCREMENT;
--
-- AUTO_INCREMENT for table `hd_svo_estimates`
--
ALTER TABLE `hd_svo_estimates`
  MODIFY `hd_svo_estimates_id` int(12) NOT NULL AUTO_INCREMENT;
--
-- AUTO_INCREMENT for table `hd_svo_header`
--
ALTER TABLE `hd_svo_header`
  MODIFY `hd_svo_header_id` int(12) NOT NULL AUTO_INCREMENT;
--
-- AUTO_INCREMENT for table `hd_svo_line`
--
ALTER TABLE `hd_svo_line`
  MODIFY `hd_svo_line_id` int(12) NOT NULL AUTO_INCREMENT;
--
-- AUTO_INCREMENT for table `hd_task_type`
--
ALTER TABLE `hd_task_type`
  MODIFY `hd_task_type_id` int(12) UNSIGNED NOT NULL AUTO_INCREMENT;
--
-- AUTO_INCREMENT for table `hr_approval_limit_assign`
--
ALTER TABLE `hr_approval_limit_assign`
  MODIFY `hr_approval_limit_assign_id` int(12) UNSIGNED NOT NULL AUTO_INCREMENT, AUTO_INCREMENT=22;
--
-- AUTO_INCREMENT for table `hr_approval_limit_header`
--
ALTER TABLE `hr_approval_limit_header`
  MODIFY `hr_approval_limit_header_id` int(12) UNSIGNED NOT NULL AUTO_INCREMENT, AUTO_INCREMENT=4;
--
-- AUTO_INCREMENT for table `hr_approval_limit_line`
--
ALTER TABLE `hr_approval_limit_line`
  MODIFY `hr_approval_limit_line_id` int(12) UNSIGNED NOT NULL AUTO_INCREMENT, AUTO_INCREMENT=9;
--
-- AUTO_INCREMENT for table `hr_approval_object`
--
ALTER TABLE `hr_approval_object`
  MODIFY `hr_approval_object_id` int(12) UNSIGNED NOT NULL AUTO_INCREMENT, AUTO_INCREMENT=4;
--
-- AUTO_INCREMENT for table `hr_attendance`
--
ALTER TABLE `hr_attendance`
  MODIFY `hr_attendance_id` int(12) NOT NULL AUTO_INCREMENT;
--
-- AUTO_INCREMENT for table `hr_compensation_element`
--
ALTER TABLE `hr_compensation_element`
  MODIFY `hr_compensation_element_id` int(10) UNSIGNED NOT NULL AUTO_INCREMENT, AUTO_INCREMENT=5;
--
-- AUTO_INCREMENT for table `hr_control`
--
ALTER TABLE `hr_control`
  MODIFY `hr_control_id` int(12) UNSIGNED NOT NULL AUTO_INCREMENT, AUTO_INCREMENT=4;
--
-- AUTO_INCREMENT for table `hr_element_entry_header`
--
ALTER TABLE `hr_element_entry_header`
  MODIFY `hr_element_entry_header_id` int(12) UNSIGNED NOT NULL AUTO_INCREMENT, AUTO_INCREMENT=13;
--
-- AUTO_INCREMENT for table `hr_element_entry_line`
--
ALTER TABLE `hr_element_entry_line`
  MODIFY `hr_element_entry_line_id` int(12) UNSIGNED NOT NULL AUTO_INCREMENT, AUTO_INCREMENT=22;
--
-- AUTO_INCREMENT for table `hr_element_entry_tpl_header`
--
ALTER TABLE `hr_element_entry_tpl_header`
  MODIFY `hr_element_entry_tpl_header_id` int(12) UNSIGNED NOT NULL AUTO_INCREMENT, AUTO_INCREMENT=3;
--
-- AUTO_INCREMENT for table `hr_element_entry_tpl_line`
--
ALTER TABLE `hr_element_entry_tpl_line`
  MODIFY `hr_element_entry_tpl_line_id` int(12) UNSIGNED NOT NULL AUTO_INCREMENT, AUTO_INCREMENT=10;
--
-- AUTO_INCREMENT for table `hr_element_history_header`
--
ALTER TABLE `hr_element_history_header`
  MODIFY `hr_element_history_header_id` int(12) UNSIGNED NOT NULL AUTO_INCREMENT;
--
-- AUTO_INCREMENT for table `hr_element_history_line`
--
ALTER TABLE `hr_element_history_line`
  MODIFY `hr_element_history_line_id` int(12) UNSIGNED NOT NULL AUTO_INCREMENT;
--
-- AUTO_INCREMENT for table `hr_employee`
--
ALTER TABLE `hr_employee`
  MODIFY `hr_employee_id` int(12) UNSIGNED NOT NULL AUTO_INCREMENT;
--
-- AUTO_INCREMENT for table `hr_employee_education`
--
ALTER TABLE `hr_employee_education`
  MODIFY `hr_employee_education_id` int(12) UNSIGNED NOT NULL AUTO_INCREMENT;
--
-- AUTO_INCREMENT for table `hr_employee_experience`
--
ALTER TABLE `hr_employee_experience`
  MODIFY `hr_employee_experience_id` int(12) UNSIGNED NOT NULL AUTO_INCREMENT;
--
-- AUTO_INCREMENT for table `hr_employee_termination`
--
ALTER TABLE `hr_employee_termination`
  MODIFY `hr_employee_termination_id` int(12) UNSIGNED NOT NULL AUTO_INCREMENT;
--
-- AUTO_INCREMENT for table `hr_event_header`
--
ALTER TABLE `hr_event_header`
  MODIFY `hr_event_header_id` int(12) NOT NULL AUTO_INCREMENT;
--
-- AUTO_INCREMENT for table `hr_event_line`
--
ALTER TABLE `hr_event_line`
  MODIFY `hr_event_line_id` int(12) NOT NULL AUTO_INCREMENT;
--
-- AUTO_INCREMENT for table `hr_expense_header`
--
ALTER TABLE `hr_expense_header`
  MODIFY `hr_expense_header_id` int(12) UNSIGNED NOT NULL AUTO_INCREMENT;
--
-- AUTO_INCREMENT for table `hr_expense_line`
--
ALTER TABLE `hr_expense_line`
  MODIFY `hr_expense_line_id` int(12) UNSIGNED NOT NULL AUTO_INCREMENT;
--
-- AUTO_INCREMENT for table `hr_expense_tpl_header`
--
ALTER TABLE `hr_expense_tpl_header`
  MODIFY `hr_expense_tpl_header_id` int(12) UNSIGNED NOT NULL AUTO_INCREMENT;
--
-- AUTO_INCREMENT for table `hr_expense_tpl_line`
--
ALTER TABLE `hr_expense_tpl_line`
  MODIFY `hr_expense_tpl_line_id` int(12) UNSIGNED NOT NULL AUTO_INCREMENT;
--
-- AUTO_INCREMENT for table `hr_grade`
--
ALTER TABLE `hr_grade`
  MODIFY `hr_grade_id` int(12) NOT NULL AUTO_INCREMENT;
--
-- AUTO_INCREMENT for table `hr_job`
--
ALTER TABLE `hr_job`
  MODIFY `hr_job_id` int(10) UNSIGNED NOT NULL AUTO_INCREMENT, AUTO_INCREMENT=3;
--
-- AUTO_INCREMENT for table `hr_leave_balance`
--
ALTER TABLE `hr_leave_balance`
  MODIFY `hr_leave_balance_id` int(12) UNSIGNED NOT NULL AUTO_INCREMENT;
--
-- AUTO_INCREMENT for table `hr_leave_entitlement_header`
--
ALTER TABLE `hr_leave_entitlement_header`
  MODIFY `hr_leave_entitlement_header_id` int(12) UNSIGNED NOT NULL AUTO_INCREMENT;
--
-- AUTO_INCREMENT for table `hr_leave_entitlement_line`
--
ALTER TABLE `hr_leave_entitlement_line`
  MODIFY `hr_leave_entitlement_line_id` int(12) UNSIGNED NOT NULL AUTO_INCREMENT;
--
-- AUTO_INCREMENT for table `hr_leave_transaction`
--
ALTER TABLE `hr_leave_transaction`
  MODIFY `hr_leave_transaction_id` int(12) UNSIGNED NOT NULL AUTO_INCREMENT;
--
-- AUTO_INCREMENT for table `hr_leave_type`
--
ALTER TABLE `hr_leave_type`
  MODIFY `hr_leave_type_id` int(12) UNSIGNED NOT NULL AUTO_INCREMENT, AUTO_INCREMENT=4;
--
-- AUTO_INCREMENT for table `hr_location`
--
ALTER TABLE `hr_location`
  MODIFY `hr_location_id` int(12) NOT NULL AUTO_INCREMENT;
--
-- AUTO_INCREMENT for table `hr_payroll`
--
ALTER TABLE `hr_payroll`
  MODIFY `hr_payroll_id` int(12) UNSIGNED NOT NULL AUTO_INCREMENT, AUTO_INCREMENT=4;
--
-- AUTO_INCREMENT for table `hr_payroll_payment_method`
--
ALTER TABLE `hr_payroll_payment_method`
  MODIFY `hr_payroll_payment_method_id` int(12) UNSIGNED NOT NULL AUTO_INCREMENT, AUTO_INCREMENT=2;
--
-- AUTO_INCREMENT for table `hr_payroll_process`
--
ALTER TABLE `hr_payroll_process`
  MODIFY `hr_payroll_process_id` int(12) UNSIGNED NOT NULL AUTO_INCREMENT;
--
-- AUTO_INCREMENT for table `hr_payroll_schedule`
--
ALTER TABLE `hr_payroll_schedule`
  MODIFY `hr_payroll_schedule_id` int(12) UNSIGNED NOT NULL AUTO_INCREMENT, AUTO_INCREMENT=110;
--
-- AUTO_INCREMENT for table `hr_payslip_header`
--
ALTER TABLE `hr_payslip_header`
  MODIFY `hr_payslip_header_id` int(12) UNSIGNED NOT NULL AUTO_INCREMENT;
--
-- AUTO_INCREMENT for table `hr_payslip_line`
--
ALTER TABLE `hr_payslip_line`
  MODIFY `hr_payslip_line_id` int(12) UNSIGNED NOT NULL AUTO_INCREMENT;
--
-- AUTO_INCREMENT for table `hr_perdiem_rate`
--
ALTER TABLE `hr_perdiem_rate`
  MODIFY `hr_perdiem_rate_id` int(12) NOT NULL AUTO_INCREMENT;
--
-- AUTO_INCREMENT for table `hr_position`
--
ALTER TABLE `hr_position`
  MODIFY `hr_position_id` int(10) UNSIGNED NOT NULL AUTO_INCREMENT, AUTO_INCREMENT=5;
--
-- AUTO_INCREMENT for table `hr_pos_hierarchy_header`
--
ALTER TABLE `hr_pos_hierarchy_header`
  MODIFY `hr_pos_hierarchy_header_id` int(12) NOT NULL AUTO_INCREMENT, AUTO_INCREMENT=3;
--
-- AUTO_INCREMENT for table `hr_pos_hierarchy_line`
--
ALTER TABLE `hr_pos_hierarchy_line`
  MODIFY `hr_pos_hierarchy_line_id` int(12) NOT NULL AUTO_INCREMENT, AUTO_INCREMENT=4;
--
-- AUTO_INCREMENT for table `hr_team_header`
--
ALTER TABLE `hr_team_header`
  MODIFY `hr_team_header_id` int(12) UNSIGNED NOT NULL AUTO_INCREMENT;
--
-- AUTO_INCREMENT for table `hr_team_line`
--
ALTER TABLE `hr_team_line`
  MODIFY `hr_team_line_id` int(12) UNSIGNED NOT NULL AUTO_INCREMENT;
--
-- AUTO_INCREMENT for table `hr_timesheet_header`
--
ALTER TABLE `hr_timesheet_header`
  MODIFY `hr_timesheet_header_id` int(12) UNSIGNED NOT NULL AUTO_INCREMENT;
--
-- AUTO_INCREMENT for table `hr_timesheet_line`
--
ALTER TABLE `hr_timesheet_line`
  MODIFY `hr_timesheet_line_id` int(12) UNSIGNED NOT NULL AUTO_INCREMENT;
--
-- AUTO_INCREMENT for table `hr_timesheet_period`
--
ALTER TABLE `hr_timesheet_period`
  MODIFY `hr_timesheet_period_id` int(12) NOT NULL AUTO_INCREMENT;
--
-- AUTO_INCREMENT for table `ino_session`
--
ALTER TABLE `ino_session`
  MODIFY `ino_session_id` int(128) NOT NULL AUTO_INCREMENT, AUTO_INCREMENT=2;
--
-- AUTO_INCREMENT for table `ino_user`
--
ALTER TABLE `ino_user`
  MODIFY `ino_user_id` int(12) UNSIGNED NOT NULL AUTO_INCREMENT, AUTO_INCREMENT=5;
--
-- AUTO_INCREMENT for table `inventory`
--
ALTER TABLE `inventory`
  MODIFY `inventory_id` int(12) NOT NULL AUTO_INCREMENT, AUTO_INCREMENT=6;
--
-- AUTO_INCREMENT for table `inv_abc_assignment_header`
--
ALTER TABLE `inv_abc_assignment_header`
  MODIFY `inv_abc_assignment_header_id` int(12) NOT NULL AUTO_INCREMENT;
--
-- AUTO_INCREMENT for table `inv_abc_assignment_line`
--
ALTER TABLE `inv_abc_assignment_line`
  MODIFY `inv_abc_assignment_line_id` int(12) NOT NULL AUTO_INCREMENT;
--
-- AUTO_INCREMENT for table `inv_abc_valuation`
--
ALTER TABLE `inv_abc_valuation`
  MODIFY `inv_abc_valuation_id` int(12) NOT NULL AUTO_INCREMENT;
--
-- AUTO_INCREMENT for table `inv_abc_valuation_result`
--
ALTER TABLE `inv_abc_valuation_result`
  MODIFY `inv_abc_valuation_result_id` int(12) NOT NULL AUTO_INCREMENT;
--
-- AUTO_INCREMENT for table `inv_count_abc_ref`
--
ALTER TABLE `inv_count_abc_ref`
  MODIFY `inv_count_abc_ref_id` int(12) NOT NULL AUTO_INCREMENT;
--
-- AUTO_INCREMENT for table `inv_count_entries`
--
ALTER TABLE `inv_count_entries`
  MODIFY `inv_count_entries_id` int(12) NOT NULL AUTO_INCREMENT;
--
-- AUTO_INCREMENT for table `inv_count_header`
--
ALTER TABLE `inv_count_header`
  MODIFY `inv_count_header_id` int(12) NOT NULL AUTO_INCREMENT, AUTO_INCREMENT=14;
--
-- AUTO_INCREMENT for table `inv_count_schedule`
--
ALTER TABLE `inv_count_schedule`
  MODIFY `inv_count_schedule_id` int(12) NOT NULL AUTO_INCREMENT;
--
-- AUTO_INCREMENT for table `inv_intorg_transfer_header`
--
ALTER TABLE `inv_intorg_transfer_header`
  MODIFY `inv_intorg_transfer_header_id` int(12) NOT NULL AUTO_INCREMENT;
--
-- AUTO_INCREMENT for table `inv_intorg_transfer_line`
--
ALTER TABLE `inv_intorg_transfer_line`
  MODIFY `inv_intorg_transfer_line_id` int(12) NOT NULL AUTO_INCREMENT;
--
-- AUTO_INCREMENT for table `inv_item_relation`
--
ALTER TABLE `inv_item_relation`
  MODIFY `inv_item_relation_id` int(12) UNSIGNED NOT NULL AUTO_INCREMENT;
--
-- AUTO_INCREMENT for table `inv_item_revision`
--
ALTER TABLE `inv_item_revision`
  MODIFY `inv_item_revision_id` int(12) NOT NULL AUTO_INCREMENT;
--
-- AUTO_INCREMENT for table `inv_location_default`
--
ALTER TABLE `inv_location_default`
  MODIFY `inv_location_default_id` int(12) UNSIGNED NOT NULL AUTO_INCREMENT;
--
-- AUTO_INCREMENT for table `inv_lot_number`
--
ALTER TABLE `inv_lot_number`
  MODIFY `inv_lot_number_id` int(12) NOT NULL AUTO_INCREMENT;
--
-- AUTO_INCREMENT for table `inv_lot_onhand`
--
ALTER TABLE `inv_lot_onhand`
  MODIFY `inv_lot_onhand_id` int(12) NOT NULL AUTO_INCREMENT;
--
-- AUTO_INCREMENT for table `inv_lot_transaction`
--
ALTER TABLE `inv_lot_transaction`
  MODIFY `inv_lot_transaction_id` int(12) NOT NULL AUTO_INCREMENT;
--
-- AUTO_INCREMENT for table `inv_moveorder_header`
--
ALTER TABLE `inv_moveorder_header`
  MODIFY `inv_moveorder_header_id` int(12) NOT NULL AUTO_INCREMENT;
--
-- AUTO_INCREMENT for table `inv_moveorder_line`
--
ALTER TABLE `inv_moveorder_line`
  MODIFY `inv_moveorder_line_id` int(12) NOT NULL AUTO_INCREMENT;
--
-- AUTO_INCREMENT for table `inv_receipt_header`
--
ALTER TABLE `inv_receipt_header`
  MODIFY `inv_receipt_header_id` int(12) NOT NULL AUTO_INCREMENT;
--
-- AUTO_INCREMENT for table `inv_receipt_line`
--
ALTER TABLE `inv_receipt_line`
  MODIFY `inv_receipt_line_id` int(12) NOT NULL AUTO_INCREMENT;
--
-- AUTO_INCREMENT for table `inv_reservation`
--
ALTER TABLE `inv_reservation`
  MODIFY `inv_reservation_id` int(12) NOT NULL AUTO_INCREMENT;
--
-- AUTO_INCREMENT for table `inv_serial_number`
--
ALTER TABLE `inv_serial_number`
  MODIFY `inv_serial_number_id` int(12) NOT NULL AUTO_INCREMENT;
--
-- AUTO_INCREMENT for table `inv_serial_transaction`
--
ALTER TABLE `inv_serial_transaction`
  MODIFY `inv_serial_transaction_id` int(12) NOT NULL AUTO_INCREMENT;
--
-- AUTO_INCREMENT for table `inv_transaction`
--
ALTER TABLE `inv_transaction`
  MODIFY `inv_transaction_id` int(12) NOT NULL AUTO_INCREMENT;
--
-- AUTO_INCREMENT for table `item`
--
ALTER TABLE `item`
  MODIFY `item_id` int(12) NOT NULL AUTO_INCREMENT;
--
-- AUTO_INCREMENT for table `item_status`
--
ALTER TABLE `item_status`
  MODIFY `item_status_id` int(12) UNSIGNED NOT NULL AUTO_INCREMENT;
--
-- AUTO_INCREMENT for table `legal`
--
ALTER TABLE `legal`
  MODIFY `legal_id` int(12) NOT NULL AUTO_INCREMENT, AUTO_INCREMENT=4;
--
-- AUTO_INCREMENT for table `locator`
--
ALTER TABLE `locator`
  MODIFY `locator_id` int(12) NOT NULL AUTO_INCREMENT;
--
-- AUTO_INCREMENT for table `mdm_bank_account`
--
ALTER TABLE `mdm_bank_account`
  MODIFY `mdm_bank_account_id` int(12) NOT NULL AUTO_INCREMENT;
--
-- AUTO_INCREMENT for table `mdm_bank_header`
--
ALTER TABLE `mdm_bank_header`
  MODIFY `mdm_bank_header_id` int(12) NOT NULL AUTO_INCREMENT;
--
-- AUTO_INCREMENT for table `mdm_bank_site`
--
ALTER TABLE `mdm_bank_site`
  MODIFY `mdm_bank_site_id` int(12) NOT NULL AUTO_INCREMENT;
--
-- AUTO_INCREMENT for table `mdm_price_list_detail`
--
ALTER TABLE `mdm_price_list_detail`
  MODIFY `mdm_price_list_detail_id` int(12) NOT NULL AUTO_INCREMENT;
--
-- AUTO_INCREMENT for table `mdm_price_list_header`
--
ALTER TABLE `mdm_price_list_header`
  MODIFY `mdm_price_list_header_id` int(12) NOT NULL AUTO_INCREMENT, AUTO_INCREMENT=5;
--
-- AUTO_INCREMENT for table `mdm_price_list_line`
--
ALTER TABLE `mdm_price_list_line`
  MODIFY `mdm_price_list_line_id` int(12) NOT NULL AUTO_INCREMENT;
--
-- AUTO_INCREMENT for table `mdm_tax_code`
--
ALTER TABLE `mdm_tax_code`
  MODIFY `mdm_tax_code_id` int(12) UNSIGNED NOT NULL AUTO_INCREMENT, AUTO_INCREMENT=8;
--
-- AUTO_INCREMENT for table `mdm_tax_region`
--
ALTER TABLE `mdm_tax_region`
  MODIFY `mdm_tax_region_id` int(12) UNSIGNED NOT NULL AUTO_INCREMENT, AUTO_INCREMENT=8;
--
-- AUTO_INCREMENT for table `mdm_tax_rule`
--
ALTER TABLE `mdm_tax_rule`
  MODIFY `mdm_tax_rule_id` int(12) UNSIGNED NOT NULL AUTO_INCREMENT;
--
-- AUTO_INCREMENT for table `module`
--
ALTER TABLE `module`
  MODIFY `module_id` int(12) NOT NULL AUTO_INCREMENT, AUTO_INCREMENT=15;
--
-- AUTO_INCREMENT for table `onhand`
--
ALTER TABLE `onhand`
  MODIFY `onhand_id` int(12) NOT NULL AUTO_INCREMENT;
--
-- AUTO_INCREMENT for table `option_detail`
--
ALTER TABLE `option_detail`
  MODIFY `option_detail_id` int(12) UNSIGNED NOT NULL AUTO_INCREMENT, AUTO_INCREMENT=37;
--
-- AUTO_INCREMENT for table `option_header`
--
ALTER TABLE `option_header`
  MODIFY `option_header_id` int(12) UNSIGNED NOT NULL AUTO_INCREMENT, AUTO_INCREMENT=270;
--
-- AUTO_INCREMENT for table `option_line`
--
ALTER TABLE `option_line`
  MODIFY `option_line_id` int(12) UNSIGNED NOT NULL AUTO_INCREMENT, AUTO_INCREMENT=1400;
--
-- AUTO_INCREMENT for table `org`
--
ALTER TABLE `org`
  MODIFY `org_id` int(12) UNSIGNED NOT NULL AUTO_INCREMENT, AUTO_INCREMENT=21;
--
-- AUTO_INCREMENT for table `page`
--
ALTER TABLE `page`
  MODIFY `page_id` int(12) NOT NULL AUTO_INCREMENT;
--
-- AUTO_INCREMENT for table `path`
--
ALTER TABLE `path`
  MODIFY `path_id` int(12) NOT NULL AUTO_INCREMENT, AUTO_INCREMENT=925;
--
-- AUTO_INCREMENT for table `payment_term`
--
ALTER TABLE `payment_term`
  MODIFY `payment_term_id` int(12) NOT NULL AUTO_INCREMENT, AUTO_INCREMENT=7;
--
-- AUTO_INCREMENT for table `payment_term_discount`
--
ALTER TABLE `payment_term_discount`
  MODIFY `payment_term_discount_id` int(12) NOT NULL AUTO_INCREMENT, AUTO_INCREMENT=12;
--
-- AUTO_INCREMENT for table `payment_term_schedule`
--
ALTER TABLE `payment_term_schedule`
  MODIFY `payment_term_schedule_id` int(12) NOT NULL AUTO_INCREMENT, AUTO_INCREMENT=14;
--
-- AUTO_INCREMENT for table `pm_batch_byproduct`
--
ALTER TABLE `pm_batch_byproduct`
  MODIFY `pm_batch_byproduct_id` int(12) UNSIGNED NOT NULL AUTO_INCREMENT;
--
-- AUTO_INCREMENT for table `pm_batch_header`
--
ALTER TABLE `pm_batch_header`
  MODIFY `pm_batch_header_id` int(12) UNSIGNED NOT NULL AUTO_INCREMENT;
--
-- AUTO_INCREMENT for table `pm_batch_ingredient`
--
ALTER TABLE `pm_batch_ingredient`
  MODIFY `pm_batch_ingredient_id` int(12) UNSIGNED NOT NULL AUTO_INCREMENT;
--
-- AUTO_INCREMENT for table `pm_batch_line`
--
ALTER TABLE `pm_batch_line`
  MODIFY `pm_batch_line_id` int(12) UNSIGNED NOT NULL AUTO_INCREMENT;
--
-- AUTO_INCREMENT for table `pm_batch_operation_detail`
--
ALTER TABLE `pm_batch_operation_detail`
  MODIFY `pm_batch_operation_detail_id` int(12) UNSIGNED NOT NULL AUTO_INCREMENT;
--
-- AUTO_INCREMENT for table `pm_batch_operation_line`
--
ALTER TABLE `pm_batch_operation_line`
  MODIFY `pm_batch_operation_line_id` int(12) UNSIGNED NOT NULL AUTO_INCREMENT;
--
-- AUTO_INCREMENT for table `pm_formula_byproduct`
--
ALTER TABLE `pm_formula_byproduct`
  MODIFY `pm_formula_byproduct_id` int(12) UNSIGNED NOT NULL AUTO_INCREMENT;
--
-- AUTO_INCREMENT for table `pm_formula_header`
--
ALTER TABLE `pm_formula_header`
  MODIFY `pm_formula_header_id` int(12) UNSIGNED NOT NULL AUTO_INCREMENT;
--
-- AUTO_INCREMENT for table `pm_formula_ingredient`
--
ALTER TABLE `pm_formula_ingredient`
  MODIFY `pm_formula_ingredient_id` int(12) UNSIGNED NOT NULL AUTO_INCREMENT;
--
-- AUTO_INCREMENT for table `pm_formula_line`
--
ALTER TABLE `pm_formula_line`
  MODIFY `pm_formula_line_id` int(12) UNSIGNED NOT NULL AUTO_INCREMENT;
--
-- AUTO_INCREMENT for table `pm_process_operation_detail`
--
ALTER TABLE `pm_process_operation_detail`
  MODIFY `pm_process_operation_detail_id` int(12) UNSIGNED NOT NULL AUTO_INCREMENT;
--
-- AUTO_INCREMENT for table `pm_process_operation_header`
--
ALTER TABLE `pm_process_operation_header`
  MODIFY `pm_process_operation_header_id` int(12) UNSIGNED NOT NULL AUTO_INCREMENT;
--
-- AUTO_INCREMENT for table `pm_process_operation_line`
--
ALTER TABLE `pm_process_operation_line`
  MODIFY `pm_process_operation_line_id` int(12) UNSIGNED NOT NULL AUTO_INCREMENT;
--
-- AUTO_INCREMENT for table `pm_process_routing_header`
--
ALTER TABLE `pm_process_routing_header`
  MODIFY `pm_process_routing_header_id` int(12) UNSIGNED NOT NULL AUTO_INCREMENT;
--
-- AUTO_INCREMENT for table `pm_process_routing_line`
--
ALTER TABLE `pm_process_routing_line`
  MODIFY `pm_process_routing_line_id` int(12) UNSIGNED NOT NULL AUTO_INCREMENT;
--
-- AUTO_INCREMENT for table `pm_recipe_customer`
--
ALTER TABLE `pm_recipe_customer`
  MODIFY `pm_recipe_customer_id` int(12) UNSIGNED NOT NULL AUTO_INCREMENT;
--
-- AUTO_INCREMENT for table `pm_recipe_header`
--
ALTER TABLE `pm_recipe_header`
  MODIFY `pm_recipe_header_id` int(12) UNSIGNED NOT NULL AUTO_INCREMENT;
--
-- AUTO_INCREMENT for table `pm_recipe_line`
--
ALTER TABLE `pm_recipe_line`
  MODIFY `pm_recipe_line_id` int(12) UNSIGNED NOT NULL AUTO_INCREMENT;
--
-- AUTO_INCREMENT for table `pm_recipe_material_header`
--
ALTER TABLE `pm_recipe_material_header`
  MODIFY `pm_recipe_material_header_id` int(12) UNSIGNED NOT NULL AUTO_INCREMENT;
--
-- AUTO_INCREMENT for table `pm_recipe_material_line`
--
ALTER TABLE `pm_recipe_material_line`
  MODIFY `pm_recipe_material_line_id` int(12) UNSIGNED NOT NULL AUTO_INCREMENT;
--
-- AUTO_INCREMENT for table `pm_resource_transaction`
--
ALTER TABLE `pm_resource_transaction`
  MODIFY `pm_resource_transaction_id` int(12) NOT NULL AUTO_INCREMENT;
--
-- AUTO_INCREMENT for table `pos_barcode_list_header`
--
ALTER TABLE `pos_barcode_list_header`
  MODIFY `pos_barcode_list_header_id` int(12) NOT NULL AUTO_INCREMENT;
--
-- AUTO_INCREMENT for table `pos_barcode_list_line`
--
ALTER TABLE `pos_barcode_list_line`
  MODIFY `pos_barcode_list_line_id` int(12) NOT NULL AUTO_INCREMENT;
--
-- AUTO_INCREMENT for table `pos_inv_control`
--
ALTER TABLE `pos_inv_control`
  MODIFY `pos_inv_control_id` int(12) UNSIGNED NOT NULL AUTO_INCREMENT;
--
-- AUTO_INCREMENT for table `pos_terminal`
--
ALTER TABLE `pos_terminal`
  MODIFY `pos_terminal_id` int(12) NOT NULL AUTO_INCREMENT;
--
-- AUTO_INCREMENT for table `pos_transaction_header`
--
ALTER TABLE `pos_transaction_header`
  MODIFY `pos_transaction_header_id` int(12) NOT NULL AUTO_INCREMENT;
--
-- AUTO_INCREMENT for table `pos_transaction_line`
--
ALTER TABLE `pos_transaction_line`
  MODIFY `pos_transaction_line_id` int(12) NOT NULL AUTO_INCREMENT;
--
-- AUTO_INCREMENT for table `po_asl_document`
--
ALTER TABLE `po_asl_document`
  MODIFY `po_asl_document_id` int(12) NOT NULL AUTO_INCREMENT;
--
-- AUTO_INCREMENT for table `po_asl_header`
--
ALTER TABLE `po_asl_header`
  MODIFY `po_asl_header_id` int(12) NOT NULL AUTO_INCREMENT;
--
-- AUTO_INCREMENT for table `po_asl_line`
--
ALTER TABLE `po_asl_line`
  MODIFY `po_asl_line_id` int(12) NOT NULL AUTO_INCREMENT;
--
-- AUTO_INCREMENT for table `po_detail`
--
ALTER TABLE `po_detail`
  MODIFY `po_detail_id` int(12) NOT NULL AUTO_INCREMENT;
--
-- AUTO_INCREMENT for table `po_header`
--
ALTER TABLE `po_header`
  MODIFY `po_header_id` int(12) NOT NULL AUTO_INCREMENT;
--
-- AUTO_INCREMENT for table `po_line`
--
ALTER TABLE `po_line`
  MODIFY `po_line_id` int(12) NOT NULL AUTO_INCREMENT;
--
-- AUTO_INCREMENT for table `po_purchasing_control`
--
ALTER TABLE `po_purchasing_control`
  MODIFY `po_purchasing_control_id` int(12) UNSIGNED NOT NULL AUTO_INCREMENT, AUTO_INCREMENT=7;
--
-- AUTO_INCREMENT for table `po_quote_detail`
--
ALTER TABLE `po_quote_detail`
  MODIFY `po_quote_detail_id` int(12) NOT NULL AUTO_INCREMENT;
--
-- AUTO_INCREMENT for table `po_quote_header`
--
ALTER TABLE `po_quote_header`
  MODIFY `po_quote_header_id` int(12) NOT NULL AUTO_INCREMENT;
--
-- AUTO_INCREMENT for table `po_quote_line`
--
ALTER TABLE `po_quote_line`
  MODIFY `po_quote_line_id` int(12) NOT NULL AUTO_INCREMENT;
--
-- AUTO_INCREMENT for table `po_requisition_detail`
--
ALTER TABLE `po_requisition_detail`
  MODIFY `po_requisition_detail_id` int(12) NOT NULL AUTO_INCREMENT;
--
-- AUTO_INCREMENT for table `po_requisition_header`
--
ALTER TABLE `po_requisition_header`
  MODIFY `po_requisition_header_id` int(12) NOT NULL AUTO_INCREMENT;
--
-- AUTO_INCREMENT for table `po_requisition_interface`
--
ALTER TABLE `po_requisition_interface`
  MODIFY `po_requisition_interface_id` int(12) NOT NULL AUTO_INCREMENT;
--
-- AUTO_INCREMENT for table `po_requisition_line`
--
ALTER TABLE `po_requisition_line`
  MODIFY `po_requisition_line_id` int(12) NOT NULL AUTO_INCREMENT;
--
-- AUTO_INCREMENT for table `po_rfq_detail`
--
ALTER TABLE `po_rfq_detail`
  MODIFY `po_rfq_detail_id` int(12) NOT NULL AUTO_INCREMENT;
--
-- AUTO_INCREMENT for table `po_rfq_header`
--
ALTER TABLE `po_rfq_header`
  MODIFY `po_rfq_header_id` int(12) NOT NULL AUTO_INCREMENT;
--
-- AUTO_INCREMENT for table `po_rfq_line`
--
ALTER TABLE `po_rfq_line`
  MODIFY `po_rfq_line_id` int(12) NOT NULL AUTO_INCREMENT;
--
-- AUTO_INCREMENT for table `po_sourcing_rule_header`
--
ALTER TABLE `po_sourcing_rule_header`
  MODIFY `po_sourcing_rule_header_id` int(12) NOT NULL AUTO_INCREMENT;
--
-- AUTO_INCREMENT for table `po_sourcing_rule_line`
--
ALTER TABLE `po_sourcing_rule_line`
  MODIFY `po_sourcing_rule_line_id` int(12) NOT NULL AUTO_INCREMENT;
--
-- AUTO_INCREMENT for table `prj_agreement_header`
--
ALTER TABLE `prj_agreement_header`
  MODIFY `prj_agreement_header_id` int(12) NOT NULL AUTO_INCREMENT;
--
-- AUTO_INCREMENT for table `prj_agreement_line`
--
ALTER TABLE `prj_agreement_line`
  MODIFY `prj_agreement_line_id` int(12) NOT NULL AUTO_INCREMENT;
--
-- AUTO_INCREMENT for table `prj_bem`
--
ALTER TABLE `prj_bem`
  MODIFY `prj_bem_id` int(12) UNSIGNED NOT NULL AUTO_INCREMENT, AUTO_INCREMENT=7;
--
-- AUTO_INCREMENT for table `prj_budget_detail`
--
ALTER TABLE `prj_budget_detail`
  MODIFY `prj_budget_detail_id` int(12) UNSIGNED NOT NULL AUTO_INCREMENT;
--
-- AUTO_INCREMENT for table `prj_budget_header`
--
ALTER TABLE `prj_budget_header`
  MODIFY `prj_budget_header_id` int(12) UNSIGNED NOT NULL AUTO_INCREMENT;
--
-- AUTO_INCREMENT for table `prj_budget_line`
--
ALTER TABLE `prj_budget_line`
  MODIFY `prj_budget_line_id` int(12) UNSIGNED NOT NULL AUTO_INCREMENT;
--
-- AUTO_INCREMENT for table `prj_budget_rev_header`
--
ALTER TABLE `prj_budget_rev_header`
  MODIFY `prj_budget_rev_header_id` int(12) UNSIGNED NOT NULL AUTO_INCREMENT;
--
-- AUTO_INCREMENT for table `prj_budget_rev_line`
--
ALTER TABLE `prj_budget_rev_line`
  MODIFY `prj_budget_rev_line_id` int(12) UNSIGNED NOT NULL AUTO_INCREMENT;
--
-- AUTO_INCREMENT for table `prj_burden_costcode`
--
ALTER TABLE `prj_burden_costcode`
  MODIFY `prj_burden_costcode_id` int(12) UNSIGNED NOT NULL AUTO_INCREMENT, AUTO_INCREMENT=5;
--
-- AUTO_INCREMENT for table `prj_burden_cost_base`
--
ALTER TABLE `prj_burden_cost_base`
  MODIFY `prj_burden_cost_base_id` int(12) UNSIGNED NOT NULL AUTO_INCREMENT, AUTO_INCREMENT=5;
--
-- AUTO_INCREMENT for table `prj_burden_expenditure`
--
ALTER TABLE `prj_burden_expenditure`
  MODIFY `prj_burden_expenditure_id` int(12) UNSIGNED NOT NULL AUTO_INCREMENT;
--
-- AUTO_INCREMENT for table `prj_burden_list_header`
--
ALTER TABLE `prj_burden_list_header`
  MODIFY `prj_burden_list_header_id` int(12) UNSIGNED NOT NULL AUTO_INCREMENT, AUTO_INCREMENT=2;
--
-- AUTO_INCREMENT for table `prj_burden_list_line`
--
ALTER TABLE `prj_burden_list_line`
  MODIFY `prj_burden_list_line_id` int(12) NOT NULL AUTO_INCREMENT, AUTO_INCREMENT=6;
--
-- AUTO_INCREMENT for table `prj_burden_structure_header`
--
ALTER TABLE `prj_burden_structure_header`
  MODIFY `prj_burden_structure_header_id` int(12) UNSIGNED NOT NULL AUTO_INCREMENT, AUTO_INCREMENT=3;
--
-- AUTO_INCREMENT for table `prj_burden_struct_costcode`
--
ALTER TABLE `prj_burden_struct_costcode`
  MODIFY `prj_burden_struct_costcode_id` int(12) UNSIGNED NOT NULL AUTO_INCREMENT, AUTO_INCREMENT=6;
--
-- AUTO_INCREMENT for table `prj_burden_struct_exptype`
--
ALTER TABLE `prj_burden_struct_exptype`
  MODIFY `prj_burden_struct_exptype_id` int(12) UNSIGNED NOT NULL AUTO_INCREMENT, AUTO_INCREMENT=13;
--
-- AUTO_INCREMENT for table `prj_category_header`
--
ALTER TABLE `prj_category_header`
  MODIFY `prj_category_header_id` int(12) UNSIGNED NOT NULL AUTO_INCREMENT, AUTO_INCREMENT=3;
--
-- AUTO_INCREMENT for table `prj_category_line`
--
ALTER TABLE `prj_category_line`
  MODIFY `prj_category_line_id` int(12) UNSIGNED NOT NULL AUTO_INCREMENT, AUTO_INCREMENT=11;
--
-- AUTO_INCREMENT for table `prj_category_value`
--
ALTER TABLE `prj_category_value`
  MODIFY `prj_category_value_id` int(12) UNSIGNED NOT NULL AUTO_INCREMENT;
--
-- AUTO_INCREMENT for table `prj_default_account`
--
ALTER TABLE `prj_default_account`
  MODIFY `prj_default_account_id` int(12) UNSIGNED NOT NULL AUTO_INCREMENT;
--
-- AUTO_INCREMENT for table `prj_event_header`
--
ALTER TABLE `prj_event_header`
  MODIFY `prj_event_header_id` int(12) UNSIGNED NOT NULL AUTO_INCREMENT, AUTO_INCREMENT=2;
--
-- AUTO_INCREMENT for table `prj_event_line`
--
ALTER TABLE `prj_event_line`
  MODIFY `prj_event_line_id` int(12) UNSIGNED NOT NULL AUTO_INCREMENT, AUTO_INCREMENT=2;
--
-- AUTO_INCREMENT for table `prj_event_type`
--
ALTER TABLE `prj_event_type`
  MODIFY `prj_event_type_id` int(12) UNSIGNED NOT NULL AUTO_INCREMENT, AUTO_INCREMENT=4;
--
-- AUTO_INCREMENT for table `prj_expenditure_header`
--
ALTER TABLE `prj_expenditure_header`
  MODIFY `prj_expenditure_header_id` int(12) UNSIGNED NOT NULL AUTO_INCREMENT;
--
-- AUTO_INCREMENT for table `prj_expenditure_line`
--
ALTER TABLE `prj_expenditure_line`
  MODIFY `prj_expenditure_line_id` int(12) UNSIGNED NOT NULL AUTO_INCREMENT;
--
-- AUTO_INCREMENT for table `prj_expenditure_type_header`
--
ALTER TABLE `prj_expenditure_type_header`
  MODIFY `prj_expenditure_type_header_id` int(12) UNSIGNED NOT NULL AUTO_INCREMENT, AUTO_INCREMENT=4;
--
-- AUTO_INCREMENT for table `prj_expenditure_type_line`
--
ALTER TABLE `prj_expenditure_type_line`
  MODIFY `prj_expenditure_type_line_id` int(12) UNSIGNED NOT NULL AUTO_INCREMENT, AUTO_INCREMENT=7;
--
-- AUTO_INCREMENT for table `prj_invoice_header`
--
ALTER TABLE `prj_invoice_header`
  MODIFY `prj_invoice_header_id` int(12) NOT NULL AUTO_INCREMENT;
--
-- AUTO_INCREMENT for table `prj_invoice_line`
--
ALTER TABLE `prj_invoice_line`
  MODIFY `prj_invoice_line_id` int(12) NOT NULL AUTO_INCREMENT;
--
-- AUTO_INCREMENT for table `prj_milestone`
--
ALTER TABLE `prj_milestone`
  MODIFY `prj_milestone_id` int(12) UNSIGNED NOT NULL AUTO_INCREMENT;
--
-- AUTO_INCREMENT for table `prj_nlr_header`
--
ALTER TABLE `prj_nlr_header`
  MODIFY `prj_nlr_header_id` int(12) UNSIGNED NOT NULL AUTO_INCREMENT, AUTO_INCREMENT=2;
--
-- AUTO_INCREMENT for table `prj_nlr_line`
--
ALTER TABLE `prj_nlr_line`
  MODIFY `prj_nlr_line_id` int(12) UNSIGNED NOT NULL AUTO_INCREMENT, AUTO_INCREMENT=2;
--
-- AUTO_INCREMENT for table `prj_percent_header`
--
ALTER TABLE `prj_percent_header`
  MODIFY `prj_percent_header_id` int(12) UNSIGNED NOT NULL AUTO_INCREMENT;
--
-- AUTO_INCREMENT for table `prj_percent_headerrev`
--
ALTER TABLE `prj_percent_headerrev`
  MODIFY `prj_percent_headerrev_id` int(12) UNSIGNED NOT NULL AUTO_INCREMENT;
--
-- AUTO_INCREMENT for table `prj_percent_line`
--
ALTER TABLE `prj_percent_line`
  MODIFY `prj_percent_line_id` int(12) UNSIGNED NOT NULL AUTO_INCREMENT;
--
-- AUTO_INCREMENT for table `prj_project_control`
--
ALTER TABLE `prj_project_control`
  MODIFY `prj_project_control_id` int(12) NOT NULL AUTO_INCREMENT;
--
-- AUTO_INCREMENT for table `prj_project_header`
--
ALTER TABLE `prj_project_header`
  MODIFY `prj_project_header_id` int(12) NOT NULL AUTO_INCREMENT;
--
-- AUTO_INCREMENT for table `prj_project_line`
--
ALTER TABLE `prj_project_line`
  MODIFY `prj_project_line_id` int(12) NOT NULL AUTO_INCREMENT;
--
-- AUTO_INCREMENT for table `prj_project_member`
--
ALTER TABLE `prj_project_member`
  MODIFY `prj_project_member_id` int(12) NOT NULL AUTO_INCREMENT;
--
-- AUTO_INCREMENT for table `prj_project_type_billing`
--
ALTER TABLE `prj_project_type_billing`
  MODIFY `prj_project_type_billing_id` int(12) UNSIGNED NOT NULL AUTO_INCREMENT;
--
-- AUTO_INCREMENT for table `prj_project_type_header`
--
ALTER TABLE `prj_project_type_header`
  MODIFY `prj_project_type_header_id` int(12) UNSIGNED NOT NULL AUTO_INCREMENT;
--
-- AUTO_INCREMENT for table `prj_project_type_line`
--
ALTER TABLE `prj_project_type_line`
  MODIFY `prj_project_type_line_id` int(12) UNSIGNED NOT NULL AUTO_INCREMENT;
--
-- AUTO_INCREMENT for table `prj_rate_schedule_header`
--
ALTER TABLE `prj_rate_schedule_header`
  MODIFY `prj_rate_schedule_header_id` int(12) UNSIGNED NOT NULL AUTO_INCREMENT;
--
-- AUTO_INCREMENT for table `prj_rate_schedule_line`
--
ALTER TABLE `prj_rate_schedule_line`
  MODIFY `prj_rate_schedule_line_id` int(12) UNSIGNED NOT NULL AUTO_INCREMENT;
--
-- AUTO_INCREMENT for table `prj_resource_list_header`
--
ALTER TABLE `prj_resource_list_header`
  MODIFY `prj_resource_list_header_id` int(12) UNSIGNED NOT NULL AUTO_INCREMENT;
--
-- AUTO_INCREMENT for table `prj_resource_list_line`
--
ALTER TABLE `prj_resource_list_line`
  MODIFY `prj_resource_list_line_id` int(12) UNSIGNED NOT NULL AUTO_INCREMENT;
--
-- AUTO_INCREMENT for table `prj_revenue_header`
--
ALTER TABLE `prj_revenue_header`
  MODIFY `prj_revenue_header_id` int(12) NOT NULL AUTO_INCREMENT;
--
-- AUTO_INCREMENT for table `prj_revenue_line`
--
ALTER TABLE `prj_revenue_line`
  MODIFY `prj_revenue_line_id` int(12) NOT NULL AUTO_INCREMENT;
--
-- AUTO_INCREMENT for table `prj_role`
--
ALTER TABLE `prj_role`
  MODIFY `prj_role_id` int(12) UNSIGNED NOT NULL AUTO_INCREMENT, AUTO_INCREMENT=4;
--
-- AUTO_INCREMENT for table `prj_status_header`
--
ALTER TABLE `prj_status_header`
  MODIFY `prj_status_header_id` int(12) NOT NULL AUTO_INCREMENT;
--
-- AUTO_INCREMENT for table `prj_status_line`
--
ALTER TABLE `prj_status_line`
  MODIFY `prj_status_line_id` int(12) NOT NULL AUTO_INCREMENT;
--
-- AUTO_INCREMENT for table `prj_status_next`
--
ALTER TABLE `prj_status_next`
  MODIFY `prj_status_next_id` int(12) NOT NULL AUTO_INCREMENT;
--
-- AUTO_INCREMENT for table `prj_work_type`
--
ALTER TABLE `prj_work_type`
  MODIFY `prj_work_type_id` int(12) UNSIGNED NOT NULL AUTO_INCREMENT, AUTO_INCREMENT=5;
--
-- AUTO_INCREMENT for table `qa_ce_action`
--
ALTER TABLE `qa_ce_action`
  MODIFY `qa_ce_action_id` int(12) NOT NULL AUTO_INCREMENT;
--
-- AUTO_INCREMENT for table `qa_ce_action_type`
--
ALTER TABLE `qa_ce_action_type`
  MODIFY `qa_ce_action_type_id` int(12) NOT NULL AUTO_INCREMENT;
--
-- AUTO_INCREMENT for table `qa_ce_bgm_calibration_reading`
--
ALTER TABLE `qa_ce_bgm_calibration_reading`
  MODIFY `qa_ce_bgm_calibration_reading_id` int(12) NOT NULL AUTO_INCREMENT;
--
-- AUTO_INCREMENT for table `qa_ce_enc_rating`
--
ALTER TABLE `qa_ce_enc_rating`
  MODIFY `qa_ce_enc_rating_id` int(12) NOT NULL AUTO_INCREMENT;
--
-- AUTO_INCREMENT for table `qa_ce_header`
--
ALTER TABLE `qa_ce_header`
  MODIFY `qa_ce_header_id` int(12) NOT NULL AUTO_INCREMENT;
--
-- AUTO_INCREMENT for table `qa_ce_higher_bandwidth1`
--
ALTER TABLE `qa_ce_higher_bandwidth1`
  MODIFY `qa_ce_higher_bandwidth1_id` int(12) NOT NULL AUTO_INCREMENT;
--
-- AUTO_INCREMENT for table `qa_ce_line`
--
ALTER TABLE `qa_ce_line`
  MODIFY `qa_ce_line_id` int(12) NOT NULL AUTO_INCREMENT;
--
-- AUTO_INCREMENT for table `qa_ce_lower_bandwidth1`
--
ALTER TABLE `qa_ce_lower_bandwidth1`
  MODIFY `qa_ce_lower_bandwidth1_id` int(12) NOT NULL AUTO_INCREMENT;
--
-- AUTO_INCREMENT for table `qa_ce_lower_bandwidth2`
--
ALTER TABLE `qa_ce_lower_bandwidth2`
  MODIFY `qa_ce_lower_bandwidth2_id` int(12) NOT NULL AUTO_INCREMENT;
--
-- AUTO_INCREMENT for table `qa_ce_quality_rating`
--
ALTER TABLE `qa_ce_quality_rating`
  MODIFY `qa_ce_quality_rating_id` int(12) NOT NULL AUTO_INCREMENT;
--
-- AUTO_INCREMENT for table `qa_ce_spectra_reading`
--
ALTER TABLE `qa_ce_spectra_reading`
  MODIFY `qa_ce_spectra_reading_id` int(12) NOT NULL AUTO_INCREMENT;
--
-- AUTO_INCREMENT for table `qa_ce_spectrum_range`
--
ALTER TABLE `qa_ce_spectrum_range`
  MODIFY `qa_ce_spectrum_range_id` int(12) NOT NULL AUTO_INCREMENT;
--
-- AUTO_INCREMENT for table `qa_cp_assignment_header`
--
ALTER TABLE `qa_cp_assignment_header`
  MODIFY `qa_cp_assignment_header_id` int(12) NOT NULL AUTO_INCREMENT;
--
-- AUTO_INCREMENT for table `qa_cp_assignment_line`
--
ALTER TABLE `qa_cp_assignment_line`
  MODIFY `qa_cp_assignment_line_id` int(12) NOT NULL AUTO_INCREMENT;
--
-- AUTO_INCREMENT for table `qa_cp_header`
--
ALTER TABLE `qa_cp_header`
  MODIFY `qa_cp_header_id` int(12) NOT NULL AUTO_INCREMENT;
--
-- AUTO_INCREMENT for table `qa_cp_line`
--
ALTER TABLE `qa_cp_line`
  MODIFY `qa_cp_line_id` int(12) NOT NULL AUTO_INCREMENT;
--
-- AUTO_INCREMENT for table `qa_specification_header`
--
ALTER TABLE `qa_specification_header`
  MODIFY `qa_specification_header_id` int(12) NOT NULL AUTO_INCREMENT;
--
-- AUTO_INCREMENT for table `qa_specification_line`
--
ALTER TABLE `qa_specification_line`
  MODIFY `qa_specification_line_id` int(12) NOT NULL AUTO_INCREMENT;
--
-- AUTO_INCREMENT for table `role_access`
--
ALTER TABLE `role_access`
  MODIFY `role_access_id` int(12) NOT NULL AUTO_INCREMENT, AUTO_INCREMENT=74;
--
-- AUTO_INCREMENT for table `role_path`
--
ALTER TABLE `role_path`
  MODIFY `role_path_id` int(12) UNSIGNED NOT NULL AUTO_INCREMENT, AUTO_INCREMENT=19;
--
-- AUTO_INCREMENT for table `sd_delivery_header`
--
ALTER TABLE `sd_delivery_header`
  MODIFY `sd_delivery_header_id` int(12) NOT NULL AUTO_INCREMENT;
--
-- AUTO_INCREMENT for table `sd_delivery_line`
--
ALTER TABLE `sd_delivery_line`
  MODIFY `sd_delivery_line_id` int(12) NOT NULL AUTO_INCREMENT;
--
-- AUTO_INCREMENT for table `sd_document_relation`
--
ALTER TABLE `sd_document_relation`
  MODIFY `mdm_price_list_header_id` int(12) NOT NULL AUTO_INCREMENT;
--
-- AUTO_INCREMENT for table `sd_document_type`
--
ALTER TABLE `sd_document_type`
  MODIFY `sd_document_type_id` int(12) NOT NULL AUTO_INCREMENT, AUTO_INCREMENT=12;
--
-- AUTO_INCREMENT for table `sd_lead`
--
ALTER TABLE `sd_lead`
  MODIFY `sd_lead_id` int(12) UNSIGNED NOT NULL AUTO_INCREMENT;
--
-- AUTO_INCREMENT for table `sd_opportunity`
--
ALTER TABLE `sd_opportunity`
  MODIFY `sd_opportunity_id` int(12) UNSIGNED NOT NULL AUTO_INCREMENT;
--
-- AUTO_INCREMENT for table `sd_quote_header`
--
ALTER TABLE `sd_quote_header`
  MODIFY `sd_quote_header_id` int(12) NOT NULL AUTO_INCREMENT;
--
-- AUTO_INCREMENT for table `sd_quote_line`
--
ALTER TABLE `sd_quote_line`
  MODIFY `sd_quote_line_id` int(12) NOT NULL AUTO_INCREMENT;
--
-- AUTO_INCREMENT for table `sd_sales_control`
--
ALTER TABLE `sd_sales_control`
  MODIFY `sd_sales_control_id` int(12) UNSIGNED NOT NULL AUTO_INCREMENT;
--
-- AUTO_INCREMENT for table `sd_shipping_control`
--
ALTER TABLE `sd_shipping_control`
  MODIFY `sd_shipping_control_id` int(12) UNSIGNED NOT NULL AUTO_INCREMENT, AUTO_INCREMENT=6;
--
-- AUTO_INCREMENT for table `sd_so_header`
--
ALTER TABLE `sd_so_header`
  MODIFY `sd_so_header_id` int(12) NOT NULL AUTO_INCREMENT;
--
-- AUTO_INCREMENT for table `sd_so_line`
--
ALTER TABLE `sd_so_line`
  MODIFY `sd_so_line_id` int(12) NOT NULL AUTO_INCREMENT;
--
-- AUTO_INCREMENT for table `sd_store`
--
ALTER TABLE `sd_store`
  MODIFY `sd_store_id` int(12) UNSIGNED NOT NULL AUTO_INCREMENT;
--
-- AUTO_INCREMENT for table `sd_store_subinventory`
--
ALTER TABLE `sd_store_subinventory`
  MODIFY `sd_store_subinventory_id` int(12) UNSIGNED NOT NULL AUTO_INCREMENT;
--
-- AUTO_INCREMENT for table `sf_item_file1`
--
ALTER TABLE `sf_item_file1`
  MODIFY `sf_item_file1_id` int(12) NOT NULL AUTO_INCREMENT;
--
-- AUTO_INCREMENT for table `sf_item_image1`
--
ALTER TABLE `sf_item_image1`
  MODIFY `sf_item_image1_id` int(12) NOT NULL AUTO_INCREMENT;
--
-- AUTO_INCREMENT for table `sf_item_image2`
--
ALTER TABLE `sf_item_image2`
  MODIFY `sf_item_image2_id` int(12) NOT NULL AUTO_INCREMENT;
--
-- AUTO_INCREMENT for table `sf_item_inv_category`
--
ALTER TABLE `sf_item_inv_category`
  MODIFY `sf_item_inv_category_id` int(12) NOT NULL AUTO_INCREMENT;
--
-- AUTO_INCREMENT for table `sf_item_pur_category`
--
ALTER TABLE `sf_item_pur_category`
  MODIFY `sf_item_pur_category_id` int(12) NOT NULL AUTO_INCREMENT;
--
-- AUTO_INCREMENT for table `subinventory`
--
ALTER TABLE `subinventory`
  MODIFY `subinventory_id` int(12) NOT NULL AUTO_INCREMENT;
--
-- AUTO_INCREMENT for table `supplier`
--
ALTER TABLE `supplier`
  MODIFY `supplier_id` int(12) NOT NULL AUTO_INCREMENT;
--
-- AUTO_INCREMENT for table `supplier_bu`
--
ALTER TABLE `supplier_bu`
  MODIFY `supplier_bu_id` int(12) UNSIGNED NOT NULL AUTO_INCREMENT;
--
-- AUTO_INCREMENT for table `supplier_site`
--
ALTER TABLE `supplier_site`
  MODIFY `supplier_site_id` int(12) NOT NULL AUTO_INCREMENT;
--
-- AUTO_INCREMENT for table `system_path`
--
ALTER TABLE `system_path`
  MODIFY `path_id` int(11) NOT NULL AUTO_INCREMENT, AUTO_INCREMENT=4;
--
-- AUTO_INCREMENT for table `sys_catalog_header`
--
ALTER TABLE `sys_catalog_header`
  MODIFY `sys_catalog_header_id` int(12) UNSIGNED NOT NULL AUTO_INCREMENT, AUTO_INCREMENT=4;
--
-- AUTO_INCREMENT for table `sys_catalog_line`
--
ALTER TABLE `sys_catalog_line`
  MODIFY `sys_catalog_line_id` int(12) UNSIGNED NOT NULL AUTO_INCREMENT, AUTO_INCREMENT=26;
--
-- AUTO_INCREMENT for table `sys_catalog_value`
--
ALTER TABLE `sys_catalog_value`
  MODIFY `sys_catalog_value_id` int(12) UNSIGNED NOT NULL AUTO_INCREMENT, AUTO_INCREMENT=63;
--
-- AUTO_INCREMENT for table `sys_document_sequence`
--
ALTER TABLE `sys_document_sequence`
  MODIFY `sys_document_sequence_id` int(12) UNSIGNED NOT NULL AUTO_INCREMENT, AUTO_INCREMENT=3;
--
-- AUTO_INCREMENT for table `sys_dynamic_block_header`
--
ALTER TABLE `sys_dynamic_block_header`
  MODIFY `sys_dynamic_block_header_id` int(12) UNSIGNED NOT NULL AUTO_INCREMENT;
--
-- AUTO_INCREMENT for table `sys_dynamic_block_line`
--
ALTER TABLE `sys_dynamic_block_line`
  MODIFY `sys_dynamic_block_line_id` int(12) UNSIGNED NOT NULL AUTO_INCREMENT;
--
-- AUTO_INCREMENT for table `sys_extra_field`
--
ALTER TABLE `sys_extra_field`
  MODIFY `sys_extra_field_id` int(12) NOT NULL AUTO_INCREMENT, AUTO_INCREMENT=14;
--
-- AUTO_INCREMENT for table `sys_extra_field_instance`
--
ALTER TABLE `sys_extra_field_instance`
  MODIFY `sys_extra_field_instance_id` int(12) NOT NULL AUTO_INCREMENT, AUTO_INCREMENT=63;
--
-- AUTO_INCREMENT for table `sys_hold`
--
ALTER TABLE `sys_hold`
  MODIFY `sys_hold_id` int(12) UNSIGNED NOT NULL AUTO_INCREMENT, AUTO_INCREMENT=3;
--
-- AUTO_INCREMENT for table `sys_hold_reference`
--
ALTER TABLE `sys_hold_reference`
  MODIFY `sys_hold_reference_id` int(12) UNSIGNED NOT NULL AUTO_INCREMENT, AUTO_INCREMENT=19;
--
-- AUTO_INCREMENT for table `sys_message_format`
--
ALTER TABLE `sys_message_format`
  MODIFY `sys_message_format_id` int(12) UNSIGNED NOT NULL AUTO_INCREMENT;
--
-- AUTO_INCREMENT for table `sys_notification`
--
ALTER TABLE `sys_notification`
  MODIFY `sys_notification_id` int(12) UNSIGNED NOT NULL AUTO_INCREMENT;
--
-- AUTO_INCREMENT for table `sys_notification_group`
--
ALTER TABLE `sys_notification_group`
  MODIFY `sys_notification_group_id` int(12) UNSIGNED NOT NULL AUTO_INCREMENT;
--
-- AUTO_INCREMENT for table `sys_pd_header`
--
ALTER TABLE `sys_pd_header`
  MODIFY `sys_pd_header_id` int(12) NOT NULL AUTO_INCREMENT, AUTO_INCREMENT=4;
--
-- AUTO_INCREMENT for table `sys_pd_pflow_action_val`
--
ALTER TABLE `sys_pd_pflow_action_val`
  MODIFY `sys_pd_pflow_action_val_id` int(12) NOT NULL AUTO_INCREMENT;
--
-- AUTO_INCREMENT for table `sys_pd_process_flow_action`
--
ALTER TABLE `sys_pd_process_flow_action`
  MODIFY `sys_pd_process_flow_action_id` int(12) NOT NULL AUTO_INCREMENT, AUTO_INCREMENT=6;
--
-- AUTO_INCREMENT for table `sys_permission`
--
ALTER TABLE `sys_permission`
  MODIFY `sys_permission_id` int(12) UNSIGNED NOT NULL AUTO_INCREMENT;
--
-- AUTO_INCREMENT for table `sys_pflow_action_val`
--
ALTER TABLE `sys_pflow_action_val`
  MODIFY `sys_pflow_action_val_id` int(12) NOT NULL AUTO_INCREMENT;
--
-- AUTO_INCREMENT for table `sys_printer`
--
ALTER TABLE `sys_printer`
  MODIFY `sys_printer_id` int(12) UNSIGNED NOT NULL AUTO_INCREMENT;
--
-- AUTO_INCREMENT for table `sys_process_flow_action`
--
ALTER TABLE `sys_process_flow_action`
  MODIFY `sys_process_flow_action_id` int(12) NOT NULL AUTO_INCREMENT, AUTO_INCREMENT=9;
--
-- AUTO_INCREMENT for table `sys_process_flow_header`
--
ALTER TABLE `sys_process_flow_header`
  MODIFY `sys_process_flow_header_id` int(12) NOT NULL AUTO_INCREMENT, AUTO_INCREMENT=5;
--
-- AUTO_INCREMENT for table `sys_process_flow_line`
--
ALTER TABLE `sys_process_flow_line`
  MODIFY `sys_process_flow_line_id` int(12) NOT NULL AUTO_INCREMENT, AUTO_INCREMENT=44;
--
-- AUTO_INCREMENT for table `sys_profile_header`
--
ALTER TABLE `sys_profile_header`
  MODIFY `sys_profile_header_id` int(12) UNSIGNED NOT NULL AUTO_INCREMENT, AUTO_INCREMENT=20;
--
-- AUTO_INCREMENT for table `sys_profile_line`
--
ALTER TABLE `sys_profile_line`
  MODIFY `sys_profile_line_id` int(12) UNSIGNED NOT NULL AUTO_INCREMENT, AUTO_INCREMENT=31;
--
-- AUTO_INCREMENT for table `sys_program`
--
ALTER TABLE `sys_program`
  MODIFY `sys_program_id` int(12) NOT NULL AUTO_INCREMENT;
--
-- AUTO_INCREMENT for table `sys_program_schedule`
--
ALTER TABLE `sys_program_schedule`
  MODIFY `sys_program_schedule_id` int(12) NOT NULL AUTO_INCREMENT;
--
-- AUTO_INCREMENT for table `sys_program_status`
--
ALTER TABLE `sys_program_status`
  MODIFY `sys_program_status_id` int(12) NOT NULL AUTO_INCREMENT;
--
-- AUTO_INCREMENT for table `sys_rfid_interface`
--
ALTER TABLE `sys_rfid_interface`
  MODIFY `sys_rfid_interface_id` int(12) UNSIGNED NOT NULL AUTO_INCREMENT;
--
-- AUTO_INCREMENT for table `sys_role_permission`
--
ALTER TABLE `sys_role_permission`
  MODIFY `sys_role_permission_id` int(12) UNSIGNED NOT NULL AUTO_INCREMENT;
--
-- AUTO_INCREMENT for table `sys_secondary_field`
--
ALTER TABLE `sys_secondary_field`
  MODIFY `sys_secondary_field_id` int(12) NOT NULL AUTO_INCREMENT;
--
-- AUTO_INCREMENT for table `sys_secondary_field_inst`
--
ALTER TABLE `sys_secondary_field_inst`
  MODIFY `sys_secondary_field_inst_id` int(12) NOT NULL AUTO_INCREMENT;
--
-- AUTO_INCREMENT for table `sys_spd_header`
--
ALTER TABLE `sys_spd_header`
  MODIFY `sys_spd_header_id` int(12) NOT NULL AUTO_INCREMENT;
--
-- AUTO_INCREMENT for table `sys_spd_process_flow_action`
--
ALTER TABLE `sys_spd_process_flow_action`
  MODIFY `sys_spd_process_flow_action_id` int(12) NOT NULL AUTO_INCREMENT;
--
-- AUTO_INCREMENT for table `sys_value_group_header`
--
ALTER TABLE `sys_value_group_header`
  MODIFY `sys_value_group_header_id` int(12) UNSIGNED NOT NULL AUTO_INCREMENT, AUTO_INCREMENT=16;
--
-- AUTO_INCREMENT for table `sys_value_group_line`
--
ALTER TABLE `sys_value_group_line`
  MODIFY `sys_value_group_line_id` int(12) UNSIGNED NOT NULL AUTO_INCREMENT, AUTO_INCREMENT=1950;
--
-- AUTO_INCREMENT for table `transaction_type`
--
ALTER TABLE `transaction_type`
  MODIFY `transaction_type_id` int(12) NOT NULL AUTO_INCREMENT, AUTO_INCREMENT=34;
--
-- AUTO_INCREMENT for table `uom`
--
ALTER TABLE `uom`
  MODIFY `uom_id` int(12) UNSIGNED NOT NULL AUTO_INCREMENT, AUTO_INCREMENT=47;
--
-- AUTO_INCREMENT for table `user_dashboard_config`
--
ALTER TABLE `user_dashboard_config`
  MODIFY `user_dashboard_config_id` int(12) NOT NULL AUTO_INCREMENT;
--
-- AUTO_INCREMENT for table `user_favourite`
--
ALTER TABLE `user_favourite`
  MODIFY `user_favourite_id` int(12) NOT NULL AUTO_INCREMENT, AUTO_INCREMENT=8;
--
-- AUTO_INCREMENT for table `user_group`
--
ALTER TABLE `user_group`
  MODIFY `user_group_id` int(12) UNSIGNED NOT NULL AUTO_INCREMENT;
--
-- AUTO_INCREMENT for table `user_group_access`
--
ALTER TABLE `user_group_access`
  MODIFY `user_group_access_id` int(12) NOT NULL AUTO_INCREMENT;
--
-- AUTO_INCREMENT for table `user_password_reset`
--
ALTER TABLE `user_password_reset`
  MODIFY `user_password_reset_id` int(12) UNSIGNED NOT NULL AUTO_INCREMENT, AUTO_INCREMENT=26;
--
-- AUTO_INCREMENT for table `user_role`
--
ALTER TABLE `user_role`
  MODIFY `user_role_id` int(12) UNSIGNED NOT NULL AUTO_INCREMENT, AUTO_INCREMENT=63;
--
-- AUTO_INCREMENT for table `user_supplier`
--
ALTER TABLE `user_supplier`
  MODIFY `user_supplier_id` int(12) UNSIGNED NOT NULL AUTO_INCREMENT, AUTO_INCREMENT=2;
--
-- AUTO_INCREMENT for table `view_path`
--
ALTER TABLE `view_path`
  MODIFY `view_path_id` int(12) NOT NULL AUTO_INCREMENT, AUTO_INCREMENT=9;
--
-- AUTO_INCREMENT for table `wip_accounting_group`
--
ALTER TABLE `wip_accounting_group`
  MODIFY `wip_accounting_group_id` int(12) NOT NULL AUTO_INCREMENT;
--
-- AUTO_INCREMENT for table `wip_control`
--
ALTER TABLE `wip_control`
  MODIFY `wip_control_id` int(12) UNSIGNED NOT NULL AUTO_INCREMENT;
--
-- AUTO_INCREMENT for table `wip_move_transaction`
--
ALTER TABLE `wip_move_transaction`
  MODIFY `wip_move_transaction_id` int(12) UNSIGNED NOT NULL AUTO_INCREMENT;
--
-- AUTO_INCREMENT for table `wip_resource_transaction`
--
ALTER TABLE `wip_resource_transaction`
  MODIFY `wip_resource_transaction_id` int(12) NOT NULL AUTO_INCREMENT;
--
-- AUTO_INCREMENT for table `wip_wol_transaction`
--
ALTER TABLE `wip_wol_transaction`
  MODIFY `wip_wol_transaction_id` int(12) NOT NULL AUTO_INCREMENT;
--
-- AUTO_INCREMENT for table `wip_wo_bom`
--
ALTER TABLE `wip_wo_bom`
  MODIFY `wip_wo_bom_id` int(12) UNSIGNED NOT NULL AUTO_INCREMENT;
--
-- AUTO_INCREMENT for table `wip_wo_header`
--
ALTER TABLE `wip_wo_header`
  MODIFY `wip_wo_header_id` int(12) NOT NULL AUTO_INCREMENT;
--
-- AUTO_INCREMENT for table `wip_wo_routing_detail`
--
ALTER TABLE `wip_wo_routing_detail`
  MODIFY `wip_wo_routing_detail_id` int(12) NOT NULL AUTO_INCREMENT;
--
-- AUTO_INCREMENT for table `wip_wo_routing_line`
--
ALTER TABLE `wip_wo_routing_line`
  MODIFY `wip_wo_routing_line_id` int(12) NOT NULL AUTO_INCREMENT;
--
-- AUTO_INCREMENT for table `xxgl_calendar`
--
ALTER TABLE `xxgl_calendar`
  MODIFY `gl_calendar_id` int(12) NOT NULL AUTO_INCREMENT;
--
-- AUTO_INCREMENT for table `xx_locator`
--
ALTER TABLE `xx_locator`
  MODIFY `locator_id` int(12) NOT NULL AUTO_INCREMENT;
--
-- Constraints for dumped tables
--

--
-- Constraints for table `coa_combination`
--
ALTER TABLE `coa_combination`
  ADD CONSTRAINT `coa_combination_ibfk_1` FOREIGN KEY (`coa_id`) REFERENCES `coa` (`coa_id`);

--
-- Constraints for table `option_line`
--
ALTER TABLE `option_line`
  ADD CONSTRAINT `option_line_ibfk_1` FOREIGN KEY (`option_header_id`) REFERENCES `option_header` (`option_header_id`);

/*!40101 SET CHARACTER_SET_CLIENT=@OLD_CHARACTER_SET_CLIENT */;
/*!40101 SET CHARACTER_SET_RESULTS=@OLD_CHARACTER_SET_RESULTS */;
/*!40101 SET COLLATION_CONNECTION=@OLD_COLLATION_CONNECTION */;
